product_id,units,sales,gross_margin,refunds,net_margin,legacy_product_code,sku,product_name,brand,department,category,supplier_id,launch_date,discontinue_date,standard_cost,list_price,product_status,margin_rate,return_adjusted_margin_per_unit
PRD-00001,114,5516.06,2450.3900000000003,278.08000000000004,2172.3100000000004,LEG-100000,AUR-000001,Aurelia Select Fragrance Product 1,Aurelia Select,Beauty & Personal Care,Fragrance,SUP-043,2020-06-04,,26.82,50.56,Active,0.393815513246774,19.055350877192986
PRD-00002,119,101967.97,52176.47000000001,2884.2200000000003,49292.25000000001,LEG-100001,AUR-000002,Luma Kitchen Product 2,Mira,Home & Living,Kitchen,SUP-055,2020-07-17,,419.77,887.45,Active,0.48340915289379605,414.2205882352942
PRD-00003,92,1505.44,389.10999999999996,56.169999999999995,332.94,LEG-100002,AUR-000003,Nova Fitness Product 3,Nova,Sport & Lifestyle,Fitness,SUP-020,2026-04-08,,12.28,17.02,Active,0.22115793389308108,3.618913043478261
PRD-00004,136,5660.31,839.1900000000004,290.25,548.9400000000004,LEG-100003,AUR-000004,Solara Fitness Product 4,Luma,Sport & Lifestyle,Fitness,SUP-056,2022-03-06,,35.57,43.81,Active,0.09698055406859347,4.036323529411767
PRD-00005,118,9028.91,1839.8500000000004,198.35000000000002,1641.5000000000002,LEG-100004,AUR-000005,Orion Furniture Product 5,Solara,Home & Living,Furniture,SUP-006,2021-12-26,2023-09-21,60.94,79.34,Discontinued,0.18180489117734036,13.911016949152545
PRD-00006,110,5805.8099999999995,1519.9399999999998,146.5,1373.4399999999998,LEG-100005,AUR-000006,Vela Smart Product 6,Nova,Electronics & Accessories,Smart Devices,SUP-046,2021-08-08,,38.85,54.26,Active,0.23656302910360483,12.48581818181818
PRD-00007,115,8387.7,1478.7200000000003,325.86,1152.8600000000001,LEG-100006,AUR-000007,Luma Travel Product 7,Vela,Sport & Lifestyle,Travel,SUP-021,2024-05-01,,59.81,76.67,Active,0.13744649904026135,10.024869565217392
PRD-00008,104,2923.9300000000003,449.93000000000006,264.47,185.46000000000004,LEG-100007,AUR-000008,Aurelia Select Bedding Product 8,Luma,Home & Living,Bedding,SUP-043,2020-12-05,,23.82,29.55,Active,0.0634283310475969,1.783269230769231
PRD-00009,113,6508.41,3040.3999999999996,88.47,2951.93,LEG-100008,AUR-000009,Orion Haircare Product 9,Luma,Beauty & Personal Care,Haircare,SUP-014,2023-08-24,,30.72,58.98,Active,0.4535562449200342,26.123274336283185
PRD-00010,108,15101.87,3779.0900000000006,191.26,3587.830000000001,LEG-100009,AUR-000010,Mira Skincare Product 10,Vela,Beauty & Personal Care,Skincare,SUP-026,2024-02-01,,104.8,147.12,Active,0.23757521419532818,33.22064814814816
PRD-00011,125,5539.45,1225.5599999999997,0.0,1225.5599999999997,LEG-100010,AUR-000011,Orion Fragrance Product 11,Vela,Beauty & Personal Care,Fragrance,SUP-029,2023-05-21,2024-07-19,34.52,45.48,Discontinued,0.22124218108295945,9.804479999999998
PRD-00012,89,3825.36,1834.99,241.35999999999999,1593.6299999999999,LEG-100011,AUR-000012,Pulse Men's Product 12,Solara,Fashion & Accessories,Men's Clothing,SUP-036,2022-11-10,,22.32,45.54,Active,0.4165960850743459,17.905955056179774
PRD-00013,142,17144.74,8518.77,1350.74,7168.030000000001,LEG-100012,AUR-000013,Solara Footwear Product 13,Pulse,Fashion & Accessories,Footwear,SUP-069,2020-10-05,,61.07,124.78,Active,0.41808916320690775,50.47908450704226
PRD-00014,137,14665.09,6004.260000000001,320.97,5683.290000000001,LEG-100013,AUR-000014,Nova Audio Product 14,Orion,Electronics & Accessories,Audio,SUP-023,2023-05-30,,63.66,110.68,Active,0.38753870586542605,41.48386861313869
PRD-00015,92,12140.269999999999,5409.879999999999,535.5,4874.379999999999,LEG-100014,AUR-000015,Aurelia Select Sports Product 15,Nova,Sport & Lifestyle,Sports Accessories,SUP-056,2022-06-30,,73.71,135.57,Active,0.40150507361038923,52.982391304347814
PRD-00016,131,3378.4900000000002,652.3800000000001,215.05,437.33000000000004,LEG-100015,AUR-000016,Pulse Chargers Product 16,Nova,Electronics & Accessories,Chargers,SUP-050,2021-09-21,,20.95,27.05,Active,0.12944540312388078,3.338396946564886
PRD-00017,111,6932.07,1586.5100000000002,431.27,1155.2400000000002,LEG-100016,AUR-000017,Orion Outdoor Product 17,Aurelia Select,Sport & Lifestyle,Outdoor,SUP-056,2022-05-31,,48.15,63.89,Active,0.166651519675941,10.40756756756757
PRD-00018,105,20468.88,5011.17,1470.21,3540.9599999999996,LEG-100017,AUR-000018,Solara Men's Product 18,Pulse,Fashion & Accessories,Men's Clothing,SUP-009,2023-12-09,,146.02,207.07,Active,0.17299236694924194,33.72342857142857
PRD-00019,93,5853.8,1986.2700000000007,466.6,1519.6700000000005,LEG-100018,AUR-000019,Nova Chargers Product 19,Orion,Electronics & Accessories,Chargers,SUP-065,2022-11-06,2023-08-30,41.42,65.26,Discontinued,0.2596040179029008,16.34053763440861
PRD-00020,120,21995.95,4426.02,1000.25,3425.7700000000004,LEG-100019,AUR-000020,Solara Computer Product 20,Pulse,Electronics & Accessories,Computer Accessories,SUP-038,2020-02-13,,146.24,189.62,Active,0.15574548951056902,28.548083333333338
PRD-00021,128,11666.88,4930.159999999999,932.4,3997.7599999999993,LEG-100020,AUR-000021,Vela Outdoor Product 21,Pulse,Sport & Lifestyle,Outdoor,SUP-049,2024-06-14,,52.77,93.71,Active,0.3426588770948188,31.232499999999995
PRD-00022,117,6306.53,2858.7,234.51,2624.19,LEG-100021,AUR-000022,Pulse Kitchen Product 22,Aurelia Select,Home & Living,Kitchen,SUP-039,2020-03-01,,29.53,56.51,Active,0.4161067972403208,22.428974358974358
PRD-00023,90,6268.33,1274.8199999999997,288.2,986.6199999999998,LEG-100022,AUR-000023,Pulse Smart Product 23,Solara,Electronics & Accessories,Smart Devices,SUP-060,2024-09-12,,55.78,72.05,Active,0.15739758436457554,10.962444444444442
PRD-00024,114,5945.679999999999,1523.31,27.45,1495.86,LEG-100023,AUR-000024,Vela Cosmetics Product 24,Mira,Beauty & Personal Care,Cosmetics,SUP-022,2020-11-13,,38.9,54.9,Active,0.2515877073774573,13.12157894736842
PRD-00025,112,21226.87,5587.409999999999,2237.72,3349.689999999999,LEG-100024,AUR-000025,Solara Footwear Product 25,Nova,Fashion & Accessories,Footwear,SUP-031,2023-03-18,,139.24,195.01,Active,0.1578042358576653,29.90794642857142
PRD-00026,119,8745.62,3162.6900000000005,429.12,2733.5700000000006,LEG-100025,AUR-000026,Vela Smart Product 26,Luma,Electronics & Accessories,Smart Devices,SUP-004,2020-12-21,2022-11-20,46.68,75.95,Discontinued,0.3125644608386827,22.97117647058824
PRD-00027,111,9369.12,2912.8900000000003,721.71,2191.1800000000003,LEG-100026,AUR-000027,Mira Men's Product 27,Nova,Fashion & Accessories,Men's Clothing,SUP-059,2020-01-16,,58.17,87.48,Active,0.2338725515309869,19.740360360360363
PRD-00028,105,5763.51,2610.28,57.52,2552.76,LEG-100027,AUR-000028,Pulse Haircare Product 28,Mira,Beauty & Personal Care,Haircare,SUP-052,2026-05-07,,30.05,57.52,Active,0.44291759708927375,24.312
PRD-00029,146,6290.030000000001,1027.9600000000003,155.37,872.5900000000003,LEG-100028,AUR-000029,Aurelia Select Home Product 29,Nova,Home & Living,Home Décor,SUP-055,2024-05-11,,36.11,44.39,Active,0.13872588842978495,5.97664383561644
PRD-00030,136,6106.01,1433.8900000000003,442.36,991.5300000000003,LEG-100029,AUR-000030,Mira Home Product 30,Aurelia Select,Home & Living,Home Décor,SUP-032,2020-09-18,,34.54,47.06,Active,0.16238591158547075,7.2906617647058845
PRD-00031,108,5373.6900000000005,2588.2500000000005,561.82,2026.4300000000003,LEG-100030,AUR-000031,Luma Bags Product 31,Mira,Fashion & Accessories,Bags,SUP-068,2024-12-13,,25.95,52.02,Active,0.3771021402425522,18.763240740740745
PRD-00032,101,4970.68,1981.0100000000002,127.65,1853.3600000000001,LEG-100031,AUR-000032,Mira Sports Product 32,Pulse,Sport & Lifestyle,Sports Accessories,SUP-058,2023-12-18,,29.55,51.06,Active,0.37285844190332107,18.35009900990099
PRD-00033,126,3239.42,785.7600000000002,154.39000000000001,631.3700000000002,LEG-100032,AUR-000033,Mira Bedding Product 33,Orion,Home & Living,Bedding,SUP-032,2021-10-06,,19.55,26.85,Active,0.19490217384593544,5.010873015873018
PRD-00034,102,24441.829999999998,4282.069999999999,1011.5699999999999,3270.4999999999986,LEG-100033,AUR-000034,Vela Computer Product 34,Orion,Electronics & Accessories,Computer Accessories,SUP-057,2021-07-21,2023-02-10,197.52,252.89,Discontinued,0.13380749313778872,32.06372549019606
PRD-00035,136,17414.13,8066.490000000001,2340.07,5726.420000000001,LEG-100034,AUR-000035,Vela Footwear Product 35,Orion,Fashion & Accessories,Footwear,SUP-043,2023-11-27,,69.34,134.68,Active,0.32883755892485017,42.106029411764716
PRD-00036,136,12684.52,6400.420000000001,666.85,5733.570000000001,LEG-100035,AUR-000036,Luma Audio Product 36,Luma,Electronics & Accessories,Audio,SUP-030,2023-12-07,,45.98,95.95,Active,0.4520131625004336,42.158602941176476
PRD-00037,102,6316.04,1220.97,332.59000000000003,888.3800000000001,LEG-100036,AUR-000037,Vela Haircare Product 37,Nova,Beauty & Personal Care,Haircare,SUP-054,2021-02-01,2023-03-04,49.72,63.96,Discontinued,0.1406545873680344,8.709607843137256
PRD-00038,124,9588.26,1598.0999999999995,200.67,1397.4299999999996,LEG-100037,AUR-000038,Mira Fragrance Product 38,Pulse,Beauty & Personal Care,Fragrance,SUP-008,2020-05-12,,64.23,80.27,Active,0.14574385759251413,11.269596774193545
PRD-00039,139,22191.06,6726.5,707.35,6019.15,LEG-100038,AUR-000039,Pulse Bedding Product 39,Aurelia Select,Home & Living,Bedding,SUP-049,2025-06-10,,110.93,164.5,Active,0.27124211281480015,43.30323741007194
PRD-00040,126,12907.169999999998,6083.039999999999,464.83,5618.209999999999,LEG-100039,AUR-000040,Solara Skincare Product 40,Orion,Beauty & Personal Care,Skincare,SUP-050,2022-02-02,2023-09-09,54.6,108.1,Discontinued,0.435278221329695,44.58896825396825
PRD-00041,123,63607.84,15438.189999999997,2958.51,12479.679999999997,LEG-100040,AUR-000041,Mira Haircare Product 41,Vela,Beauty & Personal Care,Haircare,SUP-035,2021-03-11,,391.45,537.91,Active,0.1961971983327841,101.46081300813006
PRD-00042,139,11914.039999999999,1989.7099999999994,223.01999999999998,1766.6899999999994,LEG-100041,AUR-000042,Aurelia Select Cosmetics Product 42,Pulse,Beauty & Personal Care,Cosmetics,SUP-044,2020-01-17,,71.53,89.21,Active,0.14828639151790657,12.709999999999996
PRD-00043,108,5084.09,2379.5899999999997,193.46999999999997,2186.1199999999994,LEG-100042,AUR-000043,Mira Haircare Product 43,Luma,Beauty & Personal Care,Haircare,SUP-069,2022-06-15,2023-11-08,25.06,48.98,Discontinued,0.42999238801830797,20.241851851851848
PRD-00044,101,3048.0099999999998,1431.7099999999998,108.57,1323.1399999999999,LEG-100043,AUR-000044,Aurelia Select Bags Product 44,Nova,Fashion & Accessories,Bags,SUP-055,2026-01-28,,16.1,31.7,Active,0.4340996256573961,13.10039603960396
PRD-00045,117,5429.05,2508.05,306.94,2201.11,LEG-100044,AUR-000045,Luma Bedding Product 45,Aurelia Select,Home & Living,Bedding,SUP-034,2023-10-22,,25.1,47.96,Active,0.40543188955710485,18.812905982905985
PRD-00046,112,6165.07,1118.13,0.0,1118.13,LEG-100045,AUR-000046,Vela Fragrance Product 46,Mira,Beauty & Personal Care,Fragrance,SUP-042,2025-02-13,,44.5,57.78,Active,0.1813653372954403,9.983303571428573
PRD-00047,112,13027.589999999998,6208.679999999999,821.77,5386.909999999999,LEG-100046,AUR-000047,Orion Computer Product 47,Pulse,Electronics & Accessories,Computer Accessories,SUP-033,2025-06-23,,60.75,120.85,Active,0.4135001178268582,48.09741071428571
PRD-00048,108,8825.22,2156.7200000000003,969.87,1186.8500000000001,LEG-100047,AUR-000048,Aurelia Select Bags Product 48,Aurelia Select,Fashion & Accessories,Bags,SUP-045,2023-01-15,,61.78,85.64,Active,0.13448389955151263,10.989351851851852
PRD-00049,119,2779.27,890.5600000000001,167.86,722.7,LEG-100048,AUR-000049,Aurelia Select Furniture Product 49,Aurelia Select,Home & Living,Furniture,SUP-032,2023-12-21,,15.96,23.98,Active,0.26003231064272275,6.07310924369748
PRD-00050,119,16469.91,4544.92,429.09000000000003,4115.83,LEG-100049,AUR-000050,Luma Furniture Product 50,Vela,Home & Living,Furniture,SUP-017,2021-07-12,,99.95,143.03,Active,0.24989996909515594,34.586806722689076
PRD-00051,145,5203.93,1420.06,128.76,1291.3,LEG-100050,AUR-000051,Vela Skincare Product 51,Mira,Beauty & Personal Care,Skincare,SUP-033,2025-03-17,,26.13,36.79,Active,0.24813938696331425,8.905517241379311
PRD-00052,115,29185.09,7905.660000000001,2181.31,5724.35,LEG-100051,AUR-000052,Nova Smart Product 52,Luma,Electronics & Accessories,Smart Devices,SUP-040,2026-03-27,,183.57,262.81,Active,0.19613953563274947,49.77695652173913
PRD-00053,127,38356.079999999994,14936.539999999997,5574.2699999999995,9362.269999999997,LEG-100052,AUR-000053,Orion Women's Product 53,Pulse,Fashion & Accessories,Women's Clothing,SUP-051,2021-04-30,,185.07,319.9,Active,0.24408829056566778,73.7186614173228
PRD-00054,112,8659.410000000002,2216.5500000000006,80.18,2136.370000000001,LEG-100053,AUR-000054,Vela Furniture Product 54,Nova,Home & Living,Furniture,SUP-039,2025-04-14,,57.2,80.18,Active,0.24671080362287967,19.07473214285715
PRD-00055,119,4878.03,1997.2799999999997,295.43,1701.85,LEG-100054,AUR-000055,Aurelia Select Fitness Product 55,Solara,Sport & Lifestyle,Fitness,SUP-069,2023-04-22,,23.93,42.51,Active,0.3488805931902838,14.30126050420168
PRD-00056,103,15619.28,2866.0500000000006,789.6500000000001,2076.4000000000005,LEG-100055,AUR-000056,Nova Fragrance Product 56,Solara,Beauty & Personal Care,Fragrance,SUP-002,2025-08-27,,123.95,157.93,Active,0.1329382660404321,20.15922330097088
PRD-00057,88,16397.239999999998,8339.23,96.11,8243.119999999999,LEG-100056,AUR-000057,Nova Cosmetics Product 57,Pulse,Beauty & Personal Care,Cosmetics,SUP-047,2024-10-02,,91.06,192.23,Active,0.5027138713588385,93.67181818181817
PRD-00058,124,7560.79,2792.76,31.64,2761.1200000000003,LEG-100057,AUR-000058,Pulse Haircare Product 58,Luma,Beauty & Personal Care,Haircare,SUP-067,2020-11-25,,37.99,63.27,Active,0.36518935190634844,22.26709677419355
PRD-00059,130,9020.05,4661.46,320.49,4340.969999999999,LEG-100058,AUR-000059,Mira Computer Product 59,Pulse,Electronics & Accessories,Computer Accessories,SUP-035,2020-08-04,,33.47,71.22,Active,0.48125786442425483,33.39207692307692
PRD-00060,120,6742.16,2680.33,345.89,2334.4399999999996,LEG-100059,AUR-000060,Nova Smart Product 60,Orion,Electronics & Accessories,Smart Devices,SUP-058,2021-08-31,,34.13,57.65,Active,0.34624512025819615,19.453666666666663
PRD-00061,119,23439.11,8884.47,201.54,8682.929999999998,LEG-100060,AUR-000061,Pulse Bedding Product 61,Solara,Home & Living,Bedding,SUP-004,2023-02-16,,122.57,201.54,Active,0.3704462328134472,72.96579831932772
PRD-00062,133,14156.75,6509.39,54.77,6454.62,LEG-100061,AUR-000062,Luma Fragrance Product 62,Mira,Beauty & Personal Care,Fragrance,SUP-028,2023-01-23,,57.42,109.53,Active,0.45593939286912605,48.530977443609025
PRD-00063,90,2363.62,1203.65,40.629999999999995,1163.02,LEG-100062,AUR-000063,Solara Chargers Product 63,Orion,Electronics & Accessories,Chargers,SUP-036,2025-07-21,2026-04-25,12.88,27.09,Discontinued,0.4920503295792048,12.922444444444444
PRD-00064,115,29029.35,11423.649999999998,1463.4499999999998,9960.199999999999,LEG-100063,AUR-000064,Vela Fitness Product 64,Nova,Sport & Lifestyle,Fitness,SUP-031,2024-10-15,,153.42,266.08,Active,0.3431079235325627,86.61043478260869
PRD-00065,111,14741.660000000002,4022.5800000000013,256.32,3766.260000000001,LEG-100064,AUR-000065,Vela Cosmetics Product 65,Mira,Beauty & Personal Care,Cosmetics,SUP-063,2022-10-01,,96.51,138.55,Active,0.25548411779948804,33.93027027027028
PRD-00066,106,9190.65,2379.56,89.36,2290.2,LEG-100065,AUR-000066,Nova Skincare Product 66,Orion,Beauty & Personal Care,Skincare,SUP-029,2025-03-23,,64.33,89.36,Active,0.24918803349055832,21.60566037735849
PRD-00067,106,6537.01,1348.3000000000006,150.68,1197.6200000000006,LEG-100066,AUR-000067,Orion Haircare Product 67,Solara,Beauty & Personal Care,Haircare,SUP-061,2022-05-24,,49.07,64.12,Active,0.18320608351524634,11.298301886792459
PRD-00068,126,4679.21,1409.7899999999995,249.39,1160.3999999999996,LEG-100067,AUR-000068,Pulse Sports Product 68,Solara,Sport & Lifestyle,Sports Accessories,SUP-046,2020-11-03,,26.02,38.37,Active,0.24799057960638646,9.209523809523807
PRD-00069,103,5793.43,2613.89,86.68,2527.21,LEG-100068,AUR-000069,Orion Fragrance Product 69,Orion,Beauty & Personal Care,Fragrance,SUP-030,2024-10-17,,30.7,57.79,Active,0.4362199940277176,24.53601941747573
PRD-00070,121,14074.85,7412.42,768.14,6644.28,LEG-100069,AUR-000070,Solara Men's Product 70,Nova,Fashion & Accessories,Men's Clothing,SUP-069,2020-01-12,,55.04,120.97,Active,0.4720675531177952,54.911404958677686
PRD-00071,120,18289.85,8685.18,545.4200000000001,8139.76,LEG-100070,AUR-000071,Vela Home Product 71,Mira,Home & Living,Home Décor,SUP-036,2024-09-18,,80.47,159.25,Active,0.445042468910352,67.83133333333333
PRD-00072,108,2294.68,839.7600000000001,152.75,687.0100000000001,LEG-100071,AUR-000072,Nova Sports Product 72,Vela,Sport & Lifestyle,Sports Accessories,SUP-038,2020-03-18,2022-03-30,13.43,22.3,Discontinued,0.29939250788781013,6.361203703703705
PRD-00073,102,25937.910000000003,11990.860000000002,663.3800000000001,11327.480000000001,LEG-100072,AUR-000073,Luma Kitchen Product 73,Orion,Home & Living,Kitchen,SUP-002,2022-11-01,,136.55,265.35,Active,0.43671521722451806,111.05372549019609
PRD-00074,141,5952.94,1532.42,582.49,949.9300000000001,LEG-100073,AUR-000074,Orion Outdoor Product 74,Aurelia Select,Sport & Lifestyle,Outdoor,SUP-007,2021-12-09,,31.32,44.21,Active,0.15957325288008953,6.737092198581561
PRD-00075,145,11683.17,2110.3,799.3,1311.0000000000002,LEG-100074,AUR-000075,Luma Sports Product 75,Mira,Sport & Lifestyle,Sports Accessories,SUP-014,2022-07-27,,66.25,85.03,Active,0.11221269569817098,9.04137931034483
PRD-00076,119,8846.2,4133.42,974.61,3158.8100000000004,LEG-100075,AUR-000076,Mira Footwear Product 76,Mira,Fashion & Accessories,Footwear,SUP-057,2026-07-20,2028-07-14,39.24,76.89,Discontinued,0.357081006533879,26.5446218487395
PRD-00077,120,6832.65,2689.99,823.71,1866.2799999999997,LEG-100076,AUR-000077,Aurelia Select Smart Product 77,Orion,Electronics & Accessories,Smart Devices,SUP-062,2026-07-25,2028-08-01,34.34,59.26,Discontinued,0.27314146048751214,15.552333333333332
PRD-00078,105,10918.0,2542.3100000000004,1174.6200000000001,1367.6900000000005,LEG-100077,AUR-000078,Pulse Women's Product 78,Mira,Fashion & Accessories,Women's Clothing,SUP-010,2025-11-22,,79.13,108.26,Active,0.12526928008792823,13.025619047619053
PRD-00079,127,10150.09,2206.67,635.6800000000001,1570.9900000000002,LEG-100078,AUR-000079,Luma Fitness Product 79,Luma,Sport & Lifestyle,Fitness,SUP-039,2020-02-04,,62.66,83.92,Active,0.15477596750373643,12.370000000000001
PRD-00080,122,6494.08,926.1599999999995,430.78,495.3799999999996,LEG-100079,AUR-000080,Nova Men's Product 80,Pulse,Fashion & Accessories,Men's Clothing,SUP-029,2025-12-25,2028-04-25,45.33,55.41,Discontinued,0.07628178279294366,4.060491803278685
PRD-00081,139,4036.24,956.43,389.15999999999997,567.27,LEG-100080,AUR-000081,Mira Travel Product 81,Mira,Sport & Lifestyle,Travel,SUP-039,2023-12-25,,22.03,30.11,Active,0.14054416982141796,4.081079136690647
PRD-00082,144,8895.55,3992.3399999999997,301.59,3690.75,LEG-100081,AUR-000082,Orion Travel Product 82,Aurelia Select,Sport & Lifestyle,Travel,SUP-013,2026-05-12,,33.96,64.86,Active,0.41489846046618817,25.630208333333332
PRD-00083,139,31016.92,14763.29,2455.65,12307.64,LEG-100082,AUR-000083,Orion Home Product 83,Nova,Home & Living,Home Décor,SUP-021,2026-02-04,2027-08-12,117.03,229.5,Discontinued,0.3968040669415274,88.5441726618705
PRD-00084,126,29093.94,11277.339999999998,1499.6799999999998,9777.659999999998,LEG-100083,AUR-000084,Nova Home Product 84,Luma,Home & Living,Home Décor,SUP-001,2021-04-29,,140.82,239.95,Active,0.3360720479934996,77.60047619047617
PRD-00085,101,6409.0,2790.2900000000004,131.4,2658.8900000000003,LEG-100084,AUR-000085,Mira Cosmetics Product 85,Orion,Beauty & Personal Care,Cosmetics,SUP-005,2020-05-07,,36.01,65.7,Active,0.41486815415821504,26.32564356435644
PRD-00086,132,27155.07,14544.03,942.9,13601.130000000001,LEG-100085,AUR-000086,Orion Kitchen Product 86,Mira,Home & Living,Kitchen,SUP-010,2021-04-08,,95.82,209.53,Active,0.500868898515084,103.03886363636364
PRD-00087,113,13143.74,5051.21,182.13,4869.08,LEG-100086,AUR-000087,Vela Kitchen Product 87,Pulse,Home & Living,Kitchen,SUP-015,2020-01-11,,71.88,121.42,Active,0.37044859377924394,43.08920353982301
PRD-00088,109,2071.1800000000003,426.4200000000001,172.44,253.98000000000008,LEG-100087,AUR-000088,Luma Outdoor Product 88,Orion,Sport & Lifestyle,Outdoor,SUP-019,2020-04-11,2022-07-01,15.16,20.05,Discontinued,0.12262574957270736,2.330091743119267
PRD-00089,118,4557.5,1508.8600000000004,511.14,997.7200000000003,LEG-100088,AUR-000089,Luma Women's Product 89,Orion,Fashion & Accessories,Women's Clothing,SUP-037,2021-03-16,,25.82,39.7,Active,0.2189182665935272,8.455254237288138
PRD-00090,119,9172.21,3509.7599999999993,117.94,3391.8199999999997,LEG-100089,AUR-000090,Mira Skincare Product 90,Orion,Beauty & Personal Care,Skincare,SUP-052,2022-12-07,,47.82,78.63,Active,0.3697931032978966,28.50268907563025
PRD-00091,97,6696.2699999999995,2536.4799999999996,350.76,2185.72,LEG-100090,AUR-000091,Mira Computer Product 91,Nova,Electronics & Accessories,Computer Accessories,SUP-006,2020-12-14,,42.95,70.86,Active,0.32640858268857137,22.53319587628866
PRD-00092,156,13826.769999999999,7038.719999999999,360.0,6678.719999999999,LEG-100091,AUR-000092,Orion Fragrance Product 92,Aurelia Select,Beauty & Personal Care,Fragrance,SUP-012,2021-01-14,,43.29,91.72,Active,0.48302821266282725,42.81230769230769
PRD-00093,104,10694.029999999999,3427.6399999999994,540.64,2886.9999999999995,LEG-100092,AUR-000093,Orion Furniture Product 93,Aurelia Select,Home & Living,Furniture,SUP-023,2020-12-22,2023-08-27,69.7,108.13,Discontinued,0.2699637087234653,27.75961538461538
PRD-00094,105,8674.85,2263.16,259.08,2004.08,LEG-100093,AUR-000094,Orion Cosmetics Product 94,Luma,Beauty & Personal Care,Cosmetics,SUP-056,2020-11-17,,61.08,86.36,Active,0.23102186204948788,19.08647619047619
PRD-00095,130,14583.64,5582.749999999999,0.0,5582.749999999999,LEG-100094,AUR-000095,Mira Skincare Product 95,Solara,Beauty & Personal Care,Skincare,SUP-053,2026-05-20,,68.93,117.8,Active,0.3828090929287887,42.944230769230764
PRD-00096,106,3048.97,1139.47,110.97,1028.5,LEG-100095,AUR-000096,Nova Chargers Product 96,Luma,Electronics & Accessories,Chargers,SUP-043,2022-09-15,,17.94,29.79,Active,0.33732703175170636,9.702830188679245
PRD-00097,121,6992.99,2148.88,59.54,2089.3399999999997,LEG-100096,AUR-000097,Orion Cosmetics Product 97,Pulse,Beauty & Personal Care,Cosmetics,SUP-005,2023-02-19,,39.6,59.54,Active,0.2987763460265208,17.267272727272726
PRD-00098,135,5837.75,2085.7000000000003,134.5,1951.2000000000005,LEG-100097,AUR-000098,Solara Skincare Product 98,Orion,Beauty & Personal Care,Skincare,SUP-042,2023-02-11,,27.84,45.59,Active,0.33423836238276744,14.453333333333337
PRD-00099,123,9155.84,3660.37,1065.2,2595.17,LEG-100098,AUR-000099,Aurelia Select Bags Product 99,Mira,Fashion & Accessories,Bags,SUP-053,2024-01-19,,44.74,77.33,Active,0.28344422794631624,21.098943089430893
PRD-00100,122,20300.079999999998,6228.469999999999,1362.34,4866.129999999999,LEG-100099,AUR-000100,Solara Men's Product 100,Mira,Fashion & Accessories,Men's Clothing,SUP-057,2022-01-28,,114.97,174.1,Active,0.23970989276889548,39.886311475409826
PRD-00101,117,60448.33,21410.01,9874.56,11535.449999999999,LEG-100100,AUR-000101,Orion Men's Product 101,Luma,Fashion & Accessories,Men's Clothing,SUP-037,2025-04-23,,336.42,533.76,Active,0.19083157466881218,98.59358974358973
PRD-00102,117,14743.96,5176.119999999998,51.76,5124.359999999999,LEG-100101,AUR-000102,Nova Cosmetics Product 102,Aurelia Select,Beauty & Personal Care,Cosmetics,SUP-031,2024-11-03,,81.99,129.39,Active,0.34755655875355057,43.79794871794871
PRD-00103,121,5269.31,1442.78,375.42,1067.36,LEG-100102,AUR-000103,Aurelia Select Kitchen Product 103,Pulse,Home & Living,Kitchen,SUP-012,2023-05-31,,31.64,44.96,Active,0.20256162571570088,8.821157024793388
PRD-00104,107,10819.55,1848.35,744.9,1103.4499999999998,LEG-100103,AUR-000104,Mira Furniture Product 104,Nova,Home & Living,Furniture,SUP-020,2025-07-02,,83.83,105.66,Active,0.10198668151632923,10.312616822429904
PRD-00105,146,13996.17,3627.5800000000004,98.53,3529.0500000000006,LEG-100104,AUR-000105,Orion Fragrance Product 105,Pulse,Beauty & Personal Care,Fragrance,SUP-062,2023-09-18,,70.57,98.53,Active,0.2521439793886471,24.171575342465758
PRD-00106,118,21782.99,9339.930000000002,385.54,8954.390000000001,LEG-100105,AUR-000106,Mira Haircare Product 106,Luma,Beauty & Personal Care,Haircare,SUP-050,2022-03-12,2023-09-01,105.1,192.77,Discontinued,0.4110725846176306,75.88466101694917
PRD-00107,99,2676.52,774.9700000000001,129.26,645.7100000000002,LEG-100106,AUR-000107,Nova Home Product 107,Orion,Home & Living,Home Décor,SUP-054,2025-06-08,,19.17,28.1,Active,0.24124983187123583,6.522323232323234
PRD-00108,137,5620.31,1070.3500000000001,283.87,786.4800000000001,LEG-100107,AUR-000108,Aurelia Select Chargers Product 108,Orion,Electronics & Accessories,Chargers,SUP-039,2023-05-04,,33.0,42.53,Active,0.1399353416448559,5.7407299270073
PRD-00109,134,71605.61,31973.949999999997,1181.8400000000001,30792.109999999997,LEG-100108,AUR-000109,Luma Travel Product 109,Mira,Sport & Lifestyle,Travel,SUP-069,2022-05-25,,297.17,556.16,Active,0.43002370903620535,229.79186567164177
PRD-00110,114,14608.07,6031.829999999999,0.0,6031.829999999999,LEG-100109,AUR-000110,Solara Fragrance Product 110,Pulse,Beauty & Personal Care,Fragrance,SUP-059,2024-12-12,,75.61,135.26,Active,0.41291080888851156,52.910789473684204
PRD-00111,118,7922.26,1862.81,290.73,1572.08,LEG-100110,AUR-000111,Vela Smart Product 111,Pulse,Electronics & Accessories,Smart Devices,SUP-030,2022-07-19,,51.4,69.22,Active,0.19843832441752732,13.322711864406779
PRD-00112,98,10875.300000000001,2265.9900000000007,155.12,2110.8700000000003,LEG-100111,AUR-000112,Solara Skincare Product 112,Mira,Beauty & Personal Care,Skincare,SUP-049,2022-09-29,,87.17,114.9,Active,0.19409763408825506,21.53948979591837
PRD-00113,119,6272.37,2973.0699999999997,54.33,2918.74,LEG-100112,AUR-000113,Mira Haircare Product 113,Aurelia Select,Beauty & Personal Care,Haircare,SUP-017,2025-06-30,,27.69,54.33,Active,0.46533288055392136,24.5272268907563
PRD-00114,117,8303.75,2737.71,598.6,2139.11,LEG-100113,AUR-000114,Nova Sports Product 114,Mira,Sport & Lifestyle,Sports Accessories,SUP-013,2025-07-16,2026-11-29,47.75,73.0,Discontinued,0.25760770736113203,18.282991452991453
PRD-00115,107,9367.43,2972.9399999999996,310.88,2662.0599999999995,LEG-100114,AUR-000115,Aurelia Select Travel Product 115,Luma,Sport & Lifestyle,Travel,SUP-053,2023-02-25,,59.86,90.77,Active,0.28418253459059734,24.879065420560742
PRD-00116,130,7227.07,3555.56,501.64,3053.92,LEG-100115,AUR-000116,Mira Furniture Product 116,Orion,Home & Living,Furniture,SUP-044,2023-01-31,2024-12-29,28.25,58.33,Discontinued,0.4225668216856901,23.491692307692308
PRD-00117,114,14740.510000000002,4985.880000000001,1202.21,3783.670000000001,LEG-100116,AUR-000117,Nova Travel Product 117,Solara,Sport & Lifestyle,Travel,SUP-069,2021-07-12,,85.3,133.58,Active,0.256685148614261,33.190087719298255
PRD-00118,132,1654.4099999999999,305.0399999999999,12.95,292.0899999999999,LEG-100117,AUR-000118,Mira Fragrance Product 118,Aurelia Select,Beauty & Personal Care,Fragrance,SUP-009,2021-10-07,,10.22,12.95,Active,0.1765523661003016,2.2128030303030295
PRD-00119,108,11714.119999999999,4705.119999999999,839.9200000000001,3865.1999999999994,LEG-100118,AUR-000119,Vela Kitchen Product 119,Nova,Home & Living,Kitchen,SUP-056,2021-08-07,,64.93,111.99,Active,0.32996076529863105,35.788888888888884
PRD-00120,114,6795.96,1232.6600000000003,758.51,474.1500000000002,LEG-100119,AUR-000120,Mira Women's Product 120,Luma,Fashion & Accessories,Women's Clothing,SUP-039,2024-10-05,,48.84,61.17,Active,0.06976939240372224,4.159210526315792
PRD-00121,99,16302.03,7701.910000000001,1915.87,5786.040000000001,LEG-100120,AUR-000121,Solara Women's Product 121,Aurelia Select,Fashion & Accessories,Women's Clothing,SUP-038,2022-05-29,,86.82,171.06,Active,0.35492757650427587,58.44484848484849
PRD-00122,117,14801.830000000002,7007.060000000001,312.81,6694.250000000002,LEG-100121,AUR-000122,Pulse Chargers Product 122,Luma,Electronics & Accessories,Chargers,SUP-032,2022-06-06,,67.19,133.11,Active,0.4522582680655028,57.21581196581198
PRD-00123,115,7159.13,3440.12,478.13,2961.99,LEG-100122,AUR-000123,Luma Travel Product 123,Luma,Sport & Lifestyle,Travel,SUP-023,2023-04-26,,32.22,63.75,Active,0.41373602658423575,25.756434782608693
PRD-00124,121,5050.889999999999,1516.2099999999998,472.84000000000003,1043.37,LEG-100123,AUR-000124,Vela Bags Product 124,Mira,Fashion & Accessories,Bags,SUP-019,2026-07-23,,29.31,43.58,Active,0.20657151511911762,8.62289256198347
PRD-00125,118,5293.42,1521.2700000000002,246.06,1275.2100000000003,LEG-100124,AUR-000125,Orion Bedding Product 125,Mira,Home & Living,Bedding,SUP-033,2026-01-10,,31.95,45.99,Active,0.2409047458920698,10.806864406779663
PRD-00126,129,12824.31,6509.21,1044.38,5464.83,LEG-100125,AUR-000126,Orion Bags Product 126,Luma,Fashion & Accessories,Bags,SUP-010,2024-07-15,,48.83,102.39,Active,0.4261305286600215,42.36302325581395
PRD-00127,107,2479.74,364.41999999999985,56.959999999999994,307.45999999999987,LEG-100126,AUR-000127,Orion Fragrance Product 127,Pulse,Beauty & Personal Care,Fragrance,SUP-033,2022-12-11,,19.81,24.24,Active,0.12398880527797265,2.8734579439252323
PRD-00128,140,6685.610000000001,2586.52,223.51,2363.01,LEG-100127,AUR-000128,Vela Fragrance Product 128,Pulse,Beauty & Personal Care,Fragrance,SUP-062,2024-09-08,,29.08,49.67,Active,0.35344717983848895,16.878642857142857
PRD-00129,152,35475.03,15665.289999999999,5916.55,9748.739999999998,LEG-100128,AUR-000129,Pulse Men's Product 129,Solara,Fashion & Accessories,Men's Clothing,SUP-038,2026-06-14,,130.79,242.98,Active,0.2748056872679177,64.13644736842105
PRD-00130,117,2461.2200000000003,1284.3200000000002,137.34,1146.98,LEG-100129,AUR-000130,Pulse Audio Product 130,Orion,Electronics & Accessories,Audio,SUP-002,2024-02-05,,10.11,21.8,Active,0.46602091645606647,9.803247863247863
PRD-00131,118,18390.329999999998,7855.519999999999,1049.47,6806.049999999999,LEG-100130,AUR-000131,Mira Fitness Product 131,Orion,Sport & Lifestyle,Fitness,SUP-030,2025-02-19,,90.02,163.98,Active,0.3700885193468524,57.67838983050847
PRD-00132,111,5602.91,2185.4100000000003,235.20000000000002,1950.2100000000003,LEG-100131,AUR-000132,Vela Sports Product 132,Vela,Sport & Lifestyle,Sports Accessories,SUP-033,2022-09-27,,30.38,52.56,Active,0.34807091315048794,17.569459459459463
PRD-00133,98,11275.27,4913.06,669.53,4243.53,LEG-100132,AUR-000133,Aurelia Select Furniture Product 133,Orion,Home & Living,Furniture,SUP-057,2026-05-16,,65.0,118.5,Active,0.376357284570569,43.30132653061224
PRD-00134,123,6285.21,1291.94,408.88,883.0600000000002,LEG-100133,AUR-000134,Luma Footwear Product 134,Nova,Fashion & Accessories,Footwear,SUP-038,2021-12-15,,40.58,52.42,Active,0.14049808996039911,7.179349593495936
PRD-00135,103,8358.150000000001,4467.06,757.94,3709.120000000001,LEG-100134,AUR-000135,Luma Computer Product 135,Vela,Electronics & Accessories,Computer Accessories,SUP-017,2020-04-08,,37.92,83.29,Active,0.4437728444691708,36.01087378640778
PRD-00136,119,2717.5400000000004,840.1900000000003,73.75,766.4400000000003,LEG-100135,AUR-000136,Orion Sports Product 136,Luma,Sport & Lifestyle,Sports Accessories,SUP-033,2020-06-26,2022-10-04,15.76,23.6,Discontinued,0.28203448707286743,6.440672268907566
PRD-00137,109,7037.64,3186.17,60.52,3125.6499999999996,LEG-100136,AUR-000137,Solara Fragrance Product 137,Nova,Beauty & Personal Care,Fragrance,SUP-060,2021-09-30,,35.19,67.25,Active,0.4441332605816722,28.675688073394493
PRD-00138,132,14081.35,4207.870000000001,1035.14,3172.730000000001,LEG-100137,AUR-000138,Vela Men's Product 138,Pulse,Fashion & Accessories,Men's Clothing,SUP-047,2026-01-28,2027-05-25,74.71,109.54,Discontinued,0.22531433420801278,24.03583333333334
PRD-00139,111,12259.01,5109.630000000001,1400.68,3708.9500000000007,LEG-100138,AUR-000139,Aurelia Select Bags Product 139,Orion,Fashion & Accessories,Bags,SUP-069,2020-09-19,,64.37,115.76,Active,0.3025489007676803,33.41396396396397
PRD-00140,101,5510.610000000001,2378.2000000000003,938.8,1439.4000000000003,LEG-100139,AUR-000140,Solara Bags Product 140,Orion,Fashion & Accessories,Bags,SUP-049,2022-08-02,2024-11-15,31.04,56.81,Discontinued,0.261205202327873,14.251485148514854
PRD-00141,118,6756.74,2539.7999999999997,292.07,2247.73,LEG-100140,AUR-000141,Vela Audio Product 141,Mira,Electronics & Accessories,Audio,SUP-004,2021-07-14,2023-12-14,35.52,60.22,Discontinued,0.3326648650088652,19.0485593220339
PRD-00142,112,12344.68,4953.06,619.26,4333.8,LEG-100141,AUR-000142,Vela Sports Product 142,Nova,Sport & Lifestyle,Sports Accessories,SUP-060,2023-06-27,,65.91,115.75,Active,0.35106620827757384,38.69464285714286
PRD-00143,123,8454.79,3469.9500000000007,709.0400000000001,2760.9100000000008,LEG-100142,AUR-000143,Nova Computer Product 143,Luma,Electronics & Accessories,Computer Accessories,SUP-006,2020-03-12,,40.93,71.62,Active,0.3265498019465889,22.44642276422765
PRD-00144,140,1964.5,567.1099999999999,152.08,415.0299999999999,LEG-100143,AUR-000144,Mira Footwear Product 144,Nova,Fashion & Accessories,Footwear,SUP-013,2025-02-14,,10.09,14.59,Active,0.2112649529142275,2.9644999999999992
PRD-00145,109,2183.0,654.5400000000001,156.83,497.71000000000004,LEG-100144,AUR-000145,Pulse Home Product 145,Mira,Home & Living,Home Décor,SUP-048,2025-08-10,,14.07,20.91,Active,0.22799358680714615,4.566146788990826
PRD-00146,103,6282.03,1379.4199999999998,461.69,917.7299999999999,LEG-100145,AUR-000146,Luma Travel Product 146,Pulse,Sport & Lifestyle,Travel,SUP-013,2024-06-18,,47.8,63.68,Active,0.14608812756386072,8.909999999999998
PRD-00147,109,3840.08,1756.1199999999997,14.72,1741.3999999999996,LEG-100146,AUR-000147,Orion Cosmetics Product 147,Aurelia Select,Beauty & Personal Care,Cosmetics,SUP-048,2020-07-22,,19.18,36.8,Active,0.45348013583050345,15.976146788990823
PRD-00148,115,10106.0,3035.9400000000005,552.24,2483.7000000000007,LEG-100147,AUR-000148,Mira Bedding Product 148,Vela,Home & Living,Bedding,SUP-047,2023-07-06,,61.58,92.04,Active,0.2457648921432813,21.597391304347834
PRD-00149,133,3137.7599999999998,983.14,416.75,566.39,LEG-100148,AUR-000149,Solara Footwear Product 149,Aurelia Select,Fashion & Accessories,Footwear,SUP-051,2020-11-24,,16.26,24.09,Active,0.1805077507521289,4.258571428571429
PRD-00150,114,28616.66,5950.879999999998,2286.73,3664.1499999999987,LEG-100149,AUR-000150,Nova Smart Product 150,Mira,Electronics & Accessories,Smart Devices,SUP-012,2020-09-04,2021-12-27,199.03,258.39,Discontinued,0.12804254584567168,32.14166666666666
PRD-00151,120,11794.46,1942.8199999999993,597.31,1345.5099999999993,LEG-100150,AUR-000151,Aurelia Select Furniture Product 151,Solara,Home & Living,Furniture,SUP-032,2021-12-25,,82.36,101.24,Active,0.11407983070017613,11.212583333333328
PRD-00152,119,22311.59,7117.909999999999,600.04,6517.869999999999,LEG-100151,AUR-000152,Nova Home Product 152,Vela,Home & Living,Home Décor,SUP-028,2022-12-23,,127.58,192.01,Active,0.29212933726372703,54.77201680672268
PRD-00153,114,9496.05,3365.57,426.3,2939.27,LEG-100152,AUR-000153,Luma Kitchen Product 153,Aurelia Select,Home & Living,Kitchen,SUP-036,2026-06-11,,53.93,87.0,Active,0.30952553956645135,25.783070175438596
PRD-00154,106,2411.16,648.8199999999998,141.89999999999998,506.91999999999985,LEG-100153,AUR-000154,Orion Home Product 154,Luma,Home & Living,Home Décor,SUP-015,2021-11-13,,16.54,23.65,Active,0.21023905506063467,4.782264150943395
PRD-00155,109,7235.66,3086.9799999999996,935.6899999999999,2151.29,LEG-100154,AUR-000155,Aurelia Select Men's Product 155,Solara,Fashion & Accessories,Men's Clothing,SUP-031,2021-06-01,,37.87,69.44,Active,0.29731772913597376,19.736605504587157
PRD-00156,122,5373.849999999999,1330.5199999999998,157.51,1173.0099999999998,LEG-100155,AUR-000156,Aurelia Select Sports Product 156,Luma,Sport & Lifestyle,Sports Accessories,SUP-034,2023-11-18,,33.12,45.33,Active,0.21828112061185181,9.614836065573769
PRD-00157,153,20804.760000000002,10178.470000000001,2429.46,7749.010000000001,LEG-100156,AUR-000157,Pulse Men's Product 157,Nova,Fashion & Accessories,Men's Clothing,SUP-009,2020-01-04,,69.72,140.43,Active,0.3724633208938724,50.64712418300655
PRD-00158,97,12791.009999999998,5833.059999999999,114.87,5718.189999999999,LEG-100157,AUR-000158,Solara Cosmetics Product 158,Nova,Beauty & Personal Care,Cosmetics,SUP-058,2021-11-10,,71.62,135.14,Active,0.4470475748201275,58.95041237113401
PRD-00159,125,22284.780000000002,11734.12,1197.52,10536.600000000002,LEG-100158,AUR-000159,Aurelia Select Outdoor Product 159,Orion,Sport & Lifestyle,Outdoor,SUP-059,2023-11-14,,84.57,187.11,Active,0.47281597574667555,84.29280000000001
PRD-00160,120,8441.49,3812.3499999999995,1251.11,2561.2399999999993,LEG-100159,AUR-000160,Mira Women's Product 160,Pulse,Fashion & Accessories,Women's Clothing,SUP-055,2024-06-07,,38.45,72.74,Active,0.30341089073137556,21.34366666666666
PRD-00161,124,14671.19,2901.560000000001,1608.5500000000002,1293.010000000001,LEG-100160,AUR-000161,Mira Bags Product 161,Nova,Fashion & Accessories,bags,SUP-011,2022-10-22,,94.97,121.4,Active,0.08813259183474557,10.427500000000007
PRD-00162,111,11114.179999999998,3522.0799999999995,389.21,3132.8699999999994,LEG-100161,AUR-000162,Nova Smart Product 162,Luma,Electronics & Accessories,Smart Devices,SUP-036,2024-04-16,2026-11-21,68.02,103.1,Discontinued,0.2818804446211956,28.224054054054047
PRD-00163,147,5388.860000000001,905.0600000000002,536.23,368.83000000000015,LEG-100162,AUR-000163,Pulse Sports Product 163,Orion,Sport & Lifestyle,Sports Accessories,SUP-059,2026-04-22,,30.61,38.03,Active,0.06844304732355268,2.50904761904762
PRD-00164,120,4869.7699999999995,1525.04,128.04,1397.0,LEG-100163,AUR-000164,Nova Travel Product 164,Nova,Sport & Lifestyle,Travel,SUP-028,2021-09-25,,27.81,42.68,Active,0.28687186458498043,11.641666666666667
PRD-00165,123,6918.84,1268.2000000000003,206.71,1061.4900000000002,LEG-100164,AUR-000165,Vela Cosmetics Product 165,Pulse,Beauty & Personal Care,Cosmetics,SUP-044,2023-05-23,,45.99,59.06,Active,0.1534202265119587,8.630000000000003
PRD-00166,141,27514.49,11374.380000000003,405.22,10969.160000000002,LEG-100165,AUR-000166,Pulse Cosmetics Product 166,Nova,Beauty & Personal Care,Cosmetics,SUP-041,2022-12-14,,113.8,202.61,Active,0.3986684834063797,77.79546099290782
PRD-00167,133,9002.25,2778.5899999999997,131.66,2646.93,LEG-100166,AUR-000167,Orion Fragrance Product 167,Solara,Beauty & Personal Care,Fragrance,SUP-020,2021-05-11,2022-07-02,46.76,70.22,Discontinued,0.2940298258768641,19.90172932330827
PRD-00168,124,3897.81,599.6400000000001,103.28999999999999,496.35000000000014,LEG-100167,AUR-000168,Nova Skincare Product 168,Nova,Beauty & Personal Care,Skincare,SUP-012,2020-09-25,,26.46,32.28,Active,0.1273407374910527,4.002822580645162
PRD-00169,102,3216.2000000000003,838.6000000000003,0.0,838.6000000000003,LEG-100168,AUR-000169,Solara Skincare Product 169,Luma,Beauty & Personal Care,Skincare,SUP-008,2022-09-11,,23.31,33.45,Active,0.26074249113861087,8.221568627450983
PRD-00170,92,3270.3,827.6400000000001,110.67,716.97,LEG-100169,AUR-000170,Nova Sports Product 170,Pulse,Sport & Lifestyle,Sports Accessories,SUP-046,2022-11-01,,26.69,36.89,Active,0.2192367672690579,7.793152173913044
PRD-00171,124,2067.2799999999997,699.0699999999998,31.0,668.0699999999998,LEG-100170,AUR-000171,Orion Skincare Product 171,Orion,Beauty & Personal Care,Skincare,SUP-046,2025-09-02,,11.06,17.22,Active,0.32316377075190583,5.387661290322579
PRD-00172,120,15992.970000000001,8005.140000000001,1139.8600000000001,6865.280000000002,LEG-100171,AUR-000172,Luma Men's Product 172,Mira,Fashion & Accessories,Men's Clothing,SUP-029,2024-06-27,2026-02-02,66.54,139.86,Discontinued,0.4292686098954729,57.21066666666668
PRD-00173,121,11365.99,2343.6700000000005,1228.96,1114.7100000000003,LEG-100172,AUR-000173,Solara Footwear Product 173,Nova,Fashion & Accessories,Footwear,SUP-036,2023-01-10,2024-03-26,74.7,97.73,Discontinued,0.09807416687855613,9.212479338842977
PRD-00174,120,9483.630000000001,1529.1300000000006,365.56,1163.5700000000004,LEG-100173,AUR-000174,Pulse Outdoor Product 174,Aurelia Select,Sport & Lifestyle,Outdoor,SUP-035,2020-11-27,,66.33,81.23,Active,0.12269247113183457,9.69641666666667
PRD-00175,153,18031.14,3359.8200000000006,1880.18,1479.6400000000006,LEG-100174,AUR-000175,Orion Men's Product 175,Orion,Fashion & Accessories,Men's Clothing,SUP-044,2024-08-22,,96.05,123.29,Active,0.08206025797592391,9.670849673202618
PRD-00176,125,25280.17,9544.01,713.81,8830.2,LEG-100175,AUR-000176,Luma Audio Product 176,Luma,Electronics & Accessories,Audio,SUP-052,2024-01-28,,125.39,208.41,Active,0.34929353718744777,70.64160000000001
PRD-00177,118,12916.36,6004.679999999999,823.94,5180.74,LEG-100176,AUR-000177,Aurelia Select Men's Product 177,Nova,Fashion & Accessories,Men's Clothing,SUP-068,2023-07-03,,58.52,116.05,Active,0.40109907125536914,43.904576271186436
PRD-00178,115,9216.9,4377.349999999999,445.16999999999996,3932.1799999999994,LEG-100177,AUR-000178,Pulse Bedding Product 178,Mira,Home & Living,Bedding,SUP-044,2024-01-25,,42.09,83.6,Active,0.426627173995595,34.192869565217386
PRD-00179,115,7455.300000000001,2342.5100000000007,232.67000000000002,2109.840000000001,LEG-100178,AUR-000179,Orion Kitchen Product 179,Solara,Home & Living,Kitchen,SUP-011,2026-05-12,,44.28,67.93,Active,0.28299867208563045,18.346434782608704
PRD-00180,124,27755.96,12796.559999999998,3884.43,8912.129999999997,LEG-100179,AUR-000180,Luma Men's Product 180,Aurelia Select,Fashion & Accessories,Men's Clothing,SUP-011,2023-12-19,,120.93,232.95,Active,0.32108887604680214,71.87201612903223
PRD-00181,116,16143.95,6269.010000000001,493.12,5775.890000000001,LEG-100180,AUR-000181,Pulse Computer Product 181,Mira,Electronics & Accessories,Computer Accessories,SUP-057,2021-12-12,,85.43,142.93,Active,0.35777427457344707,49.79215517241381
PRD-00182,139,15594.76,2899.49,0.0,2899.49,LEG-100181,AUR-000182,Vela Fragrance Product 182,Nova,Beauty & Personal Care,Fragrance,SUP-045,2021-06-03,2023-07-26,91.65,115.86,Discontinued,0.1859271960581631,20.859640287769782
PRD-00183,112,8205.02,1723.9000000000008,36.24,1687.6600000000008,LEG-100182,AUR-000183,Orion Skincare Product 183,Mira,Beauty & Personal Care,Skincare,SUP-068,2022-04-11,,57.89,76.29,Active,0.2056862749877515,15.068392857142864
PRD-00184,84,25782.960000000003,10843.640000000001,1247.83,9595.810000000001,LEG-100183,AUR-000184,Vela Audio Product 184,Pulse,Electronics & Accessories,Audio,SUP-008,2025-06-05,,177.2,324.11,Active,0.37217642970395953,114.23583333333335
PRD-00185,90,15881.44,3098.9100000000008,2303.18,795.7300000000008,LEG-100184,AUR-000185,Orion Men's Product 185,Vela,Fashion & Accessories,Men's Clothing,SUP-018,2022-01-31,,140.53,181.71,Active,0.050104398593578466,8.841444444444454
PRD-00186,123,3948.4600000000005,812.9400000000004,228.43,584.5100000000004,LEG-100185,AUR-000186,Solara Chargers Product 186,Nova,Electronics & Accessories,Chargers,SUP-001,2025-03-21,,25.4,33.59,Active,0.14803493007400362,4.752113821138215
PRD-00187,106,6565.85,952.89,0.0,952.89,LEG-100186,AUR-000187,Luma Cosmetics Product 187,Luma,Beauty & Personal Care,Cosmetics,SUP-049,2023-05-02,,52.68,64.72,Active,0.14512820122299472,8.989528301886793
PRD-00188,145,18278.53,3501.1099999999988,2093.3,1407.809999999999,LEG-100187,AUR-000188,Solara Outdoor Product 188,Nova,Sport & Lifestyle,Outdoor,SUP-051,2023-10-06,,102.1,132.07,Active,0.07701986975976728,9.709034482758614
PRD-00189,115,8827.890000000001,3391.7300000000005,1300.73,2091.0000000000005,LEG-100188,AUR-000189,Aurelia Select Bags Product 189,Mira,Fashion & Accessories,Bags,SUP-010,2025-11-23,,47.37,80.29,Active,0.2368629423338986,18.182608695652178
PRD-00190,108,5646.259999999999,2134.49,390.01,1744.4799999999998,LEG-100189,AUR-000190,Pulse Computer Product 190,Pulse,Electronics & Accessories,Computer Accessories,SUP-038,2020-11-12,,32.39,53.98,Active,0.3089620385883753,16.15259259259259
PRD-00191,104,1913.3799999999999,297.26999999999987,105.71,191.5599999999999,LEG-100190,AUR-000191,Aurelia Select Bags Product 191,Solara,Fashion & Accessories,Bags,SUP-022,2021-12-08,,15.63,19.22,Active,0.10011602504468527,1.8419230769230759
PRD-00192,118,26304.34,12761.560000000001,2232.4,10529.160000000002,LEG-100191,AUR-000192,Solara Travel Product 192,Nova,Sport & Lifestyle,Travel,SUP-056,2025-07-06,,114.6,230.74,Active,0.40028223479471453,89.23016949152544
PRD-00193,125,4615.26,1418.5199999999998,463.21,955.3099999999998,LEG-100192,AUR-000193,Pulse Men's Product 193,Pulse,Fashion & Accessories,Men's Clothing,SUP-068,2021-08-31,,25.57,37.97,Active,0.20698942204772858,7.642479999999999
PRD-00194,109,23573.14,9017.35,2307.78,6709.570000000001,LEG-100193,AUR-000194,Orion Bags Product 194,Solara,Fashion & Accessories,Bags,SUP-029,2021-10-04,,134.44,220.31,Active,0.2846277585421374,61.5556880733945
PRD-00195,146,9699.98,3297.22,360.67,2936.5499999999997,LEG-100194,AUR-000195,Nova Smart Product 195,Nova,Electronics & Accessories,Smart Devices,SUP-068,2024-12-25,2025-07-21,43.67,69.36,Discontinued,0.3027377376035827,20.11335616438356
PRD-00196,123,11518.76,3491.4999999999995,292.22,3199.2799999999997,LEG-100195,AUR-000196,Solara Outdoor Product 196,Solara,Sport & Lifestyle,Outdoor,SUP-019,2025-03-25,2027-06-16,65.17,97.41,Discontinued,0.277745173959697,26.01040650406504
PRD-00197,102,7203.92,2997.0800000000004,664.47,2332.6100000000006,LEG-100196,AUR-000197,Luma Furniture Product 197,Orion,Home & Living,Furniture,SUP-026,2025-11-05,,41.21,72.62,Active,0.3237973214583172,22.868725490196084
PRD-00198,111,3529.5199999999995,825.9399999999997,171.26,654.6799999999997,LEG-100197,AUR-000198,Nova Home Product 198,Luma,Home & Living,Home Décor,SUP-064,2024-06-24,,24.59,32.62,Active,0.18548697839932904,5.898018018018016
PRD-00199,103,9048.2,2039.8500000000001,230.0,1809.8500000000001,LEG-100198,AUR-000199,Solara Cosmetics Product 199,Solara,Beauty & Personal Care,Cosmetics,SUP-020,2021-04-23,,68.22,92.0,Active,0.20002320903605136,17.571359223300973
PRD-00200,155,4462.54,2156.21,128.83,2027.38,LEG-100199,AUR-000200,Mira Skincare Product 200,Mira,Beauty & Personal Care,Skincare,SUP-039,2024-03-30,,14.83,29.96,Active,0.45431077368494177,13.079870967741936
PRD-00201,110,23989.88,9970.53,1824.81,8145.72,LEG-100200,AUR-000201,Solara Audio Product 201,Nova,Electronics & Accessories,Audio,SUP-040,2022-06-28,,127.73,232.46,Active,0.3395481761476089,74.052
PRD-00202,116,23244.42,4284.69,0.0,4284.69,LEG-100201,AUR-000202,Aurelia Select Cosmetics Product 202,Aurelia Select,Beauty & Personal Care,Cosmetics,SUP-048,2025-02-11,,162.88,208.47,Active,0.18433198161107053,36.93698275862069
PRD-00203,154,5465.24,971.9200000000002,205.95999999999998,765.9600000000003,LEG-100202,AUR-000203,Nova Audio Product 203,Pulse,Electronics & Accessories,Audio,SUP-060,2025-12-09,,29.19,37.28,Active,0.1401512101938799,4.973766233766235
PRD-00204,102,23680.41,3443.5499999999997,1266.2,2177.3499999999995,LEG-100203,AUR-000204,Mira Fitness Product 204,Vela,Sport & Lifestyle,Fitness,SUP-042,2021-05-19,,197.59,243.5,Active,0.09194731003390565,21.346568627450974
PRD-00205,111,41126.89,20484.030000000002,2842.88,17641.15,LEG-100204,AUR-000205,Luma Travel Product 205,Aurelia Select,Sport & Lifestyle,Travel,SUP-058,2026-06-08,,186.34,379.05,Active,0.4289444205482107,158.92927927927929
PRD-00206,115,13148.32,5047.4800000000005,2291.17,2756.31,LEG-100205,AUR-000206,Nova Footwear Product 206,Luma,Fashion & Accessories,Footwear,SUP-006,2023-10-03,,70.52,118.56,Active,0.20963210509023206,23.967913043478262
PRD-00207,105,23144.72,11875.430000000002,1923.99,9951.44,LEG-100206,AUR-000207,Mira Bedding Product 207,Luma,Home & Living,Bedding,SUP-047,2023-10-26,,107.59,227.02,Active,0.4299658842275906,94.77561904761905
PRD-00208,108,15490.439999999999,4338.909999999999,742.68,3596.229999999999,LEG-100207,AUR-000208,Pulse Chargers Product 208,Pulse,Electronics & Accessories,Chargers,SUP-044,2022-05-20,,103.13,151.57,Active,0.23215802779004338,33.29842592592592
PRD-00209,125,14571.86,6048.53,716.4,5332.129999999999,LEG-100208,AUR-000209,Solara Fitness Product 209,Nova,Sport & Lifestyle,Fitness,SUP-043,2022-08-03,,69.1,121.94,Active,0.3659196561042996,42.657039999999995
PRD-00210,113,13049.210000000001,3169.9500000000003,1672.9,1497.0500000000002,LEG-100209,AUR-000210,Orion Bags Product 210,Orion,Fashion & Accessories,Bags,SUP-020,2021-04-20,,87.06,119.28,Active,0.11472342003845444,13.248230088495577
PRD-00211,104,8143.62,2134.74,849.89,1284.85,LEG-100210,AUR-000211,Luma Audio Product 211,Solara,Electronics & Accessories,Audio,SUP-040,2020-08-25,,57.9,80.75,Active,0.1577738155758741,12.354326923076922
PRD-00212,105,3407.38,1174.53,119.13999999999999,1055.3899999999999,LEG-100211,AUR-000212,Nova Haircare Product 212,Orion,Beauty & Personal Care,Haircare,SUP-049,2020-05-16,,21.34,34.04,Active,0.30973651309804007,10.051333333333332
PRD-00213,110,10965.570000000002,3585.600000000001,408.43,3177.170000000001,LEG-100212,AUR-000213,Nova Smart Product 213,Pulse,Electronics & Accessories,Smart Devices,SUP-066,2023-01-29,,66.37,103.4,Active,0.28974052420439617,28.883363636363644
PRD-00214,102,8890.310000000001,3046.1900000000005,748.32,2297.8700000000003,LEG-100213,AUR-000214,Solara Audio Product 214,Orion,Electronics & Accessories,Audio,SUP-024,2025-10-21,,57.06,89.62,Active,0.2584690522602699,22.528137254901964
PRD-00215,131,10739.49,4585.229999999999,566.15,4019.079999999999,LEG-100214,AUR-000215,Mira Kitchen Product 215,Vela,Home & Living,Kitchen,SUP-029,2020-09-22,,46.77,87.1,Active,0.37423378577567457,30.679999999999993
PRD-00216,84,11392.330000000002,5971.400000000001,266.57,5704.830000000001,LEG-100215,AUR-000216,Nova Home Product 216,Orion,Home & Living,Home Décor,SUP-013,2024-01-13,,63.94,140.3,Active,0.5007605994559498,67.91464285714287
PRD-00217,105,3336.03,693.2900000000002,161.86,531.4300000000002,LEG-100216,AUR-000217,Solara Fitness Product 217,Luma,Sport & Lifestyle,Fitness,SUP-049,2026-06-15,,25.4,33.03,Active,0.15930012619790593,5.061238095238097
PRD-00218,111,5485.2,977.9899999999997,102.96,875.0299999999996,LEG-100217,AUR-000218,Luma Home Product 218,Luma,Home & Living,Home Décor,SUP-057,2025-05-13,,40.37,51.48,Active,0.15952563261139058,7.88315315315315
PRD-00219,137,6419.7699999999995,1350.5099999999998,561.15,789.3599999999998,LEG-100218,AUR-000219,Solara Bags Product 219,Vela,Fashion & Accessories,Bags,SUP-057,2025-07-22,,36.95,48.69,Active,0.12295767605381498,5.761751824817517
PRD-00220,111,9187.32,4291.99,965.25,3326.7399999999993,LEG-100219,AUR-000220,Mira Sports Product 220,Vela,Sport & Lifestyle,Sports Accessories,SUP-069,2022-06-18,,43.89,86.96,Active,0.36210124388831555,29.970630630630623
PRD-00221,127,13783.09,4116.0,749.25,3366.75,LEG-100220,AUR-000221,Mira Kitchen Product 221,Vela,Home & Living,Kitchen,SUP-048,2023-11-03,,76.34,111.83,Active,0.2442667065222675,26.50984251968504
PRD-00222,96,10075.11,4385.7,620.44,3765.26,LEG-100221,AUR-000222,Mira Travel Product 222,Orion,Sport & Lifestyle,Travel,SUP-049,2020-04-13,,58.66,109.81,Active,0.3737189966164141,39.22145833333334
PRD-00223,122,55038.56,26894.499999999996,3830.0,23064.499999999996,LEG-100222,AUR-000223,Luma Travel Product 223,Vela,Sport & Lifestyle,Travel,SUP-018,2021-05-11,2022-09-18,230.95,472.84,Discontinued,0.4190607457753255,189.05327868852456
PRD-00224,106,3475.7999999999997,762.6899999999999,168.82999999999998,593.8599999999999,LEG-100223,AUR-000224,Mira Audio Product 224,Solara,Electronics & Accessories,Audio,SUP-014,2021-09-26,,25.7,34.11,Active,0.17085563035847862,5.602452830188678
PRD-00225,138,14575.169999999998,3371.419999999999,1524.35,1847.0699999999993,LEG-100224,AUR-000225,Orion Fitness Product 225,Nova,Sport & Lifestyle,Fitness,SUP-021,2025-10-10,,80.55,110.46,Active,0.1267271668186374,13.384565217391298
PRD-00226,104,23893.129999999997,8414.22,945.19,7469.029999999999,LEG-100225,AUR-000226,Luma Computer Product 226,Pulse,Electronics & Accessories,Computer Accessories,SUP-012,2024-08-31,,149.22,239.29,Active,0.312601572083691,71.81759615384614
PRD-00227,132,2458.19,524.75,117.89,406.86,LEG-100226,AUR-000227,Solara Bedding Product 227,Aurelia Select,Home & Living,Bedding,SUP-054,2020-03-28,,14.64,19.25,Active,0.1655120230738877,3.0822727272727275
PRD-00228,113,6384.96,2246.0399999999995,400.32,1845.7199999999996,LEG-100227,AUR-000228,Solara Bags Product 228,Vela,Fashion & Accessories,Bags,SUP-050,2026-03-06,,36.6,58.23,Active,0.2890730717185385,16.333805309734508
PRD-00229,113,8499.210000000001,3003.9700000000007,824.97,2179.0000000000005,LEG-100228,AUR-000229,Vela Footwear Product 229,Aurelia Select,Fashion & Accessories,Footwear,SUP-041,2025-06-04,,48.48,78.01,Active,0.2563767691350137,19.28318584070797
PRD-00230,122,13928.109999999999,7216.28,1348.26,5868.0199999999995,LEG-100229,AUR-000230,Luma Footwear Product 230,Luma,Fashion & Accessories,Footwear,SUP-005,2022-11-08,,54.83,117.24,Active,0.4213077007576764,48.09852459016393
PRD-00231,129,28310.6,5977.899999999999,1229.9099999999999,4747.989999999999,LEG-100230,AUR-000231,Luma Computer Product 231,Mira,Electronics & Accessories,Computer Accessories,SUP-058,2022-06-13,,172.98,227.76,Active,0.16771068080506946,36.80612403100774
PRD-00232,119,7330.78,1214.9299999999998,361.77,853.1599999999999,LEG-100231,AUR-000232,Nova Fitness Product 232,Aurelia Select,Sport & Lifestyle,Fitness,SUP-033,2023-08-23,2024-06-26,51.34,63.47,Discontinued,0.11638052158160521,7.169411764705881
PRD-00233,113,18414.22,6900.82,580.25,6320.57,LEG-100232,AUR-000233,Pulse Home Product 233,Nova,Home & Living,Home Décor,SUP-037,2026-01-09,,101.54,170.66,Active,0.34324397123527356,55.934247787610616
PRD-00234,132,13683.57,4844.35,799.24,4045.11,LEG-100233,AUR-000234,Nova Kitchen Product 234,Aurelia Select,Home & Living,Kitchen,SUP-031,2024-05-04,,66.86,107.28,Active,0.295618029505458,30.644772727272727
PRD-00235,118,14581.010000000002,6148.920000000001,457.9100000000001,5691.010000000001,LEG-100234,AUR-000235,Nova Cosmetics Product 235,Nova,Beauty & Personal Care,Cosmetics,SUP-064,2021-03-25,,71.38,130.83,Active,0.3903028665366803,48.228898305084755
PRD-00236,108,16166.140000000001,8108.810000000001,335.99,7772.8200000000015,LEG-100235,AUR-000236,Vela Fitness Product 236,Luma,Sport & Lifestyle,Fitness,SUP-038,2024-06-24,2025-09-26,74.91,156.27,Discontinued,0.4808086531478758,71.97055555555556
PRD-00237,109,28620.609999999997,13113.789999999997,243.81,12869.979999999998,LEG-100236,AUR-000237,Solara Skincare Product 237,Vela,Beauty & Personal Care,Skincare,SUP-054,2024-04-27,,142.51,270.9,Active,0.44967525150582044,118.07321100917429
PRD-00238,108,10266.22,2363.3899999999994,411.43,1951.9599999999994,LEG-100237,AUR-000238,Solara Furniture Product 238,Nova,Home & Living,Furniture,SUP-068,2024-02-03,,72.65,97.96,Active,0.1901342461003173,18.073703703703696
PRD-00239,110,4839.71,1839.1700000000003,299.15000000000003,1540.0200000000002,LEG-100238,AUR-000239,Pulse Fitness Product 239,Mira,Sport & Lifestyle,Fitness,SUP-006,2024-12-14,,27.07,46.38,Active,0.3182050164162729,14.00018181818182
PRD-00240,102,5661.17,997.1200000000003,131.73000000000002,865.3900000000003,LEG-100239,AUR-000240,Orion Fragrance Product 240,Aurelia Select,Beauty & Personal Care,Fragrance,SUP-046,2020-01-06,,45.65,57.27,Active,0.15286416058871227,8.484215686274514
PRD-00241,124,8786.3,1842.8,849.6800000000001,993.12,LEG-100240,AUR-000241,Vela Footwear Product 241,Nova,Fashion & Accessories,Footwear,SUP-043,2025-03-05,,55.94,73.25,Active,0.11303051341292696,8.009032258064517
PRD-00242,131,15392.990000000002,4262.4400000000005,778.6400000000001,3483.8000000000006,LEG-100241,AUR-000242,Solara Furniture Product 242,Solara,Home & Living,Furniture,SUP-023,2024-02-26,,84.08,119.79,Active,0.2263238006391221,26.593893129770997
PRD-00243,137,26987.16,10812.03,713.97,10098.060000000001,LEG-100242,AUR-000243,Luma Cosmetics Product 243,Luma,Beauty & Personal Care,Cosmetics,SUP-009,2024-04-28,,118.31,205.46,Active,0.37418016567878953,73.70846715328469
PRD-00244,130,13721.01,3935.6699999999996,217.88,3717.7899999999995,LEG-100243,AUR-000244,Orion Skincare Product 244,Vela,Beauty & Personal Care,Skincare,SUP-006,2023-12-10,,75.52,108.94,Active,0.27095600105240064,28.59838461538461
PRD-00245,123,21410.19,10252.07,1054.29,9197.779999999999,LEG-100244,AUR-000245,Solara Furniture Product 245,Orion,Home & Living,Furniture,SUP-066,2023-11-01,,91.37,180.22,Active,0.42959824270592645,74.77869918699186
PRD-00246,99,11771.689999999999,4945.98,190.26999999999998,4755.709999999999,LEG-100245,AUR-000246,Orion Cosmetics Product 246,Aurelia Select,Beauty & Personal Care,Cosmetics,SUP-025,2020-04-06,,68.84,126.85,Active,0.4039955180607032,48.03747474747474
PRD-00247,114,8377.83,3363.48,491.01,2872.47,LEG-100246,AUR-000247,Aurelia Select Chargers Product 247,Solara,Electronics & Accessories,Chargers,SUP-035,2021-02-17,,44.18,76.72,Active,0.3428656346571845,25.197105263157894
PRD-00248,128,43709.76,19050.570000000003,6592.400000000001,12458.170000000002,LEG-100247,AUR-000248,Pulse Footwear Product 248,Pulse,Fashion & Accessories,Footwear,SUP-057,2021-12-26,,191.72,350.66,Active,0.28502032498005025,97.32945312500001
PRD-00249,120,14693.19,6272.17,63.12,6209.05,LEG-100248,AUR-000249,Luma Fragrance Product 249,Mira,Beauty & Personal Care,Fragrance,SUP-064,2023-11-15,,69.89,126.23,Active,0.4225801204503583,51.74208333333333
PRD-00250,137,22187.51,8938.439999999999,1004.3199999999999,7934.119999999998,LEG-100249,AUR-000250,Nova Chargers Product 250,Pulse,Electronics & Accessories,Chargers,SUP-011,2023-05-06,,97.19,167.39,Active,0.35759397967595274,57.913284671532836
PRD-00251,113,6769.219999999999,2165.1899999999996,186.48,1978.7099999999996,LEG-100250,AUR-000251,Orion Haircare Product 251,Solara,Beauty & Personal Care,Haircare,SUP-014,2021-09-12,2022-06-22,40.85,62.16,Discontinued,0.29230989685665404,17.510707964601767
PRD-00252,110,15915.059999999998,6347.839999999998,1337.59,5010.249999999998,LEG-100251,AUR-000252,Orion Footwear Product 252,Orion,Fashion & Accessories,Footwear,SUP-058,2024-10-25,2026-10-18,87.27,151.14,Discontinued,0.3148118825816553,45.54772727272726
PRD-00253,124,3751.44,908.0400000000002,244.86,663.1800000000002,LEG-100252,AUR-000253,Luma Travel Product 253,Mira,Sport & Lifestyle,Travel,SUP-045,2021-01-24,,23.0,30.8,Active,0.1767801164352889,5.348225806451614
PRD-00254,113,4984.94,2041.2599999999998,137.58,1903.6799999999998,LEG-100253,AUR-000254,Solara Skincare Product 254,Pulse,Beauty & Personal Care,Skincare,SUP-036,2025-02-10,,26.27,45.86,Active,0.3818862413589732,16.846725663716814
PRD-00255,151,8535.06,1734.4300000000003,428.07,1306.3600000000001,LEG-100254,AUR-000255,Pulse Women's Product 255,Solara,Fashion & Accessories,Women's Clothing,SUP-066,2021-11-04,,45.07,58.64,Active,0.15305809215166621,8.651390728476821
PRD-00256,154,13470.78,2966.09,825.07,2141.02,LEG-100255,AUR-000256,Luma Furniture Product 256,Mira,Home & Living,Furniture,SUP-005,2021-11-11,,68.12,91.42,Active,0.15893808673291374,13.902727272727272
PRD-00257,128,3285.32,1690.3500000000001,40.07,1650.28,LEG-100256,AUR-000257,Vela Furniture Product 257,Solara,Home & Living,Furniture,SUP-047,2023-10-29,,12.48,26.71,Active,0.5023194087638342,12.8928125
PRD-00258,133,9896.560000000001,2708.7700000000004,155.19,2553.5800000000004,LEG-100257,AUR-000258,Luma Skincare Product 258,Mira,Beauty & Personal Care,Skincare,SUP-048,2024-01-04,,54.42,77.59,Active,0.2580270316150258,19.199849624060153
PRD-00259,106,11487.769999999999,4792.409999999999,633.27,4159.139999999999,LEG-100258,AUR-000259,Nova Computer Product 259,Luma,Electronics & Accessories,Computer Accessories,SUP-068,2023-07-30,,62.92,111.1,Active,0.36204937947051513,39.23716981132075
PRD-00260,125,11147.86,4307.800000000001,814.64,3493.1600000000008,LEG-100259,AUR-000260,Solara Computer Product 260,Orion,Electronics & Accessories,Computer Accessories,SUP-032,2020-02-25,,54.54,91.79,Active,0.3133480327165932,27.945280000000007
PRD-00261,107,19725.440000000002,9418.03,3527.16,5890.870000000001,LEG-100260,AUR-000261,Luma Women's Product 261,Mira,Fashion & Accessories,Women's Clothing,SUP-067,2022-02-26,,95.96,190.4,Active,0.29864327487751857,55.05485981308412
PRD-00262,115,16763.26,6577.41,220.26,6357.15,LEG-100261,AUR-000262,Orion Skincare Product 262,Orion,Beauty & Personal Care,Skincare,SUP-058,2022-02-12,,89.03,151.91,Active,0.37923112807413356,55.2795652173913
PRD-00263,103,6222.6,3160.08,400.15999999999997,2759.92,LEG-100262,AUR-000263,Mira Kitchen Product 263,Vela,Home & Living,Kitchen,SUP-016,2026-04-09,,29.92,62.04,Active,0.4435316427216919,26.795339805825243
PRD-00264,112,14775.230000000001,6483.790000000001,381.47,6102.320000000001,LEG-100263,AUR-000264,Mira Furniture Product 264,Luma,Home & Living,Furniture,SUP-057,2026-01-26,,74.16,136.24,Active,0.4130101528030359,54.48500000000001
PRD-00265,134,11897.279999999999,4022.1299999999997,826.2,3195.9299999999994,LEG-100264,AUR-000265,Solara Footwear Product 265,Nova,Fashion & Accessories,Footwear,SUP-070,2024-02-11,,58.95,91.8,Active,0.268626946663439,23.85022388059701
PRD-00266,125,10257.01,2610.1499999999996,614.47,1995.6799999999996,LEG-100265,AUR-000266,Luma Chargers Product 266,Luma,Electronics & Accessories,Chargers,SUP-047,2022-12-31,,60.64,85.05,Active,0.19456742266995933,15.965439999999997
PRD-00267,131,14063.89,4243.53,1145.99,3097.54,LEG-100266,AUR-000267,Nova Outdoor Product 267,Vela,Sport & Lifestyle,Outdoor,SUP-018,2021-11-18,,74.54,111.53,Active,0.2202477408455271,23.64534351145038
PRD-00268,90,13868.17,3022.7899999999995,393.84,2628.9499999999994,LEG-100267,AUR-000268,Aurelia Select Bedding Product 268,Solara,Home & Living,Bedding,SUP-048,2021-06-09,2022-01-07,120.61,159.13,Discontinued,0.18956718874948889,29.210555555555548
PRD-00269,132,18647.219999999998,8732.5,147.35,8585.15,LEG-100268,AUR-000269,Nova Haircare Product 269,Nova,Beauty & Personal Care,Haircare,SUP-040,2022-03-17,,75.08,147.35,Active,0.46039838646189624,65.03901515151514
PRD-00270,129,7449.3,1288.78,119.36,1169.42,LEG-100269,AUR-000270,Pulse Cosmetics Product 270,Pulse,Beauty & Personal Care,Cosmetics,SUP-010,2020-10-03,,47.57,61.21,Active,0.156983877679782,9.065271317829458
PRD-00271,115,4147.110000000001,846.6500000000003,88.76,757.8900000000003,LEG-100270,AUR-000271,Nova Kitchen Product 271,Mira,Home & Living,Kitchen,SUP-060,2022-07-25,,28.82,37.77,Active,0.1827513617917056,6.590347826086959
PRD-00272,108,85692.88,43816.98,5176.08,38640.9,LEG-100271,AUR-000272,Luma Sports Product 272,Luma,Sport & Lifestyle,Sports Accessories,SUP-017,2021-11-26,2024-08-06,390.12,821.6,Discontinued,0.45092311053147005,357.7861111111111
PRD-00273,103,9251.460000000001,4179.71,400.42,3779.2900000000004,LEG-100272,AUR-000273,Nova Skincare Product 273,Luma,Beauty & Personal Care,Skincare,SUP-039,2021-08-21,,49.11,93.12,Active,0.40850741396493095,36.6921359223301
PRD-00274,104,5205.75,938.3699999999998,302.95,635.4199999999998,LEG-100273,AUR-000274,Solara Home Product 274,Vela,Home & Living,Home Décor,SUP-045,2021-10-11,,41.02,52.69,Active,0.12206118234644381,6.109807692307691
PRD-00275,125,15707.62,4819.400000000001,702.17,4117.2300000000005,LEG-100274,AUR-000275,Nova Sports Product 275,Orion,Sport & Lifestyle,Sports Accessories,SUP-026,2023-04-30,,86.25,130.03,Active,0.2621167306059098,32.93784
PRD-00276,106,16883.859999999997,6810.879999999998,905.52,5905.359999999999,LEG-100275,AUR-000276,Luma Sports Product 276,Orion,Sport & Lifestyle,Sports Accessories,SUP-069,2023-08-18,,95.25,164.64,Active,0.3497636204043388,55.710943396226405
PRD-00277,115,18335.52,3543.9000000000005,3016.29,527.6100000000007,LEG-100276,AUR-000277,Luma Men's Product 277,Luma,Fashion & Accessories,Men's Clothing,SUP-044,2024-06-28,,128.82,164.15,Active,0.028775295164794927,4.587913043478267
PRD-00278,106,20558.41,6744.53,802.27,5942.259999999999,LEG-100277,AUR-000278,Aurelia Select Fitness Product 278,Nova,Sport & Lifestyle,Fitness,SUP-006,2024-10-12,,130.24,200.57,Active,0.28904278103219067,56.05905660377358
PRD-00279,108,14652.49,5655.65,1017.02,4638.629999999999,LEG-100278,AUR-000279,Vela Sports Product 279,Pulse,Sport & Lifestyle,Sports Accessories,SUP-004,2025-01-05,,83.0,145.29,Active,0.31657622697575627,42.95027777777777
PRD-00280,113,4420.490000000001,2030.6800000000003,17.41,2013.2700000000004,LEG-100279,AUR-000280,Orion Fragrance Product 280,Mira,Beauty & Personal Care,Fragrance,SUP-032,2022-04-28,,21.13,40.95,Active,0.4554404602204733,17.816548672566377
PRD-00281,107,18832.32,8297.500000000002,0.0,8297.500000000002,LEG-100280,AUR-000281,Mira Fragrance Product 281,Nova,Beauty & Personal Care,Fragrance,SUP-008,2024-09-10,,98.31,181.08,Active,0.4405989278007172,77.54672897196264
PRD-00282,113,6523.45,1304.48,436.3,868.18,LEG-100281,AUR-000282,Pulse Bedding Product 282,Mira,Home & Living,Bedding,SUP-060,2025-04-07,,46.14,60.18,Active,0.13308602043397283,7.683008849557521
PRD-00283,136,20778.22,4362.2699999999995,462.69,3899.58,LEG-100282,AUR-000283,Luma Kitchen Product 283,Solara,Home & Living,Kitchen,SUP-041,2022-01-08,2023-09-17,120.73,158.19,Discontinued,0.18767632646107316,28.673382352941175
PRD-00284,126,10885.15,1366.1300000000003,625.28,740.8500000000004,LEG-100283,AUR-000284,Luma Computer Product 284,Solara,Electronics & Accessories,Computer Accessories,SUP-066,2020-07-27,,74.83,91.28,Active,0.06806061469065658,5.879761904761907
PRD-00285,140,11292.31,4544.12,443.73,4100.389999999999,LEG-100284,AUR-000285,Solara Fitness Product 285,Vela,Sport & Lifestyle,Fitness,SUP-060,2022-11-13,,47.99,82.94,Active,0.3631134816525582,29.288499999999996
PRD-00286,110,6992.12,1396.9400000000003,432.64,964.3000000000003,LEG-100285,AUR-000286,Mira Footwear Product 286,Vela,Fashion & Accessories,Footwear,SUP-019,2020-06-05,,50.96,66.56,Active,0.1379123928079038,8.76636363636364
PRD-00287,104,8706.9,3983.3799999999997,1601.24,2382.14,LEG-100286,AUR-000287,Orion Women's Product 287,Pulse,Fashion & Accessories,Women's Clothing,SUP-054,2025-08-27,2027-02-05,45.42,87.86,Discontinued,0.27359220847833327,22.905192307692307
PRD-00288,123,21758.100000000002,5173.9400000000005,909.69,4264.250000000001,LEG-100287,AUR-000288,Solara Home Product 288,Solara,Home & Living,Home Décor,SUP-025,2022-08-04,,134.55,185.65,Active,0.19598448393931459,34.66869918699188
PRD-00289,113,10362.32,4556.24,645.59,3910.65,LEG-100288,AUR-000289,Mira Bedding Product 289,Mira,Home & Living,Bedding,SUP-040,2024-09-10,,51.31,94.59,Active,0.3773913563757923,34.60752212389381
PRD-00290,127,2195.5,499.63000000000017,74.21000000000001,425.4200000000002,LEG-100289,AUR-000290,Nova Skincare Product 290,Pulse,Beauty & Personal Care,skincare,SUP-065,2023-01-20,,13.45,18.1,Active,0.1937690731040766,3.3497637795275605
PRD-00291,111,12082.41,2228.3000000000006,168.44,2059.8600000000006,LEG-100290,AUR-000291,Vela Haircare Product 291,Solara,Beauty & Personal Care,Haircare,SUP-007,2022-03-20,,88.51,112.29,Active,0.17048419975816087,18.557297297297303
PRD-00292,87,14033.81,4242.349999999999,1227.22,3015.1299999999997,LEG-100291,AUR-000292,Mira Footwear Product 292,Mira,Fashion & Accessories,Footwear,SUP-037,2021-02-27,,112.3,166.97,Active,0.21484757168580734,34.65666666666666
PRD-00293,124,13663.37,5497.27,791.47,4705.800000000001,LEG-100292,AUR-000293,Nova Fitness Product 293,Pulse,Sport & Lifestyle,Fitness,SUP-018,2021-03-06,,66.08,114.29,Active,0.3444099076582132,37.95000000000001
PRD-00294,110,12672.85,6669.79,357.14,6312.65,LEG-100293,AUR-000294,Pulse Chargers Product 294,Solara,Electronics & Accessories,Chargers,SUP-006,2022-12-12,,54.65,119.05,Active,0.4981239421282505,57.38772727272727
PRD-00295,128,3411.21,825.0100000000001,115.13,709.8800000000001,LEG-100294,AUR-000295,Vela Skincare Product 295,Solara,Beauty & Personal Care,Skincare,SUP-037,2023-02-09,,20.24,27.41,Active,0.20810211039484527,5.545937500000001
PRD-00296,93,2776.12,1004.1700000000001,295.04,709.13,LEG-100295,AUR-000296,Mira Bags Product 296,Orion,Fashion & Accessories,Bags,SUP-016,2024-04-23,,19.01,31.14,Active,0.2554392461420976,7.62505376344086
PRD-00297,129,67960.98,28282.369999999995,1040.08,27242.289999999997,LEG-100296,AUR-000297,Pulse Furniture Product 297,Solara,Home & Living,Furniture,SUP-044,2023-01-18,2023-08-07,304.96,547.41,Discontinued,0.40085193003396946,211.1805426356589
PRD-00298,120,4359.759999999999,1419.7299999999996,330.08,1089.6499999999996,LEG-100297,AUR-000298,Luma Sports Product 298,Vela,Sport & Lifestyle,Sports Accessories,SUP-066,2024-01-26,,24.42,38.16,Active,0.24993348257702255,9.080416666666663
PRD-00299,110,10557.439999999999,4915.839999999999,100.07,4815.7699999999995,LEG-100298,AUR-000299,Aurelia Select Skincare Product 299,Aurelia Select,Beauty & Personal Care,Skincare,SUP-018,2021-09-16,,51.45,100.07,Active,0.45614940743210475,43.77972727272727
PRD-00300,91,7443.929999999999,1928.8199999999997,528.0999999999999,1400.7199999999998,LEG-100299,AUR-000300,Mira Computer Product 300,Luma,Electronics & Accessories,Computer Accessories,SUP-066,2020-11-13,,60.58,84.16,Active,0.18816942126000646,15.39252747252747
PRD-00301,128,21356.670000000002,8667.98,884.78,7783.2,LEG-100300,AUR-000301,Solara Kitchen Product 301,Luma,Home & Living,Kitchen,SUP-051,2023-06-06,2024-09-25,99.31,174.34,Discontinued,0.3644388380772845,60.80625
PRD-00302,119,4860.66,2373.9900000000002,383.40000000000003,1990.5900000000001,LEG-100301,AUR-000302,Solara Sports Product 302,Mira,Sport & Lifestyle,Sports Accessories,SUP-039,2020-01-03,,20.83,42.6,Active,0.4095308044586538,16.727647058823532
PRD-00303,146,24168.07,11845.369999999999,341.84,11503.529999999999,LEG-100302,AUR-000303,Solara Skincare Product 303,Solara,Beauty & Personal Care,Skincare,SUP-015,2020-08-16,,83.85,170.92,Active,0.4759804982358955,78.791301369863
PRD-00304,119,6574.53,1183.68,171.52,1012.1600000000001,LEG-100303,AUR-000304,Aurelia Select Fragrance Product 304,Mira,Beauty & Personal Care,Fragrance,SUP-034,2023-02-01,,45.62,57.17,Active,0.15395168932227857,8.505546218487396
PRD-00305,93,25751.620000000003,5604.730000000001,432.09000000000003,5172.640000000001,LEG-100304,AUR-000305,Aurelia Select Outdoor Product 305,Mira,Sport & Lifestyle,Outdoor,SUP-022,2021-12-23,,215.37,288.05,Active,0.20086658625748596,55.61978494623657
PRD-00306,124,4185.49,938.6299999999998,505.90999999999997,432.7199999999998,LEG-100305,AUR-000306,Luma Travel Product 306,Vela,Sport & Lifestyle,Travel,SUP-005,2024-06-18,,26.03,35.01,Active,0.10338574456037401,3.489677419354837
PRD-00307,115,10451.17,1988.4700000000003,592.25,1396.2200000000003,LEG-100306,AUR-000307,Vela Fitness Product 307,Aurelia Select,Sport & Lifestyle,Fitness,SUP-057,2024-04-12,,73.27,95.14,Active,0.13359461189512756,12.141043478260872
PRD-00308,104,4126.29,682.8399999999999,435.43,247.4099999999999,LEG-100307,AUR-000308,Luma Computer Product 308,Pulse,Electronics & Accessories,Computer Accessories,SUP-027,2025-08-26,,33.16,41.47,Active,0.05995943086889189,2.3789423076923066
PRD-00309,119,13025.85,5022.7,113.17,4909.53,LEG-100308,AUR-000309,Aurelia Select Cosmetics Product 309,Luma,Beauty & Personal Care,Cosmetics,SUP-067,2022-10-01,,67.24,113.17,Active,0.37690668939071154,41.256554621848736
PRD-00310,122,4988.35,939.1300000000002,101.56,837.5700000000003,LEG-100309,AUR-000310,Mira Kitchen Product 310,Pulse,Home & Living,Kitchen,SUP-041,2021-05-07,2021-12-14,33.13,42.31,Discontinued,0.16790521916064435,6.865327868852462
PRD-00311,114,1596.85,306.46999999999997,58.35,248.11999999999995,LEG-100310,AUR-000311,Solara Bedding Product 311,Solara,Home & Living,Bedding,SUP-034,2020-10-03,,11.3,14.59,Active,0.15538090615900052,2.176491228070175
PRD-00312,113,11145.46,5146.58,1142.19,4004.39,LEG-100311,AUR-000312,Vela Travel Product 312,Vela,Sport & Lifestyle,Travel,SUP-036,2024-07-18,,52.93,102.44,Active,0.3592844081805507,35.4370796460177
PRD-00313,74,3119.78,959.4400000000002,319.13,640.3100000000002,LEG-100312,AUR-000313,Vela Sports Product 313,Orion,Sport & Lifestyle,Sports Accessories,SUP-037,2023-06-16,,29.06,43.27,Active,0.20524203629743126,8.65283783783784
PRD-00314,120,6895.7699999999995,2527.2299999999996,360.71999999999997,2166.5099999999998,LEG-100313,AUR-000314,Solara Bedding Product 314,Mira,Home & Living,Bedding,SUP-045,2026-01-06,,36.46,60.12,Active,0.3141795622533814,18.05425
PRD-00315,114,4343.67,1519.4699999999998,113.53,1405.9399999999998,LEG-100314,AUR-000315,Orion Sports Product 315,Nova,Sport & Lifestyle,Sports Accessories,SUP-070,2025-04-18,,24.88,39.15,Active,0.323675601507481,12.332807017543859
PRD-00316,128,2003.1999999999998,601.2299999999998,37.349999999999994,563.8799999999999,LEG-100315,AUR-000316,Solara Cosmetics Product 316,Luma,Beauty & Personal Care,Cosmetics,SUP-038,2025-04-16,,11.03,16.24,Active,0.2814896166134185,4.405312499999999
PRD-00317,106,8119.42,2221.8799999999997,1511.22,710.6599999999999,LEG-100316,AUR-000317,Nova Footwear Product 317,Solara,Fashion & Accessories,Footwear,SUP-057,2022-08-12,,55.62,79.33,Active,0.08752595628751805,6.704339622641508
PRD-00318,92,28842.43,13983.91,485.83,13498.079999999998,LEG-100317,AUR-000318,Vela Computer Product 318,Vela,Electronics & Accessories,Computer Accessories,SUP-069,2020-03-15,,161.79,323.89,Active,0.46799385488670675,146.7182608695652
PRD-00319,124,6839.56,2161.8900000000003,230.92000000000002,1930.9700000000003,LEG-100318,AUR-000319,Luma Chargers Product 319,Nova,Electronics & Accessories,Chargers,SUP-031,2023-11-15,,37.65,57.02,Active,0.28232371673031603,15.572338709677421
PRD-00320,125,10442.59,5357.12,495.41999999999996,4861.7,LEG-100319,AUR-000320,Vela Furniture Product 320,Vela,Home & Living,Furniture,SUP-007,2024-10-19,,40.91,86.16,Active,0.4655645773701735,38.8936
PRD-00321,105,17708.1,6341.729999999999,916.24,5425.489999999998,LEG-100320,AUR-000321,Solara Bags Product 321,Mira,Fashion & Accessories,Bags,SUP-013,2022-07-28,,107.46,176.2,Active,0.3063846488330198,51.671333333333315
PRD-00322,120,12911.69,4858.22,438.8,4419.42,LEG-100321,AUR-000322,Luma Furniture Product 322,Pulse,Home & Living,Furniture,SUP-061,2022-06-06,,67.45,109.7,Active,0.3422805225342306,36.8285
PRD-00323,140,9166.57,1709.7200000000007,236.95,1472.7700000000007,LEG-100322,AUR-000323,Orion Haircare Product 323,Solara,Beauty & Personal Care,Haircare,SUP-037,2022-02-08,,53.14,67.7,Active,0.1606675124937682,10.51978571428572
PRD-00324,121,19198.33,5925.8,2389.64,3536.1600000000003,LEG-100323,AUR-000324,Vela Women's Product 324,Aurelia Select,Fashion & Accessories,Women's Clothing,SUP-023,2025-09-02,,109.9,162.56,Active,0.18419102078149505,29.22446280991736
PRD-00325,111,7868.990000000001,2015.8100000000006,72.76,1943.0500000000006,LEG-100324,AUR-000325,Aurelia Select Haircare Product 325,Pulse,Beauty & Personal Care,Haircare,SUP-064,2021-05-29,,52.74,72.76,Active,0.24692495479089444,17.50495495495496
PRD-00326,126,17692.3,6735.530000000001,1738.8,4996.730000000001,LEG-100325,AUR-000326,Aurelia Select Kitchen Product 326,Aurelia Select,Home & Living,Kitchen,SUP-039,2020-09-08,2022-09-06,86.79,144.9,Discontinued,0.28242399235825766,39.656587301587315
PRD-00327,108,23141.68,6835.83,2956.87,3878.9599999999996,LEG-100326,AUR-000327,Solara Fitness Product 327,Orion,Sport & Lifestyle,Fitness,SUP-059,2020-09-06,,150.59,223.16,Active,0.1676179084664553,35.916296296296295
PRD-00328,121,8021.11,1291.0699999999995,344.40999999999997,946.6599999999995,LEG-100327,AUR-000328,Luma Travel Product 328,Mira,Sport & Lifestyle,Travel,SUP-035,2026-01-26,,55.5,68.88,Active,0.11802107189653296,7.82363636363636
PRD-00329,102,8493.050000000001,1293.680000000001,326.0,967.6800000000009,LEG-100328,AUR-000329,Solara Furniture Product 329,Luma,Home & Living,Furniture,SUP-059,2022-03-16,,70.43,86.93,Active,0.1139378668440667,9.48705882352942
PRD-00330,135,2679.4599999999996,881.6299999999998,133.76999999999998,747.8599999999998,LEG-100329,AUR-000330,Aurelia Select Smart Product 330,Solara,Electronics & Accessories,Smart Devices,SUP-038,2024-11-19,2026-08-26,13.33,20.58,Discontinued,0.2791084770812029,5.539703703703702
PRD-00331,139,5877.280000000001,2856.8300000000004,412.02000000000004,2444.8100000000004,LEG-100330,AUR-000331,Luma Outdoor Product 331,Pulse,Sport & Lifestyle,Outdoor,SUP-055,2025-03-02,,21.57,43.6,Active,0.4159764380802004,17.58856115107914
PRD-00332,113,14711.54,3692.61,1087.01,2605.6000000000004,LEG-100331,AUR-000332,Nova Sports Product 332,Pulse,Sport & Lifestyle,Sports Accessories,SUP-013,2024-05-31,,97.22,135.03,Active,0.1771126612169766,23.05840707964602
PRD-00333,114,2178.85,775.9099999999999,102.9,673.0099999999999,LEG-100332,AUR-000333,Mira Home Product 333,Solara,Home & Living,Home Décor,SUP-032,2021-01-20,,12.3,19.79,Active,0.30888312641990034,5.903596491228069
PRD-00334,126,4336.2,2055.89,313.2,1742.69,LEG-100333,AUR-000334,Pulse Footwear Product 334,Vela,Fashion & Accessories,Footwear,SUP-058,2025-08-05,,18.12,36.0,Active,0.401893362852267,13.830873015873017
PRD-00335,107,8550.86,2461.210000000001,445.01000000000005,2016.2000000000007,LEG-100334,AUR-000335,Orion Chargers Product 335,Aurelia Select,Electronics & Accessories,Chargers,SUP-034,2021-03-26,2022-08-07,56.68,83.18,Discontinued,0.23578914869381568,18.842990654205614
PRD-00336,142,20767.3,7665.839999999998,908.5199999999999,6757.319999999998,LEG-100335,AUR-000336,Aurelia Select Smart Product 336,Nova,Electronics & Accessories,Smart Devices,SUP-060,2025-04-30,,92.55,151.42,Active,0.325382692983681,47.58676056338027
PRD-00337,120,4705.93,1450.5399999999997,277.84,1172.6999999999998,LEG-100336,AUR-000337,Pulse Smart Product 337,Orion,Electronics & Accessories,Smart Devices,SUP-016,2026-02-21,,27.18,41.01,Active,0.2491962268882027,9.772499999999999
PRD-00338,109,4799.51,2178.1400000000003,360.21000000000004,1817.9300000000003,LEG-100337,AUR-000338,Vela Chargers Product 338,Vela,Electronics & Accessories,Chargers,SUP-018,2022-06-06,,23.9,45.45,Active,0.37877408318765876,16.678256880733947
PRD-00339,107,10519.5,2727.6199999999994,204.76,2522.8599999999997,LEG-100338,AUR-000339,Mira Haircare Product 339,Solara,Beauty & Personal Care,Haircare,SUP-054,2024-10-19,2027-04-03,72.44,102.38,Discontinued,0.2398269879747136,23.578130841121492
PRD-00340,122,12789.93,4168.98,536.78,3632.2,LEG-100339,AUR-000340,Vela Travel Product 340,Vela,Sport & Lifestyle,Travel,SUP-011,2022-11-06,,71.04,109.55,Active,0.2839890445061075,29.772131147540982
PRD-00341,121,6330.91,1852.02,319.65999999999997,1532.36,LEG-100340,AUR-000341,Solara Travel Product 341,Nova,Sport & Lifestyle,Travel,SUP-015,2024-07-14,,36.87,54.18,Active,0.24204419269899588,12.664132231404958
PRD-00342,124,11859.99,3902.459999999999,1302.94,2599.5199999999995,LEG-100341,AUR-000342,Luma Men's Product 342,Luma,Fashion & Accessories,Men's Clothing,SUP-042,2026-04-25,,64.08,98.71,Active,0.21918399593928828,20.963870967741933
PRD-00343,114,7326.9400000000005,1613.7200000000003,388.71000000000004,1225.0100000000002,LEG-100342,AUR-000343,Nova Travel Product 343,Vela,Sport & Lifestyle,Travel,SUP-063,2023-06-07,,50.07,66.73,Active,0.1671925797126768,10.745701754385967
PRD-00344,115,6077.32,3096.47,558.96,2537.5099999999998,LEG-100343,AUR-000344,Aurelia Select Bags Product 344,Mira,Fashion & Accessories,Bags,SUP-017,2021-04-21,,25.73,54.8,Active,0.4175376646284875,22.065304347826086
PRD-00345,133,32685.88,5924.12,2266.67,3657.45,LEG-100344,AUR-000345,Mira Travel Product 345,Aurelia Select,Sport & Lifestyle,Travel,SUP-060,2022-08-29,,200.67,253.97,Active,0.11189694143159064,27.499624060150374
PRD-00346,105,62956.520000000004,24603.110000000004,3126.04,21477.070000000003,LEG-100345,AUR-000346,Pulse Audio Product 346,Orion,Electronics & Accessories,Audio,SUP-001,2022-05-13,,364.13,622.1,Active,0.34114131467241204,204.54352380952383
PRD-00347,111,12695.64,4459.759999999999,525.01,3934.749999999999,LEG-100346,AUR-000347,Aurelia Select Furniture Product 347,Pulse,Home & Living,Furniture,SUP-045,2022-10-26,,74.24,119.32,Active,0.309929235548582,35.44819819819819
PRD-00348,124,40893.13,6972.0199999999995,1246.96,5725.0599999999995,LEG-100347,AUR-000348,Nova Women's Product 348,Mira,Fashion & Accessories,Women's Clothing,SUP-005,2021-05-03,,275.03,341.63,Active,0.1400005330968796,46.169838709677414
PRD-00349,121,7329.69,1211.3999999999999,283.36,928.0399999999997,LEG-100348,AUR-000349,Luma Computer Product 349,Luma,Electronics & Accessories,Computer Accessories,SUP-054,2024-08-20,,50.58,62.97,Active,0.12661381313534403,7.6697520661157
PRD-00350,142,3940.27,795.4600000000002,369.98,425.48000000000013,LEG-100349,AUR-000350,Mira Computer Product 350,Pulse,Electronics & Accessories,Computer Accessories,SUP-049,2021-11-09,,22.1,28.46,Active,0.1079824479033163,2.996338028169015
PRD-00351,116,13342.85,4596.3099999999995,1553.82,3042.4899999999993,LEG-100350,AUR-000351,Solara Men's Product 351,Nova,Fashion & Accessories,Men's Clothing,SUP-023,2020-05-23,,75.67,121.63,Active,0.22802399787151914,26.228362068965513
PRD-00352,105,6214.83,1862.0799999999997,719.77,1142.3099999999997,LEG-100351,AUR-000352,Luma Travel Product 352,Vela,Sport & Lifestyle,Travel,SUP-001,2025-03-17,2026-09-12,40.97,60.87,Discontinued,0.18380390131347113,10.879142857142854
PRD-00353,118,2638.13,737.89,337.25,400.64,LEG-100352,AUR-000353,Mira Footwear Product 353,Pulse,Fashion & Accessories,Footwear,SUP-069,2025-03-14,,16.23,23.02,Active,0.15186514690329891,3.3952542372881354
PRD-00354,115,3513.92,674.6700000000002,180.12,494.55000000000024,LEG-100353,AUR-000354,Vela Haircare Product 354,Mira,Beauty & Personal Care,Haircare,SUP-045,2021-03-30,,24.81,31.6,Active,0.14074025589654865,4.300434782608698
PRD-00355,122,24600.399999999998,11609.109999999999,281.32,11327.789999999999,LEG-100354,AUR-000355,Vela Kitchen Product 355,Nova,Home & Living,Kitchen,SUP-005,2020-10-31,,106.88,208.39,Active,0.46047178094665125,92.85073770491803
PRD-00356,133,2934.3,559.3800000000001,0.0,559.3800000000001,LEG-100355,AUR-000356,Vela Skincare Product 356,Vela,Beauty & Personal Care,Skincare,SUP-009,2026-05-31,,17.75,22.96,Active,0.19063490440650244,4.205864661654136
PRD-00357,100,12577.32,4525.589999999999,1031.84,3493.749999999999,LEG-100356,AUR-000357,Mira Women's Product 357,Aurelia Select,Fashion & Accessories,Women's Clothing,SUP-032,2026-05-05,,80.58,130.2,Active,0.27778175318748344,34.93749999999999
PRD-00358,139,26740.54,9038.050000000001,2465.23,6572.8200000000015,LEG-100357,AUR-000358,Mira Bags Product 358,Vela,Fashion & Accessories,Bags,SUP-070,2025-11-27,,128.8,200.83,Active,0.24579982304022288,47.286474820143894
PRD-00359,123,8146.410000000001,2145.7800000000007,241.06,1904.7200000000007,LEG-100358,AUR-000359,Luma Furniture Product 359,Orion,Home & Living,Furniture,SUP-030,2021-04-12,2022-08-26,48.65,70.9,Discontinued,0.233810967039469,15.485528455284559
PRD-00360,113,5306.25,2402.78,569.03,1833.7500000000002,LEG-100359,AUR-000360,Solara Sports Product 360,Vela,Sport & Lifestyle,Sports Accessories,SUP-039,2024-10-04,,25.52,48.02,Active,0.345583038869258,16.227876106194692
PRD-00361,97,17469.48,2596.180000000001,756.44,1839.7400000000014,LEG-100360,AUR-000361,Pulse Home Product 361,Orion,Home & Living,Home Décor,SUP-036,2022-12-06,,153.57,190.3,Active,0.10531166354121596,18.966391752577334
PRD-00362,124,3877.6600000000003,2050.21,234.33,1815.88,LEG-100361,AUR-000362,Pulse Men's Product 362,Mira,Fashion & Accessories,Men's Clothing,SUP-007,2025-05-17,,14.73,32.1,Active,0.4682927332463393,14.644193548387097
PRD-00363,109,18397.07,9467.550000000001,890.9,8576.650000000001,LEG-100362,AUR-000363,Solara Computer Product 363,Pulse,Electronics & Accessories,Computer Accessories,SUP-053,2021-06-08,,81.69,178.18,Active,0.4661965193370467,78.68486238532111
PRD-00364,124,6922.27,1476.2300000000002,370.63000000000005,1105.6000000000001,LEG-100363,AUR-000364,Pulse Kitchen Product 364,Luma,Home & Living,Kitchen,SUP-069,2026-02-17,,43.52,57.02,Active,0.15971639361076642,8.916129032258066
PRD-00365,124,21985.940000000002,11016.6,257.68,10758.92,LEG-100364,AUR-000365,Vela Haircare Product 365,Orion,Beauty & Personal Care,Haircare,SUP-019,2020-05-31,,88.79,184.06,Active,0.48935456023258495,86.76548387096774
PRD-00366,103,7018.92,1418.6100000000001,182.03,1236.5800000000002,LEG-100365,AUR-000366,Pulse Skincare Product 366,Pulse,Beauty & Personal Care,Skincare,SUP-068,2023-05-02,,54.26,72.81,Active,0.1761781014743009,12.005631067961167
PRD-00367,128,4778.54,2430.84,436.11,1994.7300000000002,LEG-100366,AUR-000367,Vela Bedding Product 367,Orion,Home & Living,bedding,SUP-027,2025-04-05,,18.22,38.85,Active,0.41743503245761265,15.583828125000002
PRD-00368,118,4675.05,1135.0999999999997,496.08,639.0199999999998,LEG-100367,AUR-000368,Mira Audio Product 368,Solara,Electronics & Accessories,Audio,SUP-012,2022-09-04,,30.07,40.83,Active,0.13668730815713195,5.415423728813558
PRD-00369,109,11025.21,4911.45,832.87,4078.58,LEG-100368,AUR-000369,Aurelia Select Outdoor Product 369,Orion,Sport & Lifestyle,Outdoor,SUP-049,2022-11-16,,55.68,104.11,Active,0.3699321826976539,37.41816513761468
PRD-00370,102,10252.48,2901.329999999999,659.9699999999999,2241.359999999999,LEG-100369,AUR-000370,Nova Fitness Product 370,Vela,Sport & Lifestyle,Fitness,SUP-028,2021-03-21,,71.76,102.32,Active,0.21861637379443796,21.974117647058815
PRD-00371,103,13314.58,3220.7499999999995,0.0,3220.7499999999995,LEG-100370,AUR-000371,Solara Haircare Product 371,Orion,Beauty & Personal Care,Haircare,SUP-002,2024-04-16,,97.23,132.22,Active,0.24189647739545667,31.26941747572815
PRD-00372,106,20201.66,10438.4,388.68,10049.72,LEG-100371,AUR-000372,Nova Home Product 372,Mira,Home & Living,Home Décor,SUP-032,2025-01-05,2025-12-05,92.01,194.34,Discontinued,0.4974700098902763,94.80867924528302
PRD-00373,110,2952.11,1042.1299999999999,235.99,806.14,LEG-100372,AUR-000373,Pulse Outdoor Product 373,Vela,Sport & Lifestyle,Outdoor,SUP-042,2020-03-16,,17.38,27.68,Active,0.2730724803615041,7.328545454545455
PRD-00374,109,1125.9199999999998,370.44999999999993,125.58,244.86999999999995,LEG-100373,AUR-000374,Mira Computer Product 374,Solara,Electronics & Accessories,Computer Accessories,SUP-040,2023-05-04,,6.9,10.78,Active,0.2174843683387807,2.2465137614678894
PRD-00375,117,4852.0199999999995,844.9999999999999,237.11,607.8899999999999,LEG-100374,AUR-000375,Mira Chargers Product 375,Mira,Electronics & Accessories,Chargers,SUP-013,2024-10-27,,34.29,43.11,Active,0.1252859633719564,5.195641025641025
PRD-00376,115,6832.59,1166.8899999999999,92.41,1074.48,LEG-100375,AUR-000376,Vela Fragrance Product 376,Solara,Beauty & Personal Care,Fragrance,SUP-041,2023-11-24,,49.36,61.61,Active,0.15725808222065132,9.343304347826088
PRD-00377,118,37000.55,18365.950000000004,274.8,18091.15,LEG-100376,AUR-000377,Vela Skincare Product 377,Luma ,Beauty & Personal Care,Skincare,SUP-003,2021-11-09,2023-06-01,157.83,323.29,Discontinued,0.48894273193236315,153.31483050847459
PRD-00378,101,13063.8,5230.4800000000005,510.98,4719.5,LEG-100377,AUR-000378,Orion Computer Product 378,Luma,Electronics & Accessories,Computer Accessories,SUP-026,2024-11-29,,78.02,134.47,Active,0.3612654817128248,46.727722772277225
PRD-00379,125,12115.54,5801.83,445.76,5356.07,LEG-100378,AUR-000379,Pulse Smart Product 379,Vela,Electronics & Accessories,Smart Devices,SUP-064,2025-02-19,,50.4,100.17,Active,0.44208264757493265,42.84856
PRD-00380,115,36819.69,14925.520000000002,2220.46,12705.060000000003,LEG-100379,AUR-000380,Orion Sports Product 380,Mira,Sport & Lifestyle,Sports Accessories,SUP-063,2025-02-10,,190.51,331.41,Active,0.3450615689594345,110.47878260869568
PRD-00381,102,4466.28,1410.13,45.32,1364.81,LEG-100380,AUR-000381,Solara Haircare Product 381,Luma,Beauty & Personal Care,Haircare,SUP-018,2024-05-31,,30.04,45.32,Active,0.30558093088655436,13.380490196078432
PRD-00382,122,12012.09,5143.95,810.38,4333.57,LEG-100381,AUR-000382,Luma Travel Product 382,Aurelia Select,Sport & Lifestyle,Travel,SUP-068,2023-03-21,,56.16,102.58,Active,0.3607673602179138,35.52106557377049
PRD-00383,122,2416.38,500.70000000000016,198.13,302.57000000000016,LEG-100382,AUR-000383,Aurelia Select Women's Product 383,Aurelia Select,Fashion & Accessories,Women's Clothing,SUP-053,2023-01-08,,15.84,20.53,Active,0.12521623254620554,2.480081967213116
PRD-00384,104,9842.51,4208.73,99.52,4109.21,LEG-100383,AUR-000384,Nova Home Product 384,Luma,Home & Living,Home Décor,SUP-002,2021-06-23,,54.09,99.52,Active,0.41749614681620845,39.511634615384615
PRD-00385,126,61501.840000000004,31594.74,1396.61,30198.13,LEG-100384,AUR-000385,Solara Bedding Product 385,Aurelia Select,Home & Living,Bedding,SUP-062,2025-11-17,,236.8,507.86,Active,0.4910118136302914,239.66769841269843
PRD-00386,126,30779.93,8243.890000000001,0.0,8243.890000000001,LEG-100385,AUR-000386,Aurelia Select Skincare Product 386,Pulse,Beauty & Personal Care,Skincare,SUP-002,2022-02-26,,180.21,253.02,Active,0.26783329266830697,65.42769841269842
PRD-00387,119,14182.22,5966.19,1812.06,4154.129999999999,LEG-100386,AUR-000387,Orion Footwear Product 387,Aurelia Select,Fashion & Accessories,Footwear,SUP-065,2023-06-24,,68.78,123.27,Active,0.29291112392841173,34.90865546218487
PRD-00388,110,16791.15,5659.65,0.0,5659.65,LEG-100387,AUR-000388,Nova Haircare Product 388,Nova,Beauty & Personal Care,Haircare,SUP-068,2025-04-09,,100.95,157.0,Active,0.33706148774801004,51.45136363636363
PRD-00389,137,6091.9,1220.0800000000002,146.85,1073.23,LEG-100388,AUR-000389,Vela Home Product 389,Orion,Home & Living,Home Décor,SUP-046,2020-12-19,,35.47,45.89,Active,0.17617327927247659,7.833795620437956
PRD-00390,137,4230.84,699.4699999999998,300.34,399.1299999999998,LEG-100389,AUR-000390,Nova Computer Product 390,Solara,Electronics & Accessories,Computer Accessories,SUP-052,2022-10-11,,25.79,32.47,Active,0.09433824016034636,2.9133576642335752
PRD-00391,123,5574.3,2564.0499999999997,0.0,2564.0499999999997,LEG-100390,AUR-000391,Vela Haircare Product 391,Orion,Beauty & Personal Care,Haircare,SUP-011,2023-02-28,,24.41,47.08,Active,0.4599770374755574,20.84593495934959
PRD-00392,95,4575.26,1073.15,361.79,711.36,LEG-100391,AUR-000392,Pulse Women's Product 392,Pulse,Fashion & Accessories,Women's Clothing,SUP-049,2022-03-26,,36.73,50.25,Active,0.15547968858600386,7.488
PRD-00393,129,8614.06,2496.53,132.53,2364.0,LEG-100392,AUR-000393,Aurelia Select Travel Product 393,Aurelia Select,Sport & Lifestyle,Travel,SUP-022,2022-05-15,,47.08,69.75,Active,0.2744350515320302,18.325581395348838
PRD-00394,107,7740.47,2126.7900000000004,918.1800000000001,1208.6100000000006,LEG-100393,AUR-000394,Pulse Bags Product 394,Solara,Fashion & Accessories,Bags,SUP-013,2021-03-16,,52.97,75.26,Active,0.1561416813190931,11.295420560747669
PRD-00395,139,15282.0,4188.14,1290.48,2897.6600000000003,LEG-100394,AUR-000395,Vela Fitness Product 395,Vela,Sport & Lifestyle,Fitness,SUP-061,2021-10-16,,80.13,113.2,Active,0.18961261614971864,20.846474820143886
PRD-00396,126,3830.2200000000003,1717.5500000000002,246.33,1471.2200000000003,LEG-100395,AUR-000396,Nova Audio Product 396,Orion,Electronics & Accessories,Audio,SUP-070,2020-05-21,,16.82,31.28,Active,0.3841084846301257,11.676349206349208
PRD-00397,134,11220.62,5327.7300000000005,1061.54,4266.1900000000005,LEG-100396,AUR-000397,Luma Fitness Product 397,Solara,Sport & Lifestyle,Fitness,SUP-003,2026-02-10,,43.79,87.73,Active,0.38020982797742015,31.837238805970152
PRD-00398,126,1976.05,964.5400000000001,48.29,916.25,LEG-100397,AUR-000398,Pulse Home Product 398,Nova,Home & Living,Home Décor,SUP-039,2025-06-20,,7.97,16.23,Active,0.46367753852382276,7.271825396825397
PRD-00399,106,15083.080000000002,2727.160000000001,948.6700000000001,1778.4900000000011,LEG-100398,AUR-000399,Pulse Home Product 399,Solara,Home & Living,Home Décor,SUP-050,2025-12-20,2027-10-07,116.19,147.08,Discontinued,0.11791291964240731,16.77820754716982
PRD-00400,144,17417.86,5263.4800000000005,295.32,4968.16,LEG-100399,AUR-000400,Solara Furniture Product 400,Aurelia Select,Home & Living,Furniture,SUP-013,2023-02-19,,84.11,125.67,Active,0.28523366245910803,34.50111111111111
PRD-00401,127,25918.420000000002,12183.730000000001,531.55,11652.18,LEG-100400,AUR-000401,Nova Haircare Product 401,Solara,Beauty & Personal Care,Haircare,SUP-051,2026-07-02,,108.53,212.62,Active,0.4495713859100979,91.74944881889763
PRD-00402,122,21344.73,10048.299999999997,1120.53,8927.769999999999,LEG-100401,AUR-000402,Orion Audio Product 402,Mira,Electronics & Accessories,Audio,SUP-063,2020-09-17,,92.25,182.2,Active,0.4182657733314031,73.17844262295081
PRD-00403,135,41711.520000000004,20346.800000000003,1479.3600000000001,18867.440000000002,LEG-100402,AUR-000403,Pulse Kitchen Product 403,Pulse,Home & Living,Kitchen,SUP-024,2021-01-19,,157.82,321.6,Active,0.45233163404258586,139.75881481481483
PRD-00404,103,8410.51,3199.69,225.71,2973.98,LEG-100403,AUR-000404,Nova Travel Product 404,Orion,Sport & Lifestyle,Travel,SUP-032,2022-01-24,,50.73,85.17,Active,0.3536028136224795,28.87359223300971
PRD-00405,111,2750.05,1011.23,459.66,551.57,LEG-100404,AUR-000405,Orion Women's Product 405,Luma,Fashion & Accessories,Women's Clothing,SUP-049,2024-01-15,,15.7,25.57,Active,0.20056726241341066,4.9690990990990995
PRD-00406,130,2864.0699999999997,500.08999999999975,53.65,446.43999999999977,LEG-100405,AUR-000406,Solara Bedding Product 406,Solara,Home & Living,Bedding,SUP-014,2021-12-12,,18.23,22.83,Active,0.15587607844780324,3.4341538461538446
PRD-00407,114,9089.59,4298.49,963.11,3335.38,LEG-100406,AUR-000407,Orion Women's Product 407,Mira,Fashion & Accessories,Women's Clothing,SUP-047,2020-01-08,,42.27,82.67,Active,0.36694504372584463,29.257719298245615
PRD-00408,131,22380.2,10162.25,775.46,9386.79,LEG-100407,AUR-000408,Luma Audio Product 408,Nova,Electronics & Accessories,Audio,SUP-024,2024-06-23,,93.7,180.34,Active,0.4194238657384653,71.65488549618321
PRD-00409,93,4834.83,992.9400000000003,105.34,887.6000000000004,LEG-100408,AUR-000409,Pulse Cosmetics Product 409,Nova,Beauty & Personal Care,Cosmetics,SUP-004,2021-12-19,,41.49,54.02,Active,0.18358453141061845,9.54408602150538
PRD-00410,122,4693.29,1229.2800000000002,333.86,895.4200000000001,LEG-100409,AUR-000410,Nova Footwear Product 410,Solara,Fashion & Accessories,Footwear,SUP-050,2024-06-14,,28.27,39.39,Active,0.19078727289385486,7.3395081967213125
PRD-00411,130,11339.53,3405.8600000000006,1101.13,2304.7300000000005,LEG-100410,AUR-000411,Pulse Footwear Product 411,Pulse,Fashion & Accessories,Footwear,SUP-011,2026-06-24,,61.16,92.53,Active,0.2032474009063868,17.728692307692313
PRD-00412,118,9980.85,4459.1,716.06,3743.04,LEG-100411,AUR-000412,Luma Outdoor Product 412,Pulse,Sport & Lifestyle,Outdoor,SUP-022,2022-11-04,,46.81,87.59,Active,0.375022167450668,31.720677966101693
PRD-00413,93,2410.0299999999997,570.8999999999999,109.17,461.7299999999999,LEG-100412,AUR-000413,Orion Kitchen Product 413,Orion,Home & Living,Kitchen,SUP-064,2024-06-11,,19.74,26.63,Active,0.19158682671999933,4.9648387096774185
PRD-00414,104,1454.51,237.04000000000008,47.45,189.59000000000006,LEG-100413,AUR-000414,Luma Furniture Product 414,Pulse,Home & Living,Furniture,SUP-036,2020-01-11,,11.59,14.38,Active,0.13034630219111595,1.8229807692307698
PRD-00415,106,9596.71,4423.57,141.39999999999998,4282.17,LEG-100414,AUR-000415,Mira Fragrance Product 415,Nova,Beauty & Personal Care,Fragrance,SUP-047,2025-01-16,,49.05,94.27,Active,0.4462122956721627,40.397830188679244
PRD-00416,135,3347.47,982.2199999999998,151.1,831.1199999999999,LEG-100415,AUR-000416,Mira Smart Product 416,Vela,Electronics & Accessories,Smart Devices,SUP-059,2020-08-01,,17.56,25.72,Active,0.2482830316627184,6.1564444444444435
PRD-00417,123,4854.4,1459.57,456.13,1003.44,LEG-100416,AUR-000417,Orion Men's Product 417,Aurelia Select,Fashion & Accessories,Men's Clothing,SUP-051,2022-11-10,,27.4,41.0,Active,0.20670731707317075,8.158048780487805
PRD-00418,119,9890.279999999999,4152.839999999999,505.21,3647.6299999999997,LEG-100417,AUR-000418,Solara Computer Product 418,Mira,Electronics & Accessories,Computer Accessories,SUP-043,2023-02-24,,48.34,85.63,Active,0.3688095786974686,30.652352941176467
PRD-00419,132,14228.800000000001,4328.26,438.54,3889.7200000000003,LEG-100418,AUR-000419,Orion Haircare Product 419,Solara,Beauty & Personal Care,Haircare,SUP-026,2021-08-06,,74.95,111.73,Active,0.27336950410435173,29.46757575757576
PRD-00420,100,4629.01,2060.16,143.46,1916.7,LEG-100419,AUR-000420,Luma Fragrance Product 420,Pulse,Beauty & Personal Care,Fragrance,SUP-041,2026-01-25,2027-06-28,25.86,47.82,Discontinued,0.41406261814081197,19.167
PRD-00421,127,3286.33,740.4599999999999,150.42,590.04,LEG-100420,AUR-000421,Vela Computer Product 421,Solara,Electronics & Accessories,Computer Accessories,SUP-049,2023-01-28,,20.18,26.86,Active,0.1795437463675285,4.645984251968503
PRD-00422,117,16816.11,7693.979999999999,1245.61,6448.369999999999,LEG-100421,AUR-000422,Solara Computer Product 422,Nova,Electronics & Accessories,Computer Accessories,SUP-026,2021-05-23,,77.92,148.29,Active,0.38346383319328897,55.1142735042735
PRD-00423,130,11737.44,3074.6699999999996,139.45,2935.22,LEG-100422,AUR-000423,Aurelia Select Outdoor Product 423,Mira,Sport & Lifestyle,Outdoor,SUP-027,2025-12-18,,66.8,92.97,Active,0.2500732698101119,22.578615384615382
PRD-00424,120,14139.960000000001,7184.22,876.09,6308.13,LEG-100423,AUR-000424,Nova Fragrance Product 424,Pulse,Beauty & Personal Care,Fragrance,SUP-064,2023-05-17,,57.69,122.53,Active,0.44612078110546277,52.567750000000004
PRD-00425,118,2672.28,825.47,34.53,790.94,LEG-100424,AUR-000425,Vela Kitchen Product 425,Orion,Home & Living,Kitchen,SUP-020,2022-08-22,2023-04-28,15.74,23.41,Discontinued,0.29597946322990104,6.702881355932204
PRD-00426,118,12130.36,5488.42,212.72,5275.7,LEG-100425,AUR-000426,Nova Cosmetics Product 426,Mira,Beauty & Personal Care,Cosmetics,SUP-062,2021-01-23,,56.41,106.36,Active,0.43491701812642,44.7093220338983
PRD-00427,100,11946.54,5719.42,661.65,5057.77,LEG-100426,AUR-000427,Pulse Travel Product 427,Aurelia Select,Sport & Lifestyle,Travel,SUP-047,2021-08-18,,62.47,123.67,Active,0.42336693301993716,50.57770000000001
PRD-00428,103,13954.73,6647.53,334.28,6313.25,LEG-100427,AUR-000428,Nova Fitness Product 428,Vela,Sport & Lifestyle,Fitness,SUP-046,2025-07-29,,70.99,142.25,Active,0.45240932644343534,61.29368932038835
PRD-00429,123,6724.29,2949.0499999999997,50.98,2898.0699999999997,LEG-100428,AUR-000429,Pulse Furniture Product 429,Solara,Home & Living,Furniture,SUP-056,2023-12-17,,30.52,56.65,Active,0.43098527874318326,23.561544715447152
PRD-00430,110,22417.949999999997,9473.789999999999,2002.34,7471.449999999999,LEG-100429,AUR-000430,Nova Women's Product 430,Orion ,Fashion & Accessories,Women's Clothing,SUP-029,2020-11-03,,116.65,211.89,Active,0.33327980479927916,67.92227272727271
PRD-00431,132,11078.56,3856.1400000000003,408.7,3447.4400000000005,LEG-100430,AUR-000431,Mira Outdoor Product 431,Solara,Sport & Lifestyle,Outdoor,SUP-051,2026-06-20,,54.92,87.89,Active,0.3111812365505987,26.1169696969697
PRD-00432,117,1460.19,278.42,25.96,252.46,LEG-100431,AUR-000432,Solara Haircare Product 432,Aurelia Select,Beauty & Personal Care,Haircare,SUP-062,2024-11-22,,10.08,12.98,Active,0.17289530814483048,2.157777777777778
PRD-00433,111,9442.02,3154.7800000000007,1249.0800000000002,1905.7000000000007,LEG-100432,AUR-000433,Pulse Footwear Product 433,Nova,Fashion & Accessories,Footwear,SUP-015,2023-04-27,,56.68,89.54,Active,0.2018318114132358,17.168468468468475
PRD-00434,133,9007.019999999999,4560.009999999999,522.45,4037.5599999999995,LEG-100433,AUR-000434,Orion Kitchen Product 434,Solara,Home & Living,Kitchen,SUP-059,2023-10-30,,33.59,69.66,Active,0.4482681286374406,30.357593984962403
PRD-00435,136,18382.28,7543.44,572.48,6970.959999999999,LEG-100434,AUR-000435,Solara Bedding Product 435,Mira,Home & Living,Bedding,SUP-013,2021-08-30,,79.47,139.63,Active,0.37922172875181964,51.257058823529405
PRD-00436,131,19489.47,10098.61,385.61,9713.0,LEG-100435,AUR-000436,Solara Cosmetics Product 436,Nova,Beauty & Personal Care,Cosmetics,SUP-039,2023-06-09,,71.66,154.25,Active,0.49837168481236277,74.14503816793894
PRD-00437,124,15465.050000000001,8071.67,707.72,7363.95,LEG-100436,AUR-000437,Aurelia Select Women's Product 437,Solara,Fashion & Accessories,Women's Clothing,SUP-014,2022-07-30,,59.74,131.06,Active,0.47616722868661915,59.38669354838709
PRD-00438,115,46673.939999999995,24549.239999999998,4099.01,20450.23,LEG-100437,AUR-000438,Luma Home Product 438,Luma,Home & Living,Home Décor,SUP-043,2022-04-24,2024-02-22,192.25,422.58,Discontinued,0.4381509253343515,177.82808695652173
PRD-00439,123,9078.2,2329.8700000000003,292.54,2037.3300000000004,LEG-100438,AUR-000439,Mira Travel Product 439,Vela,Sport & Lifestyle,Travel,SUP-052,2022-09-16,,54.67,76.48,Active,0.22442003921482234,16.56365853658537
PRD-00440,120,12979.039999999999,6845.66,639.14,6206.5199999999995,LEG-100439,AUR-000440,Pulse Home Product 440,Pulse,Home & Living,Home Décor,SUP-004,2023-02-26,,51.29,112.13,Active,0.4781956138512556,51.721
PRD-00441,114,7389.0199999999995,2098.4099999999994,318.05999999999995,1780.3499999999995,LEG-100440,AUR-000441,Mira Outdoor Product 441,Pulse,Sport & Lifestyle,Outdoor,SUP-050,2025-10-21,,46.56,66.96,Active,0.24094534863892636,15.61710526315789
PRD-00442,119,15822.759999999998,7456.069999999999,1328.86,6127.209999999999,LEG-100441,AUR-000442,Vela Men's Product 442,Orion,Fashion & Accessories,Men's Clothing,SUP-009,2026-03-25,,70.47,137.35,Active,0.3872402791927578,51.489159663865536
PRD-00443,106,4482.320000000001,1659.65,298.38,1361.2700000000002,LEG-100442,AUR-000443,Luma Fitness Product 443,Solara,Sport & Lifestyle,Fitness,SUP-042,2020-02-28,,26.63,43.56,Active,0.30369763872280425,12.842169811320757
PRD-00444,139,6770.68,1921.5800000000002,151.47000000000003,1770.1100000000004,LEG-100443,AUR-000444,Nova Bedding Product 444,Orion,Home & Living,Bedding,SUP-063,2025-05-17,2027-10-23,34.9,50.49,Discontinued,0.26143755132423924,12.734604316546765
PRD-00445,130,13233.09,6815.940000000001,686.1,6129.840000000001,LEG-100444,AUR-000445,Pulse Sports Product 445,Pulse,Sport & Lifestyle,Sports Accessories,SUP-015,2025-09-12,,49.45,105.15,Active,0.4632206083386421,47.152615384615395
PRD-00446,130,12446.369999999999,6074.639999999999,686.5600000000001,5388.08,LEG-100445,AUR-000446,Mira Chargers Product 446,Luma,Electronics & Accessories,Chargers,SUP-039,2020-05-02,,48.98,98.08,Active,0.4329037301638952,41.44676923076923
PRD-00447,98,7848.13,1805.59,488.94,1316.6499999999999,LEG-100446,AUR-000447,Luma Fitness Product 447,Solara,Sport & Lifestyle,Fitness,SUP-016,2023-08-07,,61.86,83.58,Active,0.16776607930806445,13.435204081632651
PRD-00448,120,45638.83,11148.05,4211.32,6936.73,LEG-100447,AUR-000448,Nova Kitchen Product 448,Luma,Home & Living,Kitchen,SUP-048,2023-06-29,2024-09-30,287.79,391.75,Discontinued,0.15199184554029976,57.806083333333326
PRD-00449,114,7207.120000000001,2807.6700000000005,112.35,2695.3200000000006,LEG-100448,AUR-000449,Pulse Bedding Product 449,Luma,Home & Living,Bedding,SUP-050,2026-04-19,,38.65,66.09,Active,0.3739801751601195,23.64315789473685
PRD-00450,113,11029.94,3796.8900000000003,300.27,3496.6200000000003,LEG-100449,AUR-000450,Mira Haircare Product 450,Luma,Beauty & Personal Care,Haircare,SUP-022,2020-10-22,,64.44,100.09,Active,0.3170116972531129,30.94353982300885
PRD-00451,117,25806.41,12683.259999999998,421.19,12262.069999999998,LEG-100450,AUR-000451,Luma Fragrance Product 451,Luma ,Beauty & Personal Care,Fragrance,SUP-041,2022-12-14,,111.88,227.67,Active,0.47515597868901555,104.80401709401707
PRD-00452,103,1800.8500000000001,654.3900000000001,0.0,654.3900000000001,LEG-100451,AUR-000452,Solara Skincare Product 452,Aurelia Select,Beauty & Personal Care,Skincare,SUP-063,2020-11-04,,11.1,18.32,Active,0.3633784046422523,6.3533009708737875
PRD-00453,130,15596.13,7835.839999999999,311.41999999999996,7524.419999999999,LEG-100452,AUR-000453,Pulse Home Product 453,Mira,Home & Living,Home Décor,SUP-053,2020-12-04,,59.66,124.57,Active,0.4824543011631731,57.88015384615384
PRD-00454,148,16138.250000000002,3737.7200000000007,320.74,3416.980000000001,LEG-100453,AUR-000454,Mira Cosmetics Product 454,Mira,Beauty & Personal Care,Cosmetics,SUP-022,2020-11-15,,83.46,112.54,Active,0.21173175530184504,23.08770270270271
PRD-00455,136,10028.72,5340.0,1325.94,4014.0599999999995,LEG-100454,AUR-000455,Vela Women's Product 455,Orion,Fashion & Accessories,Women's Clothing,SUP-005,2020-08-04,2021-02-24,34.33,75.66,Discontinued,0.4002564634370089,29.515147058823526
PRD-00456,112,5092.64,1909.5500000000004,450.66,1458.8900000000003,LEG-100455,AUR-000456,Orion Smart Product 456,Luma,Electronics & Accessories,Smart Devices,SUP-059,2020-11-14,,28.27,46.7,Active,0.28647027867667857,13.025803571428574
PRD-00457,111,12264.47,6028.05,567.8,5460.25,LEG-100456,AUR-000457,Nova Travel Product 457,Nova,Sport & Lifestyle,Travel,SUP-035,2022-01-08,,56.05,113.56,Active,0.4452088023371577,49.19144144144144
PRD-00458,155,4602.5599999999995,1498.2199999999998,250.79999999999998,1247.4199999999998,LEG-100457,AUR-000458,Aurelia Select Sports Product 458,Mira,Sport & Lifestyle,Sports Accessories,SUP-070,2024-03-12,,19.9,30.4,Active,0.2710274282138636,8.047870967741934
PRD-00459,122,3291.3700000000003,724.3200000000003,80.24000000000001,644.0800000000003,LEG-100458,AUR-000459,Nova Bedding Product 459,Vela,Home & Living,Bedding,SUP-039,2022-10-06,,20.95,27.67,Active,0.19568751006419824,5.279344262295084
PRD-00460,117,6346.22,1486.51,657.74,828.7700000000001,LEG-100459,AUR-000460,Orion Bags Product 460,Solara,Fashion & Accessories,Bags,SUP-012,2025-03-26,,41.59,57.07,Active,0.13059269927610453,7.083504273504274
PRD-00461,131,4835.6,1976.42,19.25,1957.17,LEG-100460,AUR-000461,Vela Skincare Product 461,Vela,Beauty & Personal Care,Skincare,SUP-045,2024-03-30,2026-08-29,21.8,38.5,Discontinued,0.4047419141368186,14.940229007633588
PRD-00462,100,9207.23,2343.4500000000003,416.55,1926.9000000000003,LEG-100461,AUR-000462,Luma Travel Product 462,Luma,Sport & Lifestyle,Travel,SUP-027,2024-12-11,,68.01,96.31,Active,0.20928118446047295,19.269000000000002
PRD-00463,111,5410.7699999999995,1449.5099999999995,169.32,1280.1899999999996,LEG-100462,AUR-000463,Solara Furniture Product 463,Orion,Home & Living,Furniture,SUP-069,2021-06-03,,35.4,49.8,Active,0.23660033599654018,11.53324324324324
PRD-00464,121,22366.72,8190.91,383.32,7807.589999999999,LEG-100463,AUR-000464,Orion Kitchen Product 464,Orion,Home & Living,Kitchen,SUP-035,2021-11-13,,117.85,191.66,Active,0.3490717458795925,64.52553719008264
PRD-00465,114,3821.62,808.3000000000001,272.24,536.0600000000001,LEG-100464,AUR-000465,Luma Fitness Product 465,Pulse,Sport & Lifestyle,Fitness,SUP-008,2024-02-01,,26.54,34.46,Active,0.1402703565503635,4.702280701754386
PRD-00466,122,6666.12,2793.54,390.8,2402.74,LEG-100465,AUR-000466,Luma Smart Product 466,Vela,Electronics & Accessories,Smart Devices,SUP-019,2024-01-02,,31.68,55.83,Active,0.3604405561256023,19.694590163934425
PRD-00467,111,6749.47,1234.9400000000003,660.84,574.1000000000003,LEG-100466,AUR-000467,Pulse Smart Product 467,Mira,Electronics & Accessories,Smart Devices,SUP-019,2020-06-26,,49.35,62.64,Active,0.08505853052165581,5.1720720720720745
PRD-00468,132,6735.139999999999,2929.56,281.84000000000003,2647.72,LEG-100467,AUR-000468,Pulse Sports Product 468,Pulse,Sport & Lifestyle,Sports Accessories,SUP-058,2025-01-24,,28.72,52.68,Active,0.3931202617911432,20.05848484848485
PRD-00469,115,8210.26,3643.7700000000004,631.85,3011.9200000000005,LEG-100468,AUR-000469,Pulse Women's Product 469,Orion,Fashion & Accessories,Women's Clothing,SUP-048,2021-07-22,,39.81,73.9,Active,0.36684830931054563,26.190608695652177
PRD-00470,122,36110.97,13948.0,450.05,13497.95,LEG-100469,AUR-000470,Solara Cosmetics Product 470,Aurelia Select,Beauty & Personal Care,Cosmetics,SUP-012,2024-09-27,,180.24,305.12,Active,0.3737908452749954,110.63893442622951
PRD-00471,117,11870.619999999999,4447.66,362.84,4084.8199999999997,LEG-100470,AUR-000471,Nova Fragrance Product 471,Pulse,Beauty & Personal Care,fragrance,SUP-028,2026-02-05,,63.27,105.94,Active,0.3441117650131164,34.91299145299145
PRD-00472,110,16221.64,5647.649999999999,290.49,5357.159999999998,LEG-100471,AUR-000472,Mira Haircare Product 472,Orion,Beauty & Personal Care,Haircare,SUP-042,2024-05-23,,96.2,152.89,Active,0.3302477431381783,48.701454545454524
PRD-00473,136,17570.63,5527.91,655.8199999999999,4872.089999999999,LEG-100472,AUR-000473,Luma Chargers Product 473,Mira,Electronics & Accessories,Chargers,SUP-044,2023-03-01,,88.36,136.63,Active,0.2772860164945707,35.824191176470585
PRD-00474,113,2601.41,586.8399999999999,334.21000000000004,252.62999999999994,LEG-100473,AUR-000474,Nova Women's Product 474,Mira,Fashion & Accessories,Women's Clothing,SUP-003,2022-10-19,2023-10-11,17.91,23.79,Discontinued,0.09711271964050264,2.235663716814159
PRD-00475,141,11161.38,3533.31,2142.61,1390.7,LEG-100474,AUR-000475,Mira Men's Product 475,Mira,Fashion & Accessories,Men's Clothing,SUP-001,2022-05-29,,54.3,82.25,Active,0.12459928790167525,9.863120567375887
PRD-00476,126,8638.13,3196.66,107.04,3089.62,LEG-100475,AUR-000476,Luma Haircare Product 476,Orion,Beauty & Personal Care,Haircare,SUP-021,2025-01-20,,43.47,71.36,Active,0.35767232028228335,24.52079365079365
PRD-00477,112,5277.379999999999,1152.9699999999996,65.53999999999999,1087.4299999999996,LEG-100476,AUR-000477,Solara Audio Product 477,Orion,Electronics & Accessories,Audio,SUP-011,2022-08-22,,36.8,48.55,Active,0.2060548984533992,9.709196428571426
PRD-00478,110,7046.28,2190.1599999999994,290.84,1899.3199999999993,LEG-100477,AUR-000478,Aurelia Select Smart Product 478,Pulse,Electronics & Accessories,Smart Devices,SUP-040,2024-02-12,,44.12,66.1,Active,0.26954932247937907,17.266545454545447
PRD-00479,122,3473.57,1728.7100000000003,157.76,1570.9500000000003,LEG-100478,AUR-000479,Nova Bedding Product 479,Nova,Home & Living,Bedding,SUP-001,2026-03-16,,14.23,29.35,Active,0.4522580515147241,12.876639344262298
PRD-00480,109,24827.51,13164.34,593.6700000000001,12570.67,LEG-100479,AUR-000480,Nova Bedding Product 480,Luma,Home & Living,Bedding,SUP-029,2023-04-15,,106.97,237.47,Active,0.506320206899524,115.32724770642201
PRD-00481,126,10983.12,2580.85,440.96,2139.89,LEG-100480,AUR-000481,Aurelia Select Travel Product 481,Aurelia Select,Sport & Lifestyle,Travel,SUP-044,2024-06-25,,66.13,90.92,Active,0.19483443684490379,16.98325396825397
PRD-00482,127,23590.879999999997,12617.509999999998,3209.98,9407.529999999999,LEG-100481,AUR-000482,Luma Bags Product 482,Mira,Fashion & Accessories,Bags,SUP-010,2021-09-22,,86.93,191.64,Active,0.3987782566822433,74.07503937007873
PRD-00483,120,10542.54,5087.840000000001,752.39,4335.450000000001,LEG-100482,AUR-000483,Nova Bedding Product 483,Nova,Home & Living,Bedding,SUP-014,2022-08-22,,45.49,90.65,Active,0.41123391516655383,36.128750000000004
PRD-00484,112,18248.02,8663.79,904.44,7759.350000000001,LEG-100483,AUR-000484,Orion Chargers Product 484,Luma,Electronics & Accessories,Chargers,SUP-049,2026-02-17,,85.73,167.49,Active,0.42521599603683036,69.27991071428572
PRD-00485,110,23160.35,12251.65,892.47,11359.179999999998,LEG-100484,AUR-000485,Nova Home Product 485,Aurelia Select,Home & Living,Home Décor,SUP-022,2022-12-13,,99.72,219.01,Active,0.49045804575492163,103.26527272727272
PRD-00486,121,14884.09,3753.3600000000006,613.78,3139.5800000000004,LEG-100485,AUR-000486,Vela Fragrance Product 486,Luma,Beauty & Personal Care,Fragrance,SUP-053,2026-06-22,,92.12,127.87,Active,0.21093530071371513,25.946942148760332
PRD-00487,122,13964.35,5083.780000000001,950.23,4133.550000000001,LEG-100486,AUR-000487,Vela Travel Product 487,Nova,Sport & Lifestyle,Travel,SUP-013,2021-02-22,,72.98,119.15,Active,0.29600733295856957,33.88155737704919
PRD-00488,126,10217.25,4467.29,251.76,4215.53,LEG-100487,AUR-000488,Pulse Furniture Product 488,Solara,Home & Living,Furniture,SUP-055,2023-04-28,,45.55,83.92,Active,0.4125894932589493,33.4565873015873
PRD-00489,136,6200.3,1254.9499999999998,358.27,896.68,LEG-100488,AUR-000489,Vela Smart Product 489,Orion,Electronics & Accessories,Smart Devices,SUP-011,2022-10-29,,36.19,46.83,Active,0.1446188087673177,6.593235294117647
PRD-00490,108,3102.43,744.76,177.96,566.8000000000001,LEG-100489,AUR-000490,Aurelia Select Kitchen Product 490,Orion,Home & Living,Kitchen,SUP-027,2021-03-28,,21.82,29.66,Active,0.18269549997904871,5.2481481481481485
PRD-00491,120,3555.44,552.37,267.37,285.00000000000006,LEG-100490,AUR-000491,Pulse Outdoor Product 491,Orion,Sport & Lifestyle,Outdoor,SUP-007,2026-05-31,,24.96,30.73,Active,0.08015885516279281,2.3750000000000004
PRD-00492,143,12352.279999999999,3196.0299999999993,279.28999999999996,2916.7399999999993,LEG-100491,AUR-000492,Pulse Bedding Product 492,Nova,Home & Living,Bedding,SUP-031,2022-01-29,2022-08-05,64.19,89.38,Discontinued,0.23612968617939356,20.396783216783213
PRD-00493,102,3987.66,552.55,41.43,511.1199999999999,LEG-100492,AUR-000493,Aurelia Select Skincare Product 493,Solara,Beauty & Personal Care,Skincare,SUP-041,2020-05-11,,33.64,41.43,Active,0.12817542117432276,5.010980392156862
PRD-00494,125,14549.189999999999,5591.789999999999,1273.82,4317.969999999999,LEG-100493,AUR-000494,Pulse Bedding Product 494,Solara,Home & Living,Bedding,SUP-070,2021-07-03,,71.91,120.74,Active,0.29678421960260326,34.54375999999999
PRD-00495,103,27626.100000000002,12424.590000000002,1599.49,10825.100000000002,LEG-100494,AUR-000495,Nova Bedding Product 495,Aurelia Select,Home & Living,Bedding,SUP-009,2022-12-03,,146.75,280.61,Active,0.39184322072243283,105.09805825242721
PRD-00496,131,10150.779999999999,2206.7999999999993,1572.52,634.2799999999993,LEG-100495,AUR-000496,Vela Footwear Product 496,Aurelia Select,Fashion & Accessories,Footwear,SUP-008,2023-11-26,,60.95,80.85,Active,0.06248583852669444,4.841832061068697
PRD-00497,112,9351.76,2121.550000000001,196.63,1924.920000000001,LEG-100496,AUR-000497,Pulse Fragrance Product 497,Pulse,Beauty & Personal Care,Fragrance,SUP-052,2025-12-09,,64.39,86.43,Active,0.2058350513700096,17.186785714285723
PRD-00498,103,5866.74,2224.14,385.37,1838.77,LEG-100497,AUR-000498,Orion Men's Product 498,Nova,Fashion & Accessories,Men's Clothing,SUP-040,2026-04-22,,35.47,59.29,Active,0.31342278676062,17.852135922330095
PRD-00499,112,15182.54,4941.370000000001,763.75,4177.620000000001,LEG-100498,AUR-000499,Luma Men's Product 499,Solara,Fashion & Accessories,Men's Clothing,SUP-051,2026-04-06,,91.0,141.43,Active,0.27515949241694737,37.30017857142858
PRD-00500,125,2613.57,417.6100000000001,130.68,286.9300000000001,LEG-100499,AUR-000500,Orion Fitness Product 500,Pulse,Sport & Lifestyle,Fitness,SUP-031,2020-09-08,,17.49,21.78,Active,0.10978470062022448,2.295440000000001
PRD-00501,114,9659.36,2990.8400000000006,1158.98,1831.8600000000008,LEG-100500,AUR-000501,Nova Men's Product 501,Pulse,Fashion & Accessories,Men's Clothing,SUP-015,2022-04-25,,58.62,89.15,Active,0.18964610491792425,16.06894736842106
PRD-00502,136,6371.08,2851.2799999999997,48.68,2802.6,LEG-100501,AUR-000502,Orion Skincare Product 502,Luma,Beauty & Personal Care,Skincare,SUP-016,2023-06-06,,25.93,48.69,Active,0.43989402110788123,20.60735294117647
PRD-00503,124,21006.84,7032.810000000001,2187.5,4845.310000000001,LEG-100502,AUR-000503,Aurelia Select Men's Product 503,Luma,Fashion & Accessories,Men's Clothing,SUP-064,2025-04-29,,111.85,173.61,Active,0.23065392034213625,39.0750806451613
PRD-00504,121,1775.71,321.45,66.8,254.65,LEG-100503,AUR-000504,Luma Chargers Product 504,Solara,Electronics & Accessories,Chargers,SUP-017,2025-09-06,,12.07,15.01,Active,0.14340742576208954,2.1045454545454545
PRD-00505,115,10993.019999999999,2367.7999999999993,397.39,1970.4099999999992,LEG-100504,AUR-000505,Aurelia Select Audio Product 505,Solara,Electronics & Accessories,Audio,SUP-055,2021-06-20,,74.97,99.35,Active,0.17924191896312383,17.133999999999993
PRD-00506,109,5193.01,1163.1200000000001,250.84,912.2800000000001,LEG-100505,AUR-000506,Orion Audio Product 506,Nova,Electronics & Accessories,Audio,SUP-064,2023-12-31,2026-07-30,37.03,49.67,Discontinued,0.1756746087529198,8.36954128440367
PRD-00507,118,20145.37,10201.65,90.02,10111.630000000001,LEG-100506,AUR-000507,Aurelia Select Fragrance Product 507,Mira,Beauty & Personal Care,Fragrance,SUP-022,2023-05-07,,84.22,180.03,Active,0.5019331985463659,85.69177966101695
PRD-00508,150,11861.64,5956.82,340.4,5616.419999999999,LEG-100507,AUR-000508,Orion Smart Product 508,Nova,Electronics & Accessories,Smart Devices,SUP-015,2020-01-29,,39.3,81.05,Active,0.4734943903203941,37.44279999999999
PRD-00509,123,11706.24,2189.5500000000006,1035.51,1154.0400000000006,LEG-100508,AUR-000509,Aurelia Select Furniture Product 509,Aurelia Select,Home & Living,Furniture,SUP-032,2020-06-09,,78.01,98.62,Active,0.09858331966540927,9.38243902439025
PRD-00510,100,934.57,287.3200000000001,85.54,201.7800000000001,LEG-100509,AUR-000510,Solara Bags Product 510,Pulse,Fashion & Accessories,Bags,SUP-020,2025-08-01,,6.47,9.72,Active,0.21590678065848473,2.0178000000000007
PRD-00511,116,9044.550000000001,3947.9100000000008,238.12,3709.7900000000004,LEG-100510,AUR-000511,Pulse Furniture Product 511,Vela,Home & Living,Furniture,SUP-042,2024-08-28,,43.72,80.04,Active,0.4101685545438966,31.980948275862072
PRD-00512,111,2325.11,745.7600000000001,72.77,672.99,LEG-100511,AUR-000512,Solara Bedding Product 512,Orion,Home & Living,Bedding,SUP-010,2020-06-29,,14.22,22.05,Active,0.28944437037387477,6.062972972972973
PRD-00513,123,6125.839999999999,3194.93,282.53000000000003,2912.3999999999996,LEG-100512,AUR-000513,Nova Sports Product 513,Aurelia Select,Sport & Lifestyle,Sports Accessories,SUP-023,2020-11-09,,23.7,51.37,Active,0.47542867590403926,23.678048780487803
PRD-00514,127,14901.789999999999,3359.1999999999994,900.89,2458.3099999999995,LEG-100513,AUR-000514,Pulse Furniture Product 514,Nova,Home & Living,Furniture,SUP-060,2024-10-25,,91.17,123.41,Active,0.16496743008725795,19.3567716535433
PRD-00515,98,5182.58,2294.2699999999995,315.57,1978.6999999999998,LEG-100514,AUR-000515,Solara Chargers Product 515,Nova,Electronics & Accessories,Chargers,SUP-059,2020-08-22,,29.84,54.41,Active,0.38179825492322356,20.19081632653061
PRD-00516,121,12292.310000000001,5859.780000000001,1965.0900000000001,3894.690000000001,LEG-100515,AUR-000516,Vela Footwear Product 516,Orion,Fashion & Accessories,Footwear,SUP-039,2021-05-31,,53.34,105.65,Active,0.3168395525332505,32.18752066115703
PRD-00517,101,6408.2300000000005,3289.5900000000006,773.69,2515.9000000000005,LEG-100516,AUR-000517,Mira Outdoor Product 517,Solara,Sport & Lifestyle,Outdoor,SUP-064,2020-10-24,,31.15,65.29,Active,0.3926045101377448,24.909900990099015
PRD-00518,145,2196.72,469.2599999999999,53.18,416.07999999999987,LEG-100517,AUR-000518,Luma Home Product 518,Aurelia Select,Home & Living,Home Décor,SUP-053,2021-09-10,2023-09-10,11.87,15.53,Discontinued,0.18940966531920314,2.8695172413793095
PRD-00519,99,3522.6899999999996,646.5199999999996,252.14,394.37999999999965,LEG-100518,AUR-000519,Solara Men's Product 519,Aurelia Select,Fashion & Accessories,Men's Clothing,SUP-043,2024-06-06,,28.89,36.41,Active,0.11195421680590677,3.9836363636363603
PRD-00520,107,8227.22,2180.4499999999994,500.77,1679.6799999999994,LEG-100519,AUR-000520,Orion Bags Product 520,Nova,Fashion & Accessories,Bags,SUP-027,2023-05-12,,56.8,79.49,Active,0.20416130843711477,15.69794392523364
PRD-00521,143,17206.37,8089.86,1879.8899999999999,6209.969999999999,LEG-100520,AUR-000521,Pulse Outdoor Product 521,Mira,Sport & Lifestyle,Outdoor,SUP-008,2022-03-15,,63.48,124.91,Active,0.3609111044339974,43.42636363636363
PRD-00522,133,5209.589999999999,2063.6199999999994,404.16999999999996,1659.4499999999996,LEG-100521,AUR-000522,Nova Kitchen Product 522,Aurelia Select,Home & Living,Kitchen,SUP-030,2021-03-31,,23.53,40.62,Active,0.3185375432615618,12.477067669172929
PRD-00523,113,4958.72,1052.05,298.7,753.3499999999999,LEG-100522,AUR-000523,Solara Travel Product 523,Mira,Sport & Lifestyle,Travel,SUP-011,2020-10-05,,34.87,45.43,Active,0.15192428691275164,6.666814159292034
PRD-00524,90,3523.7599999999998,590.2399999999999,317.38,272.8599999999999,LEG-100523,AUR-000524,Luma Fitness Product 524,Pulse,Sport & Lifestyle,Fitness,SUP-010,2023-07-25,,32.65,40.69,Active,0.07743433150952389,3.031777777777777
PRD-00525,141,8309.890000000001,2608.7500000000005,587.72,2021.0300000000004,LEG-100524,AUR-000525,Pulse Fitness Product 525,Luma,Sport & Lifestyle,Fitness,SUP-031,2021-11-18,,40.39,60.59,Active,0.24320779216090707,14.333546099290784
PRD-00526,96,5077.58,844.4599999999999,109.00999999999999,735.4499999999999,LEG-100525,AUR-000526,Solara Chargers Product 526,Pulse,Electronics & Accessories,Chargers,SUP-042,2024-07-02,,44.05,54.51,Active,0.14484262187892658,7.660937499999999
PRD-00527,117,13418.25,2506.45,699.12,1807.3299999999997,LEG-100526,AUR-000527,Orion Computer Product 527,Vela,Electronics & Accessories,Computer Accessories,SUP-010,2024-01-14,2025-07-17,93.59,120.02,Discontinued,0.13469193076593444,15.447264957264954
PRD-00528,128,14234.17,4316.040000000001,342.03000000000003,3974.0100000000007,LEG-100527,AUR-000528,Nova Home Product 528,Luma,Home & Living,Home Décor,SUP-014,2021-08-18,,76.87,114.01,Active,0.27918803836121114,31.046953125000005
PRD-00529,127,11101.96,4046.1799999999994,447.29999999999995,3598.879999999999,LEG-100528,AUR-000529,Mira Bedding Product 529,Solara,Home & Living,Bedding,SUP-053,2021-05-07,2023-03-04,55.8,89.46,Discontinued,0.3241661832685399,28.337637795275583
PRD-00530,120,10518.66,3005.4499999999994,1392.98,1612.4699999999991,LEG-100529,AUR-000530,Vela Footwear Product 530,Mira,Fashion & Accessories,Footwear,SUP-040,2025-08-12,2027-01-19,62.73,90.6,Discontinued,0.1532961422842833,13.437249999999993
PRD-00531,94,13971.67,7204.84,293.14,6911.7,LEG-100530,AUR-000531,Nova Fragrance Product 531,Nova,Beauty & Personal Care,Fragrance,SUP-021,2022-02-18,,71.77,152.28,Active,0.4946939055961098,73.52872340425532
PRD-00532,111,8628.73,2161.23,597.1800000000001,1564.05,LEG-100531,AUR-000532,Vela Audio Product 532,Solara,Electronics & Accessories,Audio,SUP-019,2020-02-23,,58.06,81.25,Active,0.18126074173140197,14.09054054054054
PRD-00533,112,11684.230000000001,5909.150000000001,1013.5600000000001,4895.59,LEG-100532,AUR-000533,Solara Men's Product 533,Pulse,Fashion & Accessories,Men's Clothing,SUP-066,2026-06-17,2029-02-25,51.21,107.54,Discontinued,0.41899123861820586,43.710625
PRD-00534,144,7724.22,2797.3399999999997,647.58,2149.7599999999998,LEG-100533,AUR-000534,Orion Footwear Product 534,Luma,Fashion & Accessories,Footwear,SUP-004,2023-07-10,,34.26,55.47,Active,0.27831418576891903,14.928888888888887
PRD-00535,97,13842.24,2197.7700000000004,147.18,2050.5900000000006,LEG-100534,AUR-000535,Vela Cosmetics Product 535,Nova,Beauty & Personal Care,Cosmetics,SUP-060,2020-12-18,,119.81,147.18,Active,0.14814004091823293,21.140103092783512
PRD-00536,107,18692.66,5288.23,1066.36,4221.87,LEG-100535,AUR-000536,Nova Men's Product 536,Aurelia Select,Fashion & Accessories,Men's Clothing,SUP-008,2020-01-08,,125.48,179.22,Active,0.22585710112953425,39.45672897196262
PRD-00537,108,11642.84,2192.66,510.6,1682.0599999999997,LEG-100536,AUR-000537,Vela Home Product 537,Pulse,Home & Living,Home Décor,SUP-048,2023-02-25,2025-04-10,86.59,112.22,Discontinued,0.14447162376189998,15.574629629629626
PRD-00538,128,12010.06,4169.919999999999,568.45,3601.4699999999993,LEG-100537,AUR-000538,Nova Footwear Product 538,Aurelia Select,Fashion & Accessories,Footwear,SUP-009,2026-03-18,2027-12-07,61.04,96.35,Discontinued,0.29987110805441436,28.136484374999995
PRD-00539,136,15860.390000000001,5486.400000000001,240.4,5246.000000000001,LEG-100538,AUR-000539,Luma Bedding Product 539,Nova,Home & Living,Bedding,SUP-043,2022-10-13,,76.22,120.2,Active,0.33076109729962505,38.57352941176471
PRD-00540,103,9545.89,3418.3900000000003,1362.01,2056.38,LEG-100539,AUR-000540,Mira Women's Product 540,Aurelia Select,Fashion & Accessories,Women's Clothing,SUP-022,2024-10-08,,59.8,94.42,Active,0.21542045843813412,19.96485436893204
PRD-00541,104,15986.189999999999,7565.709999999999,628.17,6937.539999999999,LEG-100540,AUR-000541,Pulse Travel Product 541,Mira,Sport & Lifestyle,Travel,SUP-004,2025-08-24,,81.09,161.07,Active,0.4339708210649316,66.70711538461538
PRD-00542,112,9169.59,4812.510000000001,157.58,4654.93,LEG-100541,AUR-000542,Luma Cosmetics Product 542,Solara,Beauty & Personal Care,Cosmetics,SUP-028,2021-06-28,,39.07,85.18,Active,0.5076486516845355,41.561875
PRD-00543,102,6040.23,1846.4099999999999,320.09,1526.3199999999997,LEG-100542,AUR-000543,Orion Kitchen Product 543,Mira,Home & Living,Kitchen,SUP-020,2021-03-23,,41.35,61.26,Active,0.25269236436360865,14.963921568627448
PRD-00544,119,5985.68,1261.3500000000001,800.01,461.34000000000003,LEG-100543,AUR-000544,Orion Men's Product 544,Mira,Fashion & Accessories,Men's Clothing,SUP-053,2023-05-01,,39.5,52.46,Active,0.07707394982692026,3.876806722689076
PRD-00545,115,16596.48,4680.080000000001,1258.69,3421.3900000000012,LEG-100544,AUR-000545,Aurelia Select Travel Product 545,Nova,Sport & Lifestyle,Travel,SUP-036,2024-06-07,,104.15,150.74,Active,0.20615154538793776,29.75121739130436
PRD-00546,84,3752.9399999999996,1052.8199999999997,44.29,1008.5299999999997,LEG-100545,AUR-000546,Pulse Haircare Product 546,Vela,Beauty & Personal Care,Haircare,SUP-068,2020-08-30,,32.0,46.62,Active,0.26873064850490547,12.00630952380952
PRD-00547,100,15211.84,7494.01,556.06,6937.950000000001,LEG-100546,AUR-000547,Pulse Furniture Product 547,Solara,Home & Living,Furniture,SUP-062,2025-08-08,,77.37,158.87,Active,0.45608880976923244,69.37950000000001
PRD-00548,144,20305.54,6859.2800000000025,777.0400000000001,6082.240000000002,LEG-100547,AUR-000548,Solara Travel Product 548,Solara,Sport & Lifestyle,Travel,SUP-050,2023-08-21,,93.39,146.61,Active,0.2995359887006207,42.23777777777779
PRD-00549,113,14872.77,6953.5700000000015,663.12,6290.450000000002,LEG-100548,AUR-000549,Aurelia Select Smart Product 549,Solara,Electronics & Accessories,Smart Devices,SUP-029,2020-10-24,,70.56,135.33,Active,0.4229508020362045,55.667699115044265
PRD-00550,112,2922.84,1191.0300000000002,287.73,903.3000000000002,LEG-100549,AUR-000550,Aurelia Select Footwear Product 550,Mira,Fashion & Accessories,Footwear,SUP-068,2022-09-25,,15.38,27.6,Active,0.30904873342365646,8.065178571428573
PRD-00551,132,30329.66,6225.159999999998,2147.54,4077.619999999998,LEG-100550,AUR-000551,Luma Smart Product 551,Nova,Electronics & Accessories,Smart Devices,SUP-032,2024-09-08,,182.3,239.95,Active,0.13444331390460684,30.89106060606059
PRD-00552,108,6055.5,1256.6000000000004,379.02,877.5800000000003,LEG-100551,AUR-000552,Aurelia Select Kitchen Product 552,Vela,Home & Living,Kitchen,SUP-050,2022-12-14,2024-10-26,43.98,58.31,Discontinued,0.14492279745685743,8.125740740740744
PRD-00553,124,13150.119999999999,3344.8299999999995,657.77,2687.0599999999995,LEG-100552,AUR-000553,Luma Smart Product 553,Vela,Electronics & Accessories,Smart Devices,SUP-041,2021-09-13,2022-04-13,79.16,109.63,Discontinued,0.2043372988231286,21.669838709677414
PRD-00554,111,2020.0400000000002,508.3100000000001,129.89000000000001,378.42000000000013,LEG-100553,AUR-000554,Solara Audio Product 554,Luma,Electronics & Accessories,Audio,SUP-025,2025-06-01,,13.68,19.03,Active,0.18733292410051292,3.4091891891891906
PRD-00555,103,3242.78,963.6800000000001,146.88,816.8000000000001,LEG-100554,AUR-000555,Luma Fragrance Product 555,Mira,Beauty & Personal Care,Fragrance,SUP-005,2020-03-19,,22.19,32.64,Active,0.2518826439043043,7.930097087378641
PRD-00556,113,1884.41,520.1800000000002,189.65,330.53000000000014,LEG-100555,AUR-000556,Vela Women's Product 556,Vela,Fashion & Accessories,Women's Clothing,SUP-003,2022-02-23,2022-11-03,12.07,17.28,Discontinued,0.17540238058596597,2.925044247787612
PRD-00557,143,6209.7699999999995,2729.48,334.72,2394.7599999999998,LEG-100556,AUR-000557,Aurelia Select Travel Product 557,Solara,Sport & Lifestyle,Travel,SUP-026,2023-12-09,,24.35,45.08,Active,0.3856439127375088,16.746573426573423
PRD-00558,135,10604.28,3726.8800000000006,753.9399999999999,2972.9400000000005,LEG-100557,AUR-000558,Luma Kitchen Product 558,Solara,Home & Living,Kitchen,SUP-008,2026-07-05,,51.08,81.95,Active,0.28035283866514277,22.021777777777782
PRD-00559,126,17181.1,7673.88,1608.08,6065.8,LEG-100558,AUR-000559,Luma Men's Product 559,Nova,Fashion & Accessories,Men's Clothing,SUP-068,2024-10-26,,75.75,141.06,Active,0.3530507359831443,48.141269841269846
PRD-00560,107,18493.44,8081.0599999999995,1300.32,6780.74,LEG-100559,AUR-000560,Solara Audio Product 560,Pulse,Electronics & Accessories,Audio,SUP-013,2025-07-19,,96.85,180.6,Active,0.3666565008997785,63.37140186915887
PRD-00561,117,23571.38,11785.230000000001,1724.3600000000001,10060.87,LEG-100560,AUR-000561,Solara Chargers Product 561,Luma,Electronics & Accessories,Chargers,SUP-021,2023-03-28,,100.44,210.93,Active,0.42682566739834493,85.99034188034189
PRD-00562,98,7765.74,1390.9299999999998,41.59,1349.3399999999997,LEG-100561,AUR-000562,Solara Cosmetics Product 562,Luma,Beauty & Personal Care,Cosmetics,SUP-046,2020-08-14,,65.34,83.19,Active,0.1737554952908544,13.768775510204078
PRD-00563,143,24497.519999999997,11213.439999999999,1401.35,9812.089999999998,LEG-100562,AUR-000563,Pulse Home Product 563,Orion,Home & Living,Home Décor,SUP-038,2024-11-09,,93.72,175.17,Active,0.4005340132388911,68.61601398601397
PRD-00564,121,3907.67,723.3699999999999,133.87,589.4999999999999,LEG-100563,AUR-000564,Aurelia Select Home Product 564,Pulse,Home & Living,Home Décor,SUP-005,2025-04-02,,26.23,33.47,Active,0.1508571604050495,4.87190082644628
PRD-00565,109,9256.6,1418.6299999999997,521.9300000000001,896.6999999999997,LEG-100564,AUR-000565,Vela Kitchen Product 565,Nova,Home & Living,Kitchen,SUP-064,2024-05-01,,71.76,89.22,Active,0.0968714214722468,8.226605504587154
PRD-00566,123,13717.1,4316.63,1032.83,3283.7999999999997,LEG-100565,AUR-000566,Nova Kitchen Product 566,Vela,Home & Living,Kitchen,SUP-045,2022-12-11,,76.9,116.05,Active,0.23939462422815316,26.697560975609754
PRD-00567,113,13239.0,6570.299999999999,300.75,6269.549999999999,LEG-100566,AUR-000567,Nova Smart Product 567,Solara,Electronics & Accessories,Smart Devices,SUP-058,2026-01-09,,58.87,120.3,Active,0.47356673464763194,55.482743362831854
PRD-00568,125,10070.99,3029.379999999999,1616.42,1412.9599999999994,LEG-100567,AUR-000568,Vela Footwear Product 568,Vela,Fashion & Accessories,Footwear,SUP-009,2022-10-19,,56.31,84.63,Active,0.14030001022739566,11.303679999999995
PRD-00569,119,8183.05,1833.2600000000004,518.6700000000001,1314.5900000000004,LEG-100568,AUR-000569,Nova Chargers Product 569,Aurelia Select,Electronics & Accessories,Chargers,SUP-007,2025-01-14,,53.54,70.09,Active,0.16064792467356306,11.04697478991597
PRD-00570,104,14137.18,6464.51,71.22,6393.29,LEG-100569,AUR-000570,Pulse Cosmetics Product 570,Luma,Beauty & Personal Care,Cosmetics,SUP-053,2022-04-24,,73.38,142.44,Active,0.45223234053750466,61.473942307692305
PRD-00571,90,45673.74,20476.369999999995,0.0,20476.369999999995,LEG-100570,AUR-000571,Solara Cosmetics Product 571,Pulse,Beauty & Personal Care,Cosmetics,SUP-013,2023-04-07,,280.48,529.55,Active,0.4483182239947943,227.51522222222218
PRD-00572,118,7678.08,2597.8300000000004,99.01,2498.82,LEG-100571,AUR-000572,Luma Haircare Product 572,Mira,Beauty & Personal Care,Haircare,SUP-010,2026-05-11,,42.69,68.28,Active,0.3254485496374094,21.176440677966102
PRD-00573,116,12513.550000000001,4568.410000000001,1102.14,3466.270000000001,LEG-100572,AUR-000573,Aurelia Select Footwear Product 573,Solara,Fashion & Accessories,Footwear,SUP-034,2022-01-29,,68.26,113.04,Active,0.2770013305576755,29.88163793103449
PRD-00574,107,60405.27,22176.539999999997,4505.18,17671.359999999997,LEG-100573,AUR-000574,Solara Women's Product 574,Luma,Fashion & Accessories,Women's Clothing,SUP-049,2021-09-24,,362.41,592.79,Active,0.292546660250008,165.15289719626165
PRD-00575,143,7747.48,2963.8199999999997,577.62,2386.2,LEG-100574,AUR-000575,Nova Furniture Product 575,Solara,Home & Living,Furniture,SUP-062,2021-03-09,2023-07-06,33.58,56.08,Discontinued,0.3079969228704043,16.686713286713285
PRD-00576,105,8261.65,1989.2499999999995,648.96,1340.2899999999995,LEG-100575,AUR-000576,Luma Bags Product 576,Pulse,Fashion & Accessories,Bags,SUP-021,2020-06-16,2022-06-09,59.69,82.41,Discontinued,0.1622303050843354,12.764666666666661
PRD-00577,97,4838.26,2357.3,262.97,2094.3300000000004,LEG-100576,AUR-000577,Solara Women's Product 577,Vela,Fashion & Accessories,Women's Clothing,SUP-025,2021-09-12,,25.72,52.59,Active,0.43286842790590013,21.591030927835057
PRD-00578,102,5494.02,2347.1800000000003,51.7,2295.48,LEG-100577,AUR-000578,Orion Fragrance Product 578,Orion,Beauty & Personal Care,Fragrance,SUP-031,2021-03-22,,30.98,55.89,Active,0.4178142780696102,22.50470588235294
PRD-00579,127,5960.66,1164.35,939.68,224.67000000000002,LEG-100578,AUR-000579,Pulse Women's Product 579,Mira,Fashion & Accessories,Women's Clothing,SUP-020,2024-09-27,,37.9,48.5,Active,0.037692134763600005,1.7690551181102363
PRD-00580,131,26726.38,9097.860000000002,2909.6400000000003,6188.220000000001,LEG-100579,AUR-000580,Aurelia Select Footwear Product 580,Pulse,Fashion & Accessories,Footwear,SUP-012,2026-07-27,,135.75,211.61,Active,0.23153977455981697,47.23832061068703
PRD-00581,120,19562.15,4029.8900000000003,1214.22,2815.67,LEG-100580,AUR-000581,Vela Computer Product 581,Nova,Electronics & Accessories,Computer Accessories,SUP-004,2023-11-03,,130.72,168.06,Active,0.14393458796706904,23.463916666666666
PRD-00582,139,6848.25,1960.5399999999997,128.76,1831.7799999999997,LEG-100581,AUR-000582,Orion Home Product 582,Nova,Home & Living,Home Décor,SUP-061,2026-02-09,,35.47,51.51,Active,0.2674814733691089,13.178273381294963
PRD-00583,123,7044.629999999999,1580.3899999999996,834.04,746.3499999999996,LEG-100582,AUR-000583,Pulse Footwear Product 583,Mira,Fashion & Accessories,Footwear,SUP-063,2023-08-15,,44.27,59.05,Active,0.10594594748056316,6.0678861788617855
PRD-00584,116,10725.480000000001,1788.0300000000004,211.53000000000003,1576.5000000000005,LEG-100583,AUR-000584,Pulse Audio Product 584,Luma,Electronics & Accessories,Audio,SUP-048,2025-11-26,2026-08-28,76.46,96.15,Discontinued,0.14698642857942024,13.590517241379315
PRD-00585,125,50121.31,20008.73,417.33,19591.399999999998,LEG-100584,AUR-000585,Luma Fragrance Product 585,Mira,Beauty & Personal Care,Fragrance,SUP-006,2024-04-17,2026-07-31,241.0,417.33,Discontinued,0.39087964779851125,156.73119999999997
PRD-00586,103,3193.44,1537.24,107.47999999999999,1429.76,LEG-100585,AUR-000586,Mira Computer Product 586,Orion,Electronics & Accessories,Computer Accessories,SUP-029,2026-03-29,,16.15,32.57,Active,0.44771782153414497,13.88116504854369
PRD-00587,104,5747.24,1697.01,408.48,1288.5300000000002,LEG-100586,AUR-000587,Luma Audio Product 587,Nova,Electronics & Accessories,Audio,SUP-011,2025-09-17,,39.33,57.53,Active,0.22419978981215336,12.38971153846154
PRD-00588,110,4433.610000000001,1298.9000000000003,247.70000000000002,1051.2000000000003,LEG-100587,AUR-000588,Vela Computer Product 588,Aurelia Select,Electronics & Accessories,Computer Accessories,SUP-050,2023-07-13,,28.45,41.63,Active,0.2370979856144316,9.556363636363638
PRD-00589,107,8508.859999999999,1877.3799999999992,494.93,1382.4499999999994,LEG-100588,AUR-000589,Mira Travel Product 589,Vela,Sport & Lifestyle,Travel,SUP-061,2024-07-29,,61.63,82.49,Active,0.16247182348751765,12.920093457943919
PRD-00590,113,7388.839999999999,2119.3299999999995,468.15999999999997,1651.1699999999994,LEG-100589,AUR-000590,Pulse Audio Product 590,Aurelia Select,Electronics & Accessories,Audio,SUP-065,2021-09-20,,46.96,67.85,Active,0.22346809512724589,14.612123893805304
PRD-00591,115,7734.66,2194.129999999999,406.25,1787.8799999999994,LEG-100590,AUR-000591,Nova Outdoor Product 591,Mira,Sport & Lifestyle,Outdoor,SUP-023,2021-11-26,,48.24,70.96,Active,0.23115172483341212,15.546782608695647
PRD-00592,130,11476.2,5696.55,321.72,5374.83,LEG-100591,AUR-000592,Vela Home Product 592,Luma,Home & Living,Home Décor,SUP-006,2023-11-11,,44.43,91.92,Active,0.46834579390390546,41.344846153846156
PRD-00593,98,11884.26,3667.9199999999996,126.63,3541.2899999999995,LEG-100592,AUR-000593,Pulse Skincare Product 593,Vela,Beauty & Personal Care,Skincare,SUP-019,2026-07-04,,83.73,126.63,Active,0.2979815318749337,36.135612244897956
PRD-00594,136,22527.75,4208.8899999999985,1733.57,2475.3199999999983,LEG-100593,AUR-000594,Solara Sports Product 594,Nova,Sport & Lifestyle,Sports Accessories,SUP-012,2024-08-02,,134.85,171.64,Active,0.10987870515253402,18.200882352941164
PRD-00595,112,10925.78,4764.42,45.78,4718.64,LEG-100594,AUR-000595,Solara Cosmetics Product 595,Orion,Beauty & Personal Care,Cosmetics,SUP-067,2020-03-12,,55.13,101.73,Active,0.4318812936010061,42.13071428571429
PRD-00596,104,3287.62,1274.51,230.01999999999998,1044.49,LEG-100595,AUR-000596,Pulse Skincare Product 596,Nova,Beauty & Personal Care,Skincare,SUP-054,2023-05-03,,19.3,32.86,Active,0.317703992553884,10.043173076923077
PRD-00597,131,14271.4,6659.3099999999995,433.5,6225.8099999999995,LEG-100596,AUR-000597,Nova Home Product 597,Nova,Home & Living,Home Décor,SUP-013,2023-06-13,2025-11-21,57.99,114.08,Discontinued,0.4362438163039365,47.525267175572516
PRD-00598,95,7437.4,1694.2,840.5,853.7,LEG-100597,AUR-000598,Pulse Chargers Product 598,Orion,Electronics & Accessories,Chargers,SUP-050,2021-01-08,,60.68,82.0,Active,0.11478473660150054,8.986315789473684
PRD-00599,110,10877.03,2428.270000000001,0.0,2428.270000000001,LEG-100598,AUR-000599,Aurelia Select Cosmetics Product 599,Luma,Beauty & Personal Care,Cosmetics,SUP-036,2025-08-26,,76.67,102.18,Active,0.22324752253142638,22.075181818181825
PRD-00600,136,28985.36,6507.020000000001,177.69,6329.330000000002,LEG-100599,AUR-000600,Pulse Haircare Product 600,Aurelia Select,Beauty & Personal Care,Haircare,SUP-051,2024-07-18,,165.34,222.11,Active,0.218362994284011,46.5391911764706
PRD-00601,97,6433.75,1470.7700000000004,302.28000000000003,1168.4900000000005,LEG-100600,AUR-000601,Aurelia Select Smart Product 601,Mira,Electronics & Accessories,Smart Devices,SUP-035,2020-08-12,,51.26,68.7,Active,0.1816188070720809,12.046288659793818
PRD-00602,132,29707.9,12799.820000000002,1741.08,11058.740000000002,LEG-100601,AUR-000602,Solara Audio Product 602,Orion,Electronics & Accessories,Audio,SUP-040,2023-11-09,,129.1,231.37,Active,0.37224913238566176,83.77833333333335
PRD-00603,111,10194.710000000001,1697.5400000000009,686.49,1011.0500000000008,LEG-100602,AUR-000603,Nova Computer Product 603,Vela,Electronics & Accessories,Computer Accessories,SUP-018,2024-01-05,,77.06,95.68,Active,0.09917398336980657,9.108558558558565
PRD-00604,116,4413.7,668.6199999999997,158.48,510.13999999999965,LEG-100603,AUR-000604,Solara Computer Product 604,Orion,Electronics & Accessories,Computer Accessories,SUP-054,2026-04-12,,32.42,39.62,Active,0.1155810317873892,4.397758620689652
PRD-00605,116,8872.83,2943.1099999999997,667.66,2275.45,LEG-100604,AUR-000605,Vela Fitness Product 605,Mira,Sport & Lifestyle,Fitness,SUP-028,2024-10-16,,51.46,79.72,Active,0.2564514365766052,19.615948275862067
PRD-00606,118,18119.72,4792.94,241.27,4551.669999999999,LEG-100605,AUR-000606,Solara Cosmetics Product 606,Aurelia Select,Beauty & Personal Care,Cosmetics,SUP-066,2025-03-02,,112.58,160.85,Active,0.25119979778936974,38.57347457627118
PRD-00607,127,29109.38,14203.8,2631.08,11572.72,LEG-100606,AUR-000607,Orion Furniture Product 607,Pulse,Home & Living,Furniture,SUP-018,2023-06-06,,116.65,239.19,Active,0.397559824359021,91.12377952755905
PRD-00608,124,5585.86,1663.6999999999998,162.76999999999998,1500.9299999999998,LEG-100607,AUR-000608,Luma Fitness Product 608,Vela,Sport & Lifestyle,Fitness,SUP-026,2020-01-08,,31.52,46.51,Active,0.2687016860429728,12.104274193548386
PRD-00609,127,15315.66,3144.6600000000003,2342.26,802.4000000000001,LEG-100608,AUR-000609,Aurelia Select Men's Product 609,Mira,Fashion & Accessories,Men's Clothing,SUP-007,2021-03-09,,94.87,125.59,Active,0.0523908208983485,6.318110236220473
PRD-00610,84,2485.15,1236.8899999999999,140.57999999999998,1096.31,LEG-100609,AUR-000610,Orion Smart Product 610,Solara,Electronics & Accessories,Smart Devices,SUP-060,2025-07-15,2026-02-06,14.99,31.24,Discontinued,0.44114439772247144,13.051309523809524
PRD-00611,107,11123.15,2072.58,397.63,1674.9499999999998,LEG-100610,AUR-000611,Nova Travel Product 611,Aurelia Select,Sport & Lifestyle,Travel,SUP-031,2021-12-04,,84.94,107.47,Active,0.15058234403024323,15.653738317757007
PRD-00612,105,2987.5,652.8000000000001,231.65,421.15000000000003,LEG-100611,AUR-000612,Mira Computer Product 612,Luma,Electronics & Accessories,Computer Accessories,SUP-061,2021-09-22,,22.32,29.89,Active,0.14097071129707114,4.010952380952381
PRD-00613,121,2593.1099999999997,955.5999999999998,151.79,803.8099999999998,LEG-100612,AUR-000613,Solara Sports Product 613,Luma,Sport & Lifestyle,Sports Accessories,SUP-034,2021-01-07,,13.61,22.49,Active,0.3099791370207974,6.643057851239668
PRD-00614,110,10475.91,3206.4500000000003,1072.14,2134.3100000000004,LEG-100613,AUR-000614,Aurelia Select Footwear Product 614,Pulse,Fashion & Accessories,Footwear,SUP-007,2022-06-23,,66.28,100.2,Active,0.20373504545189874,19.402818181818187
PRD-00615,110,13945.52,4177.56,585.95,3591.6100000000006,LEG-100614,AUR-000615,Vela Home Product 615,Vela,Home & Living,Home Décor,SUP-027,2023-08-26,2025-06-01,88.96,130.21,Discontinued,0.2575457924838945,32.651
PRD-00616,122,11151.85,2064.4800000000005,798.6,1265.8800000000006,LEG-100615,AUR-000616,Aurelia Select Computer Product 616,Aurelia Select,Electronics & Accessories,Computer Accessories,SUP-061,2023-05-25,,74.64,93.95,Active,0.11351300456874873,10.376065573770497
PRD-00617,122,18267.73,3110.1999999999985,1303.1799999999998,1807.0199999999986,LEG-100616,AUR-000617,Aurelia Select Home Product 617,Vela,Home & Living,Home Décor,SUP-033,2024-10-12,,123.4,155.14,Active,0.09891869433147954,14.811639344262284
PRD-00618,105,4137.89,750.7400000000001,157.97,592.7700000000001,LEG-100617,AUR-000618,Orion Sports Product 618,Pulse,Sport & Lifestyle,Sports Accessories,SUP-049,2021-12-22,2022-07-09,32.3,41.03,Discontinued,0.1432541706038585,5.645428571428572
PRD-00619,109,4223.679999999999,1015.5399999999997,179.73,835.8099999999997,LEG-100618,AUR-000619,Orion Computer Product 619,Vela,Electronics & Accessories,Computer Accessories,SUP-060,2023-02-02,,29.28,39.94,Active,0.1978866770209864,7.667981651376144
PRD-00620,140,8262.93,2859.4400000000005,514.17,2345.2700000000004,LEG-100619,AUR-000620,Nova Computer Product 620,Aurelia Select,Electronics & Accessories,Computer Accessories,SUP-066,2023-08-08,,38.66,60.49,Active,0.28383031200796816,16.751928571428575
PRD-00621,108,18372.53,3851.8999999999996,908.04,2943.8599999999997,LEG-100620,AUR-000621,Orion Chargers Product 621,Nova,Electronics & Accessories,Chargers,SUP-062,2023-10-05,2026-02-12,134.79,176.32,Discontinued,0.1602316066431787,27.25796296296296
PRD-00622,117,32845.45,16009.419999999998,4700.46,11308.96,LEG-100621,AUR-000622,Orion Footwear Product 622,Solara,Fashion & Accessories,Footwear,SUP-036,2020-09-26,,142.33,289.26,Active,0.3443082679640559,96.65777777777777
PRD-00623,102,6608.39,2063.51,650.79,1412.7200000000003,LEG-100622,AUR-000623,Vela Chargers Product 623,Luma,Electronics & Accessories,Chargers,SUP-067,2024-05-15,,44.62,67.09,Active,0.21377672927899233,13.850196078431376
PRD-00624,105,7059.490000000001,2296.0600000000004,436.87,1859.1900000000005,LEG-100623,AUR-000624,Pulse Furniture Product 624,Solara,Home & Living,Furniture,SUP-018,2022-10-24,,45.18,69.62,Active,0.26336038439037385,17.706571428571433
PRD-00625,108,8406.68,2443.890000000001,779.59,1664.3000000000006,LEG-100624,AUR-000625,Orion Bags Product 625,Orion,Fashion & Accessories,Bags,SUP-054,2022-02-23,,55.05,80.37,Active,0.1979735162989433,15.410185185185192
PRD-00626,106,1992.9199999999998,764.3999999999999,30.93,733.4699999999998,LEG-100625,AUR-000626,Aurelia Select Cosmetics Product 626,Vela,Beauty & Personal Care,Cosmetics,SUP-044,2023-10-10,,11.55,19.33,Active,0.3680378540031711,6.919528301886791
PRD-00627,127,4796.86,1114.3399999999995,307.36,806.9799999999996,LEG-100626,AUR-000627,Solara Bedding Product 627,Orion,Home & Living,Bedding,SUP-022,2020-11-17,,29.04,39.66,Active,0.1682308843701921,6.354173228346453
PRD-00628,122,7904.200000000001,1411.1000000000006,561.51,849.5900000000005,LEG-100627,AUR-000628,Orion Outdoor Product 628,Nova,Sport & Lifestyle,Outdoor,SUP-061,2021-12-10,,53.33,66.45,Active,0.10748589357556747,6.9638524590163975
PRD-00629,138,23623.059999999998,10102.32,721.04,9381.279999999999,LEG-100628,AUR-000629,Luma Kitchen Product 629,Solara,Home & Living,Kitchen,SUP-012,2025-01-03,2027-05-29,97.92,180.26,Discontinued,0.3971238273111104,67.98028985507246
PRD-00630,108,7161.21,1977.5700000000002,386.06,1591.5100000000002,LEG-100629,AUR-000630,Vela Kitchen Product 630,Orion,Home & Living,Kitchen,SUP-054,2023-11-22,2025-01-26,47.8,69.56,Discontinued,0.22224037557898738,14.736203703703707
PRD-00631,117,4331.14,1077.45,194.89,882.5600000000002,LEG-100630,AUR-000631,Orion Chargers Product 631,Orion,Electronics & Accessories,Chargers,SUP-060,2023-11-29,,27.69,38.21,Active,0.20377083169789018,7.543247863247864
PRD-00632,131,31335.08,10734.080000000002,3432.23,7301.850000000001,LEG-100631,AUR-000632,Aurelia Select Bags Product 632,Nova,Fashion & Accessories,Bags,SUP-061,2024-01-08,,156.24,254.24,Active,0.23302477606567468,55.739312977099246
PRD-00633,147,15547.56,7759.91,847.15,6912.76,LEG-100632,AUR-000633,Pulse Furniture Product 633,Orion,Home & Living,Furniture,SUP-053,2023-12-02,,53.19,108.61,Active,0.4446202490937485,47.02557823129252
PRD-00634,122,2294.17,844.1600000000001,150.95,693.21,LEG-100633,AUR-000634,Luma Men's Product 634,Vela,Fashion & Accessories,Men's Clothing,SUP-044,2024-11-25,,11.82,19.23,Active,0.30216156605656946,5.682049180327869
PRD-00635,128,35564.82,14680.710000000003,1155.64,13525.070000000003,LEG-100634,AUR-000635,Luma Cosmetics Product 635,Solara,Beauty & Personal Care,Cosmetics,SUP-024,2021-12-14,,164.01,288.91,Active,0.3802935035239881,105.66460937500003
PRD-00636,155,10234.8,3666.6699999999996,870.64,2796.0299999999997,LEG-100635,AUR-000636,Solara Bags Product 636,Luma,Fashion & Accessories,Bags,SUP-041,2026-01-13,2027-08-15,42.67,68.69,Discontinued,0.2731885332395357,18.03890322580645
PRD-00637,83,15343.869999999999,5452.0599999999995,459.16999999999996,4992.889999999999,LEG-100636,AUR-000637,Mira Women's Product 637,Orion,Fashion & Accessories,Women's Clothing,SUP-027,2020-11-24,,119.53,191.32,Active,0.32539965471553134,60.15530120481927
PRD-00638,103,3389.1000000000004,762.6000000000004,101.52000000000001,661.0800000000004,LEG-100637,AUR-000638,Mira Home Product 638,Nova,Home & Living,Home Décor,SUP-017,2020-06-10,,25.27,33.84,Active,0.19506063556696476,6.41825242718447
PRD-00639,119,39601.26,19875.5,3154.76,16720.74,LEG-100638,AUR-000639,Pulse Travel Product 639,Pulse,Sport & Lifestyle,Travel,SUP-055,2026-02-06,2028-03-22,166.51,341.98,Discontinued,0.42222747458035426,140.51042016806724
PRD-00640,116,6322.6900000000005,2391.9300000000003,102.76,2289.1700000000005,LEG-100639,AUR-000640,Aurelia Select Cosmetics Product 640,Aurelia Select,Beauty & Personal Care,Cosmetics,SUP-069,2021-09-21,,33.47,57.09,Active,0.36205633994391634,19.73422413793104
PRD-00641,139,21204.51,8048.3499999999985,472.26,7576.089999999998,LEG-100640,AUR-000641,Aurelia Select Kitchen Product 641,Solara,Home & Living,Kitchen,SUP-068,2024-12-22,,94.94,157.42,Active,0.35728672815358614,54.50424460431653
PRD-00642,87,15841.29,8117.51,444.5,7673.01,LEG-100641,AUR-000642,Aurelia Select Furniture Product 642,Vela,Home & Living,Furniture,SUP-029,2020-05-22,,88.13,189.15,Active,0.48436775035366436,88.1955172413793
PRD-00643,114,24789.550000000003,11152.890000000001,787.5,10365.390000000001,LEG-100642,AUR-000643,Luma Chargers Product 643,Nova,Electronics & Accessories,Chargers,SUP-050,2023-11-11,,119.84,221.83,Active,0.41813546433880405,90.92447368421054
PRD-00644,107,12137.13,2627.49,1321.21,1306.28,LEG-100643,AUR-000644,Luma Sports Product 644,Nova,Sport & Lifestyle,Sports Accessories,SUP-006,2024-07-16,,89.49,120.11,Active,0.10762676184567521,12.20822429906542
PRD-00645,95,2782.69,481.01000000000005,234.29,246.72000000000003,LEG-100644,AUR-000645,Mira Chargers Product 645,Solara,Electronics & Accessories,Chargers,SUP-056,2023-07-18,,24.24,30.23,Active,0.08866240939522549,2.5970526315789475
PRD-00646,107,5956.09,2222.01,449.52,1772.4900000000002,LEG-100645,AUR-000646,Mira Kitchen Product 646,Solara,Home & Living,Kitchen,SUP-025,2022-04-08,,34.78,57.63,Active,0.2975928839221704,16.56532710280374
PRD-00647,96,11735.939999999999,5351.969999999999,661.4300000000001,4690.54,LEG-100646,AUR-000647,Aurelia Select Bedding Product 647,Vela,Home & Living,Bedding,SUP-029,2024-04-26,,66.47,125.99,Active,0.3996731407965617,48.859791666666666
PRD-00648,133,17619.469999999998,6708.269999999999,1083.6299999999999,5624.6399999999985,LEG-100647,AUR-000648,Aurelia Select Home Product 648,Luma,Home & Living,Home Décor,SUP-016,2025-02-09,,81.71,137.17,Active,0.31922867146401107,42.290526315789464
PRD-00649,128,10572.31,5087.2699999999995,514.25,4573.0199999999995,LEG-100648,AUR-000649,Pulse Audio Product 649,Orion,Electronics & Accessories,Audio,SUP-069,2020-08-30,,42.6,85.71,Active,0.43254690791321854,35.726718749999996
PRD-00650,114,5288.18,1981.8899999999999,181.35000000000002,1800.5399999999997,LEG-100649,AUR-000650,Aurelia Select Fitness Product 650,Nova,Sport & Lifestyle,Fitness,SUP-003,2021-03-13,,29.06,48.36,Active,0.340483871577745,15.794210526315787
PRD-00651,125,24098.230000000003,9122.520000000002,2719.36,6403.160000000002,LEG-100650,AUR-000651,Pulse Women's Product 651,Mira,Fashion & Accessories,Women's Clothing,SUP-049,2021-06-16,,118.75,197.77,Active,0.26571080116672474,51.22528000000001
PRD-00652,99,5171.2,1739.7000000000003,784.65,955.0500000000002,LEG-100651,AUR-000652,Mira Footwear Product 652,Luma,Fashion & Accessories,Footwear,SUP-027,2025-07-02,,35.08,53.56,Active,0.1846863397277228,9.646969696969698
PRD-00653,120,7606.32,2233.2199999999993,1187.36,1045.8599999999994,LEG-100652,AUR-000653,Pulse Footwear Product 653,Nova,Fashion & Accessories,Footwear,SUP-067,2025-09-04,2027-12-04,44.86,65.6,Discontinued,0.13749881677341994,8.715499999999995
PRD-00654,93,15972.640000000001,4806.600000000001,677.33,4129.270000000001,LEG-100653,AUR-000654,Pulse Smart Product 654,Nova,Electronics & Accessories,Smart Devices,SUP-066,2020-12-09,,120.74,177.08,Active,0.25852144667381227,44.400752688172055
PRD-00655,124,8857.76,2152.2799999999993,355.12,1797.1599999999994,LEG-100654,AUR-000655,Orion Fitness Product 655,Nova,Sport & Lifestyle,Fitness,SUP-014,2026-03-17,,53.96,73.6,Active,0.20289102436733433,14.493225806451608
PRD-00656,126,4884.41,1512.6299999999999,39.47,1473.1599999999999,LEG-100655,AUR-000656,Vela Haircare Product 656,Orion,Beauty & Personal Care,Haircare,SUP-067,2020-09-10,,26.77,39.47,Active,0.3016044926613449,11.69174603174603
PRD-00657,128,4327.67,777.3800000000005,71.68,705.7000000000004,LEG-100656,AUR-000657,Pulse Kitchen Product 657,Orion,Home & Living,Kitchen,SUP-021,2026-01-25,,27.92,35.84,Active,0.16306696212973734,5.513281250000003
PRD-00658,132,10428.48,1698.9800000000005,626.46,1072.5200000000004,LEG-100657,AUR-000658,Vela Bags Product 658,Mira,Fashion & Accessories,Bags,SUP-043,2023-12-31,,66.25,82.7,Active,0.10284528521893896,8.125151515151519
PRD-00659,109,9652.21,3387.9499999999994,265.3,3122.649999999999,LEG-100658,AUR-000659,Aurelia Select Furniture Product 659,Nova,Home & Living,Furniture,SUP-015,2026-07-07,,57.34,91.49,Active,0.32351658324881033,28.648165137614672
PRD-00660,107,15839.579999999998,5549.569999999999,457.34999999999997,5092.219999999998,LEG-100659,AUR-000660,Luma Travel Product 660,Nova,Sport & Lifestyle,Travel,SUP-066,2023-08-18,2025-07-12,96.89,152.45,Discontinued,0.3214870596316316,47.59084112149531
PRD-00661,115,20255.96,9481.67,2856.62,6625.050000000001,LEG-100660,AUR-000661,Orion Women's Product 661,Vela,Fashion & Accessories,Women's Clothing,SUP-059,2024-06-27,,93.53,182.24,Active,0.3270667003686817,57.60913043478262
PRD-00662,120,10052.14,5109.429999999999,556.03,4553.4,LEG-100661,AUR-000662,Mira Chargers Product 662,Aurelia Select,Electronics & Accessories,Chargers,SUP-013,2024-04-30,,41.17,87.22,Active,0.4529781718121713,37.945
PRD-00663,135,11695.94,3877.67,259.82,3617.8500000000004,LEG-100662,AUR-000663,Orion Furniture Product 663,Solara,Home & Living,Furniture,SUP-041,2026-02-26,,58.13,89.59,Active,0.30932528723642566,26.798888888888893
PRD-00664,151,2762.36,499.2700000000002,53.69,445.5800000000002,LEG-100663,AUR-000664,Nova Skincare Product 664,Aurelia Select,Beauty & Personal Care,Skincare,SUP-002,2024-08-12,,15.03,19.17,Active,0.16130410228934686,2.9508609271523194
PRD-00665,112,7241.7300000000005,1767.2300000000002,246.27,1520.9600000000003,LEG-100664,AUR-000665,Solara Home Product 665,Solara,Home & Living,Home Décor,SUP-057,2021-07-12,,49.0,66.56,Active,0.21002716201791563,13.580000000000002
PRD-00666,97,3846.57,772.8800000000002,239.38,533.5000000000002,LEG-100665,AUR-000666,Nova Sports Product 666,Solara,Sport & Lifestyle,Sports Accessories,SUP-044,2022-08-14,,31.76,41.81,Active,0.13869499320173562,5.500000000000003
PRD-00667,119,13121.66,6561.490000000001,211.73000000000002,6349.76,LEG-100666,AUR-000667,Pulse Furniture Product 667,Pulse,Home & Living,Furniture,SUP-059,2023-09-13,,55.22,114.45,Active,0.4839143827838856,53.35932773109244
PRD-00668,118,15866.9,7701.999999999999,1200.9499999999998,6501.049999999999,LEG-100667,AUR-000668,Mira Computer Product 668,Pulse,Electronics & Accessories,Computer Accessories,SUP-022,2026-03-23,,68.68,141.29,Active,0.40972401666362046,55.0936440677966
PRD-00669,117,2576.34,1036.8100000000002,277.65,759.1600000000001,LEG-100668,AUR-000669,Aurelia Select Men's Product 669,Luma,Fashion & Accessories,Men's Clothing,SUP-014,2025-06-12,,13.17,22.57,Active,0.29466607668242545,6.488547008547009
PRD-00670,97,8951.71,4569.2,212.10000000000002,4357.099999999999,LEG-100669,AUR-000670,Mira Cosmetics Product 670,Luma,Beauty & Personal Care,Cosmetics,SUP-049,2025-12-22,,44.88,96.41,Active,0.486733819571903,44.91855670103092
PRD-00671,112,7003.429999999999,1015.0199999999995,716.68,298.3399999999996,LEG-100670,AUR-000671,Luma Audio Product 671,Mira,Electronics & Accessories,Audio,SUP-063,2023-11-06,,53.25,65.3,Active,0.0425991264280502,2.6637499999999963
PRD-00672,114,9899.92,3136.87,1054.83,2082.04,LEG-100671,AUR-000672,Mira Bags Product 672,Aurelia Select,Fashion & Accessories,Bags,SUP-009,2023-05-31,,58.85,89.39,Active,0.21030877017188018,18.263508771929825
PRD-00673,125,11152.000000000002,3093.6200000000013,320.13,2773.490000000001,LEG-100672,AUR-000673,Aurelia Select Chargers Product 673,Vela,Electronics & Accessories,Chargers,SUP-044,2022-03-26,,64.13,94.15,Active,0.24869888809182217,22.18792000000001
PRD-00674,131,5972.71,1608.9699999999998,249.95999999999998,1359.0099999999998,LEG-100673,AUR-000674,Pulse Fitness Product 674,Vela,Sport & Lifestyle,Fitness,SUP-062,2026-02-28,,33.41,47.61,Active,0.2275365788729069,10.374122137404578
PRD-00675,134,56425.95,21816.7,959.1700000000001,20857.53,LEG-100674,AUR-000675,Luma Computer Product 675,Aurelia Select,Electronics & Accessories,Computer Accessories,SUP-002,2021-12-06,,256.58,441.0,Active,0.36964428600670435,155.65320895522387
PRD-00676,119,7510.8,3044.45,719.4,2325.05,LEG-100675,AUR-000676,Mira Bedding Product 676,Luma,Home & Living,Bedding,SUP-010,2026-07-09,,37.2,66.0,Active,0.3095608989721468,19.538235294117648
PRD-00677,121,16047.85,2782.59,133.39,2649.2000000000003,LEG-100676,AUR-000677,Vela Fragrance Product 677,Solara,Beauty & Personal Care,Fragrance,SUP-036,2020-03-01,,110.62,136.81,Active,0.16508130372604432,21.89421487603306
PRD-00678,104,18902.73,8137.949999999999,1868.28,6269.669999999999,LEG-100677,AUR-000678,Pulse Men's Product 678,Pulse,Fashion & Accessories,Men's Clothing,SUP-031,2021-08-18,,103.92,191.13,Active,0.3316806619996159,60.28528846153846
PRD-00679,130,6952.17,1267.57,621.0699999999999,646.4999999999999,LEG-100678,AUR-000679,Mira Bags Product 679,Mira,Fashion & Accessories,Bags,SUP-012,2023-05-24,2024-11-30,44.04,54.72,Discontinued,0.09299254765058966,4.973076923076922
PRD-00680,135,15437.689999999999,2497.2199999999993,353.4,2143.8199999999993,LEG-100679,AUR-000680,Solara Cosmetics Product 680,Nova,Beauty & Personal Care,Cosmetics,SUP-064,2024-04-20,,95.91,117.8,Active,0.13886922201443347,15.880148148148143
PRD-00681,104,10851.869999999999,5085.589999999999,1286.9299999999998,3798.66,LEG-100680,AUR-000681,Pulse Women's Product 681,Pulse,Fashion & Accessories,Women's Clothing,SUP-005,2022-06-07,,55.02,107.02,Active,0.35004658183336146,36.52557692307692
PRD-00682,120,10716.230000000001,5120.720000000001,1150.18,3970.540000000001,LEG-100681,AUR-000682,Nova Fitness Product 682,Orion,Sport & Lifestyle,Fitness,SUP-066,2023-08-01,,46.96,93.51,Active,0.3705164969396887,33.08783333333334
PRD-00683,119,11290.04,1757.46,1192.58,564.8800000000001,LEG-100682,AUR-000683,Mira Outdoor Product 683,Solara,Sport & Lifestyle,Outdoor,SUP-047,2021-11-19,2024-04-02,79.87,98.56,Discontinued,0.050033480837977554,4.7468907563025216
PRD-00684,127,13291.970000000001,2172.6800000000007,1274.3600000000001,898.3200000000005,LEG-100683,AUR-000684,Mira Men's Product 684,Solara,Fashion & Accessories,Men's Clothing,SUP-061,2023-12-15,,88.03,107.54,Active,0.06758366141362043,7.073385826771657
PRD-00685,118,6573.46,2185.57,543.5,1642.0700000000002,LEG-100684,AUR-000685,Nova Computer Product 685,Nova,Electronics & Accessories,Computer Accessories,SUP-029,2022-12-04,,37.36,57.21,Active,0.249802995682639,13.91584745762712
PRD-00686,106,13507.300000000001,6719.260000000001,1545.3100000000002,5173.950000000002,LEG-100685,AUR-000686,Solara Footwear Product 686,Orion,Fashion & Accessories,Footwear,SUP-067,2025-02-15,,64.8,132.36,Active,0.38304842566612135,48.810849056603786
PRD-00687,123,7339.64,3701.55,480.48,3221.07,LEG-100686,AUR-000687,Aurelia Select Audio Product 687,Luma,Electronics & Accessories,Audio,SUP-064,2024-04-15,2025-08-11,29.7,61.6,Discontinued,0.4388593990985934,26.187560975609756
PRD-00688,122,21212.37,10831.39,1578.0,9253.39,LEG-100687,AUR-000688,Nova Bedding Product 688,Orion,Home & Living,Bedding,SUP-026,2022-09-03,,84.93,181.38,Active,0.43622612654785864,75.84745901639344
PRD-00689,94,6168.290000000001,2016.2100000000005,323.32000000000005,1692.8900000000006,LEG-100688,AUR-000689,Pulse Furniture Product 689,Vela,Home & Living,Furniture,SUP-059,2024-08-20,2026-10-26,43.62,67.01,Discontinued,0.274450455474694,18.009468085106388
PRD-00690,122,8651.59,3282.8600000000006,133.26999999999998,3149.5900000000006,LEG-100689,AUR-000690,Nova Kitchen Product 690,Pulse,Home & Living,Kitchen,SUP-006,2025-04-13,,43.89,74.04,Active,0.3640475334591677,25.81631147540984
PRD-00691,124,4104.32,2007.6699999999998,80.50999999999999,1927.1599999999999,LEG-100690,AUR-000691,Mira Fitness Product 691,Mira,Sport & Lifestyle,Fitness,SUP-065,2021-07-12,,16.85,34.26,Active,0.4695442850460003,15.541612903225806
PRD-00692,131,3000.8,1332.15,106.89,1225.26,LEG-100691,AUR-000692,Aurelia Select Bedding Product 692,Aurelia Select,Home & Living,Bedding,SUP-056,2020-07-26,,12.69,23.75,Active,0.4083111170354572,9.353129770992366
PRD-00693,103,19576.4,9376.470000000001,1450.1100000000001,7926.360000000001,LEG-100692,AUR-000693,Luma Travel Product 693,Luma,Sport & Lifestyle,Travel,SUP-017,2021-10-12,,98.27,195.96,Active,0.4048936474530557,76.95495145631068
PRD-00694,126,17132.75,8263.5,1665.0900000000001,6598.410000000001,LEG-100693,AUR-000694,Solara Bags Product 694,Pulse,Fashion & Accessories,Bags,SUP-054,2025-12-22,,70.19,141.71,Active,0.38513431877544474,52.36833333333334
PRD-00695,147,28026.85,10229.529999999999,1328.94,8900.59,LEG-100694,AUR-000695,Orion Outdoor Product 695,Pulse,Sport & Lifestyle,Outdoor,SUP-044,2026-04-22,,120.72,198.35,Active,0.31757368380677814,60.54823129251701
PRD-00696,107,11152.23,3218.3799999999997,316.03,2902.3499999999995,LEG-100695,AUR-000696,Luma Computer Product 696,Luma,Electronics & Accessories,Computer Accessories,SUP-053,2020-05-23,,74.27,107.13,Active,0.26024839875074307,27.12476635514018
PRD-00697,119,15290.050000000001,5144.260000000001,899.8100000000001,4244.450000000002,LEG-100696,AUR-000697,Solara Sports Product 697,Vela,Sport & Lifestyle,Sports Accessories,SUP-026,2021-11-23,,85.45,134.3,Active,0.27759556051157463,35.66764705882354
PRD-00698,108,8642.15,3068.1200000000003,496.2,2571.9200000000005,LEG-100697,AUR-000698,Solara Kitchen Product 698,Luma,Home & Living,Kitchen,SUP-023,2021-03-19,,51.87,82.7,Active,0.29760186990505844,23.814074074074078
PRD-00699,97,24258.890000000003,11334.660000000002,1259.2,10075.460000000001,LEG-100698,AUR-000699,Nova Sports Product 699,Solara,Sport & Lifestyle,Sports Accessories,SUP-062,2022-10-25,,132.48,256.98,Active,0.41533062724634146,103.87072164948455
PRD-00700,111,21261.03,9323.26,1287.03,8036.23,LEG-100699,AUR-000700,Orion Travel Product 700,Pulse,Sport & Lifestyle,Travel,SUP-002,2026-07-08,,107.51,199.54,Active,0.3779793359023528,72.39846846846847
PRD-00701,111,24029.83,11882.24,1297.4,10584.84,LEG-100700,AUR-000701,Aurelia Select Fitness Product 701,Pulse,Sport & Lifestyle,Fitness,SUP-019,2023-10-11,,109.51,221.78,Active,0.4404875107314533,95.35891891891892
PRD-00702,109,12418.23,5032.8099999999995,1080.62,3952.189999999999,LEG-100701,AUR-000702,Vela Women's Product 702,Orion,Fashion & Accessories,Women's Clothing,SUP-021,2021-02-11,,67.8,118.1,Active,0.31825711071545615,36.258623853211
PRD-00703,119,16967.7,7903.6900000000005,650.6400000000001,7253.050000000001,LEG-100702,AUR-000703,Luma Chargers Product 703,Aurelia Select ,Electronics & Accessories,Chargers,SUP-038,2025-07-24,,75.86,146.21,Active,0.4274621781384631,60.95000000000001
PRD-00704,107,6676.36,3396.5799999999995,476.17,2920.4099999999994,LEG-100703,AUR-000704,Solara Furniture Product 704,Mira,Home & Living,Furniture,SUP-014,2021-05-15,,30.7,64.35,Active,0.4374254833472131,27.293551401869152
PRD-00705,107,15825.699999999999,3720.9099999999994,613.4,3107.5099999999993,LEG-100704,AUR-000705,Pulse Outdoor Product 705,Vela,Sport & Lifestyle,Outdoor,SUP-066,2022-08-04,,112.93,153.35,Active,0.19635845491826584,29.042149532710273
PRD-00706,139,10162.150000000001,2988.9600000000005,357.91,2631.0500000000006,LEG-100705,AUR-000706,Pulse Audio Product 706,Pulse,Electronics & Accessories,Audio,SUP-054,2023-09-19,,51.34,76.15,Active,0.25890682581933944,18.928417266187054
PRD-00707,119,6386.14,3132.58,111.5,3021.08,LEG-100706,AUR-000707,Aurelia Select Audio Product 707,Orion,Electronics & Accessories,Audio,SUP-026,2021-08-13,2023-10-08,27.25,55.75,Discontinued,0.4730682384037932,25.387226890756303
PRD-00708,113,3131.09,1212.41,230.71,981.7,LEG-100707,AUR-000708,Vela Travel Product 708,Solara,Sport & Lifestyle,Travel,SUP-070,2023-10-11,,16.99,28.66,Active,0.31353298691509984,8.687610619469027
PRD-00709,115,7086.87,2305.15,233.01,2072.1400000000003,LEG-100708,AUR-000709,Vela Outdoor Product 709,Orion,Sport & Lifestyle,Outdoor,SUP-058,2022-01-12,,41.49,64.28,Active,0.2923914224474275,18.018608695652176
PRD-00710,120,23426.609999999997,10756.759999999998,642.58,10114.179999999998,LEG-100709,AUR-000710,Luma Furniture Product 710,Luma,Home & Living,Furniture,SUP-066,2023-10-28,,104.72,202.39,Active,0.431738949852326,84.28483333333332
PRD-00711,136,8523.83,3941.4599999999996,914.97,3026.49,LEG-100710,AUR-000711,Aurelia Select Bags Product 711,Pulse,Fashion & Accessories,Bags,SUP-036,2023-10-30,,33.81,64.55,Active,0.35506221968293594,22.253602941176467
PRD-00712,112,5569.5,1407.79,714.03,693.76,LEG-100711,AUR-000712,Luma Sports Product 712,Luma,Sport & Lifestyle,Sports Accessories,SUP-033,2025-08-10,,37.1,51.93,Active,0.12456414399856361,6.194285714285714
PRD-00713,110,27977.53,11431.88,4611.82,6820.059999999999,LEG-100712,AUR-000713,Mira Footwear Product 713,Luma,Fashion & Accessories,Footwear,SUP-006,2021-02-13,,152.37,266.58,Active,0.24376919620852874,62.00054545454544
PRD-00714,126,4862.56,1407.0300000000002,118.94,1288.0900000000001,LEG-100713,AUR-000714,Aurelia Select Kitchen Product 714,Orion,Home & Living,Kitchen,SUP-063,2021-09-04,,27.38,40.32,Active,0.2648995590799908,10.22293650793651
PRD-00715,110,26185.29,12886.05,1808.4099999999999,11077.64,LEG-100714,AUR-000715,Nova Sports Product 715,Solara,Sport & Lifestyle,Sports Accessories,SUP-068,2021-03-05,,121.29,244.38,Active,0.4230482076005268,100.70581818181817
PRD-00716,149,9228.83,2777.8000000000006,504.7,2273.100000000001,LEG-100715,AUR-000716,Nova Home Product 716,Luma,Home & Living,Home Décor,SUP-054,2021-02-02,,43.36,64.29,Active,0.2463042444166813,15.255704697986582
PRD-00717,111,6272.86,2257.3999999999996,610.98,1646.4199999999998,LEG-100716,AUR-000717,Nova Travel Product 717,Solara,Sport & Lifestyle,Travel,SUP-029,2020-02-29,,36.25,58.19,Active,0.26246719996939194,14.83261261261261
PRD-00718,117,4869.8,1613.6100000000001,151.25,1462.3600000000001,LEG-100717,AUR-000718,Solara Kitchen Product 718,Solara,Home & Living,Kitchen,SUP-038,2022-07-19,,27.94,43.21,Active,0.3002915930839049,12.49880341880342
PRD-00719,129,28186.23,5998.6,528.7,5469.900000000001,LEG-100718,AUR-000719,Aurelia Select Bedding Product 719,Nova,Home & Living,Bedding,SUP-045,2023-09-02,,172.13,227.4,Active,0.19406284558098053,42.40232558139535
PRD-00720,129,4468.34,1093.6,175.36,918.2399999999999,LEG-100719,AUR-000720,Vela Haircare Product 720,Aurelia Select,Beauty & Personal Care,Haircare,SUP-042,2024-03-22,,26.05,35.79,Active,0.2054991339065514,7.11813953488372
PRD-00721,104,18397.0,4526.989999999999,264.63,4262.359999999999,LEG-100720,AUR-000721,Pulse Skincare Product 721,Orion,Beauty & Personal Care,Skincare,SUP-070,2022-03-09,,134.37,182.51,Active,0.2316877751807359,40.984230769230756
PRD-00722,119,12309.24,4498.91,477.34999999999997,4021.56,LEG-100721,AUR-000722,Solara Audio Product 722,Mira,Electronics & Accessories,Audio,SUP-063,2023-04-22,,65.87,107.27,Active,0.3267106661337337,33.794621848739496
PRD-00723,121,12558.79,3423.34,1447.62,1975.7200000000003,LEG-100722,AUR-000723,Vela Footwear Product 723,Solara,Fashion & Accessories,Footwear,SUP-066,2024-05-21,,74.8,108.64,Active,0.15731770337747508,16.32826446280992
PRD-00724,124,4552.27,2072.2900000000004,245.52,1826.7700000000002,LEG-100723,AUR-000724,Luma Women's Product 724,Aurelia Select,Fashion & Accessories,Women's Clothing,SUP-009,2022-09-11,,20.08,37.92,Active,0.4012877092088123,14.73201612903226
PRD-00725,136,11169.81,5580.79,998.9499999999999,4581.84,LEG-100724,AUR-000725,Pulse Home Product 725,Nova,Home & Living,Home Décor,SUP-027,2025-11-27,,41.28,84.3,Active,0.4101985620167219,33.69
PRD-00726,125,15159.800000000001,4204.820000000001,343.39,3861.4300000000007,LEG-100725,AUR-000726,Nova Travel Product 726,Luma,Sport & Lifestyle,Travel,SUP-004,2020-01-07,,88.57,127.18,Active,0.25471510178234547,30.891440000000006
PRD-00727,141,13877.029999999999,3027.439999999999,392.09999999999997,2635.339999999999,LEG-100726,AUR-000727,Aurelia Select Fragrance Product 727,Nova,Beauty & Personal Care,Fragrance,SUP-010,2020-05-17,,76.68,101.85,Active,0.18990662987685397,18.69035460992907
PRD-00728,130,12507.970000000001,2379.8200000000006,1441.3400000000001,938.4800000000005,LEG-100727,AUR-000728,Orion Men's Product 728,Nova,Fashion & Accessories,Men's Clothing,SUP-030,2023-06-25,,77.95,99.23,Active,0.07503056051461592,7.219076923076926
PRD-00729,123,28604.3,12793.32,1307.32,11485.999999999998,LEG-100728,AUR-000729,Pulse Computer Product 729,Mira,Electronics & Accessories,Computer Accessories,SUP-052,2025-08-28,,129.41,240.98,Active,0.40154801900413567,93.38211382113819
PRD-00730,130,3229.21,728.7099999999998,24.41,704.2999999999998,LEG-100729,AUR-000730,Aurelia Select Fragrance Product 730,Pulse,Beauty & Personal Care,Fragrance,SUP-016,2022-05-15,,19.3,25.7,Active,0.21810287965167946,5.417692307692306
PRD-00731,118,7160.09,1728.5800000000002,570.32,1158.2600000000002,LEG-100730,AUR-000731,Nova Fitness Product 731,Aurelia Select,Sport & Lifestyle,Fitness,SUP-010,2020-03-25,,46.16,62.67,Active,0.1617661230515259,9.815762711864409
PRD-00732,115,5999.4,2955.68,373.3,2582.38,LEG-100731,AUR-000732,Orion Audio Product 732,Orion,Electronics & Accessories,Audio,SUP-012,2024-10-03,,26.51,53.71,Active,0.4304397106377305,22.455478260869565
PRD-00733,148,36632.939999999995,15202.889999999998,1682.77,13520.119999999999,LEG-100732,AUR-000733,Pulse Computer Product 733,Pulse,Electronics & Accessories,Computer Accessories,SUP-004,2023-06-15,,145.39,258.89,Active,0.3690700227718551,91.35216216216216
PRD-00734,124,17782.49,8880.550000000001,74.91,8805.640000000001,LEG-100733,AUR-000734,Vela Haircare Product 734,Luma,Beauty & Personal Care,Haircare,SUP-051,2024-06-05,2026-03-28,71.9,149.81,Discontinued,0.4951859947622633,71.01322580645163
PRD-00735,133,26347.4,13296.67,2488.94,10807.73,LEG-100734,AUR-000735,Luma Sports Product 735,Orion,Sport & Lifestyle,Sports Accessories,SUP-048,2022-01-27,,97.98,208.28,Active,0.410201006550931,81.26112781954888
PRD-00736,114,10477.27,4965.57,1031.6,3933.97,LEG-100735,AUR-000736,Nova Men's Product 736,Aurelia Select,Fashion & Accessories,Men's Clothing,SUP-001,2025-05-13,,48.26,94.86,Active,0.3754766270221155,34.508508771929826
PRD-00737,131,12925.029999999999,6323.24,502.64,5820.599999999999,LEG-100736,AUR-000737,Nova Travel Product 737,Orion,Sport & Lifestyle,Travel,SUP-027,2026-07-06,2027-06-30,50.43,102.58,Discontinued,0.45033551179378306,44.43206106870229
PRD-00738,125,5135.219999999999,2048.37,285.98,1762.3899999999996,LEG-100737,AUR-000738,Pulse Smart Product 738,Luma,Electronics & Accessories,Smart Devices,SUP-021,2024-12-14,,24.58,42.37,Active,0.34319659138264763,14.099119999999997
PRD-00739,128,9502.57,1952.5899999999992,307.39,1645.1999999999991,LEG-100738,AUR-000739,Orion Home Product 739,Vela,Home & Living,Home Décor,SUP-015,2023-02-16,2023-11-18,59.17,76.85,Discontinued,0.17313211057640188,12.853124999999993
PRD-00740,107,9181.67,2590.9699999999993,0.0,2590.9699999999993,LEG-100739,AUR-000740,Mira Furniture Product 740,Nova,Home & Living,Furniture,SUP-038,2022-01-24,,61.74,89.49,Active,0.2821894056310017,24.214672897196255
PRD-00741,104,5852.71,2062.3999999999996,254.07999999999998,1808.3199999999997,LEG-100740,AUR-000741,Nova Footwear Product 741,Vela,Fashion & Accessories,Footwear,SUP-063,2021-06-03,,36.24,58.41,Active,0.30897139957387254,17.387692307692305
PRD-00742,128,11668.14,5473.9,617.12,4856.78,LEG-100741,AUR-000742,Luma Chargers Product 742,Vela,Electronics & Accessories,Chargers,SUP-013,2024-08-30,,48.49,94.94,Active,0.4162428630441527,37.94359375
PRD-00743,123,5153.89,2446.1400000000003,231.71,2214.4300000000003,LEG-100742,AUR-000743,Vela Audio Product 743,Solara,Electronics & Accessories,Audio,SUP-063,2020-06-29,,21.95,43.31,Active,0.42966186705575793,18.003495934959354
PRD-00744,94,7103.139999999999,2062.3599999999997,0.0,2062.3599999999997,LEG-100743,AUR-000744,Orion Fragrance Product 744,Luma,Beauty & Personal Care,Fragrance,SUP-047,2023-07-05,,53.63,77.8,Active,0.2903448334117024,21.939999999999998
PRD-00745,105,47364.590000000004,15050.900000000001,3588.2400000000002,11462.66,LEG-100744,AUR-000745,Luma Computer Product 745,Aurelia Select,Electronics & Accessories,Computer Accessories,SUP-041,2024-06-18,2025-12-19,305.14,478.43,Discontinued,0.24200906204402908,109.16819047619047
PRD-00746,86,3435.55,812.3700000000001,230.01999999999998,582.3500000000001,LEG-100745,AUR-000746,Pulse Home Product 746,Orion,Home & Living,Home Décor,SUP-047,2023-12-01,,30.51,41.82,Active,0.1695070658264325,6.771511627906978
PRD-00747,133,20934.33,4492.410000000002,1095.79,3396.6200000000013,LEG-100746,AUR-000747,Mira Kitchen Product 747,Mira,Home & Living,Kitchen,SUP-058,2025-12-08,2026-10-19,122.99,163.55,Discontinued,0.16225119218049974,25.538496240601514
PRD-00748,102,11276.64,1820.8499999999992,601.65,1219.1999999999994,LEG-100747,AUR-000748,Mira Chargers Product 748,Nova,Electronics & Accessories,Chargers,SUP-023,2022-12-01,,92.28,114.6,Active,0.10811731153960749,11.952941176470581
PRD-00749,110,10553.820000000002,4049.250000000001,478.6,3570.6500000000005,LEG-100748,AUR-000749,Orion Fitness Product 749,Luma,Sport & Lifestyle,Fitness,SUP-069,2020-03-08,,59.13,98.68,Active,0.3383277334652287,32.46045454545455
PRD-00750,121,14083.96,3780.6,496.59000000000003,3284.0099999999998,LEG-100749,AUR-000750,Nova Kitchen Product 750,Nova,Home & Living,Kitchen,SUP-003,2024-06-07,2026-06-13,85.38,119.66,Discontinued,0.23317376646908966,27.140578512396694
PRD-00751,138,9814.24,5203.139999999999,543.5999999999999,4659.539999999999,LEG-100750,AUR-000751,Pulse Fitness Product 751,Vela,Sport & Lifestyle,fitness,SUP-005,2026-02-07,,33.58,73.46,Active,0.47477339050196443,33.76478260869565
PRD-00752,108,7426.77,3387.750000000001,521.51,2866.2400000000007,LEG-100751,AUR-000752,Mira Sports Product 752,Luma,Sport & Lifestyle,Sports Accessories,SUP-047,2024-11-08,,37.36,71.93,Active,0.38593358889530716,26.539259259259264
PRD-00753,160,44223.64,14451.09,527.49,13923.599999999999,LEG-100752,AUR-000753,Orion Haircare Product 753,Luma,Beauty & Personal Care,Haircare,SUP-060,2023-08-04,,186.21,285.13,Active,0.3148451823504352,87.0225
PRD-00754,118,15963.28,6196.220000000001,1102.6100000000001,5093.610000000001,LEG-100753,AUR-000754,Pulse Fitness Product 754,Solara,Sport & Lifestyle,Fitness,SUP-065,2023-01-15,,81.75,140.46,Active,0.31908292030209334,43.16618644067797
PRD-00755,126,7247.67,2143.1200000000003,685.0500000000001,1458.0700000000002,LEG-100754,AUR-000755,Luma Men's Product 755,Luma,Fashion & Accessories,Men's Clothing,SUP-058,2024-01-07,,40.48,59.31,Active,0.20117775781733993,11.571984126984129
PRD-00756,134,14950.539999999999,4789.5599999999995,287.4,4502.159999999999,LEG-100755,AUR-000756,Luma Home Product 756,Mira,Home & Living,Home Décor,SUP-046,2020-04-19,,75.63,114.96,Active,0.3011369488995046,33.598208955223875
PRD-00757,106,5784.849999999999,2177.2299999999996,597.6,1579.6299999999997,LEG-100756,AUR-000757,Mira Men's Product 757,Vela,Fashion & Accessories,Men's Clothing,SUP-009,2025-10-27,2026-11-01,34.37,57.05,Discontinued,0.2730632600672446,14.902169811320752
PRD-00758,116,9635.83,2869.95,854.75,2015.1999999999998,LEG-100757,AUR-000758,Vela Chargers Product 758,Aurelia Select,Electronics & Accessories,Chargers,SUP-027,2024-02-04,,58.33,85.69,Active,0.20913610970720736,17.372413793103448
PRD-00759,96,5229.280000000001,1420.1000000000004,164.84,1255.2600000000002,LEG-100758,AUR-000759,Pulse Sports Product 759,Mira,Sport & Lifestyle,Sports Accessories,SUP-059,2022-07-01,,39.86,56.84,Active,0.24004451855704803,13.075625000000002
PRD-00760,127,6682.53,2674.16,722.4,1951.7599999999998,LEG-100759,AUR-000760,Solara Women's Product 760,Nova,Fashion & Accessories,Women's Clothing,SUP-067,2026-04-16,,31.5,54.73,Active,0.2920690217627156,15.368188976377951
PRD-00761,117,6180.4800000000005,1892.7900000000002,429.12,1463.6700000000003,LEG-100760,AUR-000761,Luma Chargers Product 761,Pulse,Electronics & Accessories,Chargers,SUP-049,2022-11-02,,36.56,54.84,Active,0.23682141192917058,12.510000000000003
PRD-00762,125,12587.0,2428.3800000000006,514.03,1914.3500000000006,LEG-100761,AUR-000762,Orion Audio Product 762,Pulse,Electronics & Accessories,Audio,SUP-029,2022-09-22,,81.56,104.37,Active,0.1520894573766585,15.314800000000005
PRD-00763,142,22353.2,8114.18,582.2,7531.98,LEG-100762,AUR-000763,Solara Travel Product 763,Solara,Sport & Lifestyle,Travel,SUP-063,2022-09-22,,100.68,164.0,Active,0.3369530984378075,53.042112676056334
PRD-00764,122,11737.429999999998,4567.949999999999,199.7,4368.249999999999,LEG-100763,AUR-000764,Luma Skincare Product 764,Mira,Beauty & Personal Care,Skincare,SUP-022,2025-11-07,2027-05-16,58.91,99.85,Discontinued,0.3721640938433711,35.80532786885245
PRD-00765,125,3414.19,805.0000000000002,374.68,430.32000000000016,LEG-100764,AUR-000765,Orion Furniture Product 765,Vela,Home & Living,Furniture,SUP-020,2020-10-13,,20.84,28.17,Active,0.1260386797454155,3.442560000000001
PRD-00766,97,4217.3,598.9200000000003,110.02000000000001,488.9000000000003,LEG-100765,AUR-000766,Solara Home Product 766,Nova,Home & Living,Home Décor,SUP-030,2021-10-20,,37.58,45.84,Active,0.11592725203329152,5.040206185567014
PRD-00767,133,4065.3599999999997,1451.4099999999999,15.9,1435.5099999999998,LEG-100766,AUR-000767,Nova Fragrance Product 767,Mira,Beauty & Personal Care,Fragrance,SUP-062,2022-01-11,,19.61,31.81,Active,0.353107719857528,10.79330827067669
PRD-00768,114,2523.5899999999997,400.54999999999984,0.0,400.54999999999984,LEG-100767,AUR-000768,Luma Haircare Product 768,Pulse,Beauty & Personal Care,Haircare,SUP-003,2022-02-28,,18.57,22.9,Active,0.15872229641106514,3.5135964912280686
PRD-00769,132,4395.1,894.3000000000003,184.43,709.8700000000002,LEG-100768,AUR-000769,Luma Furniture Product 769,Luma,Home & Living,Furniture,SUP-018,2021-04-09,,26.53,34.31,Active,0.16151395872676394,5.377803030303032
PRD-00770,128,43153.82,16210.060000000001,1237.03,14973.03,LEG-100769,AUR-000770,Luma Fitness Product 770,Aurelia Select,Sport & Lifestyle,Fitness,SUP-022,2020-12-17,,210.01,353.43,Active,0.3469688199098017,116.976796875
PRD-00771,107,6537.549999999999,3469.5999999999995,369.46,3100.14,LEG-100770,AUR-000771,Pulse Smart Product 771,Aurelia Select,Electronics & Accessories,Smart Devices,SUP-037,2022-08-26,,28.77,62.62,Active,0.474205168602917,28.97327102803738
PRD-00772,110,12006.31,3577.41,1694.88,1882.53,LEG-100771,AUR-000772,Mira Men's Product 772,Mira,Fashion & Accessories,Men's Clothing,SUP-062,2021-05-04,,77.11,113.75,Active,0.15679505193519075,17.11390909090909
PRD-00773,105,14324.58,7574.71,988.64,6586.07,LEG-100772,AUR-000773,Pulse Home Product 773,Luma,Home & Living,Home Décor,SUP-024,2023-03-03,,64.17,142.25,Active,0.45977403875017625,62.72447619047619
PRD-00774,127,18147.31,3156.120000000001,1678.54,1477.5800000000008,LEG-100773,AUR-000774,Luma Sports Product 774,Solara,Sport & Lifestyle,Sports Accessories,SUP-059,2022-06-28,,117.59,147.24,Active,0.0814214338103003,11.634488188976384
PRD-00775,126,7539.94,3222.1799999999994,606.87,2615.3099999999995,LEG-100774,AUR-000775,Vela Fitness Product 775,Pulse,Sport & Lifestyle,Fitness,SUP-050,2025-09-24,,34.29,61.3,Active,0.34686085035159425,20.756428571428568
PRD-00776,119,16732.04,5554.130000000001,1715.38,3838.7500000000005,LEG-100775,AUR-000776,Aurelia Select Furniture Product 776,Vela,Home & Living,Furniture,SUP-067,2020-12-24,,94.66,145.37,Active,0.22942510297608662,32.25840336134454
PRD-00777,107,30388.119999999995,14519.739999999998,2537.2599999999998,11982.479999999998,LEG-100776,AUR-000777,Luma Travel Product 777,Nova,Sport & Lifestyle,Travel,SUP-023,2025-10-06,,148.66,295.03,Active,0.3943146203187298,111.98579439252335
PRD-00778,121,23195.2,3345.599999999999,201.26,3144.339999999999,LEG-100777,AUR-000778,Nova Skincare Product 778,Nova,Beauty & Personal Care,Skincare,SUP-062,2020-03-23,,164.48,201.26,Active,0.13555994343657302,25.986280991735526
PRD-00779,132,6955.43,1236.7900000000002,501.83,734.96,LEG-100778,AUR-000779,Pulse Furniture Product 779,Pulse,Home & Living,Furniture,SUP-048,2021-02-10,,43.05,53.96,Active,0.10566708312785839,5.567878787878788
PRD-00780,120,5263.54,1491.68,339.79,1151.89,LEG-100779,AUR-000780,Vela Bags Product 780,Mira,Fashion & Accessories,Bags,SUP-049,2023-11-16,,31.55,46.07,Active,0.21884321198281007,9.599083333333335
PRD-00781,104,3037.9,692.2299999999998,43.42,648.8099999999998,LEG-100780,AUR-000781,Pulse Audio Product 781,Luma,Electronics & Accessories,Audio,SUP-033,2025-12-31,,22.64,30.47,Active,0.21357187530860128,6.23855769230769
PRD-00782,98,11793.63,3801.7899999999995,435.63,3366.16,LEG-100781,AUR-000782,Nova Haircare Product 782,Orion,Beauty & Personal Care,Haircare,SUP-070,2023-09-13,,81.5,126.27,Active,0.28542187604664554,34.348571428571425
PRD-00783,115,3930.7099999999996,974.6399999999996,70.6,904.0399999999997,LEG-100782,AUR-000783,Vela Fragrance Product 783,Aurelia Select,Beauty & Personal Care,Fragrance,SUP-001,2024-04-24,,25.75,35.3,Active,0.22999407231772373,7.861217391304345
PRD-00784,82,3271.62,1485.3799999999999,310.88,1174.4999999999998,LEG-100783,AUR-000784,Aurelia Select Fitness Product 784,Pulse,Sport & Lifestyle,Fitness,SUP-027,2020-01-27,,21.64,41.73,Active,0.3589964604691253,14.323170731707314
PRD-00785,111,11525.269999999999,3515.6399999999994,877.39,2638.249999999999,LEG-100784,AUR-000785,Solara Computer Product 785,Nova,Electronics & Accessories,Computer Accessories,SUP-020,2020-10-27,,72.06,108.32,Active,0.22891003855007297,23.768018018018008
PRD-00786,144,34311.74,16902.45,122.28,16780.170000000002,LEG-100785,AUR-000786,Orion Fragrance Product 786,Pulse,Beauty & Personal Care,Fragrance,SUP-047,2022-02-17,,121.34,244.56,Active,0.48905039499599856,116.52895833333335
PRD-00787,111,10899.99,2249.4700000000003,357.21000000000004,1892.2600000000002,LEG-100786,AUR-000787,Pulse Sports Product 787,Vela,Sport & Lifestyle,Sports Accessories,SUP-053,2023-01-29,,78.11,102.06,Active,0.17360199413026986,17.04738738738739
PRD-00788,128,4997.16,1069.6799999999998,416.4,653.2799999999999,LEG-100787,AUR-000788,Luma Travel Product 788,Solara,Sport & Lifestyle,Travel,SUP-062,2026-01-01,2027-03-23,30.81,40.43,Discontinued,0.1307302547847177,5.103749999999999
PRD-00789,133,8614.34,3990.0599999999995,349.22999999999996,3640.8299999999995,LEG-100788,AUR-000789,Solara Chargers Product 789,Pulse,Electronics & Accessories,Chargers,SUP-018,2021-08-18,,34.93,66.52,Active,0.4226475853054325,27.374661654135334
PRD-00790,137,5212.139999999999,2004.8299999999997,714.55,1290.2799999999997,LEG-100789,AUR-000790,Mira Men's Product 790,Luma,Fashion & Accessories,Men's Clothing,SUP-013,2020-09-28,,23.4,38.94,Active,0.2475528285886411,9.41810218978102
PRD-00791,147,19227.74,5000.110000000001,843.74,4156.370000000001,LEG-100790,AUR-000791,Solara Bedding Product 791,Aurelia Select,Home & Living,Bedding,SUP-021,2021-09-09,,96.16,134.46,Active,0.21616529035653698,28.27462585034014
PRD-00792,96,15692.08,4969.79,60.42,4909.37,LEG-100791,AUR-000792,Nova Skincare Product 792,Luma,Beauty & Personal Care,Skincare,SUP-061,2021-04-24,,111.59,172.63,Active,0.31285654929110734,51.139270833333335
PRD-00793,105,19637.5,6776.39,537.49,6238.900000000001,LEG-100792,AUR-000793,Nova Travel Product 793,Nova,Sport & Lifestyle,Travel,SUP-034,2024-04-10,,121.49,191.96,Active,0.3177033736473584,59.41809523809524
PRD-00794,119,16500.72,6965.8200000000015,1068.03,5897.790000000002,LEG-100793,AUR-000794,Nova Kitchen Product 794,Aurelia Select,Home & Living,Kitchen,SUP-050,2021-06-07,,79.9,143.36,Active,0.357426221401248,49.5612605042017
PRD-00795,123,1920.36,522.9399999999999,0.0,522.9399999999999,LEG-100794,AUR-000795,Aurelia Select Fragrance Product 795,Luma,Beauty & Personal Care,Fragrance,SUP-064,2024-09-14,2026-10-22,11.42,15.93,Discontinued,0.27231352454748065,4.251544715447154
PRD-00796,138,36043.17,8982.52,538.36,8444.16,LEG-100795,AUR-000796,Vela Skincare Product 796,Orion,Beauty & Personal Care,Skincare,SUP-025,2023-12-26,2026-08-22,196.7,269.18,Discontinued,0.23427906036011817,61.189565217391305
PRD-00797,106,10912.27,4177.670000000001,1833.05,2344.6200000000003,LEG-100796,AUR-000797,Luma Men's Product 797,Aurelia Select,Fashion & Accessories,Men's Clothing,SUP-047,2023-08-10,,63.88,107.51,Active,0.21486088595681743,22.11905660377359
PRD-00798,104,4886.11,1356.5100000000002,212.13,1144.38,LEG-100797,AUR-000798,Luma Furniture Product 798,Nova,Home & Living,Furniture,SUP-036,2026-01-02,,34.01,48.21,Active,0.23421085485181467,11.003653846153847
PRD-00799,98,3469.1299999999997,1371.9399999999996,73.46,1298.4799999999998,LEG-100798,AUR-000799,Pulse Fragrance Product 799,Pulse,Beauty & Personal Care,Fragrance,SUP-026,2023-08-10,,21.21,36.73,Active,0.3742955726651927,13.249795918367345
PRD-00800,121,14861.33,2718.54,761.95,1956.5900000000001,LEG-100799,AUR-000800,Nova Fitness Product 800,Nova,Sport & Lifestyle,Fitness,SUP-037,2024-01-26,,100.36,128.06,Active,0.13165645335915427,16.1701652892562
PRD-00801,120,1722.76,755.38,123.91,631.47,LEG-100800,AUR-000801,Solara Sports Product 801,Orion,Sport & Lifestyle,Sports Accessories,SUP-029,2025-06-13,2026-10-31,8.02,14.75,Discontinued,0.36654554319812394,5.26225
PRD-00802,104,4094.2799999999997,754.9199999999997,364.68,390.2399999999998,LEG-100801,AUR-000802,Mira Outdoor Product 802,Pulse,Sport & Lifestyle,Outdoor,SUP-001,2025-02-01,2027-04-13,32.28,41.44,Discontinued,0.09531346170755294,3.7523076923076903
PRD-00803,132,11591.65,5679.21,581.85,5097.360000000001,LEG-100802,AUR-000803,Pulse Smart Product 803,Nova,Electronics & Accessories,Smart Devices,SUP-010,2024-12-07,,44.46,90.56,Active,0.43974412615977887,38.616363636363644
PRD-00804,96,21346.309999999998,5319.949999999999,2590.96,2728.989999999999,LEG-100803,AUR-000804,Solara Sports Product 804,Nova,Sport & Lifestyle,Sports Accessories,SUP-066,2025-10-04,,167.34,233.42,Active,0.12784364136002893,28.426979166666655
PRD-00805,103,3437.85,958.3399999999999,220.35,737.9899999999999,LEG-100804,AUR-000805,Mira Chargers Product 805,Pulse,Electronics & Accessories,Chargers,SUP-062,2024-08-28,,24.08,34.43,Active,0.2146661430836133,7.164951456310678
PRD-00806,109,8374.74,3640.859999999999,316.28,3324.5799999999995,LEG-100805,AUR-000806,Mira Kitchen Product 806,Mira,Home & Living,Kitchen,SUP-004,2023-11-23,,43.39,79.57,Active,0.3969771001846027,30.500733944954124
PRD-00807,126,12372.79,2373.130000000001,103.16,2269.970000000001,LEG-100806,AUR-000807,Orion Skincare Product 807,Nova,Beauty & Personal Care,Skincare,SUP-049,2023-02-12,,79.19,103.15,Active,0.18346468338992264,18.01563492063493
PRD-00808,121,42115.799999999996,16532.899999999998,1433.12,15099.779999999997,LEG-100807,AUR-000808,Solara Home Product 808,Pulse,Home & Living,Home Décor,SUP-046,2024-03-17,,213.93,358.28,Active,0.3585300528542732,124.79157024793386
PRD-00809,115,5005.2,1255.3599999999997,198.73,1056.6299999999997,LEG-100808,AUR-000809,Orion Fitness Product 809,Vela,Sport & Lifestyle,Fitness,SUP-037,2022-06-26,,32.61,44.91,Active,0.2111064492927355,9.188086956521737
PRD-00810,129,32076.47,13139.080000000002,4705.97,8433.110000000002,LEG-100809,AUR-000810,Solara Bags Product 810,Nova,Fashion & Accessories,Bags,SUP-023,2024-09-18,2026-08-05,146.49,262.17,Discontinued,0.26290642330655467,65.37294573643413
PRD-00811,123,22737.989999999998,8958.22,182.13,8776.09,LEG-100810,AUR-000811,Solara Fragrance Product 811,Vela,Beauty & Personal Care,Fragrance,SUP-035,2025-11-24,,112.13,191.72,Active,0.38596595389478144,71.35032520325204
PRD-00812,124,10745.580000000002,3320.810000000001,943.07,2377.7400000000007,LEG-100811,AUR-000812,Mira Home Product 812,Vela,Home & Living,Home Décor,SUP-031,2022-06-30,,59.35,90.68,Active,0.22127609677653512,19.175322580645165
PRD-00813,113,3606.3599999999997,1189.4199999999996,189.42,999.9999999999997,LEG-100812,AUR-000813,Vela Kitchen Product 813,Vela,Home & Living,Kitchen,SUP-026,2022-01-25,,21.3,32.8,Active,0.27728790248339036,8.849557522123892
PRD-00814,109,58809.68000000001,29064.580000000005,3413.6800000000003,25650.900000000005,LEG-100813,AUR-000814,Luma Kitchen Product 814,Nova,Home & Living,Kitchen,SUP-016,2024-03-22,2026-07-26,273.08,555.07,Discontinued,0.43616799139189333,235.32935779816518
PRD-00815,110,11809.23,4593.8,1124.01,3469.79,LEG-100814,AUR-000815,Aurelia Select Bags Product 815,Aurelia Select,Fashion & Accessories,Bags,SUP-062,2024-04-05,,65.46,110.47,Active,0.29382017286478457,31.543545454545455
PRD-00816,110,20707.77,4395.879999999999,1005.88,3389.9999999999995,LEG-100815,AUR-000816,Mira Chargers Product 816,Orion,Electronics & Accessories,Chargers,SUP-063,2025-07-18,,147.76,193.44,Active,0.1637066666280338,30.818181818181813
PRD-00817,114,24131.65,7799.490000000002,974.9000000000001,6824.590000000001,LEG-100816,AUR-000817,Pulse Kitchen Product 817,Vela,Home & Living,Kitchen,SUP-017,2021-06-01,,143.83,219.08,Active,0.2828066046043267,59.864824561403516
PRD-00818,151,11239.38,3338.7999999999993,1903.94,1434.859999999999,LEG-100817,AUR-000818,Mira Bags Product 818,Aurelia Select,Fashion & Accessories,Bags,SUP-065,2020-06-19,,52.39,76.85,Active,0.12766362557365254,9.502384105960259
PRD-00819,100,4111.9,1774.77,185.33,1589.44,LEG-100818,AUR-000819,Luma Computer Product 819,Mira,Electronics & Accessories,Computer Accessories,SUP-016,2022-12-06,,23.41,42.61,Active,0.38654636542717485,15.894400000000001
PRD-00820,117,10469.58,5415.78,384.73,5031.049999999999,LEG-100819,AUR-000820,Solara Travel Product 820,Aurelia Select,Sport & Lifestyle,Travel,SUP-002,2020-06-14,,43.21,93.27,Active,0.4805398115301664,43.000427350427344
PRD-00821,114,4218.28,2101.83,99.16,2002.67,LEG-100820,AUR-000821,Nova Bedding Product 821,Solara,Home & Living,Bedding,SUP-047,2025-05-11,,18.48,38.14,Active,0.4747598547275193,17.567280701754388
PRD-00822,121,2715.31,1070.59,92.24,978.3499999999999,LEG-100821,AUR-000822,Luma Sports Product 822,Orion,Sport & Lifestyle,Sports Accessories,SUP-031,2025-01-29,,13.71,23.06,Active,0.3603087676913501,8.085537190082643
PRD-00823,130,62568.880000000005,25546.780000000002,4944.2,20602.58,LEG-100822,AUR-000823,Solara Computer Product 823,Solara,Electronics & Accessories,Computer Accessories,SUP-024,2021-10-03,,284.82,494.42,Active,0.32927838887319066,158.48138461538463
PRD-00824,100,8143.6,2201.52,84.39,2117.13,LEG-100823,AUR-000824,Vela Cosmetics Product 824,Pulse,Beauty & Personal Care,Cosmetics,SUP-048,2026-02-09,,59.33,84.39,Active,0.25997470406208556,21.171300000000002
PRD-00825,124,28445.88,14249.72,1579.66,12670.06,LEG-100824,AUR-000825,Orion Computer Product 825,Mira,Electronics & Accessories,Computer Accessories,SUP-024,2021-05-07,,114.44,238.44,Active,0.44540931762350117,102.17790322580645
PRD-00826,127,9048.11,4260.08,1202.68,3057.4,LEG-100825,AUR-000826,Vela Outdoor Product 826,Nova,Sport & Lifestyle,Outdoor,SUP-035,2022-07-25,,37.64,74.47,Active,0.33790482211202116,24.074015748031496
PRD-00827,123,10785.01,1933.8500000000001,394.20000000000005,1539.65,LEG-100826,AUR-000827,Pulse Bedding Product 827,Vela,Home & Living,Bedding,SUP-019,2026-05-03,,72.34,91.67,Active,0.14275832845773903,12.517479674796748
PRD-00828,130,14686.95,7507.13,801.85,6705.28,LEG-100827,AUR-000828,Aurelia Select Bedding Product 828,Luma,Home & Living,Bedding,SUP-054,2021-06-15,,55.11,117.92,Active,0.45654679834819345,51.57907692307692
PRD-00829,136,14787.36,5714.670000000001,396.90000000000003,5317.77,LEG-100828,AUR-000829,Solara Haircare Product 829,Mira,Beauty & Personal Care,Haircare,SUP-039,2021-04-14,,66.09,113.4,Active,0.35961591521407477,39.10125
PRD-00830,123,4740.17,1881.21,196.78,1684.43,LEG-100829,AUR-000830,Pulse Audio Product 830,Nova,Electronics & Accessories,Audio,SUP-021,2022-11-19,,23.09,39.75,Active,0.3553522342025708,13.694552845528456
PRD-00831,129,10143.58,2364.2099999999996,1136.28,1227.9299999999998,LEG-100830,AUR-000831,Orion Men's Product 831,Mira,Fashion & Accessories,Men's Clothing,SUP-013,2021-03-24,,60.18,82.94,Active,0.12105489383432672,9.518837209302324
PRD-00832,108,8283.9,2639.17,79.5,2559.67,LEG-100831,AUR-000832,Orion Fragrance Product 832,Solara,Beauty & Personal Care,Fragrance,SUP-047,2023-02-14,,51.91,79.5,Active,0.3089933485435604,23.700648148148147
PRD-00833,137,7128.62,1849.5000000000002,313.04,1536.4600000000003,LEG-100832,AUR-000833,Solara Sports Product 833,Aurelia Select,Sport & Lifestyle,Sports Accessories,SUP-053,2024-02-26,,38.68,53.74,Active,0.21553400237353096,11.215036496350367
PRD-00834,132,14110.09,4000.16,2362.68,1637.4799999999998,LEG-100833,AUR-000834,Vela Footwear Product 834,Luma,Fashion & Accessories,Footwear,SUP-037,2025-04-09,,76.69,110.02,Active,0.11605028741843601,12.405151515151514
PRD-00835,126,17896.23,4099.059999999999,1903.84,2195.219999999999,LEG-100834,AUR-000835,Mira Chargers Product 835,Mira,Electronics & Accessories,Chargers,SUP-011,2022-03-06,,109.63,146.45,Active,0.12266382360977697,17.422380952380944
PRD-00836,142,12341.26,4990.1,361.90000000000003,4628.200000000001,LEG-100835,AUR-000836,Mira Fragrance Product 836,Luma,Beauty & Personal Care,Fragrance,SUP-022,2024-10-25,,51.78,91.62,Active,0.3750184340983012,32.59295774647888
PRD-00837,113,5405.299999999999,965.6099999999997,302.38,663.2299999999997,LEG-100836,AUR-000837,Pulse Computer Product 837,Nova,Electronics & Accessories,Computer Accessories,SUP-011,2026-03-15,2027-04-23,39.17,49.98,Discontinued,0.12269994264888161,5.869292035398227
PRD-00838,102,12336.44,5900.049999999999,667.17,5232.879999999999,LEG-100837,AUR-000838,Vela Kitchen Product 838,Solara,Home & Living,Kitchen,SUP-041,2024-09-27,2025-05-23,62.77,123.55,Discontinued,0.42418071988353195,51.30274509803921
PRD-00839,111,8201.24,2132.0900000000006,77.38,2054.7100000000005,LEG-100838,AUR-000839,Pulse Chargers Product 839,Orion,Electronics & Accessories,Chargers,SUP-057,2025-02-07,,54.76,77.37,Active,0.25053650423594487,18.510900900900904
PRD-00840,130,37076.89,6765.019999999998,2742.63,4022.389999999998,LEG-100839,AUR-000840,Pulse Computer Product 840,Luma,Electronics & Accessories,Computer Accessories,SUP-024,2021-10-12,,233.62,293.33,Active,0.10848779387915217,30.941461538461525
PRD-00841,131,4115.16,1737.2099999999996,273.53999999999996,1463.6699999999996,LEG-100840,AUR-000841,Vela Men's Product 841,Orion,Fashion & Accessories,Men's Clothing,SUP-011,2025-06-07,,18.18,32.66,Active,0.3556775435220015,11.1730534351145
PRD-00842,112,3940.1499999999996,596.4799999999997,16.45,580.0299999999997,LEG-100841,AUR-000842,Pulse Home Product 842,Nova,Home & Living,Home Décor,SUP-013,2021-01-31,,29.96,36.55,Active,0.1472101315939748,5.178839285714283
PRD-00843,94,13767.99,3127.5099999999998,378.45,2749.06,LEG-100842,AUR-000843,Aurelia Select Bags Product 843,Aurelia Select,Fashion & Accessories,Bags,SUP-051,2023-12-07,,113.71,151.38,Active,0.19967039487971738,29.24531914893617
PRD-00844,122,9493.57,1702.25,607.88,1094.37,LEG-100843,AUR-000844,Nova Fitness Product 844,Orion,Sport & Lifestyle,Fitness,SUP-020,2025-02-21,,64.11,80.25,Active,0.11527486498756526,8.970245901639343
PRD-00845,119,6011.070000000001,3096.59,710.91,2385.6800000000003,LEG-100844,AUR-000845,Orion Bags Product 845,Vela,Fashion & Accessories,Bags,SUP-032,2026-01-07,,24.21,52.27,Active,0.396881087726478,20.047731092436976
PRD-00846,113,19499.370000000003,7265.080000000002,1296.3700000000001,5968.710000000002,LEG-100845,AUR-000846,Luma Computer Product 846,Luma,Electronics & Accessories,Computer Accessories,SUP-068,2020-06-04,2022-06-20,107.62,180.05,Discontinued,0.3060975816141753,52.82044247787612
PRD-00847,110,4132.37,660.8699999999999,159.32,501.5499999999999,LEG-100846,AUR-000847,Aurelia Select Furniture Product 847,Solara,Home & Living,Furniture,SUP-042,2025-04-09,,31.54,39.83,Active,0.12137102921568009,4.559545454545454
PRD-00848,142,8459.99,3528.9599999999996,368.36,3160.5999999999995,LEG-100847,AUR-000848,Orion Cosmetics Product 848,Mira,Beauty & Personal Care,Cosmetics,SUP-018,2023-12-20,,34.48,61.91,Active,0.3735938222149198,22.257746478873237
PRD-00849,109,3431.5899999999997,488.8599999999997,397.92999999999995,90.92999999999968,LEG-100848,AUR-000849,Mira Outdoor Product 849,Pulse,Sport & Lifestyle,Outdoor,SUP-068,2020-11-03,,26.81,33.3,Active,0.026497920788905345,0.8342201834862356
PRD-00850,110,8657.61,2941.9900000000007,542.39,2399.600000000001,LEG-100849,AUR-000850,Solara Sports Product 850,Mira,Sport & Lifestyle,Sports Accessories,SUP-070,2025-09-11,,51.96,82.18,Active,0.27716656213435353,21.814545454545463
PRD-00851,112,10143.07,3465.65,93.82,3371.83,LEG-100850,AUR-000851,Mira Furniture Product 851,Orion,Home & Living,Furniture,SUP-047,2025-06-05,2026-04-23,59.87,93.83,Discontinued,0.33242696737772687,30.105625
PRD-00852,119,26428.260000000002,11171.890000000001,464.06,10707.83,LEG-100851,AUR-000852,Luma Fragrance Product 852,Orion,Beauty & Personal Care,Fragrance,SUP-002,2020-12-16,,127.85,232.03,Active,0.4051659095226095,89.98176470588236
PRD-00853,115,13372.95,2739.86,702.88,2036.9800000000002,LEG-100852,AUR-000853,Solara Men's Product 853,Orion,Fashion & Accessories,Men's Clothing,SUP-061,2025-09-04,2026-09-19,92.22,123.31,Discontinued,0.15232091647691798,17.712869565217392
PRD-00854,123,4630.67,1831.5199999999998,453.45,1378.07,LEG-100853,AUR-000854,Mira Fitness Product 854,Mira,Sport & Lifestyle,Fitness,SUP-039,2023-08-21,,22.78,39.26,Active,0.29759624417200964,11.203821138211381
PRD-00855,119,12997.2,2459.4600000000005,1747.04,712.4200000000004,LEG-100854,AUR-000855,Orion Bags Product 855,Vela,Fashion & Accessories,Bags,SUP-001,2023-09-18,,88.35,112.53,Active,0.05481334441264275,5.986722689075633
PRD-00856,83,8763.46,4396.89,1071.2,3325.69,LEG-100855,AUR-000856,Vela Sports Product 856,Pulse,Sport & Lifestyle,Sports Accessories,SUP-056,2021-01-05,,52.99,110.72,Active,0.37949508527453774,40.06855421686747
PRD-00857,118,16903.94,8609.56,415.55,8194.01,LEG-100856,AUR-000857,Luma Haircare Product 857,Pulse,Beauty & Personal Care,Haircare,SUP-049,2025-07-28,2026-12-31,70.72,148.41,Discontinued,0.4847396524123962,69.44076271186441
PRD-00858,108,4773.7300000000005,941.7400000000002,149.41,792.3300000000003,LEG-100857,AUR-000858,Nova Kitchen Product 858,Pulse,Home & Living,Kitchen,SUP-031,2026-06-12,,35.29,45.27,Active,0.16597712899556535,7.336388888888892
PRD-00859,131,27826.85,12728.54,2237.04,10491.5,LEG-100858,AUR-000859,Orion Sports Product 859,Orion,Sport & Lifestyle,Sports Accessories,SUP-053,2020-08-16,,115.12,218.25,Active,0.37702794243689103,80.08778625954199
PRD-00860,121,10339.15,4540.110000000001,862.72,3677.3900000000003,LEG-100859,AUR-000860,Luma Furniture Product 860,Luma,Home & Living,Furniture,SUP-038,2021-09-01,2022-12-15,47.82,88.03,Discontinued,0.35567624030989015,30.391652892561986
PRD-00861,123,11119.62,3061.7200000000003,912.21,2149.51,LEG-100860,AUR-000861,Mira Bags Product 861,Orion,Fashion & Accessories,Bags,SUP-063,2025-06-28,,65.28,93.56,Active,0.19330786483710774,17.47569105691057
PRD-00862,121,10384.64,4280.929999999999,734.7199999999999,3546.209999999999,LEG-100861,AUR-000862,Aurelia Select Kitchen Product 862,Luma,Home & Living,Kitchen,SUP-007,2021-10-20,,50.41,89.6,Active,0.3414860794404042,29.307520661157017
PRD-00863,130,14385.26,5827.34,1115.27,4712.070000000001,LEG-100862,AUR-000863,Luma Fitness Product 863,Nova,Sport & Lifestyle,Fitness,SUP-037,2023-01-23,,65.98,115.87,Active,0.32756237982490416,36.246692307692314
PRD-00864,147,7695.35,2471.2,309.2,2162.0,LEG-100863,AUR-000864,Mira Smart Product 864,Aurelia Select,Electronics & Accessories,Smart Devices,SUP-030,2021-04-12,2022-01-25,35.67,54.25,Discontinued,0.28094888471609475,14.70748299319728
PRD-00865,143,3639.2799999999997,813.56,399.32,414.2399999999999,LEG-100864,AUR-000865,Aurelia Select Men's Product 865,Mira,Fashion & Accessories,Men's Clothing,SUP-028,2023-05-28,,19.69,25.93,Active,0.11382471258051041,2.896783216783216
PRD-00866,111,12087.0,3178.7799999999997,168.03,3010.7499999999995,LEG-100865,AUR-000866,Orion Computer Product 866,Mira,Electronics & Accessories,Computer Accessories,SUP-048,2021-08-05,,80.05,112.02,Active,0.24908993133118223,27.12387387387387
PRD-00867,122,13348.9,4869.469999999999,107.6,4761.87,LEG-100866,AUR-000867,Solara Skincare Product 867,Nova,Beauty & Personal Care,Skincare,SUP-019,2022-05-02,,69.29,113.27,Active,0.35672377499269603,39.03172131147541
PRD-00868,115,4126.219999999999,813.2699999999998,441.44,371.8299999999998,LEG-100867,AUR-000868,Pulse Footwear Product 868,Nova,Fashion & Accessories,Footwear,SUP-070,2025-10-17,,28.72,36.94,Active,0.090113954175977,3.2333043478260852
PRD-00869,127,26887.94,13249.35,0.0,13249.35,LEG-100868,AUR-000869,Vela Haircare Product 869,Orion,Beauty & Personal Care,Haircare,SUP-049,2023-08-27,,108.17,218.69,Active,0.4927618106853854,104.32559055118111
PRD-00870,131,3298.42,1208.0,579.25,628.7499999999999,LEG-100869,AUR-000870,Vela Women's Product 870,Pulse,Fashion & Accessories,Women's Clothing,SUP-057,2022-09-19,,15.91,25.86,Active,0.19062157032761137,4.799618320610686
PRD-00871,120,16059.650000000001,7462.060000000001,599.87,6862.190000000001,LEG-100870,AUR-000871,Vela Furniture Product 871,Mira,Home & Living,Furniture,SUP-013,2021-10-12,2024-02-03,71.24,136.33,Discontinued,0.42729387004075436,57.18491666666668
PRD-00872,123,12008.88,2038.5,746.12,1292.3799999999999,LEG-100871,AUR-000872,Mira Outdoor Product 872,Pulse,Sport & Lifestyle,Outdoor,SUP-040,2022-01-10,2022-11-15,81.08,100.83,Discontinued,0.10761869549866432,10.507154471544714
PRD-00873,110,5316.03,1699.3500000000001,145.75,1553.6000000000001,LEG-100872,AUR-000873,Aurelia Select Smart Product 873,Nova,Electronics & Accessories,Smart Devices,SUP-033,2024-07-28,,32.91,51.14,Active,0.2922481626326413,14.123636363636365
PRD-00874,109,2798.99,588.1099999999998,49.769999999999996,538.3399999999998,LEG-100873,AUR-000874,Vela Fragrance Product 874,Solara,Beauty & Personal Care,Fragrance,SUP-007,2026-06-06,,20.18,26.9,Active,0.1923336632142308,4.938899082568805
PRD-00875,110,11478.75,5906.290000000001,211.17,5695.120000000001,LEG-100874,AUR-000875,Vela Furniture Product 875,Pulse,Home & Living,Furniture,SUP-042,2025-01-06,,50.35,108.29,Active,0.49614461504954815,51.773818181818186
PRD-00876,99,8121.88,3447.56,782.09,2665.47,LEG-100875,AUR-000876,Orion Men's Product 876,Nova,Fashion & Accessories,Men's Clothing,SUP-051,2023-09-26,,47.25,84.78,Active,0.32818386875944977,26.923939393939392
PRD-00877,114,21729.38,7703.520000000001,1272.08,6431.440000000001,LEG-100876,AUR-000877,Aurelia Select Furniture Product 877,Mira,Home & Living,Furniture,SUP-020,2024-08-16,,123.28,197.99,Active,0.29597899249771514,56.41614035087721
PRD-00878,127,15640.38,6245.36,253.6,5991.759999999999,LEG-100877,AUR-000878,Vela Audio Product 878,Luma,Electronics & Accessories,Audio,SUP-064,2023-02-12,,73.72,128.41,Active,0.38309555138685886,47.17921259842519
PRD-00879,115,16383.160000000002,3649.0200000000004,1019.77,2629.2500000000005,LEG-100878,AUR-000879,Aurelia Select Footwear Product 879,Aurelia Select,Fashion & Accessories,Footwear,SUP-046,2020-03-21,,111.57,148.87,Active,0.16048491255655198,22.863043478260874
PRD-00880,98,7503.929999999999,2376.0599999999995,220.47,2155.5899999999992,LEG-100879,AUR-000880,Luma Furniture Product 880,Mira,Home & Living,Furniture,SUP-030,2020-04-01,,52.3,78.74,Active,0.2872614749871067,21.995816326530605
PRD-00881,120,15772.970000000001,6721.650000000001,410.22,6311.430000000001,LEG-100880,AUR-000881,Mira Chargers Product 881,Vela,Electronics & Accessories,Chargers,SUP-003,2020-08-04,,75.67,136.74,Active,0.4001421419047903,52.59525000000001
PRD-00882,126,49571.44,16842.770000000004,387.28,16455.49,LEG-100881,AUR-000882,Luma Fragrance Product 882,Orion,Beauty & Personal Care,Fragrance,SUP-006,2020-01-25,,260.83,407.66,Active,0.33195505315157275,130.599126984127
PRD-00883,128,3264.3,1075.5800000000002,23.89,1051.69,LEG-100882,AUR-000883,Orion Cosmetics Product 883,Mira,Beauty & Personal Care,Cosmetics,SUP-025,2026-05-08,2027-02-23,17.06,26.55,Discontinued,0.322179334007291,8.216328125
PRD-00884,128,4918.34,1237.4299999999998,431.52,805.9099999999999,LEG-100883,AUR-000884,Solara Outdoor Product 884,Solara,Sport & Lifestyle,Outdoor,SUP-060,2026-03-12,,28.78,39.68,Active,0.16385813099541713,6.296171874999999
PRD-00885,110,2933.9500000000003,499.20000000000016,137.10000000000002,362.10000000000014,LEG-100884,AUR-000885,Nova Smart Product 885,Luma,Electronics & Accessories,Smart Devices,SUP-058,2026-01-22,2026-09-09,22.01,27.42,Discontinued,0.12341723614921866,3.291818181818183
PRD-00886,126,24133.75,4377.379999999998,732.53,3644.8499999999985,LEG-100885,AUR-000886,Solara Chargers Product 886,Mira,Electronics & Accessories,Chargers,SUP-001,2020-10-05,,157.1,197.98,Active,0.15102708862070746,28.92738095238094
PRD-00887,118,15490.449999999999,5979.819999999999,523.78,5456.039999999999,LEG-100886,AUR-000887,Luma Travel Product 887,Aurelia Select,Sport & Lifestyle,Travel,SUP-047,2026-02-18,,80.0,135.17,Active,0.3522195933623619,46.23762711864406
PRD-00888,106,19432.11,8541.58,1334.12,7207.459999999999,LEG-100887,AUR-000888,Solara Outdoor Product 888,Nova,Sport & Lifestyle,Outdoor,SUP-069,2025-09-14,2026-06-04,103.17,188.57,Discontinued,0.37090465214534085,67.99490566037736
PRD-00889,131,10226.23,1586.2199999999993,120.45,1465.7699999999995,LEG-100888,AUR-000889,Mira Haircare Product 889,Luma,Beauty & Personal Care,Haircare,SUP-037,2026-05-23,,65.48,80.3,Active,0.14333434706631865,11.189083969465646
PRD-00890,136,6650.6,2545.6,126.78,2418.82,LEG-100889,AUR-000890,Solara Computer Product 890,Nova,Electronics & Accessories,Computer Accessories,SUP-013,2022-11-07,,30.25,50.71,Active,0.3636995158331579,17.785441176470588
PRD-00891,127,15172.01,7290.280000000001,958.61,6331.670000000001,LEG-100890,AUR-000891,Aurelia Select Fitness Product 891,Luma,Sport & Lifestyle,Fitness,SUP-023,2025-10-30,,62.18,122.9,Active,0.4173257201913261,49.85566929133859
PRD-00892,120,17423.06,4565.870000000001,1513.6000000000001,3052.2700000000013,LEG-100891,AUR-000892,Nova Men's Product 892,Mira,Fashion & Accessories,Men's Clothing,SUP-025,2023-04-30,2023-12-31,107.37,149.49,Discontinued,0.17518564477192877,25.435583333333344
PRD-00893,122,29430.11,8347.570000000002,2582.81,5764.76,LEG-100892,AUR-000893,Pulse Women's Product 893,Mira,Fashion & Accessories,Women's Clothing,SUP-068,2021-08-05,,172.61,250.15,Active,0.19587966201961188,47.252131147540986
PRD-00894,130,10377.6,2713.5599999999995,847.56,1865.9999999999998,LEG-100893,AUR-000894,Aurelia Select Sports Product 894,Solara,Sport & Lifestyle,Sports Accessories,SUP-029,2025-12-06,,58.86,82.69,Active,0.17981036077705825,14.353846153846153
PRD-00895,112,5501.95,1153.95,200.86,953.0900000000001,LEG-100894,AUR-000895,Aurelia Select Fitness Product 895,Vela,Sport & Lifestyle,Fitness,SUP-063,2023-06-03,2025-06-24,38.73,50.85,Discontinued,0.1732276738247349,8.509732142857144
PRD-00896,105,8518.210000000001,3876.4300000000007,692.48,3183.9500000000007,LEG-100895,AUR-000896,Aurelia Select Bags Product 896,Solara,Fashion & Accessories,Bags,SUP-054,2023-04-22,,43.85,83.43,Active,0.3737815808720377,30.32333333333334
PRD-00897,130,8088.640000000001,2417.7200000000007,154.56,2263.1600000000008,LEG-100896,AUR-000897,Orion Audio Product 897,Aurelia Select,Electronics & Accessories,Audio,SUP-010,2025-11-06,2026-05-31,43.45,64.4,Discontinued,0.2797948728092733,17.408923076923084
PRD-00898,120,4090.47,1127.1699999999998,138.94,988.2299999999999,LEG-100897,AUR-000898,Vela Audio Product 898,Nova,Electronics & Accessories,Audio,SUP-013,2021-04-25,,24.72,35.4,Active,0.2415932643437062,8.235249999999999
PRD-00899,115,7111.49,2360.6899999999996,514.14,1846.5499999999995,LEG-100898,AUR-000899,Vela Bedding Product 899,Vela,Home & Living,Bedding,SUP-068,2023-04-04,,41.27,64.27,Active,0.2596572588866749,16.056956521739124
PRD-00900,122,6307.72,1811.3100000000004,794.74,1016.5700000000004,LEG-100899,AUR-000900,Pulse Home Product 900,Nova,Home & Living,Home Décor,SUP-046,2021-03-04,,36.97,52.63,Active,0.1611628290412384,8.332540983606561
