product_id,legacy_product_code,sku,product_name,brand,department,category,supplier_id,launch_date,discontinue_date,standard_cost,list_price,product_status
PRD-00001,LEG-100000,AUR-000001,Aurelia Select Fragrance Product 1,Aurelia Select,Beauty & Personal Care,Fragrance,SUP-043,2020-06-04,,26.82,50.56,Active
PRD-00002,LEG-100001,AUR-000002,Luma Kitchen Product 2,Mira,Home & Living,Kitchen,SUP-055,2020-07-17,,419.77,887.45,Active
PRD-00003,LEG-100002,AUR-000003,Nova Fitness Product 3,Nova,Sport & Lifestyle,Fitness,SUP-020,2026-04-08,,12.28,17.02,Active
PRD-00004,LEG-100003,AUR-000004,Solara Fitness Product 4,Luma,Sport & Lifestyle,Fitness,SUP-056,2022-03-06,,35.57,43.81,Active
PRD-00005,LEG-100004,AUR-000005,Orion Furniture Product 5,Solara,Home & Living,Furniture,SUP-006,2021-12-26,2023-09-21,60.94,79.34,Discontinued
PRD-00006,LEG-100005,AUR-000006,Vela Smart Product 6,Nova,Electronics & Accessories,Smart Devices,SUP-046,2021-08-08,,38.85,54.26,Active
PRD-00007,LEG-100006,AUR-000007,Luma Travel Product 7,Vela,Sport & Lifestyle,Travel,SUP-021,2024-05-01,,59.81,76.67,Active
PRD-00008,LEG-100007,AUR-000008,Aurelia Select Bedding Product 8,Luma,Home & Living,Bedding,SUP-043,2020-12-05,,23.82,29.55,Active
PRD-00009,LEG-100008,AUR-000009,Orion Haircare Product 9,Luma,Beauty & Personal Care,Haircare,SUP-014,2023-08-24,,30.72,58.98,Active
PRD-00010,LEG-100009,AUR-000010,Mira Skincare Product 10,Vela,Beauty & Personal Care,Skincare,SUP-026,2024-02-01,,104.8,147.12,Active
PRD-00011,LEG-100010,AUR-000011,Orion Fragrance Product 11,Vela,Beauty & Personal Care,Fragrance,SUP-029,2023-05-21,2024-07-19,34.52,45.48,Discontinued
PRD-00012,LEG-100011,AUR-000012,Pulse Men's Product 12,Solara,Fashion & Accessories,Men's Clothing,SUP-036,2022-11-10,,22.32,45.54,Active
PRD-00013,LEG-100012,AUR-000013,Solara Footwear Product 13,Pulse,Fashion & Accessories,Footwear,SUP-069,2020-10-05,,61.07,124.78,Active
PRD-00014,LEG-100013,AUR-000014,Nova Audio Product 14,Orion,Electronics & Accessories,Audio,SUP-023,2023-05-30,,63.66,110.68,Active
PRD-00015,LEG-100014,AUR-000015,Aurelia Select Sports Product 15,Nova,Sport & Lifestyle,Sports Accessories,SUP-056,2022-06-30,,73.71,135.57,Active
PRD-00016,LEG-100015,AUR-000016,Pulse Chargers Product 16,Nova,Electronics & Accessories,Chargers,SUP-050,2021-09-21,,20.95,27.05,Active
PRD-00017,LEG-100016,AUR-000017,Orion Outdoor Product 17,Aurelia Select,Sport & Lifestyle,Outdoor,SUP-056,2022-05-31,,48.15,63.89,Active
PRD-00018,LEG-100017,AUR-000018,Solara Men's Product 18,Pulse,Fashion & Accessories,Men's Clothing,SUP-009,2023-12-09,,146.02,207.07,Active
PRD-00019,LEG-100018,AUR-000019,Nova Chargers Product 19,Orion,Electronics & Accessories,Chargers,SUP-065,2022-11-06,2023-08-30,41.42,65.26,Discontinued
PRD-00020,LEG-100019,AUR-000020,Solara Computer Product 20,Pulse,Electronics & Accessories,Computer Accessories,SUP-038,2020-02-13,,146.24,189.62,Active
PRD-00021,LEG-100020,AUR-000021,Vela Outdoor Product 21,Pulse,Sport & Lifestyle,Outdoor,SUP-049,2024-06-14,,52.77,93.71,Active
PRD-00022,LEG-100021,AUR-000022,Pulse Kitchen Product 22,Aurelia Select,Home & Living,Kitchen,SUP-039,2020-03-01,,29.53,56.51,Active
PRD-00023,LEG-100022,AUR-000023,Pulse Smart Product 23,Solara,Electronics & Accessories,Smart Devices,SUP-060,2024-09-12,,55.78,72.05,Active
PRD-00024,LEG-100023,AUR-000024,Vela Cosmetics Product 24,Mira,Beauty & Personal Care,Cosmetics,SUP-022,2020-11-13,,38.9,54.9,Active
PRD-00025,LEG-100024,AUR-000025,Solara Footwear Product 25,Nova,Fashion & Accessories,Footwear,SUP-031,2023-03-18,,139.24,195.01,Active
PRD-00026,LEG-100025,AUR-000026,Vela Smart Product 26,Luma,Electronics & Accessories,Smart Devices,SUP-004,2020-12-21,2022-11-20,46.68,75.95,Discontinued
PRD-00027,LEG-100026,AUR-000027,Mira Men's Product 27,Nova,Fashion & Accessories,Men's Clothing,SUP-059,2020-01-16,,58.17,87.48,Active
PRD-00028,LEG-100027,AUR-000028,Pulse Haircare Product 28,Mira,Beauty & Personal Care,Haircare,SUP-052,2026-05-07,,30.05,57.52,Active
PRD-00029,LEG-100028,AUR-000029,Aurelia Select Home Product 29,Nova,Home & Living,Home Décor,SUP-055,2024-05-11,,36.11,44.39,Active
PRD-00030,LEG-100029,AUR-000030,Mira Home Product 30,Aurelia Select,Home & Living,Home Décor,SUP-032,2020-09-18,,34.54,47.06,Active
PRD-00031,LEG-100030,AUR-000031,Luma Bags Product 31,Mira,Fashion & Accessories,Bags,SUP-068,2024-12-13,,25.95,52.02,Active
PRD-00032,LEG-100031,AUR-000032,Mira Sports Product 32,Pulse,Sport & Lifestyle,Sports Accessories,SUP-058,2023-12-18,,29.55,51.06,Active
PRD-00033,LEG-100032,AUR-000033,Mira Bedding Product 33,Orion,Home & Living,Bedding,SUP-032,2021-10-06,,19.55,26.85,Active
PRD-00034,LEG-100033,AUR-000034,Vela Computer Product 34,Orion,Electronics & Accessories,Computer Accessories,SUP-057,2021-07-21,2023-02-10,197.52,252.89,Discontinued
PRD-00035,LEG-100034,AUR-000035,Vela Footwear Product 35,Orion,Fashion & Accessories,Footwear,SUP-043,2023-11-27,,69.34,134.68,Active
PRD-00036,LEG-100035,AUR-000036,Luma Audio Product 36,Luma,Electronics & Accessories,Audio,SUP-030,2023-12-07,,45.98,95.95,Active
PRD-00037,LEG-100036,AUR-000037,Vela Haircare Product 37,Nova,Beauty & Personal Care,Haircare,SUP-054,2021-02-01,2023-03-04,49.72,63.96,Discontinued
PRD-00038,LEG-100037,AUR-000038,Mira Fragrance Product 38,Pulse,Beauty & Personal Care,Fragrance,SUP-008,2020-05-12,,64.23,80.27,Active
PRD-00039,LEG-100038,AUR-000039,Pulse Bedding Product 39,Aurelia Select,Home & Living,Bedding,SUP-049,2025-06-10,,110.93,164.5,Active
PRD-00040,LEG-100039,AUR-000040,Solara Skincare Product 40,Orion,Beauty & Personal Care,Skincare,SUP-050,2022-02-02,2023-09-09,54.6,108.1,Discontinued
PRD-00041,LEG-100040,AUR-000041,Mira Haircare Product 41,Vela,Beauty & Personal Care,Haircare,SUP-035,2021-03-11,,391.45,537.91,Active
PRD-00042,LEG-100041,AUR-000042,Aurelia Select Cosmetics Product 42,Pulse,Beauty & Personal Care,Cosmetics,SUP-044,2020-01-17,,71.53,89.21,Active
PRD-00043,LEG-100042,AUR-000043,Mira Haircare Product 43,Luma,Beauty & Personal Care,Haircare,SUP-069,2022-06-15,2023-11-08,25.06,48.98,Discontinued
PRD-00044,LEG-100043,AUR-000044,Aurelia Select Bags Product 44,Nova,Fashion & Accessories,Bags,SUP-055,2026-01-28,,16.1,31.7,Active
PRD-00045,LEG-100044,AUR-000045,Luma Bedding Product 45,Aurelia Select,Home & Living,Bedding,SUP-034,2023-10-22,,25.1,47.96,Active
PRD-00046,LEG-100045,AUR-000046,Vela Fragrance Product 46,Mira,Beauty & Personal Care,Fragrance,SUP-042,2025-02-13,,44.5,57.78,Active
PRD-00047,LEG-100046,AUR-000047,Orion Computer Product 47,Pulse,Electronics & Accessories,Computer Accessories,SUP-033,2025-06-23,,60.75,120.85,Active
PRD-00048,LEG-100047,AUR-000048,Aurelia Select Bags Product 48,Aurelia Select,Fashion & Accessories,Bags,SUP-045,2023-01-15,,61.78,85.64,Active
PRD-00049,LEG-100048,AUR-000049,Aurelia Select Furniture Product 49,Aurelia Select,Home & Living,Furniture,SUP-032,2023-12-21,,15.96,23.98,Active
PRD-00050,LEG-100049,AUR-000050,Luma Furniture Product 50,Vela,Home & Living,Furniture,SUP-017,2021-07-12,,99.95,143.03,Active
PRD-00051,LEG-100050,AUR-000051,Vela Skincare Product 51,Mira,Beauty & Personal Care,Skincare,SUP-033,2025-03-17,,26.13,36.79,Active
PRD-00052,LEG-100051,AUR-000052,Nova Smart Product 52,Luma,Electronics & Accessories,Smart Devices,SUP-040,2026-03-27,,183.57,262.81,Active
PRD-00053,LEG-100052,AUR-000053,Orion Women's Product 53,Pulse,Fashion & Accessories,Women's Clothing,SUP-051,2021-04-30,,185.07,319.9,Active
PRD-00054,LEG-100053,AUR-000054,Vela Furniture Product 54,Nova,Home & Living,Furniture,SUP-039,2025-04-14,,57.2,80.18,Active
PRD-00055,LEG-100054,AUR-000055,Aurelia Select Fitness Product 55,Solara,Sport & Lifestyle,Fitness,SUP-069,2023-04-22,,23.93,42.51,Active
PRD-00056,LEG-100055,AUR-000056,Nova Fragrance Product 56,Solara,Beauty & Personal Care,Fragrance,SUP-002,2025-08-27,,123.95,157.93,Active
PRD-00057,LEG-100056,AUR-000057,Nova Cosmetics Product 57,Pulse,Beauty & Personal Care,Cosmetics,SUP-047,2024-10-02,,91.06,192.23,Active
PRD-00058,LEG-100057,AUR-000058,Pulse Haircare Product 58,Luma,Beauty & Personal Care,Haircare,SUP-067,2020-11-25,,37.99,63.27,Active
PRD-00059,LEG-100058,AUR-000059,Mira Computer Product 59,Pulse,Electronics & Accessories,Computer Accessories,SUP-035,2020-08-04,,33.47,71.22,Active
PRD-00060,LEG-100059,AUR-000060,Nova Smart Product 60,Orion,Electronics & Accessories,Smart Devices,SUP-058,2021-08-31,,34.13,57.65,Active
PRD-00061,LEG-100060,AUR-000061,Pulse Bedding Product 61,Solara,Home & Living,Bedding,SUP-004,2023-02-16,,122.57,201.54,Active
PRD-00062,LEG-100061,AUR-000062,Luma Fragrance Product 62,Mira,Beauty & Personal Care,Fragrance,SUP-028,2023-01-23,,57.42,109.53,Active
PRD-00063,LEG-100062,AUR-000063,Solara Chargers Product 63,Orion,Electronics & Accessories,Chargers,SUP-036,2025-07-21,2026-04-25,12.88,27.09,Discontinued
PRD-00064,LEG-100063,AUR-000064,Vela Fitness Product 64,Nova,Sport & Lifestyle,Fitness,SUP-031,2024-10-15,,153.42,266.08,Active
PRD-00065,LEG-100064,AUR-000065,Vela Cosmetics Product 65,Mira,Beauty & Personal Care,Cosmetics,SUP-063,2022-10-01,,96.51,138.55,Active
PRD-00066,LEG-100065,AUR-000066,Nova Skincare Product 66,Orion,Beauty & Personal Care,Skincare,SUP-029,2025-03-23,,64.33,89.36,Active
PRD-00067,LEG-100066,AUR-000067,Orion Haircare Product 67,Solara,Beauty & Personal Care,Haircare,SUP-061,2022-05-24,,49.07,64.12,Active
PRD-00068,LEG-100067,AUR-000068,Pulse Sports Product 68,Solara,Sport & Lifestyle,Sports Accessories,SUP-046,2020-11-03,,26.02,38.37,Active
PRD-00069,LEG-100068,AUR-000069,Orion Fragrance Product 69,Orion,Beauty & Personal Care,Fragrance,SUP-030,2024-10-17,,30.7,57.79,Active
PRD-00070,LEG-100069,AUR-000070,Solara Men's Product 70,Nova,Fashion & Accessories,Men's Clothing,SUP-069,2020-01-12,,55.04,120.97,Active
PRD-00071,LEG-100070,AUR-000071,Vela Home Product 71,Mira,Home & Living,Home Décor,SUP-036,2024-09-18,,80.47,159.25,Active
PRD-00072,LEG-100071,AUR-000072,Nova Sports Product 72,Vela,Sport & Lifestyle,Sports Accessories,SUP-038,2020-03-18,2022-03-30,13.43,22.3,Discontinued
PRD-00073,LEG-100072,AUR-000073,Luma Kitchen Product 73,Orion,Home & Living,Kitchen,SUP-002,2022-11-01,,136.55,265.35,Active
PRD-00074,LEG-100073,AUR-000074,Orion Outdoor Product 74,Aurelia Select,Sport & Lifestyle,Outdoor,SUP-007,2021-12-09,,31.32,44.21,Active
PRD-00075,LEG-100074,AUR-000075,Luma Sports Product 75,Mira,Sport & Lifestyle,Sports Accessories,SUP-014,2022-07-27,,66.25,85.03,Active
PRD-00076,LEG-100075,AUR-000076,Mira Footwear Product 76,Mira,Fashion & Accessories,Footwear,SUP-057,2026-07-20,2028-07-14,39.24,76.89,Discontinued
PRD-00077,LEG-100076,AUR-000077,Aurelia Select Smart Product 77,Orion,Electronics & Accessories,Smart Devices,SUP-062,2026-07-25,2028-08-01,34.34,59.26,Discontinued
PRD-00078,LEG-100077,AUR-000078,Pulse Women's Product 78,Mira,Fashion & Accessories,Women's Clothing,SUP-010,2025-11-22,,79.13,108.26,Active
PRD-00079,LEG-100078,AUR-000079,Luma Fitness Product 79,Luma,Sport & Lifestyle,Fitness,SUP-039,2020-02-04,,62.66,83.92,Active
PRD-00080,LEG-100079,AUR-000080,Nova Men's Product 80,Pulse,Fashion & Accessories,Men's Clothing,SUP-029,2025-12-25,2028-04-25,45.33,55.41,Discontinued
PRD-00081,LEG-100080,AUR-000081,Mira Travel Product 81,Mira,Sport & Lifestyle,Travel,SUP-039,2023-12-25,,22.03,30.11,Active
PRD-00082,LEG-100081,AUR-000082,Orion Travel Product 82,Aurelia Select,Sport & Lifestyle,Travel,SUP-013,2026-05-12,,33.96,64.86,Active
PRD-00083,LEG-100082,AUR-000083,Orion Home Product 83,Nova,Home & Living,Home Décor,SUP-021,2026-02-04,2027-08-12,117.03,229.5,Discontinued
PRD-00084,LEG-100083,AUR-000084,Nova Home Product 84,Luma,Home & Living,Home Décor,SUP-001,2021-04-29,,140.82,239.95,Active
PRD-00085,LEG-100084,AUR-000085,Mira Cosmetics Product 85,Orion,Beauty & Personal Care,Cosmetics,SUP-005,2020-05-07,,36.01,65.7,Active
PRD-00086,LEG-100085,AUR-000086,Orion Kitchen Product 86,Mira,Home & Living,Kitchen,SUP-010,2021-04-08,,95.82,209.53,Active
PRD-00087,LEG-100086,AUR-000087,Vela Kitchen Product 87,Pulse,Home & Living,Kitchen,SUP-015,2020-01-11,,71.88,121.42,Active
PRD-00088,LEG-100087,AUR-000088,Luma Outdoor Product 88,Orion,Sport & Lifestyle,Outdoor,SUP-019,2020-04-11,2022-07-01,15.16,20.05,Discontinued
PRD-00089,LEG-100088,AUR-000089,Luma Women's Product 89,Orion,Fashion & Accessories,Women's Clothing,SUP-037,2021-03-16,,25.82,39.7,Active
PRD-00090,LEG-100089,AUR-000090,Mira Skincare Product 90,Orion,Beauty & Personal Care,Skincare,SUP-052,2022-12-07,,47.82,78.63,Active
PRD-00091,LEG-100090,AUR-000091,Mira Computer Product 91,Nova,Electronics & Accessories,Computer Accessories,SUP-006,2020-12-14,,42.95,70.86,Active
PRD-00092,LEG-100091,AUR-000092,Orion Fragrance Product 92,Aurelia Select,Beauty & Personal Care,Fragrance,SUP-012,2021-01-14,,43.29,91.72,Active
PRD-00093,LEG-100092,AUR-000093,Orion Furniture Product 93,Aurelia Select,Home & Living,Furniture,SUP-023,2020-12-22,2023-08-27,69.7,108.13,Discontinued
PRD-00094,LEG-100093,AUR-000094,Orion Cosmetics Product 94,Luma,Beauty & Personal Care,Cosmetics,SUP-056,2020-11-17,,61.08,86.36,Active
PRD-00095,LEG-100094,AUR-000095,Mira Skincare Product 95,Solara,Beauty & Personal Care,Skincare,SUP-053,2026-05-20,,68.93,117.8,Active
PRD-00096,LEG-100095,AUR-000096,Nova Chargers Product 96,Luma,Electronics & Accessories,Chargers,SUP-043,2022-09-15,,17.94,29.79,Active
PRD-00097,LEG-100096,AUR-000097,Orion Cosmetics Product 97,Pulse,Beauty & Personal Care,Cosmetics,SUP-005,2023-02-19,,39.6,59.54,Active
PRD-00098,LEG-100097,AUR-000098,Solara Skincare Product 98,Orion,Beauty & Personal Care,Skincare,SUP-042,2023-02-11,,27.84,45.59,Active
PRD-00099,LEG-100098,AUR-000099,Aurelia Select Bags Product 99,Mira,Fashion & Accessories,Bags,SUP-053,2024-01-19,,44.74,77.33,Active
PRD-00100,LEG-100099,AUR-000100,Solara Men's Product 100,Mira,Fashion & Accessories,Men's Clothing,SUP-057,2022-01-28,,114.97,174.1,Active
PRD-00101,LEG-100100,AUR-000101,Orion Men's Product 101,Luma,Fashion & Accessories,Men's Clothing,SUP-037,2025-04-23,,336.42,533.76,Active
PRD-00102,LEG-100101,AUR-000102,Nova Cosmetics Product 102,Aurelia Select,Beauty & Personal Care,Cosmetics,SUP-031,2024-11-03,,81.99,129.39,Active
PRD-00103,LEG-100102,AUR-000103,Aurelia Select Kitchen Product 103,Pulse,Home & Living,Kitchen,SUP-012,2023-05-31,,31.64,44.96,Active
PRD-00104,LEG-100103,AUR-000104,Mira Furniture Product 104,Nova,Home & Living,Furniture,SUP-020,2025-07-02,,83.83,105.66,Active
PRD-00105,LEG-100104,AUR-000105,Orion Fragrance Product 105,Pulse,Beauty & Personal Care,Fragrance,SUP-062,2023-09-18,,70.57,98.53,Active
PRD-00106,LEG-100105,AUR-000106,Mira Haircare Product 106,Luma,Beauty & Personal Care,Haircare,SUP-050,2022-03-12,2023-09-01,105.1,192.77,Discontinued
PRD-00107,LEG-100106,AUR-000107,Nova Home Product 107,Orion,Home & Living,Home Décor,SUP-054,2025-06-08,,19.17,28.1,Active
PRD-00108,LEG-100107,AUR-000108,Aurelia Select Chargers Product 108,Orion,Electronics & Accessories,Chargers,SUP-039,2023-05-04,,33.0,42.53,Active
PRD-00109,LEG-100108,AUR-000109,Luma Travel Product 109,Mira,Sport & Lifestyle,Travel,SUP-069,2022-05-25,,297.17,556.16,Active
PRD-00110,LEG-100109,AUR-000110,Solara Fragrance Product 110,Pulse,Beauty & Personal Care,Fragrance,SUP-059,2024-12-12,,75.61,135.26,Active
PRD-00111,LEG-100110,AUR-000111,Vela Smart Product 111,Pulse,Electronics & Accessories,Smart Devices,SUP-030,2022-07-19,,51.4,69.22,Active
PRD-00112,LEG-100111,AUR-000112,Solara Skincare Product 112,Mira,Beauty & Personal Care,Skincare,SUP-049,2022-09-29,,87.17,114.9,Active
PRD-00113,LEG-100112,AUR-000113,Mira Haircare Product 113,Aurelia Select,Beauty & Personal Care,Haircare,SUP-017,2025-06-30,,27.69,54.33,Active
PRD-00114,LEG-100113,AUR-000114,Nova Sports Product 114,Mira,Sport & Lifestyle,Sports Accessories,SUP-013,2025-07-16,2026-11-29,47.75,73.0,Discontinued
PRD-00115,LEG-100114,AUR-000115,Aurelia Select Travel Product 115,Luma,Sport & Lifestyle,Travel,SUP-053,2023-02-25,,59.86,90.77,Active
PRD-00116,LEG-100115,AUR-000116,Mira Furniture Product 116,Orion,Home & Living,Furniture,SUP-044,2023-01-31,2024-12-29,28.25,58.33,Discontinued
PRD-00117,LEG-100116,AUR-000117,Nova Travel Product 117,Solara,Sport & Lifestyle,Travel,SUP-069,2021-07-12,,85.3,133.58,Active
PRD-00118,LEG-100117,AUR-000118,Mira Fragrance Product 118,Aurelia Select,Beauty & Personal Care,Fragrance,SUP-009,2021-10-07,,10.22,12.95,Active
PRD-00119,LEG-100118,AUR-000119,Vela Kitchen Product 119,Nova,Home & Living,Kitchen,SUP-056,2021-08-07,,64.93,111.99,Active
PRD-00120,LEG-100119,AUR-000120,Mira Women's Product 120,Luma,Fashion & Accessories,Women's Clothing,SUP-039,2024-10-05,,48.84,61.17,Active
PRD-00121,LEG-100120,AUR-000121,Solara Women's Product 121,Aurelia Select,Fashion & Accessories,Women's Clothing,SUP-038,2022-05-29,,86.82,171.06,Active
PRD-00122,LEG-100121,AUR-000122,Pulse Chargers Product 122,Luma,Electronics & Accessories,Chargers,SUP-032,2022-06-06,,67.19,133.11,Active
PRD-00123,LEG-100122,AUR-000123,Luma Travel Product 123,Luma,Sport & Lifestyle,Travel,SUP-023,2023-04-26,,32.22,63.75,Active
PRD-00124,LEG-100123,AUR-000124,Vela Bags Product 124,Mira,Fashion & Accessories,Bags,SUP-019,2026-07-23,,29.31,43.58,Active
PRD-00125,LEG-100124,AUR-000125,Orion Bedding Product 125,Mira,Home & Living,Bedding,SUP-033,2026-01-10,,31.95,45.99,Active
PRD-00126,LEG-100125,AUR-000126,Orion Bags Product 126,Luma,Fashion & Accessories,Bags,SUP-010,2024-07-15,,48.83,102.39,Active
PRD-00127,LEG-100126,AUR-000127,Orion Fragrance Product 127,Pulse,Beauty & Personal Care,Fragrance,SUP-033,2022-12-11,,19.81,24.24,Active
PRD-00128,LEG-100127,AUR-000128,Vela Fragrance Product 128,Pulse,Beauty & Personal Care,Fragrance,SUP-062,2024-09-08,,29.08,49.67,Active
PRD-00129,LEG-100128,AUR-000129,Pulse Men's Product 129,Solara,Fashion & Accessories,Men's Clothing,SUP-038,2026-06-14,,130.79,242.98,Active
PRD-00130,LEG-100129,AUR-000130,Pulse Audio Product 130,Orion,Electronics & Accessories,Audio,SUP-002,2024-02-05,,10.11,21.8,Active
PRD-00131,LEG-100130,AUR-000131,Mira Fitness Product 131,Orion,Sport & Lifestyle,Fitness,SUP-030,2025-02-19,,90.02,163.98,Active
PRD-00132,LEG-100131,AUR-000132,Vela Sports Product 132,Vela,Sport & Lifestyle,Sports Accessories,SUP-033,2022-09-27,,30.38,52.56,Active
PRD-00133,LEG-100132,AUR-000133,Aurelia Select Furniture Product 133,Orion,Home & Living,Furniture,SUP-057,2026-05-16,,65.0,118.5,Active
PRD-00134,LEG-100133,AUR-000134,Luma Footwear Product 134,Nova,Fashion & Accessories,Footwear,SUP-038,2021-12-15,,40.58,52.42,Active
PRD-00135,LEG-100134,AUR-000135,Luma Computer Product 135,Vela,Electronics & Accessories,Computer Accessories,SUP-017,2020-04-08,,37.92,83.29,Active
PRD-00136,LEG-100135,AUR-000136,Orion Sports Product 136,Luma,Sport & Lifestyle,Sports Accessories,SUP-033,2020-06-26,2022-10-04,15.76,23.6,Discontinued
PRD-00137,LEG-100136,AUR-000137,Solara Fragrance Product 137,Nova,Beauty & Personal Care,Fragrance,SUP-060,2021-09-30,,35.19,67.25,Active
PRD-00138,LEG-100137,AUR-000138,Vela Men's Product 138,Pulse,Fashion & Accessories,Men's Clothing,SUP-047,2026-01-28,2027-05-25,74.71,109.54,Discontinued
PRD-00139,LEG-100138,AUR-000139,Aurelia Select Bags Product 139,Orion,Fashion & Accessories,Bags,SUP-069,2020-09-19,,64.37,115.76,Active
PRD-00140,LEG-100139,AUR-000140,Solara Bags Product 140,Orion,Fashion & Accessories,Bags,SUP-049,2022-08-02,2024-11-15,31.04,56.81,Discontinued
PRD-00141,LEG-100140,AUR-000141,Vela Audio Product 141,Mira,Electronics & Accessories,Audio,SUP-004,2021-07-14,2023-12-14,35.52,60.22,Discontinued
PRD-00142,LEG-100141,AUR-000142,Vela Sports Product 142,Nova,Sport & Lifestyle,Sports Accessories,SUP-060,2023-06-27,,65.91,115.75,Active
PRD-00143,LEG-100142,AUR-000143,Nova Computer Product 143,Luma,Electronics & Accessories,Computer Accessories,SUP-006,2020-03-12,,40.93,71.62,Active
PRD-00144,LEG-100143,AUR-000144,Mira Footwear Product 144,Nova,Fashion & Accessories,Footwear,SUP-013,2025-02-14,,10.09,14.59,Active
PRD-00145,LEG-100144,AUR-000145,Pulse Home Product 145,Mira,Home & Living,Home Décor,SUP-048,2025-08-10,,14.07,20.91,Active
PRD-00146,LEG-100145,AUR-000146,Luma Travel Product 146,Pulse,Sport & Lifestyle,Travel,SUP-013,2024-06-18,,47.8,63.68,Active
PRD-00147,LEG-100146,AUR-000147,Orion Cosmetics Product 147,Aurelia Select,Beauty & Personal Care,Cosmetics,SUP-048,2020-07-22,,19.18,36.8,Active
PRD-00148,LEG-100147,AUR-000148,Mira Bedding Product 148,Vela,Home & Living,Bedding,SUP-047,2023-07-06,,61.58,92.04,Active
PRD-00149,LEG-100148,AUR-000149,Solara Footwear Product 149,Aurelia Select,Fashion & Accessories,Footwear,SUP-051,2020-11-24,,16.26,24.09,Active
PRD-00150,LEG-100149,AUR-000150,Nova Smart Product 150,Mira,Electronics & Accessories,Smart Devices,SUP-012,2020-09-04,2021-12-27,199.03,258.39,Discontinued
PRD-00151,LEG-100150,AUR-000151,Aurelia Select Furniture Product 151,Solara,Home & Living,Furniture,SUP-032,2021-12-25,,82.36,101.24,Active
PRD-00152,LEG-100151,AUR-000152,Nova Home Product 152,Vela,Home & Living,Home Décor,SUP-028,2022-12-23,,127.58,192.01,Active
PRD-00153,LEG-100152,AUR-000153,Luma Kitchen Product 153,Aurelia Select,Home & Living,Kitchen,SUP-036,2026-06-11,,53.93,87.0,Active
PRD-00154,LEG-100153,AUR-000154,Orion Home Product 154,Luma,Home & Living,Home Décor,SUP-015,2021-11-13,,16.54,23.65,Active
PRD-00155,LEG-100154,AUR-000155,Aurelia Select Men's Product 155,Solara,Fashion & Accessories,Men's Clothing,SUP-031,2021-06-01,,37.87,69.44,Active
PRD-00156,LEG-100155,AUR-000156,Aurelia Select Sports Product 156,Luma,Sport & Lifestyle,Sports Accessories,SUP-034,2023-11-18,,33.12,45.33,Active
PRD-00157,LEG-100156,AUR-000157,Pulse Men's Product 157,Nova,Fashion & Accessories,Men's Clothing,SUP-009,2020-01-04,,69.72,140.43,Active
PRD-00158,LEG-100157,AUR-000158,Solara Cosmetics Product 158,Nova,Beauty & Personal Care,Cosmetics,SUP-058,2021-11-10,,71.62,135.14,Active
PRD-00159,LEG-100158,AUR-000159,Aurelia Select Outdoor Product 159,Orion,Sport & Lifestyle,Outdoor,SUP-059,2023-11-14,,84.57,187.11,Active
PRD-00160,LEG-100159,AUR-000160,Mira Women's Product 160,Pulse,Fashion & Accessories,Women's Clothing,SUP-055,2024-06-07,,38.45,72.74,Active
PRD-00161,LEG-100160,AUR-000161,Mira Bags Product 161,Nova,Fashion & Accessories,bags,SUP-011,2022-10-22,,94.97,121.4,Active
PRD-00162,LEG-100161,AUR-000162,Nova Smart Product 162,Luma,Electronics & Accessories,Smart Devices,SUP-036,2024-04-16,2026-11-21,68.02,103.1,Discontinued
PRD-00163,LEG-100162,AUR-000163,Pulse Sports Product 163,Orion,Sport & Lifestyle,Sports Accessories,SUP-059,2026-04-22,,30.61,38.03,Active
PRD-00164,LEG-100163,AUR-000164,Nova Travel Product 164,Nova,Sport & Lifestyle,Travel,SUP-028,2021-09-25,,27.81,42.68,Active
PRD-00165,LEG-100164,AUR-000165,Vela Cosmetics Product 165,Pulse,Beauty & Personal Care,Cosmetics,SUP-044,2023-05-23,,45.99,59.06,Active
PRD-00166,LEG-100165,AUR-000166,Pulse Cosmetics Product 166,Nova,Beauty & Personal Care,Cosmetics,SUP-041,2022-12-14,,113.8,202.61,Active
PRD-00167,LEG-100166,AUR-000167,Orion Fragrance Product 167,Solara,Beauty & Personal Care,Fragrance,SUP-020,2021-05-11,2022-07-02,46.76,70.22,Discontinued
PRD-00168,LEG-100167,AUR-000168,Nova Skincare Product 168,Nova,Beauty & Personal Care,Skincare,SUP-012,2020-09-25,,26.46,32.28,Active
PRD-00169,LEG-100168,AUR-000169,Solara Skincare Product 169,Luma,Beauty & Personal Care,Skincare,SUP-008,2022-09-11,,23.31,33.45,Active
PRD-00170,LEG-100169,AUR-000170,Nova Sports Product 170,Pulse,Sport & Lifestyle,Sports Accessories,SUP-046,2022-11-01,,26.69,36.89,Active
PRD-00171,LEG-100170,AUR-000171,Orion Skincare Product 171,Orion,Beauty & Personal Care,Skincare,SUP-046,2025-09-02,,11.06,17.22,Active
PRD-00172,LEG-100171,AUR-000172,Luma Men's Product 172,Mira,Fashion & Accessories,Men's Clothing,SUP-029,2024-06-27,2026-02-02,66.54,139.86,Discontinued
PRD-00173,LEG-100172,AUR-000173,Solara Footwear Product 173,Nova,Fashion & Accessories,Footwear,SUP-036,2023-01-10,2024-03-26,74.7,97.73,Discontinued
PRD-00174,LEG-100173,AUR-000174,Pulse Outdoor Product 174,Aurelia Select,Sport & Lifestyle,Outdoor,SUP-035,2020-11-27,,66.33,81.23,Active
PRD-00175,LEG-100174,AUR-000175,Orion Men's Product 175,Orion,Fashion & Accessories,Men's Clothing,SUP-044,2024-08-22,,96.05,123.29,Active
PRD-00176,LEG-100175,AUR-000176,Luma Audio Product 176,Luma,Electronics & Accessories,Audio,SUP-052,2024-01-28,,125.39,208.41,Active
PRD-00177,LEG-100176,AUR-000177,Aurelia Select Men's Product 177,Nova,Fashion & Accessories,Men's Clothing,SUP-068,2023-07-03,,58.52,116.05,Active
PRD-00178,LEG-100177,AUR-000178,Pulse Bedding Product 178,Mira,Home & Living,Bedding,SUP-044,2024-01-25,,42.09,83.6,Active
PRD-00179,LEG-100178,AUR-000179,Orion Kitchen Product 179,Solara,Home & Living,Kitchen,SUP-011,2026-05-12,,44.28,67.93,Active
PRD-00180,LEG-100179,AUR-000180,Luma Men's Product 180,Aurelia Select,Fashion & Accessories,Men's Clothing,SUP-011,2023-12-19,,120.93,232.95,Active
PRD-00181,LEG-100180,AUR-000181,Pulse Computer Product 181,Mira,Electronics & Accessories,Computer Accessories,SUP-057,2021-12-12,,85.43,142.93,Active
PRD-00182,LEG-100181,AUR-000182,Vela Fragrance Product 182,Nova,Beauty & Personal Care,Fragrance,SUP-045,2021-06-03,2023-07-26,91.65,115.86,Discontinued
PRD-00183,LEG-100182,AUR-000183,Orion Skincare Product 183,Mira,Beauty & Personal Care,Skincare,SUP-068,2022-04-11,,57.89,76.29,Active
PRD-00184,LEG-100183,AUR-000184,Vela Audio Product 184,Pulse,Electronics & Accessories,Audio,SUP-008,2025-06-05,,177.2,324.11,Active
PRD-00185,LEG-100184,AUR-000185,Orion Men's Product 185,Vela,Fashion & Accessories,Men's Clothing,SUP-018,2022-01-31,,140.53,181.71,Active
PRD-00186,LEG-100185,AUR-000186,Solara Chargers Product 186,Nova,Electronics & Accessories,Chargers,SUP-001,2025-03-21,,25.4,33.59,Active
PRD-00187,LEG-100186,AUR-000187,Luma Cosmetics Product 187,Luma,Beauty & Personal Care,Cosmetics,SUP-049,2023-05-02,,52.68,64.72,Active
PRD-00188,LEG-100187,AUR-000188,Solara Outdoor Product 188,Nova,Sport & Lifestyle,Outdoor,SUP-051,2023-10-06,,102.1,132.07,Active
PRD-00189,LEG-100188,AUR-000189,Aurelia Select Bags Product 189,Mira,Fashion & Accessories,Bags,SUP-010,2025-11-23,,47.37,80.29,Active
PRD-00190,LEG-100189,AUR-000190,Pulse Computer Product 190,Pulse,Electronics & Accessories,Computer Accessories,SUP-038,2020-11-12,,32.39,53.98,Active
PRD-00191,LEG-100190,AUR-000191,Aurelia Select Bags Product 191,Solara,Fashion & Accessories,Bags,SUP-022,2021-12-08,,15.63,19.22,Active
PRD-00192,LEG-100191,AUR-000192,Solara Travel Product 192,Nova,Sport & Lifestyle,Travel,SUP-056,2025-07-06,,114.6,230.74,Active
PRD-00193,LEG-100192,AUR-000193,Pulse Men's Product 193,Pulse,Fashion & Accessories,Men's Clothing,SUP-068,2021-08-31,,25.57,37.97,Active
PRD-00194,LEG-100193,AUR-000194,Orion Bags Product 194,Solara,Fashion & Accessories,Bags,SUP-029,2021-10-04,,134.44,220.31,Active
PRD-00195,LEG-100194,AUR-000195,Nova Smart Product 195,Nova,Electronics & Accessories,Smart Devices,SUP-068,2024-12-25,2025-07-21,43.67,69.36,Discontinued
PRD-00196,LEG-100195,AUR-000196,Solara Outdoor Product 196,Solara,Sport & Lifestyle,Outdoor,SUP-019,2025-03-25,2027-06-16,65.17,97.41,Discontinued
PRD-00197,LEG-100196,AUR-000197,Luma Furniture Product 197,Orion,Home & Living,Furniture,SUP-026,2025-11-05,,41.21,72.62,Active
PRD-00198,LEG-100197,AUR-000198,Nova Home Product 198,Luma,Home & Living,Home Décor,SUP-064,2024-06-24,,24.59,32.62,Active
PRD-00199,LEG-100198,AUR-000199,Solara Cosmetics Product 199,Solara,Beauty & Personal Care,Cosmetics,SUP-020,2021-04-23,,68.22,92.0,Active
PRD-00200,LEG-100199,AUR-000200,Mira Skincare Product 200,Mira,Beauty & Personal Care,Skincare,SUP-039,2024-03-30,,14.83,29.96,Active
PRD-00201,LEG-100200,AUR-000201,Solara Audio Product 201,Nova,Electronics & Accessories,Audio,SUP-040,2022-06-28,,127.73,232.46,Active
PRD-00202,LEG-100201,AUR-000202,Aurelia Select Cosmetics Product 202,Aurelia Select,Beauty & Personal Care,Cosmetics,SUP-048,2025-02-11,,162.88,208.47,Active
PRD-00203,LEG-100202,AUR-000203,Nova Audio Product 203,Pulse,Electronics & Accessories,Audio,SUP-060,2025-12-09,,29.19,37.28,Active
PRD-00204,LEG-100203,AUR-000204,Mira Fitness Product 204,Vela,Sport & Lifestyle,Fitness,SUP-042,2021-05-19,,197.59,243.5,Active
PRD-00205,LEG-100204,AUR-000205,Luma Travel Product 205,Aurelia Select,Sport & Lifestyle,Travel,SUP-058,2026-06-08,,186.34,379.05,Active
PRD-00206,LEG-100205,AUR-000206,Nova Footwear Product 206,Luma,Fashion & Accessories,Footwear,SUP-006,2023-10-03,,70.52,118.56,Active
PRD-00207,LEG-100206,AUR-000207,Mira Bedding Product 207,Luma,Home & Living,Bedding,SUP-047,2023-10-26,,107.59,227.02,Active
PRD-00208,LEG-100207,AUR-000208,Pulse Chargers Product 208,Pulse,Electronics & Accessories,Chargers,SUP-044,2022-05-20,,103.13,151.57,Active
PRD-00209,LEG-100208,AUR-000209,Solara Fitness Product 209,Nova,Sport & Lifestyle,Fitness,SUP-043,2022-08-03,,69.1,121.94,Active
PRD-00210,LEG-100209,AUR-000210,Orion Bags Product 210,Orion,Fashion & Accessories,Bags,SUP-020,2021-04-20,,87.06,119.28,Active
PRD-00211,LEG-100210,AUR-000211,Luma Audio Product 211,Solara,Electronics & Accessories,Audio,SUP-040,2020-08-25,,57.9,80.75,Active
PRD-00212,LEG-100211,AUR-000212,Nova Haircare Product 212,Orion,Beauty & Personal Care,Haircare,SUP-049,2020-05-16,,21.34,34.04,Active
PRD-00213,LEG-100212,AUR-000213,Nova Smart Product 213,Pulse,Electronics & Accessories,Smart Devices,SUP-066,2023-01-29,,66.37,103.4,Active
PRD-00214,LEG-100213,AUR-000214,Solara Audio Product 214,Orion,Electronics & Accessories,Audio,SUP-024,2025-10-21,,57.06,89.62,Active
PRD-00215,LEG-100214,AUR-000215,Mira Kitchen Product 215,Vela,Home & Living,Kitchen,SUP-029,2020-09-22,,46.77,87.1,Active
PRD-00216,LEG-100215,AUR-000216,Nova Home Product 216,Orion,Home & Living,Home Décor,SUP-013,2024-01-13,,63.94,140.3,Active
PRD-00217,LEG-100216,AUR-000217,Solara Fitness Product 217,Luma,Sport & Lifestyle,Fitness,SUP-049,2026-06-15,,25.4,33.03,Active
PRD-00218,LEG-100217,AUR-000218,Luma Home Product 218,Luma,Home & Living,Home Décor,SUP-057,2025-05-13,,40.37,51.48,Active
PRD-00219,LEG-100218,AUR-000219,Solara Bags Product 219,Vela,Fashion & Accessories,Bags,SUP-057,2025-07-22,,36.95,48.69,Active
PRD-00220,LEG-100219,AUR-000220,Mira Sports Product 220,Vela,Sport & Lifestyle,Sports Accessories,SUP-069,2022-06-18,,43.89,86.96,Active
PRD-00221,LEG-100220,AUR-000221,Mira Kitchen Product 221,Vela,Home & Living,Kitchen,SUP-048,2023-11-03,,76.34,111.83,Active
PRD-00222,LEG-100221,AUR-000222,Mira Travel Product 222,Orion,Sport & Lifestyle,Travel,SUP-049,2020-04-13,,58.66,109.81,Active
PRD-00223,LEG-100222,AUR-000223,Luma Travel Product 223,Vela,Sport & Lifestyle,Travel,SUP-018,2021-05-11,2022-09-18,230.95,472.84,Discontinued
PRD-00224,LEG-100223,AUR-000224,Mira Audio Product 224,Solara,Electronics & Accessories,Audio,SUP-014,2021-09-26,,25.7,34.11,Active
PRD-00225,LEG-100224,AUR-000225,Orion Fitness Product 225,Nova,Sport & Lifestyle,Fitness,SUP-021,2025-10-10,,80.55,110.46,Active
PRD-00226,LEG-100225,AUR-000226,Luma Computer Product 226,Pulse,Electronics & Accessories,Computer Accessories,SUP-012,2024-08-31,,149.22,239.29,Active
PRD-00227,LEG-100226,AUR-000227,Solara Bedding Product 227,Aurelia Select,Home & Living,Bedding,SUP-054,2020-03-28,,14.64,19.25,Active
PRD-00228,LEG-100227,AUR-000228,Solara Bags Product 228,Vela,Fashion & Accessories,Bags,SUP-050,2026-03-06,,36.6,58.23,Active
PRD-00229,LEG-100228,AUR-000229,Vela Footwear Product 229,Aurelia Select,Fashion & Accessories,Footwear,SUP-041,2025-06-04,,48.48,78.01,Active
PRD-00230,LEG-100229,AUR-000230,Luma Footwear Product 230,Luma,Fashion & Accessories,Footwear,SUP-005,2022-11-08,,54.83,117.24,Active
PRD-00231,LEG-100230,AUR-000231,Luma Computer Product 231,Mira,Electronics & Accessories,Computer Accessories,SUP-058,2022-06-13,,172.98,227.76,Active
PRD-00232,LEG-100231,AUR-000232,Nova Fitness Product 232,Aurelia Select,Sport & Lifestyle,Fitness,SUP-033,2023-08-23,2024-06-26,51.34,63.47,Discontinued
PRD-00233,LEG-100232,AUR-000233,Pulse Home Product 233,Nova,Home & Living,Home Décor,SUP-037,2026-01-09,,101.54,170.66,Active
PRD-00234,LEG-100233,AUR-000234,Nova Kitchen Product 234,Aurelia Select,Home & Living,Kitchen,SUP-031,2024-05-04,,66.86,107.28,Active
PRD-00235,LEG-100234,AUR-000235,Nova Cosmetics Product 235,Nova,Beauty & Personal Care,Cosmetics,SUP-064,2021-03-25,,71.38,130.83,Active
PRD-00236,LEG-100235,AUR-000236,Vela Fitness Product 236,Luma,Sport & Lifestyle,Fitness,SUP-038,2024-06-24,2025-09-26,74.91,156.27,Discontinued
PRD-00237,LEG-100236,AUR-000237,Solara Skincare Product 237,Vela,Beauty & Personal Care,Skincare,SUP-054,2024-04-27,,142.51,270.9,Active
PRD-00238,LEG-100237,AUR-000238,Solara Furniture Product 238,Nova,Home & Living,Furniture,SUP-068,2024-02-03,,72.65,97.96,Active
PRD-00239,LEG-100238,AUR-000239,Pulse Fitness Product 239,Mira,Sport & Lifestyle,Fitness,SUP-006,2024-12-14,,27.07,46.38,Active
PRD-00240,LEG-100239,AUR-000240,Orion Fragrance Product 240,Aurelia Select,Beauty & Personal Care,Fragrance,SUP-046,2020-01-06,,45.65,57.27,Active
PRD-00241,LEG-100240,AUR-000241,Vela Footwear Product 241,Nova,Fashion & Accessories,Footwear,SUP-043,2025-03-05,,55.94,73.25,Active
PRD-00242,LEG-100241,AUR-000242,Solara Furniture Product 242,Solara,Home & Living,Furniture,SUP-023,2024-02-26,,84.08,119.79,Active
PRD-00243,LEG-100242,AUR-000243,Luma Cosmetics Product 243,Luma,Beauty & Personal Care,Cosmetics,SUP-009,2024-04-28,,118.31,205.46,Active
PRD-00244,LEG-100243,AUR-000244,Orion Skincare Product 244,Vela,Beauty & Personal Care,Skincare,SUP-006,2023-12-10,,75.52,108.94,Active
PRD-00245,LEG-100244,AUR-000245,Solara Furniture Product 245,Orion,Home & Living,Furniture,SUP-066,2023-11-01,,91.37,180.22,Active
PRD-00246,LEG-100245,AUR-000246,Orion Cosmetics Product 246,Aurelia Select,Beauty & Personal Care,Cosmetics,SUP-025,2020-04-06,,68.84,126.85,Active
PRD-00247,LEG-100246,AUR-000247,Aurelia Select Chargers Product 247,Solara,Electronics & Accessories,Chargers,SUP-035,2021-02-17,,44.18,76.72,Active
PRD-00248,LEG-100247,AUR-000248,Pulse Footwear Product 248,Pulse,Fashion & Accessories,Footwear,SUP-057,2021-12-26,,191.72,350.66,Active
PRD-00249,LEG-100248,AUR-000249,Luma Fragrance Product 249,Mira,Beauty & Personal Care,Fragrance,SUP-064,2023-11-15,,69.89,126.23,Active
PRD-00250,LEG-100249,AUR-000250,Nova Chargers Product 250,Pulse,Electronics & Accessories,Chargers,SUP-011,2023-05-06,,97.19,167.39,Active
PRD-00251,LEG-100250,AUR-000251,Orion Haircare Product 251,Solara,Beauty & Personal Care,Haircare,SUP-014,2021-09-12,2022-06-22,40.85,62.16,Discontinued
PRD-00252,LEG-100251,AUR-000252,Orion Footwear Product 252,Orion,Fashion & Accessories,Footwear,SUP-058,2024-10-25,2026-10-18,87.27,151.14,Discontinued
PRD-00253,LEG-100252,AUR-000253,Luma Travel Product 253,Mira,Sport & Lifestyle,Travel,SUP-045,2021-01-24,,23.0,30.8,Active
PRD-00254,LEG-100253,AUR-000254,Solara Skincare Product 254,Pulse,Beauty & Personal Care,Skincare,SUP-036,2025-02-10,,26.27,45.86,Active
PRD-00255,LEG-100254,AUR-000255,Pulse Women's Product 255,Solara,Fashion & Accessories,Women's Clothing,SUP-066,2021-11-04,,45.07,58.64,Active
PRD-00256,LEG-100255,AUR-000256,Luma Furniture Product 256,Mira,Home & Living,Furniture,SUP-005,2021-11-11,,68.12,91.42,Active
PRD-00257,LEG-100256,AUR-000257,Vela Furniture Product 257,Solara,Home & Living,Furniture,SUP-047,2023-10-29,,12.48,26.71,Active
PRD-00258,LEG-100257,AUR-000258,Luma Skincare Product 258,Mira,Beauty & Personal Care,Skincare,SUP-048,2024-01-04,,54.42,77.59,Active
PRD-00259,LEG-100258,AUR-000259,Nova Computer Product 259,Luma,Electronics & Accessories,Computer Accessories,SUP-068,2023-07-30,,62.92,111.1,Active
PRD-00260,LEG-100259,AUR-000260,Solara Computer Product 260,Orion,Electronics & Accessories,Computer Accessories,SUP-032,2020-02-25,,54.54,91.79,Active
PRD-00261,LEG-100260,AUR-000261,Luma Women's Product 261,Mira,Fashion & Accessories,Women's Clothing,SUP-067,2022-02-26,,95.96,190.4,Active
PRD-00262,LEG-100261,AUR-000262,Orion Skincare Product 262,Orion,Beauty & Personal Care,Skincare,SUP-058,2022-02-12,,89.03,151.91,Active
PRD-00263,LEG-100262,AUR-000263,Mira Kitchen Product 263,Vela,Home & Living,Kitchen,SUP-016,2026-04-09,,29.92,62.04,Active
PRD-00264,LEG-100263,AUR-000264,Mira Furniture Product 264,Luma,Home & Living,Furniture,SUP-057,2026-01-26,,74.16,136.24,Active
PRD-00265,LEG-100264,AUR-000265,Solara Footwear Product 265,Nova,Fashion & Accessories,Footwear,SUP-070,2024-02-11,,58.95,91.8,Active
PRD-00266,LEG-100265,AUR-000266,Luma Chargers Product 266,Luma,Electronics & Accessories,Chargers,SUP-047,2022-12-31,,60.64,85.05,Active
PRD-00267,LEG-100266,AUR-000267,Nova Outdoor Product 267,Vela,Sport & Lifestyle,Outdoor,SUP-018,2021-11-18,,74.54,111.53,Active
PRD-00268,LEG-100267,AUR-000268,Aurelia Select Bedding Product 268,Solara,Home & Living,Bedding,SUP-048,2021-06-09,2022-01-07,120.61,159.13,Discontinued
PRD-00269,LEG-100268,AUR-000269,Nova Haircare Product 269,Nova,Beauty & Personal Care,Haircare,SUP-040,2022-03-17,,75.08,147.35,Active
PRD-00270,LEG-100269,AUR-000270,Pulse Cosmetics Product 270,Pulse,Beauty & Personal Care,Cosmetics,SUP-010,2020-10-03,,47.57,61.21,Active
PRD-00271,LEG-100270,AUR-000271,Nova Kitchen Product 271,Mira,Home & Living,Kitchen,SUP-060,2022-07-25,,28.82,37.77,Active
PRD-00272,LEG-100271,AUR-000272,Luma Sports Product 272,Luma,Sport & Lifestyle,Sports Accessories,SUP-017,2021-11-26,2024-08-06,390.12,821.6,Discontinued
PRD-00273,LEG-100272,AUR-000273,Nova Skincare Product 273,Luma,Beauty & Personal Care,Skincare,SUP-039,2021-08-21,,49.11,93.12,Active
PRD-00274,LEG-100273,AUR-000274,Solara Home Product 274,Vela,Home & Living,Home Décor,SUP-045,2021-10-11,,41.02,52.69,Active
PRD-00275,LEG-100274,AUR-000275,Nova Sports Product 275,Orion,Sport & Lifestyle,Sports Accessories,SUP-026,2023-04-30,,86.25,130.03,Active
PRD-00276,LEG-100275,AUR-000276,Luma Sports Product 276,Orion,Sport & Lifestyle,Sports Accessories,SUP-069,2023-08-18,,95.25,164.64,Active
PRD-00277,LEG-100276,AUR-000277,Luma Men's Product 277,Luma,Fashion & Accessories,Men's Clothing,SUP-044,2024-06-28,,128.82,164.15,Active
PRD-00278,LEG-100277,AUR-000278,Aurelia Select Fitness Product 278,Nova,Sport & Lifestyle,Fitness,SUP-006,2024-10-12,,130.24,200.57,Active
PRD-00279,LEG-100278,AUR-000279,Vela Sports Product 279,Pulse,Sport & Lifestyle,Sports Accessories,SUP-004,2025-01-05,,83.0,145.29,Active
PRD-00280,LEG-100279,AUR-000280,Orion Fragrance Product 280,Mira,Beauty & Personal Care,Fragrance,SUP-032,2022-04-28,,21.13,40.95,Active
PRD-00281,LEG-100280,AUR-000281,Mira Fragrance Product 281,Nova,Beauty & Personal Care,Fragrance,SUP-008,2024-09-10,,98.31,181.08,Active
PRD-00282,LEG-100281,AUR-000282,Pulse Bedding Product 282,Mira,Home & Living,Bedding,SUP-060,2025-04-07,,46.14,60.18,Active
PRD-00283,LEG-100282,AUR-000283,Luma Kitchen Product 283,Solara,Home & Living,Kitchen,SUP-041,2022-01-08,2023-09-17,120.73,158.19,Discontinued
PRD-00284,LEG-100283,AUR-000284,Luma Computer Product 284,Solara,Electronics & Accessories,Computer Accessories,SUP-066,2020-07-27,,74.83,91.28,Active
PRD-00285,LEG-100284,AUR-000285,Solara Fitness Product 285,Vela,Sport & Lifestyle,Fitness,SUP-060,2022-11-13,,47.99,82.94,Active
PRD-00286,LEG-100285,AUR-000286,Mira Footwear Product 286,Vela,Fashion & Accessories,Footwear,SUP-019,2020-06-05,,50.96,66.56,Active
PRD-00287,LEG-100286,AUR-000287,Orion Women's Product 287,Pulse,Fashion & Accessories,Women's Clothing,SUP-054,2025-08-27,2027-02-05,45.42,87.86,Discontinued
PRD-00288,LEG-100287,AUR-000288,Solara Home Product 288,Solara,Home & Living,Home Décor,SUP-025,2022-08-04,,134.55,185.65,Active
PRD-00289,LEG-100288,AUR-000289,Mira Bedding Product 289,Mira,Home & Living,Bedding,SUP-040,2024-09-10,,51.31,94.59,Active
PRD-00290,LEG-100289,AUR-000290,Nova Skincare Product 290,Pulse,Beauty & Personal Care,skincare,SUP-065,2023-01-20,,13.45,18.1,Active
PRD-00291,LEG-100290,AUR-000291,Vela Haircare Product 291,Solara,Beauty & Personal Care,Haircare,SUP-007,2022-03-20,,88.51,112.29,Active
PRD-00292,LEG-100291,AUR-000292,Mira Footwear Product 292,Mira,Fashion & Accessories,Footwear,SUP-037,2021-02-27,,112.3,166.97,Active
PRD-00293,LEG-100292,AUR-000293,Nova Fitness Product 293,Pulse,Sport & Lifestyle,Fitness,SUP-018,2021-03-06,,66.08,114.29,Active
PRD-00294,LEG-100293,AUR-000294,Pulse Chargers Product 294,Solara,Electronics & Accessories,Chargers,SUP-006,2022-12-12,,54.65,119.05,Active
PRD-00295,LEG-100294,AUR-000295,Vela Skincare Product 295,Solara,Beauty & Personal Care,Skincare,SUP-037,2023-02-09,,20.24,27.41,Active
PRD-00296,LEG-100295,AUR-000296,Mira Bags Product 296,Orion,Fashion & Accessories,Bags,SUP-016,2024-04-23,,19.01,31.14,Active
PRD-00297,LEG-100296,AUR-000297,Pulse Furniture Product 297,Solara,Home & Living,Furniture,SUP-044,2023-01-18,2023-08-07,304.96,547.41,Discontinued
PRD-00298,LEG-100297,AUR-000298,Luma Sports Product 298,Vela,Sport & Lifestyle,Sports Accessories,SUP-066,2024-01-26,,24.42,38.16,Active
PRD-00299,LEG-100298,AUR-000299,Aurelia Select Skincare Product 299,Aurelia Select,Beauty & Personal Care,Skincare,SUP-018,2021-09-16,,51.45,100.07,Active
PRD-00300,LEG-100299,AUR-000300,Mira Computer Product 300,Luma,Electronics & Accessories,Computer Accessories,SUP-066,2020-11-13,,60.58,84.16,Active
PRD-00301,LEG-100300,AUR-000301,Solara Kitchen Product 301,Luma,Home & Living,Kitchen,SUP-051,2023-06-06,2024-09-25,99.31,174.34,Discontinued
PRD-00302,LEG-100301,AUR-000302,Solara Sports Product 302,Mira,Sport & Lifestyle,Sports Accessories,SUP-039,2020-01-03,,20.83,42.6,Active
PRD-00303,LEG-100302,AUR-000303,Solara Skincare Product 303,Solara,Beauty & Personal Care,Skincare,SUP-015,2020-08-16,,83.85,170.92,Active
PRD-00304,LEG-100303,AUR-000304,Aurelia Select Fragrance Product 304,Mira,Beauty & Personal Care,Fragrance,SUP-034,2023-02-01,,45.62,57.17,Active
PRD-00305,LEG-100304,AUR-000305,Aurelia Select Outdoor Product 305,Mira,Sport & Lifestyle,Outdoor,SUP-022,2021-12-23,,215.37,288.05,Active
PRD-00306,LEG-100305,AUR-000306,Luma Travel Product 306,Vela,Sport & Lifestyle,Travel,SUP-005,2024-06-18,,26.03,35.01,Active
PRD-00307,LEG-100306,AUR-000307,Vela Fitness Product 307,Aurelia Select,Sport & Lifestyle,Fitness,SUP-057,2024-04-12,,73.27,95.14,Active
PRD-00308,LEG-100307,AUR-000308,Luma Computer Product 308,Pulse,Electronics & Accessories,Computer Accessories,SUP-027,2025-08-26,,33.16,41.47,Active
PRD-00309,LEG-100308,AUR-000309,Aurelia Select Cosmetics Product 309,Luma,Beauty & Personal Care,Cosmetics,SUP-067,2022-10-01,,67.24,113.17,Active
PRD-00310,LEG-100309,AUR-000310,Mira Kitchen Product 310,Pulse,Home & Living,Kitchen,SUP-041,2021-05-07,2021-12-14,33.13,42.31,Discontinued
PRD-00311,LEG-100310,AUR-000311,Solara Bedding Product 311,Solara,Home & Living,Bedding,SUP-034,2020-10-03,,11.3,14.59,Active
PRD-00312,LEG-100311,AUR-000312,Vela Travel Product 312,Vela,Sport & Lifestyle,Travel,SUP-036,2024-07-18,,52.93,102.44,Active
PRD-00313,LEG-100312,AUR-000313,Vela Sports Product 313,Orion,Sport & Lifestyle,Sports Accessories,SUP-037,2023-06-16,,29.06,43.27,Active
PRD-00314,LEG-100313,AUR-000314,Solara Bedding Product 314,Mira,Home & Living,Bedding,SUP-045,2026-01-06,,36.46,60.12,Active
PRD-00315,LEG-100314,AUR-000315,Orion Sports Product 315,Nova,Sport & Lifestyle,Sports Accessories,SUP-070,2025-04-18,,24.88,39.15,Active
PRD-00316,LEG-100315,AUR-000316,Solara Cosmetics Product 316,Luma,Beauty & Personal Care,Cosmetics,SUP-038,2025-04-16,,11.03,16.24,Active
PRD-00317,LEG-100316,AUR-000317,Nova Footwear Product 317,Solara,Fashion & Accessories,Footwear,SUP-057,2022-08-12,,55.62,79.33,Active
PRD-00318,LEG-100317,AUR-000318,Vela Computer Product 318,Vela,Electronics & Accessories,Computer Accessories,SUP-069,2020-03-15,,161.79,323.89,Active
PRD-00319,LEG-100318,AUR-000319,Luma Chargers Product 319,Nova,Electronics & Accessories,Chargers,SUP-031,2023-11-15,,37.65,57.02,Active
PRD-00320,LEG-100319,AUR-000320,Vela Furniture Product 320,Vela,Home & Living,Furniture,SUP-007,2024-10-19,,40.91,86.16,Active
PRD-00321,LEG-100320,AUR-000321,Solara Bags Product 321,Mira,Fashion & Accessories,Bags,SUP-013,2022-07-28,,107.46,176.2,Active
PRD-00322,LEG-100321,AUR-000322,Luma Furniture Product 322,Pulse,Home & Living,Furniture,SUP-061,2022-06-06,,67.45,109.7,Active
PRD-00323,LEG-100322,AUR-000323,Orion Haircare Product 323,Solara,Beauty & Personal Care,Haircare,SUP-037,2022-02-08,,53.14,67.7,Active
PRD-00324,LEG-100323,AUR-000324,Vela Women's Product 324,Aurelia Select,Fashion & Accessories,Women's Clothing,SUP-023,2025-09-02,,109.9,162.56,Active
PRD-00325,LEG-100324,AUR-000325,Aurelia Select Haircare Product 325,Pulse,Beauty & Personal Care,Haircare,SUP-064,2021-05-29,,52.74,72.76,Active
PRD-00326,LEG-100325,AUR-000326,Aurelia Select Kitchen Product 326,Aurelia Select,Home & Living,Kitchen,SUP-039,2020-09-08,2022-09-06,86.79,144.9,Discontinued
PRD-00327,LEG-100326,AUR-000327,Solara Fitness Product 327,Orion,Sport & Lifestyle,Fitness,SUP-059,2020-09-06,,150.59,223.16,Active
PRD-00328,LEG-100327,AUR-000328,Luma Travel Product 328,Mira,Sport & Lifestyle,Travel,SUP-035,2026-01-26,,55.5,68.88,Active
PRD-00329,LEG-100328,AUR-000329,Solara Furniture Product 329,Luma,Home & Living,Furniture,SUP-059,2022-03-16,,70.43,86.93,Active
PRD-00330,LEG-100329,AUR-000330,Aurelia Select Smart Product 330,Solara,Electronics & Accessories,Smart Devices,SUP-038,2024-11-19,2026-08-26,13.33,20.58,Discontinued
PRD-00331,LEG-100330,AUR-000331,Luma Outdoor Product 331,Pulse,Sport & Lifestyle,Outdoor,SUP-055,2025-03-02,,21.57,43.6,Active
PRD-00332,LEG-100331,AUR-000332,Nova Sports Product 332,Pulse,Sport & Lifestyle,Sports Accessories,SUP-013,2024-05-31,,97.22,135.03,Active
PRD-00333,LEG-100332,AUR-000333,Mira Home Product 333,Solara,Home & Living,Home Décor,SUP-032,2021-01-20,,12.3,19.79,Active
PRD-00334,LEG-100333,AUR-000334,Pulse Footwear Product 334,Vela,Fashion & Accessories,Footwear,SUP-058,2025-08-05,,18.12,36.0,Active
PRD-00335,LEG-100334,AUR-000335,Orion Chargers Product 335,Aurelia Select,Electronics & Accessories,Chargers,SUP-034,2021-03-26,2022-08-07,56.68,83.18,Discontinued
PRD-00336,LEG-100335,AUR-000336,Aurelia Select Smart Product 336,Nova,Electronics & Accessories,Smart Devices,SUP-060,2025-04-30,,92.55,151.42,Active
PRD-00337,LEG-100336,AUR-000337,Pulse Smart Product 337,Orion,Electronics & Accessories,Smart Devices,SUP-016,2026-02-21,,27.18,41.01,Active
PRD-00338,LEG-100337,AUR-000338,Vela Chargers Product 338,Vela,Electronics & Accessories,Chargers,SUP-018,2022-06-06,,23.9,45.45,Active
PRD-00339,LEG-100338,AUR-000339,Mira Haircare Product 339,Solara,Beauty & Personal Care,Haircare,SUP-054,2024-10-19,2027-04-03,72.44,102.38,Discontinued
PRD-00340,LEG-100339,AUR-000340,Vela Travel Product 340,Vela,Sport & Lifestyle,Travel,SUP-011,2022-11-06,,71.04,109.55,Active
PRD-00341,LEG-100340,AUR-000341,Solara Travel Product 341,Nova,Sport & Lifestyle,Travel,SUP-015,2024-07-14,,36.87,54.18,Active
PRD-00342,LEG-100341,AUR-000342,Luma Men's Product 342,Luma,Fashion & Accessories,Men's Clothing,SUP-042,2026-04-25,,64.08,98.71,Active
PRD-00343,LEG-100342,AUR-000343,Nova Travel Product 343,Vela,Sport & Lifestyle,Travel,SUP-063,2023-06-07,,50.07,66.73,Active
PRD-00344,LEG-100343,AUR-000344,Aurelia Select Bags Product 344,Mira,Fashion & Accessories,Bags,SUP-017,2021-04-21,,25.73,54.8,Active
PRD-00345,LEG-100344,AUR-000345,Mira Travel Product 345,Aurelia Select,Sport & Lifestyle,Travel,SUP-060,2022-08-29,,200.67,253.97,Active
PRD-00346,LEG-100345,AUR-000346,Pulse Audio Product 346,Orion,Electronics & Accessories,Audio,SUP-001,2022-05-13,,364.13,622.1,Active
PRD-00347,LEG-100346,AUR-000347,Aurelia Select Furniture Product 347,Pulse,Home & Living,Furniture,SUP-045,2022-10-26,,74.24,119.32,Active
PRD-00348,LEG-100347,AUR-000348,Nova Women's Product 348,Mira,Fashion & Accessories,Women's Clothing,SUP-005,2021-05-03,,275.03,341.63,Active
PRD-00349,LEG-100348,AUR-000349,Luma Computer Product 349,Luma,Electronics & Accessories,Computer Accessories,SUP-054,2024-08-20,,50.58,62.97,Active
PRD-00350,LEG-100349,AUR-000350,Mira Computer Product 350,Pulse,Electronics & Accessories,Computer Accessories,SUP-049,2021-11-09,,22.1,28.46,Active
PRD-00351,LEG-100350,AUR-000351,Solara Men's Product 351,Nova,Fashion & Accessories,Men's Clothing,SUP-023,2020-05-23,,75.67,121.63,Active
PRD-00352,LEG-100351,AUR-000352,Luma Travel Product 352,Vela,Sport & Lifestyle,Travel,SUP-001,2025-03-17,2026-09-12,40.97,60.87,Discontinued
PRD-00353,LEG-100352,AUR-000353,Mira Footwear Product 353,Pulse,Fashion & Accessories,Footwear,SUP-069,2025-03-14,,16.23,23.02,Active
PRD-00354,LEG-100353,AUR-000354,Vela Haircare Product 354,Mira,Beauty & Personal Care,Haircare,SUP-045,2021-03-30,,24.81,31.6,Active
PRD-00355,LEG-100354,AUR-000355,Vela Kitchen Product 355,Nova,Home & Living,Kitchen,SUP-005,2020-10-31,,106.88,208.39,Active
PRD-00356,LEG-100355,AUR-000356,Vela Skincare Product 356,Vela,Beauty & Personal Care,Skincare,SUP-009,2026-05-31,,17.75,22.96,Active
PRD-00357,LEG-100356,AUR-000357,Mira Women's Product 357,Aurelia Select,Fashion & Accessories,Women's Clothing,SUP-032,2026-05-05,,80.58,130.2,Active
PRD-00358,LEG-100357,AUR-000358,Mira Bags Product 358,Vela,Fashion & Accessories,Bags,SUP-070,2025-11-27,,128.8,200.83,Active
PRD-00359,LEG-100358,AUR-000359,Luma Furniture Product 359,Orion,Home & Living,Furniture,SUP-030,2021-04-12,2022-08-26,48.65,70.9,Discontinued
PRD-00360,LEG-100359,AUR-000360,Solara Sports Product 360,Vela,Sport & Lifestyle,Sports Accessories,SUP-039,2024-10-04,,25.52,48.02,Active
PRD-00361,LEG-100360,AUR-000361,Pulse Home Product 361,Orion,Home & Living,Home Décor,SUP-036,2022-12-06,,153.57,190.3,Active
PRD-00362,LEG-100361,AUR-000362,Pulse Men's Product 362,Mira,Fashion & Accessories,Men's Clothing,SUP-007,2025-05-17,,14.73,32.1,Active
PRD-00363,LEG-100362,AUR-000363,Solara Computer Product 363,Pulse,Electronics & Accessories,Computer Accessories,SUP-053,2021-06-08,,81.69,178.18,Active
PRD-00364,LEG-100363,AUR-000364,Pulse Kitchen Product 364,Luma,Home & Living,Kitchen,SUP-069,2026-02-17,,43.52,57.02,Active
PRD-00365,LEG-100364,AUR-000365,Vela Haircare Product 365,Orion,Beauty & Personal Care,Haircare,SUP-019,2020-05-31,,88.79,184.06,Active
PRD-00366,LEG-100365,AUR-000366,Pulse Skincare Product 366,Pulse,Beauty & Personal Care,Skincare,SUP-068,2023-05-02,,54.26,72.81,Active
PRD-00367,LEG-100366,AUR-000367,Vela Bedding Product 367,Orion,Home & Living,bedding,SUP-027,2025-04-05,,18.22,38.85,Active
PRD-00368,LEG-100367,AUR-000368,Mira Audio Product 368,Solara,Electronics & Accessories,Audio,SUP-012,2022-09-04,,30.07,40.83,Active
PRD-00369,LEG-100368,AUR-000369,Aurelia Select Outdoor Product 369,Orion,Sport & Lifestyle,Outdoor,SUP-049,2022-11-16,,55.68,104.11,Active
PRD-00370,LEG-100369,AUR-000370,Nova Fitness Product 370,Vela,Sport & Lifestyle,Fitness,SUP-028,2021-03-21,,71.76,102.32,Active
PRD-00371,LEG-100370,AUR-000371,Solara Haircare Product 371,Orion,Beauty & Personal Care,Haircare,SUP-002,2024-04-16,,97.23,132.22,Active
PRD-00372,LEG-100371,AUR-000372,Nova Home Product 372,Mira,Home & Living,Home Décor,SUP-032,2025-01-05,2025-12-05,92.01,194.34,Discontinued
PRD-00373,LEG-100372,AUR-000373,Pulse Outdoor Product 373,Vela,Sport & Lifestyle,Outdoor,SUP-042,2020-03-16,,17.38,27.68,Active
PRD-00374,LEG-100373,AUR-000374,Mira Computer Product 374,Solara,Electronics & Accessories,Computer Accessories,SUP-040,2023-05-04,,6.9,10.78,Active
PRD-00375,LEG-100374,AUR-000375,Mira Chargers Product 375,Mira,Electronics & Accessories,Chargers,SUP-013,2024-10-27,,34.29,43.11,Active
PRD-00376,LEG-100375,AUR-000376,Vela Fragrance Product 376,Solara,Beauty & Personal Care,Fragrance,SUP-041,2023-11-24,,49.36,61.61,Active
PRD-00377,LEG-100376,AUR-000377,Vela Skincare Product 377,Luma ,Beauty & Personal Care,Skincare,SUP-003,2021-11-09,2023-06-01,157.83,323.29,Discontinued
PRD-00378,LEG-100377,AUR-000378,Orion Computer Product 378,Luma,Electronics & Accessories,Computer Accessories,SUP-026,2024-11-29,,78.02,134.47,Active
PRD-00379,LEG-100378,AUR-000379,Pulse Smart Product 379,Vela,Electronics & Accessories,Smart Devices,SUP-064,2025-02-19,,50.4,100.17,Active
PRD-00380,LEG-100379,AUR-000380,Orion Sports Product 380,Mira,Sport & Lifestyle,Sports Accessories,SUP-063,2025-02-10,,190.51,331.41,Active
PRD-00381,LEG-100380,AUR-000381,Solara Haircare Product 381,Luma,Beauty & Personal Care,Haircare,SUP-018,2024-05-31,,30.04,45.32,Active
PRD-00382,LEG-100381,AUR-000382,Luma Travel Product 382,Aurelia Select,Sport & Lifestyle,Travel,SUP-068,2023-03-21,,56.16,102.58,Active
PRD-00383,LEG-100382,AUR-000383,Aurelia Select Women's Product 383,Aurelia Select,Fashion & Accessories,Women's Clothing,SUP-053,2023-01-08,,15.84,20.53,Active
PRD-00384,LEG-100383,AUR-000384,Nova Home Product 384,Luma,Home & Living,Home Décor,SUP-002,2021-06-23,,54.09,99.52,Active
PRD-00385,LEG-100384,AUR-000385,Solara Bedding Product 385,Aurelia Select,Home & Living,Bedding,SUP-062,2025-11-17,,236.8,507.86,Active
PRD-00386,LEG-100385,AUR-000386,Aurelia Select Skincare Product 386,Pulse,Beauty & Personal Care,Skincare,SUP-002,2022-02-26,,180.21,253.02,Active
PRD-00387,LEG-100386,AUR-000387,Orion Footwear Product 387,Aurelia Select,Fashion & Accessories,Footwear,SUP-065,2023-06-24,,68.78,123.27,Active
PRD-00388,LEG-100387,AUR-000388,Nova Haircare Product 388,Nova,Beauty & Personal Care,Haircare,SUP-068,2025-04-09,,100.95,157.0,Active
PRD-00389,LEG-100388,AUR-000389,Vela Home Product 389,Orion,Home & Living,Home Décor,SUP-046,2020-12-19,,35.47,45.89,Active
PRD-00390,LEG-100389,AUR-000390,Nova Computer Product 390,Solara,Electronics & Accessories,Computer Accessories,SUP-052,2022-10-11,,25.79,32.47,Active
PRD-00391,LEG-100390,AUR-000391,Vela Haircare Product 391,Orion,Beauty & Personal Care,Haircare,SUP-011,2023-02-28,,24.41,47.08,Active
PRD-00392,LEG-100391,AUR-000392,Pulse Women's Product 392,Pulse,Fashion & Accessories,Women's Clothing,SUP-049,2022-03-26,,36.73,50.25,Active
PRD-00393,LEG-100392,AUR-000393,Aurelia Select Travel Product 393,Aurelia Select,Sport & Lifestyle,Travel,SUP-022,2022-05-15,,47.08,69.75,Active
PRD-00394,LEG-100393,AUR-000394,Pulse Bags Product 394,Solara,Fashion & Accessories,Bags,SUP-013,2021-03-16,,52.97,75.26,Active
PRD-00395,LEG-100394,AUR-000395,Vela Fitness Product 395,Vela,Sport & Lifestyle,Fitness,SUP-061,2021-10-16,,80.13,113.2,Active
PRD-00396,LEG-100395,AUR-000396,Nova Audio Product 396,Orion,Electronics & Accessories,Audio,SUP-070,2020-05-21,,16.82,31.28,Active
PRD-00397,LEG-100396,AUR-000397,Luma Fitness Product 397,Solara,Sport & Lifestyle,Fitness,SUP-003,2026-02-10,,43.79,87.73,Active
PRD-00398,LEG-100397,AUR-000398,Pulse Home Product 398,Nova,Home & Living,Home Décor,SUP-039,2025-06-20,,7.97,16.23,Active
PRD-00399,LEG-100398,AUR-000399,Pulse Home Product 399,Solara,Home & Living,Home Décor,SUP-050,2025-12-20,2027-10-07,116.19,147.08,Discontinued
PRD-00400,LEG-100399,AUR-000400,Solara Furniture Product 400,Aurelia Select,Home & Living,Furniture,SUP-013,2023-02-19,,84.11,125.67,Active
PRD-00401,LEG-100400,AUR-000401,Nova Haircare Product 401,Solara,Beauty & Personal Care,Haircare,SUP-051,2026-07-02,,108.53,212.62,Active
PRD-00402,LEG-100401,AUR-000402,Orion Audio Product 402,Mira,Electronics & Accessories,Audio,SUP-063,2020-09-17,,92.25,182.2,Active
PRD-00403,LEG-100402,AUR-000403,Pulse Kitchen Product 403,Pulse,Home & Living,Kitchen,SUP-024,2021-01-19,,157.82,321.6,Active
PRD-00404,LEG-100403,AUR-000404,Nova Travel Product 404,Orion,Sport & Lifestyle,Travel,SUP-032,2022-01-24,,50.73,85.17,Active
PRD-00405,LEG-100404,AUR-000405,Orion Women's Product 405,Luma,Fashion & Accessories,Women's Clothing,SUP-049,2024-01-15,,15.7,25.57,Active
PRD-00406,LEG-100405,AUR-000406,Solara Bedding Product 406,Solara,Home & Living,Bedding,SUP-014,2021-12-12,,18.23,22.83,Active
PRD-00407,LEG-100406,AUR-000407,Orion Women's Product 407,Mira,Fashion & Accessories,Women's Clothing,SUP-047,2020-01-08,,42.27,82.67,Active
PRD-00408,LEG-100407,AUR-000408,Luma Audio Product 408,Nova,Electronics & Accessories,Audio,SUP-024,2024-06-23,,93.7,180.34,Active
PRD-00409,LEG-100408,AUR-000409,Pulse Cosmetics Product 409,Nova,Beauty & Personal Care,Cosmetics,SUP-004,2021-12-19,,41.49,54.02,Active
PRD-00410,LEG-100409,AUR-000410,Nova Footwear Product 410,Solara,Fashion & Accessories,Footwear,SUP-050,2024-06-14,,28.27,39.39,Active
PRD-00411,LEG-100410,AUR-000411,Pulse Footwear Product 411,Pulse,Fashion & Accessories,Footwear,SUP-011,2026-06-24,,61.16,92.53,Active
PRD-00412,LEG-100411,AUR-000412,Luma Outdoor Product 412,Pulse,Sport & Lifestyle,Outdoor,SUP-022,2022-11-04,,46.81,87.59,Active
PRD-00413,LEG-100412,AUR-000413,Orion Kitchen Product 413,Orion,Home & Living,Kitchen,SUP-064,2024-06-11,,19.74,26.63,Active
PRD-00414,LEG-100413,AUR-000414,Luma Furniture Product 414,Pulse,Home & Living,Furniture,SUP-036,2020-01-11,,11.59,14.38,Active
PRD-00415,LEG-100414,AUR-000415,Mira Fragrance Product 415,Nova,Beauty & Personal Care,Fragrance,SUP-047,2025-01-16,,49.05,94.27,Active
PRD-00416,LEG-100415,AUR-000416,Mira Smart Product 416,Vela,Electronics & Accessories,Smart Devices,SUP-059,2020-08-01,,17.56,25.72,Active
PRD-00417,LEG-100416,AUR-000417,Orion Men's Product 417,Aurelia Select,Fashion & Accessories,Men's Clothing,SUP-051,2022-11-10,,27.4,41.0,Active
PRD-00418,LEG-100417,AUR-000418,Solara Computer Product 418,Mira,Electronics & Accessories,Computer Accessories,SUP-043,2023-02-24,,48.34,85.63,Active
PRD-00419,LEG-100418,AUR-000419,Orion Haircare Product 419,Solara,Beauty & Personal Care,Haircare,SUP-026,2021-08-06,,74.95,111.73,Active
PRD-00420,LEG-100419,AUR-000420,Luma Fragrance Product 420,Pulse,Beauty & Personal Care,Fragrance,SUP-041,2026-01-25,2027-06-28,25.86,47.82,Discontinued
PRD-00421,LEG-100420,AUR-000421,Vela Computer Product 421,Solara,Electronics & Accessories,Computer Accessories,SUP-049,2023-01-28,,20.18,26.86,Active
PRD-00422,LEG-100421,AUR-000422,Solara Computer Product 422,Nova,Electronics & Accessories,Computer Accessories,SUP-026,2021-05-23,,77.92,148.29,Active
PRD-00423,LEG-100422,AUR-000423,Aurelia Select Outdoor Product 423,Mira,Sport & Lifestyle,Outdoor,SUP-027,2025-12-18,,66.8,92.97,Active
PRD-00424,LEG-100423,AUR-000424,Nova Fragrance Product 424,Pulse,Beauty & Personal Care,Fragrance,SUP-064,2023-05-17,,57.69,122.53,Active
PRD-00425,LEG-100424,AUR-000425,Vela Kitchen Product 425,Orion,Home & Living,Kitchen,SUP-020,2022-08-22,2023-04-28,15.74,23.41,Discontinued
PRD-00426,LEG-100425,AUR-000426,Nova Cosmetics Product 426,Mira,Beauty & Personal Care,Cosmetics,SUP-062,2021-01-23,,56.41,106.36,Active
PRD-00427,LEG-100426,AUR-000427,Pulse Travel Product 427,Aurelia Select,Sport & Lifestyle,Travel,SUP-047,2021-08-18,,62.47,123.67,Active
PRD-00428,LEG-100427,AUR-000428,Nova Fitness Product 428,Vela,Sport & Lifestyle,Fitness,SUP-046,2025-07-29,,70.99,142.25,Active
PRD-00429,LEG-100428,AUR-000429,Pulse Furniture Product 429,Solara,Home & Living,Furniture,SUP-056,2023-12-17,,30.52,56.65,Active
PRD-00430,LEG-100429,AUR-000430,Nova Women's Product 430,Orion ,Fashion & Accessories,Women's Clothing,SUP-029,2020-11-03,,116.65,211.89,Active
PRD-00431,LEG-100430,AUR-000431,Mira Outdoor Product 431,Solara,Sport & Lifestyle,Outdoor,SUP-051,2026-06-20,,54.92,87.89,Active
PRD-00432,LEG-100431,AUR-000432,Solara Haircare Product 432,Aurelia Select,Beauty & Personal Care,Haircare,SUP-062,2024-11-22,,10.08,12.98,Active
PRD-00433,LEG-100432,AUR-000433,Pulse Footwear Product 433,Nova,Fashion & Accessories,Footwear,SUP-015,2023-04-27,,56.68,89.54,Active
PRD-00434,LEG-100433,AUR-000434,Orion Kitchen Product 434,Solara,Home & Living,Kitchen,SUP-059,2023-10-30,,33.59,69.66,Active
PRD-00435,LEG-100434,AUR-000435,Solara Bedding Product 435,Mira,Home & Living,Bedding,SUP-013,2021-08-30,,79.47,139.63,Active
PRD-00436,LEG-100435,AUR-000436,Solara Cosmetics Product 436,Nova,Beauty & Personal Care,Cosmetics,SUP-039,2023-06-09,,71.66,154.25,Active
PRD-00437,LEG-100436,AUR-000437,Aurelia Select Women's Product 437,Solara,Fashion & Accessories,Women's Clothing,SUP-014,2022-07-30,,59.74,131.06,Active
PRD-00438,LEG-100437,AUR-000438,Luma Home Product 438,Luma,Home & Living,Home Décor,SUP-043,2022-04-24,2024-02-22,192.25,422.58,Discontinued
PRD-00439,LEG-100438,AUR-000439,Mira Travel Product 439,Vela,Sport & Lifestyle,Travel,SUP-052,2022-09-16,,54.67,76.48,Active
PRD-00440,LEG-100439,AUR-000440,Pulse Home Product 440,Pulse,Home & Living,Home Décor,SUP-004,2023-02-26,,51.29,112.13,Active
PRD-00441,LEG-100440,AUR-000441,Mira Outdoor Product 441,Pulse,Sport & Lifestyle,Outdoor,SUP-050,2025-10-21,,46.56,66.96,Active
PRD-00442,LEG-100441,AUR-000442,Vela Men's Product 442,Orion,Fashion & Accessories,Men's Clothing,SUP-009,2026-03-25,,70.47,137.35,Active
PRD-00443,LEG-100442,AUR-000443,Luma Fitness Product 443,Solara,Sport & Lifestyle,Fitness,SUP-042,2020-02-28,,26.63,43.56,Active
PRD-00444,LEG-100443,AUR-000444,Nova Bedding Product 444,Orion,Home & Living,Bedding,SUP-063,2025-05-17,2027-10-23,34.9,50.49,Discontinued
PRD-00445,LEG-100444,AUR-000445,Pulse Sports Product 445,Pulse,Sport & Lifestyle,Sports Accessories,SUP-015,2025-09-12,,49.45,105.15,Active
PRD-00446,LEG-100445,AUR-000446,Mira Chargers Product 446,Luma,Electronics & Accessories,Chargers,SUP-039,2020-05-02,,48.98,98.08,Active
PRD-00447,LEG-100446,AUR-000447,Luma Fitness Product 447,Solara,Sport & Lifestyle,Fitness,SUP-016,2023-08-07,,61.86,83.58,Active
PRD-00448,LEG-100447,AUR-000448,Nova Kitchen Product 448,Luma,Home & Living,Kitchen,SUP-048,2023-06-29,2024-09-30,287.79,391.75,Discontinued
PRD-00449,LEG-100448,AUR-000449,Pulse Bedding Product 449,Luma,Home & Living,Bedding,SUP-050,2026-04-19,,38.65,66.09,Active
PRD-00450,LEG-100449,AUR-000450,Mira Haircare Product 450,Luma,Beauty & Personal Care,Haircare,SUP-022,2020-10-22,,64.44,100.09,Active
PRD-00451,LEG-100450,AUR-000451,Luma Fragrance Product 451,Luma ,Beauty & Personal Care,Fragrance,SUP-041,2022-12-14,,111.88,227.67,Active
PRD-00452,LEG-100451,AUR-000452,Solara Skincare Product 452,Aurelia Select,Beauty & Personal Care,Skincare,SUP-063,2020-11-04,,11.1,18.32,Active
PRD-00453,LEG-100452,AUR-000453,Pulse Home Product 453,Mira,Home & Living,Home Décor,SUP-053,2020-12-04,,59.66,124.57,Active
PRD-00454,LEG-100453,AUR-000454,Mira Cosmetics Product 454,Mira,Beauty & Personal Care,Cosmetics,SUP-022,2020-11-15,,83.46,112.54,Active
PRD-00455,LEG-100454,AUR-000455,Vela Women's Product 455,Orion,Fashion & Accessories,Women's Clothing,SUP-005,2020-08-04,2021-02-24,34.33,75.66,Discontinued
PRD-00456,LEG-100455,AUR-000456,Orion Smart Product 456,Luma,Electronics & Accessories,Smart Devices,SUP-059,2020-11-14,,28.27,46.7,Active
PRD-00457,LEG-100456,AUR-000457,Nova Travel Product 457,Nova,Sport & Lifestyle,Travel,SUP-035,2022-01-08,,56.05,113.56,Active
PRD-00458,LEG-100457,AUR-000458,Aurelia Select Sports Product 458,Mira,Sport & Lifestyle,Sports Accessories,SUP-070,2024-03-12,,19.9,30.4,Active
PRD-00459,LEG-100458,AUR-000459,Nova Bedding Product 459,Vela,Home & Living,Bedding,SUP-039,2022-10-06,,20.95,27.67,Active
PRD-00460,LEG-100459,AUR-000460,Orion Bags Product 460,Solara,Fashion & Accessories,Bags,SUP-012,2025-03-26,,41.59,57.07,Active
PRD-00461,LEG-100460,AUR-000461,Vela Skincare Product 461,Vela,Beauty & Personal Care,Skincare,SUP-045,2024-03-30,2026-08-29,21.8,38.5,Discontinued
PRD-00462,LEG-100461,AUR-000462,Luma Travel Product 462,Luma,Sport & Lifestyle,Travel,SUP-027,2024-12-11,,68.01,96.31,Active
PRD-00463,LEG-100462,AUR-000463,Solara Furniture Product 463,Orion,Home & Living,Furniture,SUP-069,2021-06-03,,35.4,49.8,Active
PRD-00464,LEG-100463,AUR-000464,Orion Kitchen Product 464,Orion,Home & Living,Kitchen,SUP-035,2021-11-13,,117.85,191.66,Active
PRD-00465,LEG-100464,AUR-000465,Luma Fitness Product 465,Pulse,Sport & Lifestyle,Fitness,SUP-008,2024-02-01,,26.54,34.46,Active
PRD-00466,LEG-100465,AUR-000466,Luma Smart Product 466,Vela,Electronics & Accessories,Smart Devices,SUP-019,2024-01-02,,31.68,55.83,Active
PRD-00467,LEG-100466,AUR-000467,Pulse Smart Product 467,Mira,Electronics & Accessories,Smart Devices,SUP-019,2020-06-26,,49.35,62.64,Active
PRD-00468,LEG-100467,AUR-000468,Pulse Sports Product 468,Pulse,Sport & Lifestyle,Sports Accessories,SUP-058,2025-01-24,,28.72,52.68,Active
PRD-00469,LEG-100468,AUR-000469,Pulse Women's Product 469,Orion,Fashion & Accessories,Women's Clothing,SUP-048,2021-07-22,,39.81,73.9,Active
PRD-00470,LEG-100469,AUR-000470,Solara Cosmetics Product 470,Aurelia Select,Beauty & Personal Care,Cosmetics,SUP-012,2024-09-27,,180.24,305.12,Active
PRD-00471,LEG-100470,AUR-000471,Nova Fragrance Product 471,Pulse,Beauty & Personal Care,fragrance,SUP-028,2026-02-05,,63.27,105.94,Active
PRD-00472,LEG-100471,AUR-000472,Mira Haircare Product 472,Orion,Beauty & Personal Care,Haircare,SUP-042,2024-05-23,,96.2,152.89,Active
PRD-00473,LEG-100472,AUR-000473,Luma Chargers Product 473,Mira,Electronics & Accessories,Chargers,SUP-044,2023-03-01,,88.36,136.63,Active
PRD-00474,LEG-100473,AUR-000474,Nova Women's Product 474,Mira,Fashion & Accessories,Women's Clothing,SUP-003,2022-10-19,2023-10-11,17.91,23.79,Discontinued
PRD-00475,LEG-100474,AUR-000475,Mira Men's Product 475,Mira,Fashion & Accessories,Men's Clothing,SUP-001,2022-05-29,,54.3,82.25,Active
PRD-00476,LEG-100475,AUR-000476,Luma Haircare Product 476,Orion,Beauty & Personal Care,Haircare,SUP-021,2025-01-20,,43.47,71.36,Active
PRD-00477,LEG-100476,AUR-000477,Solara Audio Product 477,Orion,Electronics & Accessories,Audio,SUP-011,2022-08-22,,36.8,48.55,Active
PRD-00478,LEG-100477,AUR-000478,Aurelia Select Smart Product 478,Pulse,Electronics & Accessories,Smart Devices,SUP-040,2024-02-12,,44.12,66.1,Active
PRD-00479,LEG-100478,AUR-000479,Nova Bedding Product 479,Nova,Home & Living,Bedding,SUP-001,2026-03-16,,14.23,29.35,Active
PRD-00480,LEG-100479,AUR-000480,Nova Bedding Product 480,Luma,Home & Living,Bedding,SUP-029,2023-04-15,,106.97,237.47,Active
PRD-00481,LEG-100480,AUR-000481,Aurelia Select Travel Product 481,Aurelia Select,Sport & Lifestyle,Travel,SUP-044,2024-06-25,,66.13,90.92,Active
PRD-00482,LEG-100481,AUR-000482,Luma Bags Product 482,Mira,Fashion & Accessories,Bags,SUP-010,2021-09-22,,86.93,191.64,Active
PRD-00483,LEG-100482,AUR-000483,Nova Bedding Product 483,Nova,Home & Living,Bedding,SUP-014,2022-08-22,,45.49,90.65,Active
PRD-00484,LEG-100483,AUR-000484,Orion Chargers Product 484,Luma,Electronics & Accessories,Chargers,SUP-049,2026-02-17,,85.73,167.49,Active
PRD-00485,LEG-100484,AUR-000485,Nova Home Product 485,Aurelia Select,Home & Living,Home Décor,SUP-022,2022-12-13,,99.72,219.01,Active
PRD-00486,LEG-100485,AUR-000486,Vela Fragrance Product 486,Luma,Beauty & Personal Care,Fragrance,SUP-053,2026-06-22,,92.12,127.87,Active
PRD-00487,LEG-100486,AUR-000487,Vela Travel Product 487,Nova,Sport & Lifestyle,Travel,SUP-013,2021-02-22,,72.98,119.15,Active
PRD-00488,LEG-100487,AUR-000488,Pulse Furniture Product 488,Solara,Home & Living,Furniture,SUP-055,2023-04-28,,45.55,83.92,Active
PRD-00489,LEG-100488,AUR-000489,Vela Smart Product 489,Orion,Electronics & Accessories,Smart Devices,SUP-011,2022-10-29,,36.19,46.83,Active
PRD-00490,LEG-100489,AUR-000490,Aurelia Select Kitchen Product 490,Orion,Home & Living,Kitchen,SUP-027,2021-03-28,,21.82,29.66,Active
PRD-00491,LEG-100490,AUR-000491,Pulse Outdoor Product 491,Orion,Sport & Lifestyle,Outdoor,SUP-007,2026-05-31,,24.96,30.73,Active
PRD-00492,LEG-100491,AUR-000492,Pulse Bedding Product 492,Nova,Home & Living,Bedding,SUP-031,2022-01-29,2022-08-05,64.19,89.38,Discontinued
PRD-00493,LEG-100492,AUR-000493,Aurelia Select Skincare Product 493,Solara,Beauty & Personal Care,Skincare,SUP-041,2020-05-11,,33.64,41.43,Active
PRD-00494,LEG-100493,AUR-000494,Pulse Bedding Product 494,Solara,Home & Living,Bedding,SUP-070,2021-07-03,,71.91,120.74,Active
PRD-00495,LEG-100494,AUR-000495,Nova Bedding Product 495,Aurelia Select,Home & Living,Bedding,SUP-009,2022-12-03,,146.75,280.61,Active
PRD-00496,LEG-100495,AUR-000496,Vela Footwear Product 496,Aurelia Select,Fashion & Accessories,Footwear,SUP-008,2023-11-26,,60.95,80.85,Active
PRD-00497,LEG-100496,AUR-000497,Pulse Fragrance Product 497,Pulse,Beauty & Personal Care,Fragrance,SUP-052,2025-12-09,,64.39,86.43,Active
PRD-00498,LEG-100497,AUR-000498,Orion Men's Product 498,Nova,Fashion & Accessories,Men's Clothing,SUP-040,2026-04-22,,35.47,59.29,Active
PRD-00499,LEG-100498,AUR-000499,Luma Men's Product 499,Solara,Fashion & Accessories,Men's Clothing,SUP-051,2026-04-06,,91.0,141.43,Active
PRD-00500,LEG-100499,AUR-000500,Orion Fitness Product 500,Pulse,Sport & Lifestyle,Fitness,SUP-031,2020-09-08,,17.49,21.78,Active
PRD-00501,LEG-100500,AUR-000501,Nova Men's Product 501,Pulse,Fashion & Accessories,Men's Clothing,SUP-015,2022-04-25,,58.62,89.15,Active
PRD-00502,LEG-100501,AUR-000502,Orion Skincare Product 502,Luma,Beauty & Personal Care,Skincare,SUP-016,2023-06-06,,25.93,48.69,Active
PRD-00503,LEG-100502,AUR-000503,Aurelia Select Men's Product 503,Luma,Fashion & Accessories,Men's Clothing,SUP-064,2025-04-29,,111.85,173.61,Active
PRD-00504,LEG-100503,AUR-000504,Luma Chargers Product 504,Solara,Electronics & Accessories,Chargers,SUP-017,2025-09-06,,12.07,15.01,Active
PRD-00505,LEG-100504,AUR-000505,Aurelia Select Audio Product 505,Solara,Electronics & Accessories,Audio,SUP-055,2021-06-20,,74.97,99.35,Active
PRD-00506,LEG-100505,AUR-000506,Orion Audio Product 506,Nova,Electronics & Accessories,Audio,SUP-064,2023-12-31,2026-07-30,37.03,49.67,Discontinued
PRD-00507,LEG-100506,AUR-000507,Aurelia Select Fragrance Product 507,Mira,Beauty & Personal Care,Fragrance,SUP-022,2023-05-07,,84.22,180.03,Active
PRD-00508,LEG-100507,AUR-000508,Orion Smart Product 508,Nova,Electronics & Accessories,Smart Devices,SUP-015,2020-01-29,,39.3,81.05,Active
PRD-00509,LEG-100508,AUR-000509,Aurelia Select Furniture Product 509,Aurelia Select,Home & Living,Furniture,SUP-032,2020-06-09,,78.01,98.62,Active
PRD-00510,LEG-100509,AUR-000510,Solara Bags Product 510,Pulse,Fashion & Accessories,Bags,SUP-020,2025-08-01,,6.47,9.72,Active
PRD-00511,LEG-100510,AUR-000511,Pulse Furniture Product 511,Vela,Home & Living,Furniture,SUP-042,2024-08-28,,43.72,80.04,Active
PRD-00512,LEG-100511,AUR-000512,Solara Bedding Product 512,Orion,Home & Living,Bedding,SUP-010,2020-06-29,,14.22,22.05,Active
PRD-00513,LEG-100512,AUR-000513,Nova Sports Product 513,Aurelia Select,Sport & Lifestyle,Sports Accessories,SUP-023,2020-11-09,,23.7,51.37,Active
PRD-00514,LEG-100513,AUR-000514,Pulse Furniture Product 514,Nova,Home & Living,Furniture,SUP-060,2024-10-25,,91.17,123.41,Active
PRD-00515,LEG-100514,AUR-000515,Solara Chargers Product 515,Nova,Electronics & Accessories,Chargers,SUP-059,2020-08-22,,29.84,54.41,Active
PRD-00516,LEG-100515,AUR-000516,Vela Footwear Product 516,Orion,Fashion & Accessories,Footwear,SUP-039,2021-05-31,,53.34,105.65,Active
PRD-00517,LEG-100516,AUR-000517,Mira Outdoor Product 517,Solara,Sport & Lifestyle,Outdoor,SUP-064,2020-10-24,,31.15,65.29,Active
PRD-00518,LEG-100517,AUR-000518,Luma Home Product 518,Aurelia Select,Home & Living,Home Décor,SUP-053,2021-09-10,2023-09-10,11.87,15.53,Discontinued
PRD-00519,LEG-100518,AUR-000519,Solara Men's Product 519,Aurelia Select,Fashion & Accessories,Men's Clothing,SUP-043,2024-06-06,,28.89,36.41,Active
PRD-00520,LEG-100519,AUR-000520,Orion Bags Product 520,Nova,Fashion & Accessories,Bags,SUP-027,2023-05-12,,56.8,79.49,Active
PRD-00521,LEG-100520,AUR-000521,Pulse Outdoor Product 521,Mira,Sport & Lifestyle,Outdoor,SUP-008,2022-03-15,,63.48,124.91,Active
PRD-00522,LEG-100521,AUR-000522,Nova Kitchen Product 522,Aurelia Select,Home & Living,Kitchen,SUP-030,2021-03-31,,23.53,40.62,Active
PRD-00523,LEG-100522,AUR-000523,Solara Travel Product 523,Mira,Sport & Lifestyle,Travel,SUP-011,2020-10-05,,34.87,45.43,Active
PRD-00524,LEG-100523,AUR-000524,Luma Fitness Product 524,Pulse,Sport & Lifestyle,Fitness,SUP-010,2023-07-25,,32.65,40.69,Active
PRD-00525,LEG-100524,AUR-000525,Pulse Fitness Product 525,Luma,Sport & Lifestyle,Fitness,SUP-031,2021-11-18,,40.39,60.59,Active
PRD-00526,LEG-100525,AUR-000526,Solara Chargers Product 526,Pulse,Electronics & Accessories,Chargers,SUP-042,2024-07-02,,44.05,54.51,Active
PRD-00527,LEG-100526,AUR-000527,Orion Computer Product 527,Vela,Electronics & Accessories,Computer Accessories,SUP-010,2024-01-14,2025-07-17,93.59,120.02,Discontinued
PRD-00528,LEG-100527,AUR-000528,Nova Home Product 528,Luma,Home & Living,Home Décor,SUP-014,2021-08-18,,76.87,114.01,Active
PRD-00529,LEG-100528,AUR-000529,Mira Bedding Product 529,Solara,Home & Living,Bedding,SUP-053,2021-05-07,2023-03-04,55.8,89.46,Discontinued
PRD-00530,LEG-100529,AUR-000530,Vela Footwear Product 530,Mira,Fashion & Accessories,Footwear,SUP-040,2025-08-12,2027-01-19,62.73,90.6,Discontinued
PRD-00531,LEG-100530,AUR-000531,Nova Fragrance Product 531,Nova,Beauty & Personal Care,Fragrance,SUP-021,2022-02-18,,71.77,152.28,Active
PRD-00532,LEG-100531,AUR-000532,Vela Audio Product 532,Solara,Electronics & Accessories,Audio,SUP-019,2020-02-23,,58.06,81.25,Active
PRD-00533,LEG-100532,AUR-000533,Solara Men's Product 533,Pulse,Fashion & Accessories,Men's Clothing,SUP-066,2026-06-17,2029-02-25,51.21,107.54,Discontinued
PRD-00534,LEG-100533,AUR-000534,Orion Footwear Product 534,Luma,Fashion & Accessories,Footwear,SUP-004,2023-07-10,,34.26,55.47,Active
PRD-00535,LEG-100534,AUR-000535,Vela Cosmetics Product 535,Nova,Beauty & Personal Care,Cosmetics,SUP-060,2020-12-18,,119.81,147.18,Active
PRD-00536,LEG-100535,AUR-000536,Nova Men's Product 536,Aurelia Select,Fashion & Accessories,Men's Clothing,SUP-008,2020-01-08,,125.48,179.22,Active
PRD-00537,LEG-100536,AUR-000537,Vela Home Product 537,Pulse,Home & Living,Home Décor,SUP-048,2023-02-25,2025-04-10,86.59,112.22,Discontinued
PRD-00538,LEG-100537,AUR-000538,Nova Footwear Product 538,Aurelia Select,Fashion & Accessories,Footwear,SUP-009,2026-03-18,2027-12-07,61.04,96.35,Discontinued
PRD-00539,LEG-100538,AUR-000539,Luma Bedding Product 539,Nova,Home & Living,Bedding,SUP-043,2022-10-13,,76.22,120.2,Active
PRD-00540,LEG-100539,AUR-000540,Mira Women's Product 540,Aurelia Select,Fashion & Accessories,Women's Clothing,SUP-022,2024-10-08,,59.8,94.42,Active
PRD-00541,LEG-100540,AUR-000541,Pulse Travel Product 541,Mira,Sport & Lifestyle,Travel,SUP-004,2025-08-24,,81.09,161.07,Active
PRD-00542,LEG-100541,AUR-000542,Luma Cosmetics Product 542,Solara,Beauty & Personal Care,Cosmetics,SUP-028,2021-06-28,,39.07,85.18,Active
PRD-00543,LEG-100542,AUR-000543,Orion Kitchen Product 543,Mira,Home & Living,Kitchen,SUP-020,2021-03-23,,41.35,61.26,Active
PRD-00544,LEG-100543,AUR-000544,Orion Men's Product 544,Mira,Fashion & Accessories,Men's Clothing,SUP-053,2023-05-01,,39.5,52.46,Active
PRD-00545,LEG-100544,AUR-000545,Aurelia Select Travel Product 545,Nova,Sport & Lifestyle,Travel,SUP-036,2024-06-07,,104.15,150.74,Active
PRD-00546,LEG-100545,AUR-000546,Pulse Haircare Product 546,Vela,Beauty & Personal Care,Haircare,SUP-068,2020-08-30,,32.0,46.62,Active
PRD-00547,LEG-100546,AUR-000547,Pulse Furniture Product 547,Solara,Home & Living,Furniture,SUP-062,2025-08-08,,77.37,158.87,Active
PRD-00548,LEG-100547,AUR-000548,Solara Travel Product 548,Solara,Sport & Lifestyle,Travel,SUP-050,2023-08-21,,93.39,146.61,Active
PRD-00549,LEG-100548,AUR-000549,Aurelia Select Smart Product 549,Solara,Electronics & Accessories,Smart Devices,SUP-029,2020-10-24,,70.56,135.33,Active
PRD-00550,LEG-100549,AUR-000550,Aurelia Select Footwear Product 550,Mira,Fashion & Accessories,Footwear,SUP-068,2022-09-25,,15.38,27.6,Active
PRD-00551,LEG-100550,AUR-000551,Luma Smart Product 551,Nova,Electronics & Accessories,Smart Devices,SUP-032,2024-09-08,,182.3,239.95,Active
PRD-00552,LEG-100551,AUR-000552,Aurelia Select Kitchen Product 552,Vela,Home & Living,Kitchen,SUP-050,2022-12-14,2024-10-26,43.98,58.31,Discontinued
PRD-00553,LEG-100552,AUR-000553,Luma Smart Product 553,Vela,Electronics & Accessories,Smart Devices,SUP-041,2021-09-13,2022-04-13,79.16,109.63,Discontinued
PRD-00554,LEG-100553,AUR-000554,Solara Audio Product 554,Luma,Electronics & Accessories,Audio,SUP-025,2025-06-01,,13.68,19.03,Active
PRD-00555,LEG-100554,AUR-000555,Luma Fragrance Product 555,Mira,Beauty & Personal Care,Fragrance,SUP-005,2020-03-19,,22.19,32.64,Active
PRD-00556,LEG-100555,AUR-000556,Vela Women's Product 556,Vela,Fashion & Accessories,Women's Clothing,SUP-003,2022-02-23,2022-11-03,12.07,17.28,Discontinued
PRD-00557,LEG-100556,AUR-000557,Aurelia Select Travel Product 557,Solara,Sport & Lifestyle,Travel,SUP-026,2023-12-09,,24.35,45.08,Active
PRD-00558,LEG-100557,AUR-000558,Luma Kitchen Product 558,Solara,Home & Living,Kitchen,SUP-008,2026-07-05,,51.08,81.95,Active
PRD-00559,LEG-100558,AUR-000559,Luma Men's Product 559,Nova,Fashion & Accessories,Men's Clothing,SUP-068,2024-10-26,,75.75,141.06,Active
PRD-00560,LEG-100559,AUR-000560,Solara Audio Product 560,Pulse,Electronics & Accessories,Audio,SUP-013,2025-07-19,,96.85,180.6,Active
PRD-00561,LEG-100560,AUR-000561,Solara Chargers Product 561,Luma,Electronics & Accessories,Chargers,SUP-021,2023-03-28,,100.44,210.93,Active
PRD-00562,LEG-100561,AUR-000562,Solara Cosmetics Product 562,Luma,Beauty & Personal Care,Cosmetics,SUP-046,2020-08-14,,65.34,83.19,Active
PRD-00563,LEG-100562,AUR-000563,Pulse Home Product 563,Orion,Home & Living,Home Décor,SUP-038,2024-11-09,,93.72,175.17,Active
PRD-00564,LEG-100563,AUR-000564,Aurelia Select Home Product 564,Pulse,Home & Living,Home Décor,SUP-005,2025-04-02,,26.23,33.47,Active
PRD-00565,LEG-100564,AUR-000565,Vela Kitchen Product 565,Nova,Home & Living,Kitchen,SUP-064,2024-05-01,,71.76,89.22,Active
PRD-00566,LEG-100565,AUR-000566,Nova Kitchen Product 566,Vela,Home & Living,Kitchen,SUP-045,2022-12-11,,76.9,116.05,Active
PRD-00567,LEG-100566,AUR-000567,Nova Smart Product 567,Solara,Electronics & Accessories,Smart Devices,SUP-058,2026-01-09,,58.87,120.3,Active
PRD-00568,LEG-100567,AUR-000568,Vela Footwear Product 568,Vela,Fashion & Accessories,Footwear,SUP-009,2022-10-19,,56.31,84.63,Active
PRD-00569,LEG-100568,AUR-000569,Nova Chargers Product 569,Aurelia Select,Electronics & Accessories,Chargers,SUP-007,2025-01-14,,53.54,70.09,Active
PRD-00570,LEG-100569,AUR-000570,Pulse Cosmetics Product 570,Luma,Beauty & Personal Care,Cosmetics,SUP-053,2022-04-24,,73.38,142.44,Active
PRD-00571,LEG-100570,AUR-000571,Solara Cosmetics Product 571,Pulse,Beauty & Personal Care,Cosmetics,SUP-013,2023-04-07,,280.48,529.55,Active
PRD-00572,LEG-100571,AUR-000572,Luma Haircare Product 572,Mira,Beauty & Personal Care,Haircare,SUP-010,2026-05-11,,42.69,68.28,Active
PRD-00573,LEG-100572,AUR-000573,Aurelia Select Footwear Product 573,Solara,Fashion & Accessories,Footwear,SUP-034,2022-01-29,,68.26,113.04,Active
PRD-00574,LEG-100573,AUR-000574,Solara Women's Product 574,Luma,Fashion & Accessories,Women's Clothing,SUP-049,2021-09-24,,362.41,592.79,Active
PRD-00575,LEG-100574,AUR-000575,Nova Furniture Product 575,Solara,Home & Living,Furniture,SUP-062,2021-03-09,2023-07-06,33.58,56.08,Discontinued
PRD-00576,LEG-100575,AUR-000576,Luma Bags Product 576,Pulse,Fashion & Accessories,Bags,SUP-021,2020-06-16,2022-06-09,59.69,82.41,Discontinued
PRD-00577,LEG-100576,AUR-000577,Solara Women's Product 577,Vela,Fashion & Accessories,Women's Clothing,SUP-025,2021-09-12,,25.72,52.59,Active
PRD-00578,LEG-100577,AUR-000578,Orion Fragrance Product 578,Orion,Beauty & Personal Care,Fragrance,SUP-031,2021-03-22,,30.98,55.89,Active
PRD-00579,LEG-100578,AUR-000579,Pulse Women's Product 579,Mira,Fashion & Accessories,Women's Clothing,SUP-020,2024-09-27,,37.9,48.5,Active
PRD-00580,LEG-100579,AUR-000580,Aurelia Select Footwear Product 580,Pulse,Fashion & Accessories,Footwear,SUP-012,2026-07-27,,135.75,211.61,Active
PRD-00581,LEG-100580,AUR-000581,Vela Computer Product 581,Nova,Electronics & Accessories,Computer Accessories,SUP-004,2023-11-03,,130.72,168.06,Active
PRD-00582,LEG-100581,AUR-000582,Orion Home Product 582,Nova,Home & Living,Home Décor,SUP-061,2026-02-09,,35.47,51.51,Active
PRD-00583,LEG-100582,AUR-000583,Pulse Footwear Product 583,Mira,Fashion & Accessories,Footwear,SUP-063,2023-08-15,,44.27,59.05,Active
PRD-00584,LEG-100583,AUR-000584,Pulse Audio Product 584,Luma,Electronics & Accessories,Audio,SUP-048,2025-11-26,2026-08-28,76.46,96.15,Discontinued
PRD-00585,LEG-100584,AUR-000585,Luma Fragrance Product 585,Mira,Beauty & Personal Care,Fragrance,SUP-006,2024-04-17,2026-07-31,241.0,417.33,Discontinued
PRD-00586,LEG-100585,AUR-000586,Mira Computer Product 586,Orion,Electronics & Accessories,Computer Accessories,SUP-029,2026-03-29,,16.15,32.57,Active
PRD-00587,LEG-100586,AUR-000587,Luma Audio Product 587,Nova,Electronics & Accessories,Audio,SUP-011,2025-09-17,,39.33,57.53,Active
PRD-00588,LEG-100587,AUR-000588,Vela Computer Product 588,Aurelia Select,Electronics & Accessories,Computer Accessories,SUP-050,2023-07-13,,28.45,41.63,Active
PRD-00589,LEG-100588,AUR-000589,Mira Travel Product 589,Vela,Sport & Lifestyle,Travel,SUP-061,2024-07-29,,61.63,82.49,Active
PRD-00590,LEG-100589,AUR-000590,Pulse Audio Product 590,Aurelia Select,Electronics & Accessories,Audio,SUP-065,2021-09-20,,46.96,67.85,Active
PRD-00591,LEG-100590,AUR-000591,Nova Outdoor Product 591,Mira,Sport & Lifestyle,Outdoor,SUP-023,2021-11-26,,48.24,70.96,Active
PRD-00592,LEG-100591,AUR-000592,Vela Home Product 592,Luma,Home & Living,Home Décor,SUP-006,2023-11-11,,44.43,91.92,Active
PRD-00593,LEG-100592,AUR-000593,Pulse Skincare Product 593,Vela,Beauty & Personal Care,Skincare,SUP-019,2026-07-04,,83.73,126.63,Active
PRD-00594,LEG-100593,AUR-000594,Solara Sports Product 594,Nova,Sport & Lifestyle,Sports Accessories,SUP-012,2024-08-02,,134.85,171.64,Active
PRD-00595,LEG-100594,AUR-000595,Solara Cosmetics Product 595,Orion,Beauty & Personal Care,Cosmetics,SUP-067,2020-03-12,,55.13,101.73,Active
PRD-00596,LEG-100595,AUR-000596,Pulse Skincare Product 596,Nova,Beauty & Personal Care,Skincare,SUP-054,2023-05-03,,19.3,32.86,Active
PRD-00597,LEG-100596,AUR-000597,Nova Home Product 597,Nova,Home & Living,Home Décor,SUP-013,2023-06-13,2025-11-21,57.99,114.08,Discontinued
PRD-00598,LEG-100597,AUR-000598,Pulse Chargers Product 598,Orion,Electronics & Accessories,Chargers,SUP-050,2021-01-08,,60.68,82.0,Active
PRD-00599,LEG-100598,AUR-000599,Aurelia Select Cosmetics Product 599,Luma,Beauty & Personal Care,Cosmetics,SUP-036,2025-08-26,,76.67,102.18,Active
PRD-00600,LEG-100599,AUR-000600,Pulse Haircare Product 600,Aurelia Select,Beauty & Personal Care,Haircare,SUP-051,2024-07-18,,165.34,222.11,Active
PRD-00601,LEG-100600,AUR-000601,Aurelia Select Smart Product 601,Mira,Electronics & Accessories,Smart Devices,SUP-035,2020-08-12,,51.26,68.7,Active
PRD-00602,LEG-100601,AUR-000602,Solara Audio Product 602,Orion,Electronics & Accessories,Audio,SUP-040,2023-11-09,,129.1,231.37,Active
PRD-00603,LEG-100602,AUR-000603,Nova Computer Product 603,Vela,Electronics & Accessories,Computer Accessories,SUP-018,2024-01-05,,77.06,95.68,Active
PRD-00604,LEG-100603,AUR-000604,Solara Computer Product 604,Orion,Electronics & Accessories,Computer Accessories,SUP-054,2026-04-12,,32.42,39.62,Active
PRD-00605,LEG-100604,AUR-000605,Vela Fitness Product 605,Mira,Sport & Lifestyle,Fitness,SUP-028,2024-10-16,,51.46,79.72,Active
PRD-00606,LEG-100605,AUR-000606,Solara Cosmetics Product 606,Aurelia Select,Beauty & Personal Care,Cosmetics,SUP-066,2025-03-02,,112.58,160.85,Active
PRD-00607,LEG-100606,AUR-000607,Orion Furniture Product 607,Pulse,Home & Living,Furniture,SUP-018,2023-06-06,,116.65,239.19,Active
PRD-00608,LEG-100607,AUR-000608,Luma Fitness Product 608,Vela,Sport & Lifestyle,Fitness,SUP-026,2020-01-08,,31.52,46.51,Active
PRD-00609,LEG-100608,AUR-000609,Aurelia Select Men's Product 609,Mira,Fashion & Accessories,Men's Clothing,SUP-007,2021-03-09,,94.87,125.59,Active
PRD-00610,LEG-100609,AUR-000610,Orion Smart Product 610,Solara,Electronics & Accessories,Smart Devices,SUP-060,2025-07-15,2026-02-06,14.99,31.24,Discontinued
PRD-00611,LEG-100610,AUR-000611,Nova Travel Product 611,Aurelia Select,Sport & Lifestyle,Travel,SUP-031,2021-12-04,,84.94,107.47,Active
PRD-00612,LEG-100611,AUR-000612,Mira Computer Product 612,Luma,Electronics & Accessories,Computer Accessories,SUP-061,2021-09-22,,22.32,29.89,Active
PRD-00613,LEG-100612,AUR-000613,Solara Sports Product 613,Luma,Sport & Lifestyle,Sports Accessories,SUP-034,2021-01-07,,13.61,22.49,Active
PRD-00614,LEG-100613,AUR-000614,Aurelia Select Footwear Product 614,Pulse,Fashion & Accessories,Footwear,SUP-007,2022-06-23,,66.28,100.2,Active
PRD-00615,LEG-100614,AUR-000615,Vela Home Product 615,Vela,Home & Living,Home Décor,SUP-027,2023-08-26,2025-06-01,88.96,130.21,Discontinued
PRD-00616,LEG-100615,AUR-000616,Aurelia Select Computer Product 616,Aurelia Select,Electronics & Accessories,Computer Accessories,SUP-061,2023-05-25,,74.64,93.95,Active
PRD-00617,LEG-100616,AUR-000617,Aurelia Select Home Product 617,Vela,Home & Living,Home Décor,SUP-033,2024-10-12,,123.4,155.14,Active
PRD-00618,LEG-100617,AUR-000618,Orion Sports Product 618,Pulse,Sport & Lifestyle,Sports Accessories,SUP-049,2021-12-22,2022-07-09,32.3,41.03,Discontinued
PRD-00619,LEG-100618,AUR-000619,Orion Computer Product 619,Vela,Electronics & Accessories,Computer Accessories,SUP-060,2023-02-02,,29.28,39.94,Active
PRD-00620,LEG-100619,AUR-000620,Nova Computer Product 620,Aurelia Select,Electronics & Accessories,Computer Accessories,SUP-066,2023-08-08,,38.66,60.49,Active
PRD-00621,LEG-100620,AUR-000621,Orion Chargers Product 621,Nova,Electronics & Accessories,Chargers,SUP-062,2023-10-05,2026-02-12,134.79,176.32,Discontinued
PRD-00622,LEG-100621,AUR-000622,Orion Footwear Product 622,Solara,Fashion & Accessories,Footwear,SUP-036,2020-09-26,,142.33,289.26,Active
PRD-00623,LEG-100622,AUR-000623,Vela Chargers Product 623,Luma,Electronics & Accessories,Chargers,SUP-067,2024-05-15,,44.62,67.09,Active
PRD-00624,LEG-100623,AUR-000624,Pulse Furniture Product 624,Solara,Home & Living,Furniture,SUP-018,2022-10-24,,45.18,69.62,Active
PRD-00625,LEG-100624,AUR-000625,Orion Bags Product 625,Orion,Fashion & Accessories,Bags,SUP-054,2022-02-23,,55.05,80.37,Active
PRD-00626,LEG-100625,AUR-000626,Aurelia Select Cosmetics Product 626,Vela,Beauty & Personal Care,Cosmetics,SUP-044,2023-10-10,,11.55,19.33,Active
PRD-00627,LEG-100626,AUR-000627,Solara Bedding Product 627,Orion,Home & Living,Bedding,SUP-022,2020-11-17,,29.04,39.66,Active
PRD-00628,LEG-100627,AUR-000628,Orion Outdoor Product 628,Nova,Sport & Lifestyle,Outdoor,SUP-061,2021-12-10,,53.33,66.45,Active
PRD-00629,LEG-100628,AUR-000629,Luma Kitchen Product 629,Solara,Home & Living,Kitchen,SUP-012,2025-01-03,2027-05-29,97.92,180.26,Discontinued
PRD-00630,LEG-100629,AUR-000630,Vela Kitchen Product 630,Orion,Home & Living,Kitchen,SUP-054,2023-11-22,2025-01-26,47.8,69.56,Discontinued
PRD-00631,LEG-100630,AUR-000631,Orion Chargers Product 631,Orion,Electronics & Accessories,Chargers,SUP-060,2023-11-29,,27.69,38.21,Active
PRD-00632,LEG-100631,AUR-000632,Aurelia Select Bags Product 632,Nova,Fashion & Accessories,Bags,SUP-061,2024-01-08,,156.24,254.24,Active
PRD-00633,LEG-100632,AUR-000633,Pulse Furniture Product 633,Orion,Home & Living,Furniture,SUP-053,2023-12-02,,53.19,108.61,Active
PRD-00634,LEG-100633,AUR-000634,Luma Men's Product 634,Vela,Fashion & Accessories,Men's Clothing,SUP-044,2024-11-25,,11.82,19.23,Active
PRD-00635,LEG-100634,AUR-000635,Luma Cosmetics Product 635,Solara,Beauty & Personal Care,Cosmetics,SUP-024,2021-12-14,,164.01,288.91,Active
PRD-00636,LEG-100635,AUR-000636,Solara Bags Product 636,Luma,Fashion & Accessories,Bags,SUP-041,2026-01-13,2027-08-15,42.67,68.69,Discontinued
PRD-00637,LEG-100636,AUR-000637,Mira Women's Product 637,Orion,Fashion & Accessories,Women's Clothing,SUP-027,2020-11-24,,119.53,191.32,Active
PRD-00638,LEG-100637,AUR-000638,Mira Home Product 638,Nova,Home & Living,Home Décor,SUP-017,2020-06-10,,25.27,33.84,Active
PRD-00639,LEG-100638,AUR-000639,Pulse Travel Product 639,Pulse,Sport & Lifestyle,Travel,SUP-055,2026-02-06,2028-03-22,166.51,341.98,Discontinued
PRD-00640,LEG-100639,AUR-000640,Aurelia Select Cosmetics Product 640,Aurelia Select,Beauty & Personal Care,Cosmetics,SUP-069,2021-09-21,,33.47,57.09,Active
PRD-00641,LEG-100640,AUR-000641,Aurelia Select Kitchen Product 641,Solara,Home & Living,Kitchen,SUP-068,2024-12-22,,94.94,157.42,Active
PRD-00642,LEG-100641,AUR-000642,Aurelia Select Furniture Product 642,Vela,Home & Living,Furniture,SUP-029,2020-05-22,,88.13,189.15,Active
PRD-00643,LEG-100642,AUR-000643,Luma Chargers Product 643,Nova,Electronics & Accessories,Chargers,SUP-050,2023-11-11,,119.84,221.83,Active
PRD-00644,LEG-100643,AUR-000644,Luma Sports Product 644,Nova,Sport & Lifestyle,Sports Accessories,SUP-006,2024-07-16,,89.49,120.11,Active
PRD-00645,LEG-100644,AUR-000645,Mira Chargers Product 645,Solara,Electronics & Accessories,Chargers,SUP-056,2023-07-18,,24.24,30.23,Active
PRD-00646,LEG-100645,AUR-000646,Mira Kitchen Product 646,Solara,Home & Living,Kitchen,SUP-025,2022-04-08,,34.78,57.63,Active
PRD-00647,LEG-100646,AUR-000647,Aurelia Select Bedding Product 647,Vela,Home & Living,Bedding,SUP-029,2024-04-26,,66.47,125.99,Active
PRD-00648,LEG-100647,AUR-000648,Aurelia Select Home Product 648,Luma,Home & Living,Home Décor,SUP-016,2025-02-09,,81.71,137.17,Active
PRD-00649,LEG-100648,AUR-000649,Pulse Audio Product 649,Orion,Electronics & Accessories,Audio,SUP-069,2020-08-30,,42.6,85.71,Active
PRD-00650,LEG-100649,AUR-000650,Aurelia Select Fitness Product 650,Nova,Sport & Lifestyle,Fitness,SUP-003,2021-03-13,,29.06,48.36,Active
PRD-00651,LEG-100650,AUR-000651,Pulse Women's Product 651,Mira,Fashion & Accessories,Women's Clothing,SUP-049,2021-06-16,,118.75,197.77,Active
PRD-00652,LEG-100651,AUR-000652,Mira Footwear Product 652,Luma,Fashion & Accessories,Footwear,SUP-027,2025-07-02,,35.08,53.56,Active
PRD-00653,LEG-100652,AUR-000653,Pulse Footwear Product 653,Nova,Fashion & Accessories,Footwear,SUP-067,2025-09-04,2027-12-04,44.86,65.6,Discontinued
PRD-00654,LEG-100653,AUR-000654,Pulse Smart Product 654,Nova,Electronics & Accessories,Smart Devices,SUP-066,2020-12-09,,120.74,177.08,Active
PRD-00655,LEG-100654,AUR-000655,Orion Fitness Product 655,Nova,Sport & Lifestyle,Fitness,SUP-014,2026-03-17,,53.96,73.6,Active
PRD-00656,LEG-100655,AUR-000656,Vela Haircare Product 656,Orion,Beauty & Personal Care,Haircare,SUP-067,2020-09-10,,26.77,39.47,Active
PRD-00657,LEG-100656,AUR-000657,Pulse Kitchen Product 657,Orion,Home & Living,Kitchen,SUP-021,2026-01-25,,27.92,35.84,Active
PRD-00658,LEG-100657,AUR-000658,Vela Bags Product 658,Mira,Fashion & Accessories,Bags,SUP-043,2023-12-31,,66.25,82.7,Active
PRD-00659,LEG-100658,AUR-000659,Aurelia Select Furniture Product 659,Nova,Home & Living,Furniture,SUP-015,2026-07-07,,57.34,91.49,Active
PRD-00660,LEG-100659,AUR-000660,Luma Travel Product 660,Nova,Sport & Lifestyle,Travel,SUP-066,2023-08-18,2025-07-12,96.89,152.45,Discontinued
PRD-00661,LEG-100660,AUR-000661,Orion Women's Product 661,Vela,Fashion & Accessories,Women's Clothing,SUP-059,2024-06-27,,93.53,182.24,Active
PRD-00662,LEG-100661,AUR-000662,Mira Chargers Product 662,Aurelia Select,Electronics & Accessories,Chargers,SUP-013,2024-04-30,,41.17,87.22,Active
PRD-00663,LEG-100662,AUR-000663,Orion Furniture Product 663,Solara,Home & Living,Furniture,SUP-041,2026-02-26,,58.13,89.59,Active
PRD-00664,LEG-100663,AUR-000664,Nova Skincare Product 664,Aurelia Select,Beauty & Personal Care,Skincare,SUP-002,2024-08-12,,15.03,19.17,Active
PRD-00665,LEG-100664,AUR-000665,Solara Home Product 665,Solara,Home & Living,Home Décor,SUP-057,2021-07-12,,49.0,66.56,Active
PRD-00666,LEG-100665,AUR-000666,Nova Sports Product 666,Solara,Sport & Lifestyle,Sports Accessories,SUP-044,2022-08-14,,31.76,41.81,Active
PRD-00667,LEG-100666,AUR-000667,Pulse Furniture Product 667,Pulse,Home & Living,Furniture,SUP-059,2023-09-13,,55.22,114.45,Active
PRD-00668,LEG-100667,AUR-000668,Mira Computer Product 668,Pulse,Electronics & Accessories,Computer Accessories,SUP-022,2026-03-23,,68.68,141.29,Active
PRD-00669,LEG-100668,AUR-000669,Aurelia Select Men's Product 669,Luma,Fashion & Accessories,Men's Clothing,SUP-014,2025-06-12,,13.17,22.57,Active
PRD-00670,LEG-100669,AUR-000670,Mira Cosmetics Product 670,Luma,Beauty & Personal Care,Cosmetics,SUP-049,2025-12-22,,44.88,96.41,Active
PRD-00671,LEG-100670,AUR-000671,Luma Audio Product 671,Mira,Electronics & Accessories,Audio,SUP-063,2023-11-06,,53.25,65.3,Active
PRD-00672,LEG-100671,AUR-000672,Mira Bags Product 672,Aurelia Select,Fashion & Accessories,Bags,SUP-009,2023-05-31,,58.85,89.39,Active
PRD-00673,LEG-100672,AUR-000673,Aurelia Select Chargers Product 673,Vela,Electronics & Accessories,Chargers,SUP-044,2022-03-26,,64.13,94.15,Active
PRD-00674,LEG-100673,AUR-000674,Pulse Fitness Product 674,Vela,Sport & Lifestyle,Fitness,SUP-062,2026-02-28,,33.41,47.61,Active
PRD-00675,LEG-100674,AUR-000675,Luma Computer Product 675,Aurelia Select,Electronics & Accessories,Computer Accessories,SUP-002,2021-12-06,,256.58,441.0,Active
PRD-00676,LEG-100675,AUR-000676,Mira Bedding Product 676,Luma,Home & Living,Bedding,SUP-010,2026-07-09,,37.2,66.0,Active
PRD-00677,LEG-100676,AUR-000677,Vela Fragrance Product 677,Solara,Beauty & Personal Care,Fragrance,SUP-036,2020-03-01,,110.62,136.81,Active
PRD-00678,LEG-100677,AUR-000678,Pulse Men's Product 678,Pulse,Fashion & Accessories,Men's Clothing,SUP-031,2021-08-18,,103.92,191.13,Active
PRD-00679,LEG-100678,AUR-000679,Mira Bags Product 679,Mira,Fashion & Accessories,Bags,SUP-012,2023-05-24,2024-11-30,44.04,54.72,Discontinued
PRD-00680,LEG-100679,AUR-000680,Solara Cosmetics Product 680,Nova,Beauty & Personal Care,Cosmetics,SUP-064,2024-04-20,,95.91,117.8,Active
PRD-00681,LEG-100680,AUR-000681,Pulse Women's Product 681,Pulse,Fashion & Accessories,Women's Clothing,SUP-005,2022-06-07,,55.02,107.02,Active
PRD-00682,LEG-100681,AUR-000682,Nova Fitness Product 682,Orion,Sport & Lifestyle,Fitness,SUP-066,2023-08-01,,46.96,93.51,Active
PRD-00683,LEG-100682,AUR-000683,Mira Outdoor Product 683,Solara,Sport & Lifestyle,Outdoor,SUP-047,2021-11-19,2024-04-02,79.87,98.56,Discontinued
PRD-00684,LEG-100683,AUR-000684,Mira Men's Product 684,Solara,Fashion & Accessories,Men's Clothing,SUP-061,2023-12-15,,88.03,107.54,Active
PRD-00685,LEG-100684,AUR-000685,Nova Computer Product 685,Nova,Electronics & Accessories,Computer Accessories,SUP-029,2022-12-04,,37.36,57.21,Active
PRD-00686,LEG-100685,AUR-000686,Solara Footwear Product 686,Orion,Fashion & Accessories,Footwear,SUP-067,2025-02-15,,64.8,132.36,Active
PRD-00687,LEG-100686,AUR-000687,Aurelia Select Audio Product 687,Luma,Electronics & Accessories,Audio,SUP-064,2024-04-15,2025-08-11,29.7,61.6,Discontinued
PRD-00688,LEG-100687,AUR-000688,Nova Bedding Product 688,Orion,Home & Living,Bedding,SUP-026,2022-09-03,,84.93,181.38,Active
PRD-00689,LEG-100688,AUR-000689,Pulse Furniture Product 689,Vela,Home & Living,Furniture,SUP-059,2024-08-20,2026-10-26,43.62,67.01,Discontinued
PRD-00690,LEG-100689,AUR-000690,Nova Kitchen Product 690,Pulse,Home & Living,Kitchen,SUP-006,2025-04-13,,43.89,74.04,Active
PRD-00691,LEG-100690,AUR-000691,Mira Fitness Product 691,Mira,Sport & Lifestyle,Fitness,SUP-065,2021-07-12,,16.85,34.26,Active
PRD-00692,LEG-100691,AUR-000692,Aurelia Select Bedding Product 692,Aurelia Select,Home & Living,Bedding,SUP-056,2020-07-26,,12.69,23.75,Active
PRD-00693,LEG-100692,AUR-000693,Luma Travel Product 693,Luma,Sport & Lifestyle,Travel,SUP-017,2021-10-12,,98.27,195.96,Active
PRD-00694,LEG-100693,AUR-000694,Solara Bags Product 694,Pulse,Fashion & Accessories,Bags,SUP-054,2025-12-22,,70.19,141.71,Active
PRD-00695,LEG-100694,AUR-000695,Orion Outdoor Product 695,Pulse,Sport & Lifestyle,Outdoor,SUP-044,2026-04-22,,120.72,198.35,Active
PRD-00696,LEG-100695,AUR-000696,Luma Computer Product 696,Luma,Electronics & Accessories,Computer Accessories,SUP-053,2020-05-23,,74.27,107.13,Active
PRD-00697,LEG-100696,AUR-000697,Solara Sports Product 697,Vela,Sport & Lifestyle,Sports Accessories,SUP-026,2021-11-23,,85.45,134.3,Active
PRD-00698,LEG-100697,AUR-000698,Solara Kitchen Product 698,Luma,Home & Living,Kitchen,SUP-023,2021-03-19,,51.87,82.7,Active
PRD-00699,LEG-100698,AUR-000699,Nova Sports Product 699,Solara,Sport & Lifestyle,Sports Accessories,SUP-062,2022-10-25,,132.48,256.98,Active
PRD-00700,LEG-100699,AUR-000700,Orion Travel Product 700,Pulse,Sport & Lifestyle,Travel,SUP-002,2026-07-08,,107.51,199.54,Active
PRD-00701,LEG-100700,AUR-000701,Aurelia Select Fitness Product 701,Pulse,Sport & Lifestyle,Fitness,SUP-019,2023-10-11,,109.51,221.78,Active
PRD-00702,LEG-100701,AUR-000702,Vela Women's Product 702,Orion,Fashion & Accessories,Women's Clothing,SUP-021,2021-02-11,,67.8,118.1,Active
PRD-00703,LEG-100702,AUR-000703,Luma Chargers Product 703,Aurelia Select ,Electronics & Accessories,Chargers,SUP-038,2025-07-24,,75.86,146.21,Active
PRD-00704,LEG-100703,AUR-000704,Solara Furniture Product 704,Mira,Home & Living,Furniture,SUP-014,2021-05-15,,30.7,64.35,Active
PRD-00705,LEG-100704,AUR-000705,Pulse Outdoor Product 705,Vela,Sport & Lifestyle,Outdoor,SUP-066,2022-08-04,,112.93,153.35,Active
PRD-00706,LEG-100705,AUR-000706,Pulse Audio Product 706,Pulse,Electronics & Accessories,Audio,SUP-054,2023-09-19,,51.34,76.15,Active
PRD-00707,LEG-100706,AUR-000707,Aurelia Select Audio Product 707,Orion,Electronics & Accessories,Audio,SUP-026,2021-08-13,2023-10-08,27.25,55.75,Discontinued
PRD-00708,LEG-100707,AUR-000708,Vela Travel Product 708,Solara,Sport & Lifestyle,Travel,SUP-070,2023-10-11,,16.99,28.66,Active
PRD-00709,LEG-100708,AUR-000709,Vela Outdoor Product 709,Orion,Sport & Lifestyle,Outdoor,SUP-058,2022-01-12,,41.49,64.28,Active
PRD-00710,LEG-100709,AUR-000710,Luma Furniture Product 710,Luma,Home & Living,Furniture,SUP-066,2023-10-28,,104.72,202.39,Active
PRD-00711,LEG-100710,AUR-000711,Aurelia Select Bags Product 711,Pulse,Fashion & Accessories,Bags,SUP-036,2023-10-30,,33.81,64.55,Active
PRD-00712,LEG-100711,AUR-000712,Luma Sports Product 712,Luma,Sport & Lifestyle,Sports Accessories,SUP-033,2025-08-10,,37.1,51.93,Active
PRD-00713,LEG-100712,AUR-000713,Mira Footwear Product 713,Luma,Fashion & Accessories,Footwear,SUP-006,2021-02-13,,152.37,266.58,Active
PRD-00714,LEG-100713,AUR-000714,Aurelia Select Kitchen Product 714,Orion,Home & Living,Kitchen,SUP-063,2021-09-04,,27.38,40.32,Active
PRD-00715,LEG-100714,AUR-000715,Nova Sports Product 715,Solara,Sport & Lifestyle,Sports Accessories,SUP-068,2021-03-05,,121.29,244.38,Active
PRD-00716,LEG-100715,AUR-000716,Nova Home Product 716,Luma,Home & Living,Home Décor,SUP-054,2021-02-02,,43.36,64.29,Active
PRD-00717,LEG-100716,AUR-000717,Nova Travel Product 717,Solara,Sport & Lifestyle,Travel,SUP-029,2020-02-29,,36.25,58.19,Active
PRD-00718,LEG-100717,AUR-000718,Solara Kitchen Product 718,Solara,Home & Living,Kitchen,SUP-038,2022-07-19,,27.94,43.21,Active
PRD-00719,LEG-100718,AUR-000719,Aurelia Select Bedding Product 719,Nova,Home & Living,Bedding,SUP-045,2023-09-02,,172.13,227.4,Active
PRD-00720,LEG-100719,AUR-000720,Vela Haircare Product 720,Aurelia Select,Beauty & Personal Care,Haircare,SUP-042,2024-03-22,,26.05,35.79,Active
PRD-00721,LEG-100720,AUR-000721,Pulse Skincare Product 721,Orion,Beauty & Personal Care,Skincare,SUP-070,2022-03-09,,134.37,182.51,Active
PRD-00722,LEG-100721,AUR-000722,Solara Audio Product 722,Mira,Electronics & Accessories,Audio,SUP-063,2023-04-22,,65.87,107.27,Active
PRD-00723,LEG-100722,AUR-000723,Vela Footwear Product 723,Solara,Fashion & Accessories,Footwear,SUP-066,2024-05-21,,74.8,108.64,Active
PRD-00724,LEG-100723,AUR-000724,Luma Women's Product 724,Aurelia Select,Fashion & Accessories,Women's Clothing,SUP-009,2022-09-11,,20.08,37.92,Active
PRD-00725,LEG-100724,AUR-000725,Pulse Home Product 725,Nova,Home & Living,Home Décor,SUP-027,2025-11-27,,41.28,84.3,Active
PRD-00726,LEG-100725,AUR-000726,Nova Travel Product 726,Luma,Sport & Lifestyle,Travel,SUP-004,2020-01-07,,88.57,127.18,Active
PRD-00727,LEG-100726,AUR-000727,Aurelia Select Fragrance Product 727,Nova,Beauty & Personal Care,Fragrance,SUP-010,2020-05-17,,76.68,101.85,Active
PRD-00728,LEG-100727,AUR-000728,Orion Men's Product 728,Nova,Fashion & Accessories,Men's Clothing,SUP-030,2023-06-25,,77.95,99.23,Active
PRD-00729,LEG-100728,AUR-000729,Pulse Computer Product 729,Mira,Electronics & Accessories,Computer Accessories,SUP-052,2025-08-28,,129.41,240.98,Active
PRD-00730,LEG-100729,AUR-000730,Aurelia Select Fragrance Product 730,Pulse,Beauty & Personal Care,Fragrance,SUP-016,2022-05-15,,19.3,25.7,Active
PRD-00731,LEG-100730,AUR-000731,Nova Fitness Product 731,Aurelia Select,Sport & Lifestyle,Fitness,SUP-010,2020-03-25,,46.16,62.67,Active
PRD-00732,LEG-100731,AUR-000732,Orion Audio Product 732,Orion,Electronics & Accessories,Audio,SUP-012,2024-10-03,,26.51,53.71,Active
PRD-00733,LEG-100732,AUR-000733,Pulse Computer Product 733,Pulse,Electronics & Accessories,Computer Accessories,SUP-004,2023-06-15,,145.39,258.89,Active
PRD-00734,LEG-100733,AUR-000734,Vela Haircare Product 734,Luma,Beauty & Personal Care,Haircare,SUP-051,2024-06-05,2026-03-28,71.9,149.81,Discontinued
PRD-00735,LEG-100734,AUR-000735,Luma Sports Product 735,Orion,Sport & Lifestyle,Sports Accessories,SUP-048,2022-01-27,,97.98,208.28,Active
PRD-00736,LEG-100735,AUR-000736,Nova Men's Product 736,Aurelia Select,Fashion & Accessories,Men's Clothing,SUP-001,2025-05-13,,48.26,94.86,Active
PRD-00737,LEG-100736,AUR-000737,Nova Travel Product 737,Orion,Sport & Lifestyle,Travel,SUP-027,2026-07-06,2027-06-30,50.43,102.58,Discontinued
PRD-00738,LEG-100737,AUR-000738,Pulse Smart Product 738,Luma,Electronics & Accessories,Smart Devices,SUP-021,2024-12-14,,24.58,42.37,Active
PRD-00739,LEG-100738,AUR-000739,Orion Home Product 739,Vela,Home & Living,Home Décor,SUP-015,2023-02-16,2023-11-18,59.17,76.85,Discontinued
PRD-00740,LEG-100739,AUR-000740,Mira Furniture Product 740,Nova,Home & Living,Furniture,SUP-038,2022-01-24,,61.74,89.49,Active
PRD-00741,LEG-100740,AUR-000741,Nova Footwear Product 741,Vela,Fashion & Accessories,Footwear,SUP-063,2021-06-03,,36.24,58.41,Active
PRD-00742,LEG-100741,AUR-000742,Luma Chargers Product 742,Vela,Electronics & Accessories,Chargers,SUP-013,2024-08-30,,48.49,94.94,Active
PRD-00743,LEG-100742,AUR-000743,Vela Audio Product 743,Solara,Electronics & Accessories,Audio,SUP-063,2020-06-29,,21.95,43.31,Active
PRD-00744,LEG-100743,AUR-000744,Orion Fragrance Product 744,Luma,Beauty & Personal Care,Fragrance,SUP-047,2023-07-05,,53.63,77.8,Active
PRD-00745,LEG-100744,AUR-000745,Luma Computer Product 745,Aurelia Select,Electronics & Accessories,Computer Accessories,SUP-041,2024-06-18,2025-12-19,305.14,478.43,Discontinued
PRD-00746,LEG-100745,AUR-000746,Pulse Home Product 746,Orion,Home & Living,Home Décor,SUP-047,2023-12-01,,30.51,41.82,Active
PRD-00747,LEG-100746,AUR-000747,Mira Kitchen Product 747,Mira,Home & Living,Kitchen,SUP-058,2025-12-08,2026-10-19,122.99,163.55,Discontinued
PRD-00748,LEG-100747,AUR-000748,Mira Chargers Product 748,Nova,Electronics & Accessories,Chargers,SUP-023,2022-12-01,,92.28,114.6,Active
PRD-00749,LEG-100748,AUR-000749,Orion Fitness Product 749,Luma,Sport & Lifestyle,Fitness,SUP-069,2020-03-08,,59.13,98.68,Active
PRD-00750,LEG-100749,AUR-000750,Nova Kitchen Product 750,Nova,Home & Living,Kitchen,SUP-003,2024-06-07,2026-06-13,85.38,119.66,Discontinued
PRD-00751,LEG-100750,AUR-000751,Pulse Fitness Product 751,Vela,Sport & Lifestyle,fitness,SUP-005,2026-02-07,,33.58,73.46,Active
PRD-00752,LEG-100751,AUR-000752,Mira Sports Product 752,Luma,Sport & Lifestyle,Sports Accessories,SUP-047,2024-11-08,,37.36,71.93,Active
PRD-00753,LEG-100752,AUR-000753,Orion Haircare Product 753,Luma,Beauty & Personal Care,Haircare,SUP-060,2023-08-04,,186.21,285.13,Active
PRD-00754,LEG-100753,AUR-000754,Pulse Fitness Product 754,Solara,Sport & Lifestyle,Fitness,SUP-065,2023-01-15,,81.75,140.46,Active
PRD-00755,LEG-100754,AUR-000755,Luma Men's Product 755,Luma,Fashion & Accessories,Men's Clothing,SUP-058,2024-01-07,,40.48,59.31,Active
PRD-00756,LEG-100755,AUR-000756,Luma Home Product 756,Mira,Home & Living,Home Décor,SUP-046,2020-04-19,,75.63,114.96,Active
PRD-00757,LEG-100756,AUR-000757,Mira Men's Product 757,Vela,Fashion & Accessories,Men's Clothing,SUP-009,2025-10-27,2026-11-01,34.37,57.05,Discontinued
PRD-00758,LEG-100757,AUR-000758,Vela Chargers Product 758,Aurelia Select,Electronics & Accessories,Chargers,SUP-027,2024-02-04,,58.33,85.69,Active
PRD-00759,LEG-100758,AUR-000759,Pulse Sports Product 759,Mira,Sport & Lifestyle,Sports Accessories,SUP-059,2022-07-01,,39.86,56.84,Active
PRD-00760,LEG-100759,AUR-000760,Solara Women's Product 760,Nova,Fashion & Accessories,Women's Clothing,SUP-067,2026-04-16,,31.5,54.73,Active
PRD-00761,LEG-100760,AUR-000761,Luma Chargers Product 761,Pulse,Electronics & Accessories,Chargers,SUP-049,2022-11-02,,36.56,54.84,Active
PRD-00762,LEG-100761,AUR-000762,Orion Audio Product 762,Pulse,Electronics & Accessories,Audio,SUP-029,2022-09-22,,81.56,104.37,Active
PRD-00763,LEG-100762,AUR-000763,Solara Travel Product 763,Solara,Sport & Lifestyle,Travel,SUP-063,2022-09-22,,100.68,164.0,Active
PRD-00764,LEG-100763,AUR-000764,Luma Skincare Product 764,Mira,Beauty & Personal Care,Skincare,SUP-022,2025-11-07,2027-05-16,58.91,99.85,Discontinued
PRD-00765,LEG-100764,AUR-000765,Orion Furniture Product 765,Vela,Home & Living,Furniture,SUP-020,2020-10-13,,20.84,28.17,Active
PRD-00766,LEG-100765,AUR-000766,Solara Home Product 766,Nova,Home & Living,Home Décor,SUP-030,2021-10-20,,37.58,45.84,Active
PRD-00767,LEG-100766,AUR-000767,Nova Fragrance Product 767,Mira,Beauty & Personal Care,Fragrance,SUP-062,2022-01-11,,19.61,31.81,Active
PRD-00768,LEG-100767,AUR-000768,Luma Haircare Product 768,Pulse,Beauty & Personal Care,Haircare,SUP-003,2022-02-28,,18.57,22.9,Active
PRD-00769,LEG-100768,AUR-000769,Luma Furniture Product 769,Luma,Home & Living,Furniture,SUP-018,2021-04-09,,26.53,34.31,Active
PRD-00770,LEG-100769,AUR-000770,Luma Fitness Product 770,Aurelia Select,Sport & Lifestyle,Fitness,SUP-022,2020-12-17,,210.01,353.43,Active
PRD-00771,LEG-100770,AUR-000771,Pulse Smart Product 771,Aurelia Select,Electronics & Accessories,Smart Devices,SUP-037,2022-08-26,,28.77,62.62,Active
PRD-00772,LEG-100771,AUR-000772,Mira Men's Product 772,Mira,Fashion & Accessories,Men's Clothing,SUP-062,2021-05-04,,77.11,113.75,Active
PRD-00773,LEG-100772,AUR-000773,Pulse Home Product 773,Luma,Home & Living,Home Décor,SUP-024,2023-03-03,,64.17,142.25,Active
PRD-00774,LEG-100773,AUR-000774,Luma Sports Product 774,Solara,Sport & Lifestyle,Sports Accessories,SUP-059,2022-06-28,,117.59,147.24,Active
PRD-00775,LEG-100774,AUR-000775,Vela Fitness Product 775,Pulse,Sport & Lifestyle,Fitness,SUP-050,2025-09-24,,34.29,61.3,Active
PRD-00776,LEG-100775,AUR-000776,Aurelia Select Furniture Product 776,Vela,Home & Living,Furniture,SUP-067,2020-12-24,,94.66,145.37,Active
PRD-00777,LEG-100776,AUR-000777,Luma Travel Product 777,Nova,Sport & Lifestyle,Travel,SUP-023,2025-10-06,,148.66,295.03,Active
PRD-00778,LEG-100777,AUR-000778,Nova Skincare Product 778,Nova,Beauty & Personal Care,Skincare,SUP-062,2020-03-23,,164.48,201.26,Active
PRD-00779,LEG-100778,AUR-000779,Pulse Furniture Product 779,Pulse,Home & Living,Furniture,SUP-048,2021-02-10,,43.05,53.96,Active
PRD-00780,LEG-100779,AUR-000780,Vela Bags Product 780,Mira,Fashion & Accessories,Bags,SUP-049,2023-11-16,,31.55,46.07,Active
PRD-00781,LEG-100780,AUR-000781,Pulse Audio Product 781,Luma,Electronics & Accessories,Audio,SUP-033,2025-12-31,,22.64,30.47,Active
PRD-00782,LEG-100781,AUR-000782,Nova Haircare Product 782,Orion,Beauty & Personal Care,Haircare,SUP-070,2023-09-13,,81.5,126.27,Active
PRD-00783,LEG-100782,AUR-000783,Vela Fragrance Product 783,Aurelia Select,Beauty & Personal Care,Fragrance,SUP-001,2024-04-24,,25.75,35.3,Active
PRD-00784,LEG-100783,AUR-000784,Aurelia Select Fitness Product 784,Pulse,Sport & Lifestyle,Fitness,SUP-027,2020-01-27,,21.64,41.73,Active
PRD-00785,LEG-100784,AUR-000785,Solara Computer Product 785,Nova,Electronics & Accessories,Computer Accessories,SUP-020,2020-10-27,,72.06,108.32,Active
PRD-00786,LEG-100785,AUR-000786,Orion Fragrance Product 786,Pulse,Beauty & Personal Care,Fragrance,SUP-047,2022-02-17,,121.34,244.56,Active
PRD-00787,LEG-100786,AUR-000787,Pulse Sports Product 787,Vela,Sport & Lifestyle,Sports Accessories,SUP-053,2023-01-29,,78.11,102.06,Active
PRD-00788,LEG-100787,AUR-000788,Luma Travel Product 788,Solara,Sport & Lifestyle,Travel,SUP-062,2026-01-01,2027-03-23,30.81,40.43,Discontinued
PRD-00789,LEG-100788,AUR-000789,Solara Chargers Product 789,Pulse,Electronics & Accessories,Chargers,SUP-018,2021-08-18,,34.93,66.52,Active
PRD-00790,LEG-100789,AUR-000790,Mira Men's Product 790,Luma,Fashion & Accessories,Men's Clothing,SUP-013,2020-09-28,,23.4,38.94,Active
PRD-00791,LEG-100790,AUR-000791,Solara Bedding Product 791,Aurelia Select,Home & Living,Bedding,SUP-021,2021-09-09,,96.16,134.46,Active
PRD-00792,LEG-100791,AUR-000792,Nova Skincare Product 792,Luma,Beauty & Personal Care,Skincare,SUP-061,2021-04-24,,111.59,172.63,Active
PRD-00793,LEG-100792,AUR-000793,Nova Travel Product 793,Nova,Sport & Lifestyle,Travel,SUP-034,2024-04-10,,121.49,191.96,Active
PRD-00794,LEG-100793,AUR-000794,Nova Kitchen Product 794,Aurelia Select,Home & Living,Kitchen,SUP-050,2021-06-07,,79.9,143.36,Active
PRD-00795,LEG-100794,AUR-000795,Aurelia Select Fragrance Product 795,Luma,Beauty & Personal Care,Fragrance,SUP-064,2024-09-14,2026-10-22,11.42,15.93,Discontinued
PRD-00796,LEG-100795,AUR-000796,Vela Skincare Product 796,Orion,Beauty & Personal Care,Skincare,SUP-025,2023-12-26,2026-08-22,196.7,269.18,Discontinued
PRD-00797,LEG-100796,AUR-000797,Luma Men's Product 797,Aurelia Select,Fashion & Accessories,Men's Clothing,SUP-047,2023-08-10,,63.88,107.51,Active
PRD-00798,LEG-100797,AUR-000798,Luma Furniture Product 798,Nova,Home & Living,Furniture,SUP-036,2026-01-02,,34.01,48.21,Active
PRD-00799,LEG-100798,AUR-000799,Pulse Fragrance Product 799,Pulse,Beauty & Personal Care,Fragrance,SUP-026,2023-08-10,,21.21,36.73,Active
PRD-00800,LEG-100799,AUR-000800,Nova Fitness Product 800,Nova,Sport & Lifestyle,Fitness,SUP-037,2024-01-26,,100.36,128.06,Active
PRD-00801,LEG-100800,AUR-000801,Solara Sports Product 801,Orion,Sport & Lifestyle,Sports Accessories,SUP-029,2025-06-13,2026-10-31,8.02,14.75,Discontinued
PRD-00802,LEG-100801,AUR-000802,Mira Outdoor Product 802,Pulse,Sport & Lifestyle,Outdoor,SUP-001,2025-02-01,2027-04-13,32.28,41.44,Discontinued
PRD-00803,LEG-100802,AUR-000803,Pulse Smart Product 803,Nova,Electronics & Accessories,Smart Devices,SUP-010,2024-12-07,,44.46,90.56,Active
PRD-00804,LEG-100803,AUR-000804,Solara Sports Product 804,Nova,Sport & Lifestyle,Sports Accessories,SUP-066,2025-10-04,,167.34,233.42,Active
PRD-00805,LEG-100804,AUR-000805,Mira Chargers Product 805,Pulse,Electronics & Accessories,Chargers,SUP-062,2024-08-28,,24.08,34.43,Active
PRD-00806,LEG-100805,AUR-000806,Mira Kitchen Product 806,Mira,Home & Living,Kitchen,SUP-004,2023-11-23,,43.39,79.57,Active
PRD-00807,LEG-100806,AUR-000807,Orion Skincare Product 807,Nova,Beauty & Personal Care,Skincare,SUP-049,2023-02-12,,79.19,103.15,Active
PRD-00808,LEG-100807,AUR-000808,Solara Home Product 808,Pulse,Home & Living,Home Décor,SUP-046,2024-03-17,,213.93,358.28,Active
PRD-00809,LEG-100808,AUR-000809,Orion Fitness Product 809,Vela,Sport & Lifestyle,Fitness,SUP-037,2022-06-26,,32.61,44.91,Active
PRD-00810,LEG-100809,AUR-000810,Solara Bags Product 810,Nova,Fashion & Accessories,Bags,SUP-023,2024-09-18,2026-08-05,146.49,262.17,Discontinued
PRD-00811,LEG-100810,AUR-000811,Solara Fragrance Product 811,Vela,Beauty & Personal Care,Fragrance,SUP-035,2025-11-24,,112.13,191.72,Active
PRD-00812,LEG-100811,AUR-000812,Mira Home Product 812,Vela,Home & Living,Home Décor,SUP-031,2022-06-30,,59.35,90.68,Active
PRD-00813,LEG-100812,AUR-000813,Vela Kitchen Product 813,Vela,Home & Living,Kitchen,SUP-026,2022-01-25,,21.3,32.8,Active
PRD-00814,LEG-100813,AUR-000814,Luma Kitchen Product 814,Nova,Home & Living,Kitchen,SUP-016,2024-03-22,2026-07-26,273.08,555.07,Discontinued
PRD-00815,LEG-100814,AUR-000815,Aurelia Select Bags Product 815,Aurelia Select,Fashion & Accessories,Bags,SUP-062,2024-04-05,,65.46,110.47,Active
PRD-00816,LEG-100815,AUR-000816,Mira Chargers Product 816,Orion,Electronics & Accessories,Chargers,SUP-063,2025-07-18,,147.76,193.44,Active
PRD-00817,LEG-100816,AUR-000817,Pulse Kitchen Product 817,Vela,Home & Living,Kitchen,SUP-017,2021-06-01,,143.83,219.08,Active
PRD-00818,LEG-100817,AUR-000818,Mira Bags Product 818,Aurelia Select,Fashion & Accessories,Bags,SUP-065,2020-06-19,,52.39,76.85,Active
PRD-00819,LEG-100818,AUR-000819,Luma Computer Product 819,Mira,Electronics & Accessories,Computer Accessories,SUP-016,2022-12-06,,23.41,42.61,Active
PRD-00820,LEG-100819,AUR-000820,Solara Travel Product 820,Aurelia Select,Sport & Lifestyle,Travel,SUP-002,2020-06-14,,43.21,93.27,Active
PRD-00821,LEG-100820,AUR-000821,Nova Bedding Product 821,Solara,Home & Living,Bedding,SUP-047,2025-05-11,,18.48,38.14,Active
PRD-00822,LEG-100821,AUR-000822,Luma Sports Product 822,Orion,Sport & Lifestyle,Sports Accessories,SUP-031,2025-01-29,,13.71,23.06,Active
PRD-00823,LEG-100822,AUR-000823,Solara Computer Product 823,Solara,Electronics & Accessories,Computer Accessories,SUP-024,2021-10-03,,284.82,494.42,Active
PRD-00824,LEG-100823,AUR-000824,Vela Cosmetics Product 824,Pulse,Beauty & Personal Care,Cosmetics,SUP-048,2026-02-09,,59.33,84.39,Active
PRD-00825,LEG-100824,AUR-000825,Orion Computer Product 825,Mira,Electronics & Accessories,Computer Accessories,SUP-024,2021-05-07,,114.44,238.44,Active
PRD-00826,LEG-100825,AUR-000826,Vela Outdoor Product 826,Nova,Sport & Lifestyle,Outdoor,SUP-035,2022-07-25,,37.64,74.47,Active
PRD-00827,LEG-100826,AUR-000827,Pulse Bedding Product 827,Vela,Home & Living,Bedding,SUP-019,2026-05-03,,72.34,91.67,Active
PRD-00828,LEG-100827,AUR-000828,Aurelia Select Bedding Product 828,Luma,Home & Living,Bedding,SUP-054,2021-06-15,,55.11,117.92,Active
PRD-00829,LEG-100828,AUR-000829,Solara Haircare Product 829,Mira,Beauty & Personal Care,Haircare,SUP-039,2021-04-14,,66.09,113.4,Active
PRD-00830,LEG-100829,AUR-000830,Pulse Audio Product 830,Nova,Electronics & Accessories,Audio,SUP-021,2022-11-19,,23.09,39.75,Active
PRD-00831,LEG-100830,AUR-000831,Orion Men's Product 831,Mira,Fashion & Accessories,Men's Clothing,SUP-013,2021-03-24,,60.18,82.94,Active
PRD-00832,LEG-100831,AUR-000832,Orion Fragrance Product 832,Solara,Beauty & Personal Care,Fragrance,SUP-047,2023-02-14,,51.91,79.5,Active
PRD-00833,LEG-100832,AUR-000833,Solara Sports Product 833,Aurelia Select,Sport & Lifestyle,Sports Accessories,SUP-053,2024-02-26,,38.68,53.74,Active
PRD-00834,LEG-100833,AUR-000834,Vela Footwear Product 834,Luma,Fashion & Accessories,Footwear,SUP-037,2025-04-09,,76.69,110.02,Active
PRD-00835,LEG-100834,AUR-000835,Mira Chargers Product 835,Mira,Electronics & Accessories,Chargers,SUP-011,2022-03-06,,109.63,146.45,Active
PRD-00836,LEG-100835,AUR-000836,Mira Fragrance Product 836,Luma,Beauty & Personal Care,Fragrance,SUP-022,2024-10-25,,51.78,91.62,Active
PRD-00837,LEG-100836,AUR-000837,Pulse Computer Product 837,Nova,Electronics & Accessories,Computer Accessories,SUP-011,2026-03-15,2027-04-23,39.17,49.98,Discontinued
PRD-00838,LEG-100837,AUR-000838,Vela Kitchen Product 838,Solara,Home & Living,Kitchen,SUP-041,2024-09-27,2025-05-23,62.77,123.55,Discontinued
PRD-00839,LEG-100838,AUR-000839,Pulse Chargers Product 839,Orion,Electronics & Accessories,Chargers,SUP-057,2025-02-07,,54.76,77.37,Active
PRD-00840,LEG-100839,AUR-000840,Pulse Computer Product 840,Luma,Electronics & Accessories,Computer Accessories,SUP-024,2021-10-12,,233.62,293.33,Active
PRD-00841,LEG-100840,AUR-000841,Vela Men's Product 841,Orion,Fashion & Accessories,Men's Clothing,SUP-011,2025-06-07,,18.18,32.66,Active
PRD-00842,LEG-100841,AUR-000842,Pulse Home Product 842,Nova,Home & Living,Home Décor,SUP-013,2021-01-31,,29.96,36.55,Active
PRD-00843,LEG-100842,AUR-000843,Aurelia Select Bags Product 843,Aurelia Select,Fashion & Accessories,Bags,SUP-051,2023-12-07,,113.71,151.38,Active
PRD-00844,LEG-100843,AUR-000844,Nova Fitness Product 844,Orion,Sport & Lifestyle,Fitness,SUP-020,2025-02-21,,64.11,80.25,Active
PRD-00845,LEG-100844,AUR-000845,Orion Bags Product 845,Vela,Fashion & Accessories,Bags,SUP-032,2026-01-07,,24.21,52.27,Active
PRD-00846,LEG-100845,AUR-000846,Luma Computer Product 846,Luma,Electronics & Accessories,Computer Accessories,SUP-068,2020-06-04,2022-06-20,107.62,180.05,Discontinued
PRD-00847,LEG-100846,AUR-000847,Aurelia Select Furniture Product 847,Solara,Home & Living,Furniture,SUP-042,2025-04-09,,31.54,39.83,Active
PRD-00848,LEG-100847,AUR-000848,Orion Cosmetics Product 848,Mira,Beauty & Personal Care,Cosmetics,SUP-018,2023-12-20,,34.48,61.91,Active
PRD-00849,LEG-100848,AUR-000849,Mira Outdoor Product 849,Pulse,Sport & Lifestyle,Outdoor,SUP-068,2020-11-03,,26.81,33.3,Active
PRD-00850,LEG-100849,AUR-000850,Solara Sports Product 850,Mira,Sport & Lifestyle,Sports Accessories,SUP-070,2025-09-11,,51.96,82.18,Active
PRD-00851,LEG-100850,AUR-000851,Mira Furniture Product 851,Orion,Home & Living,Furniture,SUP-047,2025-06-05,2026-04-23,59.87,93.83,Discontinued
PRD-00852,LEG-100851,AUR-000852,Luma Fragrance Product 852,Orion,Beauty & Personal Care,Fragrance,SUP-002,2020-12-16,,127.85,232.03,Active
PRD-00853,LEG-100852,AUR-000853,Solara Men's Product 853,Orion,Fashion & Accessories,Men's Clothing,SUP-061,2025-09-04,2026-09-19,92.22,123.31,Discontinued
PRD-00854,LEG-100853,AUR-000854,Mira Fitness Product 854,Mira,Sport & Lifestyle,Fitness,SUP-039,2023-08-21,,22.78,39.26,Active
PRD-00855,LEG-100854,AUR-000855,Orion Bags Product 855,Vela,Fashion & Accessories,Bags,SUP-001,2023-09-18,,88.35,112.53,Active
PRD-00856,LEG-100855,AUR-000856,Vela Sports Product 856,Pulse,Sport & Lifestyle,Sports Accessories,SUP-056,2021-01-05,,52.99,110.72,Active
PRD-00857,LEG-100856,AUR-000857,Luma Haircare Product 857,Pulse,Beauty & Personal Care,Haircare,SUP-049,2025-07-28,2026-12-31,70.72,148.41,Discontinued
PRD-00858,LEG-100857,AUR-000858,Nova Kitchen Product 858,Pulse,Home & Living,Kitchen,SUP-031,2026-06-12,,35.29,45.27,Active
PRD-00859,LEG-100858,AUR-000859,Orion Sports Product 859,Orion,Sport & Lifestyle,Sports Accessories,SUP-053,2020-08-16,,115.12,218.25,Active
PRD-00860,LEG-100859,AUR-000860,Luma Furniture Product 860,Luma,Home & Living,Furniture,SUP-038,2021-09-01,2022-12-15,47.82,88.03,Discontinued
PRD-00861,LEG-100860,AUR-000861,Mira Bags Product 861,Orion,Fashion & Accessories,Bags,SUP-063,2025-06-28,,65.28,93.56,Active
PRD-00862,LEG-100861,AUR-000862,Aurelia Select Kitchen Product 862,Luma,Home & Living,Kitchen,SUP-007,2021-10-20,,50.41,89.6,Active
PRD-00863,LEG-100862,AUR-000863,Luma Fitness Product 863,Nova,Sport & Lifestyle,Fitness,SUP-037,2023-01-23,,65.98,115.87,Active
PRD-00864,LEG-100863,AUR-000864,Mira Smart Product 864,Aurelia Select,Electronics & Accessories,Smart Devices,SUP-030,2021-04-12,2022-01-25,35.67,54.25,Discontinued
PRD-00865,LEG-100864,AUR-000865,Aurelia Select Men's Product 865,Mira,Fashion & Accessories,Men's Clothing,SUP-028,2023-05-28,,19.69,25.93,Active
PRD-00866,LEG-100865,AUR-000866,Orion Computer Product 866,Mira,Electronics & Accessories,Computer Accessories,SUP-048,2021-08-05,,80.05,112.02,Active
PRD-00867,LEG-100866,AUR-000867,Solara Skincare Product 867,Nova,Beauty & Personal Care,Skincare,SUP-019,2022-05-02,,69.29,113.27,Active
PRD-00868,LEG-100867,AUR-000868,Pulse Footwear Product 868,Nova,Fashion & Accessories,Footwear,SUP-070,2025-10-17,,28.72,36.94,Active
PRD-00869,LEG-100868,AUR-000869,Vela Haircare Product 869,Orion,Beauty & Personal Care,Haircare,SUP-049,2023-08-27,,108.17,218.69,Active
PRD-00870,LEG-100869,AUR-000870,Vela Women's Product 870,Pulse,Fashion & Accessories,Women's Clothing,SUP-057,2022-09-19,,15.91,25.86,Active
PRD-00871,LEG-100870,AUR-000871,Vela Furniture Product 871,Mira,Home & Living,Furniture,SUP-013,2021-10-12,2024-02-03,71.24,136.33,Discontinued
PRD-00872,LEG-100871,AUR-000872,Mira Outdoor Product 872,Pulse,Sport & Lifestyle,Outdoor,SUP-040,2022-01-10,2022-11-15,81.08,100.83,Discontinued
PRD-00873,LEG-100872,AUR-000873,Aurelia Select Smart Product 873,Nova,Electronics & Accessories,Smart Devices,SUP-033,2024-07-28,,32.91,51.14,Active
PRD-00874,LEG-100873,AUR-000874,Vela Fragrance Product 874,Solara,Beauty & Personal Care,Fragrance,SUP-007,2026-06-06,,20.18,26.9,Active
PRD-00875,LEG-100874,AUR-000875,Vela Furniture Product 875,Pulse,Home & Living,Furniture,SUP-042,2025-01-06,,50.35,108.29,Active
PRD-00876,LEG-100875,AUR-000876,Orion Men's Product 876,Nova,Fashion & Accessories,Men's Clothing,SUP-051,2023-09-26,,47.25,84.78,Active
PRD-00877,LEG-100876,AUR-000877,Aurelia Select Furniture Product 877,Mira,Home & Living,Furniture,SUP-020,2024-08-16,,123.28,197.99,Active
PRD-00878,LEG-100877,AUR-000878,Vela Audio Product 878,Luma,Electronics & Accessories,Audio,SUP-064,2023-02-12,,73.72,128.41,Active
PRD-00879,LEG-100878,AUR-000879,Aurelia Select Footwear Product 879,Aurelia Select,Fashion & Accessories,Footwear,SUP-046,2020-03-21,,111.57,148.87,Active
PRD-00880,LEG-100879,AUR-000880,Luma Furniture Product 880,Mira,Home & Living,Furniture,SUP-030,2020-04-01,,52.3,78.74,Active
PRD-00881,LEG-100880,AUR-000881,Mira Chargers Product 881,Vela,Electronics & Accessories,Chargers,SUP-003,2020-08-04,,75.67,136.74,Active
PRD-00882,LEG-100881,AUR-000882,Luma Fragrance Product 882,Orion,Beauty & Personal Care,Fragrance,SUP-006,2020-01-25,,260.83,407.66,Active
PRD-00883,LEG-100882,AUR-000883,Orion Cosmetics Product 883,Mira,Beauty & Personal Care,Cosmetics,SUP-025,2026-05-08,2027-02-23,17.06,26.55,Discontinued
PRD-00884,LEG-100883,AUR-000884,Solara Outdoor Product 884,Solara,Sport & Lifestyle,Outdoor,SUP-060,2026-03-12,,28.78,39.68,Active
PRD-00885,LEG-100884,AUR-000885,Nova Smart Product 885,Luma,Electronics & Accessories,Smart Devices,SUP-058,2026-01-22,2026-09-09,22.01,27.42,Discontinued
PRD-00886,LEG-100885,AUR-000886,Solara Chargers Product 886,Mira,Electronics & Accessories,Chargers,SUP-001,2020-10-05,,157.1,197.98,Active
PRD-00887,LEG-100886,AUR-000887,Luma Travel Product 887,Aurelia Select,Sport & Lifestyle,Travel,SUP-047,2026-02-18,,80.0,135.17,Active
PRD-00888,LEG-100887,AUR-000888,Solara Outdoor Product 888,Nova,Sport & Lifestyle,Outdoor,SUP-069,2025-09-14,2026-06-04,103.17,188.57,Discontinued
PRD-00889,LEG-100888,AUR-000889,Mira Haircare Product 889,Luma,Beauty & Personal Care,Haircare,SUP-037,2026-05-23,,65.48,80.3,Active
PRD-00890,LEG-100889,AUR-000890,Solara Computer Product 890,Nova,Electronics & Accessories,Computer Accessories,SUP-013,2022-11-07,,30.25,50.71,Active
PRD-00891,LEG-100890,AUR-000891,Aurelia Select Fitness Product 891,Luma,Sport & Lifestyle,Fitness,SUP-023,2025-10-30,,62.18,122.9,Active
PRD-00892,LEG-100891,AUR-000892,Nova Men's Product 892,Mira,Fashion & Accessories,Men's Clothing,SUP-025,2023-04-30,2023-12-31,107.37,149.49,Discontinued
PRD-00893,LEG-100892,AUR-000893,Pulse Women's Product 893,Mira,Fashion & Accessories,Women's Clothing,SUP-068,2021-08-05,,172.61,250.15,Active
PRD-00894,LEG-100893,AUR-000894,Aurelia Select Sports Product 894,Solara,Sport & Lifestyle,Sports Accessories,SUP-029,2025-12-06,,58.86,82.69,Active
PRD-00895,LEG-100894,AUR-000895,Aurelia Select Fitness Product 895,Vela,Sport & Lifestyle,Fitness,SUP-063,2023-06-03,2025-06-24,38.73,50.85,Discontinued
PRD-00896,LEG-100895,AUR-000896,Aurelia Select Bags Product 896,Solara,Fashion & Accessories,Bags,SUP-054,2023-04-22,,43.85,83.43,Active
PRD-00897,LEG-100896,AUR-000897,Orion Audio Product 897,Aurelia Select,Electronics & Accessories,Audio,SUP-010,2025-11-06,2026-05-31,43.45,64.4,Discontinued
PRD-00898,LEG-100897,AUR-000898,Vela Audio Product 898,Nova,Electronics & Accessories,Audio,SUP-013,2021-04-25,,24.72,35.4,Active
PRD-00899,LEG-100898,AUR-000899,Vela Bedding Product 899,Vela,Home & Living,Bedding,SUP-068,2023-04-04,,41.27,64.27,Active
PRD-00900,LEG-100899,AUR-000900,Pulse Home Product 900,Nova,Home & Living,Home Décor,SUP-046,2021-03-04,,36.97,52.63,Active
