return_id,order_item_id,customer_id,return_request_date,return_received_date,return_reason,return_condition,refund_amount,refund_status,return_channel
RET-00000001,ITM-000000018,CUS-006161,2022-06-06,2022-06-19,Size/Fit,Resellable,61.65,Processed,Store
RET-00000002,ITM-000000042,CUS-008027,2024-09-03,2024-09-13,Changed Mind,Damaged,171.42,Approved,Courier
RET-00000003,ITM-000000051,CUS-004390,2020-11-15,2020-11-25,Changed Mind,Opened,99.35,Pending,Store
RET-00000004,ITM-000000081,CUS-006336,2020-07-07,2020-07-12,,Opened,322.62,Approved,Courier
RET-00000005,ITM-000000104,CUS-000691,2022-06-22,2022-06-22,Defective Product,Damaged,115.69,Approved,Courier
RET-00000006,ITM-000000105,CUS-011450,2022-02-24,2022-03-03,Changed Mind,Opened,29.52,Pending,Store
RET-00000007,ITM-000000123,CUS-003689,2026-09-04,2026-09-05,Damaged Delivery,Resellable,167.09,Approved,Store
RET-00000008,ITM-000000127,CUS-008812,2024-10-05,2024-10-16,Changed Mind,Defective,55.34,Pending,Courier
RET-00000009,ITM-000000138,CUS-010318,2025-07-01,2025-07-06,Not as Described,Opened,96.35,Pending,Courier
RET-00000010,ITM-000000139,CUS-010318,2025-08-07,2025-08-18,Size/Fit,Defective,21.92,Approved,Store
RET-00000011,ITM-000000157,,2021-11-07,2021-11-20,Wrong Item,Defective,40.83,Processed,Store
RET-00000012,ITM-000000163,CUS-001064,2025-10-02,2025-10-12,Defective Product,Damaged,87.73,Processed,Store
RET-00000013,ITM-000000185,CUS-005987,2020-12-20,2020-12-30,Defective Product,Opened,31.84,Pending,Courier
RET-00000014,ITM-000000187,CUS-007063,2024-06-19,2024-06-23,Changed Mind,Defective,87.63,Pending,Store
RET-00000015,ITM-000000205,CUS-001684,2026-03-08,2026-03-21,Not as Described,Defective,55.2,Pending,Courier
RET-00000016,ITM-000000213,CUS-008423,2021-09-23,2021-09-29,Defective Product,Defective,41.08,Processed,Courier
RET-00000017,ITM-000000222,CUS-002603,2023-08-12,2023-08-12,Changed Mind,Defective,107.43,Processed,Store
RET-00000018,ITM-000000250,CUS-010350,2022-05-17,2022-05-17,Size/Fit,Defective,76.85,Processed,Courier
RET-00000019,ITM-000000252,CUS-006402,2021-06-29,2021-06-30,Size/Fit,Opened,19.34,Pending,Courier
RET-00000020,ITM-000000255,CUS-000131,2022-04-03,2022-04-16,Changed Mind,Opened,370.69,Processed,Store
RET-00000021,ITM-000000258,CUS-004256,2023-09-22,2023-09-25,Changed Mind,Resellable,23.53,Pending,Courier
RET-00000022,ITM-000000268,CUS-000117,2026-08-18,2026-08-20,Not as Described,Resellable,36.73,Processed,Courier
RET-00000023,ITM-000000278,,2022-04-20,2022-04-29,Changed Mind,Defective,48.61,Approved,Store
RET-00000024,ITM-000000279,CUS-006172,2022-01-04,2022-01-09,Defective Product,Resellable,41.26,Processed,Store
RET-00000025,ITM-000000280,CUS-010538,2025-04-05,2025-04-18,Changed Mind,Resellable,8.64,Pending,Store
RET-00000026,ITM-000000281,CUS-010538,2025-04-05,2025-04-13,Defective Product,Opened,72.05,Processed,Courier
RET-00000027,ITM-000000303,CUS-008635,2021-10-30,2021-11-02,Size/Fit,Opened,37.97,Pending,Courier
RET-00000028,ITM-000000308,CUS-007393,2023-12-16,2023-12-24,Size/Fit,Damaged,363.64,Pending,Courier
RET-00000029,ITM-000000344,CUS-005687,2025-01-04,2025-01-05,Changed Mind,Damaged,48.51,Approved,Courier
RET-00000030,ITM-000000352,CUS-010885,2024-12-20,2024-12-28,Changed Mind,Damaged,74.47,Approved,Store
RET-00000031,ITM-000000412,CUS-003473,2022-09-03,2022-09-08,Changed Mind,Resellable,48.61,Processed,Courier
RET-00000032,ITM-000000417,CUS-008122,2020-04-14,2020-04-21,Changed Mind,Resellable,38.36,Approved,Store
RET-00000033,ITM-000000423,CUS-009993,2023-10-19,2023-10-27,Changed Mind,Opened,89.39,Approved,Store
RET-00000034,ITM-000000455,CUS-006685,2023-08-05,2023-08-10,Changed Mind,Defective,11.12,Approved,Courier
RET-00000035,ITM-000000460,CUS-000933,2024-05-05,2024-05-12,Defective Product,Resellable,118.73,Pending,Store
RET-00000036,ITM-000000472,CUS-009819,2020-04-12,2020-04-15,,Defective,44.73,Processed,Courier
RET-00000037,ITM-000000478,CUS-011749,2022-06-26,2022-06-27,Changed Mind,Defective,126.95,Processed,Store
RET-00000038,ITM-000000484,CUS-007396,2023-01-08,2023-01-08,Defective Product,Opened,43.95,Pending,Courier
RET-00000039,ITM-000000508,CUS-009364,2024-07-25,2024-08-05,Defective Product,Defective,87.62,Approved,Courier
RET-00000040,ITM-000000535,CUS-001443,2020-03-23,2020-03-25,Not as Described,Damaged,65.53,Processed,Store
RET-00000041,ITM-000000547,CUS-003082,2024-12-21,2024-12-21,Changed Mind,Defective,223.06,Processed,Courier
RET-00000042,ITM-000000576,CUS-004903,2025-08-12,2025-08-13,Damaged Delivery,Resellable,340.53,Approved,Courier
RET-00000043,ITM-000000598,CUS-009874,2021-05-31,2021-06-01,Changed Mind,Damaged,38.42,Processed,Courier
RET-00000044,ITM-000000600,CUS-009874,2021-06-02,2021-06-03,Changed Mind,Defective,54.3,Approved,Store
RET-00000045,ITM-000000601,CUS-009874,2021-05-05,2021-05-07,Wrong Item,Opened,29.39,Processed,Courier
RET-00000046,ITM-000000612,CUS-003765,2025-03-05,2025-03-13,Damaged Delivery,Damaged,15.9,Pending,Courier
RET-00000047,ITM-000000625,CUS-008737,2024-06-24,2024-06-27,Changed Mind,Damaged,82.67,Processed,Store
RET-00000048,ITM-000000648,,2025-01-08,2025-01-16,Size/Fit,Defective,27.4,Approved,Store
RET-00000049,ITM-000000651,CUS-004808,2026-01-14,2026-01-15,Changed Mind,Opened,113.2,Pending,Courier
RET-00000050,ITM-000000656,CUS-011952,2025-07-15,2025-07-23,Changed Mind,Damaged,39.72,Approved,Store
RET-00000051,ITM-000000659,CUS-011263,2025-12-10,2025-12-10,Size/Fit,Resellable,30.59,Approved,Store
RET-00000052,ITM-000000665,CUS-004127,2023-10-30,2023-11-05,Size/Fit,Resellable,127.12,Approved,Store
RET-00000053,ITM-000000674,CUS-006680,2021-06-26,2021-07-06,Changed Mind,Damaged,45.96,Approved,Store
RET-00000054,ITM-000000680,CUS-011041,2020-06-02,2020-06-13,Changed Mind,Resellable,74.7,Approved,Store
RET-00000055,ITM-000000699,CUS-008075,2021-07-03,2021-07-12,,Resellable,18.98,Approved,Store
RET-00000056,ITM-000000702,CUS-000592,2025-03-26,2025-03-31,Not as Described,Resellable,21.79,Approved,Courier
RET-00000057,ITM-000000716,CUS-006415,2021-02-22,2021-02-27,,Damaged,46.04,Pending,Store
RET-00000058,ITM-000000722,CUS-001221,2022-06-09,2022-06-11,Changed Mind,Resellable,22.77,Processed,Store
RET-00000059,ITM-000000730,CUS-001409,2022-07-01,2022-07-07,Changed Mind,Damaged,39.78,Approved,Courier
RET-00000060,ITM-000000733,CUS-003606,2022-07-20,2022-07-21,Wrong Item,Opened,99.35,Approved,Courier
RET-00000061,ITM-000000766,CUS-008106,2024-03-03,2024-03-10,Size/Fit,Resellable,39.7,Pending,Store
RET-00000062,ITM-000000767,CUS-002089,2026-06-26,2026-07-05,Not as Described,Damaged,220.31,Pending,Store
RET-00000063,ITM-000000772,CUS-003585,2022-02-24,2022-03-08,Changed Mind,Resellable,14.09,Approved,Store
RET-00000064,ITM-000000782,CUS-001495,2021-12-27,2021-12-31,Not as Described,Damaged,125.59,Pending,Courier
RET-00000065,ITM-000000783,CUS-001665,2026-05-30,2026-06-01,Defective Product,Defective,15.62,Approved,Store
RET-00000066,ITM-000000795,CUS-010073,2023-04-30,2023-05-13,Defective Product,Damaged,37.23,Pending,Courier
RET-00000067,ITM-000000801,CUS-007777,2023-04-14,2023-04-15,Changed Mind,Defective,175.17,Processed,Courier
RET-00000068,ITM-000000804,CUS-004299,2024-07-31,2024-08-11,Not as Described,Defective,282.85,Approved,Store
RET-00000069,ITM-000000807,CUS-005897,2024-07-18,2024-07-20,Not as Described,Damaged,54.8,Processed,Courier
RET-00000070,ITM-000000810,CUS-002148,2025-05-28,2025-06-04,Defective Product,Defective,109.6,Approved,Courier
RET-00000071,ITM-000000811,CUS-002148,2025-07-05,2025-07-18,Changed Mind,Resellable,124.78,Pending,Store
RET-00000072,ITM-000000823,CUS-007298,2025-07-15,2025-07-23,Defective Product,Resellable,39.98,Pending,Courier
RET-00000073,ITM-000000831,CUS-004681,2023-05-12,2023-05-21,Defective Product,Defective,52.83,Processed,Store
RET-00000074,ITM-000000842,CUS-007779,2020-07-08,2020-07-09,Changed Mind,Defective,64.27,Processed,Store
RET-00000075,ITM-000000848,CUS-008830,2025-09-15,2025-09-27,Damaged Delivery,Defective,77.57,Pending,Courier
RET-00000076,ITM-000000852,CUS-000295,2025-06-15,2025-06-22,Not as Described,Defective,38.42,Processed,Courier
RET-00000077,ITM-000000862,CUS-000849,2021-10-24,2021-10-25,,Defective,44.81,Approved,Store
RET-00000078,ITM-000000880,CUS-001917,2021-11-21,2021-11-29,Changed Mind,Resellable,227.5,Approved,Store
RET-00000079,ITM-000000901,CUS-007159,2025-06-09,2025-06-09,Size/Fit,Resellable,127.12,Approved,Courier
RET-00000080,ITM-000000908,CUS-003719,2020-08-16,2020-08-20,,Opened,170.66,Approved,Courier
RET-00000081,ITM-000000915,CUS-003828,2021-05-15,2021-05-23,,Defective,108.32,Approved,Courier
RET-00000082,ITM-000000947,CUS-009571,2025-06-04,2025-06-08,Damaged Delivery,Defective,26.04,Processed,Store
RET-00000083,ITM-000000989,CUS-007094,2025-06-13,2025-06-13,Not as Described,Resellable,36.37,Pending,Courier
RET-00000084,ITM-000001007,CUS-007168,2022-05-16,2022-05-23,Changed Mind,Resellable,242.98,Pending,Courier
RET-00000085,ITM-000001012,CUS-001010,2021-10-28,2021-11-09,Other,Defective,76.14,Approved,Courier
RET-00000086,ITM-000001022,CUS-001372,2020-04-21,2020-04-30,Changed Mind,Opened,42.39,Processed,Store
RET-00000087,ITM-000001035,CUS-000369,2022-11-02,2022-11-03,Not as Described,Damaged,51.14,Processed,Store
RET-00000088,ITM-000001054,CUS-011830,2022-03-16,2022-03-28,Defective Product,Opened,10.58,Approved,Store
RET-00000089,ITM-000001059,CUS-004002,2025-05-02,2025-05-02,Defective Product,Opened,371.3,Processed,Courier
RET-00000090,ITM-000001069,CUS-002047,2020-07-15,2020-07-25,Not as Described,Defective,76.85,Processed,Courier
RET-00000091,ITM-000001086,CUS-001961,2024-10-25,2024-10-28,Size/Fit,Defective,11.29,Processed,Courier
RET-00000092,ITM-000001108,,2022-11-06,2022-11-16,Size/Fit,Defective,75.36,Approved,Store
RET-00000093,ITM-000001115,CUS-002620,2025-01-02,2025-01-03,,Defective,181.47,Pending,Store
RET-00000094,ITM-000001116,CUS-002620,2025-01-21,2025-01-26,Changed Mind,Opened,191.66,Approved,Store
RET-00000095,ITM-000001126,CUS-006129,2025-10-26,2025-10-28,Damaged Delivery,Damaged,479.9,Approved,Courier
RET-00000096,ITM-000001148,CUS-006394,2023-01-18,2023-01-25,Not as Described,Resellable,90.38,Approved,Store
RET-00000097,ITM-000001150,CUS-008682,2026-02-26,2026-03-03,Changed Mind,Opened,155.14,Processed,Store
RET-00000098,ITM-000001173,,2021-10-13,2021-10-23,Not as Described,Resellable,64.55,Processed,Courier
RET-00000099,ITM-000001178,CUS-001723,2022-04-12,2022-04-16,Damaged Delivery,Defective,21.61,Approved,Courier
RET-00000100,ITM-000001183,CUS-011163,2022-04-12,2022-04-25,Not as Described,Resellable,170.81,Processed,Store
RET-00000101,ITM-000001184,CUS-011048,2024-02-14,2024-02-20,Damaged Delivery,Damaged,62.99,Approved,Courier
RET-00000102,ITM-000001203,CUS-003084,2020-08-05,2020-08-07,Changed Mind,Damaged,144.03,Processed,Store
RET-00000103,ITM-000001214,CUS-004161,2024-06-10,2024-06-18,Wrong Item,Resellable,181.28,Pending,Store
RET-00000104,ITM-000001217,CUS-005120,2024-01-22,2024-01-29,Not as Described,Defective,574.92,Processed,Store
RET-00000105,ITM-000001232,CUS-008039,2023-11-14,2023-11-20,Wrong Item,Defective,98.08,Approved,Store
RET-00000106,ITM-000001289,CUS-006807,2024-10-18,2024-10-28,Size/Fit,Resellable,124.78,Approved,Courier
RET-00000107,ITM-000001292,CUS-010889,2020-08-23,2020-08-26,,Damaged,61.35,Approved,Courier
RET-00000108,ITM-000001295,CUS-000597,2020-08-04,2020-08-10,Damaged Delivery,Opened,28.64,Processed,Courier
RET-00000109,ITM-000001303,CUS-011665,2023-04-21,2023-05-03,Size/Fit,Damaged,56.84,Processed,Courier
RET-00000110,ITM-000001336,CUS-011889,2021-01-09,2021-01-14,Changed Mind,Resellable,36.62,Processed,Courier
RET-00000111,ITM-000001343,CUS-003265,2020-11-11,2020-11-24,,Damaged,21.53,Pending,Courier
RET-00000112,ITM-000001360,CUS-005609,2025-03-31,2025-04-11,Changed Mind,Defective,54.16,Processed,Courier
RET-00000113,ITM-000001379,CUS-006917,2020-08-09,2020-08-11,Defective Product,Opened,22.3,Pending,Store
RET-00000114,ITM-000001402,CUS-000342,2022-03-24,2022-03-29,Changed Mind,Defective,36.62,Processed,Courier
RET-00000115,ITM-000001411,CUS-002622,2021-06-07,2021-06-09,Size/Fit,Opened,121.4,Processed,Store
RET-00000116,ITM-000001447,CUS-009825,2022-08-06,2022-08-10,Changed Mind,Opened,58.02,Pending,Courier
RET-00000117,ITM-000001457,CUS-010921,2020-01-30,2020-02-02,Changed Mind,Defective,90.92,Approved,Store
RET-00000118,ITM-000001460,CUS-008957,2020-08-21,2020-09-02,Not as Described,Damaged,131.09,Processed,Courier
RET-00000119,ITM-000001479,CUS-004523,2024-03-04,2024-03-15,Changed Mind,Opened,119.49,Approved,Store
RET-00000120,ITM-000001487,CUS-005167,2023-08-28,2023-09-02,Size/Fit,Defective,533.76,Pending,Store
RET-00000121,ITM-000001504,CUS-001841,2025-05-09,2025-05-16,Damaged Delivery,Resellable,286.72,Approved,Courier
RET-00000122,ITM-000001511,CUS-008823,2020-11-20,2020-12-02,Changed Mind,Defective,28.66,Pending,Store
RET-00000123,ITM-000001514,CUS-000595,2022-09-17,2022-09-23,Defective Product,Defective,24.02,Pending,Courier
RET-00000124,ITM-000001520,CUS-001695,2020-12-13,2020-12-13,Defective Product,Resellable,38.14,Pending,Courier
RET-00000125,ITM-000001534,CUS-008037,2020-05-12,2020-05-21,Not as Described,Opened,108.26,Approved,Store
RET-00000126,ITM-000001536,CUS-002851,2020-04-19,2020-04-29,Not as Described,Resellable,34.8,Approved,Store
RET-00000127,ITM-000001539,,2022-01-09,2022-01-21,Changed Mind,Opened,76.06,Approved,Courier
RET-00000128,ITM-000001559,CUS-011149,2020-10-31,2020-11-04,Not as Described,Damaged,110.47,Processed,Courier
RET-00000129,ITM-000001595,CUS-009326,2023-07-15,2023-07-19,Size/Fit,Opened,231.28,Approved,Courier
RET-00000130,ITM-000001603,CUS-003689,2024-11-19,2024-11-30,Changed Mind,Damaged,189.88,Approved,Courier
RET-00000131,ITM-000001622,CUS-010016,2020-11-16,2020-11-20,,Damaged,42.68,Processed,Courier
RET-00000132,ITM-000001649,CUS-002356,2026-06-02,2026-06-12,Defective Product,Defective,37.62,Approved,Store
RET-00000133,ITM-000001671,CUS-000503,2025-09-05,2025-09-06,Defective Product,Resellable,29.55,Pending,Store
RET-00000134,ITM-000001675,CUS-007728,2023-07-22,2023-07-29,Changed Mind,Resellable,29.66,Approved,Store
RET-00000135,ITM-000001685,CUS-003320,2023-11-08,2023-11-12,Defective Product,Opened,66.0,Approved,Courier
RET-00000136,ITM-000001690,CUS-002028,2023-03-09,2023-03-09,Size/Fit,Defective,95.2,Pending,Courier
RET-00000137,ITM-000001693,CUS-008211,2023-12-18,2023-12-18,Damaged Delivery,Resellable,23.53,Approved,Courier
RET-00000138,ITM-000001699,CUS-007072,2020-05-18,2020-05-29,,Damaged,42.22,Processed,Store
RET-00000139,ITM-000001700,CUS-007072,2020-05-14,2020-05-23,Changed Mind,Damaged,76.53,Approved,Courier
RET-00000140,ITM-000001717,CUS-010945,2021-03-18,2021-03-18,,Opened,33.25,Processed,Store
RET-00000141,ITM-000001740,CUS-009079,2025-12-02,2025-12-02,Size/Fit,Resellable,61.84,Processed,Courier
RET-00000142,ITM-000001741,CUS-001309,2024-07-29,2024-08-03,Changed Mind,Opened,212.87,Processed,Courier
RET-00000143,ITM-000001752,CUS-002536,2022-05-18,2022-05-30,Other,Resellable,50.56,Approved,Store
RET-00000144,ITM-000001759,CUS-001588,2026-06-27,2026-07-10,Defective Product,Defective,49.67,Approved,Courier
RET-00000145,ITM-000001786,CUS-009999,2023-08-03,2023-08-14,Not as Described,Opened,85.64,Pending,Courier
RET-00000146,ITM-000001789,CUS-008618,2024-04-17,2024-04-27,Damaged Delivery,Defective,16.36,Pending,Store
RET-00000147,ITM-000001790,CUS-008618,2024-03-31,2024-04-10,Changed Mind,Resellable,29.2,Approved,Store
RET-00000148,ITM-000001811,CUS-003039,2023-07-07,2023-07-13,Defective Product,Opened,18.07,Approved,Courier
RET-00000149,ITM-000001824,CUS-011859,2020-10-06,2020-10-14,Changed Mind,Opened,98.99,Processed,Courier
RET-00000150,ITM-000001840,CUS-002931,2022-03-18,2022-03-26,Defective Product,Resellable,119.15,Processed,Store
RET-00000151,ITM-000001847,CUS-006386,2024-12-12,2024-12-15,Changed Mind,Defective,179.85,Processed,Courier
RET-00000152,ITM-000001858,CUS-004268,2024-10-24,2024-11-03,Defective Product,Resellable,82.06,Approved,Courier
RET-00000153,ITM-000001875,CUS-005089,2022-01-26,2022-02-06,Damaged Delivery,Defective,114.48,Approved,Courier
RET-00000154,ITM-000001900,CUS-009214,2020-04-12,2020-04-21,,Defective,225.06,Pending,Courier
RET-00000155,ITM-000001907,CUS-007624,2021-06-05,2021-06-17,Changed Mind,Damaged,879.99,Pending,Store
RET-00000156,ITM-000001964,CUS-003598,2025-01-01,2025-01-13,Size/Fit,Opened,40.62,Approved,Courier
RET-00000157,ITM-000001972,CUS-009969,2021-07-30,2021-08-08,Size/Fit,Resellable,97.41,Processed,Courier
RET-00000158,ITM-000002003,CUS-009826,2025-12-21,2025-12-27,Defective Product,Opened,82.0,Approved,Store
RET-00000159,ITM-000002010,CUS-006483,2023-05-01,2023-05-04,Changed Mind,Opened,26.99,Processed,Store
RET-00000160,ITM-000002021,CUS-011995,2024-05-11,2024-05-16,Damaged Delivery,Defective,60.18,Processed,Courier
RET-00000161,ITM-000002025,CUS-001533,2023-08-26,2023-09-07,Size/Fit,Defective,73.05,Pending,Courier
RET-00000162,ITM-000002043,CUS-003403,2022-06-28,2022-07-02,Changed Mind,Resellable,81.95,Approved,Store
RET-00000163,ITM-000002050,CUS-002062,2025-11-03,2025-11-13,Defective Product,Damaged,38.02,Pending,Store
RET-00000164,ITM-000002060,CUS-000715,2021-05-06,2021-05-16,Changed Mind,Defective,78.49,Pending,Courier
RET-00000165,ITM-000002069,CUS-004119,2025-11-05,2025-11-14,Changed Mind,Defective,79.34,Processed,Store
RET-00000166,ITM-000002092,CUS-004721,2021-11-24,2021-12-03,Defective Product,Damaged,62.7,Pending,Store
RET-00000167,ITM-000002115,CUS-009560,2026-04-30,2026-05-07,Changed Mind,Defective,110.16,Processed,Courier
RET-00000168,ITM-000002137,CUS-001192,2025-04-18,2025-04-24,Changed Mind,Damaged,46.78,Processed,Courier
RET-00000169,ITM-000002140,CUS-003288,2023-04-24,2023-04-24,Defective Product,Defective,28.95,Processed,Store
RET-00000170,ITM-000002150,CUS-000721,2022-05-03,2022-05-16,Size/Fit,Opened,49.35,Processed,Store
RET-00000171,ITM-000002152,CUS-002673,2025-02-12,2025-02-22,Defective Product,Resellable,111.3,Approved,Courier
RET-00000172,ITM-000002159,CUS-008957,2025-02-06,2025-02-07,Not as Described,Opened,181.71,Approved,Store
RET-00000173,ITM-000002182,CUS-011384,2025-07-16,2025-07-19,Not as Described,Opened,254.24,Pending,Courier
RET-00000174,ITM-000002186,CUS-010120,2021-03-16,2021-03-26,,Damaged,59.62,Processed,Store
RET-00000175,ITM-000002210,CUS-011575,2021-12-01,2021-12-06,,Resellable,73.25,Pending,Courier
RET-00000176,ITM-000002217,CUS-008675,2026-04-17,2026-04-26,Defective Product,Defective,96.04,Approved,Courier
RET-00000177,ITM-000002236,CUS-001240,2025-08-08,2025-08-09,Size/Fit,Opened,37.23,Approved,Courier
RET-00000178,ITM-000002238,CUS-008525,2026-03-01,2026-03-10,Size/Fit,Opened,29.12,Pending,Courier
RET-00000179,ITM-000002260,CUS-000349,2020-12-03,2020-12-07,Damaged Delivery,Resellable,59.84,Processed,Courier
RET-00000180,ITM-000002261,CUS-001019,2026-02-13,2026-02-13,Size/Fit,Defective,82.18,Approved,Courier
RET-00000181,ITM-000002273,CUS-007600,2025-04-02,2025-04-09,Size/Fit,Damaged,466.84,Pending,Courier
RET-00000182,ITM-000002275,,2026-07-11,2026-07-23,Changed Mind,Damaged,43.74,Pending,Courier
RET-00000183,ITM-000002284,CUS-006403,2023-03-12,2023-03-25,Defective Product,Opened,124.91,Approved,Store
RET-00000184,ITM-000002290,CUS-003635,2021-12-25,2021-12-27,Not as Described,Damaged,58.64,Approved,Courier
RET-00000185,ITM-000002325,CUS-011562,2026-03-15,2026-03-23,Size/Fit,Defective,355.68,Approved,Courier
RET-00000186,ITM-000002337,CUS-006756,2024-10-17,2024-10-29,Changed Mind,Damaged,52.59,Pending,Courier
RET-00000187,ITM-000002374,CUS-009298,2022-10-03,2022-10-11,Defective Product,Opened,57.3,Approved,Store
RET-00000188,ITM-000002380,CUS-000053,2021-01-19,2021-01-26,Wrong Item,Opened,33.55,Approved,Store
RET-00000189,ITM-000002385,CUS-003426,2021-06-23,2021-07-02,Changed Mind,Opened,127.53,Pending,Courier
RET-00000190,ITM-000002396,CUS-006751,2022-12-09,2022-12-09,Damaged Delivery,Defective,45.67,Pending,Store
RET-00000191,ITM-000002397,CUS-011210,2025-05-12,2025-05-16,Not as Described,Resellable,215.02,Approved,Courier
RET-00000192,ITM-000002413,CUS-009660,2021-12-24,2021-12-30,,Damaged,79.34,Approved,Courier
RET-00000193,ITM-000002423,CUS-011915,2020-04-09,2020-04-12,Not as Described,Defective,34.72,Approved,Store
RET-00000194,ITM-000002435,CUS-002798,2022-08-15,2022-08-15,Changed Mind,Damaged,45.74,Pending,Store
RET-00000195,ITM-000002446,CUS-010412,2020-06-07,2020-06-10,Defective Product,Defective,59.83,Processed,Courier
RET-00000196,ITM-000002448,CUS-002957,2020-10-03,2020-10-16,Changed Mind,Damaged,97.43,Approved,Courier
RET-00000197,ITM-000002468,CUS-004665,2026-03-07,2026-03-11,Changed Mind,Damaged,138.9,Pending,Store
RET-00000198,ITM-000002472,CUS-008886,2020-05-29,2020-06-06,Not as Described,Opened,19.7,Pending,Courier
RET-00000199,ITM-000002502,CUS-009844,2023-11-04,2023-11-13,Size/Fit,Resellable,67.52,Pending,Courier
RET-00000200,ITM-000002509,CUS-000864,2023-03-19,2023-04-01,Size/Fit,Opened,51.06,Pending,Courier
RET-00000201,ITM-000002513,CUS-007440,2025-04-24,2025-04-28,Not as Described,Opened,140.43,Approved,Store
RET-00000202,ITM-000002554,CUS-004300,2025-07-21,2025-07-24,Size/Fit,Resellable,63.68,Pending,Store
RET-00000203,ITM-000002555,CUS-006763,2025-05-21,2025-05-25,Wrong Item,Opened,12.86,Pending,Courier
RET-00000204,ITM-000002560,,2024-12-22,2025-01-01,Size/Fit,Defective,107.74,Pending,Courier
RET-00000205,ITM-000002569,CUS-005606,2022-10-22,2022-10-30,Changed Mind,Damaged,61.46,Processed,Store
RET-00000206,ITM-000002579,CUS-008785,2026-04-25,2026-05-05,Size/Fit,Defective,355.68,Approved,Courier
RET-00000207,ITM-000002588,CUS-002017,2020-06-25,2020-07-08,Not as Described,Resellable,11.89,Pending,Courier
RET-00000208,ITM-000002590,CUS-002867,2025-09-08,2025-09-19,Changed Mind,Defective,68.31,Processed,Store
RET-00000209,ITM-000002591,CUS-010811,2022-02-26,2022-03-05,Changed Mind,Opened,440.62,Pending,Store
RET-00000210,ITM-000002597,CUS-007981,2021-07-27,2021-08-05,Size/Fit,Resellable,232.95,Approved,Courier
RET-00000211,ITM-000002610,CUS-009086,2025-02-05,2025-02-15,Defective Product,Resellable,45.87,Processed,Courier
RET-00000212,ITM-000002618,CUS-003915,2020-04-28,2020-05-06,Changed Mind,Resellable,192.87,Approved,Courier
RET-00000213,ITM-000002621,CUS-009751,2021-06-07,2021-06-17,Defective Product,Resellable,39.48,Approved,Store
RET-00000214,ITM-000002636,CUS-003686,2024-12-29,2024-12-31,Defective Product,Resellable,216.88,Processed,Courier
RET-00000215,ITM-000002668,CUS-004138,2024-11-20,2024-12-01,Size/Fit,Opened,121.4,Processed,Store
RET-00000216,ITM-000002685,CUS-004407,2024-09-19,2024-09-28,Defective Product,Damaged,19.41,Approved,Courier
RET-00000217,ITM-000002686,CUS-003412,2026-04-22,2026-04-25,Not as Described,Opened,123.29,Approved,Courier
RET-00000218,ITM-000002687,CUS-003412,2026-04-19,2026-04-20,Not as Described,Resellable,68.66,Processed,Courier
RET-00000219,ITM-000002694,CUS-007306,2024-11-11,2024-11-16,Changed Mind,Damaged,32.1,Processed,Store
RET-00000220,ITM-000002698,CUS-007837,2021-02-08,2021-02-12,Not as Described,Defective,72.26,Processed,Store
RET-00000221,ITM-000002701,CUS-011909,2025-10-05,2025-10-10,Damaged Delivery,Defective,31.83,Processed,Courier
RET-00000222,ITM-000002715,CUS-002352,2026-02-15,2026-02-27,Size/Fit,Defective,40.62,Processed,Courier
RET-00000223,ITM-000002739,CUS-007273,2022-09-07,2022-09-18,Defective Product,Resellable,93.33,Processed,Courier
RET-00000224,ITM-000002747,CUS-009999,2023-06-13,2023-06-22,Not as Described,Resellable,390.6,Processed,Courier
RET-00000225,ITM-000002796,CUS-005699,2020-06-18,2020-06-19,,Defective,197.42,Approved,Courier
RET-00000226,ITM-000002799,CUS-002751,2023-04-24,2023-04-26,Changed Mind,Defective,126.27,Pending,Courier
RET-00000227,ITM-000002808,CUS-000951,2026-06-27,2026-06-30,Wrong Item,Defective,34.43,Processed,Courier
RET-00000228,ITM-000002819,CUS-005857,2024-06-10,2024-06-15,Size/Fit,Resellable,27.27,Approved,Courier
RET-00000229,ITM-000002825,CUS-005398,2020-05-24,2020-05-31,Wrong Item,Opened,81.15,Processed,Store
RET-00000230,ITM-000002834,CUS-002414,2024-10-31,2024-11-11,Changed Mind,Resellable,107.96,Processed,Store
RET-00000231,ITM-000002848,CUS-004086,2022-05-23,2022-06-05,Size/Fit,Defective,524.34,Pending,Courier
RET-00000232,ITM-000002857,CUS-001627,2025-02-24,2025-03-06,Not as Described,Resellable,269.18,Approved,Courier
RET-00000233,ITM-000002860,CUS-001960,2026-05-20,2026-05-20,Not as Described,Opened,41.06,Processed,Courier
RET-00000234,ITM-000002867,CUS-003992,2025-04-22,2025-05-02,Damaged Delivery,Damaged,143.36,Pending,Courier
RET-00000235,ITM-000002881,CUS-003051,2025-06-08,2025-06-15,Changed Mind,Damaged,74.71,Approved,Courier
RET-00000236,ITM-000002883,CUS-003051,2025-06-10,2025-06-13,Size/Fit,Defective,34.72,Approved,Store
RET-00000237,ITM-000002919,CUS-000235,2026-08-17,2026-08-20,Changed Mind,Damaged,142.93,Processed,Courier
RET-00000238,ITM-000002926,CUS-006760,2021-12-07,2021-12-11,Changed Mind,Damaged,21.89,Approved,Store
RET-00000239,ITM-000002928,CUS-002480,2024-09-20,2024-09-27,Size/Fit,Opened,27.4,Approved,Courier
RET-00000240,ITM-000002943,CUS-009112,2021-01-08,2021-01-16,Changed Mind,Defective,237.12,Pending,Courier
RET-00000241,ITM-000002968,CUS-008357,2025-11-15,2025-11-28,Wrong Item,Defective,46.53,Approved,Courier
RET-00000242,ITM-000002984,CUS-009637,2020-07-05,2020-07-05,Wrong Item,Damaged,179.24,Approved,Courier
RET-00000243,ITM-000002992,CUS-004409,2022-06-29,2022-07-03,Not as Described,Defective,14.98,Pending,Courier
RET-00000244,ITM-000002999,CUS-004370,2024-07-22,2024-08-01,Size/Fit,Defective,39.26,Processed,Store
RET-00000245,ITM-000003039,CUS-006109,2020-06-16,2020-06-25,Not as Described,Opened,63.77,Pending,Courier
RET-00000246,ITM-000003042,CUS-000713,2025-08-13,2025-08-22,Size/Fit,Opened,66.56,Processed,Store
RET-00000247,ITM-000003070,CUS-004223,2025-09-14,2025-09-19,Not as Described,Damaged,60.7,Approved,Courier
RET-00000248,ITM-000003073,CUS-007952,2025-04-24,2025-05-02,Damaged Delivery,Opened,80.42,Approved,Courier
RET-00000249,ITM-000003075,CUS-007952,2025-05-02,2025-05-10,Damaged Delivery,Resellable,354.98,Approved,Store
RET-00000250,ITM-000003087,CUS-011498,2021-10-26,2021-11-02,,Opened,18.96,Processed,Courier
RET-00000251,ITM-000003095,CUS-001101,2020-04-21,2020-04-30,Size/Fit,Damaged,85.03,Pending,Store
RET-00000252,ITM-000003096,CUS-011443,2022-05-08,2022-05-15,Not as Described,Damaged,41.62,Processed,Courier
RET-00000253,ITM-000003113,CUS-006900,2024-05-30,2024-06-02,Defective Product,Opened,31.28,Approved,Store
RET-00000254,ITM-000003120,CUS-001743,2022-10-10,2022-10-20,Defective Product,Resellable,90.39,Approved,Courier
RET-00000255,ITM-000003145,CUS-009757,2025-11-12,2025-11-15,Defective Product,Defective,98.08,Pending,Courier
RET-00000256,ITM-000003174,CUS-011355,2022-12-04,2022-12-07,Not as Described,Damaged,133.29,Approved,Store
RET-00000257,ITM-000003175,CUS-011355,2022-11-27,2022-12-07,Size/Fit,Damaged,55.23,Pending,Courier
RET-00000258,ITM-000003187,CUS-001506,2022-06-07,2022-06-20,,Resellable,315.59,Processed,Store
RET-00000259,ITM-000003189,CUS-000873,2023-12-25,2024-01-02,Defective Product,Damaged,95.98,Pending,Courier
RET-00000260,ITM-000003195,CUS-002092,2024-09-18,2024-09-22,Not as Described,Resellable,96.35,Processed,Courier
RET-00000261,ITM-000003209,CUS-005024,2023-11-22,2023-11-27,Not as Described,Opened,76.85,Pending,Courier
RET-00000262,ITM-000003215,CUS-007827,2024-11-13,2024-11-14,Not as Described,Damaged,105.94,Processed,Courier
RET-00000263,ITM-000003250,CUS-006048,2020-02-12,2020-02-19,,Damaged,44.25,Approved,Courier
RET-00000264,ITM-000003267,CUS-010097,2022-03-08,2022-03-09,Changed Mind,Opened,87.95,Approved,Courier
RET-00000265,ITM-000003272,CUS-003904,2025-03-18,2025-03-31,Size/Fit,Opened,177.99,Approved,Courier
RET-00000266,ITM-000003280,CUS-000311,2024-09-26,2024-10-04,Not as Described,Defective,86.36,Approved,Courier
RET-00000267,ITM-000003303,CUS-001548,2024-08-09,2024-08-14,Defective Product,Damaged,86.96,Pending,Store
RET-00000268,ITM-000003336,CUS-002798,2024-02-01,2024-02-14,Changed Mind,Resellable,36.0,Pending,Courier
RET-00000269,ITM-000003340,CUS-009860,2026-03-24,2026-04-05,Changed Mind,Opened,20.91,Approved,Courier
RET-00000270,ITM-000003341,CUS-008351,2023-12-23,2024-01-02,Wrong Item,Defective,61.6,Pending,Store
RET-00000271,ITM-000003352,CUS-007608,2025-07-03,2025-07-08,Changed Mind,Defective,80.29,Processed,Store
RET-00000272,ITM-000003360,CUS-006695,2025-02-06,2025-02-15,Wrong Item,Resellable,82.26,Pending,Store
RET-00000273,ITM-000003361,CUS-011328,2025-08-09,2025-08-21,Defective Product,Defective,295.03,Pending,Store
RET-00000274,ITM-000003385,CUS-011122,2024-08-25,2024-09-06,Not as Described,Resellable,148.87,Pending,Courier
RET-00000275,ITM-000003407,CUS-010540,2020-04-18,2020-04-24,Not as Described,Opened,107.35,Processed,Courier
RET-00000276,ITM-000003428,CUS-001954,2021-04-14,2021-04-14,Changed Mind,Resellable,208.28,Pending,Store
RET-00000277,ITM-000003440,CUS-007243,2023-08-25,2023-09-06,Defective Product,Damaged,63.59,Approved,Store
RET-00000278,ITM-000003459,CUS-006243,2024-03-04,2024-03-12,Changed Mind,Defective,69.44,Approved,Store
RET-00000279,ITM-000003474,CUS-006795,2023-04-16,2023-04-20,Defective Product,Damaged,25.57,Pending,Store
RET-00000280,ITM-000003477,CUS-007806,2023-09-09,2023-09-19,Not as Described,Opened,380.8,Pending,Courier
RET-00000281,ITM-000003481,CUS-003682,2023-02-01,2023-02-04,Changed Mind,Defective,43.93,Pending,Store
RET-00000282,ITM-000003483,CUS-007894,2022-03-31,2022-04-05,Not as Described,Opened,274.7,Processed,Courier
RET-00000283,ITM-000003496,CUS-010299,2025-07-23,2025-07-24,Size/Fit,Opened,40.95,Processed,Courier
RET-00000284,ITM-000003512,CUS-001735,2025-01-27,2025-01-29,Defective Product,Damaged,125.02,Pending,Store
RET-00000285,ITM-000003590,CUS-000182,2022-09-19,2022-09-27,Size/Fit,Resellable,59.31,Processed,Store
RET-00000286,ITM-000003605,CUS-001206,2022-09-19,2022-09-29,Wrong Item,Resellable,38.69,Approved,Courier
RET-00000287,ITM-000003611,CUS-009665,2022-12-03,2022-12-14,Size/Fit,Damaged,37.87,Pending,Store
RET-00000288,ITM-000003613,CUS-004989,2023-12-26,2023-12-29,Size/Fit,Resellable,118.24,Pending,Courier
RET-00000289,ITM-000003637,CUS-002113,2021-08-29,2021-09-11,Changed Mind,Defective,54.8,Pending,Store
RET-00000290,ITM-000003638,CUS-011402,2022-09-01,2022-09-10,Not as Described,Opened,36.4,Approved,Courier
RET-00000291,ITM-000003669,CUS-002428,2021-01-02,2021-01-06,Defective Product,Opened,114.46,Processed,Courier
RET-00000292,ITM-000003677,CUS-007618,2023-12-13,2023-12-13,Not as Described,Damaged,82.08,Approved,Courier
RET-00000293,ITM-000003684,CUS-010145,2023-02-02,2023-02-15,Size/Fit,Opened,21.36,Pending,Courier
RET-00000294,ITM-000003691,CUS-002089,2021-04-06,2021-04-18,,Opened,83.69,Processed,Courier
RET-00000295,ITM-000003694,CUS-006336,2023-08-22,2023-08-30,Defective Product,Damaged,100.83,Processed,Courier
RET-00000296,ITM-000003695,CUS-003842,2024-01-21,2024-01-23,Changed Mind,Damaged,57.94,Processed,Store
RET-00000297,ITM-000003704,CUS-008556,2022-05-19,2022-05-24,Not as Described,Defective,102.39,Pending,Store
RET-00000298,ITM-000003710,CUS-011287,2020-12-19,2020-12-27,Changed Mind,Defective,45.84,Processed,Store
RET-00000299,ITM-000003712,CUS-006054,2022-01-16,2022-01-19,Defective Product,Defective,197.59,Pending,Courier
RET-00000300,ITM-000003723,,2020-05-01,2020-05-06,Not as Described,Damaged,8.48,Approved,Courier
RET-00000301,ITM-000003734,CUS-002906,2024-06-10,2024-06-20,Changed Mind,Resellable,32.73,Processed,Courier
RET-00000302,ITM-000003742,CUS-003861,2021-01-30,2021-02-08,Size/Fit,Damaged,24.25,Approved,Store
RET-00000303,ITM-000003744,CUS-001471,2025-07-21,2025-07-21,Defective Product,Resellable,210.93,Approved,Courier
RET-00000304,ITM-000003749,CUS-009117,2025-03-26,2025-03-29,Changed Mind,Resellable,106.83,Approved,Courier
RET-00000305,ITM-000003768,CUS-004120,2023-03-11,2023-03-22,Changed Mind,Damaged,39.01,Processed,Store
RET-00000306,ITM-000003788,CUS-010455,2020-06-18,2020-06-26,,Opened,33.47,Pending,Courier
RET-00000307,ITM-000003800,CUS-010602,2022-01-19,2022-01-30,Not as Described,Opened,73.58,Pending,Store
RET-00000308,ITM-000003813,CUS-008469,2022-09-21,2022-09-29,Defective Product,Defective,49.67,Approved,Courier
RET-00000309,ITM-000003820,CUS-006513,2025-01-27,2025-01-27,Changed Mind,Resellable,56.27,Processed,Courier
RET-00000310,ITM-000003845,CUS-004149,2022-01-11,2022-01-14,Not as Described,Resellable,19.47,Processed,Store
RET-00000311,ITM-000003846,CUS-004149,2022-01-14,2022-01-17,Changed Mind,Resellable,100.2,Approved,Courier
RET-00000312,ITM-000003870,CUS-007603,2026-06-15,2026-06-28,Changed Mind,Defective,27.36,Approved,Store
RET-00000313,ITM-000003876,CUS-011630,2025-11-18,2025-11-26,Size/Fit,Resellable,503.87,Approved,Courier
RET-00000314,ITM-000003894,,2021-09-27,2021-09-30,Changed Mind,Defective,32.96,Approved,Courier
RET-00000315,ITM-000003933,CUS-008243,2021-06-13,2021-06-21,,Defective,68.27,Processed,Courier
RET-00000316,ITM-000003941,CUS-002199,2020-10-26,2020-11-06,Changed Mind,Opened,9.16,Pending,Store
RET-00000317,ITM-000003977,CUS-011195,2025-10-18,2025-10-24,Changed Mind,Damaged,41.01,Approved,Courier
RET-00000318,ITM-000003981,CUS-001720,2025-07-26,2025-07-26,Changed Mind,Damaged,42.68,Processed,Courier
RET-00000319,ITM-000003982,CUS-004024,2023-12-03,2023-12-09,Size/Fit,Opened,316.95,Processed,Courier
RET-00000320,ITM-000003992,CUS-003539,2022-10-21,2022-11-01,Changed Mind,Damaged,80.5,Processed,Courier
RET-00000321,ITM-000004022,CUS-010392,2025-03-30,2025-04-12,Changed Mind,Resellable,28.82,Processed,Store
RET-00000322,ITM-000004030,CUS-004246,2022-11-26,2022-12-03,Defective Product,Resellable,249.82,Approved,Courier
RET-00000323,ITM-000004038,CUS-002908,2021-04-08,2021-04-09,Size/Fit,Opened,15.05,Pending,Courier
RET-00000324,ITM-000004045,CUS-000670,2024-03-26,2024-04-02,Wrong Item,Resellable,67.23,Pending,Courier
RET-00000325,ITM-000004047,CUS-008359,2020-06-08,2020-06-13,Wrong Item,Resellable,35.43,Processed,Courier
RET-00000326,ITM-000004051,CUS-002145,2024-11-15,2024-11-15,Wrong Item,Resellable,91.79,Approved,Courier
RET-00000327,ITM-000004052,CUS-002145,2024-10-16,2024-10-29,Changed Mind,Damaged,186.35,Pending,Courier
RET-00000328,ITM-000004058,CUS-005601,2026-07-20,2026-07-31,Defective Product,Damaged,103.86,Processed,Courier
RET-00000329,ITM-000004063,CUS-010077,2022-12-23,2022-12-23,Defective Product,Defective,151.57,Approved,Courier
RET-00000330,ITM-000004064,CUS-011996,2025-08-13,2025-08-19,Not as Described,Defective,78.19,Processed,Courier
RET-00000331,ITM-000004081,CUS-011270,2026-06-01,2026-06-01,Defective Product,Damaged,79.39,Pending,Store
RET-00000332,ITM-000004087,CUS-006860,2025-10-12,2025-10-14,Damaged Delivery,Defective,174.34,Approved,Store
RET-00000333,ITM-000004092,CUS-001555,2020-03-27,2020-04-08,Changed Mind,Opened,85.17,Pending,Courier
RET-00000334,ITM-000004101,,2023-06-03,2023-06-11,Changed Mind,Defective,123.29,Approved,Courier
RET-00000335,ITM-000004112,CUS-002082,2023-01-19,2023-01-21,Changed Mind,Opened,57.07,Processed,Courier
RET-00000336,ITM-000004128,CUS-007594,2022-05-10,2022-05-14,Changed Mind,Defective,121.49,Approved,Courier
RET-00000337,ITM-000004129,CUS-007594,2022-04-11,2022-04-18,Defective Product,Defective,32.43,Pending,Courier
RET-00000338,ITM-000004134,CUS-002959,2025-02-26,2025-03-10,Changed Mind,Damaged,33.59,Approved,Courier
RET-00000339,ITM-000004143,CUS-003425,2025-06-21,2025-06-24,Changed Mind,Opened,49.98,Processed,Store
RET-00000340,ITM-000004175,,2022-01-14,2022-01-26,Defective Product,Damaged,34.8,Approved,Store
RET-00000341,ITM-000004178,CUS-007844,2024-05-19,2024-05-19,Not as Described,Defective,131.09,Approved,Courier
RET-00000342,ITM-000004183,CUS-011574,2023-12-29,2024-01-02,Changed Mind,Resellable,168.33,Approved,Store
RET-00000343,ITM-000004191,CUS-009689,2024-09-07,2024-09-08,Wrong Item,Opened,21.18,Processed,Courier
RET-00000344,ITM-000004201,CUS-001772,2024-06-07,2024-06-16,Not as Described,Defective,123.31,Approved,Courier
RET-00000345,ITM-000004202,CUS-001772,2024-06-30,2024-07-09,Defective Product,Defective,59.26,Approved,Courier
RET-00000346,ITM-000004236,CUS-006014,2022-01-11,2022-01-15,Damaged Delivery,Resellable,41.63,Pending,Store
RET-00000347,ITM-000004253,CUS-003864,2026-01-12,2026-01-14,Not as Described,Defective,87.64,Processed,Store
RET-00000348,ITM-000004266,CUS-009415,2021-11-05,2021-11-17,Defective Product,Opened,26.61,Processed,Store
RET-00000349,ITM-000004277,CUS-004223,2024-02-12,2024-02-14,Defective Product,Defective,101.33,Pending,Courier
RET-00000350,ITM-000004279,CUS-004223,2024-02-18,2024-02-28,Damaged Delivery,Damaged,265.35,Processed,Courier
RET-00000351,ITM-000004291,CUS-008309,2024-07-03,2024-07-03,Not as Described,Damaged,191.64,Approved,Store
RET-00000352,ITM-000004305,CUS-006049,2024-03-24,2024-04-03,Changed Mind,Resellable,73.86,Approved,Courier
RET-00000353,ITM-000004322,CUS-011947,2024-11-04,2024-11-04,Size/Fit,Resellable,91.0,Processed,Courier
RET-00000354,ITM-000004333,CUS-006972,2021-02-01,2021-02-05,,Defective,30.51,Pending,Store
RET-00000355,ITM-000004335,CUS-006502,2020-08-31,2020-09-02,Changed Mind,Resellable,66.94,Processed,Store
RET-00000356,ITM-000004338,CUS-002992,2022-03-18,2022-03-23,Changed Mind,Opened,39.86,Pending,Courier
RET-00000357,ITM-000004364,CUS-009402,2024-03-09,2024-03-14,Not as Described,Damaged,15.52,Processed,Courier
RET-00000358,ITM-000004392,CUS-011005,2022-05-10,2022-05-17,Changed Mind,Resellable,227.95,Processed,Store
RET-00000359,ITM-000004410,CUS-008861,2021-01-25,2021-02-05,Changed Mind,Resellable,11.29,Approved,Courier
RET-00000360,ITM-000004422,CUS-002075,2023-04-13,2023-04-26,Defective Product,Resellable,50.98,Approved,Store
RET-00000361,ITM-000004423,CUS-002075,2023-03-29,2023-04-06,Size/Fit,Defective,23.19,Pending,Courier
RET-00000362,ITM-000004427,CUS-005797,2024-11-13,2024-11-19,Changed Mind,Defective,129.19,Processed,Courier
RET-00000363,ITM-000004455,CUS-010196,2023-11-07,2023-11-20,Wrong Item,Opened,30.8,Pending,Courier
RET-00000364,ITM-000004477,CUS-009862,2021-07-29,2021-08-11,Changed Mind,Resellable,103.53,Processed,Store
RET-00000365,ITM-000004516,CUS-005155,2025-08-08,2025-08-09,Size/Fit,Damaged,48.17,Approved,Courier
RET-00000366,ITM-000004523,CUS-010375,2023-11-08,2023-11-08,Damaged Delivery,Damaged,98.58,Pending,Store
RET-00000367,ITM-000004528,CUS-004234,2026-06-02,2026-06-07,Changed Mind,Defective,224.24,Pending,Store
RET-00000368,ITM-000004534,CUS-010148,2025-08-07,2025-08-11,Size/Fit,Defective,85.37,Processed,Courier
RET-00000369,ITM-000004559,CUS-006530,2026-07-09,2026-07-17,,Damaged,145.53,Pending,Courier
RET-00000370,ITM-000004576,CUS-000950,2021-04-04,2021-04-10,Changed Mind,Defective,24.17,Approved,Courier
RET-00000371,ITM-000004582,CUS-009362,2022-10-24,2022-11-04,Size/Fit,Resellable,25.43,Approved,Store
RET-00000372,ITM-000004587,CUS-008502,2026-05-19,2026-05-19,Changed Mind,Resellable,168.6,Processed,Courier
RET-00000373,ITM-000004618,CUS-000184,2025-08-02,2025-08-08,Defective Product,Opened,110.72,Processed,Store
RET-00000374,ITM-000004624,CUS-001460,2024-06-25,2024-07-07,Changed Mind,Defective,97.9,Approved,Courier
RET-00000375,ITM-000004626,CUS-007259,2025-10-11,2025-10-18,Changed Mind,Defective,57.63,Approved,Courier
RET-00000376,ITM-000004630,CUS-000125,2024-03-13,2024-03-15,Defective Product,Defective,38.03,Pending,Store
RET-00000377,ITM-000004648,CUS-003965,2023-01-13,2023-01-22,Damaged Delivery,Defective,127.87,Pending,Courier
RET-00000378,ITM-000004649,CUS-011540,2024-01-12,2024-01-22,Damaged Delivery,Damaged,50.92,Approved,Store
RET-00000379,ITM-000004650,CUS-011540,2024-01-15,2024-01-26,Other,Resellable,19.17,Processed,Store
RET-00000380,ITM-000004664,CUS-005095,2021-12-16,2021-12-16,Size/Fit,Damaged,38.94,Approved,Courier
RET-00000381,ITM-000004675,CUS-001898,2022-05-11,2022-05-24,Not as Described,Resellable,62.8,Approved,Courier
RET-00000382,ITM-000004690,CUS-005279,2021-11-03,2021-11-04,Changed Mind,Defective,75.95,Processed,Store
RET-00000383,ITM-000004726,CUS-006283,2022-06-13,2022-06-16,Not as Described,Defective,106.9,Approved,Store
RET-00000384,ITM-000004740,CUS-002146,2024-12-04,2024-12-11,Size/Fit,Damaged,155.79,Pending,Store
RET-00000385,ITM-000004783,CUS-002406,2022-10-21,2022-11-03,Size/Fit,Defective,52.4,Approved,Courier
RET-00000386,ITM-000004796,CUS-007416,2021-09-30,2021-10-10,Not as Described,Defective,105.81,Approved,Store
RET-00000387,ITM-000004800,CUS-000094,2020-03-28,2020-04-07,Defective Product,Defective,51.01,Approved,Courier
RET-00000388,ITM-000004815,CUS-001525,2020-02-15,2020-02-24,Changed Mind,Opened,74.47,Processed,Store
RET-00000389,ITM-000004843,CUS-004789,2021-04-17,2021-04-30,Changed Mind,Defective,152.33,Pending,Courier
RET-00000390,ITM-000004852,CUS-006216,2022-04-01,2022-04-14,Size/Fit,Opened,16.52,Processed,Store
RET-00000391,ITM-000004854,CUS-006497,2023-03-08,2023-03-10,Not as Described,Resellable,65.6,Pending,Courier
RET-00000392,ITM-000004867,CUS-009272,2026-01-30,2026-02-12,Defective Product,Damaged,68.37,Approved,Store
RET-00000393,ITM-000004871,CUS-000358,2021-12-16,2021-12-28,,Resellable,247.1,Processed,Store
RET-00000394,ITM-000004872,CUS-003210,2021-02-02,2021-02-04,Defective Product,Defective,20.48,Approved,Store
RET-00000395,ITM-000004901,CUS-004453,2026-05-16,2026-05-19,Changed Mind,Opened,108.32,Pending,Courier
RET-00000396,ITM-000004924,CUS-001262,2024-01-26,2024-02-06,Defective Product,Resellable,25.75,Pending,Store
RET-00000397,ITM-000004945,CUS-001552,2020-08-12,2020-08-13,Wrong Item,Defective,516.78,Pending,Store
RET-00000398,ITM-000004961,CUS-007840,2024-12-02,2024-12-14,Size/Fit,Damaged,99.17,Processed,Store
RET-00000399,ITM-000004968,CUS-001220,2022-06-18,2022-06-20,Defective Product,Damaged,343.28,Processed,Store
RET-00000400,ITM-000005007,CUS-004557,2023-10-23,2023-11-01,Damaged Delivery,Resellable,73.47,Pending,Store
RET-00000401,ITM-000005009,CUS-003577,2020-10-01,2020-10-04,Changed Mind,Opened,59.28,Processed,Store
RET-00000402,ITM-000005014,CUS-009824,2026-08-22,2026-08-28,Not as Described,Opened,98.65,Approved,Courier
RET-00000403,ITM-000005018,CUS-000823,2024-09-23,2024-09-27,Defective Product,Defective,300.51,Pending,Courier
RET-00000404,ITM-000005067,CUS-011278,2025-12-16,2025-12-16,Not as Described,Defective,70.3,Pending,Courier
RET-00000405,ITM-000005093,CUS-007541,2024-12-17,2024-12-19,Changed Mind,Opened,144.63,Approved,Courier
RET-00000406,ITM-000005112,CUS-000572,2025-08-20,2025-08-29,Size/Fit,Opened,295.03,Processed,Courier
RET-00000407,ITM-000005125,CUS-003428,2026-01-28,2026-02-04,Changed Mind,Defective,263.58,Approved,Courier
RET-00000408,ITM-000005135,CUS-004287,2020-07-16,2020-07-18,Not as Described,Defective,90.6,Approved,Courier
RET-00000409,ITM-000005149,CUS-003493,2022-01-07,2022-01-11,Damaged Delivery,Defective,111.83,Approved,Store
RET-00000410,ITM-000005169,CUS-010229,2024-03-18,2024-03-18,Changed Mind,Opened,1267.74,Approved,Courier
RET-00000411,ITM-000005171,CUS-010229,2024-03-20,2024-03-30,Damaged Delivery,Resellable,116.62,Processed,Store
RET-00000412,ITM-000005183,CUS-006313,2021-02-07,2021-02-10,Other,Defective,27.55,Approved,Courier
RET-00000413,ITM-000005187,CUS-002195,2023-01-13,2023-01-20,Size/Fit,Resellable,39.64,Pending,Store
RET-00000414,ITM-000005206,CUS-000649,2026-04-02,2026-04-14,Size/Fit,Damaged,145.29,Processed,Store
RET-00000415,ITM-000005241,CUS-007813,2021-03-31,2021-04-07,Damaged Delivery,Resellable,38.8,Processed,Store
RET-00000416,ITM-000005267,CUS-000884,2026-08-21,2026-09-03,Defective Product,Damaged,30.16,Pending,Courier
RET-00000417,ITM-000005268,CUS-000884,2026-08-27,2026-08-30,Changed Mind,Opened,33.07,Pending,Store
RET-00000418,ITM-000005271,CUS-009301,2026-05-12,2026-05-13,Not as Described,Defective,24.14,Approved,Courier
RET-00000419,ITM-000005273,CUS-004834,2022-11-15,2022-11-27,Wrong Item,Resellable,33.55,Pending,Store
RET-00000420,ITM-000005294,CUS-008712,2026-07-27,2026-08-08,Damaged Delivery,Resellable,183.24,Approved,Courier
RET-00000421,ITM-000005325,CUS-002530,2024-03-02,2024-03-05,Wrong Item,Resellable,26.86,Pending,Store
RET-00000422,ITM-000005368,CUS-010102,2024-05-07,2024-05-20,Size/Fit,Resellable,38.66,Processed,Store
RET-00000423,ITM-000005383,,2022-02-28,2022-03-12,Defective Product,Resellable,142.25,Pending,Store
RET-00000424,ITM-000005398,,2020-06-23,2020-07-01,,Opened,17.13,Pending,Courier
RET-00000425,ITM-000005402,CUS-005441,2022-04-25,2022-04-29,Changed Mind,Resellable,105.15,Processed,Store
RET-00000426,ITM-000005406,CUS-008885,2024-03-07,2024-03-15,Other,Defective,71.22,Pending,Courier
RET-00000427,ITM-000005425,CUS-003674,2025-06-29,2025-07-11,Changed Mind,Resellable,116.82,Processed,Courier
RET-00000428,ITM-000005428,CUS-010432,2026-03-07,2026-03-15,Not as Described,Resellable,147.57,Pending,Courier
RET-00000429,ITM-000005446,CUS-007149,2022-07-13,2022-07-15,Other,Defective,46.0,Pending,Courier
RET-00000430,ITM-000005447,CUS-003927,2023-03-17,2023-03-25,Changed Mind,Opened,27.67,Pending,Store
RET-00000431,ITM-000005463,CUS-001132,2020-10-03,2020-10-10,,Defective,107.54,Approved,Courier
RET-00000432,ITM-000005469,CUS-008699,2026-01-11,2026-01-19,Size/Fit,Defective,47.61,Processed,Store
RET-00000433,ITM-000005484,,2025-12-29,2026-01-02,Damaged Delivery,Damaged,29.55,Pending,Store
RET-00000434,ITM-000005488,CUS-008066,2022-07-04,2022-07-05,,Defective,84.16,Processed,Store
RET-00000435,ITM-000005502,CUS-004845,2026-01-24,2026-01-28,Damaged Delivery,Defective,32.15,Approved,Courier
RET-00000436,ITM-000005515,CUS-007540,2022-04-21,2022-05-03,,Defective,55.23,Pending,Courier
RET-00000437,ITM-000005530,CUS-004681,2024-10-22,2024-10-27,Defective Product,Damaged,95.83,Pending,Courier
RET-00000438,ITM-000005533,CUS-008048,2026-02-22,2026-02-22,Size/Fit,Resellable,69.77,Pending,Courier
RET-00000439,ITM-000005549,CUS-011831,2020-10-21,2020-11-03,Changed Mind,Defective,107.54,Approved,Courier
RET-00000440,ITM-000005552,CUS-003854,2025-06-20,2025-06-27,,Damaged,20.45,Approved,Store
RET-00000441,ITM-000005557,CUS-002159,2025-05-28,2025-05-29,Changed Mind,Defective,30.25,Approved,Courier
RET-00000442,ITM-000005558,CUS-002159,2025-05-05,2025-05-11,Not as Described,Opened,36.95,Processed,Courier
RET-00000443,ITM-000005593,CUS-007911,2025-11-20,2025-11-26,Changed Mind,Resellable,30.11,Approved,Courier
RET-00000444,ITM-000005595,CUS-005823,2025-05-23,2025-05-30,Changed Mind,Defective,21.78,Pending,Courier
RET-00000445,ITM-000005602,CUS-007662,2022-12-08,2022-12-09,Changed Mind,Resellable,41.63,Processed,Courier
RET-00000446,ITM-000005604,CUS-008591,2020-12-05,2020-12-18,Changed Mind,Defective,108.64,Processed,Courier
RET-00000447,ITM-000005612,CUS-007746,2021-12-17,2021-12-17,Defective Product,Resellable,24.9,Pending,Store
RET-00000448,ITM-000005639,CUS-001716,2021-11-24,2021-11-25,,Defective,232.1,Processed,Courier
RET-00000449,ITM-000005655,,2025-07-31,2025-08-03,Changed Mind,Damaged,55.47,Approved,Store
RET-00000450,ITM-000005670,CUS-009619,2022-10-28,2022-11-07,Not as Described,Resellable,89.39,Pending,Store
RET-00000451,ITM-000005691,CUS-002722,2023-10-12,2023-10-12,Not as Described,Damaged,29.66,Approved,Store
RET-00000452,ITM-000005702,,2023-03-29,2023-04-09,Damaged Delivery,Defective,41.8,Approved,Courier
RET-00000453,ITM-000005710,CUS-004908,2024-07-06,2024-07-19,Changed Mind,Damaged,55.23,Pending,Store
RET-00000454,ITM-000005713,CUS-002584,2023-03-06,2023-03-10,Size/Fit,Resellable,300.6,Processed,Courier
RET-00000455,ITM-000005783,CUS-009101,2026-08-25,2026-09-05,Changed Mind,Damaged,75.26,Processed,Courier
RET-00000456,ITM-000005804,CUS-000174,2024-05-22,2024-05-29,Changed Mind,Resellable,44.96,Approved,Courier
RET-00000457,ITM-000005805,CUS-002213,2023-08-27,2023-08-28,Not as Described,Damaged,11.29,Pending,Courier
RET-00000458,ITM-000005822,CUS-003294,2026-08-09,2026-08-19,Changed Mind,Opened,280.28,Approved,Courier
RET-00000459,ITM-000005862,CUS-003853,2022-10-01,2022-10-11,Defective Product,Opened,94.12,Pending,Courier
RET-00000460,ITM-000005864,CUS-008549,2026-03-13,2026-03-16,Changed Mind,Opened,60.12,Pending,Courier
RET-00000461,ITM-000005871,CUS-006552,2023-03-09,2023-03-10,Changed Mind,Resellable,478.43,Processed,Store
RET-00000462,ITM-000005872,CUS-006552,2023-02-13,2023-02-21,Changed Mind,Resellable,110.02,Pending,Courier
RET-00000463,ITM-000005891,CUS-005906,2023-06-11,2023-06-12,Other,Opened,91.72,Pending,Store
RET-00000464,ITM-000005897,CUS-006644,2023-10-15,2023-10-27,Size/Fit,Opened,524.34,Approved,Store
RET-00000465,ITM-000005901,CUS-009951,2025-12-29,2026-01-10,Changed Mind,Defective,185.65,Processed,Store
RET-00000466,ITM-000005904,CUS-007120,2021-05-12,2021-05-21,Size/Fit,Defective,54.13,Pending,Store
RET-00000467,ITM-000005907,CUS-005030,2020-07-28,2020-08-02,,Resellable,123.31,Processed,Courier
RET-00000468,ITM-000005919,CUS-009622,2020-10-23,2020-11-04,,Defective,95.64,Processed,Store
RET-00000469,ITM-000005921,CUS-001655,2024-02-12,2024-02-19,Defective Product,Defective,80.25,Processed,Courier
RET-00000470,ITM-000005926,CUS-001488,2025-11-30,2025-12-10,Not as Described,Resellable,149.01,Approved,Store
RET-00000471,ITM-000005927,CUS-001488,2025-12-11,2025-12-13,Not as Described,Opened,234.48,Pending,Courier
RET-00000472,ITM-000005934,CUS-007073,2025-08-27,2025-09-06,Size/Fit,Resellable,57.4,Approved,Store
RET-00000473,ITM-000005935,CUS-007073,2025-08-16,2025-08-24,Changed Mind,Opened,156.81,Pending,Store
RET-00000474,ITM-000005938,CUS-006846,2021-04-07,2021-04-20,,Opened,56.18,Processed,Courier
RET-00000475,ITM-000005940,CUS-001684,2021-07-15,2021-07-26,,Opened,80.29,Pending,Store
RET-00000476,ITM-000005947,CUS-009492,2020-03-02,2020-03-05,Defective Product,Resellable,123.67,Processed,Courier
RET-00000477,ITM-000005954,CUS-008401,2025-04-02,2025-04-11,Not as Described,Resellable,8.64,Pending,Courier
RET-00000478,ITM-000005975,CUS-008326,2026-02-18,2026-02-21,Changed Mind,Resellable,115.69,Processed,Store
RET-00000479,ITM-000005988,CUS-003242,2021-06-18,2021-06-19,,Defective,161.07,Processed,Courier
RET-00000480,ITM-000006002,CUS-007782,2024-05-14,2024-05-15,Changed Mind,Damaged,116.82,Approved,Courier
RET-00000481,ITM-000006003,CUS-007782,2024-05-18,2024-05-20,Changed Mind,Defective,81.28,Processed,Courier
RET-00000482,ITM-000006005,CUS-005405,2021-09-22,2021-10-02,Changed Mind,Damaged,150.74,Processed,Store
RET-00000483,ITM-000006011,CUS-007963,2020-07-21,2020-07-29,Changed Mind,Defective,43.47,Processed,Courier
RET-00000484,ITM-000006018,CUS-005282,2022-05-01,2022-05-14,Defective Product,Damaged,66.0,Pending,Store
RET-00000485,ITM-000006023,CUS-008265,2022-11-21,2022-11-23,Defective Product,Opened,30.11,Pending,Store
RET-00000486,ITM-000006065,CUS-004227,2023-06-06,2023-06-09,Changed Mind,Defective,85.64,Processed,Courier
RET-00000487,ITM-000006066,CUS-004227,2023-07-03,2023-07-13,Defective Product,Damaged,98.08,Approved,Courier
RET-00000488,ITM-000006067,CUS-004227,2023-06-28,2023-07-11,Defective Product,Damaged,59.26,Approved,Courier
RET-00000489,ITM-000006085,CUS-010783,2022-05-21,2022-05-31,Not as Described,Resellable,149.49,Processed,Store
RET-00000490,ITM-000006137,CUS-003300,2021-07-04,2021-07-11,,Damaged,54.22,Approved,Courier
RET-00000491,ITM-000006145,CUS-009343,2021-03-17,2021-03-21,Other,Defective,806.87,Pending,Store
RET-00000492,ITM-000006146,CUS-009343,2021-03-18,2021-03-29,,Defective,138.18,Processed,Store
RET-00000493,ITM-000006164,CUS-006080,2023-07-28,2023-08-10,Not as Described,Resellable,24.09,Processed,Store
RET-00000494,ITM-000006171,CUS-010356,2022-10-28,2022-11-05,Changed Mind,Defective,181.71,Processed,Courier
RET-00000495,ITM-000006174,CUS-006115,2025-02-27,2025-03-02,Defective Product,Defective,26.85,Processed,Store
RET-00000496,ITM-000006179,CUS-008723,2025-03-11,2025-03-21,Size/Fit,Damaged,34.44,Approved,Courier
RET-00000497,ITM-000006190,CUS-002346,2023-09-02,2023-09-10,Changed Mind,Damaged,102.58,Processed,Courier
RET-00000498,ITM-000006205,CUS-011680,2026-06-12,2026-06-20,Changed Mind,Opened,64.03,Pending,Courier
RET-00000499,ITM-000006225,CUS-001219,2020-02-02,2020-02-13,Changed Mind,Resellable,57.63,Processed,Courier
RET-00000500,ITM-000006241,CUS-005112,2021-06-12,2021-06-22,Damaged Delivery,Opened,38.42,Approved,Courier
RET-00000501,ITM-000006250,CUS-011114,2025-10-12,2025-10-23,Defective Product,Damaged,219.4,Processed,Courier
RET-00000502,ITM-000006261,CUS-000472,2024-03-07,2024-03-20,Wrong Item,Resellable,171.63,Pending,Store
RET-00000503,ITM-000006276,CUS-008387,2020-07-26,2020-07-26,Size/Fit,Opened,116.46,Processed,Store
RET-00000504,ITM-000006293,CUS-000513,2022-09-16,2022-09-27,Not as Described,Resellable,76.85,Approved,Courier
RET-00000505,ITM-000006296,CUS-009756,2026-03-08,2026-03-18,Size/Fit,Defective,19.84,Pending,Store
RET-00000506,ITM-000006300,CUS-002560,2025-07-26,2025-08-04,Changed Mind,Opened,135.17,Processed,Courier
RET-00000507,ITM-000006301,CUS-002560,2025-06-30,2025-06-30,Not as Described,Resellable,84.69,Pending,Courier
RET-00000508,ITM-000006302,CUS-002560,2025-06-20,2025-06-29,Defective Product,Damaged,21.61,Pending,Courier
RET-00000509,ITM-000006303,CUS-005649,2020-04-11,2020-04-19,,Defective,22.3,Approved,Store
RET-00000510,ITM-000006313,CUS-010120,2021-12-14,2021-12-26,Damaged Delivery,Defective,147.08,Approved,Courier
RET-00000511,ITM-000006327,CUS-006154,2020-08-05,2020-08-06,Not as Described,Defective,123.27,Approved,Courier
RET-00000512,ITM-000006329,CUS-008272,2022-12-13,2022-12-16,Other,Resellable,24.34,Processed,Store
RET-00000513,ITM-000006330,CUS-010454,2023-01-21,2023-01-28,Changed Mind,Resellable,84.63,Processed,Store
RET-00000514,ITM-000006331,CUS-007539,2021-05-14,2021-05-27,Defective Product,Opened,119.15,Approved,Courier
RET-00000515,ITM-000006332,CUS-007087,2024-04-12,2024-04-16,Changed Mind,Opened,220.31,Approved,Courier
RET-00000516,ITM-000006354,CUS-006497,2024-10-25,2024-11-07,Changed Mind,Opened,17.05,Approved,Courier
RET-00000517,ITM-000006358,CUS-009159,2025-12-15,2025-12-27,Size/Fit,Damaged,56.81,Approved,Store
RET-00000518,ITM-000006384,CUS-008131,2021-01-01,2021-01-04,Changed Mind,Defective,75.36,Processed,Store
RET-00000519,ITM-000006398,CUS-007968,2023-07-23,2023-07-23,Changed Mind,Resellable,58.74,Pending,Courier
RET-00000520,ITM-000006410,CUS-003061,2024-09-11,2024-09-22,Not as Described,Resellable,86.43,Pending,Courier
RET-00000521,ITM-000006412,CUS-002002,2023-08-23,2023-09-03,Other,Defective,27.01,Approved,Courier
RET-00000522,ITM-000006419,CUS-004446,2022-09-11,2022-09-21,Not as Described,Defective,58.23,Pending,Courier
RET-00000523,ITM-000006453,CUS-009656,2022-10-21,2022-10-22,Wrong Item,Opened,38.36,Approved,Store
RET-00000524,ITM-000006477,CUS-001303,2020-01-31,2020-02-09,Changed Mind,Resellable,45.7,Pending,Store
RET-00000525,ITM-000006484,CUS-010248,2020-03-15,2020-03-28,Changed Mind,Damaged,19.47,Processed,Courier
RET-00000526,ITM-000006489,CUS-009181,2023-05-31,2023-06-07,Changed Mind,Defective,61.63,Approved,Store
RET-00000527,ITM-000006495,CUS-006537,2020-11-10,2020-11-14,Size/Fit,Opened,13.86,Pending,Courier
RET-00000528,ITM-000006503,CUS-002915,2024-10-17,2024-10-17,Defective Product,Opened,43.82,Approved,Courier
RET-00000529,ITM-000006522,CUS-000119,2026-01-12,2026-01-12,Not as Described,Defective,189.72,Processed,Courier
RET-00000530,ITM-000006526,CUS-000203,2022-02-12,2022-02-13,Defective Product,Opened,43.11,Pending,Courier
RET-00000531,ITM-000006544,CUS-005640,2021-05-14,2021-05-21,Damaged Delivery,Resellable,200.72,Pending,Courier
RET-00000532,ITM-000006560,CUS-007446,2021-07-18,2021-07-29,Changed Mind,Damaged,82.25,Approved,Store
RET-00000533,ITM-000006566,CUS-011274,2022-06-28,2022-07-04,Damaged Delivery,Damaged,62.04,Processed,Store
RET-00000534,ITM-000006579,CUS-010110,2024-09-26,2024-09-30,Defective Product,Damaged,13.55,Pending,Store
RET-00000535,ITM-000006580,CUS-007259,2023-01-31,2023-02-06,Not as Described,Resellable,140.54,Pending,Courier
RET-00000536,ITM-000006599,CUS-010161,2022-08-31,2022-09-02,Defective Product,Opened,41.34,Approved,Store
RET-00000537,ITM-000006624,CUS-001044,2026-04-28,2026-05-02,Defective Product,Damaged,151.42,Processed,Courier
RET-00000538,ITM-000006633,CUS-003654,2024-06-14,2024-06-14,Changed Mind,Damaged,251.18,Approved,Courier
RET-00000539,ITM-000006654,CUS-000868,2021-01-01,2021-01-03,Changed Mind,Defective,96.72,Processed,Courier
RET-00000540,ITM-000006657,CUS-001118,2025-09-08,2025-09-14,Size/Fit,Damaged,191.64,Pending,Store
RET-00000541,ITM-000006661,CUS-004869,2020-08-20,2020-08-25,Defective Product,Damaged,179.59,Processed,Courier
RET-00000542,ITM-000006671,CUS-004751,2023-10-28,2023-11-02,Changed Mind,Defective,358.44,Pending,Courier
RET-00000543,ITM-000006674,CUS-008107,2020-08-25,2020-08-30,,Resellable,58.62,Pending,Courier
RET-00000544,ITM-000006699,CUS-006332,2022-03-11,2022-03-17,Changed Mind,Damaged,294.48,Pending,Courier
RET-00000545,ITM-000006716,CUS-006058,2023-07-25,2023-08-02,Changed Mind,Opened,36.02,Processed,Courier
RET-00000546,ITM-000006736,CUS-009778,2025-04-11,2025-04-18,Changed Mind,Opened,79.4,Processed,Courier
RET-00000547,ITM-000006751,CUS-001080,2026-03-04,2026-03-07,Defective Product,Resellable,30.45,Processed,Courier
RET-00000548,ITM-000006766,CUS-005755,2021-12-17,2021-12-19,Damaged Delivery,Damaged,25.12,Processed,Courier
RET-00000549,ITM-000006778,CUS-011074,2023-06-11,2023-06-20,Changed Mind,Defective,123.27,Pending,Courier
RET-00000550,ITM-000006804,CUS-002144,2024-06-20,2024-06-25,Size/Fit,Opened,52.23,Processed,Courier
RET-00000551,ITM-000006831,CUS-010284,2020-10-15,2020-10-17,Defective Product,Opened,172.44,Approved,Courier
RET-00000552,ITM-000006874,CUS-011806,2021-02-16,2021-02-22,Defective Product,Opened,60.22,Processed,Store
RET-00000553,ITM-000006902,CUS-008116,2025-02-04,2025-02-06,Changed Mind,Defective,49.8,Processed,Courier
RET-00000554,ITM-000006913,CUS-003051,2025-12-21,2025-12-29,Defective Product,Opened,28.51,Approved,Store
RET-00000555,ITM-000006947,CUS-005137,2026-06-23,2026-06-26,Changed Mind,Resellable,43.27,Approved,Store
RET-00000556,ITM-000006968,CUS-001901,2021-07-05,2021-07-08,Defective Product,Opened,43.56,Approved,Store
RET-00000557,ITM-000007002,CUS-007709,2026-03-22,2026-04-03,Changed Mind,Defective,27.73,Approved,Store
RET-00000558,ITM-000007004,CUS-010554,2026-07-16,2026-07-29,,Defective,8.12,Processed,Store
RET-00000559,ITM-000007020,CUS-011870,2026-03-19,2026-03-23,Defective Product,Opened,85.69,Pending,Courier
RET-00000560,ITM-000007041,CUS-010098,2026-03-28,2026-04-10,Wrong Item,Opened,189.35,Pending,Store
RET-00000561,ITM-000007050,CUS-008412,2022-11-05,2022-11-13,Defective Product,Opened,60.18,Processed,Courier
RET-00000562,ITM-000007090,CUS-003007,2022-02-05,2022-02-09,Wrong Item,Defective,12.86,Processed,Courier
RET-00000563,ITM-000007117,,2023-10-10,2023-10-12,Size/Fit,Resellable,61.3,Processed,Store
RET-00000564,ITM-000007121,CUS-010573,2020-09-25,2020-09-30,Changed Mind,Damaged,160.66,Approved,Courier
RET-00000565,ITM-000007150,CUS-000309,2023-07-21,2023-07-21,Size/Fit,Resellable,226.08,Approved,Store
RET-00000566,ITM-000007169,CUS-006664,2024-02-28,2024-03-12,Changed Mind,Damaged,82.0,Processed,Courier
RET-00000567,ITM-000007186,CUS-011339,2021-05-22,2021-05-25,,Opened,285.13,Approved,Store
RET-00000568,ITM-000007235,CUS-008092,2021-02-14,2021-02-21,Damaged Delivery,Defective,168.6,Processed,Courier
RET-00000569,ITM-000007245,CUS-007091,2023-03-22,2023-04-03,Defective Product,Defective,65.19,Approved,Store
RET-00000570,ITM-000007250,CUS-005763,2020-11-10,2020-11-21,Not as Described,Opened,48.96,Approved,Courier
RET-00000571,ITM-000007270,CUS-007989,2021-11-19,2021-12-01,,Opened,227.76,Approved,Courier
RET-00000572,ITM-000007292,CUS-002538,2025-04-27,2025-05-05,Not as Described,Resellable,60.7,Approved,Courier
RET-00000573,ITM-000007301,CUS-010525,2024-11-25,2024-11-25,Size/Fit,Defective,55.05,Processed,Courier
RET-00000574,ITM-000007350,CUS-010756,2023-05-31,2023-06-09,Changed Mind,Resellable,152.45,Processed,Courier
RET-00000575,ITM-000007372,CUS-008173,2023-03-29,2023-03-30,Changed Mind,Damaged,213.03,Processed,Courier
RET-00000576,ITM-000007378,CUS-004288,2023-03-11,2023-03-17,Size/Fit,Opened,10.89,Processed,Courier
RET-00000577,ITM-000007393,CUS-003545,2022-05-03,2022-05-08,Changed Mind,Damaged,41.34,Approved,Store
RET-00000578,ITM-000007402,CUS-001092,2021-12-05,2021-12-10,,Defective,146.61,Approved,Store
RET-00000579,ITM-000007404,CUS-003199,2024-05-04,2024-05-16,Damaged Delivery,Resellable,223.66,Approved,Store
RET-00000580,ITM-000007451,CUS-001583,2024-03-07,2024-03-14,Damaged Delivery,Opened,40.15,Pending,Courier
RET-00000581,ITM-000007482,CUS-007762,2022-08-28,2022-08-31,Changed Mind,Damaged,84.03,Approved,Courier
RET-00000582,ITM-000007485,CUS-009515,2024-02-13,2024-02-18,Size/Fit,Damaged,59.29,Processed,Courier
RET-00000583,ITM-000007492,CUS-011405,2025-04-14,2025-04-20,Changed Mind,Opened,132.0,Approved,Courier
RET-00000584,ITM-000007527,CUS-001000,2026-07-06,2026-07-13,Changed Mind,Opened,50.85,Processed,Store
RET-00000585,ITM-000007531,CUS-006591,2024-03-17,2024-03-17,Size/Fit,Opened,110.02,Pending,Store
RET-00000586,ITM-000007532,CUS-002144,2023-11-05,2023-11-10,Wrong Item,Opened,38.27,Processed,Courier
RET-00000587,ITM-000007539,CUS-006450,2025-11-09,2025-11-10,Size/Fit,Resellable,46.26,Approved,Store
RET-00000588,ITM-000007547,CUS-011099,2026-02-25,2026-03-02,Defective Product,Defective,211.29,Approved,Courier
RET-00000589,ITM-000007557,CUS-008493,2026-06-02,2026-06-07,Defective Product,Opened,43.53,Pending,Store
RET-00000590,ITM-000007558,CUS-008493,2026-05-18,2026-05-18,Size/Fit,Resellable,780.52,Processed,Courier
RET-00000591,ITM-000007565,CUS-005617,2023-05-27,2023-06-09,Defective Product,Damaged,57.02,Approved,Courier
RET-00000592,ITM-000007576,CUS-007829,2022-11-22,2022-12-02,Changed Mind,Opened,81.36,Pending,Store
RET-00000593,ITM-000007621,CUS-008116,2026-08-29,2026-08-30,Damaged Delivery,Resellable,144.9,Approved,Courier
RET-00000594,ITM-000007627,CUS-011440,2022-07-18,2022-07-26,Other,Resellable,63.42,Processed,Courier
RET-00000595,ITM-000007645,CUS-001993,2021-08-20,2021-09-01,Changed Mind,Opened,107.28,Pending,Courier
RET-00000596,ITM-000007647,CUS-011716,2025-04-05,2025-04-07,Damaged Delivery,Resellable,91.49,Pending,Store
RET-00000597,ITM-000007652,CUS-005293,2021-07-05,2021-07-10,Defective Product,Damaged,10.29,Processed,Courier
RET-00000598,ITM-000007655,CUS-003985,2022-01-12,2022-01-21,Damaged Delivery,Opened,133.83,Pending,Store
RET-00000599,ITM-000007684,CUS-005639,2024-10-02,2024-10-15,Damaged Delivery,Defective,119.66,Approved,Courier
RET-00000600,ITM-000007714,CUS-009665,2023-07-06,2023-07-17,Changed Mind,Damaged,75.95,Processed,Store
RET-00000601,ITM-000007737,CUS-001885,2025-12-30,2026-01-09,,Defective,158.66,Approved,Courier
RET-00000602,ITM-000007744,CUS-008880,2021-04-20,2021-05-01,Wrong Item,Resellable,14.23,Approved,Courier
RET-00000603,ITM-000007753,CUS-006623,2021-12-24,2022-01-02,Damaged Delivery,Defective,43.98,Pending,Courier
RET-00000604,ITM-000007763,CUS-006081,2020-03-09,2020-03-09,Defective Product,Resellable,109.54,Processed,Courier
RET-00000605,ITM-000007774,,2024-07-23,2024-07-28,Changed Mind,Damaged,91.15,Approved,Courier
RET-00000606,ITM-000007785,CUS-003105,2020-06-27,2020-07-01,Defective Product,Defective,41.0,Pending,Store
RET-00000607,ITM-000007792,CUS-005162,2025-05-01,2025-05-05,Size/Fit,Opened,80.25,Pending,Store
RET-00000608,ITM-000007812,CUS-008133,2024-07-07,2024-07-15,Size/Fit,Resellable,51.22,Approved,Courier
RET-00000609,ITM-000007831,CUS-004201,2021-03-04,2021-03-11,,Resellable,51.29,Pending,Courier
RET-00000610,ITM-000007863,CUS-009916,2022-01-30,2022-02-03,Size/Fit,Defective,147.58,Pending,Courier
RET-00000611,ITM-000007886,CUS-004253,2020-08-09,2020-08-13,Not as Described,Defective,52.48,Pending,Courier
RET-00000612,ITM-000007888,CUS-005632,2025-07-30,2025-08-01,Changed Mind,Defective,51.26,Approved,Store
RET-00000613,ITM-000007917,CUS-010839,2022-03-12,2022-03-13,Changed Mind,Resellable,10.03,Approved,Store
RET-00000614,ITM-000007921,CUS-003037,2024-11-25,2024-11-25,Defective Product,Resellable,73.11,Approved,Store
RET-00000615,ITM-000007927,CUS-006236,2025-02-24,2025-03-06,Not as Described,Damaged,51.08,Approved,Store
RET-00000616,ITM-000007935,CUS-009964,2025-04-07,2025-04-07,Changed Mind,Resellable,296.99,Pending,Courier
RET-00000617,ITM-000007976,CUS-006696,2025-06-03,2025-06-03,Not as Described,Resellable,69.44,Pending,Courier
RET-00000618,ITM-000008008,CUS-004440,2020-07-07,2020-07-14,Size/Fit,Damaged,23.79,Pending,Courier
RET-00000619,ITM-000008017,CUS-009819,2022-06-19,2022-06-25,Changed Mind,Resellable,179.22,Pending,Store
RET-00000620,ITM-000008030,CUS-000117,2022-01-17,2022-01-18,Changed Mind,Resellable,280.92,Processed,Courier
RET-00000621,ITM-000008049,CUS-009742,2020-02-24,2020-03-07,,Damaged,13.23,Pending,Store
RET-00000622,ITM-000008058,CUS-008872,2022-08-11,2022-08-24,Size/Fit,Defective,94.86,Pending,Store
RET-00000623,ITM-000008063,CUS-001088,2024-12-07,2024-12-09,Size/Fit,Opened,39.26,Processed,Courier
RET-00000624,ITM-000008114,CUS-008339,2025-08-24,2025-08-28,Damaged Delivery,Opened,97.86,Pending,Courier
RET-00000625,ITM-000008117,CUS-000343,2022-01-21,2022-01-25,Defective Product,Opened,120.98,Pending,Store
RET-00000626,ITM-000008144,CUS-010955,2024-10-12,2024-10-19,Defective Product,Resellable,44.02,Approved,Store
RET-00000627,ITM-000008150,CUS-003099,2024-11-27,2024-12-03,Size/Fit,Damaged,25.86,Pending,Store
RET-00000628,ITM-000008177,CUS-010253,2022-07-30,2022-07-31,Defective Product,Opened,160.28,Pending,Store
RET-00000629,ITM-000008193,CUS-000176,2025-12-16,2025-12-19,Defective Product,Resellable,114.75,Pending,Courier
RET-00000630,ITM-000008210,CUS-007050,2024-11-06,2024-11-06,Changed Mind,Defective,23.25,Pending,Store
RET-00000631,ITM-000008223,CUS-010623,2022-08-04,2022-08-16,Defective Product,Damaged,46.63,Approved,Store
RET-00000632,ITM-000008229,CUS-001048,2020-05-11,2020-05-13,Not as Described,Opened,17.41,Approved,Store
RET-00000633,ITM-000008232,CUS-009694,2023-01-27,2023-02-07,Defective Product,Resellable,38.34,Pending,Store
RET-00000634,ITM-000008237,CUS-007188,2023-10-25,2023-11-06,Size/Fit,Defective,133.58,Processed,Courier
RET-00000635,ITM-000008243,CUS-005977,2024-09-30,2024-10-01,Changed Mind,Defective,116.23,Pending,Store
RET-00000636,ITM-000008264,CUS-010110,2023-07-15,2023-07-27,Defective Product,Resellable,61.6,Pending,Courier
RET-00000637,ITM-000008278,CUS-004072,2021-07-27,2021-08-05,,Defective,42.39,Processed,Store
RET-00000638,ITM-000008296,,2023-07-30,2023-08-10,Defective Product,Damaged,58.55,Processed,Courier
RET-00000639,ITM-000008316,CUS-010490,2021-06-19,2021-06-30,,Resellable,140.43,Pending,Store
RET-00000640,ITM-000008337,CUS-007046,2024-08-03,2024-08-08,Not as Described,Opened,13.86,Approved,Courier
RET-00000641,ITM-000008340,CUS-008695,2021-04-27,2021-05-04,Changed Mind,Resellable,43.81,Pending,Courier
RET-00000642,ITM-000008363,CUS-001894,2024-07-28,2024-08-01,Size/Fit,Opened,36.0,Pending,Courier
RET-00000643,ITM-000008373,CUS-009272,2023-08-07,2023-08-13,Not as Described,Resellable,91.12,Pending,Courier
RET-00000644,ITM-000008375,CUS-001768,2023-12-25,2023-12-31,Not as Described,Defective,126.27,Pending,Store
RET-00000645,ITM-000008389,CUS-004279,2023-09-01,2023-09-01,Not as Described,Defective,30.11,Pending,Store
RET-00000646,ITM-000008391,CUS-004279,2023-09-13,2023-09-23,Not as Described,Defective,728.94,Processed,Courier
RET-00000647,ITM-000008408,CUS-002554,2022-05-22,2022-05-27,Changed Mind,Opened,22.64,Processed,Store
RET-00000648,ITM-000008425,CUS-006505,2021-03-17,2021-03-17,,Resellable,52.46,Pending,Courier
RET-00000649,ITM-000008427,CUS-001834,2023-05-30,2023-06-10,Size/Fit,Opened,77.32,Pending,Store
RET-00000650,ITM-000008441,CUS-008556,2025-07-28,2025-07-30,Wrong Item,Defective,64.94,Pending,Courier
RET-00000651,ITM-000008444,CUS-001113,2024-09-13,2024-09-19,Changed Mind,Damaged,102.44,Approved,Courier
RET-00000652,ITM-000008445,CUS-001113,2024-10-02,2024-10-14,Not as Described,Resellable,94.42,Pending,Courier
RET-00000653,ITM-000008450,CUS-010843,2025-12-30,2026-01-05,Changed Mind,Damaged,56.88,Pending,Courier
RET-00000654,ITM-000008477,CUS-008610,2026-07-08,2026-07-20,Size/Fit,Damaged,301.48,Approved,Courier
RET-00000655,ITM-000008489,CUS-005183,2022-02-23,2022-03-02,Damaged Delivery,Opened,24.31,Approved,Store
RET-00000656,ITM-000008505,CUS-007614,2022-01-08,2022-01-16,Changed Mind,Resellable,10.89,Pending,Courier
RET-00000657,ITM-000008514,CUS-003764,2020-12-07,2020-12-17,,Resellable,147.35,Processed,Store
RET-00000658,ITM-000008518,CUS-008468,2023-03-28,2023-04-04,Not as Described,Defective,52.09,Approved,Store
RET-00000659,ITM-000008519,CUS-008468,2023-04-17,2023-04-22,Not as Described,Resellable,137.35,Approved,Courier
RET-00000660,ITM-000008523,CUS-001447,2021-02-04,2021-02-17,Not as Described,Resellable,132.36,Pending,Courier
RET-00000661,ITM-000008537,CUS-010962,2020-07-06,2020-07-16,Other,Damaged,92.03,Processed,Courier
RET-00000662,ITM-000008540,CUS-003092,2026-07-09,2026-07-17,Size/Fit,Opened,121.4,Pending,Store
RET-00000663,ITM-000008541,CUS-003243,2022-12-15,2022-12-19,Wrong Item,Damaged,232.46,Pending,Courier
RET-00000664,ITM-000008549,CUS-007085,2021-08-28,2021-09-08,Damaged Delivery,Damaged,38.42,Pending,Store
RET-00000665,ITM-000008561,CUS-002575,2025-03-25,2025-03-26,Other,Resellable,34.04,Processed,Courier
RET-00000666,ITM-000008592,CUS-005675,2024-10-30,2024-11-08,Not as Described,Damaged,19.25,Pending,Store
RET-00000667,ITM-000008610,CUS-002503,2020-10-29,2020-11-03,Wrong Item,Resellable,21.3,Approved,Courier
RET-00000668,ITM-000008618,CUS-003573,2025-05-24,2025-06-04,Changed Mind,Damaged,20.58,Approved,Courier
RET-00000669,ITM-000008646,CUS-009153,2020-12-23,2020-12-29,,Damaged,182.24,Pending,Store
RET-00000670,ITM-000008662,CUS-002576,2024-09-27,2024-10-02,Damaged Delivery,Resellable,200.18,Approved,Courier
RET-00000671,ITM-000008678,CUS-001347,2024-04-28,2024-05-11,Other,Opened,72.76,Processed,Courier
RET-00000672,ITM-000008690,CUS-004378,2023-02-21,2023-02-23,Damaged Delivery,Damaged,19.43,Processed,Courier
RET-00000673,ITM-000008693,CUS-009510,2023-03-28,2023-04-08,Defective Product,Resellable,27.13,Approved,Courier
RET-00000674,ITM-000008694,CUS-009510,2023-04-05,2023-04-08,Defective Product,Opened,33.03,Processed,Store
RET-00000675,ITM-000008699,CUS-000734,2022-08-20,2022-08-31,Wrong Item,Damaged,292.9,Processed,Courier
RET-00000676,ITM-000008705,CUS-006988,2026-04-28,2026-05-08,Size/Fit,Opened,49.51,Processed,Store
RET-00000677,ITM-000008711,CUS-008011,2023-01-13,2023-01-25,Damaged Delivery,Damaged,42.84,Approved,Courier
RET-00000678,ITM-000008733,CUS-007572,2023-05-07,2023-05-19,Wrong Item,Opened,21.3,Pending,Store
RET-00000679,ITM-000008749,CUS-009627,2022-12-28,2023-01-02,Changed Mind,Damaged,35.19,Approved,Store
RET-00000680,ITM-000008759,CUS-008280,2023-11-28,2023-11-29,Not as Described,Damaged,84.63,Pending,Store
RET-00000681,ITM-000008766,CUS-004136,2022-02-19,2022-02-21,Wrong Item,Defective,27.42,Approved,Store
RET-00000682,ITM-000008767,CUS-008097,2020-01-14,2020-01-27,Other,Resellable,35.68,Approved,Courier
RET-00000683,ITM-000008775,CUS-005653,2026-04-27,2026-05-03,Changed Mind,Opened,38.24,Pending,Courier
RET-00000684,ITM-000008780,CUS-000758,2022-09-17,2022-09-18,Changed Mind,Defective,28.17,Processed,Store
RET-00000685,ITM-000008799,CUS-008408,2024-06-30,2024-07-03,Not as Described,Opened,44.77,Pending,Courier
RET-00000686,ITM-000008809,CUS-009302,2024-12-26,2024-12-28,Changed Mind,Damaged,214.49,Pending,Store
RET-00000687,ITM-000008819,CUS-000053,2026-08-27,2026-09-05,Not as Described,Damaged,82.67,Processed,Store
RET-00000688,ITM-000008834,,2025-08-02,2025-08-12,Defective Product,Damaged,25.87,Processed,Courier
RET-00000689,ITM-000008849,CUS-010250,2025-09-03,2025-09-08,Size/Fit,Opened,49.73,Pending,Store
RET-00000690,ITM-000008856,CUS-007194,2026-06-12,2026-06-20,Defective Product,Damaged,331.41,Approved,Store
RET-00000691,ITM-000008859,CUS-003674,2022-02-04,2022-02-11,Changed Mind,Defective,82.41,Pending,Store
RET-00000692,ITM-000008861,CUS-005791,2025-05-13,2025-05-15,Wrong Item,Opened,153.29,Approved,Courier
RET-00000693,ITM-000008870,CUS-002893,2025-10-01,2025-10-14,Size/Fit,Resellable,33.87,Pending,Courier
RET-00000694,ITM-000008880,CUS-010754,2021-09-11,2021-09-16,Size/Fit,Opened,15.57,Approved,Courier
RET-00000695,ITM-000008895,CUS-004682,2023-05-24,2023-05-28,Other,Damaged,22.87,Pending,Store
RET-00000696,ITM-000008912,CUS-010982,2020-10-23,2020-10-31,Damaged Delivery,Damaged,235.6,Processed,Store
RET-00000697,ITM-000008920,CUS-007065,2023-11-08,2023-11-15,Changed Mind,Opened,180.05,Approved,Store
RET-00000698,ITM-000008933,CUS-004688,2023-11-18,2023-12-01,Defective Product,Opened,44.39,Approved,Courier
RET-00000699,ITM-000008947,CUS-001938,2023-11-21,2023-11-24,Size/Fit,Resellable,57.62,Pending,Courier
RET-00000700,ITM-000008964,CUS-008355,2024-07-08,2024-07-17,Wrong Item,Defective,34.68,Processed,Courier
RET-00000701,ITM-000008980,CUS-010451,2023-05-05,2023-05-10,Wrong Item,Damaged,40.38,Processed,Store
RET-00000702,ITM-000008988,CUS-005160,2023-03-23,2023-03-24,Not as Described,Opened,41.0,Processed,Courier
RET-00000703,ITM-000009010,CUS-007344,2021-10-27,2021-10-31,Changed Mind,Defective,96.64,Pending,Store
RET-00000704,ITM-000009016,CUS-001596,2021-09-10,2021-09-12,Size/Fit,Resellable,76.67,Approved,Store
RET-00000705,ITM-000009022,CUS-003084,2022-12-03,2022-12-13,Size/Fit,Damaged,28.88,Pending,Courier
RET-00000706,ITM-000009065,CUS-011705,2025-10-01,2025-10-12,Other,Damaged,98.02,Processed,Courier
RET-00000707,ITM-000009079,CUS-006947,2023-03-24,2023-04-04,Not as Described,Defective,86.01,Approved,Courier
RET-00000708,ITM-000009110,CUS-010355,2026-01-15,2026-01-23,Size/Fit,Damaged,134.62,Pending,Store
RET-00000709,ITM-000009115,CUS-005536,2025-10-01,2025-10-13,Changed Mind,Resellable,180.6,Processed,Store
RET-00000710,ITM-000009135,CUS-002894,2026-03-27,2026-04-07,Not as Described,Opened,163.54,Pending,Courier
RET-00000711,ITM-000009136,CUS-002894,2026-03-27,2026-04-08,Defective Product,Damaged,163.98,Approved,Courier
RET-00000712,ITM-000009137,CUS-002894,2026-04-04,2026-04-07,Damaged Delivery,Damaged,478.38,Processed,Store
RET-00000713,ITM-000009187,CUS-008470,2025-10-10,2025-10-18,Not as Described,Damaged,56.09,Approved,Store
RET-00000714,ITM-000009199,,2020-11-03,2020-11-05,Damaged Delivery,Opened,126.63,Approved,Courier
RET-00000715,ITM-000009206,CUS-001803,2025-08-10,2025-08-19,Size/Fit,Damaged,80.34,Approved,Store
RET-00000716,ITM-000009212,CUS-006300,2020-06-17,2020-06-26,Not as Described,Damaged,197.77,Processed,Store
RET-00000717,ITM-000009214,CUS-006300,2020-06-09,2020-06-19,Not as Described,Damaged,80.85,Processed,Store
RET-00000718,ITM-000009228,CUS-004757,2022-10-11,2022-10-18,Not as Described,Damaged,107.51,Processed,Store
RET-00000719,ITM-000009234,CUS-009930,2024-01-29,2024-02-08,Defective Product,Damaged,12.86,Pending,Courier
RET-00000720,ITM-000009239,CUS-004693,2022-07-25,2022-07-31,Defective Product,Damaged,13.62,Approved,Store
RET-00000721,ITM-000009247,CUS-005175,2026-06-10,2026-06-18,Changed Mind,Resellable,47.96,Processed,Courier
RET-00000722,ITM-000009248,CUS-005175,2026-06-27,2026-06-30,Defective Product,Resellable,28.04,Processed,Courier
RET-00000723,ITM-000009250,CUS-008889,2023-02-23,2023-02-28,Changed Mind,Resellable,65.29,Processed,Courier
RET-00000724,ITM-000009257,CUS-010662,2023-09-08,2023-09-19,Changed Mind,Resellable,289.8,Approved,Courier
RET-00000725,ITM-000009259,CUS-001317,2022-10-09,2022-10-09,Size/Fit,Defective,41.38,Pending,Courier
RET-00000726,ITM-000009264,CUS-002170,2023-07-13,2023-07-15,Defective Product,Defective,51.06,Processed,Courier
RET-00000727,ITM-000009268,CUS-007758,2020-05-19,2020-05-22,Changed Mind,Resellable,40.43,Approved,Courier
RET-00000728,ITM-000009284,CUS-003088,2022-01-18,2022-01-31,Changed Mind,Resellable,56.81,Approved,Courier
RET-00000729,ITM-000009317,CUS-006635,2025-10-05,2025-10-14,Changed Mind,Damaged,815.75,Processed,Courier
RET-00000730,ITM-000009320,CUS-006475,2026-09-08,2026-09-13,Size/Fit,Opened,86.01,Processed,Store
RET-00000731,ITM-000009321,CUS-002556,2026-03-08,2026-03-13,Defective Product,Opened,28.51,Pending,Store
RET-00000732,ITM-000009324,,2021-02-04,2021-02-15,Size/Fit,Damaged,78.01,Pending,Courier
RET-00000733,ITM-000009339,CUS-010836,2024-02-19,2024-02-26,Not as Described,Defective,37.97,Approved,Courier
RET-00000734,ITM-000009355,,2026-04-25,2026-04-26,Changed Mind,Resellable,13.31,Processed,Courier
RET-00000735,ITM-000009372,CUS-007661,2021-09-06,2021-09-17,,Resellable,96.83,Processed,Courier
RET-00000736,ITM-000009375,CUS-003889,2023-12-14,2023-12-21,Changed Mind,Resellable,164.5,Processed,Courier
RET-00000737,ITM-000009390,CUS-008011,2020-12-17,2020-12-29,Changed Mind,Defective,119.28,Approved,Store
RET-00000738,ITM-000009409,CUS-006135,2022-06-15,2022-06-17,Defective Product,Opened,39.62,Processed,Store
RET-00000739,ITM-000009428,CUS-001185,2020-12-29,2021-01-01,,Damaged,29.63,Pending,Courier
RET-00000740,ITM-000009436,CUS-002584,2021-05-08,2021-05-08,Changed Mind,Opened,36.31,Approved,Courier
RET-00000741,ITM-000009458,CUS-003796,2024-04-24,2024-04-26,Defective Product,Opened,84.16,Approved,Store
RET-00000742,ITM-000009488,CUS-000160,2025-02-24,2025-03-02,Changed Mind,Resellable,40.1,Processed,Store
RET-00000743,ITM-000009511,CUS-001384,2021-11-25,2021-12-07,,Opened,54.84,Pending,Courier
RET-00000744,ITM-000009523,CUS-008534,2024-07-28,2024-07-30,Defective Product,Resellable,33.97,Approved,Courier
RET-00000745,ITM-000009533,CUS-006030,2024-02-19,2024-02-26,Changed Mind,Opened,41.34,Processed,Courier
RET-00000746,ITM-000009554,CUS-011792,2026-02-03,2026-02-08,Changed Mind,Resellable,220.04,Approved,Courier
RET-00000747,ITM-000009593,CUS-003721,2022-08-12,2022-08-22,Changed Mind,Resellable,87.05,Approved,Courier
RET-00000748,ITM-000009598,CUS-011927,2025-05-07,2025-05-15,Defective Product,Defective,85.69,Approved,Courier
RET-00000749,ITM-000009611,CUS-004637,2024-04-22,2024-05-01,Size/Fit,Opened,39.01,Processed,Courier
RET-00000750,ITM-000009612,,2024-04-15,2024-04-28,Changed Mind,Resellable,57.67,Pending,Courier
RET-00000751,ITM-000009613,CUS-001987,2022-02-26,2022-02-26,Defective Product,Defective,48.72,Approved,Courier
RET-00000752,ITM-000009621,CUS-006596,2024-06-14,2024-06-22,Defective Product,Defective,14.23,Processed,Courier
RET-00000753,ITM-000009630,CUS-007340,2026-06-11,2026-06-12,Wrong Item,Opened,42.85,Pending,Store
RET-00000754,ITM-000009639,CUS-002696,2025-01-21,2025-01-30,Damaged Delivery,Resellable,84.3,Approved,Courier
RET-00000755,ITM-000009658,CUS-005963,2022-06-02,2022-06-05,Size/Fit,Opened,90.6,Pending,Courier
RET-00000756,ITM-000009662,CUS-006775,2026-07-05,2026-07-14,Changed Mind,Resellable,48.87,Pending,Courier
RET-00000757,ITM-000009669,CUS-011224,2021-06-07,2021-06-11,Other,Damaged,87.04,Pending,Store
RET-00000758,ITM-000009673,CUS-009615,2024-10-12,2024-10-22,Not as Described,Opened,64.2,Pending,Store
RET-00000759,ITM-000009688,CUS-002998,2022-08-13,2022-08-16,Size/Fit,Damaged,178.0,Pending,Store
RET-00000760,ITM-000009699,CUS-006971,2025-11-25,2025-11-26,Size/Fit,Defective,105.94,Approved,Courier
RET-00000761,ITM-000009721,CUS-001267,2025-09-21,2025-10-04,Size/Fit,Damaged,36.21,Processed,Courier
RET-00000762,ITM-000009723,CUS-002832,2023-03-07,2023-03-10,Not as Described,Resellable,48.17,Pending,Courier
RET-00000763,ITM-000009727,CUS-005795,2026-09-08,2026-09-15,Changed Mind,Resellable,66.6,Pending,Store
RET-00000764,ITM-000009738,,2021-07-04,2021-07-14,Size/Fit,Resellable,194.38,Approved,Courier
RET-00000765,ITM-000009748,CUS-005524,2021-04-24,2021-05-02,Changed Mind,Opened,60.01,Processed,Store
RET-00000766,ITM-000009755,CUS-006235,2021-10-17,2021-10-19,Size/Fit,Opened,81.28,Approved,Courier
RET-00000767,ITM-000009771,CUS-004297,2024-10-04,2024-10-12,Size/Fit,Defective,20.52,Approved,Store
RET-00000768,ITM-000009773,CUS-008295,2021-05-09,2021-05-10,Damaged Delivery,Damaged,175.17,Approved,Store
RET-00000769,ITM-000009778,CUS-001921,2025-04-16,2025-04-28,,Damaged,20.87,Approved,Courier
RET-00000770,ITM-000009810,CUS-011757,2024-01-05,2024-01-17,Changed Mind,Damaged,217.28,Pending,Courier
RET-00000771,ITM-000009814,CUS-005056,2023-12-16,2023-12-21,Damaged Delivery,Damaged,19.43,Approved,Courier
RET-00000772,ITM-000009815,CUS-005056,2023-12-09,2023-12-16,Changed Mind,Resellable,73.0,Pending,Store
RET-00000773,ITM-000009820,CUS-009063,2023-02-18,2023-02-22,Defective Product,Opened,37.58,Processed,Courier
RET-00000774,ITM-000009826,CUS-011425,2021-12-15,2021-12-27,,Resellable,19.18,Pending,Courier
RET-00000775,ITM-000009828,,2022-10-21,2022-11-01,Wrong Item,Defective,292.9,Processed,Courier
RET-00000776,ITM-000009830,CUS-004999,2021-09-05,2021-09-11,Wrong Item,Opened,64.2,Pending,Courier
RET-00000777,ITM-000009847,CUS-010293,2025-05-05,2025-05-07,Size/Fit,Defective,85.64,Pending,Courier
RET-00000778,ITM-000009857,CUS-001417,2025-11-15,2025-11-21,Changed Mind,Resellable,74.14,Processed,Store
RET-00000779,ITM-000009858,CUS-008815,2024-05-02,2024-05-15,Defective Product,Defective,97.8,Processed,Store
RET-00000780,ITM-000009884,CUS-005182,2021-03-01,2021-03-03,Defective Product,Defective,185.39,Approved,Courier
RET-00000781,ITM-000009888,CUS-007804,2022-04-04,2022-04-06,Changed Mind,Resellable,96.31,Processed,Store
RET-00000782,ITM-000009915,CUS-001710,2026-03-24,2026-04-05,Not as Described,Resellable,245.87,Pending,Store
RET-00000783,ITM-000009917,CUS-011174,2022-03-10,2022-03-20,Not as Described,Resellable,364.48,Pending,Courier
RET-00000784,ITM-000009920,CUS-004619,2021-10-22,2021-10-28,Changed Mind,Defective,117.24,Pending,Store
RET-00000785,ITM-000009933,CUS-000408,2020-03-18,2020-03-27,Not as Described,Opened,75.57,Processed,Courier
RET-00000786,ITM-000009937,CUS-006536,2026-02-09,2026-02-11,Defective Product,Damaged,43.61,Approved,Courier
RET-00000787,ITM-000009944,CUS-005100,2024-12-24,2024-12-29,Changed Mind,Opened,113.04,Pending,Store
RET-00000788,ITM-000009952,CUS-001714,2020-10-14,2020-10-15,Size/Fit,Damaged,69.75,Approved,Courier
RET-00000789,ITM-000009968,CUS-006078,2023-05-13,2023-05-20,Size/Fit,Defective,20.5,Approved,Courier
RET-00000790,ITM-000010018,CUS-011884,2026-04-26,2026-04-26,Changed Mind,Defective,12.08,Processed,Courier
RET-00000791,ITM-000010026,CUS-000035,2020-09-22,2020-09-22,Size/Fit,Resellable,110.16,Approved,Courier
RET-00000792,ITM-000010032,CUS-009442,2022-04-16,2022-04-26,Changed Mind,Resellable,199.54,Processed,Store
RET-00000793,ITM-000010035,CUS-000289,2024-11-22,2024-11-22,Defective Product,Opened,123.2,Approved,Courier
RET-00000794,ITM-000010036,CUS-009840,2022-05-22,2022-05-27,Size/Fit,Damaged,89.82,Processed,Courier
RET-00000795,ITM-000010055,CUS-008889,2024-04-22,2024-05-05,Changed Mind,Opened,31.88,Processed,Store
RET-00000796,ITM-000010058,CUS-005637,2020-04-17,2020-04-27,Not as Described,Resellable,195.01,Pending,Store
RET-00000797,ITM-000010059,CUS-009230,2025-08-16,2025-08-19,Defective Product,Resellable,168.06,Approved,Courier
RET-00000798,ITM-000010070,CUS-005238,2023-05-06,2023-05-17,Changed Mind,Resellable,117.83,Processed,Courier
RET-00000799,ITM-000010079,CUS-005976,2026-01-17,2026-01-19,Not as Described,Resellable,75.66,Approved,Store
RET-00000800,ITM-000010085,CUS-007817,2026-09-12,2026-09-25,Size/Fit,Damaged,56.27,Approved,Courier
RET-00000801,ITM-000010088,CUS-011088,2025-10-06,2025-10-18,Wrong Item,Opened,97.95,Approved,Store
RET-00000802,ITM-000010093,CUS-000032,2024-11-21,2024-11-21,Changed Mind,Defective,176.32,Approved,Courier
RET-00000803,ITM-000010094,CUS-009653,2025-01-17,2025-01-25,Not as Described,Damaged,347.22,Approved,Courier
RET-00000804,ITM-000010114,CUS-006451,2021-05-05,2021-05-11,Damaged Delivery,Opened,170.23,Approved,Store
RET-00000805,ITM-000010161,CUS-009661,2024-03-16,2024-03-23,Defective Product,Resellable,30.67,Processed,Courier
RET-00000806,ITM-000010173,CUS-010025,2022-01-25,2022-01-31,Changed Mind,Damaged,66.52,Pending,Courier
RET-00000807,ITM-000010194,CUS-009075,2021-09-26,2021-10-05,Defective Product,Damaged,436.5,Approved,Courier
RET-00000808,ITM-000010200,CUS-000899,2025-09-29,2025-10-05,Size/Fit,Resellable,52.42,Pending,Store
RET-00000809,ITM-000010203,CUS-011680,2026-02-20,2026-02-20,Size/Fit,Opened,41.35,Processed,Courier
RET-00000810,ITM-000010273,CUS-008258,2021-07-07,2021-07-13,Damaged Delivery,Damaged,33.85,Processed,Store
RET-00000811,ITM-000010281,CUS-000594,2026-01-31,2026-02-12,Damaged Delivery,Resellable,84.53,Processed,Courier
RET-00000812,ITM-000010294,CUS-000407,2025-01-26,2025-01-31,Changed Mind,Resellable,40.32,Pending,Courier
RET-00000813,ITM-000010309,CUS-007306,2025-08-20,2025-08-22,Not as Described,Defective,61.63,Processed,Store
RET-00000814,ITM-000010312,CUS-008012,2023-12-30,2024-01-08,Defective Product,Resellable,145.24,Approved,Courier
RET-00000815,ITM-000010314,CUS-001716,2021-10-24,2021-11-06,,Resellable,29.66,Processed,Courier
RET-00000816,ITM-000010315,CUS-008480,2020-12-11,2020-12-23,Not as Described,Damaged,49.62,Pending,Courier
RET-00000817,ITM-000010325,CUS-009354,2026-06-18,2026-06-20,Defective Product,Opened,813.33,Pending,Store
RET-00000818,ITM-000010354,CUS-000554,2025-02-09,2025-02-09,Defective Product,Opened,59.26,Approved,Courier
RET-00000819,ITM-000010407,CUS-002541,2022-05-19,2022-05-30,Size/Fit,Opened,9.61,Pending,Courier
RET-00000820,ITM-000010408,CUS-008152,2021-01-21,2021-01-24,Wrong Item,Defective,62.3,Processed,Store
RET-00000821,ITM-000010409,CUS-008152,2021-01-07,2021-01-11,Defective Product,Opened,210.93,Processed,Store
RET-00000822,ITM-000010424,CUS-003151,2021-03-30,2021-03-30,Size/Fit,Damaged,40.15,Pending,Courier
RET-00000823,ITM-000010429,CUS-008501,2021-01-19,2021-01-19,Changed Mind,Resellable,109.68,Processed,Courier
RET-00000824,ITM-000010449,CUS-002886,2022-08-09,2022-08-12,Defective Product,Opened,29.55,Pending,Store
RET-00000825,ITM-000010465,CUS-003993,2023-02-18,2023-03-02,Changed Mind,Defective,46.83,Pending,Courier
RET-00000826,ITM-000010468,CUS-004327,2021-10-29,2021-11-01,Not as Described,Damaged,192.77,Approved,Courier
RET-00000827,ITM-000010473,CUS-011858,2023-11-05,2023-11-06,Size/Fit,Resellable,57.07,Processed,Store
RET-00000828,ITM-000010483,,2023-11-07,2023-11-19,,Damaged,52.46,Pending,Store
RET-00000829,ITM-000010508,CUS-006026,2025-11-11,2025-11-22,Size/Fit,Resellable,29.32,Approved,Store
RET-00000830,ITM-000010520,CUS-006001,2026-03-07,2026-03-13,Size/Fit,Opened,72.26,Approved,Courier
RET-00000831,ITM-000010530,CUS-008004,2025-08-17,2025-08-18,Defective Product,Damaged,205.72,Pending,Courier
RET-00000832,ITM-000010533,CUS-008298,2025-12-23,2025-12-28,Size/Fit,Damaged,149.49,Approved,Store
RET-00000833,ITM-000010537,CUS-004226,2022-01-14,2022-01-27,,Damaged,21.78,Approved,Courier
RET-00000834,ITM-000010544,CUS-002308,2025-04-25,2025-04-30,Changed Mind,Resellable,89.09,Pending,Courier
RET-00000835,ITM-000010600,CUS-010719,2024-07-31,2024-08-13,Changed Mind,Damaged,33.78,Processed,Courier
RET-00000836,ITM-000010673,CUS-010320,2021-02-18,2021-02-28,Not as Described,Opened,69.93,Pending,Store
RET-00000837,ITM-000010679,CUS-002298,2024-02-07,2024-02-07,Not as Described,Opened,45.9,Processed,Store
RET-00000838,ITM-000010685,CUS-004923,2022-10-13,2022-10-24,Size/Fit,Damaged,41.44,Pending,Courier
RET-00000839,ITM-000010692,CUS-001987,2026-03-14,2026-03-22,Defective Product,Defective,41.03,Pending,Courier
RET-00000840,ITM-000010736,CUS-011034,2023-06-07,2023-06-14,Size/Fit,Damaged,1025.94,Approved,Courier
RET-00000841,ITM-000010740,CUS-008791,2026-08-18,2026-08-18,Size/Fit,Damaged,76.06,Approved,Store
RET-00000842,ITM-000010758,CUS-009100,2020-08-22,2020-08-25,Changed Mind,Resellable,80.75,Pending,Store
RET-00000843,ITM-000010765,CUS-005274,2026-01-22,2026-02-04,Wrong Item,Resellable,111.1,Processed,Courier
RET-00000844,ITM-000010769,CUS-011603,2023-01-14,2023-01-23,Damaged Delivery,Damaged,86.16,Pending,Store
RET-00000845,ITM-000010779,CUS-005592,2023-11-25,2023-12-03,Not as Described,Defective,32.8,Approved,Courier
RET-00000846,ITM-000010783,CUS-001471,2021-07-21,2021-07-30,,Resellable,60.97,Pending,Store
RET-00000847,ITM-000010784,CUS-002590,2024-03-21,2024-04-02,Defective Product,Opened,66.79,Approved,Store
RET-00000848,ITM-000010787,,2022-11-12,2022-11-19,Not as Described,Opened,29.96,Processed,Courier
RET-00000849,ITM-000010790,CUS-002267,2023-10-03,2023-10-07,Wrong Item,Resellable,59.52,Processed,Store
RET-00000850,ITM-000010801,CUS-006008,2022-02-18,2022-02-25,Wrong Item,Damaged,85.69,Pending,Courier
RET-00000851,ITM-000010822,CUS-003227,2024-05-23,2024-05-23,Changed Mind,Opened,61.65,Pending,Store
RET-00000852,ITM-000010835,CUS-008461,2024-07-09,2024-07-09,Size/Fit,Resellable,55.17,Processed,Courier
RET-00000853,ITM-000010863,CUS-005607,2021-06-13,2021-06-19,,Opened,37.05,Processed,Courier
RET-00000854,ITM-000010866,CUS-000943,2026-07-24,2026-08-06,Damaged Delivery,Defective,59.9,Processed,Courier
RET-00000855,ITM-000010887,CUS-009268,2020-03-10,2020-03-14,Defective Product,Defective,52.83,Approved,Store
RET-00000856,ITM-000010908,CUS-003250,2022-02-26,2022-03-10,Other,Opened,111.73,Approved,Store
RET-00000857,ITM-000010918,CUS-007440,2022-08-10,2022-08-19,Size/Fit,Defective,50.87,Pending,Store
RET-00000858,ITM-000010938,CUS-005242,2026-06-15,2026-06-19,Size/Fit,Resellable,65.97,Processed,Store
RET-00000859,ITM-000010953,CUS-006006,2023-02-17,2023-02-27,Not as Described,Resellable,197.77,Pending,Courier
RET-00000860,ITM-000010976,CUS-001418,2022-04-24,2022-05-05,Defective Product,Resellable,155.14,Pending,Store
RET-00000861,ITM-000010993,CUS-009566,2024-09-08,2024-09-10,Size/Fit,Opened,20.72,Approved,Courier
RET-00000862,ITM-000010996,,2026-07-21,2026-08-03,Not as Described,Resellable,73.25,Processed,Store
RET-00000863,ITM-000011022,CUS-009946,2020-11-23,2020-11-24,Not as Described,Defective,151.14,Processed,Store
RET-00000864,ITM-000011059,CUS-011197,2025-11-29,2025-12-08,Damaged Delivery,Defective,46.02,Pending,Courier
RET-00000865,ITM-000011086,CUS-003328,2024-10-30,2024-11-03,Damaged Delivery,Damaged,109.7,Pending,Store
RET-00000866,ITM-000011118,CUS-008416,2024-10-28,2024-11-08,Defective Product,Opened,284.5,Pending,Courier
RET-00000867,ITM-000011123,CUS-001618,2024-03-15,2024-03-22,Wrong Item,Opened,73.22,Processed,Store
RET-00000868,ITM-000011125,CUS-010084,2022-09-26,2022-09-28,Damaged Delivery,Resellable,26.85,Processed,Courier
RET-00000869,ITM-000011130,CUS-001530,2022-08-16,2022-08-26,Not as Described,Damaged,315.6,Pending,Courier
RET-00000870,ITM-000011137,CUS-002047,2021-02-21,2021-02-22,Wrong Item,Damaged,214.54,Pending,Store
RET-00000871,ITM-000011159,CUS-002170,2020-03-01,2020-03-06,Size/Fit,Opened,38.45,Approved,Store
RET-00000872,ITM-000011162,,2023-11-02,2023-11-05,Changed Mind,Opened,91.36,Pending,Courier
RET-00000873,ITM-000011166,CUS-007843,2023-03-28,2023-04-05,Defective Product,Opened,13.84,Processed,Courier
RET-00000874,ITM-000011177,CUS-006020,2024-10-12,2024-10-13,Changed Mind,Defective,18.98,Approved,Store
RET-00000875,ITM-000011185,CUS-000541,2026-05-25,2026-05-28,Changed Mind,Opened,147.24,Approved,Courier
RET-00000876,ITM-000011214,CUS-003208,2023-09-11,2023-09-14,Defective Product,Resellable,167.49,Pending,Courier
RET-00000877,ITM-000011219,CUS-000415,2023-11-01,2023-11-05,Changed Mind,Defective,110.47,Processed,Store
RET-00000878,ITM-000011223,CUS-002507,2021-11-22,2021-12-03,,Resellable,41.47,Pending,Courier
RET-00000879,ITM-000011229,CUS-011795,2023-10-07,2023-10-13,Size/Fit,Resellable,44.77,Pending,Store
RET-00000880,ITM-000011232,CUS-001850,2024-05-26,2024-05-28,Changed Mind,Defective,44.58,Approved,Courier
RET-00000881,ITM-000011233,CUS-009973,2025-01-04,2025-01-14,Damaged Delivery,Opened,23.98,Processed,Store
RET-00000882,ITM-000011252,CUS-003768,2023-02-08,2023-02-15,Defective Product,Opened,51.19,Pending,Store
RET-00000883,ITM-000011270,CUS-003716,2023-12-13,2023-12-13,Changed Mind,Opened,55.5,Processed,Store
RET-00000884,ITM-000011274,CUS-007006,2025-03-08,2025-03-11,Changed Mind,Opened,16.23,Approved,Courier
RET-00000885,ITM-000011284,CUS-002461,2022-11-10,2022-11-13,Not as Described,Opened,125.59,Processed,Courier
RET-00000886,ITM-000011285,CUS-003303,2020-10-09,2020-10-17,Not as Described,Opened,28.84,Approved,Courier
RET-00000887,ITM-000011313,CUS-010677,2021-02-25,2021-03-08,Defective Product,Opened,95.15,Pending,Courier
RET-00000888,ITM-000011336,CUS-011647,2022-07-29,2022-08-04,Not as Described,Resellable,134.68,Pending,Store
RET-00000889,ITM-000011337,CUS-000216,2025-08-19,2025-09-01,Changed Mind,Opened,88.03,Processed,Store
RET-00000890,ITM-000011344,CUS-005219,2023-11-19,2023-11-27,Changed Mind,Damaged,198.35,Pending,Courier
RET-00000891,ITM-000011360,CUS-000605,2023-08-03,2023-08-05,Changed Mind,Damaged,35.05,Approved,Courier
RET-00000892,ITM-000011362,CUS-010639,2025-09-30,2025-09-30,Changed Mind,Resellable,15.64,Pending,Store
RET-00000893,ITM-000011424,CUS-003552,2026-09-17,2026-09-20,Wrong Item,Defective,69.36,Pending,Courier
RET-00000894,ITM-000011425,CUS-001216,2021-08-04,2021-08-14,Defective Product,Resellable,81.95,Pending,Store
RET-00000895,ITM-000011465,CUS-004387,2025-10-15,2025-10-20,Size/Fit,Opened,43.56,Approved,Courier
RET-00000896,ITM-000011466,CUS-004387,2025-11-10,2025-11-13,Changed Mind,Defective,28.84,Pending,Courier
RET-00000897,ITM-000011469,CUS-005754,2023-04-14,2023-04-18,Defective Product,Resellable,46.85,Processed,Courier
RET-00000898,ITM-000011476,CUS-005322,2021-02-13,2021-02-21,Defective Product,Resellable,210.93,Processed,Courier
RET-00000899,ITM-000011478,CUS-000775,2023-01-06,2023-01-09,Damaged Delivery,Defective,57.04,Approved,Store
RET-00000900,ITM-000011479,CUS-011581,2021-08-28,2021-08-29,Defective Product,Opened,70.9,Processed,Store
RET-00000901,ITM-000011499,CUS-007307,2026-02-27,2026-03-03,Size/Fit,Damaged,51.29,Processed,Store
RET-00000902,ITM-000011502,CUS-011662,2023-01-25,2023-01-27,Not as Described,Damaged,86.48,Processed,Courier
RET-00000903,ITM-000011507,CUS-005712,2025-06-15,2025-06-22,Not as Described,Opened,119.28,Processed,Store
RET-00000904,ITM-000011530,CUS-000530,2021-04-21,2021-05-03,Changed Mind,Opened,47.21,Processed,Store
RET-00000905,ITM-000011533,CUS-003756,2025-11-01,2025-11-02,Size/Fit,Defective,89.39,Pending,Courier
RET-00000906,ITM-000011601,CUS-004356,2026-05-08,2026-05-14,Changed Mind,Damaged,48.7,Pending,Courier
RET-00000907,ITM-000011620,CUS-002032,2020-09-18,2020-09-26,Changed Mind,Opened,27.73,Approved,Store
RET-00000908,ITM-000011623,CUS-010752,2023-02-17,2023-02-19,Size/Fit,Resellable,91.12,Approved,Store
RET-00000909,ITM-000011641,CUS-003314,2025-04-08,2025-04-09,Changed Mind,Defective,12.76,Approved,Store
RET-00000910,ITM-000011666,CUS-006639,2021-03-20,2021-03-30,Changed Mind,Damaged,135.33,Approved,Courier
RET-00000911,ITM-000011716,CUS-008064,2025-06-01,2025-06-05,Defective Product,Opened,43.27,Approved,Store
RET-00000912,ITM-000011717,CUS-008334,2020-08-08,2020-08-17,Changed Mind,Damaged,133.58,Pending,Courier
RET-00000913,ITM-000011729,CUS-001515,2022-03-12,2022-03-13,Changed Mind,Resellable,125.59,Pending,Store
RET-00000914,ITM-000011735,CUS-003277,2020-05-24,2020-06-04,,Resellable,33.03,Processed,Courier
RET-00000915,ITM-000011751,CUS-001771,2020-12-02,2020-12-06,Damaged Delivery,Defective,30.06,Processed,Store
RET-00000916,ITM-000011755,CUS-011628,2020-06-26,2020-06-26,Defective Product,Resellable,187.92,Approved,Courier
RET-00000917,ITM-000011809,CUS-008920,2025-01-15,2025-01-17,Size/Fit,Opened,33.28,Pending,Courier
RET-00000918,ITM-000011823,CUS-000514,2023-02-09,2023-02-20,Damaged Delivery,Damaged,89.21,Approved,Store
RET-00000919,ITM-000011851,CUS-000263,2025-02-14,2025-02-14,Size/Fit,Opened,63.59,Pending,Courier
RET-00000920,ITM-000011873,CUS-008348,2021-10-25,2021-10-27,,Resellable,20.05,Approved,Store
RET-00000921,ITM-000011890,CUS-003081,2025-07-11,2025-07-12,Defective Product,Defective,178.05,Pending,Courier
RET-00000922,ITM-000011907,CUS-009665,2025-03-06,2025-03-16,Size/Fit,Damaged,266.88,Pending,Courier
RET-00000923,ITM-000011948,CUS-000492,2023-12-22,2023-12-25,Not as Described,Damaged,76.85,Pending,Courier
RET-00000924,ITM-000011967,CUS-006414,2025-01-18,2025-01-22,Not as Described,Opened,242.98,Approved,Store
RET-00000925,ITM-000012016,CUS-003221,2023-09-18,2023-09-24,Defective Product,Defective,48.02,Pending,Courier
RET-00000926,ITM-000012023,CUS-004810,2026-01-16,2026-01-28,Size/Fit,Defective,110.16,Pending,Courier
RET-00000927,ITM-000012031,CUS-003357,2024-01-10,2024-01-10,Defective Product,Defective,112.16,Processed,Courier
RET-00000928,ITM-000012051,CUS-011356,2020-09-10,2020-09-20,Changed Mind,Resellable,223.41,Approved,Courier
RET-00000929,ITM-000012055,CUS-011774,2023-06-14,2023-06-18,Damaged Delivery,Defective,23.98,Processed,Store
RET-00000930,ITM-000012066,CUS-006556,2025-04-21,2025-04-28,Not as Described,Opened,52.59,Pending,Courier
RET-00000931,ITM-000012080,CUS-001555,2022-05-30,2022-06-05,,Resellable,47.21,Processed,Courier
RET-00000932,ITM-000012082,CUS-011042,2023-10-20,2023-10-20,Size/Fit,Opened,60.87,Pending,Courier
RET-00000933,ITM-000012091,CUS-003956,2022-03-17,2022-03-30,Changed Mind,Defective,153.74,Processed,Store
RET-00000934,ITM-000012097,CUS-007275,2023-09-07,2023-09-17,Defective Product,Opened,28.77,Pending,Store
RET-00000935,ITM-000012104,CUS-003786,2020-09-10,2020-09-20,,Resellable,99.85,Pending,Store
RET-00000936,ITM-000012118,CUS-000677,2025-10-23,2025-11-01,Other,Damaged,577.82,Pending,Store
RET-00000937,ITM-000012155,CUS-009738,2022-12-31,2023-01-12,Changed Mind,Opened,27.4,Pending,Store
RET-00000938,ITM-000012160,CUS-005743,2021-08-27,2021-09-01,Not as Described,Defective,53.03,Processed,Courier
RET-00000939,ITM-000012188,CUS-010090,2024-01-09,2024-01-17,Damaged Delivery,Opened,39.66,Pending,Courier
RET-00000940,ITM-000012202,CUS-000750,2023-07-27,2023-08-04,Size/Fit,Damaged,25.93,Approved,Courier
RET-00000941,ITM-000012203,CUS-004979,2025-06-21,2025-06-30,Damaged Delivery,Resellable,239.19,Pending,Courier
RET-00000942,ITM-000012205,CUS-011712,2024-06-19,2024-06-24,Not as Described,Opened,533.16,Processed,Courier
RET-00000943,ITM-000012217,CUS-009061,2020-12-18,2020-12-19,Size/Fit,Opened,26.01,Approved,Courier
RET-00000944,ITM-000012223,CUS-008196,2024-06-19,2024-06-20,Defective Product,Defective,85.82,Approved,Courier
RET-00000945,ITM-000012231,CUS-001965,2022-10-13,2022-10-14,Defective Product,Defective,55.36,Pending,Store
RET-00000946,ITM-000012265,CUS-008194,2023-05-21,2023-05-31,Defective Product,Defective,55.55,Processed,Courier
RET-00000947,ITM-000012268,CUS-002646,2023-06-19,2023-06-25,Changed Mind,Damaged,66.56,Pending,Courier
RET-00000948,ITM-000012280,CUS-000618,2026-09-13,2026-09-13,Size/Fit,Damaged,68.42,Processed,Courier
RET-00000949,ITM-000012281,CUS-003799,2024-09-13,2024-09-16,Not as Described,Defective,11.89,Processed,Store
RET-00000950,ITM-000012284,CUS-006491,2025-11-02,2025-11-04,Defective Product,Resellable,93.95,Processed,Store
RET-00000951,ITM-000012288,CUS-000209,2023-10-18,2023-10-27,Changed Mind,Defective,67.15,Pending,Store
RET-00000952,ITM-000012301,CUS-001421,2025-11-10,2025-11-17,Changed Mind,Damaged,94.86,Processed,Courier
RET-00000953,ITM-000012330,CUS-003328,2025-05-04,2025-05-17,Size/Fit,Opened,35.23,Pending,Courier
RET-00000954,ITM-000012377,CUS-008795,2026-08-09,2026-08-10,Changed Mind,Resellable,38.16,Pending,Courier
RET-00000955,ITM-000012379,CUS-001410,2022-12-22,2022-12-31,Changed Mind,Defective,32.47,Approved,Store
RET-00000956,ITM-000012399,CUS-008267,2025-04-22,2025-04-24,Changed Mind,Resellable,319.9,Processed,Store
RET-00000957,ITM-000012458,CUS-002733,2025-04-02,2025-04-05,Changed Mind,Defective,68.69,Pending,Courier
RET-00000958,ITM-000012459,CUS-002733,2025-03-29,2025-04-09,Not as Described,Opened,98.89,Approved,Store
RET-00000959,ITM-000012479,,2023-12-28,2024-01-04,Defective Product,Damaged,308.95,Processed,Store
RET-00000960,ITM-000012487,CUS-005621,2025-05-02,2025-05-15,Changed Mind,Opened,11.89,Pending,Courier
RET-00000961,ITM-000012514,,2022-12-14,2022-12-20,Defective Product,Opened,113.2,Processed,Store
RET-00000962,ITM-000012527,CUS-005255,2021-09-27,2021-10-05,,Damaged,33.97,Approved,Store
RET-00000963,ITM-000012555,CUS-006082,2022-06-18,2022-06-24,Changed Mind,Defective,17.16,Pending,Store
RET-00000964,ITM-000012561,CUS-010191,2025-03-07,2025-03-10,Other,Damaged,57.27,Processed,Store
RET-00000965,ITM-000012565,CUS-005240,2022-10-28,2022-11-10,Not as Described,Damaged,65.97,Pending,Store
RET-00000966,ITM-000012574,CUS-006280,2020-08-20,2020-08-29,Changed Mind,Damaged,104.11,Pending,Store
RET-00000967,ITM-000012594,CUS-004967,2025-04-21,2025-05-01,Defective Product,Damaged,129.44,Processed,Courier
RET-00000968,ITM-000012598,CUS-007359,2022-02-26,2022-03-06,Defective Product,Defective,123.45,Processed,Store
RET-00000969,ITM-000012613,CUS-006403,2025-02-20,2025-02-28,Changed Mind,Damaged,66.18,Approved,Courier
RET-00000970,ITM-000012641,CUS-005471,2024-07-17,2024-07-18,Changed Mind,Defective,107.28,Pending,Courier
RET-00000971,ITM-000012675,CUS-000392,2020-01-06,2020-01-18,Defective Product,Resellable,69.66,Pending,Courier
RET-00000972,ITM-000012683,CUS-003258,2023-03-27,2023-04-05,Changed Mind,Defective,119.28,Approved,Store
RET-00000973,ITM-000012690,CUS-009289,2024-05-03,2024-05-05,Wrong Item,Defective,90.56,Pending,Store
RET-00000974,ITM-000012719,,2020-12-29,2021-01-01,Defective Product,Opened,122.19,Processed,Store
RET-00000975,ITM-000012780,CUS-008630,2023-06-01,2023-06-12,Size/Fit,Resellable,46.16,Pending,Store
RET-00000976,ITM-000012797,CUS-000773,2023-09-12,2023-09-15,Damaged Delivery,Resellable,155.14,Pending,Store
RET-00000977,ITM-000012810,CUS-005826,2022-09-01,2022-09-10,Size/Fit,Damaged,243.5,Pending,Courier
RET-00000978,ITM-000012811,CUS-006293,2022-06-16,2022-06-16,Defective Product,Opened,88.54,Processed,Courier
RET-00000979,ITM-000012857,CUS-001503,2020-12-04,2020-12-14,Size/Fit,Resellable,212.87,Pending,Courier
RET-00000980,ITM-000012863,CUS-008481,2022-12-28,2023-01-08,Damaged Delivery,Defective,91.42,Pending,Store
RET-00000981,ITM-000012904,CUS-009640,2022-09-11,2022-09-21,Defective Product,Defective,106.17,Approved,Courier
RET-00000982,ITM-000012924,,2026-02-03,2026-02-14,Other,Opened,56.82,Processed,Store
RET-00000983,ITM-000012939,CUS-002789,2024-08-11,2024-08-11,Changed Mind,Damaged,105.18,Pending,Store
RET-00000984,ITM-000012940,CUS-002789,2024-08-24,2024-09-02,Size/Fit,Opened,85.03,Approved,Courier
RET-00000985,ITM-000012960,CUS-003510,2021-11-08,2021-11-10,Damaged Delivery,Resellable,56.7,Pending,Store
RET-00000986,ITM-000012971,CUS-001595,2025-09-06,2025-09-17,Not as Described,Opened,107.54,Pending,Store
RET-00000987,ITM-000013000,CUS-005909,2020-01-28,2020-02-03,Size/Fit,Resellable,52.46,Approved,Courier
RET-00000988,ITM-000013018,CUS-001903,2021-01-07,2021-01-08,Changed Mind,Damaged,45.38,Processed,Courier
RET-00000989,ITM-000013077,CUS-007094,2022-12-19,2022-12-28,Defective Product,Resellable,14.75,Processed,Store
RET-00000990,ITM-000013083,CUS-009115,2024-09-04,2024-09-08,Wrong Item,Defective,227.76,Processed,Courier
RET-00000991,ITM-000013086,CUS-010244,2021-09-10,2021-09-18,Changed Mind,Defective,29.58,Processed,Courier
RET-00000992,ITM-000013122,CUS-006163,2021-07-24,2021-07-31,Changed Mind,Opened,121.66,Processed,Courier
RET-00000993,ITM-000013165,CUS-009978,2023-09-16,2023-09-18,Defective Product,Resellable,88.42,Pending,Courier
RET-00000994,ITM-000013166,CUS-005680,2025-09-24,2025-09-24,Not as Described,Damaged,198.01,Pending,Store
RET-00000995,ITM-000013170,CUS-008962,2021-11-24,2021-11-24,,Opened,43.27,Approved,Courier
RET-00000996,ITM-000013180,CUS-002264,2022-03-09,2022-03-10,Defective Product,Defective,41.0,Processed,Store
RET-00000997,ITM-000013191,CUS-006489,2023-08-16,2023-08-23,Size/Fit,Opened,67.34,Pending,Courier
RET-00000998,ITM-000013214,CUS-001753,2021-05-17,2021-05-30,Changed Mind,Defective,197.98,Pending,Courier
RET-00000999,ITM-000013216,CUS-005543,2024-11-26,2024-11-29,Changed Mind,Damaged,336.12,Approved,Store
RET-00001000,ITM-000013223,CUS-005214,2022-11-19,2022-11-28,Not as Described,Defective,58.44,Pending,Store
RET-00001001,ITM-000013229,CUS-003732,2020-12-18,2020-12-19,Defective Product,Opened,95.2,Pending,Courier
RET-00001002,ITM-000013262,CUS-000981,2021-06-30,2021-07-03,Changed Mind,Damaged,36.13,Pending,Courier
RET-00001003,ITM-000013314,CUS-008699,2023-08-14,2023-08-21,Other,Resellable,45.32,Processed,Courier
RET-00001004,ITM-000013315,CUS-008699,2023-08-18,2023-08-18,Not as Described,Opened,102.39,Pending,Courier
RET-00001005,ITM-000013333,CUS-004469,2026-01-12,2026-01-17,Damaged Delivery,Defective,77.57,Pending,Courier
RET-00001006,ITM-000013353,CUS-011313,2024-04-14,2024-04-21,Changed Mind,Opened,139.73,Processed,Store
RET-00001007,ITM-000013361,CUS-000937,2025-04-13,2025-04-16,Changed Mind,Defective,81.66,Approved,Courier
RET-00001008,ITM-000013364,CUS-001479,2020-09-06,2020-09-11,Changed Mind,Defective,770.94,Processed,Store
RET-00001009,ITM-000013369,CUS-006680,2025-03-20,2025-03-27,Changed Mind,Damaged,28.58,Pending,Courier
RET-00001010,ITM-000013394,CUS-008831,2026-02-08,2026-02-12,Wrong Item,Defective,245.93,Approved,Store
RET-00001011,ITM-000013404,CUS-010482,2023-05-02,2023-05-05,Changed Mind,Resellable,25.96,Processed,Store
RET-00001012,ITM-000013411,CUS-009710,2020-04-05,2020-04-11,,Opened,59.9,Processed,Store
RET-00001013,ITM-000013412,CUS-009710,2020-04-05,2020-04-11,Defective Product,Damaged,81.23,Approved,Courier
RET-00001014,ITM-000013434,CUS-005824,2024-07-22,2024-07-23,Changed Mind,Defective,209.47,Processed,Courier
RET-00001015,ITM-000013441,CUS-005460,2026-05-06,2026-05-12,Defective Product,Damaged,33.66,Approved,Courier
RET-00001016,ITM-000013454,CUS-009240,2021-12-30,2022-01-08,Changed Mind,Damaged,32.17,Approved,Courier
RET-00001017,ITM-000013465,CUS-001182,2021-02-08,2021-02-20,Changed Mind,Damaged,46.78,Pending,Courier
RET-00001018,ITM-000013470,CUS-011404,2022-12-21,2022-12-30,Changed Mind,Damaged,46.85,Approved,Store
RET-00001019,ITM-000013512,CUS-000910,2020-06-29,2020-07-02,Defective Product,Damaged,95.14,Processed,Store
RET-00001020,ITM-000013558,CUS-001281,2024-02-01,2024-02-05,Not as Described,Defective,60.48,Approved,Store
RET-00001021,ITM-000013583,CUS-004773,2022-12-11,2022-12-17,Changed Mind,Damaged,63.75,Approved,Store
RET-00001022,ITM-000013594,CUS-005828,2020-04-02,2020-04-10,Changed Mind,Opened,110.16,Pending,Store
RET-00001023,ITM-000013606,CUS-002435,2023-09-08,2023-09-11,Defective Product,Damaged,205.16,Processed,Courier
RET-00001024,ITM-000013608,CUS-002435,2023-09-19,2023-09-27,Changed Mind,Resellable,511.84,Processed,Courier
RET-00001025,ITM-000013616,CUS-002674,2022-10-18,2022-10-31,Defective Product,Resellable,253.97,Approved,Courier
RET-00001026,ITM-000013619,CUS-010306,2025-04-28,2025-04-29,Changed Mind,Resellable,130.2,Approved,Courier
RET-00001027,ITM-000013647,CUS-001201,2024-09-06,2024-09-12,Changed Mind,Defective,43.48,Pending,Courier
RET-00001028,ITM-000013650,CUS-009611,2021-09-26,2021-10-01,Changed Mind,Damaged,58.73,Approved,Store
RET-00001029,ITM-000013651,CUS-009611,2021-09-11,2021-09-19,Changed Mind,Opened,90.89,Approved,Store
RET-00001030,ITM-000013657,CUS-010281,2026-08-02,2026-08-10,Wrong Item,Damaged,130.52,Approved,Store
RET-00001031,ITM-000013660,CUS-010281,2026-09-01,2026-09-05,Damaged Delivery,Damaged,52.63,Approved,Store
RET-00001032,ITM-000013663,CUS-006854,2024-11-12,2024-11-19,Other,Resellable,39.31,Approved,Store
RET-00001033,ITM-000013664,CUS-006854,2024-11-14,2024-11-25,Defective Product,Defective,65.17,Processed,Store
RET-00001034,ITM-000013699,CUS-006154,2022-11-10,2022-11-10,Damaged Delivery,Defective,227.02,Pending,Courier
RET-00001035,ITM-000013704,CUS-007251,2021-03-25,2021-03-26,,Resellable,114.29,Approved,Courier
RET-00001036,ITM-000013707,CUS-007976,2026-06-13,2026-06-18,Defective Product,Resellable,93.33,Approved,Courier
RET-00001037,ITM-000013727,CUS-006304,2023-06-01,2023-06-08,Not as Described,Resellable,33.28,Approved,Courier
RET-00001038,ITM-000013742,CUS-011660,2021-07-19,2021-07-21,Defective Product,Defective,394.21,Pending,Courier
RET-00001039,ITM-000013748,CUS-004360,2020-10-03,2020-10-10,Not as Described,Resellable,104.83,Pending,Store
RET-00001040,ITM-000013771,CUS-005642,2022-07-10,2022-07-17,Defective Product,Damaged,41.47,Processed,Courier
RET-00001041,ITM-000013776,,2025-01-12,2025-01-25,Not as Described,Resellable,18.2,Approved,Courier
RET-00001042,ITM-000013781,CUS-008069,2021-08-31,2021-08-31,,Damaged,38.66,Approved,Store
RET-00001043,ITM-000013798,CUS-005385,2021-05-19,2021-05-22,Not as Described,Opened,38.66,Pending,Courier
RET-00001044,ITM-000013861,,2021-04-21,2021-04-24,,Opened,28.04,Approved,Courier
RET-00001045,ITM-000013866,CUS-008010,2025-08-17,2025-08-19,Damaged Delivery,Damaged,43.5,Processed,Store
RET-00001046,ITM-000013868,CUS-000618,2023-01-05,2023-01-14,Size/Fit,Damaged,41.12,Pending,Store
RET-00001047,ITM-000013872,CUS-007980,2023-01-03,2023-01-07,Size/Fit,Resellable,144.03,Approved,Store
RET-00001048,ITM-000013885,CUS-004016,2023-11-28,2023-12-08,Changed Mind,Defective,53.71,Processed,Courier
RET-00001049,ITM-000013905,CUS-008108,2025-11-02,2025-11-11,Changed Mind,Opened,32.8,Approved,Store
RET-00001050,ITM-000013920,CUS-000140,2026-05-07,2026-05-11,Changed Mind,Opened,103.18,Approved,Store
RET-00001051,ITM-000013921,CUS-004000,2026-09-05,2026-09-11,Changed Mind,Resellable,116.75,Pending,Store
RET-00001052,ITM-000013929,CUS-001748,2022-11-22,2022-12-05,Defective Product,Defective,334.59,Approved,Courier
RET-00001053,ITM-000013953,CUS-006505,2026-08-30,2026-09-11,Not as Described,Defective,218.93,Approved,Store
RET-00001054,ITM-000013965,CUS-001074,2022-09-08,2022-09-17,,Resellable,67.23,Pending,Store
RET-00001055,ITM-000013993,CUS-011293,2023-05-10,2023-05-20,Changed Mind,Opened,205.26,Pending,Store
RET-00001056,ITM-000013994,CUS-000610,2021-08-08,2021-08-21,Size/Fit,Resellable,45.46,Pending,Courier
RET-00001057,ITM-000014000,CUS-001477,2021-10-01,2021-10-09,Not as Described,Defective,423.78,Processed,Courier
RET-00001058,ITM-000014006,,2025-07-03,2025-07-06,Defective Product,Resellable,39.86,Pending,Store
RET-00001059,ITM-000014010,CUS-004802,2025-08-25,2025-08-29,Changed Mind,Defective,67.85,Processed,Courier
RET-00001060,ITM-000014017,CUS-000249,2022-07-28,2022-08-10,Size/Fit,Opened,139.86,Pending,Courier
RET-00001061,ITM-000014037,CUS-003923,2022-09-01,2022-09-09,Changed Mind,Opened,25.93,Pending,Courier
RET-00001062,ITM-000014055,CUS-005073,2023-10-01,2023-10-11,Size/Fit,Opened,170.99,Approved,Store
RET-00001063,ITM-000014068,CUS-010934,2022-03-20,2022-03-28,Defective Product,Resellable,434.7,Processed,Store
RET-00001064,ITM-000014086,CUS-003343,2022-01-02,2022-01-04,Not as Described,Damaged,59.28,Processed,Courier
RET-00001065,ITM-000014111,CUS-010941,2023-04-02,2023-04-05,Size/Fit,Defective,97.73,Pending,Courier
RET-00001066,ITM-000014141,CUS-006814,2025-06-19,2025-06-21,Not as Described,Resellable,19.47,Processed,Store
RET-00001067,ITM-000014158,CUS-009412,2023-01-08,2023-01-20,Not as Described,Damaged,125.08,Processed,Store
RET-00001068,ITM-000014182,CUS-001492,2024-08-17,2024-08-27,Changed Mind,Resellable,74.97,Approved,Courier
RET-00001069,ITM-000014195,CUS-009206,2023-01-10,2023-01-22,Not as Described,Resellable,36.37,Processed,Courier
RET-00001070,ITM-000014198,CUS-002306,2023-02-10,2023-02-19,Defective Product,Resellable,88.54,Approved,Courier
RET-00001071,ITM-000014203,CUS-000467,2020-07-24,2020-07-30,Changed Mind,Opened,32.47,Pending,Courier
RET-00001072,ITM-000014206,CUS-002625,2022-02-07,2022-02-17,Defective Product,Damaged,246.75,Pending,Store
RET-00001073,ITM-000014213,CUS-006725,2021-11-30,2021-11-30,Not as Described,Opened,592.79,Approved,Courier
RET-00001074,ITM-000014218,CUS-008465,2021-02-07,2021-02-16,Changed Mind,Resellable,54.72,Processed,Courier
RET-00001075,ITM-000014230,CUS-008069,2020-07-15,2020-07-26,Other,Opened,50.97,Approved,Courier
RET-00001076,ITM-000014240,CUS-002636,2022-12-29,2023-01-01,Changed Mind,Damaged,379.05,Processed,Courier
RET-00001077,ITM-000014274,,2020-10-11,2020-10-11,Defective Product,Damaged,143.24,Approved,Store
RET-00001078,ITM-000014281,CUS-011208,2021-05-26,2021-05-30,Size/Fit,Damaged,7.38,Pending,Courier
RET-00001079,ITM-000014297,CUS-005240,2023-12-31,2024-01-13,Changed Mind,Resellable,46.7,Processed,Store
RET-00001080,ITM-000014321,CUS-000439,2025-09-19,2025-09-22,Not as Described,Opened,123.27,Pending,Courier
RET-00001081,ITM-000014380,CUS-010861,2025-09-29,2025-09-30,Not as Described,Opened,62.32,Approved,Courier
RET-00001082,ITM-000014386,CUS-004646,2022-03-09,2022-03-11,Not as Described,Defective,213.26,Approved,Courier
RET-00001083,ITM-000014390,CUS-011366,2024-08-03,2024-08-10,Changed Mind,Opened,185.65,Pending,Courier
RET-00001084,ITM-000014456,CUS-005660,2022-07-06,2022-07-19,Damaged Delivery,Opened,122.92,Processed,Store
RET-00001085,ITM-000014472,CUS-003696,2022-03-27,2022-03-30,Changed Mind,Opened,141.63,Pending,Store
RET-00001086,ITM-000014499,CUS-000730,2024-05-21,2024-05-30,Not as Described,Defective,25.93,Approved,Store
RET-00001087,ITM-000014535,CUS-009082,2020-12-09,2020-12-13,Changed Mind,Defective,14.38,Pending,Store
RET-00001088,ITM-000014539,CUS-000403,2020-06-01,2020-06-12,Changed Mind,Opened,24.96,Approved,Store
RET-00001089,ITM-000014542,CUS-007087,2023-10-27,2023-11-06,Defective Product,Damaged,77.28,Approved,Courier
RET-00001090,ITM-000014551,CUS-010581,2020-07-29,2020-08-11,Defective Product,Defective,21.61,Processed,Courier
RET-00001091,ITM-000014597,CUS-009737,2025-03-04,2025-03-07,Defective Product,Damaged,70.64,Approved,Store
RET-00001092,ITM-000014647,CUS-009923,2025-07-24,2025-08-06,Not as Described,Damaged,41.47,Approved,Store
RET-00001093,ITM-000014649,CUS-008763,2021-08-29,2021-09-02,Not as Described,Resellable,76.85,Processed,Store
RET-00001094,ITM-000014652,CUS-001341,2021-10-02,2021-10-03,Changed Mind,Opened,82.0,Approved,Store
RET-00001095,ITM-000014653,CUS-004172,2020-12-29,2020-12-31,,Resellable,56.11,Processed,Store
RET-00001096,ITM-000014685,CUS-007550,2021-06-29,2021-07-09,Size/Fit,Defective,100.5,Processed,Store
RET-00001097,ITM-000014709,CUS-011751,2023-08-09,2023-08-11,Changed Mind,Defective,107.54,Approved,Courier
RET-00001098,ITM-000014713,CUS-000693,2022-07-31,2022-08-02,Changed Mind,Damaged,71.4,Approved,Store
RET-00001099,ITM-000014726,,2023-12-01,2023-12-07,Changed Mind,Damaged,29.66,Approved,Courier
RET-00001100,ITM-000014755,CUS-007934,2022-10-04,2022-10-10,Not as Described,Defective,160.74,Processed,Courier
RET-00001101,ITM-000014776,CUS-007597,2021-09-02,2021-09-09,Defective Product,Defective,38.03,Processed,Courier
RET-00001102,ITM-000014778,CUS-003221,2023-06-13,2023-06-22,Size/Fit,Damaged,122.34,Pending,Courier
RET-00001103,ITM-000014790,CUS-010283,2021-11-16,2021-11-18,Not as Described,Resellable,27.36,Approved,Store
RET-00001104,ITM-000014806,CUS-011102,2021-05-06,2021-05-06,,Resellable,89.6,Processed,Courier
RET-00001105,ITM-000014808,CUS-009285,2026-06-08,2026-06-18,Changed Mind,Opened,47.3,Processed,Store
RET-00001106,ITM-000014819,CUS-005562,2021-08-15,2021-08-17,,Resellable,72.64,Pending,Courier
RET-00001107,ITM-000014824,CUS-011800,2024-10-14,2024-10-14,Damaged Delivery,Defective,31.98,Pending,Store
RET-00001108,ITM-000014829,CUS-009679,2024-09-11,2024-09-22,Not as Described,Damaged,49.84,Pending,Store
RET-00001109,ITM-000014839,CUS-008965,2025-12-28,2026-01-06,Defective Product,Damaged,96.68,Approved,Courier
RET-00001110,ITM-000014864,CUS-010118,2025-03-30,2025-04-06,Changed Mind,Opened,19.11,Approved,Courier
RET-00001111,ITM-000014875,CUS-002732,2025-04-20,2025-04-25,Defective Product,Damaged,20.91,Pending,Courier
RET-00001112,ITM-000014877,CUS-009690,2026-08-13,2026-08-24,Defective Product,Defective,21.64,Approved,Courier
RET-00001113,ITM-000014878,CUS-009659,2021-10-04,2021-10-07,Changed Mind,Defective,29.64,Pending,Courier
RET-00001114,ITM-000014907,CUS-010634,2025-11-14,2025-11-27,Size/Fit,Resellable,48.17,Processed,Courier
RET-00001115,ITM-000014924,CUS-004060,2024-01-13,2024-01-24,Not as Described,Damaged,48.4,Pending,Courier
RET-00001116,ITM-000014933,CUS-010360,2025-07-26,2025-08-03,Not as Described,Resellable,134.01,Pending,Store
RET-00001117,ITM-000014943,CUS-008761,2020-05-26,2020-06-02,,Damaged,65.7,Approved,Courier
RET-00001118,ITM-000014945,CUS-007825,2024-07-31,2024-08-03,Changed Mind,Opened,109.54,Pending,Courier
RET-00001119,ITM-000014950,CUS-000216,2020-03-14,2020-03-16,Changed Mind,Resellable,31.48,Pending,Store
RET-00001120,ITM-000014955,CUS-010160,2021-10-26,2021-11-05,Defective Product,Opened,586.66,Pending,Courier
RET-00001121,ITM-000014972,CUS-011130,2020-05-12,2020-05-15,,Defective,72.22,Pending,Courier
RET-00001122,ITM-000014974,CUS-011905,2025-05-07,2025-05-07,Defective Product,Defective,71.94,Approved,Courier
RET-00001123,ITM-000014978,CUS-009115,2023-08-20,2023-08-27,Damaged Delivery,Damaged,32.13,Approved,Courier
RET-00001124,ITM-000014982,CUS-000170,2025-02-14,2025-02-26,Damaged Delivery,Opened,109.7,Approved,Store
RET-00001125,ITM-000014984,CUS-011926,2021-07-25,2021-07-29,Defective Product,Defective,124.57,Approved,Courier
RET-00001126,ITM-000015036,CUS-005479,2022-11-25,2022-12-06,Wrong Item,Defective,46.97,Approved,Store
RET-00001127,ITM-000015041,CUS-000508,2024-02-07,2024-02-09,Size/Fit,Resellable,188.57,Approved,Store
RET-00001128,ITM-000015104,CUS-005231,2022-10-08,2022-10-11,Not as Described,Resellable,53.56,Approved,Store
RET-00001129,ITM-000015116,CUS-007807,2025-06-08,2025-06-08,Not as Described,Defective,52.46,Pending,Courier
RET-00001130,ITM-000015121,CUS-000455,2020-08-18,2020-08-28,Defective Product,Opened,41.65,Approved,Store
RET-00001131,ITM-000015122,CUS-000455,2020-08-17,2020-08-19,Changed Mind,Opened,170.26,Processed,Courier
RET-00001132,ITM-000015132,CUS-000304,2025-02-04,2025-02-11,Size/Fit,Resellable,29.51,Processed,Store
RET-00001133,ITM-000015140,CUS-006389,2024-03-17,2024-03-28,Size/Fit,Resellable,62.8,Pending,Store
RET-00001134,ITM-000015160,CUS-002990,2026-08-25,2026-09-07,Size/Fit,Defective,36.41,Pending,Courier
RET-00001135,ITM-000015178,CUS-008756,2021-09-07,2021-09-17,Changed Mind,Resellable,82.41,Pending,Store
RET-00001136,ITM-000015219,CUS-009052,2022-11-14,2022-11-16,Size/Fit,Defective,24.09,Processed,Courier
RET-00001137,ITM-000015222,CUS-005548,2020-10-04,2020-10-07,Changed Mind,Damaged,273.7,Processed,Store
RET-00001138,ITM-000015224,CUS-000052,2024-09-13,2024-09-24,Damaged Delivery,Opened,191.96,Pending,Store
RET-00001139,ITM-000015240,CUS-001386,2025-03-17,2025-03-17,Not as Described,Resellable,251.18,Processed,Store
RET-00001140,ITM-000015247,CUS-004056,2023-12-29,2024-01-07,Not as Described,Defective,49.35,Processed,Store
RET-00001141,ITM-000015257,CUS-010904,2025-08-27,2025-09-01,Defective Product,Resellable,258.39,Approved,Courier
RET-00001142,ITM-000015265,CUS-008892,2025-12-09,2025-12-22,Wrong Item,Opened,34.25,Approved,Store
RET-00001143,ITM-000015270,CUS-005628,2021-11-24,2021-11-25,Size/Fit,Opened,36.03,Approved,Courier
RET-00001144,ITM-000015283,CUS-007470,2023-01-08,2023-01-11,Defective Product,Defective,125.99,Pending,Courier
RET-00001145,ITM-000015295,CUS-002771,2023-04-26,2023-05-04,Defective Product,Damaged,30.11,Processed,Courier
RET-00001146,ITM-000015302,CUS-009530,2021-02-06,2021-02-08,Defective Product,Opened,102.44,Pending,Courier
RET-00001147,ITM-000015310,CUS-005524,2020-06-23,2020-06-27,Size/Fit,Resellable,19.18,Approved,Store
RET-00001148,ITM-000015313,CUS-001159,2020-10-06,2020-10-12,Not as Described,Opened,77.58,Pending,Courier
RET-00001149,ITM-000015315,CUS-001159,2020-09-14,2020-09-17,Size/Fit,Damaged,173.13,Processed,Courier
RET-00001150,ITM-000015320,CUS-002638,2026-04-27,2026-05-08,Defective Product,Defective,178.75,Processed,Courier
RET-00001151,ITM-000015325,CUS-001409,2022-09-08,2022-09-11,Defective Product,Defective,208.22,Approved,Store
RET-00001152,ITM-000015332,CUS-000622,2025-05-16,2025-05-28,Size/Fit,Damaged,198.46,Pending,Courier
RET-00001153,ITM-000015340,CUS-009305,2023-05-10,2023-05-10,Defective Product,Opened,71.12,Approved,Courier
RET-00001154,ITM-000015371,CUS-007156,2021-07-25,2021-08-02,Size/Fit,Opened,73.6,Processed,Store
RET-00001155,ITM-000015383,CUS-005235,2025-05-18,2025-05-18,,Resellable,98.56,Processed,Courier
RET-00001156,ITM-000015385,CUS-007114,2025-03-15,2025-03-19,Damaged Delivery,Opened,40.62,Approved,Store
RET-00001157,ITM-000015407,CUS-006206,2025-02-11,2025-02-13,Defective Product,Defective,559.89,Approved,Courier
RET-00001158,ITM-000015421,CUS-010260,2021-05-11,2021-05-22,,Resellable,43.55,Processed,Courier
RET-00001159,ITM-000015422,CUS-005187,2022-11-05,2022-11-17,Damaged Delivery,Defective,120.74,Processed,Courier
RET-00001160,ITM-000015432,CUS-003683,2022-11-29,2022-12-06,Changed Mind,Damaged,108.64,Processed,Courier
RET-00001161,ITM-000015470,CUS-004771,2024-06-14,2024-06-24,Wrong Item,Damaged,81.66,Processed,Store
RET-00001162,ITM-000015488,CUS-005298,2020-11-20,2020-12-01,Size/Fit,Opened,93.27,Processed,Store
RET-00001163,ITM-000015494,CUS-004569,2024-07-21,2024-07-26,Defective Product,Defective,90.68,Processed,Store
RET-00001164,ITM-000015497,CUS-000254,2025-03-14,2025-03-15,Changed Mind,Resellable,65.02,Pending,Courier
RET-00001165,ITM-000015521,CUS-009500,2021-11-14,2021-11-14,Damaged Delivery,Damaged,28.04,Processed,Courier
RET-00001166,ITM-000015532,CUS-002243,2021-02-08,2021-02-09,,Resellable,24.63,Pending,Store
RET-00001167,ITM-000015547,CUS-009356,2020-05-03,2020-05-05,Size/Fit,Opened,133.29,Processed,Store
RET-00001168,ITM-000015564,CUS-005139,2023-09-06,2023-09-19,Defective Product,Resellable,90.68,Processed,Store
RET-00001169,ITM-000015570,CUS-005386,2020-12-04,2020-12-17,Changed Mind,Resellable,46.26,Approved,Courier
RET-00001170,ITM-000015572,CUS-009045,2023-12-27,2024-01-07,Not as Described,Damaged,177.15,Pending,Courier
RET-00001171,ITM-000015582,CUS-009445,2021-08-01,2021-08-09,Damaged Delivery,Resellable,116.05,Approved,Store
RET-00001172,ITM-000015589,CUS-007111,2023-09-30,2023-10-10,Size/Fit,Resellable,39.7,Processed,Courier
RET-00001173,ITM-000015591,CUS-006182,2025-05-19,2025-05-27,Changed Mind,Resellable,97.38,Approved,Courier
RET-00001174,ITM-000015619,CUS-000342,2023-07-08,2023-07-13,Not as Described,Resellable,62.39,Processed,Courier
RET-00001175,ITM-000015624,CUS-001523,2020-10-14,2020-10-26,Changed Mind,Damaged,14.3,Approved,Courier
RET-00001176,ITM-000015642,CUS-007330,2021-05-28,2021-06-08,Changed Mind,Opened,26.78,Processed,Courier
RET-00001177,ITM-000015711,CUS-000466,2024-06-27,2024-06-29,Not as Described,Opened,12.93,Approved,Courier
RET-00001178,ITM-000015713,CUS-004826,2021-11-21,2021-11-28,,Damaged,200.57,Approved,Store
RET-00001179,ITM-000015718,CUS-005930,2020-05-14,2020-05-18,Size/Fit,Opened,86.96,Processed,Courier
RET-00001180,ITM-000015735,CUS-001514,2022-07-13,2022-07-26,Defective Product,Defective,87.5,Pending,Store
RET-00001181,ITM-000015740,CUS-008320,2020-12-24,2020-12-31,,Damaged,70.86,Pending,Store
RET-00001182,ITM-000015771,CUS-006756,2024-10-15,2024-10-20,Changed Mind,Damaged,26.23,Pending,Courier
RET-00001183,ITM-000015780,CUS-009154,2025-03-10,2025-03-17,Not as Described,Opened,180.75,Pending,Store
RET-00001184,ITM-000015783,CUS-008082,2024-06-23,2024-07-04,Damaged Delivery,Resellable,137.6,Pending,Courier
RET-00001185,ITM-000015792,,2026-01-24,2026-01-30,Changed Mind,Opened,151.42,Pending,Store
RET-00001186,ITM-000015822,CUS-003101,2022-12-01,2022-12-06,Not as Described,Opened,108.1,Pending,Courier
RET-00001187,ITM-000015855,CUS-009208,2024-03-02,2024-03-03,,Defective,54.61,Pending,Store
RET-00001188,ITM-000015881,CUS-009766,2026-08-24,2026-08-30,Size/Fit,Damaged,54.13,Pending,Courier
RET-00001189,ITM-000015889,CUS-005622,2024-12-25,2024-12-25,Not as Described,Opened,80.27,Approved,Store
RET-00001190,ITM-000015890,,2021-04-15,2021-04-28,Not as Described,Resellable,80.23,Approved,Courier
RET-00001191,ITM-000015894,,2022-12-06,2022-12-15,Changed Mind,Opened,43.58,Pending,Courier
RET-00001192,ITM-000015914,CUS-010300,2022-06-13,2022-06-22,Other,Opened,123.82,Processed,Courier
RET-00001193,ITM-000015915,CUS-010300,2022-06-16,2022-06-22,Defective Product,Opened,68.99,Processed,Store
RET-00001194,ITM-000015929,CUS-010916,2024-05-06,2024-05-08,Size/Fit,Resellable,7.29,Processed,Store
RET-00001195,ITM-000015932,CUS-001827,2021-10-15,2021-10-24,Wrong Item,Resellable,68.37,Approved,Store
RET-00001196,ITM-000015936,CUS-004764,2021-08-17,2021-08-30,,Opened,38.53,Pending,Courier
RET-00001197,ITM-000015944,CUS-008124,2022-10-18,2022-10-27,Changed Mind,Defective,116.05,Pending,Store
RET-00001198,ITM-000015947,CUS-007758,2020-09-11,2020-09-18,,Defective,61.26,Approved,Store
RET-00001199,ITM-000015967,CUS-005282,2022-08-21,2022-08-22,Changed Mind,Damaged,20.91,Pending,Courier
RET-00001200,ITM-000015981,CUS-011137,2021-03-14,2021-03-15,,Defective,40.19,Processed,Courier
RET-00001201,ITM-000016019,CUS-007049,2026-05-11,2026-05-14,Changed Mind,Opened,18.98,Processed,Store
RET-00001202,ITM-000016023,CUS-004361,2024-12-03,2024-12-04,Size/Fit,Resellable,246.58,Processed,Courier
RET-00001203,ITM-000016024,CUS-004361,2024-11-29,2024-12-12,Changed Mind,Resellable,56.27,Approved,Store
RET-00001204,ITM-000016035,CUS-010682,2022-08-02,2022-08-12,Changed Mind,Defective,58.7,Approved,Store
RET-00001205,ITM-000016046,CUS-004115,2021-09-30,2021-10-11,Changed Mind,Resellable,107.43,Processed,Courier
RET-00001206,ITM-000016096,CUS-010925,2021-05-28,2021-06-01,Changed Mind,Defective,101.24,Pending,Courier
RET-00001207,ITM-000016097,CUS-010925,2021-06-27,2021-06-30,Damaged Delivery,Defective,12.98,Approved,Store
RET-00001208,ITM-000016129,CUS-008018,2022-01-04,2022-01-10,Not as Described,Resellable,54.02,Pending,Store
RET-00001209,ITM-000016134,CUS-011939,2021-04-24,2021-05-05,Defective Product,Resellable,21.8,Pending,Store
RET-00001210,ITM-000016150,CUS-008864,2026-05-28,2026-05-30,,Damaged,10.78,Processed,Store
RET-00001211,ITM-000016163,CUS-003067,2026-05-07,2026-05-19,Defective Product,Defective,47.37,Approved,Store
RET-00001212,ITM-000016200,,2026-03-15,2026-03-20,Changed Mind,Defective,59.58,Pending,Courier
RET-00001213,ITM-000016214,CUS-011420,2022-10-10,2022-10-18,Size/Fit,Opened,89.54,Processed,Courier
RET-00001214,ITM-000016254,,2023-08-04,2023-08-09,Changed Mind,Defective,472.84,Processed,Store
RET-00001215,ITM-000016266,CUS-009659,2021-04-28,2021-05-06,Size/Fit,Opened,21.73,Approved,Store
RET-00001216,ITM-000016306,CUS-007472,2020-12-21,2020-12-31,Defective Product,Resellable,60.12,Approved,Store
RET-00001217,ITM-000016335,CUS-011872,2024-12-05,2024-12-08,Not as Described,Resellable,363.42,Processed,Courier
RET-00001218,ITM-000016353,CUS-000238,2025-01-16,2025-01-17,Changed Mind,Damaged,108.13,Processed,Store
RET-00001219,ITM-000016355,CUS-005825,2024-02-19,2024-02-22,Size/Fit,Defective,68.67,Pending,Courier
RET-00001220,ITM-000016359,CUS-005709,2025-12-21,2025-12-26,Changed Mind,Opened,43.27,Approved,Store
RET-00001221,ITM-000016361,CUS-002846,2021-03-20,2021-03-29,Size/Fit,Resellable,87.2,Approved,Courier
RET-00001222,ITM-000016369,CUS-008233,2023-12-25,2023-12-30,Damaged Delivery,Opened,593.97,Approved,Courier
RET-00001223,ITM-000016370,CUS-008233,2023-12-29,2024-01-03,Size/Fit,Damaged,56.81,Approved,Store
RET-00001224,ITM-000016374,CUS-008399,2026-06-26,2026-06-27,Size/Fit,Opened,10.27,Pending,Courier
RET-00001225,ITM-000016381,,2023-03-15,2023-03-21,Size/Fit,Damaged,110.46,Processed,Store
RET-00001226,ITM-000016384,CUS-011325,2022-09-17,2022-09-21,Size/Fit,Damaged,94.86,Approved,Store
RET-00001227,ITM-000016386,CUS-011325,2022-09-07,2022-09-13,Not as Described,Damaged,35.79,Pending,Store
RET-00001228,ITM-000016398,CUS-006457,2020-05-13,2020-05-22,,Defective,22.57,Approved,Courier
RET-00001229,ITM-000016415,CUS-008152,2026-08-24,2026-09-02,Other,Defective,57.09,Pending,Store
RET-00001230,ITM-000016416,CUS-008152,2026-08-22,2026-09-01,Changed Mind,Opened,88.03,Processed,Courier
RET-00001231,ITM-000016422,CUS-007650,2022-08-12,2022-08-24,Not as Described,Defective,39.74,Approved,Store
RET-00001232,ITM-000016428,CUS-009262,2020-07-25,2020-08-05,Changed Mind,Resellable,67.23,Pending,Store
RET-00001233,ITM-000016430,CUS-011768,2020-04-27,2020-05-06,Damaged Delivery,Resellable,67.01,Approved,Store
RET-00001234,ITM-000016448,CUS-009667,2026-08-25,2026-08-25,Size/Fit,Damaged,35.01,Pending,Courier
RET-00001235,ITM-000016470,CUS-000179,2025-08-09,2025-08-19,Changed Mind,Damaged,248.1,Pending,Courier
RET-00001236,ITM-000016477,CUS-010645,2026-02-01,2026-02-07,Damaged Delivery,Damaged,327.1,Pending,Courier
RET-00001237,ITM-000016488,CUS-007249,2023-02-10,2023-02-15,Defective Product,Defective,83.18,Pending,Store
RET-00001238,ITM-000016491,CUS-001774,2020-04-20,2020-05-03,Size/Fit,Defective,63.42,Pending,Store
RET-00001239,ITM-000016501,CUS-000227,2021-10-27,2021-10-31,,Defective,42.52,Processed,Courier
RET-00001240,ITM-000016519,CUS-003824,2023-10-30,2023-11-07,Defective Product,Opened,19.31,Processed,Store
RET-00001241,ITM-000016547,CUS-007338,2023-09-04,2023-09-10,Not as Described,Opened,79.49,Processed,Courier
RET-00001242,ITM-000016554,CUS-002964,2024-01-20,2024-02-02,Changed Mind,Resellable,10.27,Pending,Store
RET-00001243,ITM-000016556,CUS-000241,2026-06-10,2026-06-12,Size/Fit,Resellable,242.98,Processed,Store
RET-00001244,ITM-000016558,CUS-002963,2021-12-01,2021-12-03,Defective Product,Resellable,37.63,Approved,Courier
RET-00001245,ITM-000016566,CUS-004909,2020-12-11,2020-12-22,Size/Fit,Opened,115.75,Processed,Courier
RET-00001246,ITM-000016567,CUS-004607,2023-03-20,2023-03-20,Not as Described,Resellable,55.23,Approved,Courier
RET-00001247,ITM-000016571,CUS-009846,2020-11-02,2020-11-03,Changed Mind,Defective,125.14,Pending,Courier
RET-00001248,ITM-000016573,CUS-005126,2021-12-29,2022-01-07,Size/Fit,Opened,102.58,Processed,Store
RET-00001249,ITM-000016577,CUS-000104,2022-09-01,2022-09-04,Size/Fit,Defective,40.93,Pending,Store
RET-00001250,ITM-000016591,CUS-003329,2026-01-28,2026-02-01,Size/Fit,Damaged,211.89,Processed,Courier
RET-00001251,ITM-000016596,CUS-009059,2025-10-01,2025-10-09,Changed Mind,Defective,244.38,Processed,Courier
RET-00001252,ITM-000016608,CUS-008287,2020-05-29,2020-06-03,Changed Mind,Resellable,54.91,Pending,Store
RET-00001253,ITM-000016616,CUS-001151,2022-12-27,2023-01-03,Defective Product,Damaged,358.28,Approved,Store
RET-00001254,ITM-000016617,CUS-007504,2022-07-08,2022-07-20,Size/Fit,Defective,91.8,Approved,Store
RET-00001255,ITM-000016640,CUS-010639,2021-04-11,2021-04-16,Changed Mind,Resellable,73.22,Approved,Courier
RET-00001256,ITM-000016662,CUS-005882,2021-06-23,2021-06-27,Defective Product,Resellable,11.53,Approved,Store
RET-00001257,ITM-000016669,CUS-001062,2024-08-12,2024-08-20,Changed Mind,Resellable,180.22,Pending,Store
RET-00001258,ITM-000016708,CUS-007571,2024-03-17,2024-03-18,Wrong Item,Damaged,60.15,Approved,Courier
RET-00001259,ITM-000016728,CUS-010272,2026-08-02,2026-08-15,Size/Fit,Damaged,25.86,Processed,Store
RET-00001260,ITM-000016731,CUS-010363,2022-06-23,2022-06-25,Not as Described,Opened,324.55,Processed,Store
RET-00001261,ITM-000016738,CUS-007496,2022-02-09,2022-02-14,Wrong Item,Opened,34.43,Processed,Store
RET-00001262,ITM-000016749,CUS-004950,2026-03-15,2026-03-28,Size/Fit,Defective,49.35,Approved,Store
RET-00001263,ITM-000016760,CUS-004777,2023-06-18,2023-06-22,Defective Product,Resellable,11.65,Approved,Store
RET-00001264,ITM-000016765,CUS-004946,2023-12-15,2023-12-15,Defective Product,Opened,20.34,Pending,Courier
RET-00001265,ITM-000016772,CUS-006628,2024-09-24,2024-09-27,Defective Product,Resellable,31.28,Pending,Store
RET-00001266,ITM-000016773,CUS-006628,2024-10-12,2024-10-14,Size/Fit,Opened,149.49,Approved,Courier
RET-00001267,ITM-000016775,CUS-006628,2024-10-11,2024-10-12,Not as Described,Resellable,217.28,Processed,Courier
RET-00001268,ITM-000016791,CUS-008462,2022-07-07,2022-07-15,Defective Product,Defective,214.56,Pending,Courier
RET-00001269,ITM-000016794,CUS-002521,2025-03-12,2025-03-17,Size/Fit,Opened,70.02,Processed,Courier
RET-00001270,ITM-000016797,CUS-003354,2020-04-16,2020-04-21,Size/Fit,Defective,172.48,Pending,Store
RET-00001271,ITM-000016798,CUS-002194,2020-11-27,2020-12-06,Size/Fit,Defective,77.33,Approved,Store
RET-00001272,ITM-000016809,CUS-002763,2020-04-19,2020-04-23,Damaged Delivery,Defective,118.73,Processed,Courier
RET-00001273,ITM-000016833,CUS-001858,2023-03-14,2023-03-23,Changed Mind,Resellable,59.29,Pending,Store
RET-00001274,ITM-000016834,CUS-004678,2022-10-19,2022-11-01,Changed Mind,Opened,383.28,Pending,Courier
RET-00001275,ITM-000016848,CUS-005792,2022-08-17,2022-08-27,Size/Fit,Damaged,100.2,Processed,Courier
RET-00001276,ITM-000016884,CUS-000456,2026-08-10,2026-08-19,Defective Product,Resellable,84.16,Processed,Store
RET-00001277,ITM-000016897,CUS-010871,2023-07-19,2023-07-26,Size/Fit,Resellable,110.02,Approved,Courier
RET-00001278,ITM-000016900,CUS-010139,2025-01-25,2025-02-07,Defective Product,Damaged,51.43,Approved,Courier
RET-00001279,ITM-000016934,CUS-010367,2026-03-03,2026-03-12,Changed Mind,Damaged,107.54,Processed,Store
RET-00001280,ITM-000016939,CUS-002481,2021-10-10,2021-10-22,Changed Mind,Damaged,76.67,Processed,Courier
RET-00001281,ITM-000016951,CUS-006863,2024-02-18,2024-02-20,Defective Product,Opened,118.52,Processed,Courier
RET-00001282,ITM-000016958,CUS-008908,2022-11-12,2022-11-13,,Resellable,94.59,Approved,Store
RET-00001283,ITM-000016959,CUS-010053,2023-04-03,2023-04-13,Not as Described,Opened,440.62,Processed,Courier
RET-00001284,ITM-000016970,CUS-003479,2021-06-12,2021-06-22,,Resellable,115.75,Pending,Store
RET-00001285,ITM-000017007,CUS-005674,2020-11-07,2020-11-13,,Resellable,46.2,Processed,Courier
RET-00001286,ITM-000017009,CUS-002518,2021-03-25,2021-04-01,,Resellable,19.84,Pending,Store
RET-00001287,ITM-000017019,CUS-009201,2022-05-01,2022-05-05,Defective Product,Defective,319.26,Processed,Courier
RET-00001288,ITM-000017027,CUS-001069,2024-03-26,2024-03-26,Not as Described,Resellable,48.5,Pending,Courier
RET-00001289,ITM-000017031,CUS-008563,2026-05-10,2026-05-11,Changed Mind,Damaged,72.84,Approved,Store
RET-00001290,ITM-000017061,CUS-005564,2026-02-20,2026-03-04,Changed Mind,Resellable,145.18,Processed,Store
RET-00001291,ITM-000017063,CUS-001533,2020-05-23,2020-05-28,Changed Mind,Opened,15.01,Pending,Store
RET-00001292,ITM-000017066,CUS-002822,2021-09-06,2021-09-14,Changed Mind,Resellable,66.18,Processed,Store
RET-00001293,ITM-000017088,CUS-006733,2022-01-04,2022-01-14,,Defective,148.29,Processed,Courier
RET-00001294,ITM-000017089,CUS-006733,2022-01-01,2022-01-06,Size/Fit,Opened,34.46,Pending,Courier
RET-00001295,ITM-000017102,CUS-000049,2024-03-16,2024-03-26,Defective Product,Defective,16.8,Pending,Courier
RET-00001296,ITM-000017126,CUS-002706,2020-05-21,2020-05-24,,Damaged,24.24,Processed,Store
RET-00001297,ITM-000017128,CUS-011633,2024-11-25,2024-12-06,Defective Product,Opened,43.77,Approved,Store
RET-00001298,ITM-000017135,CUS-010057,2024-04-13,2024-04-13,Size/Fit,Opened,89.39,Processed,Courier
RET-00001299,ITM-000017153,CUS-011978,2021-05-14,2021-05-18,Defective Product,Damaged,239.95,Approved,Courier
RET-00001300,ITM-000017180,CUS-004348,2022-06-09,2022-06-17,Wrong Item,Damaged,16.36,Pending,Store
RET-00001301,ITM-000017184,CUS-000946,2022-09-13,2022-09-20,Defective Product,Opened,70.23,Processed,Store
RET-00001302,ITM-000017191,CUS-010698,2026-06-02,2026-06-04,Changed Mind,Damaged,116.47,Pending,Courier
RET-00001303,ITM-000017204,CUS-002292,2020-07-23,2020-08-05,Changed Mind,Opened,35.97,Pending,Store
RET-00001304,ITM-000017230,CUS-007262,2026-03-31,2026-04-10,Wrong Item,Opened,120.85,Processed,Courier
RET-00001305,ITM-000017246,CUS-010406,2025-09-12,2025-09-20,Wrong Item,Damaged,379.24,Processed,Courier
RET-00001306,ITM-000017273,CUS-004861,2024-01-28,2024-01-28,Not as Described,Opened,44.7,Pending,Store
RET-00001307,ITM-000017303,CUS-004387,2021-11-27,2021-12-02,Size/Fit,Resellable,190.45,Pending,Store
RET-00001308,ITM-000017312,CUS-000601,2022-01-27,2022-01-27,Defective Product,Damaged,223.16,Approved,Courier
RET-00001309,ITM-000017316,CUS-003656,2025-08-24,2025-08-27,Size/Fit,Resellable,25.12,Approved,Store
RET-00001310,ITM-000017324,CUS-000183,2022-05-09,2022-05-21,Changed Mind,Damaged,36.31,Pending,Courier
RET-00001311,ITM-000017325,CUS-000183,2022-04-18,2022-04-21,Changed Mind,Resellable,91.28,Approved,Courier
RET-00001312,ITM-000017332,CUS-007482,2022-08-21,2022-08-31,Changed Mind,Defective,110.46,Processed,Store
RET-00001313,ITM-000017343,CUS-006568,2021-03-28,2021-04-03,Size/Fit,Damaged,98.89,Processed,Store
RET-00001314,ITM-000017356,CUS-007281,2024-09-13,2024-09-16,Size/Fit,Opened,132.36,Pending,Courier
RET-00001315,ITM-000017410,CUS-010736,2020-03-16,2020-03-25,Wrong Item,Opened,171.42,Approved,Courier
RET-00001316,ITM-000017441,CUS-000272,2025-06-08,2025-06-21,Defective Product,Defective,9.62,Approved,Courier
RET-00001317,ITM-000017456,CUS-007285,2021-05-13,2021-05-17,,Resellable,203.96,Approved,Store
RET-00001318,ITM-000017475,CUS-002132,2020-08-06,2020-08-13,,Opened,44.6,Approved,Store
RET-00001319,ITM-000017548,CUS-007843,2022-03-14,2022-03-26,Defective Product,Opened,153.7,Pending,Courier
RET-00001320,ITM-000017558,CUS-003472,2023-09-30,2023-10-11,Size/Fit,Opened,23.79,Pending,Courier
RET-00001321,ITM-000017561,CUS-009352,2024-08-02,2024-08-04,Other,Defective,62.16,Processed,Courier
RET-00001322,ITM-000017583,CUS-005232,2021-02-01,2021-02-09,Size/Fit,Opened,49.35,Pending,Courier
RET-00001323,ITM-000017588,CUS-009554,2023-10-18,2023-10-23,Defective Product,Opened,30.09,Processed,Store
RET-00001324,ITM-000017614,CUS-003085,2024-08-18,2024-08-22,Defective Product,Resellable,95.68,Processed,Courier
RET-00001325,ITM-000017621,CUS-003111,2026-02-21,2026-03-01,,Resellable,47.17,Approved,Store
RET-00001326,ITM-000017643,CUS-001480,2024-12-18,2024-12-27,Size/Fit,Opened,164.02,Pending,Courier
RET-00001327,ITM-000017681,CUS-000140,2020-03-28,2020-04-06,,Damaged,86.72,Processed,Store
RET-00001328,ITM-000017701,CUS-005630,2025-02-13,2025-02-16,Changed Mind,Defective,232.95,Approved,Store
RET-00001329,ITM-000017706,CUS-004919,2021-03-28,2021-03-30,,Resellable,12.79,Pending,Courier
RET-00001330,ITM-000017717,CUS-001865,2023-05-23,2023-05-27,Changed Mind,Damaged,45.28,Processed,Courier
RET-00001331,ITM-000017737,CUS-002256,2023-09-05,2023-09-06,Defective Product,Damaged,90.17,Pending,Courier
RET-00001332,ITM-000017738,CUS-007636,2021-08-22,2021-09-03,,Opened,51.42,Approved,Courier
RET-00001333,ITM-000017741,CUS-001583,2024-02-18,2024-02-24,Defective Product,Defective,46.48,Approved,Courier
RET-00001334,ITM-000017747,CUS-005655,2023-03-21,2023-03-30,Changed Mind,Defective,56.51,Processed,Courier
RET-00001335,ITM-000017770,CUS-002990,2021-11-15,2021-11-21,Changed Mind,Damaged,33.05,Approved,Courier
RET-00001336,ITM-000017782,CUS-006900,2023-01-25,2023-01-31,Defective Product,Damaged,223.16,Processed,Store
RET-00001337,ITM-000017798,CUS-003063,2024-01-26,2024-01-29,Changed Mind,Damaged,147.51,Pending,Courier
RET-00001338,ITM-000017803,CUS-002416,2022-11-19,2022-11-27,Size/Fit,Defective,38.16,Processed,Store
RET-00001339,ITM-000017818,CUS-009525,2023-07-04,2023-07-04,Size/Fit,Damaged,169.26,Pending,Courier
RET-00001340,ITM-000017883,CUS-005754,2020-03-27,2020-04-08,,Damaged,121.42,Processed,Courier
RET-00001341,ITM-000017915,CUS-009190,2022-02-18,2022-02-22,Wrong Item,Damaged,119.22,Processed,Store
RET-00001342,ITM-000017919,CUS-008064,2022-02-07,2022-02-20,Changed Mind,Opened,85.82,Processed,Store
RET-00001343,ITM-000017926,CUS-002372,2024-09-02,2024-09-11,Changed Mind,Damaged,75.71,Pending,Courier
RET-00001344,ITM-000017936,CUS-000928,2025-06-26,2025-06-28,Changed Mind,Opened,72.77,Approved,Courier
RET-00001345,ITM-000017947,CUS-006015,2024-01-06,2024-01-15,Changed Mind,Resellable,58.57,Pending,Courier
RET-00001346,ITM-000017975,CUS-004111,2025-04-25,2025-04-29,Changed Mind,Damaged,26.85,Pending,Courier
RET-00001347,ITM-000017985,CUS-003819,2022-01-09,2022-01-12,Defective Product,Resellable,104.94,Pending,Courier
RET-00001348,ITM-000018022,CUS-002847,2024-06-20,2024-06-30,Damaged Delivery,Resellable,113.68,Approved,Courier
RET-00001349,ITM-000018039,CUS-001561,2021-04-06,2021-04-14,,Damaged,57.88,Pending,Courier
RET-00001350,ITM-000018040,CUS-010171,2024-10-15,2024-10-28,Not as Described,Resellable,30.93,Approved,Store
RET-00001351,ITM-000018045,CUS-010461,2023-03-17,2023-03-22,Changed Mind,Opened,108.08,Pending,Store
RET-00001352,ITM-000018061,CUS-005475,2023-02-05,2023-02-12,Not as Described,Damaged,67.43,Processed,Courier
RET-00001353,ITM-000018070,CUS-006227,2020-04-29,2020-05-03,Size/Fit,Resellable,246.58,Approved,Store
RET-00001354,ITM-000018074,CUS-005888,2024-05-11,2024-05-17,Defective Product,Resellable,26.34,Processed,Courier
RET-00001355,ITM-000018076,CUS-006218,2022-05-05,2022-05-11,Defective Product,Opened,51.48,Processed,Courier
RET-00001356,ITM-000018078,CUS-000806,2025-12-09,2025-12-17,Changed Mind,Defective,93.51,Processed,Courier
RET-00001357,ITM-000018100,CUS-007013,2026-02-12,2026-02-19,Not as Described,Damaged,25.93,Processed,Courier
RET-00001358,ITM-000018111,CUS-009403,2024-09-11,2024-09-11,,Defective,474.94,Pending,Store
RET-00001359,ITM-000018115,CUS-011554,2020-08-18,2020-08-23,Changed Mind,Damaged,86.96,Pending,Courier
RET-00001360,ITM-000018141,CUS-010290,2021-01-19,2021-01-19,Changed Mind,Opened,442.6,Pending,Store
RET-00001361,ITM-000018143,CUS-005921,2025-01-12,2025-01-25,Wrong Item,Resellable,85.38,Processed,Store
RET-00001362,ITM-000018150,CUS-002944,2023-12-27,2024-01-03,Changed Mind,Damaged,533.76,Approved,Store
RET-00001363,ITM-000018193,CUS-011052,2022-12-11,2022-12-19,Size/Fit,Opened,150.74,Processed,Store
RET-00001364,ITM-000018209,CUS-000608,2024-11-08,2024-11-14,Size/Fit,Defective,64.55,Pending,Courier
RET-00001365,ITM-000018211,CUS-008163,2023-07-10,2023-07-15,Defective Product,Opened,36.73,Pending,Store
RET-00001366,ITM-000018232,CUS-009040,2020-05-29,2020-06-06,Defective Product,Defective,94.28,Pending,Courier
RET-00001367,ITM-000018235,CUS-003557,2024-04-07,2024-04-17,Wrong Item,Damaged,10.43,Pending,Courier
RET-00001368,ITM-000018269,CUS-010252,2021-08-27,2021-09-08,Defective Product,Defective,239.29,Approved,Courier
RET-00001369,ITM-000018320,CUS-007968,2025-11-26,2025-12-09,Size/Fit,Damaged,33.08,Pending,Courier
RET-00001370,ITM-000018323,CUS-007968,2025-11-01,2025-11-07,Wrong Item,Opened,146.66,Approved,Courier
RET-00001371,ITM-000018340,CUS-010778,2021-08-02,2021-08-15,,Resellable,179.2,Pending,Courier
RET-00001372,ITM-000018347,CUS-005706,2022-10-15,2022-10-26,Changed Mind,Damaged,35.01,Pending,Store
RET-00001373,ITM-000018350,CUS-009250,2026-02-15,2026-02-24,Changed Mind,Opened,147.51,Processed,Store
RET-00001374,ITM-000018356,CUS-005266,2024-02-12,2024-02-25,Changed Mind,Damaged,36.34,Approved,Store
RET-00001375,ITM-000018370,CUS-008483,2025-10-27,2025-10-31,Size/Fit,Resellable,67.15,Pending,Store
RET-00001376,ITM-000018388,CUS-010700,2025-01-31,2025-02-13,Not as Described,Defective,41.35,Pending,Store
RET-00001377,ITM-000018395,CUS-008379,2020-03-09,2020-03-20,,Opened,45.77,Pending,Store
RET-00001378,ITM-000018401,CUS-009350,2021-11-27,2021-12-09,Changed Mind,Damaged,42.37,Pending,Courier
RET-00001379,ITM-000018403,CUS-011312,2025-07-21,2025-08-03,,Defective,70.23,Pending,Store
RET-00001380,ITM-000018409,,2022-10-28,2022-11-05,Size/Fit,Resellable,185.06,Pending,Courier
RET-00001381,ITM-000018426,CUS-005624,2023-01-13,2023-01-22,Not as Described,Opened,195.01,Pending,Courier
RET-00001382,ITM-000018443,CUS-009955,2024-05-24,2024-06-01,Size/Fit,Damaged,207.07,Approved,Courier
RET-00001383,ITM-000018506,CUS-004086,2020-08-28,2020-08-28,Defective Product,Opened,135.33,Pending,Store
RET-00001384,ITM-000018508,CUS-010381,2026-07-05,2026-07-15,Changed Mind,Defective,253.25,Approved,Courier
RET-00001385,ITM-000018524,CUS-011811,2021-09-18,2021-09-25,Changed Mind,Defective,42.39,Processed,Store
RET-00001386,ITM-000018550,CUS-001337,2025-06-24,2025-07-02,Defective Product,Opened,102.58,Pending,Store
RET-00001387,ITM-000018601,CUS-006746,2025-01-10,2025-01-21,Changed Mind,Opened,51.16,Processed,Store
RET-00001388,ITM-000018617,,2023-09-27,2023-10-09,Changed Mind,Opened,294.24,Approved,Courier
RET-00001389,ITM-000018619,CUS-000116,2021-08-13,2021-08-25,,Opened,28.82,Pending,Courier
RET-00001390,ITM-000018626,CUS-004912,2022-02-17,2022-02-21,Not as Described,Damaged,29.11,Pending,Store
RET-00001391,ITM-000018642,CUS-001445,2020-10-03,2020-10-06,Not as Described,Resellable,46.07,Processed,Store
RET-00001392,ITM-000018645,CUS-011938,2020-03-14,2020-03-27,Damaged Delivery,Defective,58.02,Pending,Courier
RET-00001393,ITM-000018657,CUS-000413,2025-02-05,2025-02-05,Wrong Item,Damaged,47.08,Approved,Store
RET-00001394,ITM-000018669,CUS-008749,2025-12-29,2026-01-04,Defective Product,Defective,75.78,Approved,Store
RET-00001395,ITM-000018683,CUS-006451,2023-01-30,2023-02-04,Defective Product,Defective,81.99,Pending,Store
RET-00001396,ITM-000018714,CUS-010018,2025-10-02,2025-10-04,Changed Mind,Damaged,11.29,Approved,Store
RET-00001397,ITM-000018725,CUS-005853,2022-05-29,2022-06-09,Size/Fit,Defective,135.24,Approved,Store
RET-00001398,ITM-000018727,CUS-006540,2021-01-15,2021-01-15,Not as Described,Resellable,328.3,Pending,Courier
RET-00001399,ITM-000018731,CUS-011985,2023-01-02,2023-01-03,Changed Mind,Damaged,40.19,Approved,Store
RET-00001400,ITM-000018752,CUS-011035,2025-07-01,2025-07-10,Defective Product,Opened,105.26,Approved,Store
RET-00001401,ITM-000018775,CUS-010980,2024-09-30,2024-10-01,Defective Product,Opened,128.41,Pending,Store
RET-00001402,ITM-000018796,CUS-004755,2020-03-04,2020-03-08,Changed Mind,Opened,41.8,Approved,Courier
RET-00001403,ITM-000018828,CUS-003766,2023-10-18,2023-10-19,Size/Fit,Opened,79.33,Processed,Store
RET-00001404,ITM-000018830,CUS-007740,2020-03-10,2020-03-17,Not as Described,Defective,295.14,Approved,Store
RET-00001405,ITM-000018834,CUS-007818,2021-01-26,2021-02-02,Size/Fit,Damaged,138.51,Pending,Courier
RET-00001406,ITM-000018837,CUS-007168,2022-12-06,2022-12-12,Changed Mind,Opened,55.51,Pending,Courier
RET-00001407,ITM-000018839,CUS-009373,2023-09-25,2023-10-08,Defective Product,Opened,130.58,Pending,Courier
RET-00001408,ITM-000018840,CUS-011347,2024-10-24,2024-11-06,Changed Mind,Opened,54.77,Pending,Courier
RET-00001409,ITM-000018868,CUS-005670,2026-08-31,2026-09-12,Wrong Item,Defective,46.98,Pending,Courier
RET-00001410,ITM-000018880,CUS-006456,2021-07-18,2021-07-18,Size/Fit,Resellable,121.18,Processed,Store
RET-00001411,ITM-000018888,CUS-002055,2020-03-11,2020-03-14,Size/Fit,Opened,209.74,Processed,Store
RET-00001412,ITM-000018891,CUS-001823,2025-04-25,2025-04-27,Defective Product,Resellable,57.02,Processed,Courier
RET-00001413,ITM-000018903,CUS-000510,2021-11-30,2021-12-02,Damaged Delivery,Damaged,23.98,Processed,Courier
RET-00001414,ITM-000018910,CUS-010062,2023-04-19,2023-04-28,Not as Described,Defective,36.41,Processed,Store
RET-00001415,ITM-000018931,CUS-005667,2022-02-26,2022-03-02,Size/Fit,Resellable,36.41,Approved,Courier
RET-00001416,ITM-000018943,CUS-002120,2025-06-18,2025-07-01,Changed Mind,Opened,38.66,Processed,Store
RET-00001417,ITM-000018950,CUS-010252,2024-01-06,2024-01-10,Damaged Delivery,Resellable,219.01,Processed,Courier
RET-00001418,ITM-000018957,CUS-001932,2026-08-08,2026-08-08,Size/Fit,Defective,195.96,Processed,Store
RET-00001419,ITM-000018964,CUS-001059,2022-05-06,2022-05-17,Size/Fit,Damaged,115.75,Pending,Store
RET-00001420,ITM-000018976,CUS-006867,2024-07-26,2024-08-07,Not as Described,Damaged,18.0,Approved,Store
RET-00001421,ITM-000018983,CUS-004249,2020-07-03,2020-07-06,Size/Fit,Defective,466.84,Pending,Courier
RET-00001422,ITM-000018987,CUS-010970,2026-07-02,2026-07-14,Defective Product,Resellable,92.83,Processed,Courier
RET-00001423,ITM-000018988,CUS-001312,2025-10-21,2025-10-28,Defective Product,Resellable,61.3,Pending,Courier
RET-00001424,ITM-000019006,CUS-010281,2023-11-24,2023-12-06,Size/Fit,Opened,67.34,Pending,Store
RET-00001425,ITM-000019013,CUS-000149,2023-10-08,2023-10-08,Defective Product,Defective,208.28,Pending,Store
RET-00001426,ITM-000019014,CUS-000142,2023-10-14,2023-10-15,Changed Mind,Defective,11.89,Processed,Courier
RET-00001427,ITM-000019015,CUS-000142,2023-11-14,2023-11-24,Defective Product,Opened,15.29,Processed,Store
RET-00001428,ITM-000019019,CUS-007172,2021-09-25,2021-10-02,Not as Described,Opened,12.93,Pending,Store
RET-00001429,ITM-000019023,CUS-008389,2021-04-06,2021-04-08,Not as Described,Damaged,95.56,Approved,Courier
RET-00001430,ITM-000019044,CUS-007154,2023-08-26,2023-08-27,Other,Resellable,74.5,Pending,Courier
RET-00001431,ITM-000019047,,2025-08-17,2025-08-20,Size/Fit,Resellable,270.06,Pending,Courier
RET-00001432,ITM-000019068,CUS-008530,2026-09-21,2026-09-27,Changed Mind,Defective,48.73,Approved,Courier
RET-00001433,ITM-000019073,CUS-004011,2020-06-12,2020-06-13,Changed Mind,Opened,76.15,Pending,Courier
RET-00001434,ITM-000019091,CUS-011662,2024-02-05,2024-02-17,Changed Mind,Opened,19.16,Pending,Courier
RET-00001435,ITM-000019123,CUS-008178,2024-03-24,2024-03-29,Size/Fit,Defective,138.79,Approved,Courier
RET-00001436,ITM-000019127,CUS-006230,2022-01-11,2022-01-20,Defective Product,Damaged,434.7,Pending,Courier
RET-00001437,ITM-000019144,CUS-004986,2021-05-24,2021-06-04,Wrong Item,Damaged,64.56,Processed,Store
RET-00001438,ITM-000019150,CUS-006679,2025-07-17,2025-07-22,Changed Mind,Defective,84.92,Approved,Courier
RET-00001439,ITM-000019151,CUS-006679,2025-07-04,2025-07-07,Size/Fit,Defective,87.16,Processed,Courier
RET-00001440,ITM-000019163,CUS-003108,2025-05-19,2025-05-26,Defective Product,Damaged,19.81,Pending,Store
RET-00001441,ITM-000019170,CUS-006177,2023-11-15,2023-11-23,Defective Product,Resellable,87.61,Processed,Courier
RET-00001442,ITM-000019178,CUS-007780,2026-02-28,2026-03-01,Not as Described,Defective,94.42,Processed,Courier
RET-00001443,ITM-000019183,CUS-003506,2025-04-20,2025-04-20,Changed Mind,Opened,27.77,Approved,Courier
RET-00001444,ITM-000019195,CUS-009251,2020-05-18,2020-05-24,Size/Fit,Opened,66.64,Processed,Store
RET-00001445,ITM-000019204,CUS-006118,2026-02-21,2026-02-26,Not as Described,Opened,317.42,Pending,Store
RET-00001446,ITM-000019220,CUS-010689,2021-10-24,2021-10-28,Damaged Delivery,Opened,537.91,Processed,Courier
RET-00001447,ITM-000019239,CUS-006180,2024-06-26,2024-06-26,Not as Described,Damaged,89.54,Pending,Store
RET-00001448,ITM-000019264,CUS-004841,2021-03-02,2021-03-10,Not as Described,Damaged,27.86,Approved,Store
RET-00001449,ITM-000019271,CUS-005240,2024-01-12,2024-01-20,Defective Product,Damaged,14.86,Approved,Courier
RET-00001450,ITM-000019289,CUS-002411,2026-03-13,2026-03-16,Changed Mind,Defective,141.71,Processed,Store
RET-00001451,ITM-000019305,CUS-005426,2025-08-08,2025-08-19,Changed Mind,Damaged,99.42,Processed,Courier
RET-00001452,ITM-000019319,CUS-007424,2026-07-07,2026-07-12,Changed Mind,Resellable,85.33,Processed,Courier
RET-00001453,ITM-000019332,CUS-011935,2022-12-02,2022-12-06,Changed Mind,Defective,197.77,Processed,Courier
RET-00001454,ITM-000019343,CUS-010210,2026-07-31,2026-08-06,Changed Mind,Opened,36.22,Pending,Courier
RET-00001455,ITM-000019347,CUS-009180,2022-11-20,2022-11-22,Changed Mind,Resellable,45.84,Approved,Courier
RET-00001456,ITM-000019349,CUS-010830,2023-12-09,2023-12-12,Changed Mind,Opened,74.44,Processed,Courier
RET-00001457,ITM-000019351,CUS-010830,2023-12-12,2023-12-16,Not as Described,Defective,164.15,Pending,Courier
RET-00001458,ITM-000019359,CUS-005749,2022-08-15,2022-08-23,Not as Described,Resellable,24.25,Approved,Courier
RET-00001459,ITM-000019366,CUS-007238,2022-07-13,2022-07-13,Defective Product,Resellable,116.23,Approved,Courier
RET-00001460,ITM-000019378,CUS-011754,2025-03-13,2025-03-24,Defective Product,Resellable,377.17,Approved,Courier
RET-00001461,ITM-000019424,CUS-006357,2024-11-09,2024-11-12,Changed Mind,Opened,249.56,Pending,Store
RET-00001462,ITM-000019446,CUS-002234,2024-04-20,2024-04-23,Changed Mind,Defective,22.16,Approved,Courier
RET-00001463,ITM-000019466,CUS-009047,2022-10-14,2022-10-20,Damaged Delivery,Damaged,29.53,Approved,Store
RET-00001464,ITM-000019477,,2021-11-23,2021-11-30,Changed Mind,Resellable,29.09,Processed,Store
RET-00001465,ITM-000019527,CUS-006008,2026-03-06,2026-03-19,Defective Product,Resellable,127.78,Pending,Store
RET-00001466,ITM-000019536,CUS-005400,2022-06-13,2022-06-14,Changed Mind,Opened,48.58,Approved,Store
RET-00001467,ITM-000019558,CUS-002021,2025-05-24,2025-05-26,Not as Described,Damaged,4.86,Processed,Courier
RET-00001468,ITM-000019584,CUS-011933,2025-07-13,2025-07-14,Wrong Item,Defective,98.08,Processed,Courier
RET-00001469,ITM-000019591,CUS-004446,2021-01-19,2021-01-21,Defective Product,Defective,45.08,Processed,Courier
RET-00001470,ITM-000019594,CUS-011171,2020-12-29,2021-01-10,Not as Described,Damaged,40.13,Approved,Courier
RET-00001471,ITM-000019596,CUS-011171,2020-12-24,2020-12-28,,Opened,66.96,Processed,Courier
RET-00001472,ITM-000019610,CUS-006004,2021-02-21,2021-02-27,Other,Opened,148.41,Pending,Courier
RET-00001473,ITM-000019621,CUS-005208,2022-08-30,2022-09-12,Other,Resellable,127.92,Approved,Store
RET-00001474,ITM-000019623,CUS-004463,2022-07-28,2022-08-09,Changed Mind,Defective,39.68,Pending,Courier
RET-00001475,ITM-000019643,CUS-011476,2020-07-27,2020-08-05,,Damaged,112.53,Approved,Store
RET-00001476,ITM-000019648,CUS-002752,2021-10-25,2021-10-31,,Damaged,72.54,Approved,Store
RET-00001477,ITM-000019667,CUS-001841,2024-06-06,2024-06-15,Defective Product,Damaged,55.04,Approved,Courier
RET-00001478,ITM-000019669,CUS-011252,2021-06-13,2021-06-20,Defective Product,Opened,74.47,Approved,Courier
RET-00001479,ITM-000019711,CUS-010584,2023-11-01,2023-11-07,Changed Mind,Resellable,17.28,Pending,Courier
RET-00001480,ITM-000019724,CUS-003210,2022-02-10,2022-02-18,Not as Described,Opened,59.54,Processed,Store
RET-00001481,ITM-000019779,CUS-009091,2021-11-10,2021-11-10,Changed Mind,Opened,89.15,Processed,Store
RET-00001482,ITM-000019821,,2022-03-04,2022-03-11,Changed Mind,Resellable,39.67,Processed,Courier
RET-00001483,ITM-000019822,CUS-009152,2023-08-23,2023-08-25,Size/Fit,Defective,15.37,Approved,Store
RET-00001484,ITM-000019854,CUS-005340,2022-03-01,2022-03-03,Changed Mind,Damaged,60.63,Approved,Courier
RET-00001485,ITM-000019864,CUS-005041,2025-06-09,2025-06-22,Size/Fit,Opened,227.12,Approved,Store
RET-00001486,ITM-000019875,CUS-006054,2022-11-17,2022-11-28,Size/Fit,Damaged,85.53,Approved,Courier
RET-00001487,ITM-000019886,CUS-002251,2022-11-24,2022-12-03,Defective Product,Resellable,20.58,Processed,Store
RET-00001488,ITM-000019888,CUS-002251,2022-11-12,2022-11-21,Changed Mind,Resellable,7.38,Processed,Store
RET-00001489,ITM-000019904,CUS-001832,2023-09-25,2023-09-26,Not as Described,Opened,29.38,Pending,Store
RET-00001490,ITM-000019934,CUS-003148,2025-11-27,2025-12-07,Size/Fit,Damaged,124.78,Processed,Courier
RET-00001491,ITM-000019962,CUS-010885,2021-07-15,2021-07-15,Size/Fit,Damaged,46.74,Approved,Courier
RET-00001492,ITM-000020005,CUS-007716,2022-01-01,2022-01-13,,Opened,28.17,Approved,Courier
RET-00001493,ITM-000020006,CUS-011662,2020-04-13,2020-04-19,Changed Mind,Opened,274.34,Processed,Store
RET-00001494,ITM-000020009,,2023-03-12,2023-03-13,Size/Fit,Resellable,242.98,Processed,Courier
RET-00001495,ITM-000020012,CUS-011200,2020-10-31,2020-11-04,Wrong Item,Damaged,208.74,Approved,Store
RET-00001496,ITM-000020035,CUS-010119,2025-01-03,2025-01-15,Defective Product,Resellable,50.49,Pending,Store
RET-00001497,ITM-000020080,CUS-008689,2022-03-10,2022-03-17,Other,Defective,91.62,Approved,Store
RET-00001498,ITM-000020118,CUS-004093,2026-01-12,2026-01-22,Defective Product,Resellable,105.12,Processed,Courier
RET-00001499,ITM-000020122,,2025-10-23,2025-10-31,Changed Mind,Damaged,41.72,Approved,Store
RET-00001500,ITM-000020127,CUS-000512,2024-04-26,2024-04-26,Size/Fit,Opened,85.98,Processed,Courier
RET-00001501,ITM-000020144,CUS-004062,2026-03-26,2026-04-03,Changed Mind,Opened,750.45,Pending,Courier
RET-00001502,ITM-000020146,CUS-004062,2026-03-19,2026-03-25,Size/Fit,Resellable,24.36,Pending,Store
RET-00001503,ITM-000020155,CUS-001075,2022-06-18,2022-06-25,Defective Product,Resellable,57.63,Processed,Store
RET-00001504,ITM-000020157,CUS-006588,2022-03-19,2022-03-19,Defective Product,Defective,60.49,Pending,Courier
RET-00001505,ITM-000020168,CUS-005563,2020-11-09,2020-11-17,Not as Described,Opened,66.56,Pending,Store
RET-00001506,ITM-000020170,CUS-009099,2023-08-22,2023-08-31,Not as Described,Resellable,211.61,Pending,Courier
RET-00001507,ITM-000020172,CUS-001117,2023-04-17,2023-04-19,Changed Mind,Damaged,206.55,Pending,Store
RET-00001508,ITM-000020196,CUS-008108,2023-12-28,2024-01-10,Damaged Delivery,Resellable,151.86,Processed,Courier
RET-00001509,ITM-000020198,CUS-003508,2025-10-21,2025-10-28,Changed Mind,Damaged,82.94,Approved,Store
RET-00001510,ITM-000020201,CUS-000952,2023-01-16,2023-01-29,Defective Product,Resellable,391.75,Approved,Store
RET-00001511,ITM-000020204,CUS-008320,2021-11-28,2021-12-05,Changed Mind,Opened,110.94,Pending,Store
RET-00001512,ITM-000020219,CUS-008493,2024-05-31,2024-06-07,Changed Mind,Damaged,87.85,Processed,Store
RET-00001513,ITM-000020264,CUS-009956,2023-06-17,2023-06-21,Defective Product,Resellable,146.66,Pending,Courier
RET-00001514,ITM-000020275,CUS-010262,2026-02-13,2026-02-21,Defective Product,Defective,31.24,Processed,Courier
RET-00001515,ITM-000020284,CUS-008437,2025-05-31,2025-06-05,Wrong Item,Defective,206.8,Processed,Store
RET-00001516,ITM-000020299,CUS-001956,2025-06-29,2025-07-10,Defective Product,Damaged,54.06,Pending,Store
RET-00001517,ITM-000020331,CUS-007214,2020-05-21,2020-05-28,Size/Fit,Defective,98.06,Pending,Store
RET-00001518,ITM-000020340,CUS-002353,2022-12-08,2022-12-09,Not as Described,Opened,141.43,Processed,Courier
RET-00001519,ITM-000020358,CUS-011524,2020-11-18,2020-12-01,Not as Described,Defective,70.53,Processed,Store
RET-00001520,ITM-000020376,CUS-009192,2026-03-02,2026-03-03,Wrong Item,Opened,90.17,Pending,Courier
RET-00001521,ITM-000020387,CUS-006430,2025-01-21,2025-02-02,Size/Fit,Resellable,60.97,Pending,Store
RET-00001522,ITM-000020389,CUS-000056,2024-12-19,2024-12-28,Changed Mind,Resellable,371.03,Processed,Courier
RET-00001523,ITM-000020406,CUS-011271,2023-11-02,2023-11-15,Not as Described,Resellable,57.77,Approved,Courier
RET-00001524,ITM-000020412,CUS-007361,2023-01-24,2023-01-26,Not as Described,Resellable,65.8,Pending,Store
RET-00001525,ITM-000020425,CUS-011385,2023-07-08,2023-07-10,Changed Mind,Defective,59.28,Pending,Store
RET-00001526,ITM-000020443,CUS-003619,2024-12-30,2025-01-05,Defective Product,Defective,279.94,Processed,Store
RET-00001527,ITM-000020453,CUS-003768,2025-03-12,2025-03-12,Not as Described,Damaged,82.08,Processed,Store
RET-00001528,ITM-000020455,CUS-001834,2024-10-19,2024-10-27,Wrong Item,Damaged,84.97,Approved,Store
RET-00001529,ITM-000020461,CUS-006438,2024-02-21,2024-03-03,Defective Product,Defective,40.62,Approved,Store
RET-00001530,ITM-000020468,CUS-000974,2025-01-08,2025-01-21,Changed Mind,Resellable,63.47,Processed,Store
RET-00001531,ITM-000020517,CUS-001679,2021-08-10,2021-08-14,Size/Fit,Opened,485.96,Pending,Store
RET-00001532,ITM-000020520,CUS-011021,2026-03-20,2026-03-26,Changed Mind,Damaged,101.24,Pending,Store
RET-00001533,ITM-000020530,CUS-005897,2021-06-20,2021-07-01,Changed Mind,Damaged,13.94,Processed,Courier
RET-00001534,ITM-000020536,CUS-008166,2026-09-13,2026-09-15,Damaged Delivery,Damaged,123.41,Approved,Store
RET-00001535,ITM-000020573,CUS-004635,2025-08-08,2025-08-10,Changed Mind,Opened,87.86,Pending,Courier
RET-00001536,ITM-000020610,CUS-005314,2020-10-25,2020-10-27,Changed Mind,Defective,192.09,Approved,Store
RET-00001537,ITM-000020617,CUS-002618,2025-01-16,2025-01-26,Changed Mind,Resellable,84.63,Approved,Store
RET-00001538,ITM-000020637,CUS-008707,2024-02-23,2024-03-03,Changed Mind,Resellable,31.34,Approved,Courier
RET-00001539,ITM-000020643,CUS-011337,2024-11-20,2024-12-03,Size/Fit,Damaged,29.18,Processed,Store
RET-00001540,ITM-000020650,CUS-009345,2020-03-15,2020-03-26,Changed Mind,Defective,80.37,Pending,Store
RET-00001541,ITM-000020666,CUS-006963,2020-09-03,2020-09-12,,Resellable,163.98,Approved,Courier
RET-00001542,ITM-000020671,CUS-005270,2026-01-24,2026-02-06,Defective Product,Opened,54.18,Pending,Courier
RET-00001543,ITM-000020673,CUS-006380,2023-09-06,2023-09-17,Changed Mind,Resellable,102.13,Pending,Courier
RET-00001544,ITM-000020694,CUS-003810,2023-08-05,2023-08-06,Changed Mind,Defective,44.22,Approved,Store
RET-00001545,ITM-000020697,CUS-005408,2021-08-15,2021-08-26,Defective Product,Defective,32.63,Processed,Courier
RET-00001546,ITM-000020710,CUS-004929,2021-05-18,2021-05-20,Defective Product,Opened,72.69,Processed,Courier
RET-00001547,ITM-000020739,CUS-005548,2021-04-10,2021-04-16,Changed Mind,Defective,61.84,Pending,Store
RET-00001548,ITM-000020740,CUS-005548,2021-04-30,2021-05-10,Changed Mind,Opened,221.86,Processed,Courier
RET-00001549,ITM-000020796,CUS-002315,2021-12-23,2022-01-02,,Resellable,314.3,Processed,Courier
RET-00001550,ITM-000020812,CUS-011043,2024-02-14,2024-02-21,Changed Mind,Defective,113.75,Approved,Courier
RET-00001551,ITM-000020833,CUS-005487,2025-10-26,2025-11-08,Changed Mind,Opened,47.37,Pending,Store
RET-00001552,ITM-000020842,CUS-009608,2021-09-18,2021-09-19,Other,Resellable,255.74,Approved,Courier
RET-00001553,ITM-000020846,CUS-009823,2026-09-18,2026-09-27,Changed Mind,Defective,80.45,Processed,Store
RET-00001554,ITM-000020871,CUS-003761,2026-02-23,2026-02-27,Size/Fit,Opened,179.08,Processed,Store
RET-00001555,ITM-000020904,CUS-005048,2020-09-04,2020-09-13,Defective Product,Defective,28.87,Approved,Courier
RET-00001556,ITM-000020916,CUS-002248,2024-11-02,2024-11-10,Size/Fit,Opened,55.77,Approved,Courier
RET-00001557,ITM-000020925,CUS-009273,2025-02-06,2025-02-07,Defective Product,Defective,75.78,Processed,Courier
RET-00001558,ITM-000020932,CUS-002565,2024-12-07,2024-12-09,Wrong Item,Damaged,60.42,Approved,Courier
RET-00001559,ITM-000020940,CUS-010829,2025-12-12,2025-12-18,Defective Product,Defective,223.98,Pending,Store
RET-00001560,ITM-000020954,CUS-003671,2023-07-08,2023-07-18,Changed Mind,Opened,22.21,Pending,Store
RET-00001561,ITM-000020962,CUS-010997,2020-08-22,2020-08-26,Damaged Delivery,Damaged,102.3,Approved,Store
RET-00001562,ITM-000020968,CUS-000144,2024-02-06,2024-02-08,Changed Mind,Resellable,21.43,Approved,Courier
RET-00001563,ITM-000020975,,2020-07-21,2020-07-26,,Resellable,15.4,Processed,Courier
RET-00001564,ITM-000021008,CUS-000150,2025-11-21,2025-12-01,Changed Mind,Damaged,29.11,Approved,Store
RET-00001565,ITM-000021009,CUS-009570,2022-11-26,2022-12-07,Other,Defective,105.94,Pending,Courier
RET-00001566,ITM-000021012,CUS-004052,2026-01-28,2026-02-10,Changed Mind,Damaged,54.32,Processed,Courier
RET-00001567,ITM-000021015,CUS-005850,2020-12-07,2020-12-12,Size/Fit,Defective,117.24,Processed,Courier
RET-00001568,ITM-000021031,CUS-003925,2026-03-20,2026-03-20,Changed Mind,Damaged,60.49,Approved,Store
RET-00001569,ITM-000021034,CUS-006774,2026-06-04,2026-06-16,Defective Product,Resellable,214.26,Pending,Courier
RET-00001570,ITM-000021040,CUS-004699,2024-10-27,2024-11-05,Defective Product,Defective,22.73,Approved,Store
RET-00001571,ITM-000021045,CUS-010785,2025-04-01,2025-04-02,Changed Mind,Defective,52.83,Pending,Store
RET-00001572,ITM-000021046,CUS-010785,2025-04-06,2025-04-07,Not as Described,Opened,100.09,Approved,Store
RET-00001573,ITM-000021065,CUS-000484,2021-05-15,2021-05-27,Not as Described,Resellable,151.96,Approved,Store
RET-00001574,ITM-000021084,CUS-010004,2021-05-09,2021-05-13,Size/Fit,Opened,142.66,Approved,Store
RET-00001575,ITM-000021085,CUS-008685,2024-11-20,2024-11-29,Size/Fit,Damaged,137.35,Processed,Courier
RET-00001576,ITM-000021096,,2025-02-10,2025-02-15,Changed Mind,Defective,10.29,Pending,Store
RET-00001577,ITM-000021098,CUS-004741,2021-05-10,2021-05-13,Defective Product,Resellable,34.43,Processed,Courier
RET-00001578,ITM-000021106,CUS-010881,2026-05-26,2026-06-02,Damaged Delivery,Resellable,61.26,Pending,Courier
RET-00001579,ITM-000021111,CUS-007670,2020-08-08,2020-08-13,,Resellable,77.24,Processed,Courier
RET-00001580,ITM-000021128,CUS-004834,2021-10-02,2021-10-06,,Opened,139.12,Processed,Courier
RET-00001581,ITM-000021179,CUS-008290,2022-05-16,2022-05-23,Size/Fit,Damaged,43.6,Processed,Courier
RET-00001582,ITM-000021202,CUS-006109,2022-09-03,2022-09-14,Size/Fit,Opened,113.75,Processed,Store
RET-00001583,ITM-000021226,CUS-008783,2020-11-05,2020-11-12,Changed Mind,Opened,161.59,Approved,Courier
RET-00001584,ITM-000021231,CUS-001192,2025-03-15,2025-03-19,Changed Mind,Resellable,66.03,Approved,Courier
RET-00001585,ITM-000021242,CUS-010841,2026-04-09,2026-04-17,Changed Mind,Damaged,150.74,Processed,Courier
RET-00001586,ITM-000021254,CUS-003485,2020-02-13,2020-02-20,Not as Described,Damaged,47.82,Pending,Courier
RET-00001587,ITM-000021259,CUS-006153,2022-01-19,2022-01-22,Defective Product,Resellable,109.5,Approved,Courier
RET-00001588,ITM-000021278,CUS-001821,2026-05-08,2026-05-16,Size/Fit,Opened,24.63,Approved,Courier
RET-00001589,ITM-000021286,CUS-000486,2021-06-03,2021-06-13,Damaged Delivery,Damaged,48.21,Approved,Courier
RET-00001590,ITM-000021294,CUS-004462,2025-12-13,2025-12-17,Size/Fit,Resellable,127.55,Processed,Courier
RET-00001591,ITM-000021295,CUS-004462,2025-12-23,2025-12-26,Defective Product,Resellable,22.71,Approved,Store
RET-00001592,ITM-000021337,CUS-005589,2026-02-27,2026-03-02,Size/Fit,Opened,135.57,Approved,Courier
RET-00001593,ITM-000021348,CUS-002055,2024-07-07,2024-07-17,Not as Described,Opened,130.48,Pending,Store
RET-00001594,ITM-000021401,CUS-011869,2023-02-19,2023-02-22,Not as Described,Defective,85.36,Pending,Store
RET-00001595,ITM-000021405,CUS-002815,2023-04-12,2023-04-12,Size/Fit,Resellable,14.79,Processed,Courier
RET-00001596,ITM-000021407,CUS-010971,2021-08-24,2021-08-31,Defective Product,Resellable,60.59,Processed,Courier
RET-00001597,ITM-000021408,CUS-010971,2021-09-17,2021-09-22,Size/Fit,Resellable,45.7,Pending,Courier
RET-00001598,ITM-000021412,CUS-004147,2020-04-07,2020-04-11,Damaged Delivery,Resellable,79.44,Approved,Courier
RET-00001599,ITM-000021427,CUS-005239,2021-09-21,2021-09-21,Defective Product,Damaged,62.04,Pending,Store
RET-00001600,ITM-000021428,CUS-005239,2021-09-08,2021-09-11,Changed Mind,Opened,38.94,Pending,Courier
RET-00001601,ITM-000021440,CUS-003021,2026-01-10,2026-01-14,Changed Mind,Resellable,137.4,Pending,Store
RET-00001602,ITM-000021453,CUS-009722,2021-10-17,2021-10-19,Not as Described,Resellable,61.17,Approved,Store
RET-00001603,ITM-000021472,CUS-011978,2025-04-15,2025-04-19,Changed Mind,Resellable,102.39,Approved,Courier
RET-00001604,ITM-000021474,CUS-002524,2025-08-19,2025-08-19,Damaged Delivery,Damaged,79.57,Pending,Store
RET-00001605,ITM-000021495,CUS-002271,2023-11-26,2023-11-28,Changed Mind,Damaged,51.43,Processed,Courier
RET-00001606,ITM-000021524,CUS-011844,2026-02-08,2026-02-10,Changed Mind,Resellable,58.82,Approved,Courier
RET-00001607,ITM-000021537,CUS-002655,2022-09-24,2022-09-30,Not as Described,Damaged,215.49,Approved,Courier
RET-00001608,ITM-000021570,CUS-002966,2021-02-12,2021-02-16,,Damaged,32.16,Approved,Courier
RET-00001609,ITM-000021579,CUS-009353,2023-05-03,2023-05-06,Changed Mind,Defective,100.42,Approved,Store
RET-00001610,ITM-000021581,CUS-002327,2022-04-23,2022-05-06,Size/Fit,Resellable,36.13,Pending,Courier
RET-00001611,ITM-000021604,CUS-011541,2023-10-24,2023-11-02,Other,Resellable,160.85,Pending,Courier
RET-00001612,ITM-000021607,CUS-002291,2021-07-26,2021-08-03,Damaged Delivery,Opened,67.68,Approved,Store
RET-00001613,ITM-000021626,,2021-12-11,2021-12-16,Changed Mind,Damaged,135.17,Pending,Courier
RET-00001614,ITM-000021636,CUS-002973,2021-01-09,2021-01-17,Wrong Item,Defective,14.23,Pending,Store
RET-00001615,ITM-000021648,CUS-000158,2020-05-13,2020-05-17,Not as Described,Resellable,524.34,Pending,Courier
RET-00001616,ITM-000021661,CUS-000615,2021-04-02,2021-04-11,Defective Product,Damaged,45.27,Pending,Courier
RET-00001617,ITM-000021671,CUS-010484,2022-04-30,2022-05-13,Changed Mind,Defective,115.0,Processed,Store
RET-00001618,ITM-000021673,CUS-004210,2025-06-26,2025-07-03,Size/Fit,Resellable,46.76,Pending,Store
RET-00001619,ITM-000021682,CUS-000861,2026-06-10,2026-06-22,Damaged Delivery,Opened,130.28,Pending,Courier
RET-00001620,ITM-000021692,CUS-006110,2022-10-21,2022-10-22,Not as Described,Damaged,39.39,Approved,Store
RET-00001621,ITM-000021701,,2022-05-04,2022-05-10,Size/Fit,Resellable,72.74,Pending,Courier
RET-00001622,ITM-000021715,CUS-009693,2021-10-16,2021-10-17,Defective Product,Resellable,24.84,Approved,Courier
RET-00001623,ITM-000021719,CUS-006945,2020-08-26,2020-08-26,Defective Product,Resellable,114.01,Approved,Courier
RET-00001624,ITM-000021728,CUS-004105,2020-05-28,2020-06-03,Size/Fit,Resellable,105.12,Processed,Store
RET-00001625,ITM-000021729,CUS-004105,2020-05-17,2020-05-21,Defective Product,Opened,19.88,Approved,Store
RET-00001626,ITM-000021735,CUS-003068,2022-06-11,2022-06-17,Size/Fit,Resellable,36.94,Processed,Courier
RET-00001627,ITM-000021747,CUS-005118,2020-02-25,2020-02-25,,Resellable,27.77,Pending,Store
RET-00001628,ITM-000021748,CUS-004284,2022-09-28,2022-10-04,Changed Mind,Resellable,101.76,Pending,Store
RET-00001629,ITM-000021753,CUS-005700,2024-07-20,2024-07-23,Size/Fit,Damaged,179.22,Approved,Store
RET-00001630,ITM-000021780,CUS-002982,2021-12-07,2021-12-13,Size/Fit,Damaged,1521.22,Processed,Courier
RET-00001631,ITM-000021812,CUS-009824,2020-01-22,2020-02-01,,Opened,85.17,Approved,Store
RET-00001632,ITM-000021817,CUS-000718,2020-06-30,2020-07-02,Defective Product,Defective,39.68,Processed,Courier
RET-00001633,ITM-000021823,CUS-002334,2025-12-25,2025-12-25,Defective Product,Defective,34.31,Pending,Store
RET-00001634,ITM-000021825,CUS-009821,2026-02-09,2026-02-21,Damaged Delivery,Defective,72.52,Approved,Courier
RET-00001635,ITM-000021844,CUS-005375,2021-02-16,2021-02-16,Changed Mind,Resellable,19.48,Approved,Courier
RET-00001636,ITM-000021861,CUS-009097,2022-09-12,2022-09-20,Changed Mind,Opened,41.0,Processed,Courier
RET-00001637,ITM-000021863,CUS-001885,2024-07-08,2024-07-10,Size/Fit,Opened,105.34,Pending,Courier
RET-00001638,ITM-000021864,CUS-001885,2024-07-02,2024-07-11,Not as Described,Damaged,61.66,Pending,Store
RET-00001639,ITM-000021871,CUS-011005,2021-05-06,2021-05-08,,Defective,4.86,Processed,Store
RET-00001640,ITM-000021906,,2025-04-06,2025-04-11,Defective Product,Defective,53.57,Pending,Courier
RET-00001641,ITM-000021927,CUS-008212,2023-03-18,2023-03-26,Not as Described,Resellable,50.92,Pending,Courier
RET-00001642,ITM-000021945,CUS-004450,2022-09-23,2022-09-30,Changed Mind,Damaged,28.41,Approved,Courier
RET-00001643,ITM-000021972,CUS-005409,2021-08-17,2021-08-29,Changed Mind,Resellable,113.2,Processed,Courier
RET-00001644,ITM-000022077,CUS-004572,2024-12-15,2024-12-26,,Resellable,230.74,Processed,Store
RET-00001645,ITM-000022095,CUS-000169,2021-01-13,2021-01-26,,Damaged,159.44,Approved,Courier
RET-00001646,ITM-000022098,CUS-003910,2020-07-25,2020-07-27,,Defective,45.21,Pending,Courier
RET-00001647,ITM-000022100,CUS-001352,2024-12-15,2024-12-15,Not as Described,Defective,218.3,Processed,Store
RET-00001648,ITM-000022109,CUS-006043,2023-09-10,2023-09-18,Changed Mind,Damaged,62.8,Processed,Courier
RET-00001649,ITM-000022125,CUS-000856,2023-04-28,2023-05-08,Size/Fit,Defective,107.51,Processed,Courier
RET-00001650,ITM-000022134,CUS-003871,2020-07-29,2020-08-03,Size/Fit,Opened,118.62,Processed,Courier
RET-00001651,ITM-000022160,,2022-11-30,2022-12-11,Damaged Delivery,Damaged,60.42,Processed,Courier
RET-00001652,ITM-000022183,CUS-009281,2021-04-27,2021-04-30,Defective Product,Opened,19.97,Processed,Store
RET-00001653,ITM-000022196,CUS-006360,2026-08-27,2026-09-07,Not as Described,Damaged,191.32,Processed,Courier
RET-00001654,ITM-000022210,CUS-011298,2021-10-07,2021-10-09,Defective Product,Damaged,44.39,Approved,Courier
RET-00001655,ITM-000022221,CUS-005351,2021-07-02,2021-07-03,Damaged Delivery,Defective,25.74,Processed,Courier
RET-00001656,ITM-000022230,CUS-008441,2023-07-19,2023-08-01,Changed Mind,Resellable,124.91,Pending,Store
RET-00001657,ITM-000022239,CUS-010494,2020-05-10,2020-05-15,Defective Product,Resellable,56.92,Approved,Courier
RET-00001658,ITM-000022241,CUS-007958,2022-06-20,2022-06-29,Changed Mind,Opened,65.1,Processed,Courier
RET-00001659,ITM-000022245,CUS-008855,2021-09-26,2021-10-01,Size/Fit,Resellable,41.31,Approved,Store
RET-00001660,ITM-000022268,CUS-011049,2023-02-27,2023-03-02,Size/Fit,Resellable,59.05,Approved,Store
RET-00001661,ITM-000022302,CUS-003723,2025-05-14,2025-05-19,Changed Mind,Damaged,99.23,Pending,Store
RET-00001662,ITM-000022308,CUS-009439,2021-07-17,2021-07-23,Size/Fit,Defective,48.02,Approved,Courier
RET-00001663,ITM-000022312,CUS-005862,2021-02-15,2021-02-16,Damaged Delivery,Defective,179.69,Processed,Store
RET-00001664,ITM-000022322,CUS-003721,2023-08-22,2023-08-22,Not as Described,Resellable,64.55,Approved,Courier
RET-00001665,ITM-000022325,CUS-003972,2024-08-03,2024-08-04,Changed Mind,Defective,179.22,Processed,Courier
RET-00001666,ITM-000022328,CUS-005124,2022-06-23,2022-07-04,Defective Product,Damaged,102.32,Processed,Store
RET-00001667,ITM-000022342,CUS-002172,2021-09-10,2021-09-14,Defective Product,Opened,42.31,Approved,Courier
RET-00001668,ITM-000022351,CUS-003941,2021-06-16,2021-06-22,,Resellable,55.41,Pending,Store
RET-00001669,ITM-000022360,CUS-003772,2021-09-25,2021-10-04,,Defective,18.47,Processed,Store
RET-00001670,ITM-000022373,CUS-004175,2020-08-01,2020-08-11,,Resellable,4.86,Approved,Courier
RET-00001671,ITM-000022383,CUS-003738,2023-01-28,2023-01-31,Changed Mind,Resellable,25.53,Processed,Courier
RET-00001672,ITM-000022386,CUS-011343,2023-01-02,2023-01-03,Damaged Delivery,Damaged,14.68,Processed,Store
RET-00001673,ITM-000022403,CUS-010960,2022-04-15,2022-04-19,Defective Product,Defective,43.11,Approved,Store
RET-00001674,ITM-000022406,CUS-011305,2026-07-04,2026-07-15,Not as Described,Resellable,37.97,Pending,Store
RET-00001675,ITM-000022438,CUS-005185,2026-04-12,2026-04-12,Not as Described,Defective,58.09,Approved,Store
RET-00001676,ITM-000022471,CUS-007823,2024-01-28,2024-01-28,Size/Fit,Damaged,30.4,Processed,Store
RET-00001677,ITM-000022475,CUS-009816,2026-07-08,2026-07-09,Defective Product,Resellable,149.69,Pending,Store
RET-00001678,ITM-000022482,CUS-004678,2026-07-22,2026-07-31,Size/Fit,Damaged,290.58,Approved,Store
RET-00001679,ITM-000022487,CUS-005761,2020-12-27,2021-01-07,,Defective,55.41,Pending,Store
RET-00001680,ITM-000022526,CUS-003625,2026-07-29,2026-07-29,,Resellable,45.08,Processed,Store
RET-00001681,ITM-000022537,CUS-005800,2024-07-24,2024-08-05,Size/Fit,Resellable,27.36,Approved,Courier
RET-00001682,ITM-000022560,CUS-011274,2025-01-11,2025-01-23,Damaged Delivery,Opened,44.69,Approved,Store
RET-00001683,ITM-000022561,CUS-003815,2020-09-06,2020-09-14,Damaged Delivery,Opened,45.59,Processed,Store
RET-00001684,ITM-000022573,CUS-004672,2022-05-30,2022-06-12,,Defective,47.08,Approved,Courier
RET-00001685,ITM-000022576,CUS-006395,2024-01-09,2024-01-20,Size/Fit,Damaged,68.69,Approved,Store
RET-00001686,ITM-000022621,CUS-009116,2024-03-31,2024-04-08,Not as Described,Resellable,73.25,Processed,Store
RET-00001687,ITM-000022630,CUS-010131,2026-06-30,2026-07-04,Size/Fit,Defective,133.29,Pending,Courier
RET-00001688,ITM-000022642,CUS-008695,2026-02-06,2026-02-16,Defective Product,Defective,128.7,Approved,Courier
RET-00001689,ITM-000022644,CUS-002123,2024-08-04,2024-08-09,Size/Fit,Resellable,4.86,Pending,Courier
RET-00001690,ITM-000022648,CUS-005425,2026-01-24,2026-01-30,Changed Mind,Defective,59.05,Pending,Courier
RET-00001691,ITM-000022649,CUS-011051,2024-08-07,2024-08-14,Changed Mind,Resellable,30.09,Processed,Store
RET-00001692,ITM-000022659,CUS-011593,2022-01-16,2022-01-21,Not as Described,Damaged,80.85,Approved,Store
RET-00001693,ITM-000022673,CUS-003858,2023-03-07,2023-03-08,Not as Described,Opened,347.22,Processed,Courier
RET-00001694,ITM-000022691,CUS-000824,2022-10-19,2022-10-24,Size/Fit,Defective,62.67,Pending,Store
RET-00001695,ITM-000022698,CUS-005900,2020-04-18,2020-04-24,Size/Fit,Resellable,46.42,Processed,Store
RET-00001696,ITM-000022705,CUS-001952,2026-07-26,2026-07-31,Not as Described,Defective,29.32,Approved,Courier
RET-00001697,ITM-000022739,CUS-002649,2020-10-08,2020-10-19,,Opened,66.45,Processed,Courier
RET-00001698,ITM-000022748,CUS-007814,2021-08-29,2021-09-04,Size/Fit,Resellable,32.27,Approved,Store
RET-00001699,ITM-000022754,CUS-004910,2026-05-10,2026-05-22,Changed Mind,Opened,124.91,Pending,Store
RET-00001700,ITM-000022757,CUS-003648,2025-12-04,2025-12-11,Changed Mind,Damaged,44.7,Pending,Store
RET-00001701,ITM-000022758,CUS-001902,2021-11-12,2021-11-12,Changed Mind,Defective,43.27,Approved,Store
RET-00001702,ITM-000022766,CUS-007282,2022-02-18,2022-02-22,Not as Described,Defective,64.23,Pending,Store
RET-00001703,ITM-000022773,CUS-003887,2026-09-04,2026-09-11,Changed Mind,Resellable,151.14,Processed,Store
RET-00001704,ITM-000022778,CUS-002636,2022-08-04,2022-08-16,Changed Mind,Opened,76.11,Processed,Store
RET-00001705,ITM-000022785,CUS-006962,2022-03-22,2022-03-27,Size/Fit,Defective,154.48,Processed,Courier
RET-00001706,ITM-000022790,CUS-007893,2022-08-29,2022-09-01,Changed Mind,Damaged,87.17,Approved,Store
RET-00001707,ITM-000022801,CUS-000930,2026-07-09,2026-07-09,Size/Fit,Damaged,174.1,Pending,Store
RET-00001708,ITM-000022818,CUS-005286,2024-03-06,2024-03-17,Size/Fit,Defective,49.8,Processed,Store
RET-00001709,ITM-000022824,CUS-002856,2023-03-27,2023-04-09,Defective Product,Opened,31.02,Processed,Store
RET-00001710,ITM-000022877,CUS-009630,2023-02-07,2023-02-14,Changed Mind,Opened,28.51,Processed,Courier
RET-00001711,ITM-000022880,CUS-003728,2026-02-03,2026-02-07,Changed Mind,Damaged,22.77,Approved,Store
RET-00001712,ITM-000022883,CUS-002546,2022-05-25,2022-06-05,Changed Mind,Resellable,21.58,Processed,Store
RET-00001713,ITM-000022904,CUS-003225,2022-01-16,2022-01-27,Changed Mind,Defective,73.46,Processed,Courier
RET-00001714,ITM-000022907,CUS-000131,2026-02-27,2026-03-09,Not as Described,Defective,11.29,Approved,Courier
RET-00001715,ITM-000022938,CUS-001969,2023-07-31,2023-08-07,Size/Fit,Opened,65.6,Approved,Courier
RET-00001716,ITM-000022959,CUS-005217,2024-02-11,2024-02-24,Not as Described,Defective,48.2,Pending,Courier
RET-00001717,ITM-000022962,CUS-009644,2026-04-09,2026-04-11,Defective Product,Opened,159.13,Approved,Courier
RET-00001718,ITM-000023001,CUS-000060,2026-02-15,2026-02-28,Changed Mind,Defective,341.25,Processed,Store
RET-00001719,ITM-000023007,CUS-008347,2026-06-19,2026-06-19,Changed Mind,Opened,44.86,Pending,Courier
RET-00001720,ITM-000023010,CUS-010145,2024-09-26,2024-09-28,Defective Product,Defective,33.0,Pending,Store
RET-00001721,ITM-000023036,CUS-001198,2021-10-16,2021-10-20,Size/Fit,Opened,29.66,Pending,Courier
RET-00001722,ITM-000023039,CUS-006055,2023-09-24,2023-10-05,Damaged Delivery,Resellable,56.51,Processed,Courier
RET-00001723,ITM-000023040,CUS-006055,2023-11-04,2023-11-05,,Defective,97.5,Pending,Courier
RET-00001724,ITM-000023051,CUS-009758,2021-11-09,2021-11-17,Changed Mind,Damaged,119.97,Pending,Store
RET-00001725,ITM-000023075,CUS-010064,2023-03-10,2023-03-14,Changed Mind,Opened,199.35,Approved,Store
RET-00001726,ITM-000023076,CUS-010601,2026-04-26,2026-05-02,Changed Mind,Opened,29.63,Processed,Courier
RET-00001727,ITM-000023096,CUS-009603,2025-07-31,2025-08-11,Wrong Item,Opened,19.97,Approved,Store
RET-00001728,ITM-000023101,CUS-009719,2022-07-11,2022-07-24,Changed Mind,Damaged,51.22,Pending,Store
RET-00001729,ITM-000023123,CUS-009432,2024-02-10,2024-02-19,Changed Mind,Defective,83.76,Processed,Courier
RET-00001730,ITM-000023137,CUS-007431,2023-08-08,2023-08-08,Changed Mind,Damaged,125.34,Approved,Store
RET-00001731,ITM-000023140,CUS-011630,2021-09-16,2021-09-28,Changed Mind,Damaged,151.11,Pending,Store
RET-00001732,ITM-000023149,CUS-002333,2025-12-31,2026-01-06,Size/Fit,Resellable,54.77,Pending,Courier
RET-00001733,ITM-000023151,,2021-05-12,2021-05-23,Changed Mind,Damaged,71.68,Pending,Courier
RET-00001734,ITM-000023187,CUS-001051,2021-07-28,2021-07-28,,Damaged,260.33,Processed,Store
RET-00001735,ITM-000023196,CUS-011942,2023-12-22,2024-01-03,Not as Described,Damaged,226.59,Approved,Store
RET-00001736,ITM-000023206,CUS-007017,2024-12-26,2025-01-01,Changed Mind,Damaged,43.53,Approved,Courier
RET-00001737,ITM-000023219,CUS-007958,2021-12-25,2021-12-31,Wrong Item,Damaged,83.18,Approved,Courier
RET-00001738,ITM-000023224,CUS-009082,2022-01-06,2022-01-08,Size/Fit,Damaged,12.79,Approved,Courier
RET-00001739,ITM-000023253,CUS-008717,2023-07-25,2023-08-03,Changed Mind,Defective,17.45,Approved,Courier
RET-00001740,ITM-000023276,CUS-005446,2021-02-27,2021-03-12,Changed Mind,Opened,90.11,Processed,Store
RET-00001741,ITM-000023280,CUS-011674,2025-04-07,2025-04-12,Size/Fit,Opened,26.14,Approved,Courier
RET-00001742,ITM-000023285,CUS-001762,2022-07-23,2022-07-27,Not as Described,Damaged,48.5,Processed,Store
RET-00001743,ITM-000023305,CUS-006689,2023-07-24,2023-07-29,Not as Described,Damaged,20.53,Approved,Courier
RET-00001744,ITM-000023313,CUS-010807,2026-04-24,2026-04-27,Not as Described,Opened,54.13,Processed,Store
RET-00001745,ITM-000023324,CUS-007812,2021-02-09,2021-02-19,Wrong Item,Resellable,91.11,Approved,Store
RET-00001746,ITM-000023325,CUS-007812,2021-02-15,2021-02-21,Damaged Delivery,Damaged,27.41,Pending,Courier
RET-00001747,ITM-000023329,CUS-008335,2022-03-24,2022-03-26,Defective Product,Damaged,74.14,Pending,Store
RET-00001748,ITM-000023354,CUS-002824,2022-06-24,2022-06-25,Not as Described,Damaged,26.14,Approved,Courier
RET-00001749,ITM-000023389,CUS-006923,2023-11-02,2023-11-08,Changed Mind,Resellable,65.26,Processed,Courier
RET-00001750,ITM-000023392,,2023-12-22,2023-12-25,Defective Product,Damaged,129.19,Approved,Store
RET-00001751,ITM-000023408,CUS-009732,2021-03-31,2021-04-03,Not as Described,Defective,46.27,Approved,Store
RET-00001752,ITM-000023410,CUS-011919,2023-09-10,2023-09-16,Changed Mind,Damaged,107.54,Pending,Store
RET-00001753,ITM-000023424,CUS-005103,2022-07-23,2022-07-28,Changed Mind,Damaged,170.66,Pending,Store
RET-00001754,ITM-000023425,CUS-008175,2025-01-16,2025-01-17,Changed Mind,Damaged,87.86,Processed,Store
RET-00001755,ITM-000023427,CUS-011365,2024-07-07,2024-07-18,Changed Mind,Resellable,44.96,Processed,Courier
RET-00001756,ITM-000023471,CUS-006727,2026-03-14,2026-03-21,Not as Described,Resellable,151.32,Processed,Store
RET-00001757,ITM-000023486,CUS-007176,2026-04-05,2026-04-06,Defective Product,Defective,28.55,Pending,Store
RET-00001758,ITM-000023515,CUS-001938,2026-07-25,2026-08-04,Size/Fit,Opened,48.05,Processed,Store
RET-00001759,ITM-000023516,CUS-004361,2021-02-14,2021-02-16,Changed Mind,Resellable,571.2,Processed,Store
RET-00001760,ITM-000023518,CUS-009593,2024-05-09,2024-05-10,Changed Mind,Resellable,38.45,Pending,Courier
RET-00001761,ITM-000023556,CUS-002883,2025-08-15,2025-08-15,Not as Described,Defective,364.48,Processed,Store
RET-00001762,ITM-000023562,CUS-011270,2021-01-08,2021-01-14,Changed Mind,Opened,164.15,Pending,Courier
RET-00001763,ITM-000023602,CUS-002398,2022-03-13,2022-03-25,,Defective,109.63,Processed,Store
RET-00001764,ITM-000023615,CUS-009691,2021-01-10,2021-01-20,Not as Described,Opened,72.74,Processed,Courier
RET-00001765,ITM-000023630,CUS-004301,2022-09-15,2022-09-22,Changed Mind,Opened,57.45,Processed,Courier
RET-00001766,ITM-000023641,,2024-04-11,2024-04-16,Not as Described,Damaged,218.22,Processed,Courier
RET-00001767,ITM-000023645,CUS-000718,2025-06-05,2025-06-17,Not as Described,Damaged,169.56,Approved,Store
RET-00001768,ITM-000023701,CUS-005496,2021-01-10,2021-01-21,,Opened,260.06,Approved,Store
RET-00001769,ITM-000023705,CUS-007071,2023-02-05,2023-02-08,Size/Fit,Resellable,13.23,Processed,Courier
RET-00001770,ITM-000023707,CUS-009494,2023-11-03,2023-11-09,Size/Fit,Resellable,236.37,Pending,Store
RET-00001771,ITM-000023717,,2021-10-23,2021-10-27,,Resellable,41.0,Approved,Store
RET-00001772,ITM-000023730,CUS-007037,2024-02-20,2024-03-02,Size/Fit,Opened,234.41,Processed,Courier
RET-00001773,ITM-000023753,CUS-004723,2026-05-10,2026-05-18,Not as Described,Defective,36.24,Approved,Courier
RET-00001774,ITM-000023754,CUS-006740,2026-01-18,2026-01-26,Defective Product,Opened,168.6,Processed,Courier
RET-00001775,ITM-000023755,CUS-009825,2026-06-16,2026-06-20,Other,Damaged,205.46,Approved,Courier
RET-00001776,ITM-000023764,CUS-010434,2022-09-20,2022-09-25,Size/Fit,Defective,195.01,Pending,Store
RET-00001777,ITM-000023767,CUS-011969,2023-03-19,2023-03-25,Damaged Delivery,Damaged,215.84,Pending,Courier
RET-00001778,ITM-000023780,CUS-003314,2021-04-04,2021-04-16,,Opened,236.49,Approved,Store
RET-00001779,ITM-000023811,CUS-000644,2024-04-02,2024-04-02,Changed Mind,Defective,32.17,Approved,Courier
RET-00001780,ITM-000023843,CUS-001529,2024-01-05,2024-01-14,Damaged Delivery,Defective,151.68,Processed,Store
RET-00001781,ITM-000023852,CUS-003017,2021-01-13,2021-01-26,Changed Mind,Defective,341.32,Processed,Store
RET-00001782,ITM-000023855,CUS-008063,2021-08-24,2021-08-31,Other,Defective,63.12,Pending,Courier
RET-00001783,ITM-000023876,CUS-002899,2023-01-31,2023-01-31,Damaged Delivery,Resellable,120.74,Approved,Store
RET-00001784,ITM-000023883,CUS-009838,2020-11-05,2020-11-17,,Defective,622.1,Pending,Store
RET-00001785,ITM-000023885,CUS-002683,2020-07-10,2020-07-15,Changed Mind,Damaged,70.96,Processed,Courier
RET-00001786,ITM-000023889,CUS-000676,2024-10-09,2024-10-18,Not as Described,Resellable,12.79,Processed,Courier
RET-00001787,ITM-000023899,CUS-008356,2025-04-16,2025-04-18,Changed Mind,Resellable,45.3,Processed,Courier
RET-00001788,ITM-000023919,CUS-006002,2023-01-14,2023-01-24,Changed Mind,Resellable,181.36,Approved,Store
RET-00001789,ITM-000023929,CUS-002714,2023-05-02,2023-05-15,Defective Product,Resellable,147.08,Approved,Courier
RET-00001790,ITM-000023932,CUS-008739,2022-02-08,2022-02-09,Changed Mind,Resellable,429.19,Approved,Store
RET-00001791,ITM-000023936,CUS-002392,2024-04-13,2024-04-18,Changed Mind,Resellable,67.09,Pending,Store
RET-00001792,ITM-000023957,CUS-007554,2026-07-01,2026-07-05,Size/Fit,Resellable,5.9,Pending,Store
RET-00001793,ITM-000023960,CUS-004291,2025-01-15,2025-01-28,,Defective,73.46,Pending,Courier
RET-00001794,ITM-000023995,CUS-008338,2024-05-05,2024-05-16,Not as Described,Damaged,78.79,Processed,Courier
RET-00001795,ITM-000023998,CUS-005751,2024-04-08,2024-04-10,Size/Fit,Damaged,104.11,Approved,Store
RET-00001796,ITM-000024032,CUS-000444,2020-06-11,2020-06-11,Changed Mind,Defective,28.51,Processed,Courier
RET-00001797,ITM-000024043,CUS-004221,2023-10-08,2023-10-14,Changed Mind,Damaged,109.44,Approved,Store
RET-00001798,ITM-000024053,,2021-06-23,2021-07-03,Size/Fit,Damaged,40.43,Processed,Courier
RET-00001799,ITM-000024059,CUS-008870,2024-11-27,2024-11-30,,Damaged,58.02,Approved,Store
RET-00001800,ITM-000024079,CUS-003323,2024-04-12,2024-04-23,Size/Fit,Opened,58.6,Processed,Courier
RET-00001801,ITM-000024086,CUS-004339,2022-09-09,2022-09-21,Wrong Item,Resellable,22.73,Pending,Store
RET-00001802,ITM-000024100,CUS-003347,2024-08-24,2024-08-27,,Resellable,40.83,Approved,Courier
RET-00001803,ITM-000024104,CUS-004446,2023-08-08,2023-08-18,Not as Described,Damaged,122.34,Pending,Courier
RET-00001804,ITM-000024118,CUS-002511,2020-03-08,2020-03-14,,Opened,74.26,Pending,Courier
RET-00001805,ITM-000024121,CUS-002434,2025-07-12,2025-07-12,Not as Described,Resellable,18.39,Processed,Courier
RET-00001806,ITM-000024123,CUS-005830,2026-02-17,2026-02-23,Changed Mind,Defective,104.96,Approved,Courier
RET-00001807,ITM-000024126,CUS-005830,2026-02-25,2026-02-26,Changed Mind,Resellable,45.84,Pending,Courier
RET-00001808,ITM-000024136,CUS-001606,2020-11-05,2020-11-13,Wrong Item,Defective,180.05,Processed,Courier
RET-00001809,ITM-000024144,CUS-006949,2024-02-09,2024-02-16,Changed Mind,Damaged,94.94,Processed,Store
RET-00001810,ITM-000024151,CUS-004186,2021-08-09,2021-08-13,Size/Fit,Opened,66.6,Processed,Store
RET-00001811,ITM-000024160,CUS-000378,2023-09-18,2023-10-01,Not as Described,Defective,153.78,Processed,Courier
RET-00001812,ITM-000024178,CUS-003922,2025-12-26,2025-12-28,Changed Mind,Damaged,90.65,Approved,Courier
RET-00001813,ITM-000024182,CUS-002667,2023-12-08,2023-12-09,Defective Product,Damaged,45.89,Processed,Courier
RET-00001814,ITM-000024217,CUS-005259,2022-11-16,2022-11-24,Size/Fit,Defective,39.15,Approved,Courier
RET-00001815,ITM-000024238,CUS-003660,2024-11-02,2024-11-15,Defective Product,Damaged,28.04,Pending,Store
RET-00001816,ITM-000024241,CUS-007286,2020-07-10,2020-07-17,Not as Described,Opened,91.8,Processed,Courier
RET-00001817,ITM-000024265,CUS-004464,2023-10-19,2023-10-27,Not as Described,Damaged,762.72,Pending,Store
RET-00001818,ITM-000024338,CUS-008837,2025-10-23,2025-10-30,Changed Mind,Resellable,59.05,Approved,Store
RET-00001819,ITM-000024340,CUS-011119,2021-06-17,2021-06-30,Changed Mind,Defective,208.28,Processed,Store
RET-00001820,ITM-000024384,CUS-004163,2024-02-29,2024-03-06,Changed Mind,Opened,40.62,Processed,Courier
RET-00001821,ITM-000024406,CUS-003788,2023-10-16,2023-10-24,Defective Product,Resellable,52.51,Processed,Store
RET-00001822,ITM-000024462,CUS-003325,2020-01-18,2020-01-21,Changed Mind,Resellable,20.69,Processed,Courier
RET-00001823,ITM-000024486,CUS-011990,2022-11-24,2022-11-24,Damaged Delivery,Defective,555.07,Processed,Courier
RET-00001824,ITM-000024495,CUS-011294,2025-12-03,2025-12-07,Defective Product,Opened,101.16,Processed,Store
RET-00001825,ITM-000024502,CUS-000919,2020-05-27,2020-06-04,Wrong Item,Opened,42.15,Approved,Store
RET-00001826,ITM-000024518,CUS-009955,2022-04-26,2022-04-28,Size/Fit,Defective,119.28,Pending,Courier
RET-00001827,ITM-000024543,CUS-007735,2021-10-17,2021-10-29,Damaged Delivery,Defective,180.26,Pending,Store
RET-00001828,ITM-000024547,CUS-008170,2024-02-12,2024-02-16,Changed Mind,Defective,114.1,Pending,Courier
RET-00001829,ITM-000024595,CUS-008374,2021-01-27,2021-02-03,Damaged Delivery,Resellable,194.34,Processed,Store
RET-00001830,ITM-000024608,CUS-000972,2022-11-05,2022-11-11,Damaged Delivery,Defective,94.12,Pending,Store
RET-00001831,ITM-000024620,CUS-005383,2022-09-07,2022-09-07,Size/Fit,Resellable,76.85,Pending,Store
RET-00001832,ITM-000024647,CUS-005809,2025-05-27,2025-06-08,Size/Fit,Defective,248.82,Processed,Store
RET-00001833,ITM-000024676,CUS-007496,2023-10-08,2023-10-16,Size/Fit,Opened,56.81,Pending,Store
RET-00001834,ITM-000024680,CUS-000771,2022-09-24,2022-09-30,Not as Described,Opened,38.42,Approved,Store
RET-00001835,ITM-000024683,CUS-005815,2023-07-19,2023-07-24,Size/Fit,Damaged,39.74,Pending,Store
RET-00001836,ITM-000024703,CUS-011553,2023-03-24,2023-04-02,Changed Mind,Resellable,87.48,Processed,Courier
RET-00001837,ITM-000024723,CUS-004415,2023-02-24,2023-02-25,Not as Described,Opened,72.74,Approved,Store
RET-00001838,ITM-000024737,CUS-008976,2025-12-31,2026-01-12,Not as Described,Damaged,76.16,Approved,Store
RET-00001839,ITM-000024761,CUS-009136,2020-05-13,2020-05-20,Other,Defective,36.79,Pending,Store
RET-00001840,ITM-000024766,CUS-002223,2023-10-11,2023-10-18,Changed Mind,Damaged,46.53,Approved,Store
RET-00001841,ITM-000024798,CUS-008195,2026-06-07,2026-06-14,Changed Mind,Defective,86.81,Pending,Courier
RET-00001842,ITM-000024799,CUS-008195,2026-06-15,2026-06-21,Not as Described,Damaged,77.33,Pending,Courier
RET-00001843,ITM-000024802,CUS-000721,2021-02-25,2021-03-06,,Defective,30.66,Approved,Courier
RET-00001844,ITM-000024813,CUS-011452,2024-11-24,2024-11-28,Defective Product,Damaged,95.16,Approved,Store
RET-00001845,ITM-000024838,CUS-010551,2026-01-28,2026-02-05,Not as Described,Resellable,27.7,Approved,Store
RET-00001846,ITM-000024867,CUS-001263,2020-09-04,2020-09-09,Size/Fit,Damaged,39.26,Processed,Courier
RET-00001847,ITM-000024877,CUS-011395,2021-01-23,2021-02-02,Not as Described,Damaged,78.41,Processed,Courier
RET-00001848,ITM-000024883,CUS-009324,2021-08-31,2021-09-08,Changed Mind,Resellable,109.54,Approved,Store
RET-00001849,ITM-000024903,CUS-008333,2026-08-27,2026-09-08,Changed Mind,Opened,74.36,Processed,Store
RET-00001850,ITM-000024909,CUS-005142,2026-02-08,2026-02-16,Size/Fit,Resellable,64.55,Approved,Store
RET-00001851,ITM-000024923,CUS-011959,2025-12-21,2025-12-23,Changed Mind,Defective,51.5,Processed,Store
RET-00001852,ITM-000024935,CUS-001668,2021-02-21,2021-03-05,Changed Mind,Resellable,21.18,Pending,Courier
RET-00001853,ITM-000024954,CUS-009867,2022-09-18,2022-10-01,Wrong Item,Damaged,25.36,Processed,Courier
RET-00001854,ITM-000024955,CUS-008597,2026-08-10,2026-08-11,Size/Fit,Opened,73.6,Approved,Courier
RET-00001855,ITM-000024961,CUS-005421,2024-06-09,2024-06-16,Not as Described,Defective,64.12,Pending,Store
RET-00001856,ITM-000024981,CUS-010686,2025-05-19,2025-05-21,Not as Described,Resellable,53.77,Approved,Courier
RET-00001857,ITM-000024988,CUS-001135,2022-05-16,2022-05-17,Defective Product,Resellable,23.65,Approved,Courier
RET-00001858,ITM-000024995,CUS-010924,2020-09-24,2020-09-24,Wrong Item,Damaged,85.71,Processed,Courier
RET-00001859,ITM-000025002,CUS-008545,2022-06-22,2022-06-24,Damaged Delivery,Damaged,95.83,Approved,Store
RET-00001860,ITM-000025008,CUS-009668,2024-02-05,2024-02-16,Size/Fit,Damaged,72.48,Processed,Courier
RET-00001861,ITM-000025068,CUS-004442,2020-12-22,2021-01-01,Damaged Delivery,Opened,190.3,Processed,Store
RET-00001862,ITM-000025074,CUS-003980,2025-08-14,2025-08-23,Not as Described,Damaged,197.77,Approved,Courier
RET-00001863,ITM-000025087,,2023-08-22,2023-08-23,Not as Described,Damaged,262.17,Pending,Store
RET-00001864,ITM-000025091,CUS-008979,2020-12-29,2021-01-09,Size/Fit,Opened,32.8,Approved,Courier
RET-00001865,ITM-000025107,CUS-009608,2020-12-06,2020-12-14,Changed Mind,Opened,110.16,Processed,Store
RET-00001866,ITM-000025109,CUS-009051,2021-06-21,2021-06-26,Wrong Item,Opened,31.32,Processed,Courier
RET-00001867,ITM-000025118,,2025-09-04,2025-09-06,Size/Fit,Opened,52.46,Approved,Courier
RET-00001868,ITM-000025121,CUS-002001,2022-07-26,2022-08-03,Not as Described,Damaged,116.47,Pending,Courier
RET-00001869,ITM-000025127,CUS-006986,2022-11-20,2022-11-26,Size/Fit,Resellable,37.83,Processed,Store
RET-00001870,ITM-000025130,CUS-011781,2020-07-29,2020-07-29,Defective Product,Defective,41.47,Approved,Store
RET-00001871,ITM-000025131,CUS-005307,2021-04-27,2021-04-28,Size/Fit,Defective,82.01,Processed,Store
RET-00001872,ITM-000025147,CUS-006279,2026-03-18,2026-03-29,Not as Described,Opened,59.05,Processed,Courier
RET-00001873,ITM-000025181,CUS-002057,2023-05-11,2023-05-24,Defective Product,Opened,59.32,Pending,Courier
RET-00001874,ITM-000025185,CUS-005191,2021-03-26,2021-04-07,,Damaged,13.78,Pending,Courier
RET-00001875,ITM-000025201,CUS-009972,2023-02-03,2023-02-12,Not as Described,Resellable,18.0,Pending,Courier
RET-00001876,ITM-000025206,CUS-005562,2021-02-19,2021-02-20,,Opened,40.52,Approved,Courier
RET-00001877,ITM-000025209,CUS-005919,2021-07-14,2021-07-23,Damaged Delivery,Opened,112.29,Approved,Store
RET-00001878,ITM-000025210,CUS-005919,2021-06-08,2021-06-19,,Opened,61.5,Processed,Store
RET-00001879,ITM-000025219,CUS-005544,2026-09-01,2026-09-01,Damaged Delivery,Resellable,14.68,Approved,Store
RET-00001880,ITM-000025220,CUS-005544,2026-08-07,2026-08-13,Not as Described,Resellable,65.53,Pending,Courier
RET-00001881,ITM-000025225,CUS-006556,2020-06-27,2020-07-09,Wrong Item,Resellable,27.25,Approved,Courier
RET-00001882,ITM-000025226,CUS-006862,2024-02-19,2024-02-25,Damaged Delivery,Defective,27.45,Pending,Store
RET-00001883,ITM-000025237,,2023-11-17,2023-11-30,Size/Fit,Damaged,70.72,Processed,Courier
RET-00001884,ITM-000025244,CUS-008057,2022-08-14,2022-08-22,Changed Mind,Resellable,289.26,Processed,Courier
RET-00001885,ITM-000025256,CUS-001983,2025-12-21,2026-01-03,Size/Fit,Opened,410.8,Processed,Store
RET-00001886,ITM-000025259,CUS-000256,2021-01-14,2021-01-27,Not as Described,Defective,200.83,Approved,Store
RET-00001887,ITM-000025266,CUS-000686,2021-10-26,2021-10-27,Defective Product,Resellable,55.23,Pending,Courier
RET-00001888,ITM-000025280,CUS-001823,2026-02-16,2026-02-24,Size/Fit,Damaged,26.3,Processed,Courier
RET-00001889,ITM-000025281,CUS-001823,2026-02-17,2026-02-24,Changed Mind,Opened,31.28,Pending,Store
RET-00001890,ITM-000025284,CUS-007599,2025-12-25,2026-01-05,Changed Mind,Opened,133.99,Approved,Courier
RET-00001891,ITM-000025294,,2025-12-19,2025-12-24,Changed Mind,Defective,36.88,Pending,Store
RET-00001892,ITM-000025317,CUS-007048,2025-02-01,2025-02-04,Not as Described,Damaged,57.45,Approved,Store
RET-00001893,ITM-000025321,CUS-011255,2024-03-14,2024-03-19,Defective Product,Damaged,26.85,Processed,Store
RET-00001894,ITM-000025340,CUS-003851,2021-12-29,2022-01-01,Changed Mind,Opened,19.43,Approved,Courier
RET-00001895,ITM-000025372,CUS-011177,2022-05-29,2022-06-01,Defective Product,Resellable,43.53,Pending,Store
RET-00001896,ITM-000025398,CUS-010230,2023-04-04,2023-04-07,,Resellable,29.52,Approved,Courier
RET-00001897,ITM-000025423,CUS-011703,2021-03-19,2021-03-29,,Defective,31.34,Processed,Courier
RET-00001898,ITM-000025449,CUS-011331,2025-10-17,2025-10-18,Changed Mind,Defective,113.04,Processed,Store
RET-00001899,ITM-000025463,CUS-005598,2022-07-25,2022-07-30,Size/Fit,Defective,82.67,Processed,Store
RET-00001900,ITM-000025471,CUS-007553,2026-01-07,2026-01-11,Changed Mind,Opened,83.31,Processed,Store
RET-00001901,ITM-000025481,CUS-000001,2024-12-21,2025-01-01,Damaged Delivery,Damaged,77.12,Approved,Courier
RET-00001902,ITM-000025487,CUS-005825,2025-09-19,2025-09-25,Size/Fit,Opened,68.25,Pending,Courier
RET-00001903,ITM-000025502,CUS-002444,2021-08-31,2021-09-09,Size/Fit,Damaged,26.21,Processed,Store
RET-00001904,ITM-000025505,CUS-011939,2020-04-22,2020-04-26,Defective Product,Defective,106.86,Approved,Store
RET-00001905,ITM-000025534,CUS-010187,2020-04-20,2020-05-03,Changed Mind,Defective,60.37,Approved,Store
RET-00001906,ITM-000025545,CUS-006537,2023-10-09,2023-10-20,Defective Product,Defective,140.18,Processed,Courier
RET-00001907,ITM-000025560,CUS-009458,2022-10-21,2022-10-24,Defective Product,Damaged,41.8,Pending,Store
RET-00001908,ITM-000025568,CUS-007655,2024-11-22,2024-11-30,Damaged Delivery,Defective,887.45,Processed,Courier
RET-00001909,ITM-000025572,CUS-001515,2020-10-08,2020-10-21,,Defective,23.98,Pending,Store
RET-00001910,ITM-000025580,CUS-011431,2022-05-07,2022-05-16,Not as Described,Damaged,110.65,Approved,Courier
RET-00001911,ITM-000025618,CUS-006312,2020-02-24,2020-03-06,Changed Mind,Defective,54.65,Processed,Store
RET-00001912,ITM-000025628,CUS-003914,2024-04-17,2024-04-28,Changed Mind,Opened,171.12,Pending,Store
RET-00001913,ITM-000025652,CUS-010400,2020-07-13,2020-07-14,Defective Product,Damaged,64.65,Processed,Store
RET-00001914,ITM-000025654,CUS-006894,2023-03-06,2023-03-15,Changed Mind,Damaged,121.49,Approved,Courier
RET-00001915,ITM-000025702,CUS-008295,2025-09-13,2025-09-23,Changed Mind,Defective,244.38,Pending,Courier
RET-00001916,ITM-000025714,CUS-008970,2025-08-15,2025-08-21,Changed Mind,Damaged,154.66,Pending,Store
RET-00001917,ITM-000025719,CUS-008083,2024-04-20,2024-04-29,Defective Product,Damaged,84.34,Processed,Courier
RET-00001918,ITM-000025759,CUS-001705,2024-01-21,2024-02-03,Damaged Delivery,Damaged,118.12,Pending,Courier
RET-00001919,ITM-000025764,CUS-009575,2020-03-07,2020-03-07,,Resellable,318.09,Pending,Courier
RET-00001920,ITM-000025765,CUS-007892,2021-07-07,2021-07-20,Defective Product,Defective,76.15,Processed,Courier
RET-00001921,ITM-000025776,CUS-001680,2025-11-09,2025-11-14,Changed Mind,Damaged,59.25,Processed,Store
RET-00001922,ITM-000025777,CUS-008730,2025-03-22,2025-03-25,Changed Mind,Defective,124.57,Approved,Store
RET-00001923,ITM-000025779,CUS-008730,2025-03-11,2025-03-13,Damaged Delivery,Opened,55.99,Processed,Store
RET-00001924,ITM-000025816,CUS-003538,2025-05-05,2025-05-12,Not as Described,Damaged,32.96,Approved,Store
RET-00001925,ITM-000025835,CUS-010671,2020-03-11,2020-03-15,Changed Mind,Damaged,38.21,Pending,Courier
RET-00001926,ITM-000025840,CUS-011092,2026-07-09,2026-07-18,,Damaged,780.52,Approved,Courier
RET-00001927,ITM-000025875,CUS-000385,2022-05-02,2022-05-11,Not as Described,Damaged,417.33,Approved,Store
RET-00001928,ITM-000025895,,2022-11-24,2022-11-29,Defective Product,Defective,54.18,Approved,Courier
RET-00001929,ITM-000025925,CUS-000871,2024-01-29,2024-02-01,Changed Mind,Resellable,27.36,Pending,Courier
RET-00001930,ITM-000025947,CUS-002849,2024-08-02,2024-08-05,Defective Product,Damaged,28.17,Pending,Courier
RET-00001931,ITM-000025962,CUS-001571,2026-03-06,2026-03-15,Size/Fit,Resellable,59.64,Pending,Store
RET-00001932,ITM-000025983,CUS-009260,2023-04-19,2023-04-19,Not as Described,Opened,53.56,Pending,Courier
RET-00001933,ITM-000025992,CUS-008341,2025-10-17,2025-10-24,Size/Fit,Resellable,38.24,Pending,Store
RET-00001934,ITM-000026002,CUS-005344,2021-07-22,2021-07-30,Size/Fit,Opened,80.29,Processed,Store
RET-00001935,ITM-000026003,CUS-001457,2026-08-12,2026-08-18,Size/Fit,Damaged,31.14,Approved,Courier
RET-00001936,ITM-000026013,CUS-002116,2024-07-14,2024-07-26,Changed Mind,Damaged,55.34,Approved,Courier
RET-00001937,ITM-000026027,CUS-005997,2021-02-11,2021-02-22,,Damaged,125.99,Pending,Courier
RET-00001938,ITM-000026034,CUS-003455,2022-02-09,2022-02-20,Size/Fit,Resellable,25.93,Approved,Courier
RET-00001939,ITM-000026051,CUS-009375,2025-11-02,2025-11-13,Damaged Delivery,Damaged,555.07,Pending,Store
RET-00001940,ITM-000026067,CUS-004475,2023-07-09,2023-07-14,Defective Product,Damaged,887.45,Pending,Courier
RET-00001941,ITM-000026099,CUS-000137,2023-11-06,2023-11-19,Size/Fit,Damaged,97.73,Pending,Store
RET-00001942,ITM-000026101,CUS-005669,2020-10-17,2020-10-26,,Resellable,89.6,Processed,Store
RET-00001943,ITM-000026105,CUS-005135,2020-11-18,2020-11-26,Size/Fit,Defective,73.9,Pending,Store
RET-00001944,ITM-000026133,CUS-003356,2020-08-02,2020-08-07,Defective Product,Opened,97.49,Pending,Store
RET-00001945,ITM-000026150,CUS-002718,2022-09-25,2022-10-08,Changed Mind,Damaged,84.52,Pending,Courier
RET-00001946,ITM-000026207,CUS-003128,2024-05-28,2024-05-31,Defective Product,Defective,382.75,Pending,Courier
RET-00001947,ITM-000026211,CUS-005344,2022-06-09,2022-06-17,Other,Resellable,148.41,Approved,Store
RET-00001948,ITM-000026230,CUS-007039,2025-02-04,2025-02-04,Changed Mind,Defective,175.33,Pending,Store
RET-00001949,ITM-000026233,CUS-011017,2020-03-07,2020-03-09,Size/Fit,Resellable,66.6,Pending,Courier
RET-00001950,ITM-000026243,CUS-007677,2023-08-08,2023-08-16,Not as Described,Damaged,24.34,Processed,Courier
RET-00001951,ITM-000026255,CUS-007629,2023-05-31,2023-06-10,Defective Product,Opened,115.84,Processed,Store
RET-00001952,ITM-000026256,CUS-007629,2023-05-22,2023-05-26,Not as Described,Defective,92.53,Pending,Store
RET-00001953,ITM-000026265,CUS-004617,2021-05-25,2021-06-04,Changed Mind,Damaged,239.95,Approved,Store
RET-00001954,ITM-000026266,CUS-002514,2022-04-13,2022-04-22,Defective Product,Resellable,20.21,Approved,Store
RET-00001955,ITM-000026281,CUS-004989,2025-01-13,2025-01-15,Changed Mind,Damaged,124.41,Processed,Courier
RET-00001956,ITM-000026290,CUS-001515,2023-12-07,2023-12-13,Defective Product,Resellable,107.92,Processed,Store
RET-00001957,ITM-000026350,CUS-004585,2020-12-16,2020-12-24,Defective Product,Opened,40.4,Approved,Store
RET-00001958,ITM-000026358,CUS-001915,2026-04-13,2026-04-24,Size/Fit,Opened,26.22,Processed,Courier
RET-00001959,ITM-000026366,CUS-000145,2020-08-25,2020-08-29,,Defective,112.02,Processed,Courier
RET-00001960,ITM-000026372,CUS-005840,2021-04-09,2021-04-11,,Opened,76.32,Pending,Courier
RET-00001961,ITM-000026391,CUS-006279,2025-07-07,2025-07-11,Not as Described,Resellable,423.78,Pending,Courier
RET-00001962,ITM-000026403,CUS-004133,2025-02-26,2025-02-27,Changed Mind,Resellable,34.61,Approved,Courier
RET-00001963,ITM-000026418,CUS-009836,2025-08-26,2025-09-06,Size/Fit,Damaged,110.02,Pending,Store
RET-00001964,ITM-000026428,CUS-009050,2023-03-10,2023-03-22,Changed Mind,Defective,73.88,Processed,Store
RET-00001965,ITM-000026435,CUS-009028,2025-09-09,2025-09-12,,Resellable,100.77,Approved,Courier
RET-00001966,ITM-000026445,CUS-003963,2021-03-03,2021-03-04,Size/Fit,Damaged,60.81,Approved,Store
RET-00001967,ITM-000026452,CUS-002814,2020-08-12,2020-08-24,,Damaged,161.84,Processed,Store
RET-00001968,ITM-000026470,CUS-001437,2021-10-08,2021-10-15,Changed Mind,Resellable,191.25,Processed,Store
RET-00001969,ITM-000026473,CUS-010316,2023-06-25,2023-07-03,Not as Described,Defective,74.65,Processed,Courier
RET-00001970,ITM-000026481,CUS-008791,2023-03-29,2023-04-10,Defective Product,Defective,37.65,Processed,Courier
RET-00001971,ITM-000026484,CUS-007151,2026-08-17,2026-08-30,Size/Fit,Defective,32.27,Processed,Courier
RET-00001972,ITM-000026499,CUS-008009,2023-03-28,2023-03-31,Defective Product,Damaged,231.74,Processed,Store
RET-00001973,ITM-000026503,,2021-01-15,2021-01-22,Changed Mind,Damaged,23.04,Approved,Store
RET-00001974,ITM-000026513,CUS-009569,2026-09-27,2026-10-06,Defective Product,Damaged,124.41,Pending,Courier
RET-00001975,ITM-000026539,CUS-003070,2021-11-14,2021-11-27,Size/Fit,Damaged,26.14,Processed,Courier
RET-00001976,ITM-000026554,CUS-009458,2024-12-31,2025-01-10,Not as Described,Damaged,303.9,Approved,Courier
RET-00001977,ITM-000026565,CUS-009606,2025-12-09,2025-12-18,Changed Mind,Damaged,30.11,Processed,Store
RET-00001978,ITM-000026577,CUS-006507,2023-09-30,2023-10-10,Defective Product,Opened,34.77,Processed,Store
RET-00001979,ITM-000026580,CUS-000689,2026-07-27,2026-08-07,Other,Defective,89.36,Pending,Courier
RET-00001980,ITM-000026589,CUS-004701,2022-11-19,2022-11-23,Changed Mind,Opened,42.52,Approved,Courier
RET-00001981,ITM-000026596,CUS-011434,2026-03-24,2026-03-30,Size/Fit,Opened,37.83,Pending,Store
RET-00001982,ITM-000026603,CUS-011887,2025-06-29,2025-07-02,Size/Fit,Defective,121.21,Pending,Store
RET-00001983,ITM-000026607,CUS-004222,2026-01-11,2026-01-15,Changed Mind,Damaged,20.5,Processed,Courier
RET-00001984,ITM-000026639,CUS-010929,2024-03-27,2024-04-03,Defective Product,Damaged,788.43,Pending,Courier
RET-00001985,ITM-000026654,CUS-007240,2021-01-15,2021-01-19,Size/Fit,Defective,20.72,Processed,Courier
RET-00001986,ITM-000026657,CUS-005299,2023-04-24,2023-05-03,Changed Mind,Defective,46.04,Approved,Courier
RET-00001987,ITM-000026686,CUS-001544,2024-04-05,2024-04-16,Size/Fit,Defective,472.84,Processed,Courier
RET-00001988,ITM-000026691,CUS-000918,2022-04-10,2022-04-21,Not as Described,Opened,109.6,Processed,Courier
RET-00001989,ITM-000026693,CUS-000918,2022-05-01,2022-05-01,Size/Fit,Opened,29.52,Pending,Courier
RET-00001990,ITM-000026699,CUS-009993,2022-03-10,2022-03-18,Size/Fit,Defective,115.37,Approved,Store
RET-00001991,ITM-000026711,CUS-001271,2024-11-29,2024-12-09,Not as Described,Resellable,43.58,Processed,Courier
RET-00001992,ITM-000026733,CUS-004180,2024-08-21,2024-08-24,Defective Product,Opened,53.96,Processed,Store
RET-00001993,ITM-000026739,,2022-03-26,2022-03-28,Other,Resellable,39.47,Pending,Store
RET-00001994,ITM-000026774,CUS-008689,2026-06-23,2026-06-23,Damaged Delivery,Damaged,195.88,Processed,Courier
RET-00001995,ITM-000026788,CUS-009121,2021-12-21,2021-12-24,Changed Mind,Defective,29.22,Approved,Courier
RET-00001996,ITM-000026793,CUS-001932,2023-06-27,2023-07-08,Wrong Item,Defective,10.29,Processed,Courier
RET-00001997,ITM-000026800,CUS-003951,2024-01-22,2024-02-01,Defective Product,Damaged,35.48,Approved,Store
RET-00001998,ITM-000026818,CUS-010400,2020-11-30,2020-12-07,Size/Fit,Defective,29.52,Processed,Courier
RET-00001999,ITM-000026819,CUS-010400,2020-11-17,2020-11-20,Defective Product,Defective,19.81,Approved,Store
RET-00002000,ITM-000026830,CUS-011922,2024-07-19,2024-07-30,Changed Mind,Damaged,26.06,Pending,Courier
RET-00002001,ITM-000026837,CUS-011496,2026-07-18,2026-07-28,Changed Mind,Defective,79.44,Pending,Store
RET-00002002,ITM-000026840,,2024-03-18,2024-03-25,Defective Product,Resellable,154.11,Processed,Courier
RET-00002003,ITM-000026845,,2020-11-16,2020-11-18,Defective Product,Resellable,70.15,Processed,Store
RET-00002004,ITM-000026852,CUS-002312,2025-05-30,2025-06-11,Not as Described,Resellable,103.39,Pending,Courier
RET-00002005,ITM-000026853,CUS-009283,2023-07-06,2023-07-13,Changed Mind,Damaged,37.23,Pending,Courier
RET-00002006,ITM-000026858,CUS-005104,2024-03-27,2024-04-01,Defective Product,Resellable,111.53,Pending,Store
RET-00002007,ITM-000026868,CUS-003010,2021-12-02,2021-12-14,,Defective,51.22,Pending,Store
RET-00002008,ITM-000026873,CUS-011306,2024-01-28,2024-02-04,Changed Mind,Damaged,41.34,Pending,Courier
RET-00002009,ITM-000026880,CUS-011757,2026-05-29,2026-06-01,Changed Mind,Opened,16.05,Approved,Courier
RET-00002010,ITM-000026886,CUS-002526,2023-12-18,2023-12-29,Not as Described,Defective,50.84,Approved,Store
RET-00002011,ITM-000026897,CUS-007123,2023-03-10,2023-03-10,Not as Described,Damaged,80.85,Processed,Courier
RET-00002012,ITM-000026924,CUS-007903,2025-01-22,2025-01-30,Wrong Item,Opened,83.69,Processed,Courier
RET-00002013,ITM-000026932,CUS-010345,2025-09-06,2025-09-15,Size/Fit,Resellable,87.86,Approved,Courier
RET-00002014,ITM-000026939,CUS-008342,2021-11-06,2021-11-17,,Damaged,36.21,Approved,Store
RET-00002015,ITM-000026945,CUS-005939,2026-08-13,2026-08-17,Changed Mind,Defective,127.5,Processed,Courier
RET-00002016,ITM-000026960,CUS-006165,2020-04-09,2020-04-13,Changed Mind,Resellable,98.99,Pending,Courier
RET-00002017,ITM-000026970,CUS-000689,2021-10-28,2021-10-30,Size/Fit,Opened,57.94,Approved,Courier
RET-00002018,ITM-000027009,CUS-011220,2020-04-12,2020-04-23,Defective Product,Defective,66.45,Processed,Courier
RET-00002019,ITM-000027010,CUS-008200,2024-08-19,2024-08-19,Wrong Item,Defective,119.97,Approved,Courier
RET-00002020,ITM-000027017,CUS-004215,2020-03-10,2020-03-15,Size/Fit,Damaged,59.58,Processed,Courier
RET-00002021,ITM-000027021,CUS-008416,2021-12-05,2021-12-17,Changed Mind,Opened,43.11,Approved,Store
RET-00002022,ITM-000027051,CUS-005285,2024-09-22,2024-10-05,Defective Product,Resellable,81.95,Approved,Store
RET-00002023,ITM-000027066,CUS-002447,2024-06-15,2024-06-23,Wrong Item,Opened,100.19,Approved,Courier
RET-00002024,ITM-000027074,CUS-011913,2021-12-07,2021-12-14,Not as Described,Damaged,328.3,Pending,Store
RET-00002025,ITM-000027078,CUS-003465,2026-07-17,2026-07-30,Damaged Delivery,Defective,116.62,Processed,Courier
RET-00002026,ITM-000027080,CUS-003465,2026-07-24,2026-07-24,Defective Product,Defective,492.67,Pending,Courier
RET-00002027,ITM-000027082,CUS-005684,2023-06-02,2023-06-14,Defective Product,Resellable,66.11,Approved,Courier
RET-00002028,ITM-000027092,CUS-011178,2022-09-02,2022-09-14,Size/Fit,Damaged,30.13,Processed,Store
RET-00002029,ITM-000027095,CUS-002094,2025-08-17,2025-08-19,Defective Product,Opened,72.29,Processed,Store
RET-00002030,ITM-000027107,CUS-009772,2022-07-27,2022-07-30,Defective Product,Defective,102.44,Approved,Courier
RET-00002031,ITM-000027128,CUS-000434,2023-06-22,2023-07-05,Size/Fit,Damaged,30.8,Approved,Store
RET-00002032,ITM-000027140,CUS-011922,2021-08-01,2021-08-12,,Damaged,86.53,Approved,Courier
RET-00002033,ITM-000027141,CUS-002149,2025-09-04,2025-09-13,Changed Mind,Defective,75.26,Processed,Courier
RET-00002034,ITM-000027142,CUS-010744,2025-08-15,2025-08-18,Not as Described,Defective,39.66,Approved,Store
RET-00002035,ITM-000027160,CUS-009352,2024-01-27,2024-01-27,Changed Mind,Resellable,81.24,Pending,Store
RET-00002036,ITM-000027184,CUS-003867,2022-10-05,2022-10-12,Size/Fit,Defective,94.09,Processed,Courier
RET-00002037,ITM-000027215,CUS-001251,2023-01-31,2023-02-05,Changed Mind,Resellable,145.29,Approved,Courier
RET-00002038,ITM-000027221,CUS-000332,2024-11-22,2024-12-01,Not as Described,Resellable,45.54,Processed,Courier
RET-00002039,ITM-000027246,CUS-011702,2023-12-07,2023-12-09,Changed Mind,Defective,87.0,Processed,Courier
RET-00002040,ITM-000027258,CUS-000264,2022-01-11,2022-01-14,Defective Product,Defective,120.98,Pending,Store
RET-00002041,ITM-000027269,CUS-005753,2021-07-03,2021-07-09,Changed Mind,Defective,18.38,Approved,Courier
RET-00002042,ITM-000027302,CUS-001899,2025-08-27,2025-08-27,Changed Mind,Opened,47.73,Approved,Courier
RET-00002043,ITM-000027311,CUS-010403,2026-07-10,2026-07-16,Wrong Item,Resellable,100.27,Pending,Courier
RET-00002044,ITM-000027328,CUS-002425,2020-06-16,2020-06-26,Damaged Delivery,Damaged,113.7,Approved,Courier
RET-00002045,ITM-000027344,CUS-001977,2023-10-15,2023-10-26,Changed Mind,Opened,14.63,Processed,Courier
RET-00002046,ITM-000027357,CUS-000313,2023-08-19,2023-08-22,Changed Mind,Defective,54.25,Approved,Courier
RET-00002047,ITM-000027377,,2022-10-08,2022-10-21,Changed Mind,Damaged,24.92,Pending,Courier
RET-00002048,ITM-000027405,CUS-007878,2024-03-27,2024-04-05,Size/Fit,Opened,247.34,Pending,Store
RET-00002049,ITM-000027412,,2023-05-30,2023-06-07,Defective Product,Damaged,38.36,Approved,Courier
RET-00002050,ITM-000027417,CUS-002012,2022-10-09,2022-10-12,Damaged Delivery,Damaged,26.34,Processed,Courier
RET-00002051,ITM-000027429,CUS-004418,2025-11-16,2025-11-19,Changed Mind,Opened,360.33,Pending,Courier
RET-00002052,ITM-000027434,CUS-004615,2020-08-12,2020-08-14,,Opened,60.53,Processed,Courier
RET-00002053,ITM-000027457,CUS-004181,2024-12-23,2025-01-04,Not as Described,Defective,39.39,Approved,Courier
RET-00002054,ITM-000027467,CUS-003551,2024-10-29,2024-11-07,Defective Product,Damaged,143.03,Approved,Courier
RET-00002055,ITM-000027477,CUS-004365,2021-09-30,2021-10-12,Changed Mind,Resellable,14.05,Processed,Store
RET-00002056,ITM-000027479,CUS-004365,2021-09-03,2021-09-14,Not as Described,Resellable,94.42,Approved,Store
RET-00002057,ITM-000027516,CUS-002566,2022-12-10,2022-12-20,Changed Mind,Defective,533.76,Approved,Courier
RET-00002058,ITM-000027566,CUS-005332,2026-04-10,2026-04-20,Size/Fit,Defective,165.69,Processed,Courier
RET-00002059,ITM-000027587,CUS-007245,2021-01-28,2021-02-07,Defective Product,Opened,243.75,Processed,Courier
RET-00002060,ITM-000027593,CUS-007298,2021-11-06,2021-11-07,Defective Product,Opened,265.35,Pending,Courier
RET-00002061,ITM-000027594,CUS-002696,2021-09-22,2021-10-01,Not as Described,Resellable,128.47,Pending,Courier
RET-00002062,ITM-000027601,CUS-005067,2023-07-24,2023-07-30,Defective Product,Defective,32.17,Processed,Courier
RET-00002063,ITM-000027637,CUS-010628,2024-12-30,2025-01-02,Not as Described,Opened,78.97,Processed,Store
RET-00002064,ITM-000027642,CUS-005453,2021-06-05,2021-06-08,Defective Product,Resellable,96.41,Processed,Courier
RET-00002065,ITM-000027655,CUS-000385,2026-09-03,2026-09-05,Not as Described,Damaged,423.22,Processed,Store
RET-00002066,ITM-000027676,CUS-006746,2022-03-16,2022-03-23,Not as Described,Damaged,85.53,Approved,Courier
RET-00002067,ITM-000027684,CUS-008473,2021-07-02,2021-07-05,Changed Mind,Defective,176.72,Processed,Store
RET-00002068,ITM-000027688,CUS-008477,2024-02-13,2024-02-18,Changed Mind,Damaged,219.08,Approved,Courier
RET-00002069,ITM-000027708,CUS-011516,2022-09-06,2022-09-09,Damaged Delivery,Opened,18.89,Approved,Courier
RET-00002070,ITM-000027741,CUS-006459,2024-10-11,2024-10-21,Changed Mind,Defective,38.52,Processed,Courier
RET-00002071,ITM-000027744,CUS-001411,2021-01-24,2021-01-30,,Defective,93.27,Approved,Courier
RET-00002072,ITM-000027748,CUS-000535,2022-11-28,2022-12-05,Changed Mind,Opened,208.28,Approved,Courier
RET-00002073,ITM-000027753,CUS-000772,2023-07-11,2023-07-20,Defective Product,Defective,90.86,Approved,Store
RET-00002074,ITM-000027760,CUS-003121,2021-07-21,2021-08-01,Defective Product,Damaged,45.33,Processed,Store
RET-00002075,ITM-000027800,CUS-009894,2025-03-20,2025-03-24,Not as Described,Opened,19.23,Processed,Courier
RET-00002076,ITM-000027807,CUS-003149,2023-07-06,2023-07-18,Size/Fit,Resellable,117.24,Pending,Store
RET-00002077,ITM-000027837,CUS-002224,2020-03-23,2020-03-23,,Damaged,149.84,Pending,Store
RET-00002078,ITM-000027844,CUS-000668,2025-08-16,2025-08-27,Wrong Item,Damaged,120.85,Approved,Courier
RET-00002079,ITM-000027869,CUS-010970,2022-09-13,2022-09-14,Changed Mind,Resellable,239.19,Approved,Courier
RET-00002080,ITM-000027870,CUS-001252,2026-07-11,2026-07-11,Changed Mind,Opened,120.06,Processed,Courier
RET-00002081,ITM-000027881,CUS-009098,2020-09-05,2020-09-06,,Opened,36.25,Approved,Courier
RET-00002082,ITM-000027883,,2025-10-04,2025-10-11,Changed Mind,Damaged,11.99,Approved,Store
RET-00002083,ITM-000027908,CUS-010715,2025-02-09,2025-02-09,Changed Mind,Opened,113.04,Processed,Store
RET-00002084,ITM-000027920,CUS-008889,2025-10-10,2025-10-20,Changed Mind,Damaged,36.43,Approved,Store
RET-00002085,ITM-000027922,CUS-001095,2021-10-15,2021-10-19,Not as Described,Opened,28.17,Pending,Store
RET-00002086,ITM-000027938,CUS-006627,2026-03-15,2026-03-17,Changed Mind,Damaged,176.72,Processed,Store
RET-00002087,ITM-000027942,CUS-006858,2024-01-12,2024-01-14,Defective Product,Opened,73.54,Approved,Courier
RET-00002088,ITM-000027951,CUS-009274,2022-04-17,2022-04-28,Not as Described,Opened,112.53,Approved,Courier
RET-00002089,ITM-000027957,CUS-008309,2020-08-16,2020-08-20,Not as Described,Opened,18.1,Processed,Store
RET-00002090,ITM-000027977,CUS-006450,2021-02-16,2021-02-23,Defective Product,Resellable,21.8,Processed,Courier
RET-00002091,ITM-000028003,CUS-002330,2026-02-19,2026-02-24,Changed Mind,Resellable,228.81,Pending,Store
RET-00002092,ITM-000028045,CUS-009751,2023-10-11,2023-10-14,Defective Product,Defective,81.23,Approved,Courier
RET-00002093,ITM-000028056,,2023-12-30,2024-01-03,Size/Fit,Opened,24.09,Processed,Store
RET-00002094,ITM-000028070,CUS-000156,2020-07-21,2020-07-30,Changed Mind,Resellable,77.9,Processed,Courier
RET-00002095,ITM-000028099,CUS-010300,2023-09-11,2023-09-15,Defective Product,Damaged,108.67,Pending,Courier
RET-00002096,ITM-000028142,CUS-002308,2026-06-20,2026-06-24,Size/Fit,Damaged,48.02,Approved,Courier
RET-00002097,ITM-000028223,CUS-011872,2020-05-24,2020-06-06,Not as Described,Defective,59.28,Processed,Courier
RET-00002098,ITM-000028250,CUS-001786,2023-09-19,2023-09-29,Damaged Delivery,Resellable,102.33,Pending,Courier
RET-00002099,ITM-000028257,CUS-003057,2025-04-22,2025-04-29,Size/Fit,Resellable,262.17,Approved,Store
RET-00002100,ITM-000028258,CUS-003057,2025-05-04,2025-05-05,Damaged Delivery,Resellable,33.0,Pending,Courier
RET-00002101,ITM-000028264,CUS-001286,2022-05-11,2022-05-18,Changed Mind,Opened,251.33,Approved,Store
RET-00002102,ITM-000028277,CUS-009814,2026-08-01,2026-08-14,Changed Mind,Opened,226.59,Pending,Courier
RET-00002103,ITM-000028279,CUS-004473,2025-01-28,2025-02-04,Not as Described,Damaged,103.39,Pending,Courier
RET-00002104,ITM-000028285,CUS-005928,2025-01-31,2025-02-07,Size/Fit,Resellable,18.47,Pending,Courier
RET-00002105,ITM-000028323,CUS-006163,2023-01-05,2023-01-08,Changed Mind,Defective,119.15,Processed,Courier
RET-00002106,ITM-000028333,CUS-007168,2025-07-25,2025-08-07,Size/Fit,Resellable,20.72,Processed,Store
RET-00002107,ITM-000028360,CUS-003721,2024-09-22,2024-10-04,Wrong Item,Opened,334.78,Approved,Store
RET-00002108,ITM-000028375,CUS-003468,2024-10-16,2024-10-17,Not as Described,Defective,162.56,Pending,Store
RET-00002109,ITM-000028392,CUS-009637,2024-10-01,2024-10-14,Defective Product,Defective,82.69,Pending,Store
RET-00002110,ITM-000028395,CUS-007567,2020-12-24,2021-01-04,,Opened,421.29,Pending,Store
RET-00002111,ITM-000028423,CUS-011460,2023-09-08,2023-09-12,Defective Product,Damaged,148.94,Approved,Courier
RET-00002112,ITM-000028427,CUS-004334,2024-05-24,2024-06-06,Changed Mind,Defective,56.27,Approved,Store
RET-00002113,ITM-000028428,CUS-004334,2024-06-16,2024-06-26,Changed Mind,Damaged,227.07,Pending,Store
RET-00002114,ITM-000028470,CUS-000112,2026-08-09,2026-08-20,Changed Mind,Resellable,47.43,Approved,Courier
RET-00002115,ITM-000028482,CUS-002659,2022-02-03,2022-02-10,Not as Described,Opened,93.12,Approved,Courier
RET-00002116,ITM-000028483,CUS-002415,2022-04-22,2022-04-22,Wrong Item,Damaged,58.96,Approved,Store
RET-00002117,ITM-000028486,CUS-009026,2024-09-29,2024-10-06,Not as Described,Defective,9.61,Processed,Store
RET-00002118,ITM-000028508,CUS-005947,2024-02-24,2024-02-27,Defective Product,Damaged,190.3,Pending,Courier
RET-00002119,ITM-000028513,CUS-010000,2022-01-04,2022-01-14,Defective Product,Defective,177.41,Approved,Courier
RET-00002120,ITM-000028536,CUS-009440,2025-07-29,2025-08-07,Defective Product,Opened,53.95,Processed,Store
RET-00002121,ITM-000028541,CUS-009574,2025-08-14,2025-08-14,Wrong Item,Opened,45.64,Approved,Store
RET-00002122,ITM-000028555,CUS-011647,2021-03-10,2021-03-14,Size/Fit,Resellable,149.29,Approved,Store
RET-00002123,ITM-000028556,CUS-011647,2021-02-13,2021-02-23,Size/Fit,Damaged,4.86,Approved,Courier
RET-00002124,ITM-000028583,CUS-001470,2020-07-04,2020-07-08,,Opened,41.09,Processed,Courier
RET-00002125,ITM-000028584,CUS-001470,2020-07-17,2020-07-24,Wrong Item,Resellable,161.94,Pending,Store
RET-00002126,ITM-000028586,CUS-001470,2020-06-14,2020-06-18,Defective Product,Damaged,26.28,Processed,Store
RET-00002127,ITM-000028597,CUS-008560,2022-12-18,2022-12-19,Changed Mind,Resellable,130.83,Processed,Courier
RET-00002128,ITM-000028613,CUS-008652,2020-10-14,2020-10-14,Changed Mind,Defective,92.14,Pending,Courier
RET-00002129,ITM-000028651,CUS-002510,2025-11-16,2025-11-16,Not as Described,Damaged,86.01,Approved,Store
RET-00002130,ITM-000028658,CUS-007264,2020-02-25,2020-03-02,,Defective,23.04,Approved,Store
RET-00002131,ITM-000028670,CUS-008960,2024-02-18,2024-02-21,Changed Mind,Opened,57.05,Approved,Courier
RET-00002132,ITM-000028677,CUS-005051,2026-09-02,2026-09-05,Defective Product,Opened,93.95,Pending,Courier
RET-00002133,ITM-000028678,CUS-008787,2024-11-12,2024-11-17,Damaged Delivery,Resellable,78.28,Approved,Store
RET-00002134,ITM-000028682,CUS-010503,2026-10-07,2026-10-10,Defective Product,Damaged,73.46,Approved,Store
RET-00002135,ITM-000028694,CUS-004291,2020-07-03,2020-07-10,Size/Fit,Resellable,11.51,Processed,Courier
RET-00002136,ITM-000028697,CUS-002021,2023-01-11,2023-01-12,Not as Described,Resellable,125.59,Pending,Store
RET-00002137,ITM-000028718,,2020-07-08,2020-07-12,Wrong Item,Opened,28.15,Approved,Courier
RET-00002138,ITM-000028730,CUS-004327,2020-05-08,2020-05-16,Changed Mind,Resellable,109.63,Pending,Courier
RET-00002139,ITM-000028734,CUS-011847,2020-02-26,2020-02-29,Not as Described,Defective,239.48,Approved,Courier
RET-00002140,ITM-000028753,,2023-12-21,2023-12-25,Changed Mind,Damaged,9.61,Processed,Courier
RET-00002141,ITM-000028759,CUS-005950,2025-10-27,2025-10-30,Changed Mind,Resellable,89.67,Processed,Courier
RET-00002142,ITM-000028780,,2026-04-09,2026-04-20,Changed Mind,Defective,119.05,Processed,Courier
RET-00002143,ITM-000028798,CUS-009710,2023-07-12,2023-07-13,Changed Mind,Resellable,43.31,Approved,Store
RET-00002144,ITM-000028799,CUS-009710,2023-06-17,2023-06-26,Size/Fit,Resellable,151.14,Approved,Store
RET-00002145,ITM-000028807,CUS-003912,2023-04-23,2023-04-26,Changed Mind,Opened,229.5,Approved,Courier
RET-00002146,ITM-000028808,CUS-001397,2021-12-13,2021-12-20,Defective Product,Opened,46.74,Pending,Courier
RET-00002147,ITM-000028849,CUS-004870,2023-07-29,2023-08-04,Size/Fit,Resellable,60.22,Processed,Store
RET-00002148,ITM-000028888,CUS-006879,2020-08-03,2020-08-08,Other,Opened,32.85,Processed,Courier
RET-00002149,ITM-000028922,CUS-000856,2021-10-31,2021-11-11,Size/Fit,Opened,123.64,Pending,Courier
RET-00002150,ITM-000028927,CUS-006485,2026-06-14,2026-06-22,Not as Described,Opened,73.46,Approved,Store
RET-00002151,ITM-000028931,CUS-000016,2025-05-24,2025-05-29,Size/Fit,Damaged,68.25,Pending,Courier
RET-00002152,ITM-000028941,CUS-004161,2021-06-16,2021-06-26,Defective Product,Defective,22.49,Pending,Courier
RET-00002153,ITM-000028988,CUS-004847,2026-01-03,2026-01-14,Defective Product,Defective,12.21,Pending,Courier
RET-00002154,ITM-000028997,,2020-08-03,2020-08-07,,Damaged,239.22,Approved,Courier
RET-00002155,ITM-000029026,CUS-004153,2024-10-04,2024-10-08,Other,Opened,85.18,Pending,Store
RET-00002156,ITM-000029049,CUS-001698,2022-07-12,2022-07-21,Not as Described,Damaged,170.13,Processed,Courier
RET-00002157,ITM-000029050,CUS-001698,2022-06-27,2022-07-10,Damaged Delivery,Resellable,49.31,Pending,Courier
RET-00002158,ITM-000029072,CUS-009074,2026-02-15,2026-02-17,Changed Mind,Resellable,115.55,Approved,Courier
RET-00002159,ITM-000029089,CUS-007159,2025-10-10,2025-10-15,Defective Product,Damaged,32.8,Approved,Courier
RET-00002160,ITM-000029120,CUS-006704,2026-05-13,2026-05-25,Other,Opened,68.41,Pending,Courier
RET-00002161,ITM-000029131,CUS-008997,2020-02-16,2020-02-25,Not as Described,Opened,171.21,Processed,Store
RET-00002162,ITM-000029132,CUS-008997,2020-02-13,2020-02-22,,Damaged,71.36,Approved,Courier
RET-00002163,ITM-000029145,CUS-003351,2024-07-25,2024-08-06,Defective Product,Opened,67.09,Pending,Courier
RET-00002164,ITM-000029167,CUS-008225,2024-11-01,2024-11-06,Not as Described,Damaged,42.57,Pending,Courier
RET-00002165,ITM-000029175,CUS-009643,2020-01-07,2020-01-20,Size/Fit,Resellable,223.16,Processed,Courier
RET-00002166,ITM-000029178,CUS-010634,2021-12-29,2021-12-30,Defective Product,Damaged,27.32,Pending,Store
RET-00002167,ITM-000029193,CUS-008695,2021-12-17,2021-12-18,Changed Mind,Resellable,28.1,Pending,Courier
RET-00002168,ITM-000029238,CUS-003007,2023-10-19,2023-10-30,,Damaged,52.83,Pending,Courier
RET-00002169,ITM-000029252,CUS-008631,2023-10-01,2023-10-14,Size/Fit,Defective,57.94,Approved,Courier
RET-00002170,ITM-000029268,CUS-006916,2022-08-28,2022-09-02,Changed Mind,Damaged,53.14,Processed,Store
RET-00002171,ITM-000029304,CUS-003209,2023-04-27,2023-05-10,Changed Mind,Resellable,47.71,Approved,Courier
RET-00002172,ITM-000029321,CUS-005548,2020-12-11,2020-12-14,,Damaged,348.2,Pending,Store
RET-00002173,ITM-000029324,CUS-004778,2020-09-09,2020-09-20,,Resellable,182.24,Approved,Courier
RET-00002174,ITM-000029332,CUS-004864,2025-11-22,2025-12-01,,Damaged,170.92,Approved,Courier
RET-00002175,ITM-000029398,CUS-001286,2020-12-04,2020-12-13,Changed Mind,Resellable,94.42,Processed,Courier
RET-00002176,ITM-000029411,CUS-003426,2022-12-02,2022-12-10,Defective Product,Damaged,22.11,Processed,Courier
RET-00002177,ITM-000029419,CUS-007664,2023-06-24,2023-07-02,Changed Mind,Opened,98.71,Approved,Courier
RET-00002178,ITM-000029483,CUS-006879,2024-05-17,2024-05-17,Size/Fit,Damaged,38.66,Processed,Courier
RET-00002179,ITM-000029484,CUS-008890,2022-11-10,2022-11-22,Defective Product,Opened,21.16,Pending,Courier
RET-00002180,ITM-000029490,CUS-008071,2025-09-26,2025-10-07,Size/Fit,Resellable,84.78,Processed,Store
RET-00002181,ITM-000029507,CUS-010258,2026-05-30,2026-06-12,Not as Described,Resellable,266.88,Approved,Courier
RET-00002182,ITM-000029540,CUS-002131,2022-07-13,2022-07-14,Changed Mind,Damaged,11.88,Pending,Store
RET-00002183,ITM-000029541,CUS-008659,2025-06-28,2025-07-06,Not as Described,Resellable,42.31,Approved,Courier
RET-00002184,ITM-000029550,CUS-001077,2022-11-05,2022-11-06,Size/Fit,Opened,436.5,Processed,Courier
RET-00002185,ITM-000029555,CUS-010916,2021-08-30,2021-09-10,,Defective,159.95,Processed,Courier
RET-00002186,ITM-000029564,CUS-007061,2025-04-27,2025-05-01,Not as Described,Resellable,87.86,Pending,Courier
RET-00002187,ITM-000029573,,2021-02-04,2021-02-04,Defective Product,Resellable,182.56,Pending,Courier
RET-00002188,ITM-000029584,CUS-002727,2023-08-12,2023-08-22,,Defective,21.34,Processed,Courier
RET-00002189,ITM-000029589,CUS-003573,2023-01-10,2023-01-22,Changed Mind,Damaged,46.76,Pending,Store
RET-00002190,ITM-000029590,CUS-003385,2023-05-21,2023-06-03,Damaged Delivery,Opened,51.76,Pending,Courier
RET-00002191,ITM-000029596,CUS-002982,2023-09-06,2023-09-09,Defective Product,Resellable,46.7,Processed,Store
RET-00002192,ITM-000029602,CUS-001670,2025-10-06,2025-10-16,Size/Fit,Damaged,11.15,Pending,Courier
RET-00002193,ITM-000029614,CUS-003673,2021-02-24,2021-03-05,Defective Product,Opened,8.09,Processed,Store
RET-00002194,ITM-000029667,CUS-003688,2026-03-09,2026-03-13,Defective Product,Damaged,26.86,Pending,Store
RET-00002195,ITM-000029668,CUS-003688,2026-03-09,2026-03-17,Not as Described,Resellable,50.1,Pending,Courier
RET-00002196,ITM-000029678,CUS-000222,2024-06-05,2024-06-18,Changed Mind,Defective,80.25,Approved,Store
RET-00002197,ITM-000029689,CUS-007969,2026-06-23,2026-07-04,Changed Mind,Damaged,13.47,Pending,Courier
RET-00002198,ITM-000029699,CUS-001732,2023-02-05,2023-02-16,Not as Described,Defective,62.94,Processed,Courier
RET-00002199,ITM-000029725,CUS-006190,2025-08-01,2025-08-09,Defective Product,Resellable,156.91,Approved,Store
RET-00002200,ITM-000029734,CUS-006102,2024-10-13,2024-10-26,,Opened,34.68,Processed,Courier
RET-00002201,ITM-000029738,CUS-011941,2023-01-06,2023-01-19,Wrong Item,Damaged,54.84,Pending,Courier
RET-00002202,ITM-000029748,CUS-000960,2024-06-21,2024-06-24,Changed Mind,Defective,328.3,Pending,Store
RET-00002203,ITM-000029755,CUS-002450,2021-07-24,2021-07-31,Changed Mind,Resellable,53.73,Processed,Store
RET-00002204,ITM-000029764,CUS-002263,2025-02-28,2025-03-08,Damaged Delivery,Resellable,87.0,Pending,Store
RET-00002205,ITM-000029765,CUS-002263,2025-02-25,2025-03-09,Changed Mind,Defective,446.32,Approved,Store
RET-00002206,ITM-000029776,CUS-004759,2020-02-25,2020-02-25,,Damaged,41.39,Processed,Courier
RET-00002207,ITM-000029777,CUS-005906,2025-01-14,2025-01-25,Defective Product,Damaged,168.06,Pending,Store
RET-00002208,ITM-000029804,CUS-010833,2020-02-06,2020-02-14,Not as Described,Resellable,144.63,Approved,Store
RET-00002209,ITM-000029821,CUS-008468,2020-11-28,2020-12-07,Changed Mind,Opened,26.32,Approved,Courier
RET-00002210,ITM-000029836,CUS-001195,2022-06-04,2022-06-11,,Damaged,43.11,Approved,Courier
RET-00002211,ITM-000029866,CUS-008987,2024-08-12,2024-08-15,Changed Mind,Resellable,296.39,Approved,Courier
RET-00002212,ITM-000029867,CUS-008812,2020-05-23,2020-05-27,Wrong Item,Resellable,41.63,Pending,Store
RET-00002213,ITM-000029868,CUS-001662,2020-05-04,2020-05-16,Defective Product,Resellable,66.0,Approved,Courier
RET-00002214,ITM-000029884,CUS-011480,2022-03-16,2022-03-16,Not as Described,Resellable,256.59,Processed,Store
RET-00002215,ITM-000029887,CUS-000291,2023-01-15,2023-01-26,Changed Mind,Resellable,227.02,Approved,Courier
RET-00002216,ITM-000029889,CUS-003479,2021-11-04,2021-11-12,Defective Product,Damaged,95.14,Pending,Courier
RET-00002217,ITM-000029917,CUS-010731,2024-11-17,2024-11-27,Defective Product,Damaged,114.75,Pending,Courier
RET-00002218,ITM-000029931,CUS-008066,2026-03-13,2026-03-18,Changed Mind,Opened,116.38,Processed,Courier
RET-00002219,ITM-000029935,CUS-002071,2025-03-28,2025-04-01,,Resellable,44.58,Processed,Courier
RET-00002220,ITM-000029940,CUS-004428,2022-11-05,2022-11-11,Size/Fit,Defective,40.43,Approved,Courier
RET-00002221,ITM-000029951,CUS-002258,2022-05-03,2022-05-14,Damaged Delivery,Defective,177.13,Processed,Courier
RET-00002222,ITM-000029967,CUS-006170,2020-06-02,2020-06-03,Changed Mind,Resellable,35.53,Processed,Courier
RET-00002223,ITM-000029970,CUS-002014,2023-04-08,2023-04-16,Not as Described,Opened,85.17,Pending,Store
RET-00002224,ITM-000029992,CUS-004835,2024-09-27,2024-10-06,Size/Fit,Opened,74.03,Processed,Store
RET-00002225,ITM-000029996,CUS-005367,2026-07-23,2026-07-26,Size/Fit,Defective,98.71,Pending,Courier
RET-00002226,ITM-000029997,CUS-008252,2022-12-03,2022-12-09,Defective Product,Resellable,47.08,Approved,Courier
RET-00002227,ITM-000030005,CUS-000232,2022-03-30,2022-04-02,Changed Mind,Opened,12.79,Approved,Courier
RET-00002228,ITM-000030021,CUS-004095,2021-11-06,2021-11-09,Changed Mind,Opened,136.41,Approved,Store
RET-00002229,ITM-000030031,CUS-002384,2020-09-13,2020-09-20,Changed Mind,Opened,89.15,Processed,Store
RET-00002230,ITM-000030042,CUS-003103,2025-08-01,2025-08-09,Size/Fit,Damaged,132.83,Processed,Store
RET-00002231,ITM-000030060,,2022-05-15,2022-05-28,Changed Mind,Defective,350.66,Approved,Courier
RET-00002232,ITM-000030069,CUS-007240,2020-10-30,2020-11-08,Defective Product,Resellable,16.52,Pending,Store
RET-00002233,ITM-000030070,CUS-007240,2020-10-03,2020-10-05,Wrong Item,Damaged,252.89,Pending,Store
RET-00002234,ITM-000030072,CUS-009437,2026-08-31,2026-09-04,Changed Mind,Opened,60.71,Approved,Courier
RET-00002235,ITM-000030073,CUS-009437,2026-09-08,2026-09-18,Size/Fit,Resellable,81.28,Processed,Store
RET-00002236,ITM-000030084,CUS-003664,2023-08-23,2023-08-27,Damaged Delivery,Opened,68.58,Processed,Courier
RET-00002237,ITM-000030123,CUS-009420,2021-05-20,2021-05-29,,Opened,83.92,Approved,Store
RET-00002238,ITM-000030138,CUS-001123,2025-02-09,2025-02-17,Changed Mind,Damaged,29.5,Approved,Courier
RET-00002239,ITM-000030146,CUS-004817,2025-04-11,2025-04-16,Defective Product,Defective,13.84,Approved,Store
RET-00002240,ITM-000030170,CUS-002984,2020-10-13,2020-10-22,Damaged Delivery,Defective,13.31,Approved,Store
RET-00002241,ITM-000030196,CUS-006084,2023-08-30,2023-09-09,Changed Mind,Defective,114.08,Approved,Courier
RET-00002242,ITM-000030208,CUS-011037,2026-03-26,2026-03-31,Defective Product,Opened,67.58,Pending,Courier
RET-00002243,ITM-000030223,CUS-009044,2025-01-29,2025-02-07,,Damaged,106.31,Processed,Store
RET-00002244,ITM-000030230,CUS-006338,2022-11-17,2022-11-22,Defective Product,Defective,244.38,Approved,Store
RET-00002245,ITM-000030263,CUS-008191,2026-01-13,2026-01-24,Changed Mind,Resellable,776.67,Approved,Courier
RET-00002246,ITM-000030266,CUS-007798,2021-10-23,2021-10-26,Damaged Delivery,Resellable,88.03,Processed,Store
RET-00002247,ITM-000030278,CUS-004336,2025-11-28,2025-12-03,Defective Product,Defective,45.74,Approved,Store
RET-00002248,ITM-000030295,CUS-006872,2023-11-19,2023-11-23,Defective Product,Resellable,181.38,Processed,Store
RET-00002249,ITM-000030297,CUS-005509,2021-05-31,2021-06-03,Not as Described,Resellable,12.95,Approved,Store
RET-00002250,ITM-000030321,CUS-002551,2020-06-29,2020-07-03,Not as Described,Defective,9.66,Approved,Courier
RET-00002251,ITM-000030322,CUS-002551,2020-06-17,2020-06-17,Changed Mind,Opened,26.28,Approved,Store
RET-00002252,ITM-000030324,CUS-004466,2022-01-29,2022-01-31,Size/Fit,Damaged,36.9,Pending,Store
RET-00002253,ITM-000030348,CUS-010150,2026-03-28,2026-04-02,Size/Fit,Defective,121.63,Approved,Courier
RET-00002254,ITM-000030353,CUS-005548,2025-02-18,2025-02-20,Defective Product,Opened,224.42,Approved,Courier
RET-00002255,ITM-000030370,CUS-008742,2020-12-20,2020-12-21,Size/Fit,Resellable,64.86,Approved,Store
RET-00002256,ITM-000030413,CUS-008590,2024-01-24,2024-01-28,Changed Mind,Opened,37.63,Pending,Courier
RET-00002257,ITM-000030430,CUS-005388,2023-08-06,2023-08-14,Changed Mind,Defective,188.56,Processed,Courier
RET-00002258,ITM-000030472,CUS-009438,2023-05-24,2023-05-28,Not as Described,Damaged,37.92,Processed,Store
RET-00002259,ITM-000030485,CUS-003860,2022-04-07,2022-04-11,Not as Described,Defective,78.01,Pending,Store
RET-00002260,ITM-000030518,CUS-001676,2020-04-24,2020-04-26,,Opened,11.88,Processed,Courier
RET-00002261,ITM-000030526,,2022-04-02,2022-04-14,Not as Described,Resellable,25.86,Pending,Store
RET-00002262,ITM-000030538,CUS-011717,2026-03-20,2026-03-28,Size/Fit,Defective,27.36,Approved,Courier
RET-00002263,ITM-000030544,CUS-001747,2020-02-15,2020-02-15,Size/Fit,Opened,46.07,Pending,Courier
RET-00002264,ITM-000030574,CUS-011354,2026-07-19,2026-07-31,Changed Mind,Defective,15.87,Pending,Store
RET-00002265,ITM-000030582,CUS-002885,2025-05-25,2025-06-07,Changed Mind,Damaged,78.53,Pending,Courier
RET-00002266,ITM-000030590,CUS-007056,2026-01-20,2026-01-24,Changed Mind,Resellable,84.63,Processed,Store
RET-00002267,ITM-000030594,CUS-003562,2024-05-13,2024-05-19,Not as Described,Opened,9.61,Processed,Courier
RET-00002268,ITM-000030608,CUS-005751,2020-05-06,2020-05-07,,Damaged,27.41,Processed,Store
RET-00002269,ITM-000030627,CUS-010924,2025-11-10,2025-11-18,Changed Mind,Resellable,152.45,Approved,Courier
RET-00002270,ITM-000030630,CUS-004299,2022-07-15,2022-07-15,Changed Mind,Damaged,52.52,Pending,Store
RET-00002271,ITM-000030633,CUS-011541,2025-03-16,2025-03-18,Not as Described,Damaged,148.12,Processed,Courier
RET-00002272,ITM-000030644,CUS-001279,2026-08-12,2026-08-19,Size/Fit,Damaged,124.62,Approved,Courier
RET-00002273,ITM-000030666,CUS-005413,2023-02-01,2023-02-05,Changed Mind,Damaged,349.43,Approved,Courier
RET-00002274,ITM-000030670,CUS-001506,2022-08-30,2022-08-31,Changed Mind,Resellable,32.8,Pending,Courier
RET-00002275,ITM-000030675,CUS-007692,2020-04-19,2020-04-20,Damaged Delivery,Resellable,99.52,Processed,Courier
RET-00002276,ITM-000030702,CUS-008689,2020-10-12,2020-10-12,,Resellable,116.05,Approved,Store
RET-00002277,ITM-000030706,CUS-010787,2025-12-31,2026-01-13,Changed Mind,Resellable,193.44,Approved,Store
RET-00002278,ITM-000030726,CUS-004849,2025-11-11,2025-11-11,Defective Product,Damaged,69.05,Processed,Store
RET-00002279,ITM-000030728,CUS-007790,2020-01-30,2020-02-10,Changed Mind,Damaged,294.48,Processed,Courier
RET-00002280,ITM-000030730,CUS-003817,2021-06-26,2021-06-29,,Defective,90.65,Pending,Courier
RET-00002281,ITM-000030749,CUS-002407,2020-04-09,2020-04-13,Not as Described,Resellable,90.6,Approved,Courier
RET-00002282,ITM-000030751,CUS-000960,2022-09-11,2022-09-14,Not as Described,Opened,54.8,Pending,Store
RET-00002283,ITM-000030753,CUS-008373,2025-11-05,2025-11-16,Wrong Item,Damaged,120.85,Processed,Store
RET-00002284,ITM-000030787,CUS-007061,2024-05-28,2024-06-09,Wrong Item,Defective,95.68,Pending,Courier
RET-00002285,ITM-000030796,CUS-004309,2020-11-23,2020-12-06,Wrong Item,Opened,59.58,Processed,Store
RET-00002286,ITM-000030807,CUS-011799,2024-10-11,2024-10-15,Damaged Delivery,Damaged,77.12,Pending,Courier
RET-00002287,ITM-000030809,CUS-009023,2022-03-28,2022-03-28,Changed Mind,Resellable,507.94,Processed,Courier
RET-00002288,ITM-000030814,CUS-010627,2023-08-26,2023-09-01,Size/Fit,Defective,55.01,Processed,Courier
RET-00002289,ITM-000030821,CUS-001041,2023-07-09,2023-07-16,Size/Fit,Resellable,29.97,Pending,Store
RET-00002290,ITM-000030832,CUS-002574,2020-02-28,2020-03-08,Not as Described,Opened,159.95,Pending,Courier
RET-00002291,ITM-000030842,CUS-008682,2020-04-23,2020-05-02,Changed Mind,Resellable,42.61,Approved,Courier
RET-00002292,ITM-000030845,CUS-000560,2023-12-16,2023-12-20,Changed Mind,Resellable,52.48,Pending,Courier
RET-00002293,ITM-000030850,CUS-009578,2021-11-05,2021-11-15,Changed Mind,Resellable,27.6,Pending,Courier
RET-00002294,ITM-000030859,CUS-007685,2021-03-23,2021-04-03,Wrong Item,Resellable,85.45,Processed,Store
RET-00002295,ITM-000030864,CUS-001963,2021-09-26,2021-10-07,Changed Mind,Opened,89.62,Pending,Courier
RET-00002296,ITM-000030869,CUS-001637,2021-12-05,2021-12-09,Damaged Delivery,Resellable,7.76,Approved,Store
RET-00002297,ITM-000030885,CUS-002787,2023-02-13,2023-02-20,Changed Mind,Resellable,132.36,Pending,Courier
RET-00002298,ITM-000030886,CUS-002787,2023-02-24,2023-03-04,Defective Product,Resellable,176.88,Approved,Store
RET-00002299,ITM-000030891,CUS-001133,2022-07-04,2022-07-09,Size/Fit,Defective,19.22,Approved,Store
RET-00002300,ITM-000030907,CUS-005767,2023-01-30,2023-02-04,Defective Product,Damaged,41.42,Pending,Store
RET-00002301,ITM-000030915,CUS-011760,2024-08-13,2024-08-24,Size/Fit,Defective,48.69,Approved,Store
RET-00002302,ITM-000030927,,2020-03-09,2020-03-10,Changed Mind,Defective,19.05,Approved,Courier
RET-00002303,ITM-000030928,CUS-003039,2021-02-12,2021-02-25,,Resellable,87.22,Processed,Store
RET-00002304,ITM-000030930,CUS-008743,2023-01-24,2023-01-31,Not as Described,Resellable,87.86,Processed,Store
RET-00002305,ITM-000030948,CUS-005684,2026-02-13,2026-02-24,Not as Described,Resellable,76.85,Pending,Store
RET-00002306,ITM-000030956,CUS-003409,2023-03-12,2023-03-18,Defective Product,Damaged,111.7,Processed,Courier
RET-00002307,ITM-000030978,CUS-009430,2026-02-21,2026-02-22,Damaged Delivery,Resellable,124.32,Approved,Courier
RET-00002308,ITM-000031006,CUS-004140,2024-05-06,2024-05-06,Damaged Delivery,Resellable,17.22,Processed,Store
RET-00002309,ITM-000031059,CUS-002271,2021-03-16,2021-03-24,Size/Fit,Damaged,12.93,Approved,Courier
RET-00002310,ITM-000031064,CUS-010127,2023-05-14,2023-05-27,Not as Described,Defective,57.88,Pending,Store
RET-00002311,ITM-000031098,CUS-006799,2025-04-22,2025-04-27,Not as Described,Defective,12.99,Approved,Courier
RET-00002312,ITM-000031099,CUS-005023,2020-11-19,2020-12-02,,Opened,84.16,Pending,Store
RET-00002313,ITM-000031104,CUS-005488,2020-12-07,2020-12-08,Changed Mind,Opened,30.06,Pending,Courier
RET-00002314,ITM-000031128,CUS-007497,2026-01-10,2026-01-21,Size/Fit,Defective,109.6,Pending,Store
RET-00002315,ITM-000031129,CUS-004143,2022-10-17,2022-10-22,Size/Fit,Damaged,61.3,Pending,Store
RET-00002316,ITM-000031137,CUS-001191,2020-12-30,2021-01-03,Size/Fit,Resellable,46.27,Approved,Store
RET-00002317,ITM-000031175,CUS-004579,2025-11-01,2025-11-13,Size/Fit,Damaged,30.16,Pending,Courier
RET-00002318,ITM-000031224,CUS-010743,2026-04-30,2026-05-08,Not as Described,Opened,106.36,Processed,Store
RET-00002319,ITM-000031250,CUS-000753,2022-09-27,2022-10-10,Wrong Item,Opened,17.25,Pending,Courier
RET-00002320,ITM-000031257,CUS-010046,2021-12-16,2021-12-20,Changed Mind,Damaged,26.86,Approved,Courier
RET-00002321,ITM-000031258,CUS-003375,2025-02-03,2025-02-16,Defective Product,Resellable,113.88,Pending,Store
RET-00002322,ITM-000031287,CUS-010265,2020-03-28,2020-04-06,Changed Mind,Defective,14.23,Approved,Store
RET-00002323,ITM-000031293,CUS-004802,2024-08-24,2024-09-03,Changed Mind,Defective,53.56,Approved,Store
RET-00002324,ITM-000031315,CUS-003258,2020-12-15,2020-12-23,,Resellable,23.79,Approved,Courier
RET-00002325,ITM-000031319,CUS-003709,2024-01-20,2024-02-01,Damaged Delivery,Defective,183.44,Approved,Store
RET-00002326,ITM-000031325,CUS-010595,2025-04-18,2025-04-24,Defective Product,Defective,89.81,Processed,Courier
RET-00002327,ITM-000031344,CUS-002963,2022-05-04,2022-05-09,Defective Product,Damaged,120.1,Approved,Store
RET-00002328,ITM-000031350,CUS-008333,2023-06-01,2023-06-09,Not as Described,Defective,46.78,Approved,Store
RET-00002329,ITM-000031360,CUS-000907,2023-04-11,2023-04-19,Changed Mind,Resellable,122.19,Approved,Courier
RET-00002330,ITM-000031384,CUS-011098,2025-04-05,2025-04-08,Changed Mind,Opened,193.44,Pending,Courier
RET-00002331,ITM-000031392,CUS-003835,2025-11-06,2025-11-19,Not as Described,Damaged,127.12,Processed,Store
RET-00002332,ITM-000031427,CUS-006685,2022-01-30,2022-02-09,Defective Product,Damaged,107.09,Approved,Store
RET-00002333,ITM-000031488,CUS-009146,2023-10-15,2023-10-18,Damaged Delivery,Defective,54.87,Pending,Store
RET-00002334,ITM-000031509,CUS-005643,2024-03-05,2024-03-05,Changed Mind,Damaged,32.13,Pending,Store
RET-00002335,ITM-000031515,CUS-004675,2025-11-10,2025-11-16,Defective Product,Opened,46.76,Processed,Courier
RET-00002336,ITM-000031523,CUS-006039,2024-06-30,2024-07-08,Not as Described,Damaged,402.06,Processed,Store
RET-00002337,ITM-000031529,CUS-000436,2023-05-22,2023-05-31,Defective Product,Opened,80.25,Approved,Store
RET-00002338,ITM-000031538,CUS-008349,2024-05-05,2024-05-15,Changed Mind,Damaged,360.1,Approved,Store
RET-00002339,ITM-000031546,CUS-008905,2021-05-05,2021-05-14,Defective Product,Opened,98.64,Pending,Store
RET-00002340,ITM-000031563,CUS-009304,2026-08-28,2026-08-30,Wrong Item,Damaged,31.24,Approved,Courier
RET-00002341,ITM-000031580,CUS-011903,2026-09-06,2026-09-18,Defective Product,Resellable,21.8,Pending,Store
RET-00002342,ITM-000031584,CUS-003418,2020-06-06,2020-06-09,Damaged Delivery,Opened,44.73,Processed,Courier
RET-00002343,ITM-000031603,CUS-004660,2021-07-23,2021-08-02,Size/Fit,Resellable,65.6,Pending,Courier
RET-00002344,ITM-000031605,CUS-003776,2023-05-10,2023-05-22,Damaged Delivery,Resellable,64.72,Processed,Store
RET-00002345,ITM-000031622,CUS-011302,2025-09-05,2025-09-13,Not as Described,Opened,70.5,Approved,Courier
RET-00002346,ITM-000031628,CUS-006355,2026-06-04,2026-06-14,Damaged Delivery,Damaged,72.4,Pending,Courier
RET-00002347,ITM-000031631,CUS-003357,2021-03-27,2021-03-28,Not as Described,Damaged,17.04,Approved,Courier
RET-00002348,ITM-000031632,CUS-003481,2025-09-17,2025-09-30,Changed Mind,Opened,28.77,Pending,Courier
RET-00002349,ITM-000031641,CUS-009148,2025-07-09,2025-07-11,Wrong Item,Opened,85.05,Approved,Courier
RET-00002350,ITM-000031666,CUS-009984,2025-03-06,2025-03-07,Size/Fit,Resellable,76.85,Approved,Courier
RET-00002351,ITM-000031675,CUS-005995,2021-04-09,2021-04-12,Changed Mind,Opened,221.44,Approved,Courier
RET-00002352,ITM-000031677,CUS-005995,2021-04-12,2021-04-15,Not as Described,Opened,58.41,Approved,Store
RET-00002353,ITM-000031681,CUS-002913,2025-06-06,2025-06-18,Size/Fit,Opened,287.46,Processed,Courier
RET-00002354,ITM-000031686,CUS-005617,2021-08-22,2021-09-02,Defective Product,Resellable,44.7,Processed,Courier
RET-00002355,ITM-000031707,CUS-003982,2024-03-26,2024-03-31,Other,Defective,91.25,Pending,Store
RET-00002356,ITM-000031720,CUS-002124,2022-10-08,2022-10-20,Defective Product,Defective,66.74,Approved,Store
RET-00002357,ITM-000031725,CUS-007376,2023-09-06,2023-09-18,Defective Product,Defective,34.85,Approved,Store
RET-00002358,ITM-000031730,CUS-006650,2020-12-08,2020-12-13,Not as Described,Resellable,21.82,Processed,Courier
RET-00002359,ITM-000031732,CUS-006650,2020-11-16,2020-11-21,,Opened,109.12,Approved,Store
RET-00002360,ITM-000031734,CUS-001739,2020-11-04,2020-11-08,Size/Fit,Defective,51.14,Processed,Store
RET-00002361,ITM-000031759,CUS-000855,2023-08-04,2023-08-13,Size/Fit,Resellable,245.8,Pending,Store
RET-00002362,ITM-000031771,CUS-004895,2023-06-15,2023-06-25,Not as Described,Opened,76.85,Approved,Courier
RET-00002363,ITM-000031782,CUS-000267,2021-11-26,2021-12-02,Size/Fit,Opened,74.47,Approved,Store
RET-00002364,ITM-000031784,CUS-005078,2024-05-25,2024-05-25,Damaged Delivery,Resellable,199.7,Pending,Store
RET-00002365,ITM-000031874,CUS-009521,2023-02-12,2023-02-15,Changed Mind,Opened,109.12,Approved,Store
RET-00002366,ITM-000031905,CUS-009405,2020-12-01,2020-12-14,,Opened,32.17,Processed,Store
RET-00002367,ITM-000031914,CUS-001661,2021-06-10,2021-06-16,Damaged Delivery,Opened,81.95,Approved,Courier
RET-00002368,ITM-000031918,CUS-007980,2022-09-29,2022-10-08,Changed Mind,Opened,195.96,Approved,Courier
RET-00002369,ITM-000031944,CUS-008824,2026-05-11,2026-05-11,Defective Product,Damaged,229.5,Pending,Courier
RET-00002370,ITM-000031956,CUS-011140,2026-07-12,2026-07-14,Damaged Delivery,Defective,56.9,Processed,Store
RET-00002371,ITM-000031975,CUS-008765,2024-03-31,2024-04-13,Changed Mind,Opened,410.8,Approved,Courier
RET-00002372,ITM-000032052,CUS-010995,2026-04-14,2026-04-20,Defective Product,Defective,461.48,Approved,Courier
RET-00002373,ITM-000032060,CUS-009224,2023-12-06,2023-12-16,Size/Fit,Defective,131.84,Approved,Store
RET-00002374,ITM-000032069,CUS-007380,2024-05-12,2024-05-22,Defective Product,Opened,22.54,Pending,Courier
RET-00002375,ITM-000032077,CUS-003301,2023-11-15,2023-11-20,Size/Fit,Resellable,27.7,Pending,Store
RET-00002376,ITM-000032078,CUS-004017,2024-02-03,2024-02-11,Defective Product,Resellable,119.79,Approved,Courier
RET-00002377,ITM-000032107,CUS-005719,2024-01-27,2024-01-28,Wrong Item,Damaged,20.73,Processed,Courier
RET-00002378,ITM-000032114,CUS-009236,2023-10-22,2023-10-30,Size/Fit,Resellable,228.82,Pending,Courier
RET-00002379,ITM-000032127,CUS-003983,2026-08-14,2026-08-21,Size/Fit,Opened,97.0,Processed,Courier
RET-00002380,ITM-000032151,CUS-005136,2020-03-02,2020-03-10,,Damaged,30.66,Processed,Courier
RET-00002381,ITM-000032168,CUS-007922,2026-09-03,2026-09-06,Size/Fit,Resellable,38.34,Approved,Courier
RET-00002382,ITM-000032171,CUS-006511,2026-06-01,2026-06-07,Wrong Item,Opened,60.99,Approved,Courier
RET-00002383,ITM-000032174,CUS-000996,2022-08-23,2022-08-27,Defective Product,Resellable,22.12,Processed,Courier
RET-00002384,ITM-000032181,CUS-004516,2020-08-24,2020-09-04,Wrong Item,Damaged,80.75,Processed,Store
RET-00002385,ITM-000032196,CUS-004075,2025-01-16,2025-01-23,Changed Mind,Opened,74.83,Approved,Courier
RET-00002386,ITM-000032221,CUS-008377,2025-06-23,2025-06-30,Damaged Delivery,Resellable,54.77,Processed,Courier
RET-00002387,ITM-000032223,CUS-006489,2022-06-04,2022-06-08,Defective Product,Defective,93.71,Processed,Courier
RET-00002388,ITM-000032235,CUS-010666,2026-04-04,2026-04-09,Size/Fit,Opened,29.26,Pending,Courier
RET-00002389,ITM-000032238,CUS-000202,2024-05-14,2024-05-24,Size/Fit,Resellable,98.89,Pending,Store
RET-00002390,ITM-000032240,CUS-000202,2024-05-04,2024-05-14,Changed Mind,Damaged,9.61,Processed,Courier
RET-00002391,ITM-000032313,CUS-004326,2022-03-09,2022-03-21,Size/Fit,Resellable,59.31,Processed,Courier
RET-00002392,ITM-000032357,CUS-009885,2023-06-17,2023-06-29,Not as Described,Resellable,119.28,Pending,Courier
RET-00002393,ITM-000032362,CUS-003873,2020-12-05,2020-12-09,,Resellable,175.86,Pending,Courier
RET-00002394,ITM-000032370,CUS-008517,2025-03-29,2025-04-07,Defective Product,Resellable,46.76,Approved,Courier
RET-00002395,ITM-000032383,CUS-007265,2020-11-10,2020-11-21,Changed Mind,Damaged,114.01,Approved,Store
RET-00002396,ITM-000032395,CUS-009473,2024-02-03,2024-02-08,Changed Mind,Defective,211.59,Processed,Courier
RET-00002397,ITM-000032407,CUS-011363,2025-09-02,2025-09-06,Changed Mind,Opened,163.55,Approved,Store
RET-00002398,ITM-000032409,CUS-011363,2025-08-05,2025-08-13,Defective Product,Resellable,76.54,Approved,Courier
RET-00002399,ITM-000032423,CUS-002425,2020-05-11,2020-05-11,Not as Described,Opened,14.7,Pending,Courier
RET-00002400,ITM-000032445,CUS-005203,2025-09-19,2025-09-28,Damaged Delivery,Damaged,111.73,Approved,Courier
RET-00002401,ITM-000032455,CUS-011344,2022-02-11,2022-02-14,,Damaged,174.44,Approved,Store
RET-00002402,ITM-000032464,CUS-011174,2021-11-11,2021-11-19,Size/Fit,Defective,277.78,Processed,Courier
RET-00002403,ITM-000032472,CUS-003228,2023-09-17,2023-09-29,,Resellable,40.42,Processed,Store
RET-00002404,ITM-000032477,CUS-004453,2024-08-31,2024-09-06,Not as Described,Defective,49.91,Approved,Courier
RET-00002405,ITM-000032480,CUS-008374,2026-02-05,2026-02-08,Damaged Delivery,Opened,163.9,Processed,Store
RET-00002406,ITM-000032488,CUS-006944,2021-08-22,2021-08-28,,Opened,190.4,Approved,Store
RET-00002407,ITM-000032491,CUS-006308,2023-05-26,2023-06-05,Not as Described,Opened,37.76,Pending,Courier
RET-00002408,ITM-000032508,CUS-004938,2025-02-18,2025-02-28,Changed Mind,Opened,58.19,Approved,Courier
RET-00002409,ITM-000032518,,2024-03-04,2024-03-15,Damaged Delivery,Resellable,227.67,Approved,Courier
RET-00002410,ITM-000032538,CUS-011259,2021-05-31,2021-06-09,Changed Mind,Resellable,132.36,Processed,Courier
RET-00002411,ITM-000032563,CUS-003006,2024-02-02,2024-02-08,Changed Mind,Defective,24.9,Pending,Courier
RET-00002412,ITM-000032566,CUS-006331,2024-12-22,2025-01-01,Not as Described,Defective,54.73,Approved,Store
RET-00002413,ITM-000032569,CUS-011176,2021-02-25,2021-03-05,,Damaged,16.93,Processed,Courier
RET-00002414,ITM-000032585,CUS-005101,2022-06-18,2022-06-19,Changed Mind,Defective,36.89,Approved,Courier
RET-00002415,ITM-000032586,CUS-007614,2023-08-22,2023-09-02,Not as Described,Resellable,21.87,Pending,Store
RET-00002416,ITM-000032595,CUS-002820,2023-09-12,2023-09-24,Size/Fit,Opened,139.86,Processed,Courier
RET-00002417,ITM-000032613,CUS-010239,2023-11-01,2023-11-05,Defective Product,Damaged,352.8,Approved,Courier
RET-00002418,ITM-000032618,CUS-011924,2024-12-04,2024-12-06,Changed Mind,Defective,112.58,Processed,Store
RET-00002419,ITM-000032625,CUS-001419,2024-02-04,2024-02-17,Size/Fit,Defective,112.53,Processed,Store
RET-00002420,ITM-000032645,CUS-002234,2021-04-21,2021-04-29,Defective Product,Opened,74.45,Pending,Store
RET-00002421,ITM-000032653,CUS-011098,2023-11-19,2023-11-26,Changed Mind,Damaged,45.9,Pending,Store
RET-00002422,ITM-000032709,CUS-006693,2025-06-28,2025-07-05,Changed Mind,Defective,102.32,Pending,Store
RET-00002423,ITM-000032714,CUS-009783,2022-08-24,2022-09-01,Defective Product,Defective,60.87,Processed,Courier
RET-00002424,ITM-000032742,CUS-000531,2024-12-15,2024-12-18,,Opened,32.27,Approved,Courier
RET-00002425,ITM-000032749,CUS-011059,2023-05-21,2023-05-27,Changed Mind,Opened,54.16,Processed,Store
RET-00002426,ITM-000032757,CUS-003541,2021-11-27,2021-12-03,,Opened,34.11,Approved,Courier
RET-00002427,ITM-000032760,CUS-010662,2020-08-27,2020-09-07,Other,Resellable,46.56,Approved,Store
RET-00002428,ITM-000032779,,2026-03-26,2026-03-28,Size/Fit,Defective,191.64,Approved,Store
RET-00002429,ITM-000032809,CUS-002659,2024-10-15,2024-10-16,Changed Mind,Defective,70.53,Processed,Courier
RET-00002430,ITM-000032837,CUS-004712,2025-10-14,2025-10-16,Damaged Delivery,Damaged,96.44,Processed,Courier
RET-00002431,ITM-000032842,CUS-009129,2023-12-22,2023-12-25,Damaged Delivery,Opened,22.64,Approved,Courier
RET-00002432,ITM-000032880,CUS-003098,2022-09-27,2022-10-10,Not as Described,Damaged,70.22,Processed,Courier
RET-00002433,ITM-000032894,CUS-009127,2020-02-22,2020-02-25,Wrong Item,Damaged,167.49,Approved,Courier
RET-00002434,ITM-000032896,CUS-000637,2020-07-22,2020-07-22,Defective Product,Defective,108.13,Approved,Courier
RET-00002435,ITM-000032897,CUS-000637,2020-07-21,2020-08-01,,Opened,315.86,Pending,Store
RET-00002436,ITM-000032905,CUS-000083,2022-01-10,2022-01-22,,Resellable,75.94,Pending,Store
RET-00002437,ITM-000032907,CUS-000394,2022-12-19,2023-01-01,Wrong Item,Opened,26.99,Processed,Store
RET-00002438,ITM-000032958,CUS-006406,2026-04-02,2026-04-11,Changed Mind,Defective,120.3,Processed,Courier
RET-00002439,ITM-000032975,CUS-010455,2022-01-01,2022-01-06,,Defective,43.15,Approved,Store
RET-00002440,ITM-000033004,CUS-001876,2023-06-02,2023-06-09,Defective Product,Defective,58.02,Approved,Courier
RET-00002441,ITM-000033019,CUS-004514,2021-08-04,2021-08-12,Damaged Delivery,Damaged,117.8,Pending,Courier
RET-00002442,ITM-000033046,CUS-003765,2025-08-11,2025-08-12,Changed Mind,Defective,108.61,Pending,Store
RET-00002443,ITM-000033052,CUS-007142,2021-03-03,2021-03-04,Changed Mind,Opened,70.29,Processed,Courier
RET-00002444,ITM-000033053,CUS-007142,2021-03-11,2021-03-21,Damaged Delivery,Resellable,114.87,Approved,Store
RET-00002445,ITM-000033068,CUS-001580,2026-05-13,2026-05-25,Changed Mind,Damaged,117.24,Processed,Store
RET-00002446,ITM-000033071,CUS-011891,2024-01-01,2024-01-10,Size/Fit,Defective,76.68,Processed,Store
RET-00002447,ITM-000033111,CUS-008583,2020-07-15,2020-07-15,Changed Mind,Defective,33.55,Pending,Courier
RET-00002448,ITM-000033112,CUS-010459,2021-09-07,2021-09-13,,Opened,91.67,Pending,Store
RET-00002449,ITM-000033115,CUS-009819,2025-05-30,2025-06-06,Not as Described,Damaged,45.45,Processed,Courier
RET-00002450,ITM-000033116,CUS-001876,2024-07-23,2024-07-30,Size/Fit,Opened,130.03,Approved,Courier
RET-00002451,ITM-000033121,CUS-007656,2025-02-22,2025-02-26,Changed Mind,Defective,181.71,Approved,Courier
RET-00002452,ITM-000033126,CUS-004097,2022-03-03,2022-03-14,Defective Product,Opened,46.51,Approved,Courier
RET-00002453,ITM-000033143,CUS-008188,2025-07-04,2025-07-09,Size/Fit,Defective,48.18,Pending,Store
RET-00002454,ITM-000033151,CUS-002471,2024-11-10,2024-11-19,Defective Product,Defective,14.78,Pending,Store
RET-00002455,ITM-000033172,CUS-002305,2025-10-03,2025-10-03,Wrong Item,Damaged,46.98,Approved,Courier
RET-00002456,ITM-000033190,CUS-003470,2021-03-12,2021-03-20,Wrong Item,Resellable,227.6,Processed,Courier
RET-00002457,ITM-000033210,CUS-003260,2026-04-09,2026-04-15,Not as Described,Opened,59.28,Pending,Courier
RET-00002458,ITM-000033215,CUS-002608,2025-11-30,2025-12-12,Size/Fit,Resellable,62.67,Processed,Store
RET-00002459,ITM-000033257,CUS-009227,2020-05-20,2020-06-01,,Defective,146.45,Processed,Courier
RET-00002460,ITM-000033277,CUS-010510,2021-01-06,2021-01-13,Not as Described,Defective,17.02,Processed,Store
RET-00002461,ITM-000033288,CUS-001733,2020-11-02,2020-11-06,Size/Fit,Resellable,19.63,Processed,Courier
RET-00002462,ITM-000033313,CUS-005423,2023-03-20,2023-03-26,Size/Fit,Opened,111.53,Processed,Courier
RET-00002463,ITM-000033321,CUS-005860,2022-05-26,2022-06-02,Changed Mind,Damaged,295.03,Pending,Store
RET-00002464,ITM-000033326,CUS-004931,2021-12-24,2022-01-06,Size/Fit,Resellable,55.01,Approved,Courier
RET-00002465,ITM-000033376,CUS-008635,2022-11-07,2022-11-13,Not as Described,Defective,51.86,Approved,Courier
RET-00002466,ITM-000033409,CUS-004301,2023-12-03,2023-12-13,Changed Mind,Opened,150.74,Approved,Courier
RET-00002467,ITM-000033411,CUS-001905,2025-01-25,2025-02-06,Changed Mind,Resellable,66.18,Processed,Courier
RET-00002468,ITM-000033472,CUS-005888,2023-03-29,2023-04-06,Size/Fit,Damaged,106.29,Approved,Store
RET-00002469,ITM-000033493,CUS-002336,2022-06-01,2022-06-12,,Damaged,217.88,Processed,Store
RET-00002470,ITM-000033503,CUS-010436,2022-09-11,2022-09-23,Changed Mind,Defective,19.91,Pending,Store
RET-00002471,ITM-000033511,CUS-003544,2025-11-08,2025-11-20,Not as Described,Defective,51.58,Approved,Courier
RET-00002472,ITM-000033513,CUS-003335,2021-04-11,2021-04-12,,Defective,164.5,Approved,Courier
RET-00002473,ITM-000033514,CUS-003335,2021-03-17,2021-03-26,Not as Described,Resellable,85.53,Approved,Store
RET-00002474,ITM-000033521,CUS-005740,2021-09-24,2021-10-04,Size/Fit,Defective,60.48,Processed,Courier
RET-00002475,ITM-000033522,CUS-006515,2025-08-10,2025-08-17,Defective Product,Damaged,272.07,Approved,Courier
RET-00002476,ITM-000033530,CUS-008487,2024-02-24,2024-02-24,Defective Product,Resellable,145.89,Pending,Courier
RET-00002477,ITM-000033538,CUS-004460,2025-07-01,2025-07-10,Size/Fit,Opened,230.74,Approved,Courier
RET-00002478,ITM-000033555,CUS-003310,2026-07-10,2026-07-22,Not as Described,Defective,93.56,Approved,Courier
RET-00002479,ITM-000033570,CUS-009787,2026-06-12,2026-06-25,Damaged Delivery,Defective,75.83,Processed,Store
RET-00002480,ITM-000033574,CUS-001971,2024-02-25,2024-03-06,Defective Product,Opened,39.83,Processed,Courier
RET-00002481,ITM-000033592,CUS-007465,2021-02-01,2021-02-13,Changed Mind,Damaged,82.08,Approved,Courier
RET-00002482,ITM-000033600,CUS-006244,2025-03-25,2025-03-26,Wrong Item,Opened,44.81,Approved,Courier
RET-00002483,ITM-000033620,CUS-005910,2021-09-28,2021-10-05,Size/Fit,Resellable,52.83,Pending,Courier
RET-00002484,ITM-000033639,CUS-008292,2023-04-09,2023-04-10,Changed Mind,Resellable,23.02,Processed,Courier
RET-00002485,ITM-000033669,CUS-006763,2023-08-27,2023-08-29,Defective Product,Defective,119.22,Processed,Courier
RET-00002486,ITM-000033693,CUS-009232,2026-09-24,2026-10-07,Not as Described,Defective,166.97,Approved,Store
RET-00002487,ITM-000033708,CUS-004779,2022-01-24,2022-01-30,Size/Fit,Opened,23.37,Processed,Courier
RET-00002488,ITM-000033720,CUS-006243,2024-09-16,2024-09-25,Defective Product,Resellable,11.53,Pending,Store
RET-00002489,ITM-000033732,CUS-003082,2021-07-26,2021-07-28,,Defective,64.27,Processed,Courier
RET-00002490,ITM-000033739,CUS-000989,2022-01-18,2022-01-19,Damaged Delivery,Defective,34.83,Approved,Store
RET-00002491,ITM-000033764,,2026-01-16,2026-01-20,Defective Product,Opened,39.68,Processed,Store
RET-00002492,ITM-000033795,CUS-006980,2026-04-27,2026-04-29,Changed Mind,Opened,69.44,Pending,Store
RET-00002493,ITM-000033827,CUS-004013,2026-08-29,2026-08-31,Changed Mind,Opened,46.83,Pending,Courier
RET-00002494,ITM-000033835,CUS-003475,2026-04-29,2026-05-05,,Defective,187.42,Processed,Courier
RET-00002495,ITM-000033844,CUS-008257,2023-05-30,2023-06-09,Changed Mind,Damaged,98.68,Pending,Courier
RET-00002496,ITM-000033848,CUS-006171,2022-10-13,2022-10-21,Not as Described,Resellable,75.95,Pending,Courier
RET-00002497,ITM-000033854,CUS-001787,2024-12-30,2025-01-12,Not as Described,Defective,32.86,Approved,Store
RET-00002498,ITM-000033857,CUS-003805,2021-09-26,2021-09-30,Changed Mind,Damaged,9.72,Pending,Courier
RET-00002499,ITM-000033858,CUS-002931,2026-08-10,2026-08-16,Changed Mind,Damaged,41.72,Processed,Courier
RET-00002500,ITM-000033871,CUS-005803,2020-06-21,2020-06-24,Size/Fit,Resellable,96.32,Processed,Courier
RET-00002501,ITM-000033885,CUS-001826,2023-12-13,2023-12-19,Changed Mind,Damaged,63.68,Pending,Courier
RET-00002502,ITM-000033889,CUS-011644,2020-05-02,2020-05-13,Defective Product,Damaged,177.41,Approved,Courier
RET-00002503,ITM-000033903,CUS-007746,2026-07-27,2026-08-03,Changed Mind,Resellable,95.98,Approved,Courier
RET-00002504,ITM-000033915,CUS-001066,2020-01-27,2020-02-08,Wrong Item,Opened,113.44,Processed,Courier
RET-00002505,ITM-000033918,CUS-006118,2026-07-19,2026-07-22,Not as Described,Resellable,24.49,Pending,Courier
RET-00002506,ITM-000033922,CUS-004985,2023-03-28,2023-04-03,Size/Fit,Resellable,268.72,Processed,Courier
RET-00002507,ITM-000033945,CUS-008671,2021-06-02,2021-06-07,Changed Mind,Defective,85.03,Approved,Courier
RET-00002508,ITM-000033954,CUS-007414,2024-02-11,2024-02-17,Changed Mind,Opened,28.8,Pending,Store
RET-00002509,ITM-000033961,CUS-007433,2025-06-26,2025-07-08,Size/Fit,Defective,43.93,Approved,Courier
RET-00002510,ITM-000033963,CUS-007638,2023-06-17,2023-06-20,Defective Product,Damaged,30.51,Pending,Courier
RET-00002511,ITM-000033966,CUS-010975,2026-09-19,2026-10-02,Defective Product,Damaged,93.56,Processed,Courier
RET-00002512,ITM-000033980,CUS-003826,2020-05-08,2020-05-20,Defective Product,Opened,146.61,Pending,Courier
RET-00002513,ITM-000034051,CUS-003294,2024-02-02,2024-02-08,Size/Fit,Damaged,14.33,Pending,Courier
RET-00002514,ITM-000034053,CUS-000888,2024-03-22,2024-03-25,Defective Product,Opened,26.44,Processed,Courier
RET-00002515,ITM-000034103,CUS-002265,2021-07-08,2021-07-20,Not as Described,Resellable,18.2,Processed,Store
RET-00002516,ITM-000034113,CUS-010511,2024-07-02,2024-07-10,Defective Product,Defective,29.31,Processed,Courier
RET-00002517,ITM-000034120,CUS-008892,2021-09-27,2021-09-28,Not as Described,Opened,52.02,Approved,Courier
RET-00002518,ITM-000034177,CUS-010077,2020-05-23,2020-05-28,Wrong Item,Damaged,84.11,Pending,Courier
RET-00002519,ITM-000034178,CUS-010077,2020-06-01,2020-06-03,Not as Described,Damaged,48.5,Approved,Courier
RET-00002520,ITM-000034183,CUS-011791,2020-02-16,2020-02-26,Changed Mind,Defective,82.32,Pending,Courier
RET-00002521,ITM-000034189,CUS-005384,2022-08-05,2022-08-07,Changed Mind,Opened,13.27,Approved,Store
RET-00002522,ITM-000034206,CUS-006233,2026-06-02,2026-06-09,Wrong Item,Resellable,141.29,Pending,Store
RET-00002523,ITM-000034218,CUS-004987,2025-06-19,2025-06-25,Wrong Item,Damaged,85.63,Pending,Store
RET-00002524,ITM-000034254,CUS-002751,2020-12-23,2020-12-28,Wrong Item,Damaged,10.9,Pending,Courier
RET-00002525,ITM-000034255,CUS-011470,2020-12-25,2020-12-26,Changed Mind,Damaged,58.19,Processed,Store
RET-00002526,ITM-000034257,CUS-004085,2024-07-22,2024-07-30,Changed Mind,Resellable,65.02,Processed,Courier
RET-00002527,ITM-000034268,CUS-008118,2022-05-20,2022-05-20,Other,Opened,182.13,Pending,Store
RET-00002528,ITM-000034269,,2024-12-30,2025-01-08,Not as Described,Resellable,181.71,Pending,Store
RET-00002529,ITM-000034274,CUS-006908,2022-03-01,2022-03-06,Size/Fit,Opened,1126.3,Approved,Courier
RET-00002530,ITM-000034277,CUS-003498,2022-09-17,2022-09-25,Changed Mind,Defective,117.24,Approved,Store
RET-00002531,ITM-000034278,CUS-003498,2022-09-18,2022-09-29,Changed Mind,Damaged,59.78,Approved,Courier
RET-00002532,ITM-000034282,CUS-007625,2022-05-23,2022-05-27,Defective Product,Opened,10.46,Pending,Courier
RET-00002533,ITM-000034284,CUS-007672,2022-03-22,2022-03-29,Not as Described,Defective,7.69,Approved,Courier
RET-00002534,ITM-000034288,CUS-000365,2021-11-04,2021-11-15,Damaged Delivery,Defective,23.0,Pending,Courier
RET-00002535,ITM-000034291,CUS-010086,2020-09-13,2020-09-20,,Resellable,130.16,Pending,Store
RET-00002536,ITM-000034294,CUS-005339,2025-11-23,2025-12-01,Defective Product,Opened,31.24,Pending,Store
RET-00002537,ITM-000034333,CUS-002154,2020-07-23,2020-07-31,Not as Described,Damaged,94.42,Processed,Courier
RET-00002538,ITM-000034359,CUS-003976,2021-12-22,2022-01-03,Damaged Delivery,Resellable,155.41,Pending,Store
RET-00002539,ITM-000034362,CUS-009468,2023-05-08,2023-05-09,Defective Product,Damaged,26.28,Approved,Courier
RET-00002540,ITM-000034366,CUS-004143,2024-01-24,2024-01-31,Not as Described,Defective,105.94,Approved,Courier
RET-00002541,ITM-000034367,CUS-004143,2024-01-03,2024-01-14,Not as Described,Opened,578.52,Approved,Courier
RET-00002542,ITM-000034378,CUS-009209,2023-02-22,2023-03-03,Not as Described,Opened,237.12,Pending,Courier
RET-00002543,ITM-000034385,CUS-010879,2024-03-07,2024-03-18,Damaged Delivery,Damaged,44.71,Processed,Store
RET-00002544,ITM-000034391,CUS-009359,2022-06-09,2022-06-18,Defective Product,Opened,29.16,Approved,Courier
RET-00002545,ITM-000034401,CUS-007723,2024-12-02,2024-12-05,Changed Mind,Damaged,47.3,Processed,Store
RET-00002546,ITM-000034427,CUS-003162,2020-08-06,2020-08-11,Wrong Item,Resellable,19.97,Approved,Store
RET-00002547,ITM-000034428,CUS-003162,2020-09-10,2020-09-15,Damaged Delivery,Defective,47.13,Approved,Store
RET-00002548,ITM-000034431,CUS-009878,2026-06-14,2026-06-15,Changed Mind,Resellable,128.64,Processed,Courier
RET-00002549,ITM-000034438,CUS-006206,2022-08-12,2022-08-24,Size/Fit,Defective,113.75,Pending,Store
RET-00002550,ITM-000034444,CUS-009880,2026-07-03,2026-07-03,Changed Mind,Defective,85.2,Pending,Store
RET-00002551,ITM-000034457,CUS-003818,2026-03-05,2026-03-18,Size/Fit,Damaged,15.37,Pending,Store
RET-00002552,ITM-000034472,CUS-009046,2021-06-11,2021-06-12,Size/Fit,Opened,48.5,Pending,Courier
RET-00002553,ITM-000034484,CUS-000223,2026-04-09,2026-04-13,Not as Described,Damaged,86.81,Processed,Store
RET-00002554,ITM-000034485,CUS-000223,2026-04-11,2026-04-18,Changed Mind,Defective,83.48,Pending,Store
RET-00002555,ITM-000034486,CUS-000223,2026-04-27,2026-05-05,Not as Described,Resellable,698.85,Processed,Store
RET-00002556,ITM-000034487,CUS-000223,2026-05-02,2026-05-06,Changed Mind,Opened,76.85,Approved,Courier
RET-00002557,ITM-000034514,CUS-009593,2025-05-22,2025-05-27,Size/Fit,Resellable,62.28,Pending,Store
RET-00002558,ITM-000034537,CUS-010197,2023-11-04,2023-11-06,Not as Described,Damaged,211.61,Processed,Store
RET-00002559,ITM-000034543,CUS-006585,2026-01-18,2026-01-23,Not as Described,Resellable,100.42,Pending,Store
RET-00002560,ITM-000034568,CUS-005379,2024-06-03,2024-06-15,Defective Product,Resellable,115.75,Approved,Store
RET-00002561,ITM-000034575,CUS-001122,2022-10-23,2022-11-02,Changed Mind,Opened,67.15,Pending,Courier
RET-00002562,ITM-000034584,CUS-000422,2025-02-24,2025-03-06,Size/Fit,Opened,89.15,Approved,Store
RET-00002563,ITM-000034586,CUS-000422,2025-03-21,2025-03-26,Wrong Item,Opened,81.25,Approved,Store
RET-00002564,ITM-000034598,CUS-002583,2021-02-21,2021-02-25,Changed Mind,Defective,54.84,Approved,Store
RET-00002565,ITM-000034614,CUS-007675,2022-08-26,2022-09-02,Changed Mind,Damaged,68.86,Processed,Store
RET-00002566,ITM-000034634,CUS-002157,2025-03-15,2025-03-20,Changed Mind,Damaged,36.37,Pending,Courier
RET-00002567,ITM-000034642,CUS-003217,2024-06-03,2024-06-07,Changed Mind,Damaged,138.88,Approved,Courier
RET-00002568,ITM-000034643,CUS-001525,2021-11-17,2021-11-26,Size/Fit,Damaged,144.87,Pending,Courier
RET-00002569,ITM-000034646,CUS-003329,2020-02-20,2020-02-28,Size/Fit,Defective,41.11,Approved,Courier
RET-00002570,ITM-000034664,CUS-000436,2023-07-08,2023-07-08,Size/Fit,Defective,120.64,Processed,Courier
RET-00002571,ITM-000034673,CUS-000560,2025-02-15,2025-02-15,Changed Mind,Defective,151.57,Processed,Courier
RET-00002572,ITM-000034690,CUS-009241,2024-05-02,2024-05-02,Changed Mind,Opened,23.3,Approved,Courier
RET-00002573,ITM-000034691,CUS-009241,2024-05-11,2024-05-13,Size/Fit,Defective,480.38,Approved,Courier
RET-00002574,ITM-000034711,CUS-006495,2022-05-03,2022-05-05,Size/Fit,Damaged,59.64,Pending,Store
RET-00002575,ITM-000034714,CUS-004807,2022-01-31,2022-02-09,Size/Fit,Opened,123.0,Pending,Store
RET-00002576,ITM-000034727,CUS-009270,2026-04-27,2026-05-09,Changed Mind,Damaged,153.61,Pending,Courier
RET-00002577,ITM-000034734,CUS-000117,2026-08-08,2026-08-21,,Defective,211.29,Processed,Courier
RET-00002578,ITM-000034736,CUS-009690,2023-06-19,2023-06-30,Not as Described,Defective,19.85,Approved,Courier
RET-00002579,ITM-000034748,CUS-002531,2020-03-19,2020-03-19,Changed Mind,Resellable,31.31,Approved,Courier
RET-00002580,ITM-000034781,CUS-005395,2020-12-18,2020-12-23,Changed Mind,Damaged,21.91,Pending,Courier
RET-00002581,ITM-000034798,CUS-001206,2025-08-20,2025-08-31,Other,Opened,274.8,Pending,Courier
RET-00002582,ITM-000034801,CUS-002331,2024-11-13,2024-11-26,Changed Mind,Damaged,89.62,Approved,Courier
RET-00002583,ITM-000034809,CUS-004071,2021-11-08,2021-11-13,Size/Fit,Damaged,171.06,Approved,Store
RET-00002584,ITM-000034818,CUS-011158,2020-04-12,2020-04-19,Defective Product,Defective,78.24,Processed,Courier
RET-00002585,ITM-000034820,CUS-002818,2022-04-18,2022-04-27,Defective Product,Resellable,33.92,Pending,Store
RET-00002586,ITM-000034835,CUS-006555,2024-11-15,2024-11-26,Size/Fit,Damaged,119.1,Approved,Courier
RET-00002587,ITM-000034840,CUS-004769,2020-02-27,2020-03-07,Size/Fit,Opened,72.64,Pending,Courier
RET-00002588,ITM-000034842,CUS-000915,2021-05-10,2021-05-12,Defective Product,Defective,41.8,Pending,Courier
RET-00002589,ITM-000034852,CUS-004058,2025-12-26,2026-01-03,Not as Described,Resellable,40.42,Approved,Courier
RET-00002590,ITM-000034853,CUS-004058,2025-12-13,2025-12-22,Not as Described,Opened,87.86,Pending,Store
RET-00002591,ITM-000034864,CUS-007819,2022-05-26,2022-05-29,Changed Mind,Resellable,74.0,Pending,Courier
RET-00002592,ITM-000034881,CUS-007895,2021-10-03,2021-10-12,Not as Described,Defective,76.85,Pending,Courier
RET-00002593,ITM-000034890,CUS-008765,2022-10-08,2022-10-09,Not as Described,Resellable,107.54,Approved,Courier
RET-00002594,ITM-000034908,CUS-001604,2025-06-09,2025-06-16,Defective Product,Resellable,74.42,Processed,Courier
RET-00002595,ITM-000034910,CUS-006338,2021-03-17,2021-03-25,,Defective,47.61,Pending,Courier
RET-00002596,ITM-000034939,,2025-09-16,2025-09-18,Changed Mind,Damaged,69.93,Processed,Courier
RET-00002597,ITM-000034952,CUS-006454,2021-06-03,2021-06-15,Size/Fit,Opened,19.85,Approved,Courier
RET-00002598,ITM-000034953,,2020-01-23,2020-02-04,Other,Defective,31.64,Processed,Store
RET-00002599,ITM-000034983,CUS-008823,2021-10-12,2021-10-15,Changed Mind,Resellable,42.52,Processed,Store
RET-00002600,ITM-000034984,CUS-007494,2020-09-29,2020-10-06,Changed Mind,Defective,26.58,Pending,Courier
RET-00002601,ITM-000034999,CUS-009935,2023-06-19,2023-06-19,Not as Described,Resellable,59.64,Approved,Courier
RET-00002602,ITM-000035017,CUS-005735,2021-08-27,2021-08-31,Size/Fit,Opened,107.54,Approved,Courier
RET-00002603,ITM-000035019,CUS-004082,2026-01-08,2026-01-15,Wrong Item,Resellable,71.22,Processed,Store
RET-00002604,ITM-000035023,CUS-003034,2025-11-08,2025-11-18,Defective Product,Defective,75.28,Pending,Courier
RET-00002605,ITM-000035024,CUS-006667,2025-04-26,2025-04-28,Defective Product,Damaged,187.11,Approved,Store
RET-00002606,ITM-000035030,CUS-002792,2024-03-04,2024-03-06,Not as Described,Defective,75.57,Approved,Store
RET-00002607,ITM-000035043,CUS-008338,2024-09-03,2024-09-11,Changed Mind,Resellable,75.37,Processed,Courier
RET-00002608,ITM-000035044,CUS-000762,2021-09-20,2021-09-25,,Resellable,49.92,Approved,Store
RET-00002609,ITM-000035091,CUS-002787,2020-12-04,2020-12-13,Damaged Delivery,Defective,15.54,Approved,Store
RET-00002610,ITM-000035118,CUS-003048,2022-08-28,2022-08-28,Damaged Delivery,Defective,15.53,Processed,Store
RET-00002611,ITM-000035136,CUS-001477,2020-09-27,2020-10-01,,Opened,80.29,Pending,Store
RET-00002612,ITM-000035148,,2024-01-23,2024-01-27,Wrong Item,Defective,74.14,Pending,Store
RET-00002613,ITM-000035149,,2024-01-18,2024-01-31,Defective Product,Resellable,60.12,Pending,Store
RET-00002614,ITM-000035161,CUS-006252,2023-01-29,2023-02-04,Size/Fit,Damaged,19.57,Processed,Courier
RET-00002615,ITM-000035172,CUS-003175,2026-02-22,2026-03-06,Changed Mind,Opened,54.73,Processed,Courier
RET-00002616,ITM-000035173,CUS-011956,2025-08-25,2025-09-06,Defective Product,Opened,201.45,Approved,Store
RET-00002617,ITM-000035191,CUS-000134,2024-01-12,2024-01-12,Changed Mind,Opened,138.59,Approved,Courier
RET-00002618,ITM-000035194,CUS-011683,2022-06-16,2022-06-18,Size/Fit,Defective,289.26,Approved,Courier
RET-00002619,ITM-000035210,CUS-000360,2026-05-01,2026-05-06,Changed Mind,Defective,74.74,Pending,Courier
RET-00002620,ITM-000035240,CUS-007649,2023-08-30,2023-09-06,Changed Mind,Opened,41.49,Approved,Courier
RET-00002621,ITM-000035248,CUS-011723,2020-03-13,2020-03-16,Changed Mind,Damaged,19.88,Approved,Courier
RET-00002622,ITM-000035263,CUS-010699,2023-06-12,2023-06-14,Not as Described,Resellable,94.42,Approved,Store
RET-00002623,ITM-000035287,CUS-003252,2025-09-30,2025-10-10,Not as Described,Opened,176.2,Processed,Store
RET-00002624,ITM-000035306,CUS-002267,2022-05-31,2022-06-05,Size/Fit,Defective,132.52,Pending,Courier
RET-00002625,ITM-000035315,CUS-011450,2023-05-21,2023-05-30,Damaged Delivery,Opened,64.98,Processed,Store
RET-00002626,ITM-000035342,,2021-08-05,2021-08-18,Not as Described,Opened,47.43,Approved,Store
RET-00002627,ITM-000035345,CUS-004925,2023-08-22,2023-08-24,Not as Described,Opened,85.43,Approved,Courier
RET-00002628,ITM-000035356,CUS-004216,2025-10-31,2025-11-11,Not as Described,Opened,164.15,Processed,Courier
RET-00002629,ITM-000035359,CUS-003789,2026-07-04,2026-07-06,Changed Mind,Opened,12.17,Approved,Courier
RET-00002630,ITM-000035382,CUS-009343,2024-12-18,2024-12-20,Defective Product,Damaged,68.83,Approved,Courier
RET-00002631,ITM-000035383,CUS-011644,2023-07-25,2023-07-27,Not as Described,Resellable,68.69,Approved,Store
RET-00002632,ITM-000035386,CUS-008317,2021-05-08,2021-05-19,Changed Mind,Resellable,27.42,Processed,Courier
RET-00002633,ITM-000035397,CUS-007777,2025-06-04,2025-06-13,Defective Product,Damaged,81.25,Processed,Courier
RET-00002634,ITM-000035400,CUS-007567,2023-01-25,2023-01-25,Not as Described,Resellable,242.98,Pending,Store
RET-00002635,ITM-000035416,CUS-006295,2023-08-10,2023-08-19,Not as Described,Defective,94.8,Pending,Store
RET-00002636,ITM-000035422,CUS-007128,2024-05-08,2024-05-16,Changed Mind,Damaged,84.78,Approved,Courier
RET-00002637,ITM-000035452,CUS-010267,2023-10-17,2023-10-17,Size/Fit,Opened,125.59,Approved,Courier
RET-00002638,ITM-000035474,,2024-01-30,2024-02-01,Changed Mind,Defective,131.09,Approved,Store
RET-00002639,ITM-000035480,CUS-002435,2026-04-09,2026-04-12,Changed Mind,Opened,249.78,Processed,Courier
RET-00002640,ITM-000035490,CUS-007250,2021-12-27,2022-01-06,Size/Fit,Damaged,533.76,Approved,Courier
RET-00002641,ITM-000035512,CUS-008221,2021-09-04,2021-09-09,Not as Described,Opened,147.8,Pending,Courier
RET-00002642,ITM-000035515,CUS-004736,2022-08-06,2022-08-09,Damaged Delivery,Opened,20.91,Pending,Store
RET-00002643,ITM-000035520,CUS-000759,2022-06-22,2022-06-23,Changed Mind,Resellable,66.03,Pending,Courier
RET-00002644,ITM-000035543,CUS-000230,2023-10-08,2023-10-21,Defective Product,Damaged,31.34,Processed,Courier
RET-00002645,ITM-000035565,CUS-007734,2023-02-17,2023-03-01,Changed Mind,Damaged,26.87,Approved,Courier
RET-00002646,ITM-000035584,CUS-006163,2025-07-03,2025-07-04,Changed Mind,Damaged,25.3,Processed,Courier
RET-00002647,ITM-000035585,CUS-006163,2025-07-07,2025-07-15,Changed Mind,Defective,56.6,Approved,Store
RET-00002648,ITM-000035598,CUS-005363,2025-02-11,2025-02-24,,Damaged,233.42,Approved,Courier
RET-00002649,ITM-000035608,CUS-006748,2022-12-08,2022-12-11,Size/Fit,Defective,38.16,Pending,Courier
RET-00002650,ITM-000035624,CUS-008274,2023-04-28,2023-05-04,Defective Product,Defective,109.12,Pending,Store
RET-00002651,ITM-000035628,CUS-000020,2022-08-17,2022-08-21,Changed Mind,Opened,256.98,Pending,Courier
RET-00002652,ITM-000035640,,2022-02-26,2022-02-28,Changed Mind,Opened,92.97,Pending,Store
RET-00002653,ITM-000035643,CUS-001721,2023-12-22,2023-12-23,Size/Fit,Opened,211.61,Processed,Courier
RET-00002654,ITM-000035644,CUS-001721,2023-12-06,2023-12-18,Not as Described,Opened,49.92,Pending,Courier
RET-00002655,ITM-000035672,CUS-000707,2021-01-30,2021-02-01,Size/Fit,Damaged,25.86,Approved,Courier
RET-00002656,ITM-000035674,CUS-009604,2024-09-09,2024-09-12,Damaged Delivery,Resellable,48.98,Processed,Store
RET-00002657,ITM-000035687,CUS-011774,2025-04-25,2025-05-06,Defective Product,Resellable,119.79,Processed,Store
RET-00002658,ITM-000035689,CUS-008679,2020-06-02,2020-06-06,,Defective,10.29,Approved,Courier
RET-00002659,ITM-000035692,CUS-005721,2022-08-16,2022-08-28,Size/Fit,Opened,85.03,Approved,Courier
RET-00002660,ITM-000035698,CUS-000160,2025-11-29,2025-12-11,Damaged Delivery,Defective,93.69,Pending,Courier
RET-00002661,ITM-000035704,CUS-006465,2026-01-08,2026-01-21,Size/Fit,Opened,80.37,Processed,Courier
RET-00002662,ITM-000035720,,2025-09-11,2025-09-13,Size/Fit,Damaged,38.45,Pending,Store
RET-00002663,ITM-000035754,CUS-003703,2025-06-24,2025-07-06,Wrong Item,Opened,71.62,Pending,Courier
RET-00002664,ITM-000035768,CUS-011483,2021-07-08,2021-07-21,,Resellable,83.46,Approved,Courier
RET-00002665,ITM-000035794,,2026-02-18,2026-02-26,Defective Product,Defective,56.78,Approved,Store
RET-00002666,ITM-000035810,CUS-001676,2025-01-20,2025-01-31,Changed Mind,Opened,32.37,Approved,Courier
RET-00002667,ITM-000035816,CUS-002675,2021-04-23,2021-05-06,Wrong Item,Resellable,16.8,Approved,Store
RET-00002668,ITM-000035821,CUS-001432,2022-11-29,2022-12-07,Changed Mind,Opened,16.65,Approved,Store
RET-00002669,ITM-000035830,CUS-004999,2020-05-02,2020-05-15,Size/Fit,Opened,62.39,Approved,Store
RET-00002670,ITM-000035836,CUS-009752,2025-07-14,2025-07-15,Wrong Item,Defective,15.04,Approved,Courier
RET-00002671,ITM-000035842,CUS-002793,2022-04-26,2022-04-28,Defective Product,Opened,546.6,Approved,Store
RET-00002672,ITM-000035861,CUS-005981,2026-02-15,2026-02-20,Defective Product,Opened,25.75,Pending,Store
RET-00002673,ITM-000035877,,2022-06-13,2022-06-17,Size/Fit,Damaged,109.26,Processed,Store
RET-00002674,ITM-000035884,CUS-008888,2020-08-24,2020-08-25,Defective Product,Damaged,561.22,Pending,Courier
RET-00002675,ITM-000035890,CUS-004961,2020-05-14,2020-05-23,Not as Described,Damaged,228.81,Processed,Store
RET-00002676,ITM-000035912,CUS-009561,2020-05-08,2020-05-12,Size/Fit,Opened,34.85,Processed,Store
RET-00002677,ITM-000035950,CUS-011331,2021-01-16,2021-01-16,Defective Product,Opened,32.74,Approved,Store
RET-00002678,ITM-000035952,,2021-10-08,2021-10-17,Size/Fit,Resellable,341.98,Approved,Courier
RET-00002679,ITM-000035955,CUS-009501,2020-05-23,2020-06-01,Damaged Delivery,Resellable,236.13,Pending,Store
RET-00002680,ITM-000035967,CUS-008473,2021-08-07,2021-08-15,Size/Fit,Opened,105.66,Pending,Courier
RET-00002681,ITM-000035972,CUS-001994,2025-12-14,2025-12-19,Changed Mind,Resellable,95.18,Approved,Courier
RET-00002682,ITM-000036004,CUS-006999,2020-08-08,2020-08-18,Other,Defective,98.58,Pending,Courier
RET-00002683,ITM-000036008,CUS-000304,2021-07-25,2021-07-27,Changed Mind,Damaged,67.27,Pending,Courier
RET-00002684,ITM-000036010,CUS-000304,2021-07-04,2021-07-10,Damaged Delivery,Resellable,377.17,Approved,Courier
RET-00002685,ITM-000036015,CUS-009793,2024-02-26,2024-03-08,Size/Fit,Damaged,47.21,Pending,Courier
RET-00002686,ITM-000036032,CUS-008599,2026-08-28,2026-09-08,Size/Fit,Defective,70.72,Processed,Courier
RET-00002687,ITM-000036038,CUS-000124,2026-05-21,2026-06-02,Wrong Item,Defective,22.73,Approved,Store
RET-00002688,ITM-000036041,CUS-008752,2026-01-29,2026-01-30,Size/Fit,Opened,45.43,Pending,Courier
RET-00002689,ITM-000036054,CUS-004725,2023-12-08,2023-12-20,Changed Mind,Defective,13.54,Approved,Courier
RET-00002690,ITM-000036069,CUS-001896,2025-06-06,2025-06-10,Changed Mind,Resellable,471.91,Pending,Courier
RET-00002691,ITM-000036109,CUS-011681,2025-10-03,2025-10-14,Defective Product,Defective,119.95,Approved,Store
RET-00002692,ITM-000036116,CUS-002032,2021-03-26,2021-04-03,,Defective,52.05,Pending,Store
RET-00002693,ITM-000036130,CUS-010151,2020-11-20,2020-11-29,Changed Mind,Damaged,100.83,Approved,Store
RET-00002694,ITM-000036135,CUS-004333,2021-08-30,2021-09-07,Defective Product,Resellable,110.89,Pending,Store
RET-00002695,ITM-000036141,CUS-004218,2021-07-09,2021-07-18,Size/Fit,Damaged,157.3,Processed,Courier
RET-00002696,ITM-000036152,,2023-02-07,2023-02-08,Not as Described,Damaged,12.96,Approved,Courier
RET-00002697,ITM-000036175,CUS-006300,2022-06-27,2022-07-05,Damaged Delivery,Damaged,69.62,Processed,Courier
RET-00002698,ITM-000036176,CUS-006300,2022-07-30,2022-08-06,Changed Mind,Opened,120.11,Processed,Store
RET-00002699,ITM-000036185,CUS-001446,2024-02-15,2024-02-23,Defective Product,Resellable,63.89,Approved,Courier
RET-00002700,ITM-000036212,CUS-006039,2024-03-22,2024-03-27,Not as Described,Opened,23.79,Pending,Courier
RET-00002701,ITM-000036246,CUS-006810,2024-07-09,2024-07-11,Changed Mind,Opened,336.39,Approved,Courier
RET-00002702,ITM-000036249,CUS-010723,2023-01-10,2023-01-10,Size/Fit,Opened,58.41,Approved,Store
RET-00002703,ITM-000036266,CUS-005572,2021-01-22,2021-02-03,Wrong Item,Defective,84.74,Processed,Courier
RET-00002704,ITM-000036272,CUS-011406,2021-01-22,2021-01-24,Defective Product,Resellable,54.41,Pending,Store
RET-00002705,ITM-000036284,CUS-004531,2021-12-22,2021-12-23,Defective Product,Opened,31.39,Pending,Store
RET-00002706,ITM-000036288,CUS-010280,2023-04-10,2023-04-18,Size/Fit,Resellable,10.72,Pending,Courier
RET-00002707,ITM-000036299,CUS-009256,2020-03-16,2020-03-17,Not as Described,Defective,109.54,Pending,Store
RET-00002708,ITM-000036305,CUS-002663,2023-01-10,2023-01-12,Defective Product,Opened,148.29,Approved,Courier
RET-00002709,ITM-000036316,CUS-001216,2025-06-17,2025-06-22,Defective Product,Damaged,67.23,Processed,Courier
RET-00002710,ITM-000036318,CUS-001216,2025-07-13,2025-07-13,Changed Mind,Opened,35.45,Processed,Courier
RET-00002711,ITM-000036320,CUS-008944,2026-03-10,2026-03-21,Defective Product,Defective,94.63,Processed,Store
RET-00002712,ITM-000036335,CUS-010516,2020-06-11,2020-06-22,,Opened,72.74,Pending,Courier
RET-00002713,ITM-000036340,CUS-011022,2025-03-27,2025-04-03,Defective Product,Defective,26.34,Approved,Courier
RET-00002714,ITM-000036354,CUS-006983,2020-06-29,2020-07-09,Defective Product,Defective,239.19,Processed,Courier
RET-00002715,ITM-000036356,CUS-006458,2024-07-10,2024-07-17,Changed Mind,Damaged,98.99,Approved,Store
RET-00002716,ITM-000036365,CUS-004772,2021-10-20,2021-10-30,Defective Product,Damaged,180.26,Approved,Store
RET-00002717,ITM-000036378,CUS-010413,2022-10-05,2022-10-06,Damaged Delivery,Resellable,43.55,Pending,Courier
RET-00002718,ITM-000036385,CUS-009150,2022-12-22,2022-12-25,Not as Described,Damaged,96.79,Processed,Courier
RET-00002719,ITM-000036393,CUS-006916,2023-07-01,2023-07-11,Changed Mind,Defective,97.5,Approved,Courier
RET-00002720,ITM-000036415,CUS-007344,2026-07-29,2026-08-01,Changed Mind,Opened,80.29,Pending,Courier
RET-00002721,ITM-000036416,CUS-010162,2023-08-11,2023-08-16,Wrong Item,Defective,87.2,Pending,Courier
RET-00002722,ITM-000036418,CUS-006402,2024-07-19,2024-07-28,Size/Fit,Resellable,59.05,Processed,Store
RET-00002723,ITM-000036432,CUS-002619,2025-09-30,2025-10-05,Changed Mind,Damaged,22.25,Approved,Courier
RET-00002724,ITM-000036486,CUS-005166,2024-05-18,2024-05-25,Changed Mind,Resellable,120.11,Processed,Store
RET-00002725,ITM-000036504,CUS-010118,2025-10-04,2025-10-12,Size/Fit,Opened,34.46,Approved,Store
RET-00002726,ITM-000036513,CUS-002770,2020-10-15,2020-10-22,Wrong Item,Resellable,134.47,Approved,Courier
RET-00002727,ITM-000036516,CUS-005850,2024-11-12,2024-11-12,,Defective,121.75,Processed,Courier
RET-00002728,ITM-000036530,CUS-009257,2024-06-12,2024-06-23,Changed Mind,Resellable,266.88,Processed,Courier
RET-00002729,ITM-000036532,CUS-008991,2023-02-22,2023-02-28,Wrong Item,Defective,27.2,Approved,Store
RET-00002730,ITM-000036536,CUS-009607,2024-05-23,2024-05-31,Wrong Item,Damaged,232.46,Processed,Store
RET-00002731,ITM-000036552,CUS-007057,2023-04-24,2023-05-06,Size/Fit,Resellable,130.03,Pending,Courier
RET-00002732,ITM-000036570,CUS-003511,2023-12-10,2023-12-11,Changed Mind,Resellable,95.82,Pending,Courier
RET-00002733,ITM-000036572,CUS-004270,2025-05-30,2025-06-05,Damaged Delivery,Resellable,45.99,Approved,Courier
RET-00002734,ITM-000036576,CUS-009499,2020-10-08,2020-10-14,Defective Product,Opened,117.29,Pending,Store
RET-00002735,ITM-000036585,CUS-010632,2022-04-23,2022-05-03,Changed Mind,Damaged,167.39,Processed,Courier
RET-00002736,ITM-000036589,CUS-006793,2026-03-10,2026-03-20,Changed Mind,Resellable,223.16,Pending,Store
RET-00002737,ITM-000036595,CUS-002673,2022-01-13,2022-01-22,Not as Described,Damaged,64.23,Pending,Store
RET-00002738,ITM-000036649,CUS-001571,2021-10-01,2021-10-02,Defective Product,Damaged,37.28,Approved,Courier
RET-00002739,ITM-000036650,CUS-001571,2021-09-28,2021-10-02,Defective Product,Opened,36.8,Approved,Store
RET-00002740,ITM-000036706,CUS-008831,2025-10-20,2025-11-02,Changed Mind,Resellable,110.47,Processed,Store
RET-00002741,ITM-000036716,CUS-009412,2023-07-26,2023-07-29,Defective Product,Resellable,14.23,Pending,Courier
RET-00002742,ITM-000036721,CUS-001176,2026-08-01,2026-08-03,Not as Described,Damaged,40.42,Approved,Courier
RET-00002743,ITM-000036724,CUS-001157,2023-07-27,2023-07-27,Size/Fit,Defective,231.52,Pending,Store
RET-00002744,ITM-000036740,CUS-010970,2026-02-05,2026-02-06,Damaged Delivery,Resellable,555.07,Approved,Courier
RET-00002745,ITM-000036742,CUS-007847,2021-12-12,2021-12-18,Changed Mind,Defective,391.92,Pending,Courier
RET-00002746,ITM-000036743,CUS-007847,2021-12-28,2021-12-31,Not as Described,Defective,42.82,Pending,Courier
RET-00002747,ITM-000036752,CUS-009384,2023-10-13,2023-10-14,Not as Described,Damaged,80.85,Processed,Store
RET-00002748,ITM-000036772,CUS-002572,2022-12-25,2022-12-29,Size/Fit,Damaged,175.46,Pending,Store
RET-00002749,ITM-000036806,CUS-008427,2026-05-06,2026-05-11,Damaged Delivery,Damaged,14.05,Processed,Courier
RET-00002750,ITM-000036812,CUS-004033,2025-03-22,2025-03-29,Defective Product,Damaged,10.89,Approved,Courier
RET-00002751,ITM-000036858,CUS-004127,2020-07-15,2020-07-28,Changed Mind,Opened,42.85,Pending,Courier
RET-00002752,ITM-000036864,CUS-002652,2022-01-17,2022-01-26,Damaged Delivery,Damaged,77.7,Processed,Courier
RET-00002753,ITM-000036877,CUS-007478,2025-09-27,2025-09-29,Not as Described,Defective,269.08,Processed,Courier
RET-00002754,ITM-000036887,CUS-001525,2025-12-03,2025-12-10,Not as Described,Resellable,218.52,Processed,Store
RET-00002755,ITM-000036889,CUS-001525,2025-12-11,2025-12-14,Size/Fit,Resellable,7.34,Approved,Store
RET-00002756,ITM-000036892,CUS-010977,2026-03-23,2026-03-28,Defective Product,Defective,219.08,Pending,Courier
RET-00002757,ITM-000036899,CUS-001953,2020-09-04,2020-09-04,Size/Fit,Defective,109.12,Approved,Courier
RET-00002758,ITM-000036932,CUS-000067,2020-02-27,2020-03-10,Defective Product,Damaged,36.26,Pending,Courier
RET-00002759,ITM-000036952,CUS-006186,2023-11-04,2023-11-15,Wrong Item,Damaged,85.63,Pending,Courier
RET-00002760,ITM-000036959,CUS-009335,2024-09-12,2024-09-20,Damaged Delivery,Defective,15.53,Processed,Store
RET-00002761,ITM-000036963,CUS-003470,2026-01-22,2026-01-23,,Damaged,28.46,Processed,Store
RET-00002762,ITM-000036967,CUS-010208,2024-07-29,2024-08-03,Not as Described,Opened,80.3,Approved,Courier
RET-00002763,ITM-000036973,CUS-011776,2024-09-09,2024-09-15,Other,Opened,14.31,Approved,Store
RET-00002764,ITM-000036987,CUS-009662,2025-05-11,2025-05-11,Defective Product,Opened,55.3,Processed,Store
RET-00002765,ITM-000037003,CUS-011155,2024-07-03,2024-07-09,Not as Described,Defective,45.3,Pending,Courier
RET-00002766,ITM-000037004,CUS-011234,2022-06-15,2022-06-26,Size/Fit,Opened,423.22,Processed,Courier
RET-00002767,ITM-000037009,CUS-003799,2022-09-19,2022-09-25,Changed Mind,Damaged,64.77,Processed,Courier
RET-00002768,ITM-000037010,CUS-009620,2022-12-22,2022-12-26,Size/Fit,Resellable,33.28,Pending,Store
RET-00002769,ITM-000037051,CUS-005985,2025-07-02,2025-07-06,Changed Mind,Resellable,38.03,Pending,Store
RET-00002770,ITM-000037056,CUS-011159,2021-10-20,2021-11-02,Not as Described,Defective,65.6,Pending,Store
RET-00002771,ITM-000037076,CUS-002889,2024-05-07,2024-05-09,Not as Described,Damaged,58.62,Processed,Courier
RET-00002772,ITM-000037078,CUS-010275,2021-04-16,2021-04-29,,Resellable,87.12,Processed,Store
RET-00002773,ITM-000037086,CUS-011778,2024-06-23,2024-06-23,Not as Described,Opened,93.56,Approved,Courier
RET-00002774,ITM-000037112,CUS-007024,2023-03-30,2023-04-06,Size/Fit,Damaged,74.47,Approved,Courier
RET-00002775,ITM-000037122,CUS-006415,2020-04-19,2020-05-02,Changed Mind,Damaged,12.79,Processed,Courier
RET-00002776,ITM-000037133,CUS-004186,2025-11-14,2025-11-19,Defective Product,Damaged,1025.94,Approved,Store
RET-00002777,ITM-000037142,CUS-009263,2023-04-23,2023-05-06,Size/Fit,Resellable,39.39,Pending,Store
RET-00002778,ITM-000037144,CUS-009553,2026-02-05,2026-02-14,Defective Product,Damaged,46.91,Pending,Courier
RET-00002779,ITM-000037146,CUS-005505,2025-03-20,2025-03-20,Changed Mind,Defective,81.28,Approved,Store
RET-00002780,ITM-000037185,CUS-001348,2022-05-15,2022-05-27,Defective Product,Defective,23.41,Approved,Courier
RET-00002781,ITM-000037191,CUS-007888,2023-06-04,2023-06-10,Damaged Delivery,Resellable,98.62,Processed,Store
RET-00002782,ITM-000037208,CUS-008145,2021-11-16,2021-11-24,Not as Described,Opened,99.23,Processed,Store
RET-00002783,ITM-000037241,CUS-005275,2020-06-11,2020-06-11,,Damaged,111.1,Pending,Courier
RET-00002784,ITM-000037266,CUS-004938,2025-09-14,2025-09-20,Damaged Delivery,Opened,44.29,Pending,Courier
RET-00002785,ITM-000037274,CUS-001569,2025-11-22,2025-12-02,Size/Fit,Defective,72.48,Approved,Store
RET-00002786,ITM-000037283,CUS-003624,2022-05-08,2022-05-19,Size/Fit,Defective,148.94,Processed,Store
RET-00002787,ITM-000037296,CUS-007822,2025-05-30,2025-06-11,Not as Described,Resellable,74.68,Pending,Store
RET-00002788,ITM-000037312,CUS-002917,2023-09-14,2023-09-19,Changed Mind,Damaged,56.52,Processed,Courier
RET-00002789,ITM-000037318,CUS-001279,2020-11-15,2020-11-15,Defective Product,Resellable,421.86,Pending,Courier
RET-00002790,ITM-000037325,CUS-011663,2020-07-06,2020-07-08,Other,Damaged,32.64,Processed,Courier
RET-00002791,ITM-000037328,CUS-005246,2023-01-22,2023-01-25,Changed Mind,Damaged,22.3,Processed,Store
RET-00002792,ITM-000037343,CUS-000931,2025-10-07,2025-10-13,Changed Mind,Defective,41.47,Processed,Courier
RET-00002793,ITM-000037381,CUS-007548,2024-05-16,2024-05-29,Damaged Delivery,Defective,160.8,Processed,Store
RET-00002794,ITM-000037384,CUS-002957,2023-05-08,2023-05-11,Changed Mind,Resellable,51.37,Pending,Courier
RET-00002795,ITM-000037395,CUS-004605,2025-08-01,2025-08-13,Wrong Item,Opened,214.4,Pending,Courier
RET-00002796,ITM-000037410,CUS-004269,2020-06-01,2020-06-11,Not as Described,Damaged,42.81,Pending,Courier
RET-00002797,ITM-000037429,CUS-011671,2022-10-29,2022-10-31,Size/Fit,Opened,79.33,Approved,Store
RET-00002798,ITM-000037467,CUS-000121,2024-11-20,2024-11-28,Changed Mind,Resellable,93.51,Pending,Courier
RET-00002799,ITM-000037472,CUS-008383,2025-12-11,2025-12-11,Not as Described,Resellable,32.28,Approved,Courier
RET-00002800,ITM-000037473,CUS-008383,2026-01-02,2026-01-06,Changed Mind,Defective,89.59,Processed,Courier
RET-00002801,ITM-000037485,CUS-002697,2022-05-30,2022-06-05,Not as Described,Resellable,200.83,Processed,Store
RET-00002802,ITM-000037499,CUS-010460,2022-01-19,2022-01-23,,Opened,165.71,Processed,Courier
RET-00002803,ITM-000037512,,2025-02-08,2025-02-18,Changed Mind,Defective,108.64,Approved,Store
RET-00002804,ITM-000037515,CUS-011157,2020-02-20,2020-02-25,Wrong Item,Opened,35.4,Pending,Courier
RET-00002805,ITM-000037538,CUS-007613,2022-05-15,2022-05-22,Size/Fit,Damaged,73.46,Processed,Store
RET-00002806,ITM-000037543,CUS-003041,2026-09-30,2026-10-01,Changed Mind,Resellable,82.28,Approved,Courier
RET-00002807,ITM-000037548,CUS-009350,2024-08-20,2024-09-01,Changed Mind,Opened,41.65,Processed,Courier
RET-00002808,ITM-000037554,CUS-006324,2023-02-01,2023-02-01,Changed Mind,Defective,36.37,Approved,Courier
RET-00002809,ITM-000037574,CUS-004860,2024-07-24,2024-07-31,Changed Mind,Opened,90.86,Pending,Store
RET-00002810,ITM-000037587,CUS-005141,2022-06-24,2022-06-30,Changed Mind,Resellable,42.82,Processed,Store
RET-00002811,ITM-000037591,CUS-008804,2024-01-09,2024-01-17,Changed Mind,Opened,19.88,Pending,Courier
RET-00002812,ITM-000037593,CUS-008804,2024-01-17,2024-01-23,Changed Mind,Opened,82.08,Approved,Courier
RET-00002813,ITM-000037618,CUS-000353,2021-10-06,2021-10-13,Defective Product,Damaged,264.0,Approved,Courier
RET-00002814,ITM-000037632,CUS-006787,2026-07-16,2026-07-20,Not as Described,Defective,82.25,Pending,Courier
RET-00002815,ITM-000037638,CUS-008567,2026-06-01,2026-06-11,Size/Fit,Defective,66.18,Pending,Store
RET-00002816,ITM-000037641,CUS-005844,2025-06-16,2025-06-19,Defective Product,Defective,82.0,Approved,Courier
RET-00002817,ITM-000037653,CUS-009029,2023-12-12,2023-12-20,Defective Product,Resellable,162.06,Approved,Store
RET-00002818,ITM-000037654,CUS-004714,2025-07-22,2025-08-04,Not as Described,Resellable,50.25,Approved,Courier
RET-00002819,ITM-000037663,CUS-006255,2020-02-26,2020-03-03,Changed Mind,Defective,94.9,Processed,Store
RET-00002820,ITM-000037673,CUS-001304,2022-07-24,2022-07-30,Changed Mind,Opened,25.76,Approved,Courier
RET-00002821,ITM-000037691,CUS-010211,2020-09-19,2020-09-26,Defective Product,Opened,260.88,Approved,Courier
RET-00002822,ITM-000037735,CUS-002791,2024-04-12,2024-04-22,Wrong Item,Defective,83.29,Approved,Courier
RET-00002823,ITM-000037745,CUS-011603,2025-09-08,2025-09-20,Damaged Delivery,Resellable,48.98,Approved,Courier
RET-00002824,ITM-000037749,CUS-006700,2023-10-11,2023-10-17,Size/Fit,Defective,43.6,Processed,Store
RET-00002825,ITM-000037757,CUS-007338,2022-02-11,2022-02-19,Defective Product,Damaged,472.84,Pending,Store
RET-00002826,ITM-000037770,CUS-009526,2026-04-21,2026-04-29,Not as Described,Damaged,29.53,Approved,Courier
RET-00002827,ITM-000037773,CUS-000202,2024-06-13,2024-06-22,Size/Fit,Opened,61.17,Processed,Courier
RET-00002828,ITM-000037805,CUS-003994,2021-06-26,2021-07-08,Changed Mind,Defective,113.56,Processed,Courier
RET-00002829,ITM-000037816,,2025-12-30,2026-01-06,Changed Mind,Damaged,35.09,Processed,Store
RET-00002830,ITM-000037827,CUS-005704,2024-12-01,2024-12-04,Changed Mind,Opened,41.2,Approved,Courier
RET-00002831,ITM-000037831,CUS-004768,2024-04-07,2024-04-10,Not as Described,Resellable,117.24,Processed,Store
RET-00002832,ITM-000037850,CUS-009221,2022-08-22,2022-09-02,Changed Mind,Resellable,52.14,Processed,Store
RET-00002833,ITM-000037852,CUS-007426,2026-01-13,2026-01-24,Not as Described,Defective,152.9,Processed,Courier
RET-00002834,ITM-000037923,CUS-004279,2020-04-15,2020-04-17,Defective Product,Resellable,334.74,Processed,Courier
RET-00002835,ITM-000037926,CUS-005880,2020-01-10,2020-01-20,Size/Fit,Defective,74.75,Processed,Courier
RET-00002836,ITM-000037938,CUS-010260,2023-10-29,2023-11-01,Size/Fit,Damaged,15.74,Pending,Store
RET-00002837,ITM-000037977,CUS-010112,2025-02-02,2025-02-13,Size/Fit,Opened,102.39,Approved,Courier
RET-00002838,ITM-000037978,CUS-010112,2025-01-24,2025-01-28,Changed Mind,Opened,167.5,Processed,Courier
RET-00002839,ITM-000038004,,2021-12-01,2021-12-03,Changed Mind,Resellable,97.73,Processed,Courier
RET-00002840,ITM-000038006,CUS-006788,2026-06-02,2026-06-06,Changed Mind,Resellable,125.19,Pending,Store
RET-00002841,ITM-000038016,CUS-005472,2026-02-03,2026-02-08,Other,Opened,61.27,Processed,Courier
RET-00002842,ITM-000038020,CUS-004565,2022-01-12,2022-01-13,Not as Described,Damaged,22.77,Processed,Store
RET-00002843,ITM-000038026,CUS-001508,2022-01-25,2022-01-26,Defective Product,Damaged,22.05,Processed,Courier
RET-00002844,ITM-000038027,CUS-000181,2026-04-27,2026-04-29,Defective Product,Resellable,134.3,Approved,Courier
RET-00002845,ITM-000038028,CUS-005590,2021-02-24,2021-02-25,Changed Mind,Opened,66.09,Pending,Courier
RET-00002846,ITM-000038033,CUS-009750,2023-02-28,2023-03-08,Defective Product,Damaged,99.17,Pending,Courier
RET-00002847,ITM-000038045,CUS-011151,2023-01-22,2023-02-03,Defective Product,Defective,26.9,Processed,Courier
RET-00002848,ITM-000038057,CUS-005488,2024-07-16,2024-07-24,Size/Fit,Resellable,56.6,Approved,Courier
RET-00002849,ITM-000038059,CUS-005488,2024-07-23,2024-07-26,Defective Product,Damaged,59.26,Pending,Store
RET-00002850,ITM-000038060,CUS-005488,2024-08-15,2024-08-19,Wrong Item,Damaged,262.81,Processed,Store
RET-00002851,ITM-000038070,CUS-001997,2021-02-16,2021-02-24,Changed Mind,Damaged,103.4,Processed,Courier
RET-00002852,ITM-000038079,CUS-008455,2023-10-20,2023-10-22,Defective Product,Damaged,61.01,Approved,Store
RET-00002853,ITM-000038090,CUS-002040,2023-08-31,2023-09-04,Defective Product,Defective,17.7,Approved,Store
RET-00002854,ITM-000038111,CUS-011322,2024-06-19,2024-06-30,Damaged Delivery,Resellable,181.38,Approved,Courier
RET-00002855,ITM-000038167,CUS-009473,2023-03-10,2023-03-12,Not as Described,Opened,102.83,Approved,Courier
RET-00002856,ITM-000038200,CUS-005786,2022-05-09,2022-05-09,Size/Fit,Defective,45.19,Processed,Store
RET-00002857,ITM-000038211,CUS-006435,2022-09-03,2022-09-12,Damaged Delivery,Resellable,17.92,Pending,Store
RET-00002858,ITM-000038254,CUS-002278,2020-03-27,2020-04-09,Defective Product,Damaged,69.56,Pending,Courier
RET-00002859,ITM-000038265,CUS-006336,2020-11-17,2020-11-25,Not as Described,Defective,27.36,Processed,Courier
RET-00002860,ITM-000038290,CUS-006871,2023-02-10,2023-02-22,Defective Product,Resellable,124.91,Processed,Store
RET-00002861,ITM-000038303,CUS-005553,2025-10-02,2025-10-12,Changed Mind,Resellable,83.29,Processed,Courier
RET-00002862,ITM-000038327,CUS-000804,2022-12-20,2022-12-22,Changed Mind,Defective,272.04,Processed,Store
RET-00002863,ITM-000038334,CUS-005885,2020-11-18,2020-11-20,Damaged Delivery,Resellable,29.66,Pending,Store
RET-00002864,ITM-000038349,CUS-002794,2020-01-15,2020-01-26,Changed Mind,Resellable,82.61,Processed,Courier
RET-00002865,ITM-000038352,CUS-007481,2022-03-12,2022-03-18,Damaged Delivery,Defective,208.98,Approved,Store
RET-00002866,ITM-000038356,CUS-002681,2020-07-17,2020-07-23,Not as Described,Opened,280.86,Pending,Store
RET-00002867,ITM-000038362,CUS-004551,2024-06-15,2024-06-16,Defective Product,Opened,111.58,Pending,Courier
RET-00002868,ITM-000038383,CUS-005009,2022-10-21,2022-11-02,Defective Product,Resellable,101.75,Pending,Courier
RET-00002869,ITM-000038384,CUS-005009,2022-09-20,2022-10-01,Changed Mind,Opened,19.79,Pending,Store
RET-00002870,ITM-000038398,CUS-009517,2026-03-06,2026-03-16,Size/Fit,Resellable,52.46,Approved,Courier
RET-00002871,ITM-000038400,CUS-003787,2020-10-19,2020-11-01,Changed Mind,Opened,90.77,Processed,Store
RET-00002872,ITM-000038416,CUS-004483,2023-02-20,2023-02-22,Size/Fit,Opened,198.35,Processed,Store
RET-00002873,ITM-000038417,CUS-004483,2023-03-04,2023-03-17,Damaged Delivery,Opened,11.88,Approved,Courier
RET-00002874,ITM-000038422,CUS-008941,2021-02-05,2021-02-18,Wrong Item,Opened,90.03,Pending,Store
RET-00002875,ITM-000038424,CUS-009883,2021-04-02,2021-04-08,Damaged Delivery,Damaged,17.64,Approved,Courier
RET-00002876,ITM-000038450,CUS-005775,2021-01-19,2021-01-25,Changed Mind,Resellable,221.78,Pending,Store
RET-00002877,ITM-000038452,CUS-000568,2024-05-23,2024-06-01,,Damaged,80.85,Pending,Store
RET-00002878,ITM-000038454,CUS-008224,2022-12-10,2022-12-11,Wrong Item,Defective,54.81,Processed,Courier
RET-00002879,ITM-000038469,,2026-04-11,2026-04-20,Defective Product,Damaged,27.05,Approved,Courier
RET-00002880,ITM-000038510,CUS-010449,2024-03-04,2024-03-04,Defective Product,Defective,60.49,Processed,Courier
RET-00002881,ITM-000038526,CUS-011321,2020-09-09,2020-09-12,Not as Described,Opened,22.57,Processed,Courier
RET-00002882,ITM-000038536,CUS-004285,2021-11-25,2021-11-28,Not as Described,Resellable,11.29,Processed,Store
RET-00002883,ITM-000038545,CUS-003566,2020-12-04,2020-12-13,Size/Fit,Defective,36.52,Approved,Store
RET-00002884,ITM-000038577,CUS-001869,2026-03-28,2026-04-07,Size/Fit,Damaged,50.41,Approved,Store
RET-00002885,ITM-000038601,CUS-009039,2021-05-21,2021-05-23,Changed Mind,Opened,26.78,Processed,Courier
RET-00002886,ITM-000038606,CUS-005362,2020-12-16,2020-12-28,Wrong Item,Defective,42.84,Approved,Courier
RET-00002887,ITM-000038620,CUS-004825,2022-06-19,2022-06-29,Not as Described,Opened,78.01,Processed,Courier
RET-00002888,ITM-000038642,CUS-001241,2026-07-03,2026-07-13,Changed Mind,Resellable,16.8,Pending,Store
RET-00002889,ITM-000038651,CUS-011934,2020-04-01,2020-04-01,Not as Described,Opened,89.21,Pending,Store
RET-00002890,ITM-000038661,CUS-011664,2024-02-25,2024-03-07,,Defective,350.66,Pending,Courier
RET-00002891,ITM-000038669,CUS-004173,2022-05-26,2022-05-29,Size/Fit,Damaged,16.62,Processed,Store
RET-00002892,ITM-000038701,CUS-007682,2020-06-23,2020-06-26,Size/Fit,Opened,97.5,Processed,Courier
RET-00002893,ITM-000038734,CUS-007369,2022-11-17,2022-11-26,Not as Described,Damaged,46.07,Processed,Store
RET-00002894,ITM-000038760,CUS-005583,2021-02-20,2021-02-27,,Resellable,18.2,Processed,Store
RET-00002895,ITM-000038764,CUS-006002,2022-01-17,2022-01-27,Wrong Item,Resellable,47.84,Pending,Store
RET-00002896,ITM-000038766,CUS-007478,2025-05-15,2025-05-17,Size/Fit,Damaged,30.65,Processed,Courier
RET-00002897,ITM-000038770,CUS-008547,2025-10-22,2025-10-28,Not as Described,Defective,99.23,Processed,Store
RET-00002898,ITM-000038797,CUS-010394,2025-03-11,2025-03-20,Damaged Delivery,Defective,227.02,Approved,Store
RET-00002899,ITM-000038801,CUS-006000,2020-12-28,2021-01-01,Changed Mind,Opened,57.21,Pending,Store
RET-00002900,ITM-000038807,CUS-002965,2022-01-08,2022-01-15,Size/Fit,Damaged,51.93,Pending,Courier
RET-00002901,ITM-000038813,CUS-005236,2021-05-26,2021-05-31,,Damaged,54.25,Processed,Store
RET-00002902,ITM-000038815,CUS-001415,2021-08-29,2021-08-30,Size/Fit,Defective,18.96,Processed,Courier
RET-00002903,ITM-000038826,CUS-008509,2024-06-12,2024-06-13,Defective Product,Opened,82.18,Approved,Courier
RET-00002904,ITM-000038874,CUS-011029,2020-12-10,2020-12-21,Wrong Item,Damaged,20.58,Pending,Courier
RET-00002905,ITM-000038875,CUS-011029,2020-12-24,2020-12-30,Defective Product,Resellable,19.03,Approved,Courier
RET-00002906,ITM-000038878,CUS-002057,2024-03-03,2024-03-08,Defective Product,Opened,33.26,Pending,Courier
RET-00002907,ITM-000038934,CUS-009721,2022-08-20,2022-09-01,Defective Product,Defective,21.3,Pending,Store
RET-00002908,ITM-000038958,CUS-006084,2021-09-29,2021-10-09,Changed Mind,Damaged,43.48,Pending,Store
RET-00002909,ITM-000038965,CUS-002428,2025-03-03,2025-03-03,Changed Mind,Opened,263.19,Processed,Courier
RET-00002910,ITM-000038966,CUS-002428,2025-02-25,2025-03-03,Not as Described,Damaged,23.02,Approved,Store
RET-00002911,ITM-000038978,CUS-006421,2022-01-12,2022-01-15,Not as Described,Damaged,42.39,Pending,Courier
RET-00002912,ITM-000038991,CUS-005700,2024-05-31,2024-06-10,Size/Fit,Opened,131.35,Processed,Courier
RET-00002913,ITM-000039006,CUS-007526,2024-03-12,2024-03-18,Defective Product,Defective,54.51,Approved,Courier
RET-00002914,ITM-000039012,CUS-003541,2021-11-24,2021-12-06,,Resellable,31.02,Approved,Store
RET-00002915,ITM-000039027,CUS-010156,2025-07-16,2025-07-19,Defective Product,Damaged,236.42,Approved,Courier
RET-00002916,ITM-000039056,CUS-001858,2024-05-17,2024-05-17,Size/Fit,Opened,93.51,Pending,Courier
RET-00002917,ITM-000039091,CUS-008832,2025-07-25,2025-08-06,Not as Described,Resellable,20.53,Pending,Courier
RET-00002918,ITM-000039092,CUS-008832,2025-07-11,2025-07-20,Changed Mind,Defective,40.81,Pending,Courier
RET-00002919,ITM-000039093,CUS-000732,2021-01-01,2021-01-03,Size/Fit,Resellable,211.3,Processed,Courier
RET-00002920,ITM-000039098,CUS-003943,2026-03-23,2026-03-26,Defective Product,Opened,85.03,Pending,Store
RET-00002921,ITM-000039100,CUS-004140,2023-12-22,2024-01-04,Damaged Delivery,Resellable,113.4,Approved,Store
RET-00002922,ITM-000039105,CUS-011142,2020-08-04,2020-08-07,Not as Described,Resellable,61.91,Approved,Courier
RET-00002923,ITM-000039110,CUS-005055,2023-05-09,2023-05-17,Defective Product,Damaged,85.05,Pending,Courier
RET-00002924,ITM-000039116,CUS-005124,2022-02-07,2022-02-09,Defective Product,Opened,66.14,Pending,Courier
RET-00002925,ITM-000039132,CUS-009243,2023-07-04,2023-07-10,Size/Fit,Damaged,17.52,Pending,Courier
RET-00002926,ITM-000039149,CUS-011451,2025-01-29,2025-02-06,Not as Described,Damaged,63.96,Pending,Courier
RET-00002927,ITM-000039157,CUS-010957,2025-06-26,2025-07-08,Size/Fit,Defective,331.38,Processed,Store
RET-00002928,ITM-000039161,CUS-008720,2026-04-22,2026-04-24,Changed Mind,Damaged,40.09,Processed,Courier
RET-00002929,ITM-000039178,CUS-008255,2022-03-28,2022-04-04,Changed Mind,Opened,47.06,Pending,Courier
RET-00002930,ITM-000039191,CUS-006152,2022-07-20,2022-07-31,Not as Described,Opened,10.87,Approved,Store
RET-00002931,ITM-000039204,CUS-007828,2023-05-28,2023-06-02,Not as Described,Resellable,50.92,Approved,Courier
RET-00002932,ITM-000039211,CUS-006333,2025-10-14,2025-10-25,Size/Fit,Resellable,756.54,Processed,Courier
RET-00002933,ITM-000039219,CUS-011995,2021-07-09,2021-07-09,Damaged Delivery,Opened,101.19,Pending,Courier
RET-00002934,ITM-000039221,CUS-009597,2021-03-27,2021-04-04,Defective Product,Resellable,135.33,Approved,Store
RET-00002935,ITM-000039227,CUS-005865,2023-02-28,2023-03-06,Size/Fit,Defective,75.94,Processed,Store
RET-00002936,ITM-000039239,CUS-001828,2021-12-13,2021-12-17,Defective Product,Defective,55.36,Approved,Courier
RET-00002937,ITM-000039270,CUS-005869,2023-10-15,2023-10-19,,Damaged,29.49,Approved,Store
RET-00002938,ITM-000039274,CUS-007308,2024-09-14,2024-09-23,Changed Mind,Opened,210.81,Approved,Store
RET-00002939,ITM-000039292,CUS-002545,2020-07-24,2020-07-24,Defective Product,Damaged,7.71,Pending,Courier
RET-00002940,ITM-000039299,CUS-002698,2026-08-11,2026-08-17,Changed Mind,Damaged,36.73,Processed,Courier
RET-00002941,ITM-000039340,CUS-007684,2026-05-24,2026-06-02,Changed Mind,Opened,110.47,Approved,Courier
RET-00002942,ITM-000039350,CUS-002875,2022-07-18,2022-07-31,Changed Mind,Opened,18.43,Pending,Store
RET-00002943,ITM-000039357,CUS-001966,2026-07-10,2026-07-14,Defective Product,Damaged,72.62,Pending,Courier
RET-00002944,ITM-000039360,CUS-002062,2024-04-17,2024-04-23,Changed Mind,Damaged,64.27,Pending,Courier
RET-00002945,ITM-000039361,CUS-002062,2024-04-10,2024-04-14,Changed Mind,Damaged,44.8,Processed,Courier
RET-00002946,ITM-000039367,CUS-005659,2021-02-05,2021-02-18,Defective Product,Resellable,65.29,Approved,Store
RET-00002947,ITM-000039382,CUS-009738,2024-08-17,2024-08-30,Not as Described,Opened,121.49,Approved,Store
RET-00002948,ITM-000039412,CUS-009937,2021-02-03,2021-02-14,Changed Mind,Resellable,47.84,Processed,Courier
RET-00002949,ITM-000039454,CUS-007638,2022-02-27,2022-03-06,Size/Fit,Damaged,144.63,Approved,Courier
RET-00002950,ITM-000039494,CUS-011819,2022-07-21,2022-07-30,Changed Mind,Resellable,253.97,Processed,Store
RET-00002951,ITM-000039498,CUS-010752,2023-09-21,2023-09-30,Not as Described,Opened,30.95,Processed,Store
RET-00002952,ITM-000039501,CUS-002713,2020-06-01,2020-06-09,Changed Mind,Resellable,15.57,Pending,Courier
RET-00002953,ITM-000039502,CUS-002713,2020-05-04,2020-05-13,Damaged Delivery,Damaged,164.5,Pending,Courier
RET-00002954,ITM-000039515,CUS-003933,2023-09-01,2023-09-14,Changed Mind,Opened,85.69,Processed,Store
RET-00002955,ITM-000039526,CUS-003716,2022-09-27,2022-10-01,,Resellable,19.79,Pending,Courier
RET-00002956,ITM-000039573,CUS-010210,2020-08-23,2020-08-23,Not as Described,Damaged,232.95,Approved,Courier
RET-00002957,ITM-000039578,CUS-006390,2022-11-08,2022-11-12,Size/Fit,Defective,48.69,Processed,Courier
RET-00002958,ITM-000039583,CUS-006811,2023-01-28,2023-01-28,Size/Fit,Resellable,179.08,Processed,Courier
RET-00002959,ITM-000039585,CUS-008252,2024-11-14,2024-11-25,Damaged Delivery,Resellable,92.32,Approved,Store
RET-00002960,ITM-000039588,CUS-008792,2022-07-23,2022-07-30,Not as Described,Opened,107.35,Pending,Store
RET-00002961,ITM-000039591,CUS-004765,2023-05-04,2023-05-14,Changed Mind,Resellable,176.72,Processed,Courier
RET-00002962,ITM-000039595,CUS-009476,2025-03-07,2025-03-18,Changed Mind,Opened,75.26,Pending,Courier
RET-00002963,ITM-000039600,CUS-004569,2023-09-14,2023-09-24,Changed Mind,Damaged,27.68,Approved,Courier
RET-00002964,ITM-000039641,CUS-005484,2023-05-29,2023-06-08,Damaged Delivery,Defective,123.41,Pending,Courier
RET-00002965,ITM-000039681,CUS-005320,2022-11-09,2022-11-22,Size/Fit,Defective,182.06,Processed,Courier
RET-00002966,ITM-000039687,CUS-008384,2020-05-03,2020-05-13,Changed Mind,Damaged,76.15,Approved,Store
RET-00002967,ITM-000039688,CUS-006442,2026-04-04,2026-04-14,Changed Mind,Opened,28.72,Processed,Store
RET-00002968,ITM-000039702,CUS-011024,2022-07-21,2022-07-22,Not as Described,Damaged,46.78,Processed,Courier
RET-00002969,ITM-000039708,CUS-001647,2020-11-16,2020-11-19,Size/Fit,Damaged,46.27,Pending,Courier
RET-00002970,ITM-000039709,CUS-000694,2022-12-05,2022-12-09,Size/Fit,Damaged,350.21,Processed,Courier
RET-00002971,ITM-000039715,CUS-010259,2022-04-19,2022-05-02,Wrong Item,Defective,647.87,Processed,Store
RET-00002972,ITM-000039727,CUS-002220,2025-07-10,2025-07-11,Changed Mind,Damaged,219.1,Approved,Courier
RET-00002973,ITM-000039788,CUS-002082,2025-03-25,2025-03-29,Wrong Item,Defective,239.95,Pending,Courier
RET-00002974,ITM-000039803,CUS-003250,2026-08-10,2026-08-10,Changed Mind,Defective,26.14,Approved,Store
RET-00002975,ITM-000039817,CUS-009173,2023-02-26,2023-03-07,Size/Fit,Opened,224.04,Pending,Courier
RET-00002976,ITM-000039822,CUS-005240,2020-12-15,2020-12-23,Size/Fit,Defective,20.45,Approved,Courier
RET-00002977,ITM-000039845,CUS-006573,2024-01-21,2024-01-22,Size/Fit,Defective,23.57,Processed,Courier
RET-00002978,ITM-000039887,CUS-008000,2021-11-10,2021-11-23,Changed Mind,Opened,178.92,Processed,Courier
RET-00002979,ITM-000039889,CUS-008000,2021-10-22,2021-10-27,Size/Fit,Opened,123.29,Pending,Store
RET-00002980,ITM-000039898,CUS-011094,2025-08-23,2025-08-25,Not as Described,Damaged,68.69,Approved,Store
RET-00002981,ITM-000039963,CUS-001666,2025-02-16,2025-02-18,Defective Product,Opened,79.09,Approved,Courier
RET-00002982,ITM-000039972,CUS-008172,2023-12-23,2024-01-01,Other,Defective,165.65,Approved,Store
RET-00002983,ITM-000039977,CUS-000631,2025-08-04,2025-08-15,Defective Product,Opened,61.45,Pending,Courier
RET-00002984,ITM-000039986,CUS-001061,2022-02-23,2022-02-23,Not as Described,Opened,161.91,Approved,Store
RET-00002985,ITM-000039991,CUS-001948,2023-09-01,2023-09-03,Damaged Delivery,Opened,58.98,Pending,Courier
RET-00002986,ITM-000039996,CUS-010558,2024-01-09,2024-01-13,Changed Mind,Defective,125.08,Approved,Courier
RET-00002987,ITM-000040013,CUS-008106,2024-12-25,2025-01-01,Defective Product,Damaged,163.98,Processed,Courier
RET-00002988,ITM-000040023,CUS-011731,2024-11-06,2024-11-08,Wrong Item,Damaged,180.39,Processed,Courier
RET-00002989,ITM-000040027,CUS-006202,2025-07-19,2025-07-27,Not as Described,Resellable,80.27,Processed,Courier
RET-00002990,ITM-000040049,CUS-010163,2023-05-03,2023-05-10,Wrong Item,Resellable,33.05,Pending,Courier
RET-00002991,ITM-000040071,CUS-008189,2024-05-23,2024-05-28,Not as Described,Opened,70.53,Pending,Store
RET-00002992,ITM-000040078,CUS-001606,2020-02-25,2020-02-26,,Defective,223.16,Pending,Courier
RET-00002993,ITM-000040082,CUS-005155,2021-10-18,2021-10-28,Damaged Delivery,Damaged,47.3,Pending,Courier
RET-00002994,ITM-000040086,CUS-010279,2021-12-24,2021-12-24,,Damaged,69.44,Pending,Store
RET-00002995,ITM-000040110,CUS-008102,2020-07-12,2020-07-20,Changed Mind,Damaged,39.37,Pending,Courier
RET-00002996,ITM-000040124,CUS-002507,2021-02-08,2021-02-10,Changed Mind,Defective,472.84,Processed,Courier
RET-00002997,ITM-000040127,CUS-010555,2021-09-25,2021-10-08,Not as Described,Defective,54.05,Approved,Store
RET-00002998,ITM-000040135,CUS-001110,2023-08-25,2023-08-27,Changed Mind,Resellable,100.42,Processed,Store
RET-00002999,ITM-000040139,CUS-009052,2023-05-06,2023-05-19,Defective Product,Defective,39.79,Pending,Courier
RET-00003000,ITM-000040145,CUS-000462,2022-09-01,2022-09-02,Not as Described,Resellable,56.15,Processed,Store
RET-00003001,ITM-000040153,CUS-011366,2026-05-14,2026-05-25,Defective Product,Damaged,57.02,Pending,Courier
RET-00003002,ITM-000040167,CUS-005634,2020-05-05,2020-05-16,Defective Product,Defective,20.21,Pending,Courier
RET-00003003,ITM-000040172,CUS-002876,2020-01-11,2020-01-19,Changed Mind,Damaged,40.49,Pending,Store
RET-00003004,ITM-000040181,CUS-010003,2020-06-11,2020-06-23,Size/Fit,Damaged,246.54,Approved,Store
RET-00003005,ITM-000040207,CUS-008337,2026-03-29,2026-04-11,Changed Mind,Damaged,78.12,Approved,Store
RET-00003006,ITM-000040228,CUS-010288,2022-10-07,2022-10-13,Changed Mind,Damaged,43.08,Processed,Store
RET-00003007,ITM-000040283,CUS-004167,2025-11-06,2025-11-08,Changed Mind,Resellable,98.68,Approved,Courier
RET-00003008,ITM-000040284,CUS-003896,2020-04-14,2020-04-19,,Defective,43.58,Processed,Store
RET-00003009,ITM-000040290,CUS-001693,2024-06-21,2024-06-27,Changed Mind,Opened,25.96,Processed,Courier
RET-00003010,ITM-000040295,CUS-008885,2021-05-03,2021-05-06,Changed Mind,Defective,197.77,Pending,Courier
RET-00003011,ITM-000040330,CUS-011839,2021-09-26,2021-10-08,,Damaged,27.67,Pending,Courier
RET-00003012,ITM-000040395,CUS-008395,2024-12-05,2024-12-17,Size/Fit,Defective,56.31,Approved,Courier
RET-00003013,ITM-000040402,CUS-010082,2022-05-28,2022-06-05,Changed Mind,Defective,242.98,Pending,Courier
RET-00003014,ITM-000040416,CUS-005154,2022-05-11,2022-05-24,Changed Mind,Opened,66.56,Processed,Courier
RET-00003015,ITM-000040439,CUS-004094,2026-07-09,2026-07-17,Size/Fit,Resellable,23.52,Pending,Store
RET-00003016,ITM-000040455,CUS-002022,2021-11-05,2021-11-05,Defective Product,Defective,28.01,Pending,Store
RET-00003017,ITM-000040457,CUS-007235,2024-03-24,2024-04-01,Defective Product,Opened,75.37,Pending,Store
RET-00003018,ITM-000040470,CUS-006693,2022-05-08,2022-05-16,Size/Fit,Opened,639.8,Processed,Courier
RET-00003019,ITM-000040482,CUS-001572,2024-09-09,2024-09-21,Defective Product,Opened,78.07,Processed,Courier
RET-00003020,ITM-000040484,CUS-003362,2024-11-25,2024-11-25,Changed Mind,Resellable,102.06,Processed,Store
RET-00003021,ITM-000040487,CUS-004517,2022-07-18,2022-07-30,Changed Mind,Defective,169.8,Approved,Courier
RET-00003022,ITM-000040493,CUS-001271,2026-02-14,2026-02-19,Not as Described,Defective,107.02,Approved,Courier
RET-00003023,ITM-000040500,CUS-008663,2020-04-14,2020-04-27,Size/Fit,Resellable,27.6,Approved,Store
RET-00003024,ITM-000040504,CUS-007012,2021-07-10,2021-07-21,Defective Product,Opened,28.66,Pending,Courier
RET-00003025,ITM-000040515,CUS-011764,2022-09-30,2022-10-11,Defective Product,Resellable,93.95,Pending,Courier
RET-00003026,ITM-000040525,CUS-008989,2026-03-04,2026-03-05,Size/Fit,Opened,36.51,Pending,Store
RET-00003027,ITM-000040526,CUS-008989,2026-03-14,2026-03-26,Size/Fit,Damaged,18.98,Pending,Courier
RET-00003028,ITM-000040531,CUS-008354,2020-11-18,2020-11-18,Damaged Delivery,Damaged,131.6,Processed,Store
RET-00003029,ITM-000040536,CUS-010097,2022-03-15,2022-03-22,Size/Fit,Opened,82.69,Pending,Courier
RET-00003030,ITM-000040543,CUS-011741,2023-08-08,2023-08-16,Changed Mind,Defective,59.05,Approved,Store
RET-00003031,ITM-000040544,CUS-000735,2022-01-17,2022-01-20,Not as Described,Defective,24.49,Approved,Store
RET-00003032,ITM-000040545,CUS-000735,2022-01-17,2022-01-19,Size/Fit,Defective,55.41,Approved,Store
RET-00003033,ITM-000040546,CUS-000735,2022-01-27,2022-02-09,Size/Fit,Opened,82.69,Processed,Courier
RET-00003034,ITM-000040547,CUS-008051,2024-12-05,2024-12-09,Defective Product,Resellable,78.74,Approved,Store
RET-00003035,ITM-000040549,CUS-011382,2025-06-27,2025-07-06,Size/Fit,Resellable,40.1,Pending,Store
RET-00003036,ITM-000040594,CUS-004007,2023-01-06,2023-01-09,Changed Mind,Resellable,52.01,Approved,Courier
RET-00003037,ITM-000040604,CUS-009868,2022-02-05,2022-02-09,Size/Fit,Defective,53.76,Pending,Store
RET-00003038,ITM-000040641,CUS-006130,2022-05-14,2022-05-22,Defective Product,Resellable,317.74,Pending,Courier
RET-00003039,ITM-000040642,CUS-011239,2025-12-06,2025-12-07,Size/Fit,Opened,68.09,Pending,Store
RET-00003040,ITM-000040647,CUS-008913,2025-04-12,2025-04-20,Changed Mind,Resellable,102.69,Pending,Courier
RET-00003041,ITM-000040667,CUS-009362,2020-04-08,2020-04-17,,Opened,83.69,Pending,Store
RET-00003042,ITM-000040691,CUS-006573,2025-09-25,2025-10-02,Defective Product,Resellable,40.09,Processed,Courier
RET-00003043,ITM-000040706,CUS-004332,2024-03-27,2024-03-28,Changed Mind,Damaged,5.39,Pending,Courier
RET-00003044,ITM-000040713,CUS-002193,2020-04-15,2020-04-24,,Damaged,184.08,Approved,Store
RET-00003045,ITM-000040729,CUS-003257,2022-04-01,2022-04-02,Damaged Delivery,Resellable,101.92,Processed,Store
RET-00003046,ITM-000040734,CUS-005280,2022-11-05,2022-11-11,Size/Fit,Damaged,140.26,Processed,Courier
RET-00003047,ITM-000040746,CUS-010036,2022-05-19,2022-05-24,Damaged Delivery,Resellable,69.66,Processed,Courier
RET-00003048,ITM-000040747,CUS-003883,2020-09-04,2020-09-06,Defective Product,Damaged,39.75,Processed,Store
RET-00003049,ITM-000040770,CUS-006405,2025-06-28,2025-07-07,Defective Product,Damaged,182.2,Processed,Courier
RET-00003050,ITM-000040772,CUS-000056,2023-09-12,2023-09-17,Changed Mind,Resellable,80.4,Pending,Courier
RET-00003051,ITM-000040782,CUS-009909,2021-06-24,2021-07-02,Not as Described,Defective,125.59,Pending,Courier
RET-00003052,ITM-000040800,CUS-003033,2024-10-18,2024-10-25,Defective Product,Defective,158.2,Approved,Courier
RET-00003053,ITM-000040801,CUS-003033,2024-10-20,2024-10-30,Changed Mind,Opened,598.94,Pending,Courier
RET-00003054,ITM-000040821,,2022-03-01,2022-03-14,Size/Fit,Defective,47.21,Processed,Store
RET-00003055,ITM-000040823,,2022-03-08,2022-03-14,Changed Mind,Damaged,59.24,Approved,Store
RET-00003056,ITM-000040826,CUS-004164,2025-08-22,2025-08-24,Changed Mind,Defective,36.5,Processed,Store
RET-00003057,ITM-000040851,CUS-006949,2022-04-14,2022-04-20,Size/Fit,Damaged,46.27,Pending,Courier
RET-00003058,ITM-000040859,CUS-006622,2022-01-12,2022-01-17,,Damaged,198.35,Processed,Store
RET-00003059,ITM-000040878,CUS-002600,2021-01-14,2021-01-22,Changed Mind,Resellable,4.86,Pending,Store
RET-00003060,ITM-000040885,CUS-008764,2023-11-23,2023-12-01,Size/Fit,Defective,196.59,Approved,Courier
RET-00003061,ITM-000040893,CUS-005474,2025-07-18,2025-07-25,Changed Mind,Defective,23.34,Pending,Courier
RET-00003062,ITM-000040899,CUS-006653,2025-03-08,2025-03-13,Not as Described,Damaged,83.43,Processed,Courier
RET-00003063,ITM-000040925,CUS-001433,2024-09-16,2024-09-26,Wrong Item,Resellable,25.05,Processed,Store
RET-00003064,ITM-000040941,CUS-006908,2024-03-04,2024-03-17,Size/Fit,Resellable,45.3,Pending,Courier
RET-00003065,ITM-000040957,CUS-008701,2026-01-14,2026-01-25,,Defective,40.69,Approved,Courier
RET-00003066,ITM-000040967,CUS-007548,2022-05-17,2022-05-20,Changed Mind,Resellable,65.53,Approved,Courier
RET-00003067,ITM-000040988,CUS-009510,2022-11-18,2022-12-01,Damaged Delivery,Resellable,87.58,Processed,Store
RET-00003068,ITM-000041011,CUS-002369,2024-08-31,2024-09-02,Changed Mind,Resellable,87.91,Approved,Courier
RET-00003069,ITM-000041017,CUS-008617,2025-08-11,2025-08-15,Defective Product,Damaged,430.08,Approved,Courier
RET-00003070,ITM-000041032,CUS-005370,2024-03-23,2024-03-28,Changed Mind,Defective,139.17,Pending,Courier
RET-00003071,ITM-000041048,CUS-011373,2022-08-22,2022-09-03,Not as Described,Resellable,201.3,Approved,Courier
RET-00003072,ITM-000041058,CUS-010844,2021-03-28,2021-04-06,Changed Mind,Damaged,19.18,Processed,Store
RET-00003073,ITM-000041071,CUS-003737,2021-05-01,2021-05-08,Wrong Item,Opened,39.24,Processed,Store
RET-00003074,ITM-000041091,CUS-005622,2023-10-20,2023-10-21,Size/Fit,Resellable,110.89,Processed,Courier
RET-00003075,ITM-000041102,CUS-008595,2024-06-22,2024-06-27,Defective Product,Opened,118.52,Approved,Store
RET-00003076,ITM-000041109,CUS-006427,2024-10-16,2024-10-24,Defective Product,Opened,39.37,Processed,Store
RET-00003077,ITM-000041118,CUS-007522,2020-03-19,2020-03-19,Defective Product,Defective,21.78,Processed,Store
RET-00003078,ITM-000041124,CUS-010388,2022-01-21,2022-01-24,Defective Product,Opened,115.25,Approved,Courier
RET-00003079,ITM-000041128,CUS-010318,2022-09-26,2022-10-01,Changed Mind,Resellable,86.24,Approved,Courier
RET-00003080,ITM-000041134,CUS-010053,2026-05-17,2026-05-19,Changed Mind,Opened,78.73,Pending,Courier
RET-00003081,ITM-000041142,CUS-007792,2024-11-19,2024-11-26,Not as Described,Resellable,70.86,Processed,Courier
RET-00003082,ITM-000041166,CUS-007004,2024-11-06,2024-11-18,Changed Mind,Resellable,151.14,Processed,Store
RET-00003083,ITM-000041169,CUS-003481,2022-10-25,2022-10-27,Wrong Item,Defective,60.22,Processed,Store
RET-00003084,ITM-000041187,CUS-008816,2021-07-21,2021-07-31,Defective Product,Damaged,38.69,Processed,Courier
RET-00003085,ITM-000041190,CUS-000581,2023-07-07,2023-07-13,Changed Mind,Damaged,121.4,Pending,Courier
RET-00003086,ITM-000041217,,2026-01-26,2026-02-07,Defective Product,Defective,133.58,Approved,Store
RET-00003087,ITM-000041234,CUS-011587,2021-04-30,2021-05-13,Defective Product,Defective,43.56,Processed,Courier
RET-00003088,ITM-000041238,CUS-005474,2020-10-09,2020-10-13,,Damaged,74.47,Processed,Store
RET-00003089,ITM-000041241,,2023-06-25,2023-07-07,Not as Described,Damaged,81.91,Processed,Courier
RET-00003090,ITM-000041253,CUS-010589,2022-04-10,2022-04-15,Other,Opened,192.77,Pending,Courier
RET-00003091,ITM-000041256,CUS-010620,2024-10-12,2024-10-13,Defective Product,Defective,327.96,Pending,Courier
RET-00003092,ITM-000041280,CUS-002009,2025-10-03,2025-10-07,Not as Described,Damaged,62.4,Pending,Courier
RET-00003093,ITM-000041287,CUS-008597,2020-03-07,2020-03-09,,Damaged,43.82,Pending,Store
RET-00003094,ITM-000041298,CUS-010793,2023-02-10,2023-02-12,Other,Damaged,405.22,Processed,Store
RET-00003095,ITM-000041333,CUS-011037,2022-08-01,2022-08-07,Size/Fit,Opened,13.13,Approved,Courier
RET-00003096,ITM-000041363,CUS-005396,2025-02-19,2025-03-04,Changed Mind,Defective,107.28,Pending,Courier
RET-00003097,ITM-000041368,,2026-10-02,2026-10-06,Defective Product,Damaged,60.97,Pending,Courier
RET-00003098,ITM-000041427,CUS-009825,2024-10-03,2024-10-05,Changed Mind,Resellable,13.85,Pending,Courier
RET-00003099,ITM-000041438,CUS-008690,2022-05-08,2022-05-16,Size/Fit,Defective,127.12,Processed,Courier
RET-00003100,ITM-000041453,CUS-009009,2023-03-01,2023-03-13,Damaged Delivery,Damaged,1613.73,Approved,Store
RET-00003101,ITM-000041454,CUS-010560,2023-01-02,2023-01-15,Changed Mind,Resellable,380.8,Approved,Store
RET-00003102,ITM-000041470,CUS-007137,2022-01-19,2022-01-29,Defective Product,Damaged,331.41,Processed,Store
RET-00003103,ITM-000041503,CUS-007143,2025-09-16,2025-09-18,Size/Fit,Damaged,168.79,Pending,Store
RET-00003104,ITM-000041505,CUS-002910,2021-09-15,2021-09-19,,Opened,121.75,Pending,Courier
RET-00003105,ITM-000041511,CUS-011501,2023-04-17,2023-04-17,Size/Fit,Defective,54.78,Approved,Store
RET-00003106,ITM-000041520,CUS-000585,2022-10-16,2022-10-25,Changed Mind,Opened,135.7,Approved,Store
RET-00003107,ITM-000041524,CUS-002713,2025-02-07,2025-02-18,Defective Product,Resellable,20.91,Approved,Store
RET-00003108,ITM-000041582,CUS-007859,2025-03-27,2025-04-01,Size/Fit,Resellable,18.71,Processed,Courier
RET-00003109,ITM-000041589,CUS-001479,2023-05-03,2023-05-10,Defective Product,Opened,190.74,Pending,Store
RET-00003110,ITM-000041590,CUS-001479,2023-05-16,2023-05-26,Size/Fit,Defective,70.72,Approved,Courier
RET-00003111,ITM-000041591,CUS-001479,2023-04-26,2023-05-01,Other,Defective,16.24,Approved,Courier
RET-00003112,ITM-000041592,CUS-000656,2021-08-29,2021-09-06,Not as Described,Resellable,162.56,Pending,Store
RET-00003113,ITM-000041608,CUS-000992,2025-06-22,2025-06-30,Changed Mind,Resellable,88.88,Processed,Courier
RET-00003114,ITM-000041617,CUS-000292,2022-11-12,2022-11-18,Damaged Delivery,Opened,68.17,Approved,Courier
RET-00003115,ITM-000041620,CUS-009253,2022-10-10,2022-10-20,Changed Mind,Opened,95.95,Approved,Courier
RET-00003116,ITM-000041641,CUS-001912,2021-04-03,2021-04-05,,Damaged,176.31,Pending,Courier
RET-00003117,ITM-000041643,CUS-000273,2020-05-26,2020-05-28,Size/Fit,Damaged,35.15,Pending,Store
RET-00003118,ITM-000041652,CUS-009405,2021-06-06,2021-06-19,Changed Mind,Opened,164.15,Approved,Store
RET-00003119,ITM-000041661,CUS-006953,2022-02-21,2022-02-24,Changed Mind,Resellable,133.58,Pending,Courier
RET-00003120,ITM-000041668,CUS-008240,2023-06-27,2023-07-07,Changed Mind,Opened,82.41,Processed,Courier
RET-00003121,ITM-000041733,CUS-010703,2024-06-24,2024-06-25,Defective Product,Opened,103.1,Approved,Courier
RET-00003122,ITM-000041735,CUS-010703,2024-07-03,2024-07-08,Changed Mind,Damaged,33.26,Approved,Courier
RET-00003123,ITM-000041745,CUS-004362,2020-09-11,2020-09-12,Defective Product,Damaged,220.92,Processed,Courier
RET-00003124,ITM-000041769,CUS-007145,2024-02-02,2024-02-07,Not as Described,Resellable,151.14,Approved,Courier
RET-00003125,ITM-000041783,CUS-004577,2024-05-24,2024-06-02,Defective Product,Opened,50.71,Approved,Store
RET-00003126,ITM-000041801,CUS-006027,2025-05-28,2025-05-30,Wrong Item,Defective,46.11,Approved,Store
RET-00003127,ITM-000041808,CUS-011679,2020-10-19,2020-10-25,Changed Mind,Defective,54.72,Processed,Store
RET-00003128,ITM-000041824,,2026-06-01,2026-06-10,Not as Described,Defective,91.8,Pending,Courier
RET-00003129,ITM-000041848,CUS-004045,2025-04-27,2025-05-04,Changed Mind,Defective,32.62,Processed,Courier
RET-00003130,ITM-000041855,CUS-007091,2023-06-01,2023-06-04,Wrong Item,Opened,187.92,Processed,Store
RET-00003131,ITM-000041879,CUS-000357,2022-10-10,2022-10-21,Changed Mind,Opened,54.18,Pending,Courier
RET-00003132,ITM-000041888,CUS-000632,2025-08-02,2025-08-03,Not as Described,Defective,246.54,Processed,Store
RET-00003133,ITM-000041920,CUS-007255,2023-06-02,2023-06-09,Size/Fit,Damaged,48.76,Pending,Store
RET-00003134,ITM-000041923,CUS-006464,2023-12-02,2023-12-03,Not as Described,Defective,84.64,Processed,Store
RET-00003135,ITM-000041926,CUS-011129,2025-01-29,2025-02-09,Defective Product,Opened,17.21,Pending,Store
RET-00003136,ITM-000041932,CUS-008327,2025-10-23,2025-10-27,Size/Fit,Damaged,24.18,Approved,Store
RET-00003137,ITM-000041967,CUS-008818,2025-11-07,2025-11-07,Changed Mind,Damaged,56.26,Pending,Store
RET-00003138,ITM-000041969,CUS-008818,2025-11-23,2025-12-01,Wrong Item,Damaged,32.4,Approved,Store
RET-00003139,ITM-000041970,,2022-11-12,2022-11-16,Size/Fit,Damaged,416.56,Processed,Store
RET-00003140,ITM-000041977,CUS-001883,2024-11-15,2024-11-20,Not as Described,Opened,156.69,Pending,Courier
RET-00003141,ITM-000041999,CUS-011887,2021-10-02,2021-10-02,Not as Described,Resellable,61.17,Processed,Store
RET-00003142,ITM-000042003,CUS-008788,2025-05-29,2025-06-07,Defective Product,Opened,60.38,Approved,Store
RET-00003143,ITM-000042019,CUS-004824,2026-04-03,2026-04-07,Defective Product,Resellable,31.31,Pending,Store
RET-00003144,ITM-000042022,CUS-004824,2026-03-09,2026-03-17,Wrong Item,Damaged,46.98,Pending,Courier
RET-00003145,ITM-000042027,CUS-009651,2021-07-30,2021-08-12,Changed Mind,Damaged,13.71,Approved,Store
RET-00003146,ITM-000042058,CUS-005841,2023-02-11,2023-02-12,Size/Fit,Defective,46.51,Processed,Courier
RET-00003147,ITM-000042088,CUS-008488,2024-06-06,2024-06-15,Size/Fit,Opened,350.66,Pending,Store
RET-00003148,ITM-000042103,CUS-000233,2024-07-30,2024-08-11,Damaged Delivery,Defective,28.88,Processed,Courier
RET-00003149,ITM-000042108,,2025-01-13,2025-01-25,Defective Product,Resellable,62.99,Approved,Store
RET-00003150,ITM-000042111,CUS-010009,2021-08-14,2021-08-15,Changed Mind,Resellable,104.44,Approved,Courier
RET-00003151,ITM-000042113,CUS-001024,2024-01-11,2024-01-12,,Damaged,33.23,Pending,Store
RET-00003152,ITM-000042124,CUS-002215,2024-11-20,2024-11-20,Changed Mind,Damaged,46.3,Approved,Courier
RET-00003153,ITM-000042125,CUS-009850,2022-09-16,2022-09-16,Defective Product,Resellable,33.71,Pending,Courier
RET-00003154,ITM-000042129,CUS-001163,2024-06-15,2024-06-18,Changed Mind,Damaged,37.97,Processed,Store
RET-00003155,ITM-000042145,CUS-010347,2023-07-28,2023-07-31,Wrong Item,Resellable,196.8,Approved,Courier
RET-00003156,ITM-000042162,CUS-006387,2020-01-20,2020-01-21,Changed Mind,Damaged,43.58,Pending,Courier
RET-00003157,ITM-000042166,CUS-004346,2024-01-09,2024-01-22,Changed Mind,Resellable,15.05,Pending,Courier
RET-00003158,ITM-000042184,CUS-005007,2020-04-30,2020-05-08,Size/Fit,Defective,19.47,Pending,Store
RET-00003159,ITM-000042185,CUS-005007,2020-05-19,2020-05-24,Defective Product,Defective,289.8,Pending,Courier
RET-00003160,ITM-000042212,CUS-008900,2021-10-16,2021-10-21,Other,Damaged,189.41,Pending,Courier
RET-00003161,ITM-000042220,CUS-004540,2022-11-22,2022-11-27,Damaged Delivery,Resellable,81.61,Pending,Courier
RET-00003162,ITM-000042237,CUS-001464,2022-01-10,2022-01-23,Damaged Delivery,Damaged,33.0,Pending,Store
RET-00003163,ITM-000042238,CUS-003723,2023-02-05,2023-02-07,Not as Described,Resellable,191.64,Pending,Courier
RET-00003164,ITM-000042262,CUS-001266,2024-09-20,2024-09-28,Other,Opened,28.59,Pending,Courier
RET-00003165,ITM-000042263,CUS-006704,2021-11-23,2021-12-04,,Damaged,85.64,Processed,Courier
RET-00003166,ITM-000042285,CUS-005957,2021-02-16,2021-03-01,Defective Product,Damaged,102.42,Approved,Courier
RET-00003167,ITM-000042294,CUS-004943,2023-05-31,2023-06-07,Damaged Delivery,Defective,31.6,Approved,Courier
RET-00003168,ITM-000042299,CUS-002421,2026-02-26,2026-02-27,Changed Mind,Opened,83.28,Processed,Courier
RET-00003169,ITM-000042304,CUS-008728,2025-10-27,2025-10-27,Size/Fit,Resellable,44.58,Pending,Courier
RET-00003170,ITM-000042309,CUS-005763,2021-08-04,2021-08-14,Defective Product,Damaged,31.95,Approved,Courier
RET-00003171,ITM-000042316,CUS-009944,2026-02-02,2026-02-09,Not as Described,Opened,86.36,Processed,Store
RET-00003172,ITM-000042321,CUS-004154,2020-09-06,2020-09-12,Changed Mind,Opened,36.33,Processed,Store
RET-00003173,ITM-000042334,CUS-005750,2021-01-21,2021-01-21,Not as Described,Resellable,134.59,Approved,Courier
RET-00003174,ITM-000042354,CUS-000431,2022-02-07,2022-02-14,Changed Mind,Resellable,279.24,Pending,Store
RET-00003175,ITM-000042371,CUS-009300,2022-11-07,2022-11-16,Not as Described,Resellable,40.13,Approved,Courier
RET-00003176,ITM-000042382,CUS-004283,2023-06-14,2023-06-22,Wrong Item,Damaged,348.69,Processed,Courier
RET-00003177,ITM-000042385,CUS-006242,2026-08-29,2026-09-02,Changed Mind,Opened,21.18,Approved,Courier
RET-00003178,ITM-000042395,CUS-011163,2022-03-05,2022-03-11,Changed Mind,Damaged,262.81,Approved,Courier
RET-00003179,ITM-000042409,CUS-010307,2021-06-23,2021-07-03,,Resellable,161.26,Processed,Store
RET-00003180,ITM-000042425,CUS-002114,2025-03-02,2025-03-02,Not as Described,Defective,133.29,Pending,Store
RET-00003181,ITM-000042439,CUS-007146,2020-10-17,2020-10-20,,Resellable,44.7,Processed,Store
RET-00003182,ITM-000042454,CUS-003604,2025-06-28,2025-06-30,Changed Mind,Damaged,98.89,Approved,Store
RET-00003183,ITM-000042456,CUS-002485,2022-10-12,2022-10-21,Changed Mind,Defective,46.27,Pending,Courier
RET-00003184,ITM-000042457,CUS-002485,2022-09-19,2022-09-24,Changed Mind,Defective,98.99,Pending,Courier
RET-00003185,ITM-000042474,CUS-009848,2026-06-25,2026-07-01,Size/Fit,Defective,85.82,Processed,Courier
RET-00003186,ITM-000042482,CUS-010721,2022-01-26,2022-02-06,Defective Product,Resellable,80.75,Pending,Store
RET-00003187,ITM-000042489,CUS-001822,2024-11-21,2024-11-23,Not as Described,Opened,84.39,Approved,Store
RET-00003188,ITM-000042498,CUS-009602,2022-05-15,2022-05-15,Wrong Item,Resellable,46.11,Approved,Courier
RET-00003189,ITM-000042502,CUS-004727,2024-12-09,2024-12-09,Defective Product,Defective,86.93,Processed,Store
RET-00003190,ITM-000042525,CUS-009127,2020-06-10,2020-06-10,,Opened,21.16,Pending,Courier
RET-00003191,ITM-000042526,CUS-009127,2020-05-03,2020-05-12,Changed Mind,Damaged,28.66,Approved,Store
RET-00003192,ITM-000042566,CUS-002297,2025-02-15,2025-02-18,Changed Mind,Defective,93.18,Approved,Store
RET-00003193,ITM-000042574,CUS-007436,2025-10-18,2025-10-31,Defective Product,Defective,294.16,Approved,Courier
RET-00003194,ITM-000042581,CUS-004259,2021-10-14,2021-10-15,,Damaged,45.71,Approved,Store
RET-00003195,ITM-000042600,CUS-003308,2022-08-30,2022-09-10,Changed Mind,Opened,121.4,Approved,Courier
RET-00003196,ITM-000042620,CUS-004423,2026-02-27,2026-03-09,Changed Mind,Resellable,44.7,Approved,Store
RET-00003197,ITM-000042622,CUS-008043,2021-10-28,2021-10-29,Defective Product,Defective,40.12,Processed,Courier
RET-00003198,ITM-000042660,CUS-002331,2023-12-08,2023-12-10,Size/Fit,Resellable,80.86,Processed,Courier
RET-00003199,ITM-000042701,CUS-010613,2022-01-19,2022-01-22,Not as Described,Opened,19.85,Processed,Store
RET-00003200,ITM-000042729,CUS-000117,2024-11-06,2024-11-19,Defective Product,Defective,35.4,Approved,Store
RET-00003201,ITM-000042731,CUS-005353,2022-09-08,2022-09-19,Damaged Delivery,Damaged,73.34,Approved,Courier
RET-00003202,ITM-000042753,CUS-008580,2020-05-27,2020-06-01,Size/Fit,Damaged,31.84,Processed,Store
RET-00003203,ITM-000042755,CUS-006943,2021-03-04,2021-03-17,Not as Described,Opened,54.73,Approved,Store
RET-00003204,ITM-000042758,CUS-011626,2020-03-03,2020-03-13,Not as Described,Defective,97.67,Approved,Courier
RET-00003205,ITM-000042762,CUS-011412,2025-03-30,2025-04-04,Changed Mind,Opened,133.41,Approved,Store
RET-00003206,ITM-000042763,CUS-011412,2025-04-04,2025-04-14,Changed Mind,Defective,26.3,Processed,Courier
RET-00003207,ITM-000042802,CUS-001855,2021-06-12,2021-06-24,Changed Mind,Defective,248.1,Processed,Courier
RET-00003208,ITM-000042831,CUS-005943,2024-12-26,2024-12-28,Not as Described,Opened,144.63,Processed,Courier
RET-00003209,ITM-000042840,CUS-000253,2021-07-27,2021-07-27,,Defective,194.34,Processed,Store
RET-00003210,ITM-000042887,CUS-002358,2025-04-09,2025-04-21,,Damaged,55.91,Pending,Courier
RET-00003211,ITM-000042896,CUS-002065,2025-03-20,2025-03-24,Defective Product,Damaged,30.09,Approved,Store
RET-00003212,ITM-000042897,CUS-001377,2020-01-27,2020-02-03,,Defective,26.4,Approved,Store
RET-00003213,ITM-000042905,CUS-001479,2020-12-11,2020-12-23,Changed Mind,Defective,38.12,Processed,Courier
RET-00003214,ITM-000042910,CUS-010213,2022-01-22,2022-01-27,Damaged Delivery,Opened,40.62,Approved,Courier
RET-00003215,ITM-000042919,CUS-011476,2023-12-06,2023-12-11,Wrong Item,Opened,64.46,Processed,Courier
RET-00003216,ITM-000042926,CUS-008822,2020-03-21,2020-03-30,Not as Described,Opened,762.72,Pending,Store
RET-00003217,ITM-000042932,,2022-01-14,2022-01-25,Size/Fit,Damaged,52.42,Approved,Store
RET-00003218,ITM-000042936,CUS-002193,2021-10-12,2021-10-24,Changed Mind,Opened,123.31,Pending,Store
RET-00003219,ITM-000042953,CUS-003639,2020-03-16,2020-03-18,Defective Product,Damaged,81.24,Approved,Courier
RET-00003220,ITM-000042969,CUS-002550,2022-10-25,2022-10-30,Damaged Delivery,Defective,197.99,Processed,Store
RET-00003221,ITM-000042971,CUS-009056,2025-05-24,2025-06-05,Not as Described,Defective,53.77,Approved,Store
RET-00003222,ITM-000042980,CUS-001571,2026-03-25,2026-04-01,Size/Fit,Resellable,50.2,Pending,Store
RET-00003223,ITM-000043049,CUS-007106,2023-12-02,2023-12-09,Changed Mind,Opened,55.77,Approved,Courier
RET-00003224,ITM-000043059,CUS-011181,2024-08-03,2024-08-11,Defective Product,Damaged,46.09,Pending,Store
RET-00003225,ITM-000043060,CUS-011181,2024-08-08,2024-08-08,Damaged Delivery,Resellable,45.71,Processed,Store
RET-00003226,ITM-000043070,CUS-003157,2024-03-27,2024-04-09,Changed Mind,Opened,118.56,Approved,Store
RET-00003227,ITM-000043108,CUS-009577,2022-02-18,2022-02-24,Defective Product,Resellable,258.89,Pending,Courier
RET-00003228,ITM-000043132,CUS-007139,2022-05-29,2022-06-01,Wrong Item,Opened,64.4,Approved,Store
RET-00003229,ITM-000043145,CUS-003046,2025-07-29,2025-08-05,Not as Described,Damaged,46.3,Processed,Store
RET-00003230,ITM-000043151,CUS-005115,2022-07-05,2022-07-12,Not as Described,Resellable,52.02,Pending,Courier
RET-00003231,ITM-000043172,CUS-008881,2024-01-08,2024-01-20,Other,Defective,72.81,Approved,Courier
RET-00003232,ITM-000043177,CUS-009515,2020-06-30,2020-07-12,,Defective,78.63,Processed,Courier
RET-00003233,ITM-000043184,CUS-003451,2023-02-23,2023-02-25,Changed Mind,Opened,21.58,Approved,Courier
RET-00003234,ITM-000043185,CUS-003451,2023-02-01,2023-02-03,Changed Mind,Opened,252.9,Approved,Store
RET-00003235,ITM-000043189,CUS-001560,2026-07-09,2026-07-11,Wrong Item,Defective,76.97,Processed,Courier
RET-00003236,ITM-000043193,CUS-002111,2020-01-26,2020-02-01,Not as Described,Resellable,22.6,Pending,Courier
RET-00003237,ITM-000043235,CUS-008926,2020-05-17,2020-05-30,Not as Described,Damaged,27.95,Processed,Courier
RET-00003238,ITM-000043252,CUS-003771,2022-08-31,2022-09-11,Damaged Delivery,Defective,23.65,Pending,Courier
RET-00003239,ITM-000043257,,2021-07-01,2021-07-06,Damaged Delivery,Damaged,23.75,Processed,Store
RET-00003240,ITM-000043271,CUS-003349,2024-09-03,2024-09-04,Size/Fit,Defective,16.33,Processed,Store
RET-00003241,ITM-000043279,CUS-010329,2020-02-27,2020-03-03,Size/Fit,Damaged,170.99,Approved,Courier
RET-00003242,ITM-000043288,CUS-006942,2020-01-23,2020-01-31,Size/Fit,Resellable,25.68,Processed,Courier
RET-00003243,ITM-000043295,CUS-004413,2024-07-04,2024-07-09,Wrong Item,Defective,91.28,Pending,Store
RET-00003244,ITM-000043308,CUS-003434,2020-10-15,2020-10-28,Defective Product,Resellable,32.15,Approved,Courier
RET-00003245,ITM-000043322,CUS-008487,2021-07-05,2021-07-09,Wrong Item,Resellable,43.61,Approved,Store
RET-00003246,ITM-000043333,CUS-000525,2025-07-18,2025-07-29,Changed Mind,Opened,84.63,Approved,Store
RET-00003247,ITM-000043352,CUS-004242,2026-07-03,2026-07-08,Not as Described,Damaged,76.72,Pending,Store
RET-00003248,ITM-000043357,CUS-006826,2026-07-29,2026-07-31,Damaged Delivery,Opened,94.59,Approved,Store
RET-00003249,ITM-000043367,CUS-007446,2022-03-10,2022-03-20,Not as Described,Opened,52.27,Pending,Courier
RET-00003250,ITM-000043377,CUS-005480,2023-08-25,2023-09-02,,Damaged,100.28,Pending,Courier
RET-00003251,ITM-000043402,CUS-002198,2021-03-29,2021-04-03,Changed Mind,Resellable,108.13,Pending,Store
RET-00003252,ITM-000043404,CUS-003920,2020-04-18,2020-04-27,Size/Fit,Defective,85.63,Pending,Courier
RET-00003253,ITM-000043407,CUS-007974,2020-06-18,2020-06-29,Changed Mind,Resellable,28.54,Pending,Courier
RET-00003254,ITM-000043424,CUS-004359,2021-03-31,2021-04-13,Size/Fit,Damaged,104.18,Pending,Courier
RET-00003255,ITM-000043446,CUS-007166,2022-12-16,2022-12-20,Changed Mind,Opened,120.45,Approved,Courier
RET-00003256,ITM-000043473,CUS-010102,2024-02-24,2024-03-08,Changed Mind,Resellable,158.47,Processed,Store
RET-00003257,ITM-000043481,CUS-007625,2023-08-18,2023-08-30,Defective Product,Resellable,42.51,Processed,Courier
RET-00003258,ITM-000043496,CUS-009987,2026-07-31,2026-08-01,Size/Fit,Resellable,10.27,Pending,Courier
RET-00003259,ITM-000043498,CUS-007738,2023-01-16,2023-01-18,Changed Mind,Damaged,118.1,Approved,Store
RET-00003260,ITM-000043500,CUS-011172,2025-11-12,2025-11-22,,Opened,144.63,Processed,Courier
RET-00003261,ITM-000043503,CUS-011951,2025-02-10,2025-02-23,Not as Described,Damaged,86.24,Processed,Courier
RET-00003262,ITM-000043526,CUS-005154,2023-05-11,2023-05-14,Defective Product,Damaged,167.84,Approved,Courier
RET-00003263,ITM-000043535,CUS-003041,2022-04-03,2022-04-07,Damaged Delivery,Resellable,39.66,Pending,Store
RET-00003264,ITM-000043569,CUS-000740,2021-02-08,2021-02-12,Changed Mind,Damaged,91.8,Approved,Courier
RET-00003265,ITM-000043606,CUS-002369,2021-10-25,2021-10-25,,Defective,358.17,Processed,Courier
RET-00003266,ITM-000043628,CUS-004438,2023-11-26,2023-12-04,Changed Mind,Opened,161.62,Processed,Store
RET-00003267,ITM-000043647,CUS-000160,2021-03-31,2021-04-09,Changed Mind,Damaged,91.67,Approved,Courier
RET-00003268,ITM-000043657,CUS-009768,2023-09-28,2023-10-01,Damaged Delivery,Resellable,104.77,Processed,Courier
RET-00003269,ITM-000043661,CUS-000881,2025-07-02,2025-07-14,Not as Described,Damaged,305.12,Pending,Courier
RET-00003270,ITM-000043683,CUS-009249,2020-11-11,2020-11-20,Damaged Delivery,Opened,200.46,Approved,Courier
RET-00003271,ITM-000043715,CUS-000954,2026-10-05,2026-10-12,Size/Fit,Damaged,17.28,Processed,Courier
RET-00003272,ITM-000043724,CUS-003516,2021-07-08,2021-07-08,Damaged Delivery,Opened,23.0,Processed,Store
RET-00003273,ITM-000043759,CUS-000218,2021-05-03,2021-05-16,,Resellable,67.34,Approved,Courier
RET-00003274,ITM-000043760,CUS-000218,2021-05-30,2021-05-31,Changed Mind,Defective,77.33,Approved,Courier
RET-00003275,ITM-000043884,CUS-009164,2024-06-07,2024-06-14,Size/Fit,Resellable,59.09,Approved,Store
RET-00003276,ITM-000043887,CUS-001097,2025-12-01,2025-12-13,Defective Product,Defective,74.84,Processed,Store
RET-00003277,ITM-000043888,CUS-001097,2025-12-15,2025-12-26,Changed Mind,Damaged,162.56,Approved,Store
RET-00003278,ITM-000043893,CUS-001903,2023-12-07,2023-12-20,Not as Described,Opened,25.86,Processed,Store
RET-00003279,ITM-000043898,CUS-003048,2024-05-29,2024-06-01,Defective Product,Defective,19.49,Pending,Courier
RET-00003280,ITM-000043901,CUS-008981,2022-08-20,2022-08-26,,Defective,108.56,Approved,Courier
RET-00003281,ITM-000043904,CUS-000561,2022-11-13,2022-11-26,Changed Mind,Opened,4.86,Processed,Courier
RET-00003282,ITM-000043936,CUS-008335,2023-12-29,2024-01-11,Changed Mind,Opened,40.38,Pending,Courier
RET-00003283,ITM-000043976,CUS-001163,2026-07-29,2026-08-09,Size/Fit,Defective,51.72,Processed,Courier
RET-00003284,ITM-000043977,CUS-009070,2021-05-02,2021-05-12,,Damaged,53.45,Processed,Courier
RET-00003285,ITM-000043984,CUS-007106,2026-07-04,2026-07-13,Defective Product,Opened,20.91,Pending,Courier
RET-00003286,ITM-000043987,CUS-007982,2020-11-14,2020-11-15,Changed Mind,Opened,86.16,Approved,Courier
RET-00003287,ITM-000043998,CUS-002533,2023-05-07,2023-05-10,Changed Mind,Opened,17.23,Pending,Courier
RET-00003288,ITM-000044007,CUS-010333,2022-11-18,2022-11-27,Changed Mind,Opened,69.6,Approved,Courier
RET-00003289,ITM-000044013,CUS-007971,2021-01-18,2021-01-20,Size/Fit,Opened,140.96,Pending,Courier
RET-00003290,ITM-000044016,CUS-003984,2021-07-19,2021-07-26,Changed Mind,Defective,68.51,Approved,Courier
RET-00003291,ITM-000044024,CUS-005836,2023-02-07,2023-02-07,Not as Described,Damaged,38.94,Approved,Courier
RET-00003292,ITM-000044042,CUS-001044,2026-07-18,2026-07-25,Defective Product,Opened,66.96,Pending,Courier
RET-00003293,ITM-000044088,CUS-000890,2021-02-26,2021-03-08,,Damaged,15.34,Processed,Courier
RET-00003294,ITM-000044091,CUS-004356,2026-09-06,2026-09-19,Not as Described,Resellable,177.15,Approved,Courier
RET-00003295,ITM-000044092,CUS-009163,2024-05-11,2024-05-19,Size/Fit,Damaged,25.57,Approved,Store
RET-00003296,ITM-000044099,CUS-001956,2024-10-18,2024-10-30,Not as Described,Defective,24.25,Processed,Courier
RET-00003297,ITM-000044101,CUS-009787,2024-04-21,2024-04-29,Changed Mind,Opened,82.7,Pending,Courier
RET-00003298,ITM-000044135,CUS-010731,2024-02-16,2024-02-18,Changed Mind,Damaged,20.5,Pending,Store
RET-00003299,ITM-000044150,CUS-009474,2026-07-03,2026-07-08,Defective Product,Resellable,362.61,Approved,Store
RET-00003300,ITM-000044171,CUS-011542,2021-03-17,2021-03-30,Size/Fit,Opened,319.9,Processed,Store
RET-00003301,ITM-000044192,CUS-006011,2021-12-14,2021-12-22,Changed Mind,Resellable,63.68,Approved,Courier
RET-00003302,ITM-000044195,CUS-001346,2023-07-21,2023-08-01,Not as Described,Resellable,144.63,Pending,Courier
RET-00003303,ITM-000044203,CUS-004680,2020-09-28,2020-09-29,Damaged Delivery,Resellable,239.95,Pending,Courier
RET-00003304,ITM-000044216,CUS-003859,2024-04-09,2024-04-10,Changed Mind,Resellable,87.86,Approved,Store
RET-00003305,ITM-000044226,CUS-008469,2024-05-04,2024-05-13,Changed Mind,Resellable,175.17,Processed,Courier
RET-00003306,ITM-000044261,CUS-001658,2026-02-08,2026-02-12,Defective Product,Damaged,49.67,Approved,Courier
RET-00003307,ITM-000044268,CUS-003239,2024-03-18,2024-03-20,Defective Product,Defective,55.83,Pending,Store
RET-00003308,ITM-000044289,CUS-005050,2023-09-05,2023-09-05,Not as Described,Resellable,70.22,Approved,Store
RET-00003309,ITM-000044303,CUS-009182,2023-04-01,2023-04-07,Changed Mind,Damaged,27.4,Pending,Courier
RET-00003310,ITM-000044320,CUS-008538,2022-02-02,2022-02-09,Changed Mind,Resellable,39.39,Approved,Courier
RET-00003311,ITM-000044322,CUS-000235,2024-12-20,2024-12-27,Size/Fit,Defective,73.62,Approved,Store
RET-00003312,ITM-000044337,CUS-008739,2025-02-07,2025-02-14,Damaged Delivery,Damaged,505.1,Processed,Courier
RET-00003313,ITM-000044380,CUS-010216,2022-11-30,2022-12-11,Defective Product,Defective,120.11,Processed,Store
RET-00003314,ITM-000044381,CUS-010430,2026-04-05,2026-04-15,Size/Fit,Resellable,34.34,Approved,Courier
RET-00003315,ITM-000044397,CUS-011596,2020-04-27,2020-05-06,Not as Described,Opened,59.64,Pending,Courier
RET-00003316,ITM-000044399,CUS-008173,2020-06-12,2020-06-13,Size/Fit,Defective,46.85,Approved,Courier
RET-00003317,ITM-000044407,CUS-001392,2026-05-04,2026-05-07,Size/Fit,Opened,26.78,Pending,Store
RET-00003318,ITM-000044411,CUS-004374,2022-03-10,2022-03-18,Changed Mind,Opened,120.74,Pending,Store
RET-00003319,ITM-000044418,CUS-006698,2023-03-17,2023-03-25,Size/Fit,Defective,52.83,Pending,Store
RET-00003320,ITM-000044436,CUS-000075,2022-06-22,2022-06-29,Changed Mind,Defective,100.11,Processed,Courier
RET-00003321,ITM-000044457,CUS-008445,2023-07-04,2023-07-15,Defective Product,Damaged,28.72,Processed,Store
RET-00003322,ITM-000044477,CUS-009579,2023-01-03,2023-01-15,Size/Fit,Opened,31.95,Pending,Courier
RET-00003323,ITM-000044479,CUS-006066,2021-02-17,2021-03-01,Defective Product,Defective,18.73,Processed,Courier
RET-00003324,ITM-000044516,CUS-005890,2025-07-12,2025-07-16,Not as Described,Defective,107.02,Processed,Courier
RET-00003325,ITM-000044528,CUS-004764,2021-04-12,2021-04-20,,Defective,39.7,Pending,Store
RET-00003326,ITM-000044536,CUS-000607,2021-09-27,2021-10-01,Changed Mind,Opened,126.28,Pending,Store
RET-00003327,ITM-000044540,CUS-003949,2024-09-14,2024-09-14,Changed Mind,Defective,9.62,Pending,Courier
RET-00003328,ITM-000044560,CUS-010710,2025-03-07,2025-03-07,Defective Product,Damaged,72.69,Pending,Store
RET-00003329,ITM-000044565,CUS-006118,2024-03-23,2024-04-01,Changed Mind,Defective,238.3,Processed,Courier
RET-00003330,ITM-000044568,CUS-008297,2022-03-08,2022-03-20,Size/Fit,Damaged,139.84,Pending,Store
RET-00003331,ITM-000044594,CUS-010150,2024-11-04,2024-11-09,Defective Product,Damaged,102.32,Processed,Store
RET-00003332,ITM-000044640,,2023-04-05,2023-04-18,Defective Product,Defective,41.47,Pending,Store
RET-00003333,ITM-000044644,CUS-001942,2025-06-04,2025-06-06,Not as Described,Defective,200.83,Pending,Courier
RET-00003334,ITM-000044645,CUS-001942,2025-05-19,2025-05-23,Not as Described,Defective,122.28,Processed,Courier
RET-00003335,ITM-000044648,,2020-08-20,2020-08-25,Not as Described,Damaged,533.76,Approved,Courier
RET-00003336,ITM-000044676,CUS-004208,2025-10-19,2025-10-31,Not as Described,Resellable,97.5,Processed,Courier
RET-00003337,ITM-000044692,CUS-001019,2020-07-14,2020-07-22,,Resellable,55.8,Pending,Courier
RET-00003338,ITM-000044715,CUS-011304,2024-06-11,2024-06-24,Defective Product,Resellable,57.53,Approved,Courier
RET-00003339,ITM-000044745,CUS-005717,2021-04-03,2021-04-13,,Resellable,54.16,Approved,Store
RET-00003340,ITM-000044760,CUS-004220,2024-03-26,2024-04-08,Changed Mind,Defective,67.93,Pending,Courier
RET-00003341,ITM-000044771,CUS-003253,2026-04-18,2026-04-30,Changed Mind,Damaged,44.39,Approved,Store
RET-00003342,ITM-000044788,CUS-002295,2022-10-01,2022-10-13,Not as Described,Damaged,224.39,Processed,Courier
RET-00003343,ITM-000044791,CUS-011530,2025-09-04,2025-09-09,Wrong Item,Damaged,59.26,Approved,Store
RET-00003344,ITM-000044794,CUS-006884,2021-08-30,2021-08-30,Wrong Item,Defective,135.33,Approved,Courier
RET-00003345,ITM-000044801,CUS-011901,2021-05-04,2021-05-15,,Opened,130.48,Processed,Courier
RET-00003346,ITM-000044825,CUS-009037,2024-11-09,2024-11-17,Damaged Delivery,Opened,86.42,Processed,Courier
RET-00003347,ITM-000044827,CUS-001025,2025-08-13,2025-08-25,Size/Fit,Resellable,117.28,Approved,Courier
RET-00003348,ITM-000044844,CUS-002787,2023-08-21,2023-08-30,Size/Fit,Resellable,176.2,Approved,Courier
RET-00003349,ITM-000044846,CUS-000928,2024-07-10,2024-07-12,Not as Described,Damaged,327.08,Pending,Store
RET-00003350,ITM-000044877,CUS-005311,2025-03-01,2025-03-06,Defective Product,Defective,48.21,Approved,Store
RET-00003351,ITM-000044879,CUS-001287,2020-02-22,2020-02-22,Defective Product,Opened,94.25,Approved,Courier
RET-00003352,ITM-000044887,CUS-001437,2023-07-01,2023-07-05,Wrong Item,Damaged,258.89,Processed,Courier
RET-00003353,ITM-000044888,CUS-001437,2023-06-27,2023-07-04,Not as Described,Damaged,90.78,Pending,Courier
RET-00003354,ITM-000044894,CUS-003001,2025-11-11,2025-11-20,Defective Product,Defective,69.66,Approved,Courier
RET-00003355,ITM-000044909,CUS-010309,2026-03-11,2026-03-15,Defective Product,Opened,12.86,Pending,Store
RET-00003356,ITM-000044912,CUS-001666,2024-08-14,2024-08-14,Size/Fit,Damaged,223.94,Approved,Courier
RET-00003357,ITM-000044914,CUS-006815,2021-12-23,2021-12-29,Size/Fit,Defective,162.56,Processed,Courier
RET-00003358,ITM-000044926,CUS-009238,2025-10-08,2025-10-17,Changed Mind,Resellable,54.73,Approved,Courier
RET-00003359,ITM-000044928,,2020-05-12,2020-05-19,Defective Product,Resellable,83.29,Pending,Courier
RET-00003360,ITM-000044962,,2026-09-30,2026-10-11,Not as Described,Defective,301.25,Pending,Store
RET-00003361,ITM-000044970,CUS-002430,2020-08-26,2020-09-02,Changed Mind,Defective,169.26,Approved,Courier
RET-00003362,ITM-000044973,CUS-002430,2020-08-30,2020-09-05,,Opened,153.78,Processed,Store
RET-00003363,ITM-000044976,CUS-004093,2021-08-20,2021-08-22,Changed Mind,Resellable,133.46,Processed,Courier
RET-00003364,ITM-000044983,CUS-001538,2024-08-08,2024-08-08,Changed Mind,Opened,105.12,Pending,Courier
RET-00003365,ITM-000045000,CUS-011985,2023-12-06,2023-12-16,Changed Mind,Opened,70.53,Approved,Courier
RET-00003366,ITM-000045013,CUS-004666,2021-05-01,2021-05-04,Defective Product,Resellable,7.29,Processed,Courier
RET-00003367,ITM-000045035,CUS-008904,2021-10-25,2021-11-03,Defective Product,Opened,24.18,Approved,Store
RET-00003368,ITM-000045036,CUS-004612,2025-04-18,2025-04-20,Changed Mind,Damaged,23.25,Pending,Store
RET-00003369,ITM-000045051,CUS-005204,2024-12-06,2024-12-12,Size/Fit,Defective,232.95,Approved,Courier
RET-00003370,ITM-000045094,CUS-004337,2024-07-17,2024-07-17,Size/Fit,Resellable,73.88,Pending,Courier
RET-00003371,ITM-000045108,CUS-003905,2022-10-09,2022-10-19,Defective Product,Damaged,119.15,Pending,Store
RET-00003372,ITM-000045110,CUS-011298,2024-04-15,2024-04-23,Changed Mind,Damaged,68.69,Approved,Store
RET-00003373,ITM-000045130,CUS-003451,2021-05-07,2021-05-16,Size/Fit,Defective,82.18,Pending,Courier
RET-00003374,ITM-000045133,,2023-05-20,2023-06-01,Defective Product,Opened,44.96,Pending,Courier
RET-00003375,ITM-000045166,CUS-002570,2025-07-30,2025-08-09,Defective Product,Resellable,165.72,Pending,Courier
RET-00003376,ITM-000045168,CUS-005671,2023-12-22,2023-12-30,Damaged Delivery,Damaged,77.59,Approved,Store
RET-00003377,ITM-000045191,CUS-001837,2024-08-11,2024-08-22,Not as Described,Opened,35.73,Processed,Courier
RET-00003378,ITM-000045193,CUS-004300,2022-02-01,2022-02-06,Changed Mind,Damaged,322.14,Approved,Store
RET-00003379,ITM-000045222,CUS-004152,2025-04-02,2025-04-02,Changed Mind,Defective,26.32,Approved,Courier
RET-00003380,ITM-000045257,CUS-006172,2020-12-16,2020-12-26,Defective Product,Damaged,249.82,Processed,Courier
RET-00003381,ITM-000045276,CUS-000422,2025-02-12,2025-02-18,Defective Product,Damaged,178.18,Approved,Courier
RET-00003382,ITM-000045278,CUS-000422,2025-02-27,2025-03-12,Damaged Delivery,Resellable,193.52,Processed,Store
RET-00003383,ITM-000045306,CUS-007718,2024-04-20,2024-04-20,Changed Mind,Resellable,58.56,Pending,Store
RET-00003384,ITM-000045314,CUS-002918,2026-03-01,2026-03-01,Defective Product,Opened,31.28,Processed,Store
RET-00003385,ITM-000045327,CUS-005440,2021-10-22,2021-10-27,Damaged Delivery,Resellable,35.79,Approved,Courier
RET-00003386,ITM-000045348,CUS-006439,2022-08-06,2022-08-19,Size/Fit,Resellable,35.98,Processed,Courier
RET-00003387,ITM-000045351,CUS-004657,2024-05-16,2024-05-29,Wrong Item,Opened,201.27,Pending,Store
RET-00003388,ITM-000045353,CUS-007638,2021-07-10,2021-07-14,,Resellable,119.37,Processed,Store
RET-00003389,ITM-000045354,CUS-007638,2021-07-09,2021-07-21,,Defective,77.58,Pending,Courier
RET-00003390,ITM-000045358,CUS-008556,2026-01-07,2026-01-08,Defective Product,Defective,28.25,Approved,Courier
RET-00003391,ITM-000045372,CUS-006103,2024-02-18,2024-02-27,Changed Mind,Defective,130.2,Pending,Courier
RET-00003392,ITM-000045380,CUS-006437,2025-07-11,2025-07-19,Defective Product,Damaged,60.8,Processed,Store
RET-00003393,ITM-000045382,CUS-002663,2023-10-29,2023-11-06,Changed Mind,Defective,29.2,Approved,Store
RET-00003394,ITM-000045384,CUS-009265,2026-04-24,2026-05-01,Size/Fit,Opened,102.45,Pending,Courier
RET-00003395,ITM-000045414,CUS-000442,2025-06-26,2025-07-08,Changed Mind,Damaged,82.25,Pending,Courier
RET-00003396,ITM-000045416,CUS-010659,2022-09-24,2022-10-05,Defective Product,Resellable,21.34,Approved,Courier
RET-00003397,ITM-000045475,CUS-002385,2024-05-07,2024-05-12,Damaged Delivery,Damaged,19.83,Approved,Store
RET-00003398,ITM-000045505,,2020-12-06,2020-12-07,Size/Fit,Defective,145.5,Pending,Courier
RET-00003399,ITM-000045510,CUS-001792,2024-06-27,2024-07-02,Size/Fit,Defective,71.93,Pending,Courier
RET-00003400,ITM-000045518,CUS-003610,2024-04-22,2024-04-28,Damaged Delivery,Damaged,174.34,Processed,Courier
RET-00003401,ITM-000045543,CUS-008906,2021-07-01,2021-07-07,Not as Described,Resellable,56.81,Approved,Courier
RET-00003402,ITM-000045566,CUS-005060,2024-05-02,2024-05-12,Damaged Delivery,Damaged,216.03,Processed,Store
RET-00003403,ITM-000045577,CUS-001121,2024-10-20,2024-10-23,Size/Fit,Opened,77.33,Approved,Courier
RET-00003404,ITM-000045590,CUS-010891,2021-06-22,2021-06-22,,Defective,225.06,Processed,Store
RET-00003405,ITM-000045606,CUS-008979,2026-05-31,2026-06-08,,Opened,48.63,Pending,Store
RET-00003406,ITM-000045607,CUS-008579,2023-05-19,2023-05-27,Changed Mind,Opened,69.57,Processed,Store
RET-00003407,ITM-000045612,CUS-011771,2025-07-25,2025-07-29,Not as Described,Opened,183.79,Pending,Courier
RET-00003408,ITM-000045635,CUS-000126,2024-06-11,2024-06-23,Size/Fit,Resellable,533.76,Processed,Courier
RET-00003409,ITM-000045653,CUS-005129,2022-06-13,2022-06-22,Size/Fit,Defective,12.79,Processed,Courier
RET-00003410,ITM-000045660,CUS-005203,2024-07-16,2024-07-24,Defective Product,Resellable,122.6,Pending,Store
RET-00003411,ITM-000045661,CUS-002602,2021-11-02,2021-11-08,Size/Fit,Damaged,350.66,Processed,Store
RET-00003412,ITM-000045662,CUS-000959,2024-02-18,2024-02-19,Defective Product,Opened,37.98,Approved,Store
RET-00003413,ITM-000045670,CUS-006153,2023-09-20,2023-10-03,Changed Mind,Resellable,34.34,Pending,Courier
RET-00003414,ITM-000045700,CUS-011732,2021-09-06,2021-09-12,Defective Product,Defective,95.09,Approved,Courier
RET-00003415,ITM-000045728,CUS-001578,2020-03-26,2020-03-29,Size/Fit,Damaged,42.51,Approved,Courier
RET-00003416,ITM-000045734,CUS-010165,2025-10-17,2025-10-24,Changed Mind,Defective,20.68,Processed,Courier
RET-00003417,ITM-000045739,CUS-006293,2025-01-23,2025-01-23,Changed Mind,Opened,65.74,Processed,Courier
RET-00003418,ITM-000045741,CUS-002590,2021-11-21,2021-11-28,Wrong Item,Damaged,188.87,Approved,Courier
RET-00003419,ITM-000045753,CUS-006371,2021-07-07,2021-07-08,Changed Mind,Defective,154.02,Approved,Courier
RET-00003420,ITM-000045759,CUS-004961,2020-04-08,2020-04-20,Changed Mind,Opened,20.32,Approved,Courier
RET-00003421,ITM-000045823,CUS-001644,2022-05-06,2022-05-10,Changed Mind,Resellable,25.74,Approved,Store
RET-00003422,ITM-000045838,CUS-004365,2022-08-09,2022-08-18,Defective Product,Resellable,164.0,Processed,Courier
RET-00003423,ITM-000045842,CUS-007676,2022-11-07,2022-11-11,Damaged Delivery,Defective,63.81,Approved,Courier
RET-00003424,ITM-000045843,CUS-007676,2022-11-08,2022-11-19,Changed Mind,Damaged,62.62,Approved,Store
RET-00003425,ITM-000045858,CUS-010358,2024-02-09,2024-02-12,Not as Described,Resellable,114.1,Processed,Store
RET-00003426,ITM-000045860,CUS-010205,2026-02-18,2026-03-03,Not as Described,Defective,125.59,Processed,Courier
RET-00003427,ITM-000045861,CUS-009008,2026-01-14,2026-01-27,Defective Product,Defective,67.58,Processed,Store
RET-00003428,ITM-000045871,CUS-001565,2023-08-21,2023-08-21,Changed Mind,Damaged,43.6,Processed,Store
RET-00003429,ITM-000045883,CUS-010669,2023-06-21,2023-07-02,Wrong Item,Resellable,46.92,Pending,Courier
RET-00003430,ITM-000045900,CUS-005159,2024-04-16,2024-04-25,Size/Fit,Defective,437.36,Pending,Courier
RET-00003431,ITM-000045909,CUS-000143,2022-07-29,2022-07-30,,Defective,146.02,Processed,Courier
RET-00003432,ITM-000045914,CUS-011577,2022-10-20,2022-10-20,Defective Product,Damaged,119.64,Processed,Courier
RET-00003433,ITM-000045916,CUS-009551,2022-10-01,2022-10-02,Wrong Item,Damaged,36.42,Pending,Courier
RET-00003434,ITM-000045936,CUS-005923,2023-09-29,2023-10-09,Changed Mind,Damaged,309.57,Approved,Courier
RET-00003435,ITM-000045944,CUS-002245,2026-01-02,2026-01-15,Defective Product,Damaged,109.5,Processed,Courier
RET-00003436,ITM-000045957,CUS-003611,2020-08-24,2020-09-05,,Defective,35.97,Approved,Courier
RET-00003437,ITM-000045959,CUS-006905,2021-09-11,2021-09-24,Changed Mind,Opened,33.0,Pending,Courier
RET-00003438,ITM-000045962,CUS-002866,2021-02-20,2021-02-21,Changed Mind,Resellable,737.61,Pending,Courier
RET-00003439,ITM-000045965,CUS-001943,2025-09-18,2025-09-25,Defective Product,Opened,122.19,Approved,Store
RET-00003440,ITM-000045968,CUS-011241,2024-08-28,2024-09-01,Size/Fit,Damaged,29.18,Pending,Store
RET-00003441,ITM-000045980,CUS-000060,2023-12-11,2023-12-23,Changed Mind,Damaged,53.3,Pending,Store
RET-00003442,ITM-000045993,CUS-011758,2024-05-11,2024-05-17,Wrong Item,Defective,27.91,Processed,Store
RET-00003443,ITM-000046008,CUS-008207,2024-10-22,2024-11-04,Defective Product,Opened,30.73,Approved,Store
RET-00003444,ITM-000046016,CUS-004496,2024-04-21,2024-05-01,Size/Fit,Damaged,21.3,Approved,Store
RET-00003445,ITM-000046018,CUS-000166,2025-04-20,2025-05-01,Size/Fit,Defective,188.57,Pending,Store
RET-00003446,ITM-000046022,CUS-009031,2025-08-23,2025-08-26,,Resellable,45.34,Approved,Courier
RET-00003447,ITM-000046030,CUS-003989,2023-05-31,2023-06-13,Size/Fit,Damaged,91.12,Pending,Courier
RET-00003448,ITM-000046072,CUS-001311,2020-02-08,2020-02-09,,Defective,54.39,Approved,Courier
RET-00003449,ITM-000046074,CUS-008853,2023-12-18,2023-12-21,Not as Described,Defective,28.89,Pending,Store
RET-00003450,ITM-000046075,CUS-010501,2020-12-02,2020-12-04,Other,Damaged,67.7,Approved,Store
RET-00003451,ITM-000046080,CUS-001637,2020-09-08,2020-09-17,Defective Product,Damaged,57.53,Processed,Courier
RET-00003452,ITM-000046097,CUS-010595,2024-07-24,2024-07-29,Defective Product,Defective,79.62,Processed,Courier
RET-00003453,ITM-000046109,CUS-000716,2024-02-27,2024-03-11,Size/Fit,Damaged,40.12,Pending,Courier
RET-00003454,ITM-000046124,CUS-011571,2022-10-27,2022-11-07,Changed Mind,Opened,53.77,Pending,Courier
RET-00003455,ITM-000046125,CUS-011571,2022-10-11,2022-10-14,Defective Product,Damaged,241.48,Pending,Courier
RET-00003456,ITM-000046135,CUS-006850,2025-07-04,2025-07-10,Other,Resellable,24.24,Processed,Courier
RET-00003457,ITM-000046136,CUS-006850,2025-05-28,2025-06-01,Changed Mind,Opened,364.47,Processed,Courier
RET-00003458,ITM-000046141,CUS-000142,2025-11-21,2025-11-21,Changed Mind,Opened,130.58,Processed,Store
RET-00003459,ITM-000046143,CUS-000142,2025-12-29,2026-01-03,Changed Mind,Resellable,82.49,Pending,Store
RET-00003460,ITM-000046159,CUS-011776,2024-10-02,2024-10-03,Defective Product,Damaged,23.25,Processed,Courier
RET-00003461,ITM-000046168,CUS-001314,2026-04-17,2026-04-25,Changed Mind,Resellable,91.98,Processed,Courier
RET-00003462,ITM-000046169,,2025-10-17,2025-10-27,Defective Product,Damaged,176.72,Approved,Courier
RET-00003463,ITM-000046173,CUS-005112,2024-03-16,2024-03-16,Size/Fit,Opened,87.59,Processed,Courier
RET-00003464,ITM-000046184,CUS-011544,2023-04-08,2023-04-12,Damaged Delivery,Resellable,340.53,Approved,Courier
RET-00003465,ITM-000046203,CUS-006410,2026-05-01,2026-05-04,Not as Described,Resellable,728.94,Approved,Courier
RET-00003466,ITM-000046209,CUS-004216,2026-03-16,2026-03-19,Defective Product,Damaged,93.56,Approved,Courier
RET-00003467,ITM-000046217,CUS-000811,2023-03-05,2023-03-06,Changed Mind,Resellable,117.97,Processed,Courier
RET-00003468,ITM-000046223,CUS-011533,2025-08-17,2025-08-28,Size/Fit,Damaged,191.96,Processed,Courier
RET-00003469,ITM-000046250,CUS-005543,2021-06-01,2021-06-06,Defective Product,Defective,217.22,Pending,Store
RET-00003470,ITM-000046253,CUS-003582,2021-05-26,2021-06-07,Not as Described,Resellable,37.63,Pending,Store
RET-00003471,ITM-000046275,CUS-003744,2026-05-24,2026-05-24,Changed Mind,Opened,18.07,Pending,Courier
RET-00003472,ITM-000046303,CUS-011220,2024-01-28,2024-02-04,Changed Mind,Defective,72.54,Approved,Store
RET-00003473,ITM-000046335,CUS-006900,2020-07-21,2020-08-01,,Opened,167.49,Processed,Courier
RET-00003474,ITM-000046351,CUS-003989,2024-10-01,2024-10-10,Changed Mind,Defective,105.47,Approved,Store
RET-00003475,ITM-000046364,CUS-008316,2026-05-10,2026-05-17,Not as Described,Opened,383.28,Approved,Courier
RET-00003476,ITM-000046365,CUS-008316,2026-04-28,2026-05-01,Size/Fit,Resellable,41.2,Processed,Courier
RET-00003477,ITM-000046390,CUS-010761,2022-05-15,2022-05-27,Wrong Item,Defective,324.11,Processed,Courier
RET-00003478,ITM-000046401,CUS-010240,2024-04-03,2024-04-11,Defective Product,Resellable,10.78,Processed,Courier
RET-00003479,ITM-000046403,CUS-003200,2024-07-02,2024-07-14,Damaged Delivery,Resellable,97.96,Pending,Courier
RET-00003480,ITM-000046429,CUS-008473,2026-08-26,2026-09-07,Wrong Item,Resellable,354.16,Approved,Courier
RET-00003481,ITM-000046435,CUS-008174,2026-05-13,2026-05-20,Changed Mind,Resellable,57.21,Pending,Courier
RET-00003482,ITM-000046438,CUS-008409,2025-08-16,2025-08-26,Defective Product,Damaged,26.32,Processed,Courier
RET-00003483,ITM-000046442,CUS-002278,2024-02-26,2024-03-04,Defective Product,Resellable,56.54,Approved,Store
RET-00003484,ITM-000046449,CUS-011651,2024-09-28,2024-10-05,Changed Mind,Damaged,147.51,Approved,Courier
RET-00003485,ITM-000046476,CUS-001195,2023-11-04,2023-11-16,Size/Fit,Opened,81.99,Approved,Courier
RET-00003486,ITM-000046493,CUS-004310,2024-02-25,2024-02-28,Size/Fit,Defective,78.14,Pending,Store
RET-00003487,ITM-000046494,CUS-004310,2024-03-15,2024-03-28,Damaged Delivery,Defective,57.17,Processed,Courier
RET-00003488,ITM-000046527,CUS-008397,2020-01-17,2020-01-28,Damaged Delivery,Defective,57.02,Pending,Courier
RET-00003489,ITM-000046541,CUS-007872,2021-08-14,2021-08-19,Damaged Delivery,Defective,22.2,Pending,Store
RET-00003490,ITM-000046544,CUS-007872,2021-07-14,2021-07-23,Changed Mind,Resellable,21.79,Pending,Store
RET-00003491,ITM-000046549,CUS-011976,2021-03-03,2021-03-08,,Defective,161.17,Pending,Courier
RET-00003492,ITM-000046605,CUS-003232,2023-07-20,2023-08-01,Defective Product,Damaged,45.45,Pending,Store
RET-00003493,ITM-000046610,CUS-000350,2020-12-12,2020-12-24,Changed Mind,Resellable,49.58,Approved,Courier
RET-00003494,ITM-000046635,CUS-011451,2021-08-25,2021-09-02,Changed Mind,Defective,27.73,Approved,Store
RET-00003495,ITM-000046638,CUS-008371,2022-10-17,2022-10-24,Not as Described,Opened,533.76,Pending,Courier
RET-00003496,ITM-000046651,CUS-003782,2024-07-11,2024-07-16,Not as Described,Opened,41.12,Approved,Courier
RET-00003497,ITM-000046669,CUS-010692,2023-12-01,2023-12-07,Size/Fit,Defective,104.92,Pending,Courier
RET-00003498,ITM-000046685,CUS-009389,2025-04-02,2025-04-06,Not as Described,Damaged,32.64,Approved,Courier
RET-00003499,ITM-000046687,CUS-000628,2023-02-21,2023-02-26,Changed Mind,Defective,57.85,Pending,Store
RET-00003500,ITM-000046688,CUS-001881,2023-11-04,2023-11-13,Other,Opened,56.63,Pending,Store
RET-00003501,ITM-000046713,CUS-005664,2025-03-21,2025-03-24,Not as Described,Defective,81.28,Pending,Courier
RET-00003502,ITM-000046722,CUS-009928,2025-12-29,2026-01-07,Wrong Item,Defective,42.53,Pending,Store
RET-00003503,ITM-000046759,CUS-011471,2022-05-12,2022-05-25,Not as Described,Resellable,80.85,Approved,Courier
RET-00003504,ITM-000046801,CUS-009540,2025-08-23,2025-08-25,Changed Mind,Damaged,54.13,Pending,Courier
RET-00003505,ITM-000046853,CUS-005702,2022-06-29,2022-07-03,Size/Fit,Defective,37.92,Pending,Courier
RET-00003506,ITM-000046854,CUS-004914,2026-01-31,2026-02-05,Changed Mind,Opened,27.77,Approved,Courier
RET-00003507,ITM-000046872,CUS-000671,2022-07-19,2022-07-20,Not as Described,Defective,18.86,Pending,Store
RET-00003508,ITM-000046883,CUS-002693,2022-09-14,2022-09-21,Changed Mind,Resellable,153.35,Approved,Courier
RET-00003509,ITM-000046936,CUS-001290,2023-11-27,2023-12-06,Changed Mind,Damaged,10.29,Processed,Courier
RET-00003510,ITM-000046940,CUS-003949,2025-05-09,2025-05-11,Changed Mind,Defective,68.17,Processed,Courier
RET-00003511,ITM-000046948,CUS-010417,2022-07-06,2022-07-09,Changed Mind,Resellable,14.47,Pending,Courier
RET-00003512,ITM-000046957,CUS-005111,2021-02-09,2021-02-15,Defective Product,Defective,622.1,Processed,Courier
RET-00003513,ITM-000046996,CUS-003281,2020-09-06,2020-09-08,Defective Product,Defective,212.0,Approved,Courier
RET-00003514,ITM-000046997,CUS-003281,2020-10-07,2020-10-20,Changed Mind,Defective,82.94,Approved,Store
RET-00003515,ITM-000047022,CUS-011604,2022-04-18,2022-04-23,,Resellable,182.0,Processed,Store
RET-00003516,ITM-000047028,CUS-011231,2022-10-10,2022-10-22,Not as Described,Damaged,26.3,Approved,Courier
RET-00003517,ITM-000047030,CUS-000719,2021-03-09,2021-03-20,Size/Fit,Defective,25.82,Approved,Courier
RET-00003518,ITM-000047033,,2023-05-19,2023-05-19,Size/Fit,Damaged,11.77,Pending,Courier
RET-00003519,ITM-000047034,,2023-05-03,2023-05-16,Changed Mind,Resellable,83.18,Pending,Store
RET-00003520,ITM-000047037,CUS-005097,2022-02-23,2022-02-26,Changed Mind,Defective,67.93,Approved,Store
RET-00003521,ITM-000047052,CUS-000708,2020-10-14,2020-10-21,,Opened,23.75,Approved,Courier
RET-00003522,ITM-000047068,CUS-001477,2024-07-01,2024-07-03,Changed Mind,Opened,154.66,Pending,Store
RET-00003523,ITM-000047070,CUS-004815,2021-10-13,2021-10-21,Defective Product,Resellable,59.58,Processed,Store
RET-00003524,ITM-000047117,CUS-007044,2025-03-17,2025-03-28,Changed Mind,Opened,151.32,Processed,Courier
RET-00003525,ITM-000047119,CUS-008824,2024-04-01,2024-04-12,Size/Fit,Opened,97.73,Approved,Courier
RET-00003526,ITM-000047132,CUS-001013,2020-03-24,2020-04-01,Wrong Item,Resellable,956.86,Processed,Courier
RET-00003527,ITM-000047133,CUS-001013,2020-03-19,2020-03-19,Not as Described,Resellable,52.09,Pending,Store
RET-00003528,ITM-000047137,CUS-006230,2026-01-19,2026-01-22,Other,Damaged,170.92,Processed,Courier
RET-00003529,ITM-000047142,CUS-005469,2021-11-23,2021-11-23,Changed Mind,Damaged,194.38,Approved,Courier
RET-00003530,ITM-000047147,CUS-002540,2023-10-07,2023-10-20,Size/Fit,Damaged,114.48,Processed,Courier
RET-00003531,ITM-000047148,CUS-000581,2024-11-28,2024-12-10,Not as Described,Defective,20.7,Approved,Store
RET-00003532,ITM-000047161,CUS-001873,2021-04-10,2021-04-12,Changed Mind,Opened,94.42,Approved,Courier
RET-00003533,ITM-000047175,CUS-011141,2026-04-03,2026-04-09,Changed Mind,Resellable,44.58,Pending,Store
RET-00003534,ITM-000047176,CUS-011997,2024-10-25,2024-11-03,Changed Mind,Defective,37.2,Processed,Courier
RET-00003535,ITM-000047191,CUS-009810,2020-02-01,2020-02-06,,Damaged,202.29,Approved,Store
RET-00003536,ITM-000047205,CUS-010859,2022-12-20,2022-12-28,Changed Mind,Defective,107.51,Pending,Store
RET-00003537,ITM-000047215,CUS-007543,2026-01-25,2026-01-31,Damaged Delivery,Damaged,58.33,Approved,Courier
RET-00003538,ITM-000047221,,2020-03-15,2020-03-15,Defective Product,Defective,21.18,Processed,Courier
RET-00003539,ITM-000047242,CUS-005019,2023-07-30,2023-08-06,Defective Product,Damaged,50.11,Pending,Store
RET-00003540,ITM-000047251,CUS-002460,2026-05-01,2026-05-01,Changed Mind,Defective,120.49,Pending,Store
RET-00003541,ITM-000047252,CUS-002594,2021-04-18,2021-04-25,Damaged Delivery,Resellable,184.0,Processed,Courier
RET-00003542,ITM-000047258,CUS-002390,2023-07-20,2023-07-24,Defective Product,Resellable,16.23,Approved,Store
RET-00003543,ITM-000047275,CUS-007011,2022-12-28,2023-01-08,Wrong Item,Defective,478.43,Approved,Courier
RET-00003544,ITM-000047312,CUS-011629,2021-10-25,2021-11-01,Defective Product,Opened,413.1,Approved,Courier
RET-00003545,ITM-000047314,CUS-009383,2023-09-30,2023-10-06,Changed Mind,Opened,9.89,Approved,Store
RET-00003546,ITM-000047326,CUS-009004,2024-01-17,2024-01-30,Not as Described,Defective,110.16,Pending,Store
RET-00003547,ITM-000047338,CUS-002360,2020-04-07,2020-04-19,Size/Fit,Defective,19.71,Pending,Store
RET-00003548,ITM-000047343,CUS-002321,2021-12-24,2021-12-25,Defective Product,Damaged,98.62,Processed,Courier
RET-00003549,ITM-000047352,CUS-004721,2021-10-05,2021-10-17,Size/Fit,Damaged,77.88,Pending,Courier
RET-00003550,ITM-000047361,CUS-006664,2020-05-23,2020-06-01,,Opened,14.58,Approved,Store
RET-00003551,ITM-000047388,CUS-007361,2021-03-29,2021-03-30,Changed Mind,Resellable,27.05,Pending,Store
RET-00003552,ITM-000047403,,2025-10-03,2025-10-04,Other,Defective,138.55,Pending,Store
RET-00003553,ITM-000047404,,2025-10-09,2025-10-11,Size/Fit,Defective,17.55,Pending,Courier
RET-00003554,ITM-000047431,CUS-004465,2020-06-09,2020-06-18,,Resellable,226.8,Pending,Courier
RET-00003555,ITM-000047437,CUS-005907,2026-07-24,2026-08-03,Changed Mind,Opened,104.52,Approved,Courier
RET-00003556,ITM-000047439,CUS-007831,2021-10-11,2021-10-18,Not as Described,Damaged,25.47,Processed,Store
RET-00003557,ITM-000047449,CUS-011862,2020-02-21,2020-02-29,Defective Product,Defective,163.55,Approved,Store
RET-00003558,ITM-000047476,CUS-008474,2020-06-28,2020-07-02,Not as Described,Opened,36.37,Pending,Store
RET-00003559,ITM-000047480,CUS-006806,2025-06-15,2025-06-24,Changed Mind,Opened,61.7,Pending,Courier
RET-00003560,ITM-000047487,CUS-009659,2022-12-05,2022-12-11,Changed Mind,Resellable,38.03,Pending,Courier
RET-00003561,ITM-000047531,CUS-011408,2023-09-21,2023-09-23,Defective Product,Defective,86.16,Processed,Courier
RET-00003562,ITM-000047547,CUS-003273,2020-05-10,2020-05-17,,Resellable,89.39,Processed,Courier
RET-00003563,ITM-000047548,CUS-003273,2020-04-10,2020-04-20,Size/Fit,Opened,99.23,Approved,Store
RET-00003564,ITM-000047588,CUS-010907,2024-04-19,2024-04-28,Changed Mind,Opened,58.19,Approved,Store
RET-00003565,ITM-000047600,CUS-004960,2024-04-07,2024-04-14,Not as Described,Damaged,24.09,Approved,Store
RET-00003566,ITM-000047608,CUS-011662,2024-05-18,2024-05-30,Defective Product,Opened,73.0,Pending,Store
RET-00003567,ITM-000047666,CUS-009954,2021-01-06,2021-01-09,Changed Mind,Damaged,113.2,Processed,Courier
RET-00003568,ITM-000047678,CUS-001559,2021-02-17,2021-03-01,Changed Mind,Resellable,41.2,Pending,Store
RET-00003569,ITM-000047716,CUS-001447,2025-12-03,2025-12-09,Size/Fit,Damaged,35.33,Pending,Courier
RET-00003570,ITM-000047717,CUS-001447,2025-12-01,2025-12-12,Defective Product,Defective,64.28,Processed,Courier
RET-00003571,ITM-000047725,CUS-004340,2026-07-06,2026-07-08,Size/Fit,Damaged,98.56,Pending,Courier
RET-00003572,ITM-000047740,CUS-009816,2021-10-19,2021-10-22,,Resellable,86.72,Pending,Store
RET-00003573,ITM-000047754,CUS-008147,2024-06-08,2024-06-13,Defective Product,Damaged,230.16,Approved,Courier
RET-00003574,ITM-000047793,CUS-011180,2024-11-29,2024-12-04,Damaged Delivery,Damaged,81.78,Approved,Store
RET-00003575,ITM-000047794,CUS-006907,2021-07-18,2021-07-27,Damaged Delivery,Opened,100.23,Pending,Store
RET-00003576,ITM-000047805,CUS-008262,2025-10-14,2025-10-21,Wrong Item,Damaged,26.81,Processed,Courier
RET-00003577,ITM-000047818,CUS-004990,2025-06-07,2025-06-07,Changed Mind,Defective,15.37,Approved,Courier
RET-00003578,ITM-000047822,CUS-010626,2024-01-24,2024-02-03,Size/Fit,Opened,57.07,Pending,Store
RET-00003579,ITM-000047827,CUS-005755,2022-08-17,2022-08-27,Size/Fit,Opened,19.31,Processed,Courier
RET-00003580,ITM-000047868,CUS-003670,2023-12-20,2023-12-31,Not as Described,Opened,108.26,Processed,Courier
RET-00003581,ITM-000047871,CUS-010440,2026-05-19,2026-05-23,Changed Mind,Defective,69.44,Approved,Courier
RET-00003582,ITM-000047875,CUS-005984,2025-05-29,2025-06-08,Not as Described,Defective,35.79,Processed,Store
RET-00003583,ITM-000047892,CUS-007046,2024-03-18,2024-03-29,Not as Described,Damaged,3.4,Processed,Store
RET-00003584,ITM-000047927,CUS-003804,2025-11-04,2025-11-05,Size/Fit,Opened,107.35,Processed,Store
RET-00003585,ITM-000047948,CUS-006141,2021-01-06,2021-01-17,,Opened,19.11,Processed,Store
RET-00003586,ITM-000047956,CUS-008701,2025-02-19,2025-02-21,Wrong Item,Damaged,232.46,Pending,Courier
RET-00003587,ITM-000047986,CUS-011853,2024-01-06,2024-01-18,Changed Mind,Defective,350.66,Processed,Store
RET-00003588,ITM-000047993,CUS-009485,2023-06-25,2023-07-06,Not as Described,Defective,48.51,Processed,Store
RET-00003589,ITM-000048013,CUS-011066,2022-04-26,2022-05-06,Size/Fit,Resellable,160.58,Processed,Courier
RET-00003590,ITM-000048040,CUS-006033,2025-09-04,2025-09-05,Defective Product,Opened,77.57,Approved,Store
RET-00003591,ITM-000048051,CUS-008635,2021-10-09,2021-10-18,Not as Described,Opened,85.53,Processed,Courier
RET-00003592,ITM-000048067,CUS-001074,2025-08-26,2025-09-04,Size/Fit,Damaged,62.45,Pending,Courier
RET-00003593,ITM-000048078,CUS-005577,2023-11-30,2023-12-12,Wrong Item,Defective,68.7,Approved,Store
RET-00003594,ITM-000048086,CUS-009809,2021-10-27,2021-10-28,,Damaged,97.28,Approved,Store
RET-00003595,ITM-000048099,CUS-003106,2024-11-23,2024-11-30,Changed Mind,Damaged,39.66,Approved,Store
RET-00003596,ITM-000048105,CUS-000186,2022-01-27,2022-01-30,Changed Mind,Opened,36.22,Approved,Courier
RET-00003597,ITM-000048167,CUS-007126,2020-11-25,2020-12-03,Wrong Item,Defective,27.2,Approved,Courier
RET-00003598,ITM-000048179,CUS-001036,2025-03-16,2025-03-24,Changed Mind,Resellable,48.02,Processed,Courier
RET-00003599,ITM-000048186,,2020-09-18,2020-09-24,Size/Fit,Resellable,16.65,Processed,Courier
RET-00003600,ITM-000048187,CUS-010198,2021-04-15,2021-04-25,Damaged Delivery,Defective,114.75,Processed,Courier
RET-00003601,ITM-000048210,CUS-008236,2022-08-12,2022-08-22,Size/Fit,Resellable,158.58,Pending,Courier
RET-00003602,ITM-000048217,CUS-003999,2024-01-10,2024-01-22,Size/Fit,Damaged,215.02,Processed,Courier
RET-00003603,ITM-000048230,CUS-005314,2020-06-05,2020-06-08,Changed Mind,Damaged,18.96,Processed,Courier
RET-00003604,ITM-000048235,CUS-001703,2021-05-30,2021-05-31,Changed Mind,Defective,126.98,Pending,Courier
RET-00003605,ITM-000048240,CUS-007265,2026-04-05,2026-04-14,Changed Mind,Damaged,44.58,Approved,Courier
RET-00003606,ITM-000048253,CUS-002646,2020-10-29,2020-11-02,Not as Described,Damaged,145.5,Pending,Store
RET-00003607,ITM-000048259,CUS-008122,2023-05-20,2023-05-27,Defective Product,Defective,37.98,Approved,Courier
RET-00003608,ITM-000048273,CUS-007773,2024-02-14,2024-02-15,Damaged Delivery,Damaged,172.81,Processed,Store
RET-00003609,ITM-000048276,,2024-07-05,2024-07-13,Size/Fit,Damaged,19.85,Processed,Courier
RET-00003610,ITM-000048284,CUS-002893,2023-03-06,2023-03-14,Changed Mind,Opened,178.92,Approved,Courier
RET-00003611,ITM-000048295,CUS-002696,2026-04-27,2026-05-04,Defective Product,Opened,54.41,Processed,Store
RET-00003612,ITM-000048298,CUS-008035,2023-07-30,2023-08-08,Size/Fit,Resellable,110.72,Pending,Store
RET-00003613,ITM-000048299,CUS-004853,2026-07-15,2026-07-15,Defective Product,Opened,199.54,Approved,Courier
RET-00003614,ITM-000048316,CUS-005873,2024-09-10,2024-09-23,Not as Described,Opened,51.86,Pending,Store
RET-00003615,ITM-000048330,CUS-008496,2026-08-19,2026-08-20,Not as Described,Resellable,123.38,Processed,Store
RET-00003616,ITM-000048341,CUS-007910,2023-05-01,2023-05-01,Changed Mind,Defective,369.81,Pending,Courier
RET-00003617,ITM-000048347,CUS-008260,2026-07-05,2026-07-15,Damaged Delivery,Damaged,108.1,Approved,Courier
RET-00003618,ITM-000048368,CUS-006631,2022-01-21,2022-01-27,Size/Fit,Defective,82.94,Pending,Courier
RET-00003619,ITM-000048370,CUS-006631,2022-02-05,2022-02-05,Defective Product,Opened,39.66,Processed,Store
RET-00003620,ITM-000048375,CUS-008119,2020-06-10,2020-06-12,Wrong Item,Defective,61.6,Processed,Store
RET-00003621,ITM-000048380,CUS-007963,2020-09-07,2020-09-11,Changed Mind,Defective,81.78,Processed,Store
RET-00003622,ITM-000048381,CUS-007963,2020-08-24,2020-08-24,,Opened,176.06,Pending,Courier
RET-00003623,ITM-000048390,CUS-000889,2026-03-05,2026-03-10,Wrong Item,Opened,586.66,Processed,Courier
RET-00003624,ITM-000048426,CUS-008391,2025-09-18,2025-09-26,Defective Product,Damaged,140.93,Processed,Courier
RET-00003625,ITM-000048445,CUS-010637,2020-11-01,2020-11-02,Wrong Item,Defective,51.14,Approved,Courier
RET-00003626,ITM-000048448,CUS-010309,2020-12-29,2021-01-07,Size/Fit,Defective,48.02,Pending,Store
RET-00003627,ITM-000048493,CUS-004974,2020-05-14,2020-05-22,Changed Mind,Resellable,55.23,Pending,Courier
RET-00003628,ITM-000048514,CUS-010701,2021-04-26,2021-04-29,Changed Mind,Defective,10.29,Pending,Courier
RET-00003629,ITM-000048516,CUS-005406,2026-04-10,2026-04-18,Not as Described,Resellable,84.78,Processed,Store
RET-00003630,ITM-000048518,CUS-005406,2026-03-27,2026-04-08,Defective Product,Opened,63.47,Pending,Courier
RET-00003631,ITM-000048523,CUS-011037,2022-04-14,2022-04-18,Not as Described,Damaged,43.74,Processed,Store
RET-00003632,ITM-000048525,CUS-002317,2020-09-25,2020-10-03,Wrong Item,Opened,120.49,Processed,Store
RET-00003633,ITM-000048537,CUS-006949,2022-07-15,2022-07-21,Size/Fit,Opened,17.13,Approved,Courier
RET-00003634,ITM-000048555,CUS-004415,2022-12-11,2022-12-14,Changed Mind,Defective,11.63,Approved,Courier
RET-00003635,ITM-000048584,CUS-002787,2022-02-23,2022-03-05,Size/Fit,Resellable,117.95,Processed,Courier
RET-00003636,ITM-000048591,CUS-000510,2026-06-06,2026-06-07,Size/Fit,Damaged,54.77,Processed,Store
RET-00003637,ITM-000048605,CUS-002254,2025-10-25,2025-10-31,Defective Product,Defective,180.22,Processed,Courier
RET-00003638,ITM-000048615,CUS-009262,2020-11-14,2020-11-16,Size/Fit,Damaged,238.45,Pending,Courier
RET-00003639,ITM-000048634,CUS-006013,2025-08-06,2025-08-06,Changed Mind,Resellable,22.11,Pending,Courier
RET-00003640,ITM-000048644,CUS-007598,2025-12-23,2025-12-31,Size/Fit,Resellable,55.23,Approved,Store
RET-00003641,ITM-000048663,CUS-010501,2022-07-09,2022-07-13,Other,Opened,41.59,Approved,Store
RET-00003642,ITM-000048695,CUS-009497,2026-05-12,2026-05-19,Changed Mind,Resellable,12.93,Approved,Store
RET-00003643,ITM-000048706,CUS-009874,2026-01-09,2026-01-17,Changed Mind,Damaged,264.14,Processed,Courier
RET-00003644,ITM-000048722,CUS-007595,2021-07-30,2021-08-11,Damaged Delivery,Opened,55.41,Processed,Courier
RET-00003645,ITM-000048744,CUS-001946,2022-11-03,2022-11-07,Defective Product,Damaged,41.44,Approved,Store
RET-00003646,ITM-000048755,CUS-005836,2020-11-23,2020-11-27,Changed Mind,Opened,350.34,Pending,Courier
RET-00003647,ITM-000048769,CUS-002481,2025-09-09,2025-09-10,Size/Fit,Resellable,243.5,Pending,Store
RET-00003648,ITM-000048772,CUS-008833,2024-02-21,2024-02-27,,Defective,37.01,Approved,Store
RET-00003649,ITM-000048775,CUS-007226,2026-05-02,2026-05-13,Defective Product,Damaged,44.82,Pending,Store
RET-00003650,ITM-000048826,CUS-000367,2022-04-17,2022-04-30,Size/Fit,Defective,9.62,Processed,Store
RET-00003651,ITM-000048840,CUS-009707,2023-12-22,2023-12-29,Changed Mind,Defective,8.64,Processed,Courier
RET-00003652,ITM-000048897,CUS-007297,2025-05-18,2025-05-23,Changed Mind,Opened,66.45,Pending,Store
RET-00003653,ITM-000048899,CUS-000442,2026-05-24,2026-06-01,Not as Described,Damaged,44.9,Processed,Store
RET-00003654,ITM-000048927,CUS-007096,2020-07-26,2020-08-04,Changed Mind,Opened,19.63,Approved,Courier
RET-00003655,ITM-000048954,CUS-005441,2022-05-21,2022-05-22,Defective Product,Resellable,295.93,Approved,Store
RET-00003656,ITM-000048955,CUS-000167,2021-11-10,2021-11-15,,Damaged,17.23,Pending,Store
RET-00003657,ITM-000048970,CUS-010861,2021-11-27,2021-12-01,Changed Mind,Opened,73.03,Processed,Store
RET-00003658,ITM-000048971,CUS-000615,2023-01-08,2023-01-12,Defective Product,Resellable,100.83,Pending,Courier
RET-00003659,ITM-000048975,CUS-002341,2025-08-02,2025-08-08,Changed Mind,Defective,53.77,Pending,Store
RET-00003660,ITM-000048977,CUS-002341,2025-08-07,2025-08-20,Changed Mind,Resellable,150.86,Processed,Courier
RET-00003661,ITM-000048986,CUS-001207,2023-01-09,2023-01-12,,Damaged,91.8,Processed,Store
RET-00003662,ITM-000048990,CUS-002344,2025-11-03,2025-11-16,Defective Product,Resellable,73.31,Approved,Courier
RET-00003663,ITM-000049013,CUS-005631,2021-07-11,2021-07-16,Changed Mind,Damaged,42.6,Processed,Store
RET-00003664,ITM-000049055,CUS-000380,2023-11-23,2023-11-26,Changed Mind,Opened,93.56,Pending,Courier
RET-00003665,ITM-000049075,CUS-005708,2022-08-04,2022-08-06,,Damaged,50.41,Processed,Store
RET-00003666,ITM-000049114,CUS-007918,2022-04-12,2022-04-19,Defective Product,Defective,21.25,Pending,Store
RET-00003667,ITM-000049115,CUS-007918,2022-04-14,2022-04-27,Other,Opened,154.25,Pending,Store
RET-00003668,ITM-000049116,CUS-009893,2021-12-13,2021-12-23,Not as Described,Resellable,197.77,Pending,Courier
RET-00003669,ITM-000049119,CUS-010270,2020-07-11,2020-07-11,,Opened,6.2,Pending,Store
RET-00003670,ITM-000049124,CUS-008528,2026-03-26,2026-04-07,Size/Fit,Opened,14.7,Pending,Courier
RET-00003671,ITM-000049125,CUS-008528,2026-03-27,2026-04-06,Not as Described,Defective,269.36,Approved,Store
RET-00003672,ITM-000049135,CUS-000556,2022-10-04,2022-10-05,Defective Product,Opened,12.46,Pending,Courier
RET-00003673,ITM-000049137,CUS-000316,2020-07-22,2020-07-23,Changed Mind,Damaged,24.34,Approved,Store
RET-00003674,ITM-000049139,CUS-006691,2022-02-08,2022-02-12,Size/Fit,Damaged,28.3,Pending,Courier
RET-00003675,ITM-000049155,CUS-010019,2023-03-22,2023-04-04,Defective Product,Damaged,62.73,Approved,Courier
RET-00003676,ITM-000049174,CUS-004131,2023-06-30,2023-07-10,Changed Mind,Defective,144.9,Processed,Store
RET-00003677,ITM-000049189,CUS-010440,2026-04-22,2026-05-02,Defective Product,Opened,42.59,Pending,Courier
RET-00003678,ITM-000049193,CUS-002509,2024-08-02,2024-08-03,Not as Described,Opened,701.32,Approved,Store
RET-00003679,ITM-000049199,CUS-010328,2020-11-16,2020-11-18,Changed Mind,Damaged,107.02,Processed,Courier
RET-00003680,ITM-000049223,CUS-008956,2022-01-05,2022-01-08,Changed Mind,Defective,199.54,Approved,Courier
RET-00003681,ITM-000049236,CUS-006008,2022-08-11,2022-08-23,Changed Mind,Defective,32.14,Processed,Store
RET-00003682,ITM-000049238,CUS-009279,2025-05-02,2025-05-09,Changed Mind,Damaged,188.91,Approved,Courier
RET-00003683,ITM-000049241,CUS-001351,2023-07-02,2023-07-06,Changed Mind,Damaged,14.61,Pending,Store
RET-00003684,ITM-000049251,CUS-005970,2026-07-29,2026-08-10,Not as Described,Defective,95.2,Pending,Store
RET-00003685,ITM-000049274,CUS-011035,2025-12-20,2025-12-30,Changed Mind,Defective,78.03,Pending,Courier
RET-00003686,ITM-000049279,CUS-009507,2026-02-08,2026-02-16,Defective Product,Defective,54.34,Approved,Store
RET-00003687,ITM-000049289,CUS-006993,2021-02-25,2021-03-02,,Resellable,63.48,Pending,Courier
RET-00003688,ITM-000049291,CUS-004365,2025-07-29,2025-08-10,Not as Described,Resellable,242.98,Pending,Courier
RET-00003689,ITM-000049297,CUS-004942,2022-09-23,2022-10-04,Size/Fit,Damaged,16.52,Processed,Courier
RET-00003690,ITM-000049303,CUS-010550,2021-10-11,2021-10-14,Defective Product,Opened,20.05,Processed,Store
RET-00003691,ITM-000049385,CUS-009174,2026-04-09,2026-04-16,Damaged Delivery,Opened,34.81,Approved,Courier
RET-00003692,ITM-000049413,CUS-004682,2020-06-16,2020-06-26,Changed Mind,Defective,35.81,Pending,Store
RET-00003693,ITM-000049434,CUS-001307,2023-04-26,2023-05-02,Other,Damaged,98.31,Pending,Courier
RET-00003694,ITM-000049460,CUS-007525,2020-07-25,2020-08-05,,Resellable,118.98,Approved,Store
RET-00003695,ITM-000049461,CUS-007525,2020-08-19,2020-08-25,Defective Product,Resellable,58.31,Approved,Courier
RET-00003696,ITM-000049467,CUS-003879,2024-06-02,2024-06-10,Defective Product,Resellable,17.05,Approved,Courier
RET-00003697,ITM-000049490,CUS-003195,2024-10-07,2024-10-10,,Opened,54.77,Pending,Courier
RET-00003698,ITM-000049504,CUS-004173,2022-03-05,2022-03-16,Wrong Item,Damaged,29.22,Approved,Courier
RET-00003699,ITM-000049505,CUS-008953,2022-12-20,2022-12-23,Size/Fit,Opened,125.59,Pending,Courier
RET-00003700,ITM-000049520,CUS-010442,2024-01-27,2024-01-29,Damaged Delivery,Defective,51.51,Processed,Courier
RET-00003701,ITM-000049619,CUS-006025,2021-02-02,2021-02-05,,Defective,25.36,Pending,Courier
RET-00003702,ITM-000049679,CUS-001292,2025-02-21,2025-02-26,Changed Mind,Defective,100.77,Approved,Store
RET-00003703,ITM-000049691,CUS-003376,2022-06-02,2022-06-14,Defective Product,Damaged,53.24,Processed,Courier
RET-00003704,ITM-000049693,CUS-008701,2021-02-23,2021-03-03,,Resellable,97.73,Approved,Courier
RET-00003705,ITM-000049696,CUS-010483,2026-07-23,2026-07-26,Wrong Item,Damaged,81.05,Approved,Courier
RET-00003706,ITM-000049722,CUS-002054,2023-01-02,2023-01-02,Not as Described,Damaged,22.8,Pending,Store
RET-00003707,ITM-000049734,CUS-007053,2023-12-14,2023-12-16,Damaged Delivery,Defective,56.08,Pending,Store
RET-00003708,ITM-000049750,CUS-002657,2020-07-17,2020-07-24,Size/Fit,Damaged,26.12,Processed,Store
RET-00003709,ITM-000049757,CUS-002425,2024-03-30,2024-03-31,Not as Described,Defective,69.1,Pending,Courier
RET-00003710,ITM-000049763,CUS-010471,2022-03-11,2022-03-12,Changed Mind,Damaged,43.8,Pending,Courier
RET-00003711,ITM-000049767,CUS-010670,2023-06-18,2023-06-26,Size/Fit,Resellable,30.4,Processed,Store
RET-00003712,ITM-000049805,CUS-006095,2025-06-15,2025-06-28,Defective Product,Defective,219.94,Processed,Store
RET-00003713,ITM-000049864,CUS-009596,2021-01-08,2021-01-12,Wrong Item,Opened,110.88,Approved,Courier
RET-00003714,ITM-000049866,CUS-009596,2021-01-02,2021-01-06,,Damaged,27.09,Pending,Store
RET-00003715,ITM-000049892,CUS-009541,2021-01-26,2021-02-02,Changed Mind,Resellable,191.64,Processed,Store
RET-00003716,ITM-000049893,CUS-007579,2025-12-08,2025-12-10,Damaged Delivery,Opened,126.85,Approved,Courier
RET-00003717,ITM-000049908,CUS-001845,2023-12-01,2023-12-14,Changed Mind,Damaged,238.64,Pending,Courier
RET-00003718,ITM-000049910,CUS-007379,2026-03-07,2026-03-19,Size/Fit,Opened,33.37,Processed,Store
RET-00003719,ITM-000049912,CUS-001835,2021-05-14,2021-05-26,,Resellable,82.67,Processed,Store
RET-00003720,ITM-000049917,CUS-004646,2025-01-01,2025-01-03,Size/Fit,Defective,26.01,Processed,Courier
RET-00003721,ITM-000049945,CUS-010668,2024-06-18,2024-06-25,Changed Mind,Damaged,38.42,Pending,Courier
RET-00003722,ITM-000049950,CUS-007586,2021-01-31,2021-01-31,Changed Mind,Opened,34.39,Pending,Courier
RET-00003723,ITM-000049957,CUS-003748,2026-08-04,2026-08-17,Defective Product,Opened,120.91,Processed,Courier
RET-00003724,ITM-000049959,CUS-002229,2024-04-25,2024-04-25,Changed Mind,Opened,361.36,Pending,Store
RET-00003725,ITM-000049962,CUS-008869,2023-01-29,2023-02-02,Damaged Delivery,Defective,28.51,Processed,Store
RET-00003726,ITM-000049967,CUS-005291,2020-09-17,2020-09-21,Defective Product,Opened,121.8,Approved,Store
RET-00003727,ITM-000049969,CUS-005291,2020-09-30,2020-10-12,Not as Described,Resellable,32.06,Pending,Courier
RET-00003728,ITM-000049981,CUS-005636,2021-09-03,2021-09-09,Damaged Delivery,Resellable,180.26,Approved,Courier
RET-00003729,ITM-000049986,CUS-005305,2021-12-24,2021-12-28,,Opened,28.54,Pending,Courier
RET-00003730,ITM-000049991,CUS-010146,2021-08-23,2021-09-04,Size/Fit,Damaged,78.01,Approved,Courier
RET-00003731,ITM-000049999,CUS-000499,2021-05-10,2021-05-12,Changed Mind,Resellable,67.01,Pending,Store
RET-00003732,ITM-000050039,CUS-008290,2023-01-07,2023-01-08,Size/Fit,Resellable,10.71,Processed,Courier
RET-00003733,ITM-000050042,CUS-007678,2020-05-12,2020-05-15,Changed Mind,Opened,499.56,Pending,Store
RET-00003734,ITM-000050078,CUS-004249,2023-11-09,2023-11-16,Changed Mind,Resellable,248.07,Processed,Store
RET-00003735,ITM-000050082,CUS-009221,2023-05-27,2023-06-01,Changed Mind,Damaged,31.7,Pending,Courier
RET-00003736,ITM-000050088,CUS-001493,2021-08-16,2021-08-20,Defective Product,Defective,23.06,Processed,Store
RET-00003737,ITM-000050097,CUS-011971,2023-03-12,2023-03-16,Defective Product,Defective,51.93,Pending,Store
RET-00003738,ITM-000050111,CUS-004855,2020-03-20,2020-03-29,Size/Fit,Defective,130.65,Processed,Courier
RET-00003739,ITM-000050116,CUS-001021,2025-01-21,2025-01-22,Changed Mind,Damaged,252.89,Processed,Store
RET-00003740,ITM-000050117,CUS-005925,2024-10-21,2024-10-29,Changed Mind,Opened,26.01,Approved,Courier
RET-00003741,ITM-000050121,CUS-005069,2024-10-17,2024-10-22,Not as Described,Damaged,61.17,Approved,Courier
RET-00003742,ITM-000050152,CUS-007470,2024-07-31,2024-08-01,Changed Mind,Resellable,30.06,Approved,Courier
RET-00003743,ITM-000050153,CUS-007470,2024-07-31,2024-08-10,Size/Fit,Defective,197.42,Processed,Courier
RET-00003744,ITM-000050163,CUS-003268,2022-05-17,2022-05-20,Damaged Delivery,Damaged,152.89,Approved,Store
RET-00003745,ITM-000050185,CUS-004960,2026-04-17,2026-04-29,Defective Product,Resellable,59.52,Processed,Courier
RET-00003746,ITM-000050190,,2020-08-11,2020-08-19,Size/Fit,Damaged,78.14,Approved,Courier
RET-00003747,ITM-000050193,CUS-009229,2020-02-24,2020-03-05,,Resellable,11.24,Pending,Courier
RET-00003748,ITM-000050199,CUS-008754,2024-10-07,2024-10-19,Defective Product,Opened,45.34,Processed,Store
RET-00003749,ITM-000050201,CUS-008754,2024-10-23,2024-10-23,Size/Fit,Defective,22.11,Processed,Courier
RET-00003750,ITM-000050204,CUS-009789,2024-04-05,2024-04-17,Not as Described,Defective,82.25,Approved,Store
RET-00003751,ITM-000050216,CUS-004669,2025-01-06,2025-01-12,Defective Product,Opened,247.47,Pending,Courier
RET-00003752,ITM-000050245,CUS-004919,2024-10-04,2024-10-09,Changed Mind,Defective,140.43,Pending,Store
RET-00003753,ITM-000050283,CUS-004400,2023-08-03,2023-08-12,Size/Fit,Defective,57.88,Processed,Courier
RET-00003754,ITM-000050287,CUS-009868,2020-11-30,2020-12-11,Changed Mind,Opened,35.81,Approved,Store
RET-00003755,ITM-000050289,CUS-005099,2026-08-04,2026-08-12,Defective Product,Opened,76.72,Pending,Store
RET-00003756,ITM-000050339,CUS-011277,2024-11-10,2024-11-15,Changed Mind,Resellable,252.23,Pending,Courier
RET-00003757,ITM-000050345,CUS-001723,2024-02-09,2024-02-09,Changed Mind,Resellable,592.79,Processed,Store
RET-00003758,ITM-000050357,CUS-002608,2020-12-01,2020-12-08,,Defective,85.03,Pending,Courier
RET-00003759,ITM-000050383,CUS-005756,2020-03-01,2020-03-09,Size/Fit,Defective,141.06,Approved,Courier
RET-00003760,ITM-000050392,CUS-008790,2024-12-05,2024-12-18,Changed Mind,Damaged,30.43,Processed,Courier
RET-00003761,ITM-000050427,CUS-002839,2021-01-06,2021-01-07,Wrong Item,Damaged,27.09,Processed,Store
RET-00003762,ITM-000050479,CUS-000820,2025-11-14,2025-11-26,Damaged Delivery,Opened,459.0,Processed,Courier
RET-00003763,ITM-000050487,CUS-000481,2021-05-28,2021-05-28,Damaged Delivery,Resellable,45.84,Pending,Courier
RET-00003764,ITM-000050490,CUS-008249,2022-11-06,2022-11-17,Changed Mind,Damaged,38.85,Pending,Courier
RET-00003765,ITM-000050532,CUS-009968,2020-02-04,2020-02-17,Size/Fit,Damaged,149.49,Processed,Courier
RET-00003766,ITM-000050543,CUS-002121,2021-11-03,2021-11-14,,Opened,65.26,Pending,Courier
RET-00003767,ITM-000050554,CUS-000897,2021-05-10,2021-05-14,Damaged Delivery,Damaged,48.03,Pending,Courier
RET-00003768,ITM-000050559,CUS-003862,2023-04-08,2023-04-21,Changed Mind,Resellable,53.77,Processed,Store
RET-00003769,ITM-000050587,CUS-008469,2025-10-21,2025-11-01,Not as Described,Resellable,34.73,Approved,Store
RET-00003770,ITM-000050612,CUS-003165,2021-08-09,2021-08-10,Not as Described,Opened,41.06,Pending,Courier
RET-00003771,ITM-000050614,CUS-005091,2024-07-10,2024-07-21,Changed Mind,Resellable,198.83,Pending,Store
RET-00003772,ITM-000050619,CUS-010245,2021-07-03,2021-07-09,Changed Mind,Resellable,42.84,Pending,Courier
RET-00003773,ITM-000050624,CUS-007653,2021-12-07,2021-12-18,Changed Mind,Resellable,494.42,Approved,Courier
RET-00003774,ITM-000050626,CUS-004531,2023-12-29,2024-01-11,Size/Fit,Defective,56.78,Processed,Courier
RET-00003775,ITM-000050706,CUS-000292,2025-04-30,2025-05-11,Size/Fit,Damaged,66.6,Processed,Store
RET-00003776,ITM-000050722,CUS-010392,2022-06-26,2022-07-04,Changed Mind,Damaged,54.13,Processed,Store
RET-00003777,ITM-000050744,CUS-010515,2024-06-16,2024-06-29,Size/Fit,Defective,145.34,Approved,Store
RET-00003778,ITM-000050785,CUS-003026,2021-05-26,2021-05-31,Not as Described,Opened,87.86,Approved,Courier
RET-00003779,ITM-000050788,CUS-003130,2024-07-26,2024-07-29,Not as Described,Resellable,81.28,Approved,Courier
RET-00003780,ITM-000050798,CUS-001412,2024-06-05,2024-06-18,Changed Mind,Resellable,145.48,Pending,Courier
RET-00003781,ITM-000050812,CUS-009904,2021-03-08,2021-03-17,Changed Mind,Resellable,37.77,Approved,Courier
RET-00003782,ITM-000050815,CUS-005055,2025-03-20,2025-03-30,Changed Mind,Defective,61.63,Approved,Courier
RET-00003783,ITM-000050816,CUS-005055,2025-03-20,2025-03-21,Damaged Delivery,Damaged,38.59,Approved,Store
RET-00003784,ITM-000050836,CUS-005938,2022-08-26,2022-08-26,Not as Described,Damaged,110.47,Approved,Store
RET-00003785,ITM-000050844,CUS-002719,2022-02-17,2022-02-18,Size/Fit,Opened,42.52,Processed,Store
RET-00003786,ITM-000050862,CUS-001253,2022-03-23,2022-04-05,Defective Product,Resellable,26.86,Approved,Store
RET-00003787,ITM-000050881,CUS-003761,2023-12-19,2023-12-26,Damaged Delivery,Opened,52.63,Processed,Store
RET-00003788,ITM-000050898,CUS-004713,2025-09-13,2025-09-14,Size/Fit,Opened,121.94,Pending,Store
RET-00003789,ITM-000050903,CUS-004578,2021-05-24,2021-06-02,Wrong Item,Damaged,63.74,Processed,Store
RET-00003790,ITM-000050930,CUS-007037,2024-04-20,2024-04-29,Damaged Delivery,Resellable,153.19,Processed,Courier
RET-00003791,ITM-000050933,CUS-001083,2025-01-17,2025-01-26,Not as Described,Defective,76.85,Approved,Store
RET-00003792,ITM-000050939,CUS-004009,2022-11-15,2022-11-24,Not as Described,Opened,100.42,Processed,Courier
RET-00003793,ITM-000050983,CUS-006293,2025-09-29,2025-10-01,Not as Described,Damaged,158.66,Processed,Store
RET-00003794,ITM-000051013,,2023-11-19,2023-11-30,Changed Mind,Damaged,209.53,Processed,Courier
RET-00003795,ITM-000051027,CUS-009851,2022-02-27,2022-03-03,Size/Fit,Damaged,48.72,Pending,Store
RET-00003796,ITM-000051073,CUS-006196,2021-11-03,2021-11-13,Defective Product,Opened,22.11,Processed,Courier
RET-00003797,ITM-000051087,CUS-007219,2024-02-20,2024-02-29,Defective Product,Opened,34.85,Processed,Store
RET-00003798,ITM-000051095,CUS-009950,2024-07-27,2024-08-05,Size/Fit,Opened,12.04,Pending,Courier
RET-00003799,ITM-000051097,CUS-009950,2024-07-26,2024-08-02,Other,Opened,212.62,Approved,Store
RET-00003800,ITM-000051110,CUS-003022,2023-10-01,2023-10-11,Not as Described,Opened,40.15,Processed,Courier
RET-00003801,ITM-000051118,CUS-003828,2022-06-15,2022-06-28,Defective Product,Damaged,63.68,Approved,Courier
RET-00003802,ITM-000051123,CUS-000026,2023-07-28,2023-08-08,Not as Described,Opened,40.15,Pending,Store
RET-00003803,ITM-000051148,CUS-007555,2020-04-17,2020-04-23,Changed Mind,Defective,741.63,Approved,Courier
RET-00003804,ITM-000051153,CUS-006723,2022-03-08,2022-03-19,Not as Described,Damaged,182.24,Pending,Store
RET-00003805,ITM-000051163,CUS-004296,2021-05-20,2021-05-24,Defective Product,Defective,41.79,Approved,Store
RET-00003806,ITM-000051196,CUS-011203,2021-01-26,2021-02-07,Defective Product,Defective,39.2,Pending,Store
RET-00003807,ITM-000051280,CUS-005993,2025-01-22,2025-01-31,Size/Fit,Damaged,202.02,Processed,Store
RET-00003808,ITM-000051305,CUS-006370,2022-05-19,2022-05-25,Size/Fit,Resellable,330.06,Pending,Courier
RET-00003809,ITM-000051312,CUS-002516,2025-11-30,2025-12-04,Defective Product,Resellable,528.78,Processed,Store
RET-00003810,ITM-000051320,CUS-001397,2025-01-22,2025-02-02,Wrong Item,Resellable,149.92,Approved,Store
RET-00003811,ITM-000051329,CUS-006549,2020-11-12,2020-11-13,Defective Product,Resellable,60.97,Approved,Courier
RET-00003812,ITM-000051339,CUS-008943,2021-03-08,2021-03-12,Size/Fit,Opened,52.58,Pending,Courier
RET-00003813,ITM-000051349,CUS-009042,2023-04-21,2023-04-23,Defective Product,Defective,422.58,Approved,Store
RET-00003814,ITM-000051355,CUS-003985,2024-06-10,2024-06-18,,Damaged,333.12,Pending,Courier
RET-00003815,ITM-000051356,CUS-003985,2024-05-25,2024-05-26,Changed Mind,Opened,40.42,Processed,Courier
RET-00003816,ITM-000051366,CUS-003389,2023-12-22,2024-01-03,Size/Fit,Resellable,132.36,Approved,Store
RET-00003817,ITM-000051368,CUS-010109,2023-07-02,2023-07-07,Other,Opened,9.59,Processed,Store
RET-00003818,ITM-000051373,CUS-003662,2021-04-26,2021-05-07,Changed Mind,Damaged,262.17,Processed,Courier
RET-00003819,ITM-000051375,CUS-001020,2020-05-14,2020-05-27,Not as Described,Resellable,23.89,Processed,Store
RET-00003820,ITM-000051382,CUS-007121,2022-07-06,2022-07-08,Not as Described,Defective,49.62,Pending,Store
RET-00003821,ITM-000051391,CUS-010248,2026-01-21,2026-02-01,Defective Product,Opened,39.75,Approved,Store
RET-00003822,ITM-000051395,CUS-003123,2026-06-30,2026-07-02,Defective Product,Defective,54.13,Pending,Store
RET-00003823,ITM-000051417,CUS-011414,2021-08-15,2021-08-27,Size/Fit,Opened,22.89,Approved,Courier
RET-00003824,ITM-000051419,CUS-005747,2025-01-02,2025-01-04,Damaged Delivery,Damaged,201.45,Approved,Courier
RET-00003825,ITM-000051431,CUS-003322,2023-05-11,2023-05-12,Defective Product,Damaged,80.56,Approved,Courier
RET-00003826,ITM-000051450,CUS-008051,2025-05-04,2025-05-07,Not as Described,Damaged,319.9,Approved,Courier
RET-00003827,ITM-000051481,CUS-007191,2024-05-17,2024-05-21,Wrong Item,Opened,66.52,Approved,Store
RET-00003828,ITM-000051491,CUS-008757,2021-08-22,2021-09-02,Not as Described,Damaged,52.02,Pending,Store
RET-00003829,ITM-000051515,CUS-008310,2024-11-29,2024-12-12,Not as Described,Damaged,324.78,Pending,Store
RET-00003830,ITM-000051525,CUS-007018,2026-04-17,2026-04-25,Defective Product,Damaged,56.59,Processed,Store
RET-00003831,ITM-000051535,CUS-006040,2021-04-27,2021-04-29,,Opened,91.92,Pending,Store
RET-00003832,ITM-000051552,CUS-001324,2022-05-05,2022-05-18,Wrong Item,Opened,83.18,Processed,Store
RET-00003833,ITM-000051557,CUS-009052,2023-06-04,2023-06-04,Size/Fit,Opened,56.52,Processed,Store
RET-00003834,ITM-000051578,CUS-008995,2025-05-30,2025-06-07,Changed Mind,Damaged,81.61,Pending,Store
RET-00003835,ITM-000051592,CUS-005347,2025-07-31,2025-08-12,Changed Mind,Opened,31.02,Pending,Courier
RET-00003836,ITM-000051602,CUS-006033,2024-03-20,2024-03-27,Changed Mind,Resellable,280.61,Processed,Courier
RET-00003837,ITM-000051606,CUS-010073,2021-03-10,2021-03-21,,Resellable,240.98,Processed,Store
RET-00003838,ITM-000051607,CUS-010073,2021-03-01,2021-03-09,Size/Fit,Damaged,173.13,Approved,Courier
RET-00003839,ITM-000051608,CUS-010073,2021-01-30,2021-02-05,Changed Mind,Damaged,61.3,Processed,Store
RET-00003840,ITM-000051649,CUS-005613,2020-12-04,2020-12-12,Wrong Item,Resellable,119.22,Pending,Store
RET-00003841,ITM-000051664,CUS-002973,2022-12-06,2022-12-12,Not as Described,Resellable,65.42,Processed,Store
RET-00003842,ITM-000051683,CUS-007396,2024-12-07,2024-12-11,Not as Described,Damaged,26.3,Pending,Store
RET-00003843,ITM-000051694,CUS-011881,2026-03-07,2026-03-17,Changed Mind,Damaged,87.86,Processed,Courier
RET-00003844,ITM-000051704,CUS-000652,2020-08-08,2020-08-13,Defective Product,Damaged,7.38,Processed,Store
RET-00003845,ITM-000051705,CUS-005762,2020-08-14,2020-08-23,Damaged Delivery,Opened,245.23,Pending,Courier
RET-00003846,ITM-000051708,CUS-005452,2020-02-12,2020-02-21,,Resellable,120.15,Pending,Courier
RET-00003847,ITM-000051724,CUS-004777,2022-08-05,2022-08-16,Wrong Item,Defective,27.25,Processed,Courier
RET-00003848,ITM-000051730,CUS-005054,2025-04-18,2025-04-27,Damaged Delivery,Damaged,247.13,Approved,Courier
RET-00003849,ITM-000051775,CUS-002458,2023-10-31,2023-11-08,Changed Mind,Damaged,99.23,Processed,Courier
RET-00003850,ITM-000051801,CUS-002472,2026-06-13,2026-06-24,Changed Mind,Defective,30.09,Processed,Store
RET-00003851,ITM-000051819,CUS-008325,2021-04-22,2021-04-30,Changed Mind,Resellable,43.02,Approved,Courier
RET-00003852,ITM-000051824,CUS-007962,2020-06-11,2020-06-11,Defective Product,Defective,81.66,Processed,Store
RET-00003853,ITM-000051827,CUS-004994,2023-07-06,2023-07-10,Changed Mind,Damaged,159.95,Approved,Store
RET-00003854,ITM-000051833,CUS-010322,2024-07-10,2024-07-17,Changed Mind,Opened,27.4,Approved,Courier
RET-00003855,ITM-000051835,CUS-000426,2025-03-26,2025-03-31,Changed Mind,Resellable,117.24,Approved,Courier
RET-00003856,ITM-000051862,CUS-000277,2026-02-04,2026-02-14,Not as Described,Defective,91.41,Processed,Store
RET-00003857,ITM-000051890,CUS-005479,2025-07-23,2025-07-24,Defective Product,Opened,75.62,Pending,Courier
RET-00003858,ITM-000051901,CUS-011727,2022-03-12,2022-03-25,Changed Mind,Damaged,45.01,Pending,Courier
RET-00003859,ITM-000051920,CUS-001539,2020-02-11,2020-02-11,Size/Fit,Opened,60.87,Pending,Courier
RET-00003860,ITM-000051930,CUS-005586,2025-01-02,2025-01-12,Defective Product,Damaged,60.37,Approved,Courier
RET-00003861,ITM-000051938,CUS-004358,2025-06-21,2025-06-26,,Defective,60.46,Approved,Courier
RET-00003862,ITM-000051951,CUS-003262,2023-10-19,2023-10-22,Other,Damaged,91.25,Processed,Store
RET-00003863,ITM-000051963,CUS-004065,2025-03-08,2025-03-16,Defective Product,Defective,115.87,Processed,Courier
RET-00003864,ITM-000051966,CUS-000434,2024-08-28,2024-08-30,Not as Described,Resellable,18.98,Processed,Courier
RET-00003865,ITM-000051979,CUS-000160,2021-08-27,2021-08-31,Changed Mind,Resellable,48.63,Approved,Courier
RET-00003866,ITM-000051980,CUS-000160,2021-08-25,2021-08-27,Changed Mind,Defective,21.78,Pending,Courier
RET-00003867,ITM-000051985,CUS-000717,2021-05-03,2021-05-14,Changed Mind,Opened,172.23,Approved,Store
RET-00003868,ITM-000051990,CUS-004142,2026-03-09,2026-03-12,Defective Product,Defective,16.92,Processed,Courier
RET-00003869,ITM-000051997,CUS-009937,2022-06-01,2022-06-08,Not as Described,Defective,13.71,Approved,Courier
RET-00003870,ITM-000051999,CUS-007144,2022-11-30,2022-12-09,Changed Mind,Defective,59.9,Pending,Store
RET-00003871,ITM-000052005,CUS-001310,2025-02-17,2025-02-24,Size/Fit,Opened,40.2,Pending,Courier
RET-00003872,ITM-000052021,CUS-009722,2023-09-02,2023-09-06,Size/Fit,Defective,40.12,Approved,Courier
RET-00003873,ITM-000052042,CUS-000931,2022-08-20,2022-08-21,Not as Described,Damaged,32.8,Pending,Courier
RET-00003874,ITM-000052044,CUS-003886,2026-08-06,2026-08-06,Not as Described,Opened,32.27,Processed,Courier
RET-00003875,ITM-000052046,CUS-011886,2020-04-02,2020-04-15,,Opened,153.35,Pending,Store
RET-00003876,ITM-000052047,CUS-003370,2024-07-21,2024-07-26,Size/Fit,Defective,286.69,Processed,Store
RET-00003877,ITM-000052050,CUS-010176,2025-11-22,2025-11-25,Not as Described,Damaged,29.52,Approved,Courier
RET-00003878,ITM-000052061,CUS-004299,2024-02-05,2024-02-13,Defective Product,Resellable,22.49,Processed,Store
RET-00003879,ITM-000052080,CUS-000231,2026-06-16,2026-06-16,Changed Mind,Opened,107.02,Pending,Courier
RET-00003880,ITM-000052082,CUS-009757,2026-08-31,2026-09-10,Changed Mind,Defective,19.4,Pending,Courier
RET-00003881,ITM-000052123,CUS-005404,2021-01-07,2021-01-07,Changed Mind,Resellable,70.15,Approved,Courier
RET-00003882,ITM-000052160,CUS-007623,2023-09-06,2023-09-18,Size/Fit,Damaged,74.06,Approved,Courier
RET-00003883,ITM-000052184,,2022-08-13,2022-08-17,Defective Product,Resellable,126.28,Processed,Courier
RET-00003884,ITM-000052202,CUS-002939,2022-10-08,2022-10-19,Size/Fit,Opened,46.51,Processed,Courier
RET-00003885,ITM-000052209,CUS-009193,2022-07-24,2022-07-24,Size/Fit,Defective,48.49,Processed,Store
RET-00003886,ITM-000052218,CUS-008501,2022-04-11,2022-04-20,Not as Described,Defective,36.37,Processed,Courier
RET-00003887,ITM-000052230,CUS-004246,2021-01-20,2021-01-30,,Damaged,96.35,Processed,Courier
RET-00003888,ITM-000052234,CUS-002665,2025-07-31,2025-08-04,Size/Fit,Resellable,110.72,Approved,Store
RET-00003889,ITM-000052236,CUS-000987,2022-02-14,2022-02-22,Changed Mind,Damaged,85.64,Approved,Courier
RET-00003890,ITM-000052240,CUS-011670,2025-10-17,2025-10-19,Changed Mind,Damaged,90.6,Processed,Courier
RET-00003891,ITM-000052242,CUS-011670,2025-09-29,2025-10-07,Damaged Delivery,Opened,29.55,Processed,Store
RET-00003892,ITM-000052244,CUS-005017,2020-04-24,2020-05-02,Size/Fit,Defective,98.56,Approved,Courier
RET-00003893,ITM-000052269,CUS-005417,2022-05-09,2022-05-14,Damaged Delivery,Resellable,45.74,Processed,Courier
RET-00003894,ITM-000052297,CUS-001559,2023-12-25,2023-12-30,Changed Mind,Opened,38.37,Processed,Store
RET-00003895,ITM-000052324,CUS-009749,2026-06-06,2026-06-11,Wrong Item,Opened,57.65,Approved,Store
RET-00003896,ITM-000052330,CUS-010990,2021-11-01,2021-11-10,Changed Mind,Resellable,181.38,Pending,Courier
RET-00003897,ITM-000052331,CUS-010990,2021-10-23,2021-10-28,Size/Fit,Opened,48.69,Approved,Store
RET-00003898,ITM-000052348,CUS-007631,2025-12-11,2025-12-17,Changed Mind,Opened,121.4,Pending,Store
RET-00003899,ITM-000052369,CUS-002949,2024-05-04,2024-05-15,Wrong Item,Opened,44.27,Approved,Store
RET-00003900,ITM-000052383,CUS-005146,2021-03-02,2021-03-09,Size/Fit,Damaged,98.71,Processed,Courier
RET-00003901,ITM-000052390,CUS-010965,2021-02-12,2021-02-24,,Damaged,31.33,Processed,Store
RET-00003902,ITM-000052399,CUS-008556,2021-05-21,2021-06-02,Changed Mind,Opened,30.8,Processed,Courier
RET-00003903,ITM-000052407,CUS-011269,2022-03-17,2022-03-22,Changed Mind,Damaged,119.28,Pending,Courier
RET-00003904,ITM-000052411,CUS-008892,2024-05-08,2024-05-09,Defective Product,Damaged,180.6,Processed,Store
RET-00003905,ITM-000052426,CUS-004640,2024-07-30,2024-08-11,Defective Product,Opened,44.69,Processed,Store
RET-00003906,ITM-000052446,CUS-000609,2023-12-10,2023-12-17,Size/Fit,Resellable,70.53,Approved,Courier
RET-00003907,ITM-000052449,CUS-001790,2026-02-12,2026-02-22,Other,Damaged,147.18,Processed,Courier
RET-00003908,ITM-000052469,CUS-011766,2023-06-10,2023-06-23,Changed Mind,Defective,500.3,Pending,Store
RET-00003909,ITM-000052494,CUS-002679,2020-04-08,2020-04-14,Damaged Delivery,Defective,40.02,Approved,Courier
RET-00003910,ITM-000052535,CUS-004100,2022-12-14,2022-12-16,Damaged Delivery,Damaged,119.79,Approved,Store
RET-00003911,ITM-000052536,CUS-003249,2022-12-31,2022-12-31,Not as Described,Damaged,296.39,Pending,Courier
RET-00003912,ITM-000052582,CUS-009468,2022-07-04,2022-07-12,Defective Product,Defective,336.78,Approved,Courier
RET-00003913,ITM-000052584,CUS-009468,2022-07-04,2022-07-10,Size/Fit,Opened,35.7,Approved,Store
RET-00003914,ITM-000052612,CUS-001519,2023-01-01,2023-01-05,Damaged Delivery,Defective,352.57,Processed,Courier
RET-00003915,ITM-000052624,CUS-010775,2021-02-12,2021-02-22,,Resellable,46.6,Approved,Courier
RET-00003916,ITM-000052635,CUS-005378,2024-05-17,2024-05-25,Defective Product,Opened,48.3,Pending,Courier
RET-00003917,ITM-000052637,CUS-001232,2024-03-31,2024-04-01,Defective Product,Damaged,302.84,Processed,Store
RET-00003918,ITM-000052664,CUS-001140,2026-08-29,2026-09-07,Defective Product,Resellable,127.54,Pending,Store
RET-00003919,ITM-000052666,CUS-009837,2024-01-26,2024-01-30,Size/Fit,Defective,8.32,Pending,Store
RET-00003920,ITM-000052680,CUS-011621,2021-07-23,2021-07-25,Changed Mind,Defective,107.02,Pending,Store
RET-00003921,ITM-000052689,,2020-12-31,2021-01-06,,Resellable,487.68,Processed,Courier
RET-00003922,ITM-000052703,CUS-007313,2022-05-12,2022-05-16,Changed Mind,Resellable,69.44,Approved,Courier
RET-00003923,ITM-000052727,,2022-02-05,2022-02-09,Defective Product,Damaged,237.28,Processed,Courier
RET-00003924,ITM-000052765,CUS-011380,2025-12-28,2026-01-10,Size/Fit,Damaged,97.73,Pending,Courier
RET-00003925,ITM-000052776,CUS-002131,2020-05-23,2020-05-25,,Defective,323.68,Pending,Courier
RET-00003926,ITM-000052795,CUS-002079,2022-12-24,2023-01-02,Changed Mind,Defective,50.14,Processed,Courier
RET-00003927,ITM-000052806,CUS-001919,2020-10-24,2020-10-24,Other,Damaged,106.36,Pending,Store
RET-00003928,ITM-000052827,CUS-002464,2025-04-19,2025-04-30,Size/Fit,Damaged,36.95,Pending,Courier
RET-00003929,ITM-000052828,CUS-008009,2024-10-05,2024-10-17,Changed Mind,Opened,113.2,Pending,Store
RET-00003930,ITM-000052835,CUS-009939,2026-01-12,2026-01-21,Changed Mind,Damaged,266.58,Approved,Courier
RET-00003931,ITM-000052845,CUS-010932,2023-07-25,2023-08-05,Size/Fit,Opened,82.08,Pending,Courier
RET-00003932,ITM-000052848,CUS-010932,2023-07-27,2023-08-02,Damaged Delivery,Damaged,53.96,Pending,Store
RET-00003933,ITM-000052853,CUS-010035,2021-03-25,2021-04-04,Size/Fit,Defective,163.08,Approved,Courier
RET-00003934,ITM-000052856,CUS-002867,2024-04-17,2024-04-23,Other,Damaged,211.88,Approved,Store
RET-00003935,ITM-000052867,CUS-007983,2025-12-26,2025-12-31,Damaged Delivery,Damaged,25.28,Pending,Store
RET-00003936,ITM-000052877,CUS-000215,2024-12-09,2024-12-16,Size/Fit,Damaged,585.03,Processed,Store
RET-00003937,ITM-000052882,CUS-001494,2021-05-28,2021-05-28,Changed Mind,Defective,27.7,Processed,Store
RET-00003938,ITM-000052908,CUS-001412,2022-03-06,2022-03-15,Not as Described,Opened,99.85,Pending,Courier
RET-00003939,ITM-000052917,CUS-007712,2022-03-17,2022-03-24,Defective Product,Resellable,124.6,Approved,Store
RET-00003940,ITM-000052928,CUS-008646,2020-03-09,2020-03-21,Defective Product,Damaged,68.7,Pending,Store
RET-00003941,ITM-000052936,CUS-003443,2021-01-08,2021-01-08,Changed Mind,Defective,32.13,Processed,Courier
RET-00003942,ITM-000052952,CUS-004827,2022-01-14,2022-01-15,Changed Mind,Defective,191.13,Pending,Store
RET-00003943,ITM-000052959,CUS-004944,2025-08-17,2025-08-23,Not as Described,Defective,23.02,Processed,Courier
RET-00003944,ITM-000052967,CUS-002092,2026-02-25,2026-03-08,Changed Mind,Damaged,68.37,Pending,Courier
RET-00003945,ITM-000052973,CUS-010226,2023-06-29,2023-06-29,Damaged Delivery,Damaged,190.3,Pending,Courier
RET-00003946,ITM-000052981,CUS-011628,2024-01-22,2024-01-31,Defective Product,Damaged,208.41,Pending,Courier
RET-00003947,ITM-000052992,CUS-004860,2024-09-29,2024-10-08,Other,Resellable,45.78,Approved,Courier
RET-00003948,ITM-000053034,CUS-005491,2024-08-04,2024-08-06,Damaged Delivery,Opened,62.28,Pending,Courier
RET-00003949,ITM-000053036,CUS-008295,2020-11-08,2020-11-18,Changed Mind,Opened,85.69,Processed,Courier
RET-00003950,ITM-000053039,CUS-000084,2020-04-02,2020-04-08,Defective Product,Opened,65.3,Processed,Courier
RET-00003951,ITM-000053042,CUS-011586,2025-03-18,2025-03-20,Damaged Delivery,Resellable,134.59,Pending,Courier
RET-00003952,ITM-000053051,CUS-001805,2024-03-17,2024-03-22,Defective Product,Defective,227.76,Pending,Courier
RET-00003953,ITM-000053056,CUS-000655,2023-02-20,2023-03-05,Not as Described,Damaged,67.82,Approved,Courier
RET-00003954,ITM-000053065,CUS-008099,2023-05-09,2023-05-19,Damaged Delivery,Resellable,358.28,Approved,Store
RET-00003955,ITM-000053075,,2026-05-18,2026-05-30,,Resellable,58.96,Approved,Courier
RET-00003956,ITM-000053082,CUS-011221,2024-04-16,2024-04-25,Size/Fit,Damaged,17.13,Pending,Store
RET-00003957,ITM-000053085,CUS-011079,2022-07-17,2022-07-26,Defective Product,Opened,83.92,Processed,Store
RET-00003958,ITM-000053096,CUS-004250,2023-06-02,2023-06-10,Changed Mind,Damaged,108.64,Approved,Store
RET-00003959,ITM-000053127,CUS-007979,2020-04-22,2020-04-29,Changed Mind,Damaged,89.6,Pending,Courier
RET-00003960,ITM-000053135,CUS-008277,2024-06-11,2024-06-19,Defective Product,Damaged,145.37,Pending,Courier
RET-00003961,ITM-000053150,CUS-002094,2026-02-13,2026-02-19,Damaged Delivery,Opened,23.45,Processed,Courier
RET-00003962,ITM-000053158,CUS-007120,2021-10-28,2021-11-07,Changed Mind,Defective,148.29,Approved,Courier
RET-00003963,ITM-000053164,CUS-008874,2026-02-03,2026-02-07,Size/Fit,Damaged,19.85,Processed,Store
RET-00003964,ITM-000053178,CUS-010312,2020-11-28,2020-12-07,Size/Fit,Damaged,38.98,Pending,Courier
RET-00003965,ITM-000053192,CUS-001622,2023-01-29,2023-01-29,Defective Product,Defective,66.79,Processed,Courier
RET-00003966,ITM-000053196,CUS-002737,2022-03-13,2022-03-18,Damaged Delivery,Resellable,107.83,Approved,Courier
RET-00003967,ITM-000053206,CUS-005896,2025-11-16,2025-11-26,Changed Mind,Resellable,22.54,Processed,Store
RET-00003968,ITM-000053219,CUS-000889,2024-05-19,2024-05-28,Not as Described,Resellable,9.72,Processed,Courier
RET-00003969,ITM-000053241,CUS-008402,2025-04-04,2025-04-07,Defective Product,Resellable,23.65,Approved,Courier
RET-00003970,ITM-000053262,CUS-006019,2020-10-31,2020-11-05,Wrong Item,Resellable,87.64,Approved,Store
RET-00003971,ITM-000053274,CUS-009889,2026-05-23,2026-05-29,,Resellable,171.26,Pending,Store
RET-00003972,ITM-000053275,CUS-011567,2020-05-28,2020-06-09,Damaged Delivery,Opened,68.17,Processed,Store
RET-00003973,ITM-000053280,CUS-011964,2025-03-29,2025-04-04,Not as Described,Resellable,211.89,Approved,Courier
RET-00003974,ITM-000053290,CUS-002324,2026-02-26,2026-03-02,Size/Fit,Opened,89.15,Processed,Courier
RET-00003975,ITM-000053297,CUS-010611,2020-07-03,2020-07-10,Size/Fit,Opened,36.0,Approved,Store
RET-00003976,ITM-000053299,CUS-001909,2026-06-02,2026-06-15,Changed Mind,Resellable,121.4,Approved,Courier
RET-00003977,ITM-000053306,,2022-03-02,2022-03-05,Defective Product,Damaged,352.64,Processed,Courier
RET-00003978,ITM-000053313,CUS-005432,2020-08-25,2020-09-04,Changed Mind,Damaged,30.91,Processed,Store
RET-00003979,ITM-000053316,CUS-003328,2024-05-12,2024-05-16,Not as Described,Damaged,242.98,Pending,Courier
RET-00003980,ITM-000053328,CUS-004268,2025-06-16,2025-06-17,Changed Mind,Damaged,35.09,Processed,Courier
RET-00003981,ITM-000053340,CUS-002269,2025-12-28,2026-01-10,Defective Product,Damaged,168.06,Pending,Courier
RET-00003982,ITM-000053343,CUS-010417,2021-05-25,2021-05-31,Size/Fit,Damaged,40.69,Processed,Courier
RET-00003983,ITM-000053361,CUS-004320,2026-03-26,2026-04-04,Size/Fit,Defective,139.86,Pending,Courier
RET-00003984,ITM-000053378,CUS-006395,2020-02-03,2020-02-16,Not as Described,Defective,141.71,Processed,Courier
RET-00003985,ITM-000053381,CUS-005547,2026-08-24,2026-09-06,Damaged Delivery,Opened,78.71,Pending,Store
RET-00003986,ITM-000053387,CUS-002859,2020-02-28,2020-03-09,,Opened,230.74,Pending,Courier
RET-00003987,ITM-000053389,CUS-001852,2024-06-26,2024-07-03,,Resellable,54.77,Processed,Courier
RET-00003988,ITM-000053398,CUS-009622,2021-07-09,2021-07-13,Changed Mind,Defective,54.41,Processed,Courier
RET-00003989,ITM-000053399,CUS-009622,2021-07-10,2021-07-11,Size/Fit,Resellable,87.05,Approved,Courier
RET-00003990,ITM-000053411,CUS-001813,2023-12-19,2023-12-19,Changed Mind,Resellable,58.31,Processed,Store
RET-00003991,ITM-000053421,CUS-001499,2023-10-20,2023-10-30,Changed Mind,Resellable,120.11,Approved,Store
RET-00003992,ITM-000053427,CUS-011512,2022-01-26,2022-02-05,Defective Product,Damaged,38.85,Approved,Store
RET-00003993,ITM-000053440,CUS-008978,2025-12-24,2026-01-06,Changed Mind,Resellable,422.58,Approved,Courier
RET-00003994,ITM-000053447,CUS-005805,2025-05-31,2025-05-31,Changed Mind,Opened,62.64,Pending,Store
RET-00003995,ITM-000053454,CUS-002360,2026-08-07,2026-08-13,Not as Described,Defective,34.04,Approved,Courier
RET-00003996,ITM-000053458,CUS-003016,2022-01-06,2022-01-16,Changed Mind,Damaged,20.91,Approved,Store
RET-00003997,ITM-000053460,CUS-003016,2022-01-19,2022-01-24,,Opened,472.84,Approved,Courier
RET-00003998,ITM-000053461,CUS-003016,2022-01-05,2022-01-07,Size/Fit,Defective,25.68,Approved,Store
RET-00003999,ITM-000053466,CUS-003900,2025-11-03,2025-11-15,Not as Described,Resellable,100.07,Approved,Courier
RET-00004000,ITM-000053476,CUS-002313,2022-12-11,2022-12-23,Size/Fit,Resellable,82.49,Approved,Store
RET-00004001,ITM-000053497,CUS-003593,2026-07-16,2026-07-24,Changed Mind,Opened,134.62,Pending,Courier
RET-00004002,ITM-000053549,CUS-003878,2024-11-17,2024-11-28,Size/Fit,Defective,66.74,Processed,Courier
RET-00004003,ITM-000053564,CUS-010728,2020-03-24,2020-03-28,Defective Product,Defective,52.83,Pending,Courier
RET-00004004,ITM-000053579,CUS-005171,2020-03-07,2020-03-16,Size/Fit,Damaged,498.12,Approved,Store
RET-00004005,ITM-000053589,CUS-008459,2021-03-24,2021-04-05,Not as Described,Damaged,209.74,Approved,Courier
RET-00004006,ITM-000053590,CUS-008459,2021-03-25,2021-04-02,Defective Product,Resellable,41.43,Processed,Courier
RET-00004007,ITM-000053604,CUS-009822,2024-08-31,2024-09-04,Changed Mind,Damaged,185.69,Approved,Courier
RET-00004008,ITM-000053615,CUS-003406,2020-06-13,2020-06-14,Size/Fit,Defective,20.72,Processed,Courier
RET-00004009,ITM-000053625,CUS-009687,2024-06-11,2024-06-22,Changed Mind,Defective,138.4,Processed,Courier
RET-00004010,ITM-000053627,CUS-003025,2021-03-04,2021-03-16,Defective Product,Defective,60.01,Approved,Courier
RET-00004011,ITM-000053663,CUS-006961,2025-04-12,2025-04-16,Defective Product,Damaged,258.39,Pending,Courier
RET-00004012,ITM-000053665,CUS-008878,2025-11-01,2025-11-06,Not as Described,Defective,106.31,Pending,Courier
RET-00004013,ITM-000053667,CUS-008093,2024-10-07,2024-10-08,Defective Product,Defective,71.75,Pending,Courier
RET-00004014,ITM-000053674,CUS-006019,2025-11-08,2025-11-09,Defective Product,Opened,30.43,Approved,Courier
RET-00004015,ITM-000053692,CUS-008348,2024-09-25,2024-09-25,Changed Mind,Damaged,19.02,Approved,Courier
RET-00004016,ITM-000053702,CUS-007424,2024-12-16,2024-12-20,Changed Mind,Resellable,90.03,Processed,Courier
RET-00004017,ITM-000053709,CUS-011786,2022-02-13,2022-02-26,Changed Mind,Resellable,114.28,Pending,Courier
RET-00004018,ITM-000053717,CUS-003806,2023-01-20,2023-01-24,Not as Described,Defective,74.44,Approved,Store
RET-00004019,ITM-000053732,CUS-010865,2026-08-18,2026-08-24,Defective Product,Resellable,64.94,Pending,Store
RET-00004020,ITM-000053733,CUS-004342,2026-03-23,2026-04-01,Changed Mind,Defective,31.91,Approved,Store
RET-00004021,ITM-000053745,CUS-005406,2022-03-12,2022-03-24,Not as Described,Resellable,26.22,Approved,Courier
RET-00004022,ITM-000053759,CUS-003769,2026-05-10,2026-05-23,Damaged Delivery,Damaged,21.3,Pending,Store
RET-00004023,ITM-000053782,CUS-005468,2025-07-07,2025-07-12,Size/Fit,Defective,122.9,Processed,Courier
RET-00004024,ITM-000053788,CUS-011296,2020-09-02,2020-09-06,Not as Described,Defective,37.92,Pending,Courier
RET-00004025,ITM-000053792,,2024-09-25,2024-10-01,Changed Mind,Resellable,60.59,Approved,Store
RET-00004026,ITM-000053817,CUS-002855,2025-04-06,2025-04-11,Size/Fit,Damaged,67.52,Processed,Store
RET-00004027,ITM-000053826,CUS-002293,2024-09-01,2024-09-09,Changed Mind,Damaged,132.07,Pending,Courier
RET-00004028,ITM-000053832,CUS-009490,2020-05-18,2020-05-22,Changed Mind,Resellable,83.92,Processed,Store
RET-00004029,ITM-000053854,CUS-003581,2022-06-08,2022-06-17,Defective Product,Defective,21.8,Pending,Courier
RET-00004030,ITM-000053886,CUS-008031,2021-03-15,2021-03-19,Changed Mind,Resellable,109.34,Processed,Courier
RET-00004031,ITM-000053892,CUS-007770,2026-08-23,2026-08-30,Not as Described,Defective,44.58,Pending,Store
RET-00004032,ITM-000053894,CUS-002978,2024-12-22,2024-12-29,Changed Mind,Opened,494.42,Pending,Courier
RET-00004033,ITM-000053899,CUS-006360,2025-10-15,2025-10-19,Changed Mind,Resellable,70.09,Approved,Courier
RET-00004034,ITM-000053919,CUS-003255,2023-10-31,2023-10-31,Not as Described,Damaged,29.2,Processed,Courier
RET-00004035,ITM-000053921,CUS-002712,2022-12-17,2022-12-29,Changed Mind,Defective,85.7,Pending,Courier
RET-00004036,ITM-000053933,CUS-007199,2025-09-29,2025-10-03,Changed Mind,Defective,32.43,Processed,Store
RET-00004037,ITM-000053950,CUS-011001,2024-03-23,2024-03-26,Defective Product,Opened,104.37,Pending,Courier
RET-00004038,ITM-000053969,CUS-008407,2022-05-03,2022-05-03,Not as Described,Defective,123.82,Approved,Store
RET-00004039,ITM-000053972,CUS-004297,2023-08-07,2023-08-12,Defective Product,Defective,54.41,Pending,Store
RET-00004040,ITM-000053978,CUS-011535,2025-06-11,2025-06-11,Wrong Item,Opened,89.62,Processed,Courier
RET-00004041,ITM-000053983,CUS-010924,2021-07-08,2021-07-09,Wrong Item,Defective,51.7,Pending,Courier
RET-00004042,ITM-000053994,CUS-008686,2025-06-29,2025-07-05,Defective Product,Opened,411.51,Processed,Store
RET-00004043,ITM-000053995,CUS-007855,2024-01-20,2024-01-29,Defective Product,Damaged,26.32,Pending,Courier
RET-00004044,ITM-000054022,CUS-001482,2023-04-28,2023-05-02,Size/Fit,Damaged,56.6,Processed,Courier
RET-00004045,ITM-000054034,CUS-001372,2024-05-11,2024-05-17,Defective Product,Defective,30.65,Pending,Courier
RET-00004046,ITM-000054042,CUS-001521,2022-03-19,2022-03-28,Size/Fit,Damaged,90.66,Approved,Courier
RET-00004047,ITM-000054051,CUS-006584,2021-07-09,2021-07-09,,Resellable,116.46,Pending,Store
RET-00004048,ITM-000054066,CUS-002574,2022-11-05,2022-11-08,Changed Mind,Opened,18.0,Approved,Store
RET-00004049,ITM-000054094,CUS-003012,2025-11-17,2025-11-25,Changed Mind,Defective,62.04,Pending,Store
RET-00004050,ITM-000054101,CUS-010926,2020-05-03,2020-05-12,Defective Product,Damaged,121.74,Processed,Courier
RET-00004051,ITM-000054109,CUS-000587,2020-02-28,2020-03-10,Changed Mind,Resellable,76.89,Pending,Courier
RET-00004052,ITM-000054110,CUS-004960,2024-02-01,2024-02-09,Changed Mind,Defective,59.04,Approved,Store
RET-00004053,ITM-000054131,CUS-009176,2020-03-07,2020-03-09,Not as Described,Defective,172.14,Pending,Store
RET-00004054,ITM-000054132,CUS-009176,2020-02-20,2020-03-03,Damaged Delivery,Resellable,12.67,Approved,Store
RET-00004055,ITM-000054136,CUS-000749,2023-05-31,2023-06-11,Changed Mind,Resellable,82.25,Pending,Store
RET-00004056,ITM-000054141,CUS-011423,2023-09-05,2023-09-10,Not as Described,Damaged,108.64,Pending,Store
RET-00004057,ITM-000054142,CUS-002260,2026-04-14,2026-04-24,Changed Mind,Resellable,242.98,Approved,Courier
RET-00004058,ITM-000054149,CUS-009014,2025-03-12,2025-03-17,Defective Product,Defective,54.75,Approved,Store
RET-00004059,ITM-000054176,CUS-011937,2024-01-13,2024-01-14,Damaged Delivery,Resellable,54.06,Pending,Courier
RET-00004060,ITM-000054191,CUS-006931,2025-07-06,2025-07-09,Size/Fit,Damaged,758.1,Pending,Store
RET-00004061,ITM-000054213,CUS-001502,2023-12-10,2023-12-22,Changed Mind,Opened,20.7,Approved,Store
RET-00004062,ITM-000054218,CUS-008294,2020-12-13,2020-12-20,Defective Product,Opened,41.47,Approved,Courier
RET-00004063,ITM-000054250,CUS-010178,2020-07-18,2020-07-18,Wrong Item,Resellable,24.27,Processed,Courier
RET-00004064,ITM-000054257,CUS-002221,2022-07-30,2022-08-09,Size/Fit,Damaged,122.9,Processed,Courier
RET-00004065,ITM-000054287,CUS-009934,2026-04-05,2026-04-11,Size/Fit,Resellable,32.1,Processed,Courier
RET-00004066,ITM-000054310,CUS-000592,2021-09-30,2021-10-05,Changed Mind,Defective,97.45,Processed,Store
RET-00004067,ITM-000054323,CUS-011177,2021-02-03,2021-02-05,Wrong Item,Defective,74.96,Approved,Courier
RET-00004068,ITM-000054360,CUS-006318,2020-08-06,2020-08-12,,Resellable,55.75,Processed,Store
RET-00004069,ITM-000054375,CUS-000714,2024-11-06,2024-11-18,Not as Described,Resellable,38.8,Pending,Courier
RET-00004070,ITM-000054377,CUS-007583,2023-07-14,2023-07-15,Size/Fit,Opened,254.24,Pending,Courier
RET-00004071,ITM-000054389,CUS-009563,2021-06-12,2021-06-25,,Defective,79.88,Pending,Store
RET-00004072,ITM-000054412,CUS-002528,2025-11-04,2025-11-13,Damaged Delivery,Defective,44.93,Approved,Store
RET-00004073,ITM-000054415,CUS-000906,2022-08-04,2022-08-15,Size/Fit,Opened,124.78,Processed,Store
RET-00004074,ITM-000054423,CUS-001963,2024-12-15,2024-12-25,Damaged Delivery,Damaged,120.74,Processed,Courier
RET-00004075,ITM-000054451,CUS-005735,2024-10-23,2024-11-01,Changed Mind,Defective,33.31,Pending,Courier
RET-00004076,ITM-000054460,CUS-006165,2023-03-28,2023-03-31,Changed Mind,Resellable,988.84,Processed,Store
RET-00004077,ITM-000054488,CUS-011819,2022-09-23,2022-09-23,Other,Resellable,108.1,Pending,Courier
RET-00004078,ITM-000054510,CUS-011621,2026-03-25,2026-04-07,Not as Described,Defective,242.36,Pending,Store
RET-00004079,ITM-000054512,CUS-000991,2025-11-22,2025-11-27,Defective Product,Opened,60.83,Pending,Courier
RET-00004080,ITM-000054538,CUS-006574,2026-10-13,2026-10-17,Size/Fit,Damaged,87.05,Processed,Store
RET-00004081,ITM-000054544,CUS-011213,2025-01-01,2025-01-04,Defective Product,Defective,21.3,Processed,Courier
RET-00004082,ITM-000054549,CUS-006926,2024-02-26,2024-03-06,Changed Mind,Defective,33.66,Processed,Courier
RET-00004083,ITM-000054562,CUS-008331,2024-12-26,2025-01-06,Size/Fit,Resellable,53.51,Pending,Store
RET-00004084,ITM-000054565,CUS-010689,2021-04-10,2021-04-10,Changed Mind,Defective,54.84,Pending,Courier
RET-00004085,ITM-000054567,CUS-007810,2025-02-18,2025-02-28,Changed Mind,Defective,129.19,Approved,Courier
RET-00004086,ITM-000054647,CUS-002942,2024-02-28,2024-03-10,Not as Described,Resellable,46.04,Pending,Store
RET-00004087,ITM-000054657,CUS-002192,2022-01-30,2022-02-11,Changed Mind,Defective,56.61,Pending,Store
RET-00004088,ITM-000054665,CUS-000443,2022-08-02,2022-08-04,Defective Product,Resellable,68.58,Processed,Courier
RET-00004089,ITM-000054678,,2023-02-18,2023-02-24,Damaged Delivery,Defective,65.11,Pending,Store
RET-00004090,ITM-000054693,CUS-009811,2023-04-13,2023-04-18,Size/Fit,Damaged,65.53,Processed,Courier
RET-00004091,ITM-000054696,CUS-006042,2023-06-29,2023-07-12,Defective Product,Resellable,83.29,Approved,Courier
RET-00004092,ITM-000054738,CUS-004274,2024-01-14,2024-01-15,Changed Mind,Damaged,160.8,Processed,Courier
RET-00004093,ITM-000054774,CUS-011238,2024-06-24,2024-07-07,Defective Product,Opened,31.89,Pending,Courier
RET-00004094,ITM-000054778,CUS-002628,2024-08-31,2024-09-10,Changed Mind,Opened,132.07,Approved,Courier
RET-00004095,ITM-000054787,CUS-008337,2023-11-21,2023-11-25,Size/Fit,Opened,86.31,Pending,Store
RET-00004096,ITM-000054832,CUS-006621,2023-02-11,2023-02-21,Defective Product,Resellable,107.28,Processed,Courier
RET-00004097,ITM-000054838,CUS-003756,2024-11-12,2024-11-25,Defective Product,Opened,391.75,Approved,Courier
RET-00004098,ITM-000054860,CUS-007117,2026-01-06,2026-01-09,Changed Mind,Defective,964.93,Pending,Courier
RET-00004099,ITM-000054875,CUS-007268,2024-12-10,2024-12-17,Defective Product,Damaged,84.16,Pending,Store
RET-00004100,ITM-000054890,CUS-000462,2020-02-11,2020-02-21,Defective Product,Defective,439.35,Pending,Courier
RET-00004101,ITM-000054901,CUS-010727,2022-02-01,2022-02-03,Defective Product,Opened,57.03,Processed,Store
RET-00004102,ITM-000054918,CUS-003049,2020-04-07,2020-04-13,,Damaged,18.65,Pending,Store
RET-00004103,ITM-000054931,CUS-004678,2022-06-24,2022-06-29,Not as Described,Opened,115.52,Processed,Store
RET-00004104,ITM-000054943,CUS-007183,2024-11-16,2024-11-27,Defective Product,Resellable,266.08,Processed,Courier
RET-00004105,ITM-000054948,CUS-008530,2023-02-02,2023-02-02,Changed Mind,Damaged,75.69,Processed,Courier
RET-00004106,ITM-000054967,CUS-008578,2026-04-08,2026-04-14,Changed Mind,Resellable,331.41,Processed,Store
RET-00004107,ITM-000054974,CUS-001983,2020-02-01,2020-02-12,,Opened,68.37,Pending,Store
RET-00004108,ITM-000054988,CUS-004926,2021-12-01,2021-12-01,Changed Mind,Damaged,24.93,Approved,Courier
RET-00004109,ITM-000054998,CUS-007038,2021-07-24,2021-08-05,,Resellable,57.05,Processed,Courier
RET-00004110,ITM-000055007,,2022-10-26,2022-11-02,Other,Damaged,193.51,Approved,Store
RET-00004111,ITM-000055017,CUS-002121,2023-05-13,2023-05-14,Size/Fit,Resellable,76.85,Processed,Courier
RET-00004112,ITM-000055022,CUS-010710,2021-01-31,2021-02-06,Defective Product,Damaged,96.39,Processed,Courier
RET-00004113,ITM-000055023,CUS-011712,2025-05-14,2025-05-17,Not as Described,Resellable,73.25,Pending,Courier
RET-00004114,ITM-000055029,CUS-003929,2020-07-23,2020-08-04,Changed Mind,Damaged,36.88,Pending,Store
RET-00004115,ITM-000055041,CUS-000481,2024-02-03,2024-02-13,Size/Fit,Defective,50.7,Approved,Courier
RET-00004116,ITM-000055064,CUS-001649,2024-09-18,2024-09-23,Changed Mind,Defective,84.35,Processed,Store
RET-00004117,ITM-000055112,CUS-004182,2020-08-13,2020-08-14,Changed Mind,Opened,55.55,Pending,Courier
RET-00004118,ITM-000055121,CUS-003365,2025-05-20,2025-05-24,Changed Mind,Resellable,25.96,Approved,Courier
RET-00004119,ITM-000055134,CUS-005769,2025-01-11,2025-01-14,Damaged Delivery,Opened,117.7,Approved,Store
RET-00004120,ITM-000055137,CUS-002545,2024-07-22,2024-07-27,Changed Mind,Damaged,71.06,Processed,Store
RET-00004121,ITM-000055138,CUS-006221,2020-10-25,2020-11-06,Wrong Item,Opened,70.86,Pending,Courier
RET-00004122,ITM-000055139,CUS-009905,2025-01-13,2025-01-14,Defective Product,Resellable,20.74,Pending,Store
RET-00004123,ITM-000055158,CUS-000723,2024-04-08,2024-04-11,Defective Product,Defective,65.89,Processed,Courier
RET-00004124,ITM-000055159,CUS-005723,2023-08-28,2023-09-06,Size/Fit,Resellable,126.98,Approved,Courier
RET-00004125,ITM-000055164,CUS-010914,2026-04-11,2026-04-11,Damaged Delivery,Resellable,32.86,Pending,Courier
RET-00004126,ITM-000055225,CUS-011330,2025-04-08,2025-04-14,Defective Product,Damaged,209.44,Approved,Courier
RET-00004127,ITM-000055253,CUS-004660,2020-06-06,2020-06-08,Changed Mind,Resellable,19.84,Pending,Store
RET-00004128,ITM-000055285,CUS-011834,2021-07-01,2021-07-04,Changed Mind,Resellable,16.8,Pending,Courier
RET-00004129,ITM-000055293,CUS-011098,2023-04-26,2023-04-28,Damaged Delivery,Resellable,123.41,Pending,Store
RET-00004130,ITM-000055299,CUS-005117,2022-09-04,2022-09-05,Not as Described,Damaged,102.39,Pending,Store
RET-00004131,ITM-000055310,CUS-010969,2021-03-26,2021-03-29,,Defective,48.16,Pending,Courier
RET-00004132,ITM-000055350,CUS-005389,2020-05-14,2020-05-18,,Defective,32.64,Processed,Store
RET-00004133,ITM-000055364,CUS-001892,2024-09-17,2024-09-25,Damaged Delivery,Damaged,66.08,Pending,Courier
RET-00004134,ITM-000055401,CUS-009574,2021-01-16,2021-01-20,Defective Product,Opened,61.62,Approved,Courier
RET-00004135,ITM-000055405,CUS-007273,2023-04-04,2023-04-15,Not as Described,Resellable,79.4,Approved,Store
RET-00004136,ITM-000055432,CUS-008361,2021-03-13,2021-03-15,,Defective,98.56,Pending,Store
RET-00004137,ITM-000055434,,2021-12-05,2021-12-18,,Resellable,165.71,Pending,Courier
RET-00004138,ITM-000055445,CUS-002801,2024-05-15,2024-05-26,Size/Fit,Opened,83.88,Pending,Courier
RET-00004139,ITM-000055448,CUS-001426,2025-03-11,2025-03-17,Defective Product,Opened,128.64,Processed,Courier
RET-00004140,ITM-000055449,CUS-009191,2020-10-15,2020-10-18,,Resellable,59.05,Processed,Store
RET-00004141,ITM-000055464,CUS-010446,2026-01-06,2026-01-14,Defective Product,Opened,79.44,Approved,Courier
RET-00004142,ITM-000055468,CUS-005379,2024-05-20,2024-05-30,Defective Product,Defective,30.11,Pending,Store
RET-00004143,ITM-000055486,CUS-003435,2023-10-05,2023-10-12,Damaged Delivery,Opened,67.23,Approved,Store
RET-00004144,ITM-000055494,CUS-006158,2023-05-19,2023-05-28,Size/Fit,Damaged,159.95,Approved,Courier
RET-00004145,ITM-000055496,CUS-002249,2023-09-07,2023-09-16,Size/Fit,Resellable,533.76,Approved,Store
RET-00004146,ITM-000055514,CUS-006563,2020-06-10,2020-06-20,Not as Described,Defective,164.31,Pending,Courier
RET-00004147,ITM-000055518,CUS-000297,2022-11-11,2022-11-18,Changed Mind,Damaged,146.21,Processed,Store
RET-00004148,ITM-000055525,CUS-007471,2023-04-15,2023-04-23,Defective Product,Defective,21.27,Processed,Store
RET-00004149,ITM-000055528,CUS-000516,2022-08-24,2022-09-03,Changed Mind,Defective,145.37,Approved,Courier
RET-00004150,ITM-000055534,CUS-002871,2023-03-07,2023-03-20,Defective Product,Opened,49.34,Approved,Store
RET-00004151,ITM-000055553,CUS-010877,2025-08-04,2025-08-15,Defective Product,Damaged,87.2,Processed,Store
RET-00004152,ITM-000055554,CUS-010877,2025-08-05,2025-08-11,Not as Described,Resellable,51.86,Pending,Store
RET-00004153,ITM-000055556,CUS-003570,2026-07-22,2026-08-01,Size/Fit,Defective,57.54,Processed,Courier
RET-00004154,ITM-000055567,CUS-007406,2022-11-16,2022-11-25,Not as Described,Opened,369.87,Pending,Courier
RET-00004155,ITM-000055571,CUS-008163,2021-08-19,2021-08-20,Not as Described,Defective,48.17,Processed,Courier
RET-00004156,ITM-000055611,CUS-003806,2026-08-24,2026-09-04,Not as Described,Defective,105.94,Approved,Courier
RET-00004157,ITM-000055636,CUS-003669,2024-10-30,2024-10-31,Not as Described,Resellable,54.72,Approved,Store
RET-00004158,ITM-000055662,CUS-007061,2024-06-12,2024-06-16,Defective Product,Opened,85.82,Processed,Courier
RET-00004159,ITM-000055673,CUS-009656,2021-02-15,2021-02-16,Changed Mind,Damaged,59.29,Approved,Courier
RET-00004160,ITM-000055687,CUS-009082,2025-02-18,2025-02-25,Changed Mind,Defective,181.12,Processed,Courier
RET-00004161,ITM-000055697,CUS-000329,2023-10-14,2023-10-18,Damaged Delivery,Defective,180.22,Processed,Store
RET-00004162,ITM-000055713,,2024-01-06,2024-01-09,Size/Fit,Damaged,39.74,Pending,Store
RET-00004163,ITM-000055718,CUS-003165,2020-02-26,2020-02-27,Defective Product,Damaged,60.3,Pending,Store
RET-00004164,ITM-000055737,CUS-001174,2026-01-13,2026-01-25,Size/Fit,Opened,93.72,Approved,Store
RET-00004165,ITM-000055758,CUS-002942,2025-07-07,2025-07-18,Size/Fit,Damaged,79.33,Processed,Courier
RET-00004166,ITM-000055783,,2020-11-02,2020-11-06,Size/Fit,Opened,50.41,Processed,Courier
RET-00004167,ITM-000055784,CUS-008657,2025-04-24,2025-05-03,Changed Mind,Damaged,32.85,Approved,Store
RET-00004168,ITM-000055803,CUS-007535,2020-05-20,2020-06-01,Changed Mind,Opened,65.29,Approved,Store
RET-00004169,ITM-000055815,CUS-011055,2024-05-24,2024-05-30,Not as Described,Opened,86.01,Approved,Courier
RET-00004170,ITM-000055820,,2021-08-04,2021-08-12,Size/Fit,Resellable,65.01,Processed,Store
RET-00004171,ITM-000055843,CUS-009294,2021-05-18,2021-05-23,Defective Product,Damaged,16.92,Approved,Courier
RET-00004172,ITM-000055854,CUS-006378,2025-08-11,2025-08-12,Damaged Delivery,Resellable,136.19,Processed,Courier
RET-00004173,ITM-000055866,CUS-005222,2023-12-15,2023-12-24,Size/Fit,Defective,107.51,Pending,Courier
RET-00004174,ITM-000055874,CUS-001384,2020-02-20,2020-03-02,Size/Fit,Damaged,156.02,Processed,Courier
RET-00004175,ITM-000055889,CUS-000262,2022-09-17,2022-09-27,Not as Described,Resellable,52.41,Pending,Courier
RET-00004176,ITM-000055890,CUS-000262,2022-09-14,2022-09-19,Defective Product,Resellable,168.69,Approved,Store
RET-00004177,ITM-000055898,CUS-010136,2021-01-31,2021-02-05,,Opened,59.28,Approved,Courier
RET-00004178,ITM-000055901,CUS-001802,2022-10-05,2022-10-18,Other,Opened,55.87,Approved,Courier
RET-00004179,ITM-000055937,CUS-003006,2023-03-17,2023-03-19,,Resellable,38.33,Approved,Store
RET-00004180,ITM-000055954,CUS-005663,2021-01-30,2021-01-31,Changed Mind,Resellable,25.43,Processed,Courier
RET-00004181,ITM-000055972,CUS-009527,2024-07-01,2024-07-13,,Defective,48.01,Processed,Courier
RET-00004182,ITM-000055987,CUS-010494,2020-10-12,2020-10-16,,Damaged,13.36,Processed,Store
RET-00004183,ITM-000055991,CUS-008804,2026-05-14,2026-05-18,Not as Described,Damaged,61.17,Approved,Courier
RET-00004184,ITM-000055995,,2023-12-22,2024-01-03,Changed Mind,Damaged,20.82,Processed,Courier
RET-00004185,ITM-000055998,CUS-002535,2023-11-19,2023-11-21,Damaged Delivery,Resellable,36.26,Pending,Store
RET-00004186,ITM-000056016,CUS-011706,2022-10-20,2022-11-01,Defective Product,Defective,164.64,Processed,Store
RET-00004187,ITM-000056045,CUS-004191,2024-11-14,2024-11-18,Changed Mind,Damaged,107.51,Processed,Store
RET-00004188,ITM-000056056,CUS-010393,2022-09-26,2022-10-05,Not as Described,Opened,49.51,Approved,Store
RET-00004189,ITM-000056064,CUS-004051,2022-11-19,2022-11-29,Changed Mind,Defective,97.41,Pending,Courier
RET-00004190,ITM-000056079,CUS-004082,2020-07-21,2020-07-27,Wrong Item,Resellable,71.62,Pending,Store
RET-00004191,ITM-000056095,CUS-003778,2022-10-19,2022-10-21,Defective Product,Opened,239.19,Pending,Courier
RET-00004192,ITM-000056105,CUS-011493,2021-12-02,2021-12-11,Defective Product,Resellable,136.63,Pending,Courier
RET-00004193,ITM-000056123,CUS-003768,2026-04-23,2026-04-26,Size/Fit,Resellable,42.31,Processed,Courier
RET-00004194,ITM-000056132,CUS-010246,2024-06-11,2024-06-18,Changed Mind,Resellable,303.91,Processed,Courier
RET-00004195,ITM-000056154,CUS-000444,2020-08-13,2020-08-20,,Opened,55.91,Processed,Courier
RET-00004196,ITM-000056177,CUS-010975,2024-01-13,2024-01-15,Changed Mind,Damaged,44.6,Approved,Courier
RET-00004197,ITM-000056181,CUS-008056,2021-12-10,2021-12-15,,Defective,16.05,Approved,Courier
RET-00004198,ITM-000056200,CUS-007050,2023-11-14,2023-11-18,Size/Fit,Damaged,42.39,Approved,Store
RET-00004199,ITM-000056211,CUS-008353,2025-01-08,2025-01-15,Size/Fit,Damaged,16.11,Approved,Courier
RET-00004200,ITM-000056224,CUS-011169,2023-09-03,2023-09-10,Wrong Item,Defective,27.48,Approved,Courier
RET-00004201,ITM-000056226,CUS-002992,2020-04-12,2020-04-14,,Damaged,29.52,Approved,Courier
RET-00004202,ITM-000056302,CUS-000426,2022-11-27,2022-12-08,Damaged Delivery,Opened,260.42,Processed,Courier
RET-00004203,ITM-000056309,CUS-009087,2024-06-12,2024-06-23,Changed Mind,Damaged,39.64,Processed,Courier
RET-00004204,ITM-000056332,CUS-003061,2024-07-10,2024-07-11,Wrong Item,Damaged,55.83,Processed,Courier
RET-00004205,ITM-000056340,CUS-006628,2024-03-19,2024-03-29,Not as Described,Damaged,79.5,Approved,Courier
RET-00004206,ITM-000056346,CUS-003579,2025-05-11,2025-05-24,Not as Described,Resellable,8.64,Approved,Store
RET-00004207,ITM-000056359,CUS-005725,2023-04-26,2023-05-04,Size/Fit,Defective,184.59,Processed,Store
RET-00004208,ITM-000056368,CUS-009141,2020-12-19,2020-12-20,Wrong Item,Damaged,31.02,Approved,Courier
RET-00004209,ITM-000056384,CUS-005925,2023-06-04,2023-06-17,Size/Fit,Defective,54.87,Processed,Store
RET-00004210,ITM-000056394,CUS-009402,2026-08-20,2026-08-27,Changed Mind,Resellable,100.78,Processed,Courier
RET-00004211,ITM-000056407,CUS-001187,2026-01-29,2026-02-06,Defective Product,Opened,24.23,Approved,Courier
RET-00004212,ITM-000056421,CUS-001358,2022-10-17,2022-10-17,Changed Mind,Damaged,44.81,Approved,Courier
RET-00004213,ITM-000056435,CUS-004628,2020-12-22,2021-01-01,,Defective,203.39,Approved,Courier
RET-00004214,ITM-000056478,,2025-11-28,2025-12-03,Changed Mind,Defective,19.79,Processed,Courier
RET-00004215,ITM-000056482,CUS-010028,2023-05-02,2023-05-02,Not as Described,Damaged,82.94,Approved,Courier
RET-00004216,ITM-000056487,CUS-008609,2024-05-13,2024-05-24,Changed Mind,Opened,67.18,Approved,Courier
RET-00004217,ITM-000056496,CUS-001935,2023-09-18,2023-09-21,Other,Resellable,61.61,Approved,Store
RET-00004218,ITM-000056499,CUS-003851,2020-04-22,2020-05-05,,Defective,67.7,Processed,Courier
RET-00004219,ITM-000056505,CUS-002544,2022-01-26,2022-02-04,Not as Described,Resellable,83.43,Approved,Store
RET-00004220,ITM-000056521,CUS-002148,2023-12-18,2023-12-25,Not as Described,Defective,57.88,Processed,Courier
RET-00004221,ITM-000056545,CUS-010258,2025-09-20,2025-09-24,Changed Mind,Opened,148.87,Approved,Courier
RET-00004222,ITM-000056562,CUS-010544,2022-04-21,2022-04-22,Wrong Item,Defective,36.02,Pending,Store
RET-00004223,ITM-000056566,CUS-002143,2022-03-28,2022-03-29,Size/Fit,Opened,55.34,Pending,Courier
RET-00004224,ITM-000056569,CUS-006723,2023-05-06,2023-05-09,Changed Mind,Defective,199.54,Pending,Courier
RET-00004225,ITM-000056572,,2024-12-10,2024-12-15,Size/Fit,Damaged,151.32,Pending,Store
RET-00004226,ITM-000056574,CUS-009860,2022-04-04,2022-04-12,Size/Fit,Damaged,24.1,Processed,Courier
RET-00004227,ITM-000056588,CUS-005773,2024-09-11,2024-09-16,Defective Product,Damaged,332.99,Approved,Store
RET-00004228,ITM-000056611,CUS-000645,2026-01-18,2026-01-27,Not as Described,Opened,533.76,Pending,Courier
RET-00004229,ITM-000056620,CUS-009397,2026-07-24,2026-08-06,Defective Product,Defective,75.37,Pending,Courier
RET-00004230,ITM-000056624,CUS-005096,2020-12-19,2020-12-23,Wrong Item,Opened,52.11,Pending,Store
RET-00004231,ITM-000056628,CUS-001312,2023-05-18,2023-05-29,Changed Mind,Opened,195.87,Pending,Store
RET-00004232,ITM-000056646,CUS-004092,2021-07-17,2021-07-20,,Resellable,47.19,Processed,Courier
RET-00004233,ITM-000056658,CUS-005415,2026-02-06,2026-02-13,Wrong Item,Opened,146.21,Processed,Courier
RET-00004234,ITM-000056666,CUS-000677,2026-01-13,2026-01-21,Defective Product,Resellable,50.71,Pending,Store
RET-00004235,ITM-000056668,CUS-003551,2023-10-25,2023-10-29,Size/Fit,Resellable,174.57,Processed,Courier
RET-00004236,ITM-000056702,CUS-009526,2022-02-05,2022-02-10,Size/Fit,Damaged,59.58,Processed,Store
RET-00004237,ITM-000056716,CUS-004311,2021-12-14,2021-12-14,,Damaged,87.58,Pending,Courier
RET-00004238,ITM-000056722,CUS-001156,2024-06-11,2024-06-16,Not as Described,Opened,46.04,Pending,Courier
RET-00004239,ITM-000056747,CUS-007117,2026-09-21,2026-09-21,Defective Product,Resellable,43.87,Processed,Courier
RET-00004240,ITM-000056755,CUS-003712,2025-06-19,2025-06-29,Not as Described,Opened,80.29,Approved,Courier
RET-00004241,ITM-000056792,CUS-003994,2021-04-12,2021-04-22,,Resellable,39.37,Processed,Store
RET-00004242,ITM-000056825,CUS-002332,2025-04-29,2025-05-12,Changed Mind,Resellable,37.01,Pending,Courier
RET-00004243,ITM-000056829,CUS-004542,2023-05-06,2023-05-14,Defective Product,Resellable,53.98,Approved,Store
RET-00004244,ITM-000056838,CUS-005124,2024-06-06,2024-06-15,Defective Product,Damaged,244.38,Processed,Store
RET-00004245,ITM-000056846,CUS-007510,2023-11-01,2023-11-09,Changed Mind,Resellable,22.05,Approved,Store
RET-00004246,ITM-000056848,CUS-006174,2021-08-13,2021-08-20,Other,Opened,232.81,Approved,Courier
RET-00004247,ITM-000056864,CUS-007921,2021-10-01,2021-10-10,Not as Described,Resellable,261.66,Processed,Store
RET-00004248,ITM-000056875,CUS-003725,2020-01-26,2020-02-01,Damaged Delivery,Defective,60.18,Pending,Courier
RET-00004249,ITM-000056904,CUS-011358,2026-08-09,2026-08-10,Wrong Item,Damaged,42.98,Processed,Courier
RET-00004250,ITM-000056909,CUS-008350,2025-08-06,2025-08-19,Changed Mind,Damaged,99.23,Approved,Courier
RET-00004251,ITM-000056937,CUS-009053,2024-11-14,2024-11-20,Size/Fit,Damaged,57.07,Approved,Courier
RET-00004252,ITM-000056951,CUS-002692,2020-08-19,2020-08-19,Wrong Item,Defective,27.12,Processed,Courier
RET-00004253,ITM-000056954,CUS-001724,2022-07-29,2022-08-04,Defective Product,Resellable,90.77,Processed,Courier
RET-00004254,ITM-000056961,CUS-002876,2025-11-02,2025-11-06,Changed Mind,Defective,86.16,Processed,Courier
RET-00004255,ITM-000056962,CUS-002876,2025-11-16,2025-11-25,Size/Fit,Defective,281.18,Approved,Courier
RET-00004256,ITM-000056975,CUS-004304,2021-01-17,2021-01-25,,Opened,248.84,Approved,Courier
RET-00004257,ITM-000056982,CUS-006633,2023-03-08,2023-03-11,Wrong Item,Damaged,111.1,Approved,Courier
RET-00004258,ITM-000057000,CUS-005007,2020-08-04,2020-08-12,Size/Fit,Damaged,208.28,Processed,Courier
RET-00004259,ITM-000057005,CUS-006501,2020-02-09,2020-02-09,Changed Mind,Opened,40.83,Approved,Store
RET-00004260,ITM-000057006,CUS-006501,2020-01-31,2020-02-11,Not as Described,Damaged,59.31,Processed,Store
RET-00004261,ITM-000057008,CUS-008315,2020-09-22,2020-10-03,Not as Described,Resellable,43.58,Pending,Courier
RET-00004262,ITM-000057020,CUS-008867,2022-12-12,2022-12-21,Changed Mind,Defective,185.1,Pending,Courier
RET-00004263,ITM-000057028,CUS-004391,2024-10-01,2024-10-11,Changed Mind,Damaged,218.3,Pending,Courier
RET-00004264,ITM-000057044,CUS-009888,2020-06-10,2020-06-19,Not as Described,Defective,75.69,Pending,Store
RET-00004265,ITM-000057056,CUS-009952,2022-09-23,2022-09-23,Changed Mind,Damaged,44.21,Processed,Courier
RET-00004266,ITM-000057061,CUS-010039,2021-05-02,2021-05-11,Not as Described,Defective,25.86,Approved,Courier
RET-00004267,ITM-000057097,CUS-002891,2024-02-16,2024-02-16,Changed Mind,Damaged,30.8,Processed,Courier
RET-00004268,ITM-000057114,CUS-004450,2020-03-01,2020-03-12,Size/Fit,Defective,43.8,Approved,Store
RET-00004269,ITM-000057118,CUS-011831,2020-04-02,2020-04-10,,Damaged,24.75,Approved,Courier
RET-00004270,ITM-000057120,CUS-011831,2020-04-29,2020-04-29,Wrong Item,Damaged,74.14,Pending,Store
RET-00004271,ITM-000057148,,2021-04-25,2021-04-25,Not as Described,Damaged,19.7,Processed,Store
RET-00004272,ITM-000057153,CUS-006027,2024-11-28,2024-12-01,Size/Fit,Opened,32.74,Processed,Courier
RET-00004273,ITM-000057162,CUS-003859,2023-10-03,2023-10-11,Defective Product,Damaged,83.58,Approved,Store
RET-00004274,ITM-000057177,CUS-005511,2025-10-11,2025-10-21,Changed Mind,Damaged,70.09,Processed,Courier
RET-00004275,ITM-000057193,CUS-002400,2022-01-06,2022-01-16,Size/Fit,Opened,48.16,Pending,Store
RET-00004276,ITM-000057232,CUS-000561,2023-11-14,2023-11-24,Not as Described,Damaged,68.69,Processed,Store
RET-00004277,ITM-000057237,CUS-006575,2020-11-20,2020-11-29,Damaged Delivery,Defective,68.36,Approved,Courier
RET-00004278,ITM-000057239,CUS-006550,2022-08-30,2022-09-05,Changed Mind,Opened,105.26,Processed,Courier
RET-00004279,ITM-000057243,CUS-003270,2020-06-30,2020-07-05,Damaged Delivery,Resellable,35.79,Processed,Courier
RET-00004280,ITM-000057270,CUS-004782,2025-12-03,2025-12-12,Changed Mind,Damaged,136.33,Processed,Courier
RET-00004281,ITM-000057271,CUS-004782,2025-12-06,2025-12-10,Size/Fit,Resellable,29.64,Approved,Courier
RET-00004282,ITM-000057278,,2024-05-27,2024-05-27,Other,Resellable,67.7,Pending,Store
RET-00004283,ITM-000057282,CUS-004735,2022-02-25,2022-03-04,Defective Product,Resellable,60.12,Processed,Courier
RET-00004284,ITM-000057298,CUS-006307,2024-01-15,2024-01-27,Changed Mind,Resellable,98.62,Processed,Courier
RET-00004285,ITM-000057301,CUS-006092,2020-01-17,2020-01-30,,Defective,17.89,Processed,Store
RET-00004286,ITM-000057327,CUS-005803,2021-11-11,2021-11-24,Not as Described,Damaged,167.28,Pending,Courier
RET-00004287,ITM-000057363,CUS-010797,2025-04-16,2025-04-16,Changed Mind,Opened,73.9,Approved,Courier
RET-00004288,ITM-000057373,CUS-008766,2020-12-12,2020-12-14,,Defective,34.55,Processed,Courier
RET-00004289,ITM-000057390,CUS-006586,2020-05-20,2020-05-29,Not as Described,Defective,26.78,Processed,Store
RET-00004290,ITM-000057411,CUS-011177,2023-06-16,2023-06-19,Size/Fit,Resellable,39.42,Processed,Store
RET-00004291,ITM-000057412,CUS-011177,2023-06-11,2023-06-18,Changed Mind,Resellable,99.35,Pending,Courier
RET-00004292,ITM-000057414,CUS-005928,2022-01-25,2022-01-29,Changed Mind,Resellable,401.69,Pending,Store
RET-00004293,ITM-000057444,CUS-000948,2022-01-28,2022-02-04,Changed Mind,Defective,80.29,Processed,Store
RET-00004294,ITM-000057469,CUS-001606,2026-07-23,2026-08-02,Defective Product,Opened,84.14,Pending,Store
RET-00004295,ITM-000057483,CUS-005060,2025-05-24,2025-05-24,Not as Described,Opened,52.42,Approved,Courier
RET-00004296,ITM-000057500,CUS-002177,2023-11-11,2023-11-11,Changed Mind,Opened,57.65,Processed,Courier
RET-00004297,ITM-000057506,CUS-007075,2023-08-29,2023-09-03,Size/Fit,Damaged,68.51,Approved,Courier
RET-00004298,ITM-000057516,CUS-007183,2022-06-24,2022-06-29,Defective Product,Defective,119.66,Pending,Courier
RET-00004299,ITM-000057517,CUS-004267,2024-09-24,2024-09-29,Defective Product,Resellable,17.02,Pending,Courier
RET-00004300,ITM-000057537,CUS-004857,2026-01-24,2026-02-06,Not as Described,Opened,54.5,Approved,Courier
RET-00004301,ITM-000057553,CUS-010388,2020-10-29,2020-10-31,Changed Mind,Resellable,44.7,Approved,Store
RET-00004302,ITM-000057557,CUS-000201,2024-09-15,2024-09-22,Damaged Delivery,Defective,28.17,Processed,Courier
RET-00004303,ITM-000057560,CUS-010124,2023-12-28,2024-01-02,Wrong Item,Opened,14.15,Pending,Store
RET-00004304,ITM-000057571,,2021-07-28,2021-08-06,Size/Fit,Defective,453.7,Processed,Store
RET-00004305,ITM-000057574,CUS-007266,2022-12-14,2022-12-17,Changed Mind,Defective,89.92,Processed,Store
RET-00004306,ITM-000057579,CUS-002996,2022-11-26,2022-12-05,Defective Product,Resellable,174.2,Processed,Store
RET-00004307,ITM-000057585,CUS-005385,2024-08-25,2024-08-28,Changed Mind,Opened,7.29,Pending,Courier
RET-00004308,ITM-000057608,CUS-005239,2026-02-25,2026-03-05,Changed Mind,Opened,51.78,Approved,Store
RET-00004309,ITM-000057613,CUS-001496,2021-09-03,2021-09-16,Size/Fit,Resellable,161.7,Processed,Courier
RET-00004310,ITM-000057626,CUS-008097,2020-05-07,2020-05-16,,Damaged,51.28,Pending,Courier
RET-00004311,ITM-000057627,CUS-002995,2020-05-03,2020-05-13,Size/Fit,Defective,38.24,Approved,Courier
RET-00004312,ITM-000057632,CUS-000304,2024-05-07,2024-05-17,Size/Fit,Opened,119.9,Pending,Store
RET-00004313,ITM-000057653,CUS-008984,2022-09-09,2022-09-20,Defective Product,Opened,13.43,Approved,Store
RET-00004314,ITM-000057676,CUS-011480,2021-08-12,2021-08-18,Not as Described,Resellable,61.66,Processed,Store
RET-00004315,ITM-000057681,CUS-009268,2025-12-01,2025-12-07,Changed Mind,Defective,52.83,Pending,Courier
RET-00004316,ITM-000057703,CUS-008720,2025-05-08,2025-05-14,Damaged Delivery,Opened,107.92,Processed,Courier
RET-00004317,ITM-000057714,,2025-02-20,2025-02-26,Size/Fit,Opened,114.29,Approved,Store
RET-00004318,ITM-000057723,CUS-001420,2025-12-25,2025-12-29,Not as Described,Resellable,46.03,Pending,Store
RET-00004319,ITM-000057746,CUS-002266,2024-08-19,2024-08-29,Defective Product,Resellable,61.35,Approved,Store
RET-00004320,ITM-000057760,CUS-011324,2026-05-09,2026-05-15,Defective Product,Opened,129.58,Approved,Store
RET-00004321,ITM-000057768,CUS-009375,2023-10-14,2023-10-20,,Resellable,139.86,Pending,Store
RET-00004322,ITM-000057785,CUS-007930,2025-04-21,2025-04-26,Changed Mind,Resellable,62.64,Pending,Store
RET-00004323,ITM-000057789,CUS-008707,2021-01-06,2021-01-14,Damaged Delivery,Opened,26.24,Processed,Courier
RET-00004324,ITM-000057791,CUS-011384,2026-04-28,2026-05-02,Changed Mind,Opened,22.49,Pending,Store
RET-00004325,ITM-000057811,CUS-003508,2026-04-03,2026-04-16,Size/Fit,Defective,15.37,Pending,Courier
RET-00004326,ITM-000057813,CUS-003508,2026-03-13,2026-03-21,Damaged Delivery,Defective,45.02,Approved,Store
RET-00004327,ITM-000057821,CUS-007980,2021-01-01,2021-01-05,Wrong Item,Opened,167.39,Pending,Courier
RET-00004328,ITM-000057852,CUS-008322,2025-09-26,2025-09-27,Defective Product,Defective,164.42,Pending,Store
RET-00004329,ITM-000057854,CUS-008710,2020-10-23,2020-10-31,Changed Mind,Resellable,180.6,Processed,Store
RET-00004330,ITM-000057860,CUS-005814,2026-01-20,2026-01-25,Size/Fit,Resellable,246.75,Approved,Store
RET-00004331,ITM-000057875,CUS-001258,2024-04-05,2024-04-05,Other,Defective,51.58,Approved,Courier
RET-00004332,ITM-000057883,CUS-000289,2022-06-27,2022-07-03,Defective Product,Damaged,232.46,Pending,Courier
RET-00004333,ITM-000057899,CUS-006225,2024-09-03,2024-09-15,Size/Fit,Resellable,197.77,Processed,Courier
RET-00004334,ITM-000057915,CUS-010824,2020-10-19,2020-10-31,,Defective,41.24,Processed,Courier
RET-00004335,ITM-000057947,CUS-003602,2023-02-19,2023-02-24,Changed Mind,Resellable,306.08,Processed,Store
RET-00004336,ITM-000057951,CUS-010214,2023-12-28,2023-12-29,Changed Mind,Defective,54.18,Pending,Courier
RET-00004337,ITM-000057984,,2020-12-14,2020-12-19,Changed Mind,Opened,40.62,Pending,Courier
RET-00004338,ITM-000058003,CUS-005152,2025-01-12,2025-01-20,Not as Described,Resellable,73.05,Approved,Courier
RET-00004339,ITM-000058012,CUS-004308,2023-02-22,2023-02-28,Damaged Delivery,Defective,49.01,Processed,Store
RET-00004340,ITM-000058018,CUS-010038,2024-06-07,2024-06-11,Defective Product,Resellable,70.05,Processed,Store
RET-00004341,ITM-000058020,CUS-007138,2021-12-18,2021-12-30,Defective Product,Opened,68.58,Processed,Courier
RET-00004342,ITM-000058029,CUS-002567,2024-02-21,2024-02-23,Defective Product,Opened,359.19,Approved,Store
RET-00004343,ITM-000058046,CUS-010219,2021-07-04,2021-07-08,Damaged Delivery,Damaged,9.14,Pending,Store
RET-00004344,ITM-000058125,CUS-005750,2022-04-29,2022-05-05,Size/Fit,Defective,124.91,Processed,Store
RET-00004345,ITM-000058127,CUS-005750,2022-04-07,2022-04-13,Changed Mind,Resellable,46.78,Processed,Courier
RET-00004346,ITM-000058152,CUS-007974,2020-11-20,2020-11-20,Defective Product,Opened,152.45,Pending,Store
RET-00004347,ITM-000058154,CUS-002625,2023-04-30,2023-05-09,Changed Mind,Damaged,38.58,Approved,Courier
RET-00004348,ITM-000058185,CUS-000784,2021-03-30,2021-04-09,Size/Fit,Opened,164.5,Approved,Store
RET-00004349,ITM-000058209,CUS-002453,2020-10-22,2020-11-02,,Opened,53.74,Approved,Courier
RET-00004350,ITM-000058212,CUS-001946,2022-06-03,2022-06-14,Defective Product,Damaged,115.3,Pending,Store
RET-00004351,ITM-000058225,CUS-009788,2025-01-15,2025-01-19,Size/Fit,Damaged,23.27,Pending,Courier
RET-00004352,ITM-000058226,CUS-009788,2025-01-29,2025-02-05,Changed Mind,Defective,46.83,Pending,Courier
RET-00004353,ITM-000058233,CUS-005908,2026-06-01,2026-06-10,Changed Mind,Defective,157.89,Pending,Courier
RET-00004354,ITM-000058266,CUS-011202,2020-11-19,2020-12-02,,Damaged,96.08,Processed,Store
RET-00004355,ITM-000058280,CUS-011721,2020-08-19,2020-08-23,,Defective,15.4,Approved,Courier
RET-00004356,ITM-000058290,CUS-004738,2020-12-05,2020-12-11,Not as Described,Resellable,15.7,Processed,Courier
RET-00004357,ITM-000058302,CUS-002882,2024-10-16,2024-10-27,Changed Mind,Defective,140.43,Processed,Store
RET-00004358,ITM-000058316,CUS-001402,2022-04-14,2022-04-15,Changed Mind,Resellable,264.39,Approved,Courier
RET-00004359,ITM-000058331,CUS-007589,2021-08-26,2021-09-02,,Opened,11.41,Processed,Courier
RET-00004360,ITM-000058337,CUS-002701,2023-09-24,2023-10-04,Defective Product,Defective,57.44,Approved,Store
RET-00004361,ITM-000058355,CUS-007028,2021-01-09,2021-01-15,Changed Mind,Damaged,21.3,Pending,Courier
RET-00004362,ITM-000058376,CUS-002504,2021-12-08,2021-12-17,Not as Described,Resellable,213.5,Pending,Store
RET-00004363,ITM-000058397,CUS-000452,2023-07-28,2023-08-02,Size/Fit,Defective,4.86,Approved,Courier
RET-00004364,ITM-000058432,CUS-003674,2021-01-22,2021-01-30,Size/Fit,Defective,85.82,Pending,Store
RET-00004365,ITM-000058441,CUS-005186,2025-09-04,2025-09-11,Defective Product,Resellable,268.92,Approved,Courier
RET-00004366,ITM-000058472,CUS-000740,2026-06-05,2026-06-10,Changed Mind,Opened,68.92,Processed,Courier
RET-00004367,ITM-000058481,CUS-005059,2025-03-31,2025-04-06,Other,Defective,15.34,Approved,Store
RET-00004368,ITM-000058487,CUS-010693,2020-09-12,2020-09-13,Defective Product,Resellable,70.9,Approved,Courier
RET-00004369,ITM-000058491,CUS-005733,2024-07-17,2024-07-28,Defective Product,Defective,43.6,Processed,Store
RET-00004370,ITM-000058495,CUS-002010,2022-06-19,2022-06-27,Changed Mind,Opened,60.76,Pending,Store
RET-00004371,ITM-000058510,CUS-011077,2020-07-03,2020-07-05,Other,Defective,63.13,Approved,Courier
RET-00004372,ITM-000058512,CUS-010610,2025-04-12,2025-04-23,Size/Fit,Damaged,25.12,Approved,Courier
RET-00004373,ITM-000058553,CUS-006261,2023-10-18,2023-10-22,Defective Product,Damaged,57.3,Pending,Store
RET-00004374,ITM-000058571,CUS-002661,2024-03-10,2024-03-14,Defective Product,Opened,19.43,Approved,Courier
RET-00004375,ITM-000058578,CUS-011579,2024-12-09,2024-12-10,Wrong Item,Resellable,166.02,Processed,Store
RET-00004376,ITM-000058584,CUS-008479,2023-07-24,2023-07-26,Changed Mind,Resellable,38.42,Pending,Courier
RET-00004377,ITM-000058589,,2026-09-18,2026-09-30,Damaged Delivery,Defective,47.77,Processed,Courier
RET-00004378,ITM-000058592,CUS-007284,2023-06-11,2023-06-23,Defective Product,Resellable,57.53,Processed,Courier
RET-00004379,ITM-000058617,CUS-007847,2020-01-22,2020-01-27,Changed Mind,Opened,46.95,Processed,Courier
RET-00004380,ITM-000058641,CUS-007390,2021-03-18,2021-03-20,,Defective,115.69,Processed,Courier
RET-00004381,ITM-000058674,CUS-009493,2025-07-10,2025-07-19,Size/Fit,Resellable,37.83,Pending,Store
RET-00004382,ITM-000058676,CUS-005579,2020-04-05,2020-04-14,Changed Mind,Resellable,162.31,Processed,Courier
RET-00004383,ITM-000058678,CUS-000655,2020-10-24,2020-11-01,Size/Fit,Defective,43.74,Pending,Courier
RET-00004384,ITM-000058693,CUS-000300,2020-09-26,2020-10-03,Changed Mind,Defective,118.5,Approved,Courier
RET-00004385,ITM-000058714,CUS-011796,2023-04-02,2023-04-04,Defective Product,Damaged,208.22,Pending,Courier
RET-00004386,ITM-000058724,CUS-011693,2024-05-10,2024-05-13,Size/Fit,Resellable,63.3,Pending,Courier
RET-00004387,ITM-000058730,CUS-003649,2023-03-28,2023-04-01,Size/Fit,Resellable,76.89,Pending,Store
RET-00004388,ITM-000058735,,2020-07-15,2020-07-19,Changed Mind,Defective,40.29,Processed,Courier
RET-00004389,ITM-000058740,CUS-010642,2022-07-06,2022-07-09,Defective Product,Damaged,236.42,Processed,Courier
RET-00004390,ITM-000058751,CUS-009018,2026-07-24,2026-08-03,Changed Mind,Damaged,90.03,Approved,Courier
RET-00004391,ITM-000058753,CUS-001497,2024-07-22,2024-08-02,Not as Described,Opened,107.51,Approved,Store
RET-00004392,ITM-000058756,CUS-010677,2020-09-08,2020-09-10,Size/Fit,Damaged,109.54,Pending,Store
RET-00004393,ITM-000058757,CUS-009753,2023-07-04,2023-07-12,Damaged Delivery,Damaged,8.12,Processed,Store
RET-00004394,ITM-000058761,CUS-003856,2022-10-21,2022-11-01,Changed Mind,Defective,56.52,Processed,Courier
RET-00004395,ITM-000058773,CUS-000054,2022-03-31,2022-04-11,Not as Described,Damaged,38.94,Processed,Store
RET-00004396,ITM-000058782,,2020-08-06,2020-08-15,Changed Mind,Damaged,36.41,Approved,Courier
RET-00004397,ITM-000058802,CUS-003758,2024-06-24,2024-06-29,Damaged Delivery,Defective,478.38,Processed,Courier
RET-00004398,ITM-000058806,CUS-002791,2024-07-20,2024-08-02,Size/Fit,Damaged,27.73,Processed,Store
RET-00004399,ITM-000058821,CUS-010293,2022-06-18,2022-06-25,Changed Mind,Damaged,32.1,Processed,Store
RET-00004400,ITM-000058827,CUS-011533,2024-01-23,2024-01-31,Defective Product,Resellable,39.68,Approved,Courier
RET-00004401,ITM-000058837,CUS-002225,2024-10-15,2024-10-20,Changed Mind,Opened,79.62,Processed,Store
RET-00004402,ITM-000058855,CUS-003267,2020-09-08,2020-09-11,,Opened,95.68,Processed,Store
RET-00004403,ITM-000058858,CUS-006601,2026-04-09,2026-04-16,Damaged Delivery,Resellable,77.12,Processed,Store
RET-00004404,ITM-000058882,CUS-008437,2026-03-14,2026-03-23,Damaged Delivery,Damaged,41.43,Approved,Courier
RET-00004405,ITM-000058900,CUS-011628,2022-06-16,2022-06-25,Other,Resellable,29.53,Approved,Store
RET-00004406,ITM-000058930,CUS-004935,2022-01-11,2022-01-20,Size/Fit,Resellable,60.87,Processed,Store
RET-00004407,ITM-000058932,CUS-001242,2025-08-26,2025-09-01,Defective Product,Defective,21.02,Approved,Courier
RET-00004408,ITM-000058935,CUS-003678,2020-12-05,2020-12-15,,Resellable,256.59,Pending,Courier
RET-00004409,ITM-000058941,CUS-000679,2024-07-25,2024-07-25,Size/Fit,Resellable,64.55,Processed,Courier
RET-00004410,ITM-000058966,CUS-010819,2023-11-04,2023-11-14,Size/Fit,Resellable,164.15,Approved,Store
RET-00004411,ITM-000058977,CUS-000167,2023-07-28,2023-08-04,Not as Described,Defective,64.26,Processed,Courier
RET-00004412,ITM-000058981,CUS-004023,2023-08-08,2023-08-17,Damaged Delivery,Defective,320.74,Processed,Courier
RET-00004413,ITM-000058983,CUS-003030,2024-04-23,2024-05-01,Other,Damaged,108.73,Approved,Courier
RET-00004414,ITM-000058990,CUS-002922,2025-09-14,2025-09-16,Changed Mind,Defective,32.47,Pending,Courier
RET-00004415,ITM-000059005,,2021-02-13,2021-02-16,Defective Product,Resellable,12.26,Approved,Courier
RET-00004416,ITM-000059044,,2023-01-03,2023-01-11,Size/Fit,Opened,46.05,Pending,Courier
RET-00004417,ITM-000059053,CUS-010905,2024-03-05,2024-03-06,Changed Mind,Defective,97.73,Processed,Store
RET-00004418,ITM-000059070,CUS-009951,2022-06-02,2022-06-08,Damaged Delivery,Damaged,57.17,Processed,Store
RET-00004419,ITM-000059089,CUS-010855,2023-04-26,2023-05-05,,Resellable,127.87,Approved,Store
RET-00004420,ITM-000059112,CUS-011483,2024-03-27,2024-03-31,Changed Mind,Resellable,140.43,Pending,Store
RET-00004421,ITM-000059132,CUS-005585,2023-10-14,2023-10-19,Changed Mind,Opened,16.73,Approved,Courier
RET-00004422,ITM-000059148,CUS-000274,2025-01-09,2025-01-14,Size/Fit,Opened,104.92,Pending,Courier
RET-00004423,ITM-000059169,CUS-009018,2024-09-09,2024-09-13,Changed Mind,Damaged,113.75,Pending,Courier
RET-00004424,ITM-000059186,,2022-04-17,2022-04-29,Not as Described,Defective,52.27,Pending,Courier
RET-00004425,ITM-000059195,CUS-004442,2025-11-19,2025-11-30,Changed Mind,Opened,68.09,Pending,Courier
RET-00004426,ITM-000059204,CUS-011070,2026-05-29,2026-05-29,Changed Mind,Damaged,21.43,Pending,Store
RET-00004427,ITM-000059211,CUS-007386,2024-12-27,2025-01-03,Defective Product,Opened,40.58,Pending,Courier
RET-00004428,ITM-000059212,CUS-007386,2024-12-19,2025-01-01,Changed Mind,Resellable,53.74,Processed,Courier
RET-00004429,ITM-000059220,CUS-003368,2023-01-03,2023-01-11,Defective Product,Damaged,53.56,Approved,Courier
RET-00004430,ITM-000059230,CUS-008554,2025-11-23,2025-12-01,Defective Product,Opened,21.58,Approved,Store
RET-00004431,ITM-000059244,CUS-006047,2020-02-12,2020-02-20,Changed Mind,Opened,27.36,Approved,Courier
RET-00004432,ITM-000059258,CUS-000579,2020-04-24,2020-04-29,Size/Fit,Opened,44.58,Processed,Store
RET-00004433,ITM-000059271,CUS-003359,2021-03-30,2021-04-01,Wrong Item,Opened,89.44,Approved,Store
RET-00004434,ITM-000059273,CUS-005182,2025-10-23,2025-11-03,Changed Mind,Opened,466.84,Processed,Courier
RET-00004435,ITM-000059298,CUS-000978,2024-02-01,2024-02-02,Size/Fit,Damaged,161.84,Pending,Courier
RET-00004436,ITM-000059299,CUS-011480,2020-05-05,2020-05-12,Defective Product,Resellable,53.98,Pending,Courier
RET-00004437,ITM-000059312,CUS-011121,2020-02-29,2020-03-05,Size/Fit,Damaged,89.82,Processed,Courier
RET-00004438,ITM-000059319,CUS-010551,2024-04-17,2024-04-21,Changed Mind,Resellable,71.75,Approved,Courier
RET-00004439,ITM-000059336,CUS-009990,2022-11-26,2022-12-08,Changed Mind,Damaged,59.56,Pending,Courier
RET-00004440,ITM-000059358,CUS-004935,2024-02-14,2024-02-27,Not as Described,Damaged,16.05,Approved,Store
RET-00004441,ITM-000059383,CUS-007853,2025-12-26,2025-12-28,Changed Mind,Opened,72.62,Pending,Courier
RET-00004442,ITM-000059424,CUS-007607,2023-07-21,2023-08-01,Size/Fit,Opened,171.06,Approved,Store
RET-00004443,ITM-000059494,CUS-001789,2023-09-01,2023-09-09,Size/Fit,Defective,144.06,Pending,Courier
RET-00004444,ITM-000059497,CUS-011241,2024-10-07,2024-10-16,,Opened,30.11,Processed,Courier
RET-00004445,ITM-000059560,CUS-011753,2025-03-18,2025-03-23,Damaged Delivery,Damaged,18.44,Pending,Store
RET-00004446,ITM-000059563,CUS-001171,2025-04-23,2025-04-23,Changed Mind,Resellable,250.15,Approved,Store
RET-00004447,ITM-000059566,CUS-000860,2021-04-02,2021-04-10,Size/Fit,Opened,80.37,Pending,Courier
RET-00004448,ITM-000059617,CUS-002172,2021-09-16,2021-09-17,Not as Described,Damaged,262.17,Approved,Courier
RET-00004449,ITM-000059619,CUS-006288,2020-04-19,2020-04-29,Changed Mind,Damaged,66.56,Processed,Courier
RET-00004450,ITM-000059630,CUS-008267,2021-12-13,2021-12-15,Changed Mind,Resellable,68.69,Pending,Store
RET-00004451,ITM-000059640,CUS-003607,2021-05-15,2021-05-16,Wrong Item,Defective,90.9,Approved,Courier
RET-00004452,ITM-000059644,CUS-006824,2026-08-16,2026-08-19,Changed Mind,Damaged,6.47,Approved,Store
RET-00004453,ITM-000059649,CUS-007426,2024-01-30,2024-02-06,Changed Mind,Opened,69.66,Processed,Store
RET-00004454,ITM-000059661,CUS-011616,2021-07-07,2021-07-08,Size/Fit,Defective,44.77,Processed,Courier
RET-00004455,ITM-000059679,CUS-003251,2023-12-22,2023-12-24,Wrong Item,Opened,85.69,Processed,Store
RET-00004456,ITM-000059684,CUS-010934,2020-02-24,2020-02-28,Defective Product,Damaged,107.42,Approved,Courier
RET-00004457,ITM-000059692,CUS-000691,2022-05-30,2022-06-01,Changed Mind,Damaged,45.08,Approved,Courier
RET-00004458,ITM-000059734,CUS-007323,2023-12-05,2023-12-12,Changed Mind,Opened,47.13,Approved,Store
RET-00004459,ITM-000059736,CUS-010345,2023-04-03,2023-04-10,Not as Described,Opened,106.31,Approved,Store
RET-00004460,ITM-000059740,CUS-002689,2026-09-08,2026-09-13,Wrong Item,Resellable,93.4,Pending,Store
RET-00004461,ITM-000059758,CUS-009962,2026-03-20,2026-03-31,Size/Fit,Defective,38.37,Pending,Courier
RET-00004462,ITM-000059766,CUS-003360,2024-09-11,2024-09-12,Defective Product,Opened,62.84,Approved,Courier
RET-00004463,ITM-000059768,CUS-011521,2021-02-14,2021-02-25,Changed Mind,Damaged,136.38,Approved,Courier
RET-00004464,ITM-000059785,CUS-006777,2020-07-01,2020-07-05,Defective Product,Resellable,55.77,Processed,Courier
RET-00004465,ITM-000059823,CUS-000075,2023-01-05,2023-01-13,Not as Described,Damaged,48.98,Approved,Courier
RET-00004466,ITM-000059846,CUS-002029,2024-05-16,2024-05-16,Changed Mind,Opened,56.84,Pending,Store
RET-00004467,ITM-000059866,CUS-010437,2025-07-08,2025-07-09,Changed Mind,Resellable,133.12,Processed,Courier
RET-00004468,ITM-000059877,CUS-006368,2022-07-10,2022-07-17,Defective Product,Damaged,24.11,Pending,Courier
RET-00004469,ITM-000059973,CUS-005611,2023-07-07,2023-07-18,Defective Product,Resellable,133.04,Processed,Store
RET-00004470,ITM-000059986,CUS-010130,2026-07-02,2026-07-11,Size/Fit,Resellable,40.43,Approved,Courier
RET-00004471,ITM-000060006,CUS-003902,2026-07-06,2026-07-19,Changed Mind,Damaged,107.97,Processed,Courier
RET-00004472,ITM-000060023,CUS-006585,2021-02-14,2021-02-20,Changed Mind,Opened,55.77,Approved,Courier
RET-00004473,ITM-000060041,,2026-07-26,2026-07-29,Size/Fit,Damaged,102.06,Pending,Courier
RET-00004474,ITM-000060046,CUS-007851,2022-03-25,2022-04-05,Changed Mind,Defective,59.31,Approved,Store
RET-00004475,ITM-000060047,CUS-001360,2023-07-06,2023-07-07,Size/Fit,Defective,129.1,Pending,Store
RET-00004476,ITM-000060088,CUS-004083,2021-06-29,2021-07-01,Defective Product,Defective,64.67,Processed,Courier
RET-00004477,ITM-000060205,CUS-003009,2020-10-15,2020-10-22,Not as Described,Resellable,53.77,Approved,Store
RET-00004478,ITM-000060212,CUS-001162,2025-04-21,2025-05-02,Size/Fit,Defective,40.43,Pending,Store
RET-00004479,ITM-000060233,CUS-004772,2025-10-01,2025-10-01,Other,Defective,45.82,Approved,Courier
RET-00004480,ITM-000060311,CUS-000728,2021-01-24,2021-01-28,Changed Mind,Defective,70.86,Processed,Store
RET-00004481,ITM-000060313,CUS-008820,2022-08-25,2022-08-29,Changed Mind,Defective,93.9,Approved,Store
RET-00004482,ITM-000060315,CUS-009023,2021-01-06,2021-01-09,Defective Product,Damaged,783.5,Pending,Courier
RET-00004483,ITM-000060320,CUS-010572,2020-09-03,2020-09-14,Changed Mind,Resellable,8.51,Pending,Store
RET-00004484,ITM-000060333,CUS-010228,2024-11-05,2024-11-14,Changed Mind,Opened,54.77,Approved,Courier
RET-00004485,ITM-000060343,CUS-003113,2024-08-20,2024-08-27,Changed Mind,Defective,40.69,Processed,Courier
RET-00004486,ITM-000060349,CUS-000636,2021-05-10,2021-05-23,,Damaged,41.11,Approved,Courier
RET-00004487,ITM-000060356,CUS-008842,2024-04-19,2024-04-25,Defective Product,Opened,40.12,Approved,Courier
RET-00004488,ITM-000060360,CUS-007230,2026-04-29,2026-05-11,Damaged Delivery,Opened,113.17,Approved,Courier
RET-00004489,ITM-000060370,CUS-009143,2025-09-21,2025-09-30,Size/Fit,Defective,41.0,Pending,Courier
RET-00004490,ITM-000060376,CUS-011245,2021-03-24,2021-03-24,,Defective,58.69,Pending,Store
RET-00004491,ITM-000060387,CUS-001606,2025-01-28,2025-01-28,Not as Described,Damaged,99.23,Approved,Courier
RET-00004492,ITM-000060393,CUS-000534,2024-09-10,2024-09-23,Changed Mind,Opened,190.18,Pending,Courier
RET-00004493,ITM-000060425,CUS-006889,2024-09-17,2024-09-26,Changed Mind,Defective,61.26,Approved,Courier
RET-00004494,ITM-000060444,CUS-010996,2024-03-17,2024-03-19,Defective Product,Resellable,227.95,Pending,Courier
RET-00004495,ITM-000060471,CUS-005142,2021-03-09,2021-03-22,,Resellable,395.54,Approved,Store
RET-00004496,ITM-000060478,CUS-000103,2024-07-13,2024-07-23,Other,Resellable,137.58,Approved,Store
RET-00004497,ITM-000060480,CUS-000153,2026-09-22,2026-09-29,Changed Mind,Resellable,53.25,Pending,Store
RET-00004498,ITM-000060482,CUS-000153,2026-09-04,2026-09-09,Changed Mind,Defective,95.92,Pending,Courier
RET-00004499,ITM-000060508,CUS-003572,2022-09-21,2022-09-29,Damaged Delivery,Damaged,26.34,Pending,Store
RET-00004500,ITM-000060514,CUS-004488,2024-05-23,2024-06-05,Changed Mind,Defective,36.94,Processed,Courier
RET-00004501,ITM-000060533,CUS-001099,2025-07-04,2025-07-11,Defective Product,Opened,19.79,Approved,Courier
RET-00004502,ITM-000060557,CUS-010588,2022-03-11,2022-03-16,Size/Fit,Defective,266.08,Approved,Store
RET-00004503,ITM-000060569,CUS-008322,2022-01-30,2022-02-12,Other,Resellable,93.12,Approved,Store
RET-00004504,ITM-000060586,CUS-007055,2025-05-27,2025-05-28,Changed Mind,Damaged,100.28,Approved,Store
RET-00004505,ITM-000060594,CUS-010536,2021-07-06,2021-07-19,Changed Mind,Opened,113.2,Processed,Store
RET-00004506,ITM-000060622,CUS-007465,2020-05-03,2020-05-07,Size/Fit,Opened,52.68,Approved,Courier
RET-00004507,ITM-000060634,CUS-001812,2020-08-09,2020-08-19,Changed Mind,Defective,15.12,Approved,Store
RET-00004508,ITM-000060637,,2022-05-27,2022-06-06,Size/Fit,Damaged,74.11,Pending,Courier
RET-00004509,ITM-000060653,CUS-002583,2021-08-08,2021-08-13,Not as Described,Damaged,82.25,Processed,Store
RET-00004510,ITM-000060669,CUS-001993,2021-07-24,2021-08-01,Not as Described,Defective,36.94,Pending,Courier
RET-00004511,ITM-000060691,CUS-000424,2025-04-23,2025-04-24,Defective Product,Damaged,180.26,Pending,Courier
RET-00004512,ITM-000060694,CUS-004467,2020-07-25,2020-08-07,,Defective,20.21,Pending,Courier
RET-00004513,ITM-000060711,CUS-009066,2024-03-02,2024-03-06,Size/Fit,Damaged,20.21,Approved,Courier
RET-00004514,ITM-000060730,CUS-001242,2020-12-09,2020-12-13,,Defective,999.13,Processed,Store
RET-00004515,ITM-000060758,CUS-002726,2020-10-19,2020-10-21,Defective Product,Defective,20.91,Approved,Store
RET-00004516,ITM-000060759,CUS-011306,2025-09-10,2025-09-21,Defective Product,Resellable,75.82,Processed,Store
RET-00004517,ITM-000060762,CUS-000970,2023-10-27,2023-11-09,Changed Mind,Defective,70.22,Pending,Courier
RET-00004518,ITM-000060781,,2021-10-27,2021-11-08,Damaged Delivery,Opened,21.48,Processed,Courier
RET-00004519,ITM-000060803,CUS-002346,2024-07-10,2024-07-11,Not as Described,Defective,125.59,Processed,Courier
RET-00004520,ITM-000060808,CUS-000328,2024-05-04,2024-05-17,Not as Described,Damaged,32.8,Processed,Store
RET-00004521,ITM-000060809,CUS-000936,2021-05-19,2021-05-28,Not as Described,Damaged,26.0,Pending,Courier
RET-00004522,ITM-000060810,CUS-007123,2026-07-22,2026-07-29,Defective Product,Defective,239.22,Pending,Courier
RET-00004523,ITM-000060886,CUS-007305,2024-01-08,2024-01-09,Changed Mind,Defective,37.33,Pending,Courier
RET-00004524,ITM-000060908,CUS-006249,2020-04-25,2020-05-06,Changed Mind,Damaged,46.91,Approved,Courier
RET-00004525,ITM-000060912,CUS-006368,2021-01-10,2021-01-13,,Damaged,32.16,Approved,Courier
RET-00004526,ITM-000060938,CUS-006876,2021-11-25,2021-11-25,Size/Fit,Opened,76.85,Pending,Courier
RET-00004527,ITM-000060959,CUS-011291,2023-04-11,2023-04-24,Size/Fit,Defective,56.81,Processed,Courier
RET-00004528,ITM-000060966,CUS-011944,2020-10-15,2020-10-19,,Opened,143.21,Pending,Courier
RET-00004529,ITM-000060967,CUS-002529,2021-05-08,2021-05-11,Damaged Delivery,Resellable,15.8,Approved,Store
RET-00004530,ITM-000060968,CUS-002529,2021-05-28,2021-06-06,,Resellable,91.79,Approved,Courier
RET-00004531,ITM-000060980,CUS-009304,2022-12-20,2023-01-01,Changed Mind,Damaged,31.95,Pending,Courier
RET-00004532,ITM-000060999,CUS-009529,2022-07-11,2022-07-13,Wrong Item,Damaged,68.78,Processed,Store
RET-00004533,ITM-000061001,CUS-003050,2023-11-08,2023-11-18,Size/Fit,Resellable,249.56,Pending,Courier
RET-00004534,ITM-000061017,CUS-003788,2023-06-10,2023-06-19,Size/Fit,Defective,110.47,Pending,Store
RET-00004535,ITM-000061052,CUS-004280,2025-08-20,2025-09-01,Changed Mind,Opened,136.33,Pending,Courier
RET-00004536,ITM-000061053,CUS-004280,2025-09-28,2025-09-29,Defective Product,Damaged,36.31,Processed,Courier
RET-00004537,ITM-000061061,CUS-001525,2021-05-21,2021-05-27,Defective Product,Defective,181.77,Pending,Store
RET-00004538,ITM-000061068,CUS-009447,2025-11-29,2025-12-12,Changed Mind,Opened,39.62,Processed,Store
RET-00004539,ITM-000061085,CUS-008169,2022-10-08,2022-10-18,Changed Mind,Resellable,13.8,Processed,Courier
RET-00004540,ITM-000061087,CUS-008169,2022-10-09,2022-10-16,Not as Described,Resellable,94.42,Processed,Store
RET-00004541,ITM-000061096,CUS-001439,2021-09-29,2021-10-07,Changed Mind,Opened,17.3,Approved,Store
RET-00004542,ITM-000061109,CUS-011568,2022-02-22,2022-02-28,Changed Mind,Resellable,96.44,Approved,Courier
RET-00004543,ITM-000061118,CUS-003916,2024-03-08,2024-03-14,Defective Product,Resellable,98.21,Processed,Store
RET-00004544,ITM-000061129,CUS-001846,2020-09-11,2020-09-23,,Opened,11.99,Processed,Store
RET-00004545,ITM-000061147,CUS-003405,2026-05-14,2026-05-19,Defective Product,Resellable,37.23,Approved,Courier
RET-00004546,ITM-000061164,CUS-011692,2021-08-05,2021-08-15,Size/Fit,Damaged,33.3,Pending,Store
RET-00004547,ITM-000061172,CUS-009516,2021-10-13,2021-10-23,Not as Described,Defective,141.71,Pending,Courier
RET-00004548,ITM-000061174,CUS-003630,2026-05-30,2026-06-01,Wrong Item,Opened,85.05,Processed,Courier
RET-00004549,ITM-000061176,CUS-011759,2023-05-16,2023-05-28,Size/Fit,Opened,25.86,Pending,Store
RET-00004550,ITM-000061193,CUS-007557,2024-06-13,2024-06-15,Defective Product,Defective,90.92,Pending,Store
RET-00004551,ITM-000061198,,2023-05-22,2023-05-30,Damaged Delivery,Damaged,182.84,Processed,Courier
RET-00004552,ITM-000061204,CUS-002421,2023-01-04,2023-01-05,Defective Product,Opened,386.88,Pending,Courier
RET-00004553,ITM-000061211,CUS-008365,2024-01-08,2024-01-10,Size/Fit,Opened,144.03,Pending,Courier
RET-00004554,ITM-000061277,CUS-008836,2023-06-28,2023-07-03,Changed Mind,Damaged,57.05,Pending,Store
RET-00004555,ITM-000061314,CUS-004652,2025-04-09,2025-04-16,Defective Product,Defective,71.93,Approved,Store
RET-00004556,ITM-000061322,CUS-007158,2025-05-17,2025-05-18,Changed Mind,Damaged,87.48,Processed,Store
RET-00004557,ITM-000061324,CUS-001130,2023-06-15,2023-06-20,Defective Product,Opened,7.8,Approved,Courier
RET-00004558,ITM-000061370,CUS-008496,2022-12-30,2023-01-08,Wrong Item,Resellable,273.26,Pending,Store
RET-00004559,ITM-000061394,CUS-008787,2024-09-23,2024-09-28,Size/Fit,Resellable,124.91,Pending,Courier
RET-00004560,ITM-000061418,CUS-003112,2024-08-22,2024-09-01,Damaged Delivery,Damaged,111.99,Pending,Courier
RET-00004561,ITM-000061438,,2021-02-24,2021-03-01,Changed Mind,Defective,57.88,Processed,Courier
RET-00004562,ITM-000061446,CUS-000562,2022-10-06,2022-10-16,Wrong Item,Opened,71.47,Processed,Courier
RET-00004563,ITM-000061459,CUS-006545,2024-10-08,2024-10-16,Damaged Delivery,Damaged,87.17,Approved,Store
RET-00004564,ITM-000061474,CUS-010248,2021-10-07,2021-10-14,,Damaged,50.23,Approved,Store
RET-00004565,ITM-000061514,CUS-007823,2025-11-14,2025-11-15,Size/Fit,Damaged,189.53,Processed,Courier
RET-00004566,ITM-000061527,CUS-006435,2021-08-01,2021-08-14,Changed Mind,Resellable,98.68,Processed,Store
RET-00004567,ITM-000061536,CUS-003154,2023-08-08,2023-08-15,Changed Mind,Opened,22.71,Pending,Courier
RET-00004568,ITM-000061537,CUS-007103,2022-01-23,2022-01-23,Defective Product,Opened,93.63,Approved,Courier
RET-00004569,ITM-000061548,CUS-005124,2024-10-11,2024-10-22,Changed Mind,Resellable,45.54,Pending,Store
RET-00004570,ITM-000061556,CUS-006146,2024-05-10,2024-05-12,Changed Mind,Damaged,17.5,Approved,Store
RET-00004571,ITM-000061559,,2024-09-26,2024-09-28,Defective Product,Defective,66.45,Pending,Store
RET-00004572,ITM-000061577,CUS-011681,2024-01-02,2024-01-15,Other,Defective,387.28,Processed,Courier
RET-00004573,ITM-000061581,CUS-009295,2020-07-27,2020-08-02,Size/Fit,Resellable,65.6,Approved,Store
RET-00004574,ITM-000061620,CUS-004218,2025-01-29,2025-02-07,Not as Described,Opened,88.84,Pending,Courier
RET-00004575,ITM-000061639,CUS-005896,2022-10-21,2022-10-29,Not as Described,Defective,132.36,Processed,Store
RET-00004576,ITM-000061644,CUS-006197,2023-09-05,2023-09-16,Wrong Item,Defective,60.42,Processed,Courier
RET-00004577,ITM-000061652,CUS-006694,2022-08-27,2022-09-08,Defective Product,Resellable,37.3,Pending,Store
RET-00004578,ITM-000061655,CUS-002455,2022-11-19,2022-12-02,Not as Described,Opened,596.12,Pending,Courier
RET-00004579,ITM-000061661,CUS-007981,2024-01-30,2024-02-07,Damaged Delivery,Resellable,9.59,Pending,Courier
RET-00004580,ITM-000061668,CUS-007145,2023-06-08,2023-06-08,Changed Mind,Defective,112.13,Approved,Store
RET-00004581,ITM-000061670,CUS-009981,2021-10-19,2021-10-24,Changed Mind,Damaged,67.23,Approved,Store
RET-00004582,ITM-000061692,CUS-006609,2021-09-18,2021-09-30,Defective Product,Defective,39.15,Processed,Store
RET-00004583,ITM-000061697,CUS-008157,2020-08-16,2020-08-25,Defective Product,Resellable,197.24,Approved,Courier
RET-00004584,ITM-000061699,CUS-000052,2021-04-14,2021-04-19,Defective Product,Damaged,143.03,Processed,Courier
RET-00004585,ITM-000061702,CUS-011072,2025-07-19,2025-08-01,Size/Fit,Resellable,372.73,Processed,Store
RET-00004586,ITM-000061774,CUS-004991,2020-03-23,2020-04-02,Size/Fit,Defective,20.87,Processed,Store
RET-00004587,ITM-000061789,CUS-006658,2021-06-19,2021-06-20,Wrong Item,Opened,46.7,Pending,Courier
RET-00004588,ITM-000061790,CUS-006658,2021-06-14,2021-06-20,,Resellable,109.96,Approved,Store
RET-00004589,ITM-000061804,CUS-007571,2025-02-28,2025-03-09,Changed Mind,Opened,46.55,Pending,Courier
RET-00004590,ITM-000061808,CUS-007812,2020-12-18,2020-12-24,Other,Resellable,577.82,Pending,Store
RET-00004591,ITM-000061815,CUS-008442,2022-06-25,2022-06-25,Defective Product,Resellable,123.03,Approved,Store
RET-00004592,ITM-000061817,CUS-003879,2020-02-09,2020-02-16,,Damaged,94.59,Processed,Courier
RET-00004593,ITM-000061824,CUS-000046,2020-11-28,2020-12-03,Defective Product,Opened,70.09,Pending,Store
RET-00004594,ITM-000061831,CUS-011305,2020-04-02,2020-04-06,Changed Mind,Opened,106.86,Processed,Store
RET-00004595,ITM-000061833,CUS-011305,2020-04-20,2020-05-01,Wrong Item,Damaged,72.05,Approved,Courier
RET-00004596,ITM-000061840,CUS-001638,2021-06-23,2021-06-24,Changed Mind,Opened,117.24,Processed,Store
RET-00004597,ITM-000061845,CUS-010705,2021-11-21,2021-12-02,,Damaged,61.3,Processed,Store
RET-00004598,ITM-000061847,CUS-011332,2022-08-01,2022-08-08,Changed Mind,Resellable,61.32,Approved,Store
RET-00004599,ITM-000061867,CUS-002717,2021-02-08,2021-02-11,Not as Described,Damaged,43.44,Approved,Courier
RET-00004600,ITM-000061875,CUS-011927,2020-11-15,2020-11-25,,Opened,168.24,Pending,Courier
RET-00004601,ITM-000061887,CUS-009817,2023-11-29,2023-12-05,Not as Described,Defective,27.7,Pending,Courier
RET-00004602,ITM-000061928,CUS-003825,2023-06-20,2023-06-23,Not as Described,Damaged,73.99,Pending,Store
RET-00004603,ITM-000061929,CUS-007484,2021-10-17,2021-10-18,Size/Fit,Damaged,124.2,Pending,Store
RET-00004604,ITM-000061942,CUS-008242,2024-07-02,2024-07-15,Not as Described,Opened,141.43,Processed,Courier
RET-00004605,ITM-000061951,CUS-000925,2026-04-22,2026-04-26,Defective Product,Opened,40.66,Approved,Store
RET-00004606,ITM-000061993,CUS-004398,2020-08-13,2020-08-13,Changed Mind,Defective,362.91,Approved,Courier
RET-00004607,ITM-000062004,,2024-04-18,2024-04-22,Defective Product,Resellable,441.72,Pending,Store
RET-00004608,ITM-000062024,CUS-009969,2023-01-14,2023-01-23,Changed Mind,Resellable,53.64,Approved,Courier
RET-00004609,ITM-000062028,CUS-006379,2026-06-05,2026-06-08,Defective Product,Opened,25.75,Pending,Courier
RET-00004610,ITM-000062031,CUS-004672,2023-05-09,2023-05-09,Damaged Delivery,Damaged,16.3,Approved,Store
RET-00004611,ITM-000062055,CUS-001950,2023-05-03,2023-05-13,Not as Described,Opened,65.72,Processed,Courier
RET-00004612,ITM-000062059,CUS-003068,2023-12-09,2023-12-17,Not as Described,Opened,136.85,Processed,Store
RET-00004613,ITM-000062070,CUS-010929,2025-02-20,2025-03-04,Not as Described,Damaged,45.59,Approved,Store
RET-00004614,ITM-000062072,CUS-007821,2026-05-28,2026-06-07,Defective Product,Defective,20.91,Processed,Store
RET-00004615,ITM-000062084,CUS-000698,2021-11-07,2021-11-11,Size/Fit,Resellable,220.04,Processed,Courier
RET-00004616,ITM-000062101,CUS-005326,2023-12-17,2023-12-29,Wrong Item,Opened,219.63,Approved,Store
RET-00004617,ITM-000062108,CUS-004352,2020-12-30,2021-01-05,Other,Defective,152.28,Approved,Courier
RET-00004618,ITM-000062135,CUS-005923,2020-10-09,2020-10-10,Defective Product,Opened,82.88,Pending,Courier
RET-00004619,ITM-000062142,CUS-000346,2025-03-30,2025-04-04,Damaged Delivery,Damaged,14.68,Pending,Courier
RET-00004620,ITM-000062147,,2025-11-06,2025-11-07,Changed Mind,Resellable,17.92,Approved,Store
RET-00004621,ITM-000062153,CUS-006313,2024-05-05,2024-05-06,Changed Mind,Defective,119.28,Pending,Courier
RET-00004622,ITM-000062166,CUS-003393,2025-04-14,2025-04-19,Other,Opened,38.98,Pending,Store
RET-00004623,ITM-000062172,CUS-000237,2020-09-07,2020-09-17,Damaged Delivery,Opened,29.55,Processed,Store
RET-00004624,ITM-000062195,CUS-011604,2026-09-03,2026-09-04,Wrong Item,Resellable,55.83,Processed,Courier
RET-00004625,ITM-000062208,CUS-006685,2025-05-11,2025-05-12,Size/Fit,Defective,43.87,Pending,Courier
RET-00004626,ITM-000062211,CUS-004394,2022-04-22,2022-04-26,Defective Product,Resellable,254.32,Pending,Courier
RET-00004627,ITM-000062221,CUS-007228,2023-11-10,2023-11-15,Size/Fit,Resellable,493.92,Approved,Store
RET-00004628,ITM-000062242,CUS-005518,2020-03-30,2020-04-07,Defective Product,Damaged,35.62,Pending,Courier
RET-00004629,ITM-000062266,CUS-011103,2020-11-04,2020-11-04,Changed Mind,Opened,29.55,Approved,Courier
RET-00004630,ITM-000062327,CUS-007112,2021-05-27,2021-06-07,Changed Mind,Resellable,350.66,Pending,Courier
RET-00004631,ITM-000062333,CUS-011677,2024-10-21,2024-10-25,Size/Fit,Resellable,46.82,Pending,Courier
RET-00004632,ITM-000062345,CUS-007744,2021-07-12,2021-07-18,Changed Mind,Defective,144.63,Approved,Courier
RET-00004633,ITM-000062353,CUS-011671,2024-11-24,2024-12-02,Size/Fit,Defective,60.59,Processed,Store
RET-00004634,ITM-000062368,CUS-002060,2021-10-23,2021-10-31,Defective Product,Damaged,229.5,Processed,Courier
RET-00004635,ITM-000062370,CUS-006691,2023-05-17,2023-05-30,Size/Fit,Resellable,41.79,Processed,Courier
RET-00004636,ITM-000062403,CUS-005051,2021-08-17,2021-08-30,Size/Fit,Damaged,117.28,Processed,Courier
RET-00004637,ITM-000062408,CUS-009429,2025-04-18,2025-04-18,Size/Fit,Opened,119.31,Approved,Courier
RET-00004638,ITM-000062413,CUS-004410,2022-04-09,2022-04-12,Size/Fit,Resellable,102.58,Approved,Courier
RET-00004639,ITM-000062447,CUS-003356,2020-06-06,2020-06-19,Defective Product,Resellable,85.06,Processed,Courier
RET-00004640,ITM-000062465,CUS-003272,2020-12-11,2020-12-22,Changed Mind,Damaged,44.9,Approved,Courier
RET-00004641,ITM-000062474,CUS-006712,2023-09-27,2023-10-09,Damaged Delivery,Opened,362.76,Pending,Courier
RET-00004642,ITM-000062479,CUS-003193,2024-03-28,2024-04-08,Defective Product,Damaged,75.22,Pending,Courier
RET-00004643,ITM-000062487,CUS-011262,2023-03-28,2023-03-31,Defective Product,Defective,102.58,Approved,Store
RET-00004644,ITM-000062494,CUS-000996,2021-08-24,2021-08-29,Changed Mind,Defective,59.84,Pending,Store
RET-00004645,ITM-000062507,CUS-005545,2023-02-10,2023-02-11,Changed Mind,Damaged,107.58,Pending,Store
RET-00004646,ITM-000062541,CUS-009423,2024-12-12,2024-12-21,Size/Fit,Damaged,19.86,Approved,Courier
RET-00004647,ITM-000062571,CUS-002136,2024-08-23,2024-09-05,Size/Fit,Resellable,41.47,Pending,Courier
RET-00004648,ITM-000062629,CUS-011424,2026-04-09,2026-04-09,Damaged Delivery,Opened,54.3,Pending,Courier
RET-00004649,ITM-000062632,CUS-009619,2020-02-02,2020-02-08,Changed Mind,Damaged,66.73,Approved,Courier
RET-00004650,ITM-000062641,CUS-001799,2020-04-05,2020-04-18,Defective Product,Resellable,166.62,Approved,Store
RET-00004651,ITM-000062667,CUS-005361,2026-08-16,2026-08-25,Defective Product,Opened,42.81,Processed,Courier
RET-00004652,ITM-000062701,CUS-007139,2021-10-12,2021-10-22,Size/Fit,Damaged,24.25,Approved,Courier
RET-00004653,ITM-000062768,CUS-000005,2020-09-10,2020-09-15,Defective Product,Defective,98.56,Approved,Courier
RET-00004654,ITM-000062775,CUS-010813,2021-06-19,2021-06-23,,Defective,323.89,Pending,Store
RET-00004655,ITM-000062793,CUS-010112,2021-01-10,2021-01-13,Changed Mind,Damaged,154.17,Processed,Store
RET-00004656,ITM-000062794,CUS-008210,2020-06-06,2020-06-13,Defective Product,Opened,72.62,Approved,Courier
RET-00004657,ITM-000062801,CUS-008156,2025-06-26,2025-07-05,Changed Mind,Damaged,139.86,Pending,Courier
RET-00004658,ITM-000062832,CUS-001129,2023-09-11,2023-09-21,Size/Fit,Opened,188.57,Processed,Courier
RET-00004659,ITM-000062836,CUS-003114,2025-01-01,2025-01-08,Changed Mind,Damaged,51.57,Pending,Courier
RET-00004660,ITM-000062840,CUS-010121,2024-06-29,2024-06-30,Size/Fit,Damaged,52.05,Processed,Store
RET-00004661,ITM-000062841,CUS-010121,2024-07-11,2024-07-14,Changed Mind,Damaged,321.6,Approved,Courier
RET-00004662,ITM-000062845,CUS-006458,2021-09-04,2021-09-08,Not as Described,Resellable,201.26,Approved,Courier
RET-00004663,ITM-000062879,CUS-000943,2024-01-22,2024-01-23,Changed Mind,Resellable,290.39,Approved,Courier
RET-00004664,ITM-000062886,CUS-009705,2022-12-08,2022-12-14,Defective Product,Resellable,104.11,Processed,Store
RET-00004665,ITM-000062895,CUS-002695,2021-05-03,2021-05-04,Defective Product,Opened,116.23,Pending,Store
RET-00004666,ITM-000062900,CUS-004353,2020-09-02,2020-09-08,Changed Mind,Resellable,63.98,Processed,Courier
RET-00004667,ITM-000062902,CUS-011787,2023-01-02,2023-01-13,Changed Mind,Damaged,84.51,Approved,Courier
RET-00004668,ITM-000062920,CUS-011080,2020-09-14,2020-09-19,Changed Mind,Resellable,133.76,Processed,Courier
RET-00004669,ITM-000062944,CUS-004145,2022-12-18,2022-12-29,Changed Mind,Damaged,292.9,Approved,Courier
RET-00004670,ITM-000062962,CUS-006043,2020-05-12,2020-05-21,Other,Opened,12.91,Processed,Courier
RET-00004671,ITM-000062970,CUS-004283,2026-02-18,2026-03-03,Size/Fit,Damaged,533.16,Pending,Store
RET-00004672,ITM-000063013,CUS-002892,2020-04-14,2020-04-17,Size/Fit,Damaged,347.28,Approved,Store
RET-00004673,ITM-000063017,CUS-002981,2025-02-13,2025-02-25,Not as Described,Defective,22.77,Pending,Courier
RET-00004674,ITM-000063050,CUS-011058,2021-06-11,2021-06-24,Defective Product,Opened,406.62,Pending,Store
RET-00004675,ITM-000063055,CUS-004216,2022-02-23,2022-02-26,,Resellable,27.91,Processed,Store
RET-00004676,ITM-000063095,CUS-001551,2020-07-25,2020-08-06,Size/Fit,Resellable,57.88,Processed,Courier
RET-00004677,ITM-000063105,CUS-000406,2022-01-10,2022-01-15,,Damaged,90.9,Approved,Store
RET-00004678,ITM-000063110,CUS-006183,2020-09-15,2020-09-22,Wrong Item,Resellable,18.07,Approved,Store
RET-00004679,ITM-000063133,CUS-004050,2026-04-17,2026-04-23,Defective Product,Resellable,115.26,Processed,Courier
RET-00004680,ITM-000063165,CUS-004484,2025-01-16,2025-01-17,Defective Product,Opened,8.51,Pending,Store
RET-00004681,ITM-000063167,CUS-006351,2021-12-19,2021-12-28,Not as Described,Resellable,49.66,Processed,Store
RET-00004682,ITM-000063181,CUS-007917,2026-01-17,2026-01-27,Defective Product,Resellable,44.96,Pending,Courier
RET-00004683,ITM-000063194,CUS-011193,2023-02-23,2023-03-06,Defective Product,Defective,223.16,Approved,Courier
RET-00004684,ITM-000063199,CUS-001307,2026-06-07,2026-06-16,Changed Mind,Resellable,49.35,Pending,Courier
RET-00004685,ITM-000063205,CUS-005988,2025-12-14,2025-12-17,Defective Product,Resellable,197.11,Pending,Courier
RET-00004686,ITM-000063207,CUS-010934,2020-05-05,2020-05-10,,Damaged,6.6,Approved,Courier
RET-00004687,ITM-000063239,CUS-004242,2022-06-25,2022-07-04,,Resellable,37.8,Pending,Courier
RET-00004688,ITM-000063242,CUS-010579,2023-04-16,2023-04-22,Damaged Delivery,Damaged,92.04,Processed,Store
RET-00004689,ITM-000063246,CUS-005139,2020-09-28,2020-09-28,Changed Mind,Resellable,173.61,Processed,Store
RET-00004690,ITM-000063251,CUS-010696,2021-10-31,2021-11-02,Size/Fit,Defective,60.48,Pending,Courier
RET-00004691,ITM-000063260,CUS-008970,2022-10-16,2022-10-29,Defective Product,Opened,81.95,Pending,Courier
RET-00004692,ITM-000063277,CUS-002778,2024-03-29,2024-04-09,Changed Mind,Defective,19.48,Approved,Courier
RET-00004693,ITM-000063285,CUS-002627,2025-10-21,2025-11-03,Defective Product,Defective,53.96,Processed,Courier
RET-00004694,ITM-000063288,CUS-001797,2021-04-09,2021-04-21,Changed Mind,Damaged,15.01,Approved,Courier
RET-00004695,ITM-000063298,CUS-007366,2023-07-29,2023-08-08,Size/Fit,Opened,173.61,Approved,Courier
RET-00004696,ITM-000063307,CUS-000074,2026-04-24,2026-05-01,Damaged Delivery,Opened,79.09,Approved,Courier
RET-00004697,ITM-000063337,CUS-007818,2026-09-01,2026-09-02,Not as Described,Resellable,84.63,Processed,Store
RET-00004698,ITM-000063354,CUS-003848,2020-05-11,2020-05-13,Defective Product,Opened,18.39,Approved,Store
RET-00004699,ITM-000063358,CUS-002839,2024-09-17,2024-09-22,Changed Mind,Resellable,196.72,Processed,Courier
RET-00004700,ITM-000063370,CUS-000668,2022-08-23,2022-08-30,Defective Product,Resellable,67.09,Approved,Store
RET-00004701,ITM-000063377,CUS-009482,2025-03-09,2025-03-14,,Resellable,129.19,Processed,Courier
RET-00004702,ITM-000063378,CUS-008035,2020-03-20,2020-04-02,,Defective,52.02,Processed,Store
RET-00004703,ITM-000063404,CUS-002069,2025-10-14,2025-10-19,Changed Mind,Damaged,60.48,Approved,Courier
RET-00004704,ITM-000063408,CUS-009606,2021-12-02,2021-12-05,Wrong Item,Resellable,81.73,Pending,Courier
RET-00004705,ITM-000063416,CUS-009846,2024-07-27,2024-08-01,Defective Product,Defective,88.42,Approved,Courier
RET-00004706,ITM-000063420,CUS-009288,2022-03-08,2022-03-13,Changed Mind,Defective,79.33,Processed,Courier
RET-00004707,ITM-000063426,CUS-003317,2026-06-03,2026-06-14,Wrong Item,Damaged,239.29,Approved,Courier
RET-00004708,ITM-000063431,CUS-008455,2025-11-20,2025-11-24,,Damaged,46.53,Pending,Courier
RET-00004709,ITM-000063433,CUS-011421,2024-01-30,2024-02-03,Size/Fit,Damaged,30.8,Pending,Courier
RET-00004710,ITM-000063465,CUS-008057,2021-07-11,2021-07-18,Changed Mind,Opened,27.36,Processed,Courier
RET-00004711,ITM-000063474,CUS-002365,2023-10-13,2023-10-20,Size/Fit,Damaged,57.15,Pending,Courier
RET-00004712,ITM-000063484,CUS-007943,2022-03-27,2022-03-29,Changed Mind,Opened,13.27,Processed,Courier
RET-00004713,ITM-000063487,CUS-007527,2021-02-01,2021-02-09,Defective Product,Defective,18.85,Approved,Store
RET-00004714,ITM-000063493,CUS-003791,2025-08-07,2025-08-15,Defective Product,Defective,181.38,Pending,Courier
RET-00004715,ITM-000063534,CUS-000244,2026-08-02,2026-08-14,Size/Fit,Defective,373.21,Pending,Store
RET-00004716,ITM-000063535,CUS-000244,2026-07-02,2026-07-02,Defective Product,Defective,56.11,Pending,Store
RET-00004717,ITM-000063582,,2021-11-28,2021-11-28,Not as Described,Defective,67.27,Pending,Store
RET-00004718,ITM-000063583,CUS-003505,2022-11-13,2022-11-13,Defective Product,Defective,395.98,Pending,Courier
RET-00004719,ITM-000063603,CUS-002826,2021-07-05,2021-07-18,Changed Mind,Damaged,189.84,Approved,Store
RET-00004720,ITM-000063606,CUS-008785,2023-05-26,2023-06-06,Defective Product,Defective,62.99,Pending,Courier
RET-00004721,ITM-000063635,CUS-007875,2024-03-18,2024-03-20,Not as Described,Defective,116.47,Approved,Store
RET-00004722,ITM-000063667,CUS-011596,2024-05-08,2024-05-14,Changed Mind,Resellable,73.82,Pending,Store
RET-00004723,ITM-000063670,CUS-005055,2025-09-14,2025-09-26,Size/Fit,Resellable,51.14,Approved,Store
RET-00004724,ITM-000063690,CUS-006743,2024-11-14,2024-11-16,Not as Described,Opened,51.2,Processed,Courier
RET-00004725,ITM-000063702,CUS-001778,2021-02-07,2021-02-08,Not as Described,Defective,16.42,Processed,Store
RET-00004726,ITM-000063778,CUS-000057,2022-08-21,2022-09-03,Size/Fit,Defective,72.75,Processed,Store
RET-00004727,ITM-000063782,CUS-002559,2024-04-26,2024-05-02,Changed Mind,Defective,380.8,Pending,Store
RET-00004728,ITM-000063790,CUS-006960,2024-02-14,2024-02-15,Changed Mind,Defective,310.61,Pending,Store
RET-00004729,ITM-000063818,CUS-005585,2020-07-12,2020-07-16,,Defective,298.06,Approved,Courier
RET-00004730,ITM-000063820,CUS-008067,2025-02-18,2025-02-21,Not as Described,Opened,23.26,Pending,Store
RET-00004731,ITM-000063828,CUS-008872,2021-05-24,2021-05-29,Size/Fit,Damaged,350.66,Approved,Courier
RET-00004732,ITM-000063843,CUS-000575,2021-12-01,2021-12-14,Damaged Delivery,Opened,112.13,Processed,Courier
RET-00004733,ITM-000063846,CUS-004962,2022-06-08,2022-06-14,Defective Product,Resellable,123.42,Processed,Store
RET-00004734,ITM-000063883,CUS-008754,2025-11-04,2025-11-14,Defective Product,Opened,119.22,Processed,Courier
RET-00004735,ITM-000063899,CUS-009543,2024-10-20,2024-10-29,Changed Mind,Resellable,16.39,Approved,Store
RET-00004736,ITM-000063912,CUS-009072,2022-06-04,2022-06-04,Size/Fit,Damaged,533.76,Pending,Courier
RET-00004737,ITM-000063922,CUS-004293,2024-01-13,2024-01-19,Defective Product,Opened,50.14,Pending,Store
RET-00004738,ITM-000063949,CUS-004837,2022-12-09,2022-12-18,Size/Fit,Opened,410.8,Processed,Courier
RET-00004739,ITM-000063954,CUS-004367,2022-03-29,2022-03-29,Not as Described,Damaged,41.2,Pending,Courier
RET-00004740,ITM-000063966,CUS-004908,2026-01-03,2026-01-07,Changed Mind,Resellable,87.05,Processed,Courier
RET-00004741,ITM-000063970,CUS-009198,2022-02-24,2022-03-08,Size/Fit,Resellable,67.34,Approved,Store
RET-00004742,ITM-000064004,CUS-004928,2025-09-17,2025-09-29,Wrong Item,Defective,119.64,Pending,Courier
RET-00004743,ITM-000064009,CUS-002238,2021-09-03,2021-09-04,Wrong Item,Opened,129.44,Pending,Store
RET-00004744,ITM-000064012,CUS-001408,2022-10-13,2022-10-25,Changed Mind,Resellable,15.37,Processed,Store
RET-00004745,ITM-000064016,CUS-006026,2025-07-02,2025-07-10,Not as Described,Resellable,24.09,Pending,Courier
RET-00004746,ITM-000064021,CUS-003383,2024-02-03,2024-02-09,Changed Mind,Opened,129.44,Processed,Store
RET-00004747,ITM-000064078,CUS-011447,2021-10-17,2021-10-29,Changed Mind,Opened,25.41,Approved,Courier
RET-00004748,ITM-000064080,CUS-001137,2020-07-23,2020-07-23,Size/Fit,Defective,49.62,Processed,Store
RET-00004749,ITM-000064108,CUS-011739,2020-03-31,2020-04-13,,Opened,185.32,Approved,Store
RET-00004750,ITM-000064126,CUS-006090,2021-09-11,2021-09-23,Defective Product,Damaged,77.54,Processed,Store
RET-00004751,ITM-000064140,CUS-005751,2021-05-26,2021-06-03,Wrong Item,Opened,24.99,Pending,Store
RET-00004752,ITM-000064166,CUS-011496,2020-01-18,2020-01-24,Not as Described,Resellable,20.69,Processed,Courier
RET-00004753,ITM-000064180,CUS-011582,2023-04-22,2023-05-03,Changed Mind,Damaged,108.29,Processed,Courier
RET-00004754,ITM-000064186,CUS-000036,2023-05-16,2023-05-20,Not as Described,Opened,381.58,Pending,Store
RET-00004755,ITM-000064223,CUS-003681,2020-05-15,2020-05-27,,Damaged,93.69,Approved,Courier
RET-00004756,ITM-000064225,CUS-000822,2022-12-02,2022-12-08,Size/Fit,Opened,108.26,Processed,Courier
RET-00004757,ITM-000064247,CUS-009627,2020-10-09,2020-10-18,Size/Fit,Defective,53.77,Approved,Courier
RET-00004758,ITM-000064265,CUS-008569,2023-07-16,2023-07-27,Changed Mind,Opened,310.28,Processed,Store
RET-00004759,ITM-000064293,CUS-009769,2020-04-02,2020-04-04,Size/Fit,Opened,49.34,Pending,Courier
RET-00004760,ITM-000064314,CUS-002409,2020-05-03,2020-05-05,,Defective,60.22,Pending,Courier
RET-00004761,ITM-000064317,CUS-001291,2021-06-30,2021-07-02,Changed Mind,Defective,22.3,Approved,Courier
RET-00004762,ITM-000064321,CUS-007781,2026-09-25,2026-09-28,Changed Mind,Defective,32.34,Processed,Courier
RET-00004763,ITM-000064334,CUS-003963,2022-12-15,2022-12-20,Size/Fit,Damaged,77.88,Processed,Store
RET-00004764,ITM-000064347,CUS-010345,2026-05-25,2026-05-25,Damaged Delivery,Damaged,61.26,Processed,Store
RET-00004765,ITM-000064357,CUS-010838,2024-02-08,2024-02-16,Size/Fit,Resellable,79.72,Pending,Store
RET-00004766,ITM-000064372,CUS-009652,2022-01-10,2022-01-14,,Defective,91.8,Processed,Courier
RET-00004767,ITM-000064381,CUS-006365,2021-02-18,2021-02-20,Defective Product,Damaged,125.34,Processed,Store
RET-00004768,ITM-000064382,CUS-009059,2021-11-18,2021-11-21,,Resellable,111.99,Approved,Courier
RET-00004769,ITM-000064397,CUS-001636,2022-02-09,2022-02-18,Size/Fit,Damaged,61.48,Approved,Courier
RET-00004770,ITM-000064410,CUS-000185,2020-08-04,2020-08-17,Size/Fit,Resellable,46.76,Processed,Courier
RET-00004771,ITM-000064412,CUS-003198,2021-09-01,2021-09-03,Defective Product,Resellable,13.38,Processed,Courier
RET-00004772,ITM-000064417,CUS-010518,2025-06-12,2025-06-18,Changed Mind,Damaged,105.18,Pending,Store
RET-00004773,ITM-000064427,CUS-009217,2021-10-11,2021-10-12,,Damaged,52.27,Processed,Store
RET-00004774,ITM-000064436,CUS-009997,2021-06-13,2021-06-17,Damaged Delivery,Resellable,51.87,Processed,Courier
RET-00004775,ITM-000064478,CUS-005983,2025-04-03,2025-04-05,Changed Mind,Defective,49.35,Approved,Courier
RET-00004776,ITM-000064500,CUS-007137,2025-09-10,2025-09-20,Not as Described,Damaged,117.11,Pending,Store
RET-00004777,ITM-000064509,CUS-005821,2021-04-06,2021-04-11,Changed Mind,Damaged,93.34,Processed,Courier
RET-00004778,ITM-000064524,,2026-01-11,2026-01-22,Size/Fit,Opened,191.32,Processed,Store
RET-00004779,ITM-000064536,CUS-000399,2024-07-06,2024-07-19,Not as Described,Resellable,255.89,Pending,Courier
RET-00004780,ITM-000064547,CUS-000755,2026-05-04,2026-05-11,Size/Fit,Resellable,220.04,Processed,Courier
RET-00004781,ITM-000064566,CUS-005794,2026-02-16,2026-03-01,Size/Fit,Opened,227.5,Approved,Courier
RET-00004782,ITM-000064598,CUS-002555,2022-02-07,2022-02-17,Defective Product,Resellable,175.46,Pending,Store
RET-00004783,ITM-000064623,CUS-005393,2024-04-27,2024-05-10,Changed Mind,Opened,44.61,Approved,Courier
RET-00004784,ITM-000064627,CUS-002412,2026-09-16,2026-09-19,Defective Product,Defective,81.35,Approved,Courier
RET-00004785,ITM-000064640,CUS-003588,2023-08-21,2023-08-24,Changed Mind,Resellable,187.03,Pending,Store
RET-00004786,ITM-000064647,CUS-000893,2025-09-24,2025-10-06,Changed Mind,Damaged,25.68,Approved,Courier
RET-00004787,ITM-000064664,CUS-006394,2025-10-08,2025-10-14,Size/Fit,Opened,22.57,Pending,Courier
RET-00004788,ITM-000064673,CUS-009192,2024-03-04,2024-03-12,Size/Fit,Resellable,36.95,Processed,Store
RET-00004789,ITM-000064680,CUS-004675,2024-02-02,2024-02-13,Changed Mind,Opened,27.7,Approved,Store
RET-00004790,ITM-000064692,CUS-011037,2021-12-26,2021-12-31,Size/Fit,Resellable,18.96,Pending,Courier
RET-00004791,ITM-000064693,CUS-011037,2021-12-20,2021-12-22,Defective Product,Damaged,17.16,Pending,Courier
RET-00004792,ITM-000064699,CUS-003812,2022-06-08,2022-06-09,Size/Fit,Damaged,102.39,Pending,Store
RET-00004793,ITM-000064700,CUS-006983,2023-03-30,2023-04-02,Changed Mind,Defective,122.9,Pending,Courier
RET-00004794,ITM-000064718,CUS-010000,2021-02-12,2021-02-23,Changed Mind,Opened,166.86,Pending,Store
RET-00004795,ITM-000064719,CUS-010000,2021-02-09,2021-02-18,Defective Product,Opened,44.81,Approved,Store
RET-00004796,ITM-000064730,CUS-002855,2021-09-02,2021-09-13,,Damaged,14.75,Pending,Courier
RET-00004797,ITM-000064744,CUS-004532,2026-08-01,2026-08-07,Wrong Item,Resellable,231.37,Processed,Courier
RET-00004798,ITM-000064748,CUS-009269,2025-05-17,2025-05-24,Defective Product,Opened,79.44,Pending,Courier
RET-00004799,ITM-000064749,CUS-003240,2024-10-10,2024-10-11,Defective Product,Opened,14.91,Processed,Courier
RET-00004800,ITM-000064753,CUS-006520,2020-06-08,2020-06-17,Size/Fit,Defective,59.95,Processed,Courier
RET-00004801,ITM-000064759,CUS-000686,2025-02-07,2025-02-15,Changed Mind,Damaged,121.63,Processed,Courier
RET-00004802,ITM-000064764,CUS-011930,2024-06-10,2024-06-19,Not as Described,Opened,105.81,Processed,Courier
RET-00004803,ITM-000064772,CUS-000036,2023-10-15,2023-10-24,Changed Mind,Opened,110.02,Approved,Courier
RET-00004804,ITM-000064780,CUS-004356,2026-01-04,2026-01-08,Not as Described,Damaged,138.18,Pending,Courier
RET-00004805,ITM-000064795,CUS-004574,2023-12-01,2023-12-04,Wrong Item,Opened,82.0,Processed,Courier
RET-00004806,ITM-000064821,CUS-008454,2023-06-08,2023-06-08,Changed Mind,Opened,119.97,Approved,Courier
RET-00004807,ITM-000064824,CUS-001952,2021-12-23,2022-01-03,Damaged Delivery,Damaged,45.83,Pending,Store
RET-00004808,ITM-000064825,CUS-001952,2021-12-15,2021-12-19,Changed Mind,Resellable,178.44,Processed,Courier
RET-00004809,ITM-000064829,CUS-011604,2025-01-05,2025-01-16,Not as Described,Opened,96.32,Processed,Courier
RET-00004810,ITM-000064831,CUS-006891,2026-05-11,2026-05-22,Not as Described,Resellable,72.81,Approved,Store
RET-00004811,ITM-000064832,CUS-010938,2026-07-11,2026-07-13,Changed Mind,Defective,41.63,Processed,Courier
RET-00004812,ITM-000064845,CUS-004943,2021-10-16,2021-10-20,Changed Mind,Damaged,67.01,Pending,Store
RET-00004813,ITM-000064884,CUS-003604,2024-07-16,2024-07-22,Damaged Delivery,Resellable,19.25,Pending,Courier
RET-00004814,ITM-000064892,CUS-010998,2022-11-22,2022-11-23,Size/Fit,Opened,51.16,Approved,Courier
RET-00004815,ITM-000064893,CUS-000948,2025-01-08,2025-01-21,Size/Fit,Resellable,143.86,Pending,Courier
RET-00004816,ITM-000064916,CUS-003442,2021-10-28,2021-10-31,,Opened,59.52,Processed,Courier
RET-00004817,ITM-000064917,CUS-003442,2021-10-01,2021-10-09,Size/Fit,Damaged,117.78,Approved,Store
RET-00004818,ITM-000064921,CUS-006975,2020-11-17,2020-11-29,Changed Mind,Damaged,51.14,Approved,Store
RET-00004819,ITM-000064948,CUS-008721,2023-04-15,2023-04-27,Size/Fit,Opened,43.74,Pending,Store
RET-00004820,ITM-000064955,CUS-004377,2022-07-06,2022-07-19,Defective Product,Damaged,422.58,Processed,Courier
RET-00004821,ITM-000064981,CUS-009785,2024-04-11,2024-04-14,Size/Fit,Opened,213.41,Processed,Courier
RET-00004822,ITM-000065018,CUS-010389,2025-05-07,2025-05-07,Size/Fit,Resellable,86.56,Processed,Store
RET-00004823,ITM-000065028,CUS-010640,2022-09-23,2022-10-03,Size/Fit,Resellable,94.28,Pending,Store
RET-00004824,ITM-000065040,CUS-006439,2024-03-23,2024-04-02,Damaged Delivery,Resellable,147.93,Processed,Courier
RET-00004825,ITM-000065041,CUS-006439,2024-03-16,2024-03-20,Defective Product,Defective,57.92,Approved,Store
RET-00004826,ITM-000065064,CUS-000053,2026-02-20,2026-02-28,Wrong Item,Opened,113.88,Processed,Courier
RET-00004827,ITM-000065066,CUS-010192,2023-10-13,2023-10-26,Not as Described,Opened,70.72,Approved,Courier
RET-00004828,ITM-000065068,CUS-007782,2025-10-12,2025-10-16,Defective Product,Damaged,30.65,Approved,Store
RET-00004829,ITM-000065088,CUS-011135,2025-07-01,2025-07-14,Damaged Delivery,Resellable,22.83,Processed,Store
RET-00004830,ITM-000065093,CUS-007686,2021-07-19,2021-07-26,Defective Product,Opened,229.5,Processed,Courier
RET-00004831,ITM-000065124,CUS-001808,2026-08-14,2026-08-21,Changed Mind,Resellable,124.78,Processed,Courier
RET-00004832,ITM-000065134,CUS-005550,2026-01-13,2026-01-15,Changed Mind,Resellable,180.6,Approved,Store
RET-00004833,ITM-000065157,CUS-003821,2026-05-01,2026-05-01,Defective Product,Defective,30.06,Pending,Courier
RET-00004834,ITM-000065173,CUS-009705,2025-05-10,2025-05-14,Defective Product,Resellable,175.17,Processed,Store
RET-00004835,ITM-000065177,CUS-004665,2022-01-31,2022-02-07,Damaged Delivery,Opened,130.83,Approved,Store
RET-00004836,ITM-000065202,CUS-000083,2026-06-01,2026-06-14,Changed Mind,Resellable,83.29,Approved,Courier
RET-00004837,ITM-000065203,CUS-003608,2023-05-24,2023-05-25,Damaged Delivery,Resellable,85.33,Processed,Store
RET-00004838,ITM-000065213,CUS-001277,2024-02-14,2024-02-16,Defective Product,Resellable,102.44,Pending,Store
RET-00004839,ITM-000065222,CUS-004204,2022-02-22,2022-02-23,Size/Fit,Damaged,319.9,Processed,Store
RET-00004840,ITM-000065228,CUS-007468,2024-12-15,2024-12-15,Size/Fit,Defective,56.52,Processed,Courier
RET-00004841,ITM-000065234,CUS-005575,2025-06-25,2025-06-28,Changed Mind,Damaged,41.27,Pending,Courier
RET-00004842,ITM-000065242,CUS-009683,2022-04-19,2022-04-20,Damaged Delivery,Resellable,56.7,Pending,Courier
RET-00004843,ITM-000065250,CUS-003860,2023-04-27,2023-05-02,Defective Product,Damaged,137.17,Approved,Courier
RET-00004844,ITM-000065252,CUS-006827,2022-01-01,2022-01-02,Wrong Item,Resellable,247.21,Pending,Store
RET-00004845,ITM-000065271,CUS-008410,2024-01-15,2024-01-27,Defective Product,Resellable,26.71,Pending,Courier
RET-00004846,ITM-000065282,CUS-009392,2023-06-19,2023-06-24,Wrong Item,Resellable,59.26,Pending,Courier
RET-00004847,ITM-000065296,CUS-001599,2022-01-16,2022-01-21,Size/Fit,Opened,11.63,Processed,Courier
RET-00004848,ITM-000065335,CUS-002932,2026-09-10,2026-09-13,Defective Product,Opened,28.75,Pending,Store
RET-00004849,ITM-000065346,CUS-002494,2024-04-22,2024-04-25,Size/Fit,Damaged,163.9,Pending,Courier
RET-00004850,ITM-000065401,CUS-000629,2020-07-17,2020-07-29,Changed Mind,Damaged,26.86,Approved,Store
RET-00004851,ITM-000065402,CUS-010600,2021-03-15,2021-03-24,Changed Mind,Defective,27.36,Processed,Courier
RET-00004852,ITM-000065418,CUS-002491,2021-07-03,2021-07-13,Not as Described,Damaged,40.15,Processed,Store
RET-00004853,ITM-000065430,CUS-005771,2020-07-30,2020-07-30,Not as Described,Resellable,12.79,Pending,Store
RET-00004854,ITM-000065446,CUS-001936,2025-12-31,2025-12-31,Defective Product,Defective,44.02,Processed,Store
RET-00004855,ITM-000065454,CUS-004134,2025-01-22,2025-02-04,Defective Product,Opened,57.65,Approved,Courier
RET-00004856,ITM-000065470,CUS-001332,2024-12-15,2024-12-25,Other,Resellable,167.62,Approved,Courier
RET-00004857,ITM-000065489,,2024-10-17,2024-10-25,Size/Fit,Damaged,10.27,Approved,Courier
RET-00004858,ITM-000065495,CUS-005783,2023-08-12,2023-08-15,Defective Product,Opened,77.85,Processed,Courier
RET-00004859,ITM-000065497,,2021-08-11,2021-08-14,Defective Product,Damaged,47.05,Processed,Courier
RET-00004860,ITM-000065536,CUS-004190,2020-04-01,2020-04-08,Changed Mind,Damaged,22.64,Pending,Courier
RET-00004861,ITM-000065553,CUS-010872,2026-04-11,2026-04-24,Defective Product,Resellable,379.05,Approved,Store
RET-00004862,ITM-000065556,CUS-007398,2024-12-02,2024-12-07,Defective Product,Opened,113.51,Pending,Courier
RET-00004863,ITM-000065563,CUS-006098,2020-10-08,2020-10-16,Changed Mind,Defective,111.58,Processed,Courier
RET-00004864,ITM-000065572,CUS-007497,2022-06-22,2022-06-25,Defective Product,Resellable,25.93,Pending,Courier
RET-00004865,ITM-000065575,CUS-005383,2023-01-05,2023-01-10,Changed Mind,Defective,369.87,Pending,Store
RET-00004866,ITM-000065617,CUS-010727,2025-10-19,2025-10-25,Not as Described,Opened,64.87,Approved,Courier
RET-00004867,ITM-000065625,CUS-000227,2025-02-01,2025-02-01,Size/Fit,Opened,26.39,Pending,Store
RET-00004868,ITM-000065626,,2025-03-02,2025-03-08,Size/Fit,Damaged,60.8,Processed,Store
RET-00004869,ITM-000065627,,2025-03-09,2025-03-10,Defective Product,Damaged,35.97,Approved,Courier
RET-00004870,ITM-000065666,CUS-008681,2022-09-26,2022-10-09,Defective Product,Opened,44.8,Pending,Courier
RET-00004871,ITM-000065670,CUS-008229,2024-09-07,2024-09-13,Changed Mind,Resellable,41.73,Processed,Store
RET-00004872,ITM-000065674,CUS-003331,2022-05-04,2022-05-09,Size/Fit,Resellable,69.1,Pending,Courier
RET-00004873,ITM-000065683,CUS-000942,2022-12-28,2023-01-10,Changed Mind,Damaged,92.53,Approved,Store
RET-00004874,ITM-000065684,CUS-000942,2022-12-26,2023-01-01,Size/Fit,Damaged,42.31,Approved,Courier
RET-00004875,ITM-000065714,CUS-011248,2024-04-18,2024-04-20,Damaged Delivery,Opened,13.31,Approved,Store
RET-00004876,ITM-000065755,CUS-001019,2025-06-29,2025-07-05,Defective Product,Resellable,20.21,Processed,Courier
RET-00004877,ITM-000065759,CUS-010966,2025-01-11,2025-01-16,Changed Mind,Defective,59.25,Approved,Courier
RET-00004878,ITM-000065766,CUS-002342,2023-06-18,2023-06-26,Size/Fit,Damaged,65.32,Pending,Courier
RET-00004879,ITM-000065774,CUS-003862,2023-06-13,2023-06-13,Wrong Item,Damaged,41.59,Pending,Courier
RET-00004880,ITM-000065781,CUS-006839,2020-10-31,2020-11-10,,Damaged,18.62,Processed,Store
RET-00004881,ITM-000065785,CUS-008285,2022-08-30,2022-09-12,Changed Mind,Opened,74.85,Processed,Store
RET-00004882,ITM-000065794,CUS-006324,2021-02-24,2021-02-27,Changed Mind,Opened,59.05,Pending,Store
RET-00004883,ITM-000065798,CUS-004498,2022-09-19,2022-09-21,Size/Fit,Opened,27.68,Approved,Courier
RET-00004884,ITM-000065799,CUS-004202,2022-09-12,2022-09-14,Changed Mind,Opened,7.29,Pending,Courier
RET-00004885,ITM-000065804,CUS-011632,2025-09-09,2025-09-21,Defective Product,Resellable,34.81,Approved,Store
RET-00004886,ITM-000065805,CUS-011387,2022-09-11,2022-09-18,Not as Described,Resellable,34.34,Pending,Store
RET-00004887,ITM-000065865,CUS-009802,2022-01-24,2022-01-24,Changed Mind,Resellable,8.65,Pending,Courier
RET-00004888,ITM-000065874,CUS-005055,2026-07-23,2026-08-04,Not as Described,Opened,36.41,Processed,Courier
RET-00004889,ITM-000065924,CUS-006883,2021-04-28,2021-05-01,Changed Mind,Damaged,232.95,Processed,Courier
RET-00004890,ITM-000065974,CUS-006539,2023-06-11,2023-06-19,Defective Product,Resellable,29.01,Pending,Courier
RET-00004891,ITM-000066012,CUS-010349,2021-09-24,2021-09-27,Changed Mind,Resellable,42.53,Approved,Store
RET-00004892,ITM-000066030,CUS-000011,2021-06-23,2021-06-27,Changed Mind,Damaged,38.64,Processed,Store
RET-00004893,ITM-000066033,CUS-000054,2021-11-26,2021-11-26,,Damaged,44.77,Pending,Courier
RET-00004894,ITM-000066040,CUS-008975,2021-06-04,2021-06-09,Not as Described,Opened,25.93,Processed,Store
RET-00004895,ITM-000066044,CUS-010647,2022-02-10,2022-02-12,Size/Fit,Resellable,140.43,Approved,Courier
RET-00004896,ITM-000066047,CUS-005886,2024-02-04,2024-02-06,Damaged Delivery,Defective,44.96,Approved,Store
RET-00004897,ITM-000066082,CUS-007542,2024-07-03,2024-07-07,Changed Mind,Damaged,175.17,Pending,Store
RET-00004898,ITM-000066087,CUS-008204,2025-08-05,2025-08-18,Not as Described,Defective,32.85,Pending,Courier
RET-00004899,ITM-000066104,CUS-006470,2021-04-26,2021-04-30,Changed Mind,Damaged,184.08,Processed,Courier
RET-00004900,ITM-000066115,CUS-003302,2020-04-03,2020-04-06,Not as Described,Damaged,54.72,Approved,Store
RET-00004901,ITM-000066145,CUS-009719,2022-05-04,2022-05-09,Size/Fit,Damaged,121.94,Pending,Store
RET-00004902,ITM-000066155,CUS-008497,2024-10-30,2024-11-10,Changed Mind,Resellable,45.77,Approved,Courier
RET-00004903,ITM-000066177,CUS-007222,2023-03-16,2023-03-26,Defective Product,Damaged,210.69,Processed,Store
RET-00004904,ITM-000066187,CUS-009780,2026-05-06,2026-05-07,Size/Fit,Resellable,33.48,Approved,Courier
RET-00004905,ITM-000066196,CUS-001470,2021-11-02,2021-11-08,Changed Mind,Damaged,49.36,Processed,Store
RET-00004906,ITM-000066210,CUS-004885,2024-11-21,2024-11-21,Wrong Item,Defective,168.74,Processed,Courier
RET-00004907,ITM-000066212,CUS-002417,2024-06-12,2024-06-20,Wrong Item,Damaged,66.46,Processed,Courier
RET-00004908,ITM-000066218,CUS-010798,2022-03-29,2022-04-07,Not as Described,Defective,177.69,Processed,Store
RET-00004909,ITM-000066222,CUS-009249,2026-02-19,2026-02-20,Not as Described,Opened,533.76,Pending,Courier
RET-00004910,ITM-000066236,CUS-002975,2021-02-10,2021-02-15,,Opened,48.21,Pending,Store
RET-00004911,ITM-000066242,CUS-006288,2026-06-12,2026-06-20,Changed Mind,Resellable,188.54,Processed,Store
RET-00004912,ITM-000066256,CUS-002204,2025-09-18,2025-09-21,Changed Mind,Resellable,266.58,Processed,Courier
RET-00004913,ITM-000066265,CUS-008762,2026-01-16,2026-01-17,Changed Mind,Resellable,87.7,Processed,Store
RET-00004914,ITM-000066294,CUS-003306,2020-08-25,2020-09-07,,Defective,33.55,Approved,Courier
RET-00004915,ITM-000066313,CUS-005586,2020-11-24,2020-12-03,Defective Product,Damaged,51.55,Processed,Courier
RET-00004916,ITM-000066316,CUS-010883,2020-01-31,2020-02-04,Wrong Item,Defective,267.27,Approved,Courier
RET-00004917,ITM-000066327,CUS-001577,2026-04-12,2026-04-19,Damaged Delivery,Defective,391.75,Approved,Courier
RET-00004918,ITM-000066333,CUS-001938,2020-03-04,2020-03-09,Not as Described,Defective,232.95,Approved,Courier
RET-00004919,ITM-000066339,CUS-005229,2020-10-31,2020-11-13,Defective Product,Damaged,87.73,Approved,Courier
RET-00004920,ITM-000066347,CUS-002815,2026-08-20,2026-08-28,Defective Product,Resellable,57.94,Pending,Courier
RET-00004921,ITM-000066351,CUS-006504,2023-11-15,2023-11-27,Changed Mind,Opened,27.36,Processed,Courier
RET-00004922,ITM-000066356,CUS-009441,2026-08-21,2026-09-01,Changed Mind,Opened,27.73,Approved,Store
RET-00004923,ITM-000066403,CUS-008846,2021-07-09,2021-07-17,Defective Product,Opened,147.08,Processed,Courier
RET-00004924,ITM-000066405,CUS-002475,2024-03-07,2024-03-14,Size/Fit,Resellable,188.84,Approved,Courier
RET-00004925,ITM-000066409,CUS-004288,2025-06-10,2025-06-12,Changed Mind,Defective,23.65,Approved,Courier
RET-00004926,ITM-000066420,CUS-001533,2021-02-10,2021-02-11,Changed Mind,Opened,29.66,Approved,Courier
RET-00004927,ITM-000066426,CUS-002384,2020-07-16,2020-07-21,Changed Mind,Resellable,67.01,Pending,Courier
RET-00004928,ITM-000066428,CUS-006067,2021-02-27,2021-02-27,Defective Product,Resellable,353.43,Pending,Courier
RET-00004929,ITM-000066435,CUS-005794,2022-01-04,2022-01-06,Size/Fit,Damaged,22.66,Processed,Courier
RET-00004930,ITM-000066454,CUS-004372,2025-02-05,2025-02-07,Size/Fit,Resellable,47.43,Processed,Store
RET-00004931,ITM-000066507,CUS-009938,2024-11-05,2024-11-05,Size/Fit,Defective,113.56,Processed,Courier
RET-00004932,ITM-000066508,CUS-010967,2021-12-17,2021-12-27,Size/Fit,Damaged,44.66,Processed,Store
RET-00004933,ITM-000066528,CUS-001704,2020-04-17,2020-04-18,Damaged Delivery,Opened,22.92,Pending,Courier
RET-00004934,ITM-000066531,CUS-003834,2023-12-30,2024-01-05,Not as Described,Opened,40.2,Approved,Courier
RET-00004935,ITM-000066572,CUS-004847,2022-01-29,2022-01-29,Defective Product,Resellable,42.14,Approved,Store
RET-00004936,ITM-000066586,CUS-000765,2025-04-12,2025-04-16,Not as Described,Defective,18.36,Pending,Courier
RET-00004937,ITM-000066615,CUS-004034,2020-04-13,2020-04-23,Changed Mind,Defective,239.95,Approved,Store
RET-00004938,ITM-000066625,CUS-010376,2021-05-16,2021-05-21,Size/Fit,Resellable,55.66,Pending,Store
RET-00004939,ITM-000066638,CUS-011582,2025-06-27,2025-07-08,Defective Product,Damaged,25.57,Pending,Store
RET-00004940,ITM-000066648,CUS-007639,2020-06-10,2020-06-19,Changed Mind,Defective,11.89,Pending,Courier
RET-00004941,ITM-000066678,CUS-004471,2021-03-18,2021-03-29,Size/Fit,Damaged,66.6,Approved,Courier
RET-00004942,ITM-000066686,CUS-002163,2023-03-05,2023-03-08,Damaged Delivery,Opened,48.87,Processed,Store
RET-00004943,ITM-000066700,CUS-002466,2026-08-04,2026-08-07,Changed Mind,Defective,42.22,Processed,Store
RET-00004944,ITM-000066724,CUS-007294,2023-07-12,2023-07-15,Not as Described,Resellable,23.04,Processed,Courier
RET-00004945,ITM-000066735,CUS-002960,2026-03-14,2026-03-15,Changed Mind,Resellable,108.61,Approved,Courier
RET-00004946,ITM-000066751,CUS-002253,2020-02-19,2020-02-29,Wrong Item,Damaged,227.33,Pending,Courier
RET-00004947,ITM-000066754,CUS-006817,2023-01-11,2023-01-23,Changed Mind,Resellable,98.73,Approved,Store
RET-00004948,ITM-000066762,CUS-001988,2024-12-29,2024-12-30,Damaged Delivery,Damaged,26.59,Pending,Courier
RET-00004949,ITM-000066764,,2023-08-10,2023-08-22,Changed Mind,Defective,43.55,Pending,Courier
RET-00004950,ITM-000066767,CUS-009536,2023-07-06,2023-07-12,Defective Product,Opened,157.79,Approved,Store
RET-00004951,ITM-000066778,CUS-006527,2024-07-15,2024-07-17,Not as Described,Defective,9.62,Approved,Courier
RET-00004952,ITM-000066795,CUS-003602,2022-06-05,2022-06-09,Not as Described,Resellable,9.61,Approved,Store
RET-00004953,ITM-000066815,CUS-010341,2026-03-25,2026-04-06,Size/Fit,Resellable,132.63,Pending,Courier
RET-00004954,ITM-000066822,CUS-011410,2025-08-22,2025-08-27,Size/Fit,Damaged,36.72,Pending,Store
RET-00004955,ITM-000066848,CUS-001504,2021-04-16,2021-04-19,Size/Fit,Defective,61.6,Pending,Store
RET-00004956,ITM-000066859,CUS-001752,2025-06-17,2025-06-21,Damaged Delivery,Opened,57.02,Approved,Courier
RET-00004957,ITM-000066878,CUS-008760,2025-09-01,2025-09-12,Defective Product,Defective,60.05,Approved,Store
RET-00004958,ITM-000066895,CUS-005373,2023-07-22,2023-07-24,Wrong Item,Defective,137.79,Pending,Store
RET-00004959,ITM-000066901,CUS-004091,2025-05-30,2025-06-04,Changed Mind,Opened,23.98,Approved,Store
RET-00004960,ITM-000066924,CUS-002789,2023-10-19,2023-10-27,Size/Fit,Defective,176.72,Processed,Courier
RET-00004961,ITM-000066934,CUS-007327,2020-07-22,2020-07-26,Size/Fit,Defective,43.95,Processed,Store
RET-00004962,ITM-000066941,CUS-003167,2025-07-18,2025-07-18,Changed Mind,Damaged,97.66,Pending,Store
RET-00004963,ITM-000066965,CUS-001846,2021-04-18,2021-04-28,,Damaged,53.74,Processed,Courier
RET-00004964,ITM-000066978,CUS-007391,2023-10-02,2023-10-06,Size/Fit,Defective,27.36,Approved,Courier
RET-00004965,ITM-000067000,CUS-009138,2024-02-09,2024-02-11,Changed Mind,Damaged,81.58,Processed,Courier
RET-00004966,ITM-000067039,CUS-010968,2023-04-06,2023-04-10,Not as Described,Resellable,27.73,Approved,Store
RET-00004967,ITM-000067042,CUS-004794,2024-01-18,2024-01-25,Other,Resellable,12.98,Pending,Courier
RET-00004968,ITM-000067069,CUS-007537,2023-01-11,2023-01-18,,Damaged,54.72,Approved,Store
RET-00004969,ITM-000067093,CUS-010158,2021-05-31,2021-06-02,,Damaged,59.09,Approved,Store
RET-00004970,ITM-000067100,CUS-002890,2021-01-24,2021-02-01,Size/Fit,Defective,76.11,Processed,Courier
RET-00004971,ITM-000067115,CUS-006925,2024-06-14,2024-06-18,Damaged Delivery,Defective,251.34,Processed,Store
RET-00004972,ITM-000067116,CUS-004610,2025-04-09,2025-04-14,Changed Mind,Damaged,105.47,Processed,Store
RET-00004973,ITM-000067121,CUS-005355,2021-12-11,2021-12-21,Defective Product,Resellable,50.41,Approved,Store
RET-00004974,ITM-000067143,CUS-008154,2020-12-23,2020-12-31,Wrong Item,Defective,35.4,Approved,Store
RET-00004975,ITM-000067153,CUS-003918,2022-09-23,2022-10-05,Defective Product,Defective,16.4,Processed,Store
RET-00004976,ITM-000067161,CUS-004036,2024-04-29,2024-05-01,Not as Described,Damaged,50.87,Pending,Courier
RET-00004977,ITM-000067193,CUS-009599,2026-02-18,2026-02-27,Not as Described,Defective,142.29,Processed,Store
RET-00004978,ITM-000067207,CUS-008615,2024-05-27,2024-06-08,Defective Product,Damaged,160.8,Pending,Courier
RET-00004979,ITM-000067225,CUS-006777,2026-08-21,2026-08-24,Changed Mind,Damaged,36.71,Approved,Courier
RET-00004980,ITM-000067233,CUS-008869,2026-03-09,2026-03-17,Size/Fit,Resellable,115.11,Approved,Store
RET-00004981,ITM-000067244,CUS-002962,2023-12-10,2023-12-19,Defective Product,Opened,134.47,Pending,Courier
RET-00004982,ITM-000067259,CUS-010944,2023-12-23,2023-12-30,Changed Mind,Defective,164.13,Approved,Store
RET-00004983,ITM-000067285,CUS-007138,2023-03-31,2023-04-11,Not as Described,Resellable,113.75,Pending,Store
RET-00004984,ITM-000067287,CUS-011115,2022-10-02,2022-10-11,Not as Described,Defective,174.96,Processed,Store
RET-00004985,ITM-000067318,CUS-003926,2024-05-30,2024-05-31,Changed Mind,Opened,358.28,Processed,Courier
RET-00004986,ITM-000067323,CUS-001007,2025-11-27,2025-12-04,Not as Described,Damaged,4.86,Processed,Store
RET-00004987,ITM-000067352,CUS-008990,2020-11-02,2020-11-11,,Damaged,89.22,Approved,Courier
RET-00004988,ITM-000067357,CUS-001076,2023-02-02,2023-02-11,Size/Fit,Opened,40.15,Processed,Courier
RET-00004989,ITM-000067382,CUS-000745,2025-07-29,2025-08-10,Not as Described,Resellable,65.7,Processed,Store
RET-00004990,ITM-000067384,CUS-008789,2022-08-02,2022-08-05,Size/Fit,Defective,29.11,Approved,Courier
RET-00004991,ITM-000067391,CUS-010784,2024-02-26,2024-03-02,Changed Mind,Resellable,34.44,Pending,Store
RET-00004992,ITM-000067397,CUS-005109,2025-11-10,2025-11-13,Size/Fit,Opened,76.17,Approved,Courier
RET-00004993,ITM-000067411,CUS-009026,2023-05-17,2023-05-17,Wrong Item,Resellable,90.3,Approved,Store
RET-00004994,ITM-000067419,CUS-003302,2020-05-18,2020-05-26,Size/Fit,Opened,19.23,Processed,Courier
RET-00004995,ITM-000067427,CUS-006761,2024-11-28,2024-11-29,Changed Mind,Damaged,307.47,Processed,Store
RET-00004996,ITM-000067432,CUS-007960,2024-01-29,2024-01-31,Defective Product,Opened,547.41,Processed,Courier
RET-00004997,ITM-000067442,CUS-009185,2023-04-13,2023-04-22,Changed Mind,Opened,1175.25,Processed,Store
RET-00004998,ITM-000067469,,2020-11-06,2020-11-11,Size/Fit,Resellable,89.54,Pending,Courier
RET-00004999,ITM-000067476,CUS-002193,2022-01-10,2022-01-18,,Damaged,92.2,Processed,Store
RET-00005000,ITM-000067486,CUS-002916,2020-10-23,2020-10-29,Size/Fit,Damaged,72.0,Pending,Courier
RET-00005001,ITM-000067489,CUS-003033,2023-11-02,2023-11-11,Defective Product,Resellable,79.48,Processed,Courier
RET-00005002,ITM-000067498,CUS-008487,2026-04-21,2026-04-26,Wrong Item,Opened,183.58,Pending,Courier
RET-00005003,ITM-000067504,CUS-007517,2023-10-10,2023-10-17,Defective Product,Damaged,47.96,Processed,Store
RET-00005004,ITM-000067540,CUS-008476,2026-04-16,2026-04-19,Not as Described,Defective,74.91,Pending,Courier
RET-00005005,ITM-000067548,CUS-006124,2025-05-27,2025-05-31,Changed Mind,Defective,65.53,Approved,Courier
RET-00005006,ITM-000067549,CUS-006124,2025-06-16,2025-06-29,Changed Mind,Opened,63.75,Processed,Store
RET-00005007,ITM-000067553,CUS-005390,2020-10-06,2020-10-15,Defective Product,Opened,54.91,Approved,Store
RET-00005008,ITM-000067565,CUS-004921,2025-06-24,2025-07-03,Changed Mind,Damaged,170.45,Pending,Courier
RET-00005009,ITM-000067581,CUS-000434,2023-05-06,2023-05-11,Changed Mind,Resellable,55.76,Pending,Courier
RET-00005010,ITM-000067603,CUS-002339,2023-05-06,2023-05-08,Changed Mind,Damaged,65.44,Approved,Courier
RET-00005011,ITM-000067622,CUS-004438,2025-03-29,2025-04-02,Defective Product,Defective,157.42,Pending,Store
RET-00005012,ITM-000067632,CUS-010429,2022-12-03,2022-12-14,Changed Mind,Defective,61.17,Approved,Store
RET-00005013,ITM-000067636,CUS-002613,2026-03-29,2026-04-04,Size/Fit,Damaged,573.39,Pending,Store
RET-00005014,ITM-000067653,CUS-001611,2023-12-01,2023-12-05,Damaged Delivery,Damaged,119.32,Approved,Courier
RET-00005015,ITM-000067662,CUS-006124,2025-12-11,2025-12-18,Not as Described,Resellable,82.94,Pending,Courier
RET-00005016,ITM-000067676,CUS-010763,2026-07-09,2026-07-10,Size/Fit,Damaged,60.97,Processed,Courier
RET-00005017,ITM-000067678,CUS-005749,2026-08-29,2026-09-01,Defective Product,Resellable,32.65,Approved,Courier
RET-00005018,ITM-000067699,CUS-007708,2025-09-15,2025-09-27,Changed Mind,Resellable,78.39,Processed,Courier
RET-00005019,ITM-000067713,CUS-008463,2021-02-18,2021-03-01,Defective Product,Damaged,38.03,Processed,Store
RET-00005020,ITM-000067718,,2020-06-11,2020-06-22,Size/Fit,Resellable,507.94,Approved,Courier
RET-00005021,ITM-000067752,,2024-02-08,2024-02-08,Size/Fit,Defective,110.72,Processed,Courier
RET-00005022,ITM-000067754,,2024-02-03,2024-02-09,Changed Mind,Defective,44.7,Processed,Courier
RET-00005023,ITM-000067769,CUS-008913,2025-05-13,2025-05-16,Wrong Item,Opened,66.1,Pending,Courier
RET-00005024,ITM-000067772,CUS-006539,2024-04-10,2024-04-12,Damaged Delivery,Damaged,58.96,Processed,Courier
RET-00005025,ITM-000067803,CUS-008429,2024-06-12,2024-06-25,Defective Product,Defective,34.68,Processed,Courier
RET-00005026,ITM-000067840,CUS-000510,2021-10-11,2021-10-11,Changed Mind,Opened,26.34,Processed,Courier
RET-00005027,ITM-000067853,CUS-006745,2021-02-12,2021-02-19,Damaged Delivery,Defective,108.13,Pending,Courier
RET-00005028,ITM-000067864,CUS-003741,2024-09-30,2024-10-02,Changed Mind,Damaged,215.27,Processed,Store
RET-00005029,ITM-000067890,CUS-010233,2023-10-01,2023-10-11,Damaged Delivery,Resellable,245.06,Approved,Courier
RET-00005030,ITM-000067892,CUS-000620,2026-03-21,2026-03-23,Wrong Item,Damaged,21.66,Processed,Store
RET-00005031,ITM-000067906,CUS-000753,2024-12-22,2025-01-03,Changed Mind,Resellable,50.09,Processed,Store
RET-00005032,ITM-000067918,CUS-006756,2021-05-21,2021-06-01,,Defective,494.42,Processed,Courier
RET-00005033,ITM-000067926,CUS-005903,2023-03-29,2023-04-01,Defective Product,Damaged,31.51,Pending,Courier
RET-00005034,ITM-000067936,CUS-003870,2020-07-06,2020-07-07,,Opened,117.77,Processed,Courier
RET-00005035,ITM-000067948,CUS-008722,2020-09-15,2020-09-17,Size/Fit,Resellable,30.53,Pending,Courier
RET-00005036,ITM-000067949,CUS-008722,2020-08-31,2020-09-08,Changed Mind,Resellable,87.7,Pending,Courier
RET-00005037,ITM-000067958,CUS-004586,2020-02-21,2020-02-28,Damaged Delivery,Damaged,44.02,Pending,Store
RET-00005038,ITM-000067982,CUS-009456,2023-09-01,2023-09-07,Size/Fit,Defective,190.4,Pending,Store
RET-00005039,ITM-000067989,CUS-002446,2026-04-30,2026-05-02,Defective Product,Damaged,17.71,Pending,Courier
RET-00005040,ITM-000068011,CUS-001486,2024-05-25,2024-05-25,Not as Described,Defective,82.13,Pending,Courier
RET-00005041,ITM-000068022,CUS-011042,2022-07-24,2022-08-01,Changed Mind,Defective,22.77,Pending,Courier
RET-00005042,ITM-000068051,CUS-009020,2025-06-27,2025-07-05,Not as Described,Defective,160.68,Pending,Store
RET-00005043,ITM-000068073,CUS-011212,2021-11-05,2021-11-11,,Damaged,146.5,Approved,Courier
RET-00005044,ITM-000068075,CUS-009692,2026-08-08,2026-08-19,Size/Fit,Resellable,10.89,Pending,Courier
RET-00005045,ITM-000068103,CUS-008015,2022-11-29,2022-12-07,Other,Damaged,33.35,Approved,Courier
RET-00005046,ITM-000068113,CUS-001189,2023-07-19,2023-07-26,Size/Fit,Damaged,182.61,Processed,Courier
RET-00005047,ITM-000068118,CUS-003812,2025-03-15,2025-03-24,Not as Described,Opened,140.43,Approved,Store
RET-00005048,ITM-000068125,CUS-009743,2023-03-24,2023-03-24,Defective Product,Opened,32.85,Processed,Courier
RET-00005049,ITM-000068154,CUS-003119,2022-08-22,2022-08-30,Wrong Item,Damaged,70.64,Approved,Courier
RET-00005050,ITM-000068172,CUS-002203,2024-04-18,2024-04-29,Defective Product,Resellable,35.97,Processed,Store
RET-00005051,ITM-000068180,CUS-003218,2026-03-20,2026-03-23,Size/Fit,Opened,42.82,Processed,Store
RET-00005052,ITM-000068219,CUS-003164,2025-09-27,2025-10-06,Not as Described,Opened,32.66,Approved,Store
RET-00005053,ITM-000068226,CUS-009967,2021-10-01,2021-10-06,Changed Mind,Defective,29.66,Processed,Courier
RET-00005054,ITM-000068233,CUS-010263,2025-09-11,2025-09-15,Size/Fit,Opened,29.9,Pending,Store
RET-00005055,ITM-000068235,CUS-008121,2026-01-16,2026-01-29,Changed Mind,Defective,47.08,Approved,Store
RET-00005056,ITM-000068237,CUS-008385,2021-06-04,2021-06-15,,Opened,105.89,Approved,Store
RET-00005057,ITM-000068252,CUS-003070,2020-08-27,2020-09-03,Not as Described,Damaged,88.1,Processed,Courier
RET-00005058,ITM-000068273,CUS-005558,2024-02-20,2024-02-20,Defective Product,Defective,123.55,Processed,Store
RET-00005059,ITM-000068280,CUS-005827,2024-11-09,2024-11-22,Size/Fit,Defective,166.97,Pending,Courier
RET-00005060,ITM-000068308,CUS-006643,2021-09-17,2021-09-29,Defective Product,Damaged,57.94,Approved,Courier
RET-00005061,ITM-000068344,CUS-004011,2020-05-06,2020-05-16,Changed Mind,Defective,22.82,Processed,Store
RET-00005062,ITM-000068346,,2023-05-28,2023-05-31,Size/Fit,Opened,44.58,Pending,Courier
RET-00005063,ITM-000068360,CUS-002458,2023-02-22,2023-02-25,Changed Mind,Defective,169.61,Pending,Courier
RET-00005064,ITM-000068393,CUS-006933,2026-04-12,2026-04-25,Changed Mind,Defective,64.27,Pending,Store
RET-00005065,ITM-000068395,CUS-004400,2022-01-19,2022-01-31,Changed Mind,Opened,22.64,Pending,Courier
RET-00005066,ITM-000068421,CUS-009621,2026-01-23,2026-01-23,Size/Fit,Opened,533.76,Approved,Store
RET-00005067,ITM-000068428,CUS-005187,2020-09-16,2020-09-24,,Damaged,112.53,Pending,Courier
RET-00005068,ITM-000068445,CUS-003658,2026-01-29,2026-02-04,Size/Fit,Opened,73.62,Pending,Courier
RET-00005069,ITM-000068504,CUS-007134,2026-09-05,2026-09-15,Changed Mind,Defective,246.22,Pending,Courier
RET-00005070,ITM-000068510,CUS-000043,2022-04-20,2022-05-03,Size/Fit,Resellable,82.67,Pending,Courier
RET-00005071,ITM-000068516,CUS-004961,2023-07-09,2023-07-21,Changed Mind,Defective,41.12,Pending,Courier
RET-00005072,ITM-000068523,CUS-000513,2021-08-26,2021-09-08,Size/Fit,Defective,43.77,Approved,Courier
RET-00005073,ITM-000068531,CUS-006201,2022-06-16,2022-06-17,Defective Product,Defective,182.99,Pending,Store
RET-00005074,ITM-000068539,CUS-001047,2026-09-03,2026-09-13,Not as Described,Defective,107.02,Pending,Store
RET-00005075,ITM-000068541,CUS-000835,2022-02-21,2022-03-04,Defective Product,Damaged,70.02,Approved,Courier
RET-00005076,ITM-000068546,CUS-005270,2020-06-22,2020-06-29,,Resellable,55.01,Approved,Store
RET-00005077,ITM-000068551,CUS-004949,2023-04-17,2023-04-18,Changed Mind,Damaged,22.57,Processed,Store
RET-00005078,ITM-000068556,CUS-009352,2025-01-10,2025-01-15,Size/Fit,Resellable,40.69,Processed,Courier
RET-00005079,ITM-000068584,CUS-010359,2023-01-22,2023-02-03,Changed Mind,Defective,57.48,Processed,Courier
RET-00005080,ITM-000068594,CUS-000652,2025-06-28,2025-07-01,Damaged Delivery,Defective,58.33,Pending,Courier
RET-00005081,ITM-000068626,CUS-007520,2022-10-05,2022-10-10,Changed Mind,Damaged,200.69,Approved,Courier
RET-00005082,ITM-000068632,CUS-005511,2021-10-06,2021-10-09,Changed Mind,Resellable,39.66,Approved,Store
RET-00005083,ITM-000068648,CUS-009904,2020-05-07,2020-05-20,,Opened,266.58,Processed,Courier
RET-00005084,ITM-000068654,CUS-006280,2024-07-17,2024-07-21,Changed Mind,Resellable,132.07,Processed,Store
RET-00005085,ITM-000068666,CUS-000450,2026-03-29,2026-03-31,Not as Described,Defective,116.05,Approved,Courier
RET-00005086,ITM-000068674,CUS-011396,2023-07-19,2023-07-27,Other,Opened,55.14,Processed,Store
RET-00005087,ITM-000068707,CUS-003761,2023-05-24,2023-06-01,Size/Fit,Damaged,391.92,Pending,Courier
RET-00005088,ITM-000068715,CUS-007624,2020-05-22,2020-05-23,,Defective,305.01,Pending,Courier
RET-00005089,ITM-000068734,CUS-001255,2025-12-27,2026-01-02,Size/Fit,Damaged,34.46,Processed,Courier
RET-00005090,ITM-000068741,CUS-007082,2021-07-06,2021-07-12,,Damaged,28.76,Approved,Store
RET-00005091,ITM-000068742,CUS-006115,2023-04-05,2023-04-14,Not as Described,Resellable,36.73,Approved,Store
RET-00005092,ITM-000068753,CUS-007264,2023-01-25,2023-02-02,Changed Mind,Defective,64.35,Approved,Store
RET-00005093,ITM-000068768,CUS-005210,2020-10-10,2020-10-12,Not as Described,Damaged,34.04,Pending,Store
RET-00005094,ITM-000068772,CUS-004681,2026-06-08,2026-06-18,Size/Fit,Resellable,639.8,Approved,Store
RET-00005095,ITM-000068778,CUS-006107,2021-07-27,2021-08-03,Defective Product,Damaged,111.92,Processed,Courier
RET-00005096,ITM-000068793,CUS-009729,2022-08-05,2022-08-18,Changed Mind,Opened,82.69,Processed,Courier
RET-00005097,ITM-000068824,CUS-009996,2025-09-21,2025-09-30,Changed Mind,Opened,83.63,Approved,Courier
RET-00005098,ITM-000068827,CUS-011702,2024-12-18,2024-12-20,Changed Mind,Damaged,97.96,Pending,Courier
RET-00005099,ITM-000068848,CUS-010214,2020-08-02,2020-08-07,Defective Product,Resellable,71.62,Pending,Store
RET-00005100,ITM-000068862,CUS-001296,2024-11-07,2024-11-16,Changed Mind,Damaged,289.26,Pending,Courier
RET-00005101,ITM-000068866,CUS-010341,2022-05-25,2022-05-29,,Defective,287.85,Processed,Store
RET-00005102,ITM-000068871,CUS-011908,2026-07-05,2026-07-07,Changed Mind,Opened,41.2,Pending,Courier
RET-00005103,ITM-000068873,CUS-002433,2020-03-26,2020-04-02,Not as Described,Opened,128.54,Pending,Courier
RET-00005104,ITM-000068890,CUS-007926,2026-08-01,2026-08-10,Defective Product,Damaged,61.98,Processed,Courier
RET-00005105,ITM-000068911,CUS-010355,2023-02-25,2023-03-06,Wrong Item,Opened,97.49,Processed,Store
RET-00005106,ITM-000068929,CUS-001956,2020-09-07,2020-09-11,Not as Described,Resellable,11.89,Approved,Store
RET-00005107,ITM-000068930,CUS-008731,2020-07-12,2020-07-13,,Resellable,58.62,Processed,Store
RET-00005108,ITM-000068952,CUS-003733,2026-01-14,2026-01-16,Defective Product,Defective,117.1,Pending,Store
RET-00005109,ITM-000068958,CUS-011638,2022-11-10,2022-11-22,Changed Mind,Opened,81.28,Pending,Courier
RET-00005110,ITM-000068972,CUS-009714,2025-01-22,2025-01-26,Changed Mind,Defective,137.35,Approved,Store
RET-00005111,ITM-000068986,CUS-010089,2022-01-16,2022-01-26,Size/Fit,Defective,14.69,Processed,Store
RET-00005112,ITM-000068990,CUS-007725,2021-03-20,2021-03-25,Not as Described,Defective,34.14,Pending,Store
RET-00005113,ITM-000069017,,2022-07-06,2022-07-13,Size/Fit,Damaged,262.17,Approved,Store
RET-00005114,ITM-000069029,CUS-004246,2022-07-25,2022-07-28,Defective Product,Opened,39.48,Pending,Courier
RET-00005115,ITM-000069052,CUS-005992,2021-05-29,2021-06-03,Damaged Delivery,Opened,84.3,Approved,Store
RET-00005116,ITM-000069057,CUS-000271,2023-03-28,2023-03-30,Defective Product,Opened,22.66,Approved,Store
RET-00005117,ITM-000069062,CUS-010346,2022-09-08,2022-09-09,Other,Opened,96.11,Pending,Courier
RET-00005118,ITM-000069063,CUS-010689,2022-07-03,2022-07-11,Changed Mind,Defective,43.74,Pending,Store
RET-00005119,ITM-000069079,CUS-010326,2021-04-21,2021-05-04,Changed Mind,Damaged,184.14,Processed,Store
RET-00005120,ITM-000069098,CUS-008678,2022-07-06,2022-07-14,Defective Product,Opened,90.07,Processed,Courier
RET-00005121,ITM-000069102,CUS-010941,2020-07-21,2020-07-28,Size/Fit,Damaged,122.19,Pending,Courier
RET-00005122,ITM-000069122,CUS-011941,2022-07-03,2022-07-16,Size/Fit,Opened,123.27,Pending,Courier
RET-00005123,ITM-000069126,CUS-008322,2022-01-27,2022-02-04,,Resellable,232.1,Approved,Store
RET-00005124,ITM-000069151,CUS-001351,2022-09-05,2022-09-13,Changed Mind,Resellable,138.6,Approved,Store
RET-00005125,ITM-000069156,CUS-007769,2024-12-15,2024-12-23,Wrong Item,Damaged,62.62,Approved,Courier
RET-00005126,ITM-000069171,CUS-003513,2023-05-28,2023-06-06,Defective Product,Defective,66.59,Approved,Courier
RET-00005127,ITM-000069176,CUS-008344,2023-10-20,2023-10-22,Changed Mind,Damaged,193.45,Approved,Courier
RET-00005128,ITM-000069180,CUS-001107,2026-09-06,2026-09-19,Not as Described,Opened,34.56,Pending,Courier
RET-00005129,ITM-000069181,CUS-000116,2025-02-22,2025-02-27,Defective Product,Opened,14.01,Processed,Courier
RET-00005130,ITM-000069183,CUS-004538,2026-08-31,2026-09-02,Changed Mind,Defective,52.63,Approved,Courier
RET-00005131,ITM-000069204,CUS-003930,2022-12-05,2022-12-18,Size/Fit,Defective,135.03,Approved,Store
RET-00005132,ITM-000069231,CUS-001406,2025-04-07,2025-04-18,Changed Mind,Opened,71.12,Processed,Courier
RET-00005133,ITM-000069247,CUS-001949,2025-04-12,2025-04-21,Changed Mind,Resellable,988.84,Approved,Courier
RET-00005134,ITM-000069248,CUS-010151,2023-03-26,2023-04-07,Size/Fit,Resellable,119.39,Processed,Store
RET-00005135,ITM-000069249,CUS-010151,2023-04-04,2023-04-17,Changed Mind,Damaged,151.42,Pending,Store
RET-00005136,ITM-000069280,CUS-001245,2022-01-09,2022-01-21,Defective Product,Defective,25.57,Pending,Store
RET-00005137,ITM-000069307,CUS-001735,2022-04-19,2022-04-23,Size/Fit,Resellable,37.97,Processed,Courier
RET-00005138,ITM-000069328,CUS-007401,2020-04-10,2020-04-15,Defective Product,Defective,39.75,Approved,Courier
RET-00005139,ITM-000069329,CUS-007401,2020-03-29,2020-04-03,Changed Mind,Resellable,12.93,Processed,Store
RET-00005140,ITM-000069333,CUS-001152,2024-12-13,2024-12-13,Changed Mind,Defective,30.11,Pending,Store
RET-00005141,ITM-000069345,CUS-002136,2024-01-22,2024-01-29,Damaged Delivery,Opened,15.58,Pending,Store
RET-00005142,ITM-000069358,CUS-007986,2022-08-31,2022-08-31,Changed Mind,Opened,38.49,Processed,Store
RET-00005143,ITM-000069360,CUS-000388,2023-05-20,2023-05-20,Wrong Item,Defective,91.79,Approved,Courier
RET-00005144,ITM-000069389,CUS-003022,2022-12-08,2022-12-21,Size/Fit,Resellable,83.58,Pending,Courier
RET-00005145,ITM-000069402,CUS-005540,2021-10-11,2021-10-24,Changed Mind,Damaged,48.5,Pending,Store
RET-00005146,ITM-000069428,CUS-007063,2021-10-23,2021-11-05,Defective Product,Resellable,90.33,Pending,Store
RET-00005147,ITM-000069435,CUS-003995,2024-06-03,2024-06-06,Wrong Item,Damaged,62.97,Approved,Store
RET-00005148,ITM-000069449,CUS-005880,2025-04-16,2025-04-28,Wrong Item,Damaged,227.76,Approved,Store
RET-00005149,ITM-000069463,CUS-008716,2023-08-08,2023-08-12,,Defective,32.8,Processed,Store
RET-00005150,ITM-000069465,CUS-003685,2026-01-05,2026-01-16,Changed Mind,Damaged,118.1,Pending,Store
RET-00005151,ITM-000069481,CUS-007697,2025-10-14,2025-10-15,Not as Described,Defective,151.32,Pending,Courier
RET-00005152,ITM-000069494,,2022-11-25,2022-11-29,Changed Mind,Damaged,54.73,Pending,Courier
RET-00005153,ITM-000069499,CUS-000803,2025-09-19,2025-09-22,Changed Mind,Defective,79.46,Processed,Store
RET-00005154,ITM-000069501,CUS-000803,2025-09-12,2025-09-14,Changed Mind,Resellable,47.61,Approved,Store
RET-00005155,ITM-000069511,CUS-009490,2022-12-09,2022-12-09,Not as Described,Opened,48.97,Approved,Courier
RET-00005156,ITM-000069523,CUS-010276,2020-10-10,2020-10-18,,Resellable,90.6,Approved,Courier
RET-00005157,ITM-000069532,,2022-10-10,2022-10-11,Size/Fit,Damaged,200.57,Processed,Courier
RET-00005158,ITM-000069568,CUS-000400,2024-12-06,2024-12-16,Changed Mind,Opened,75.97,Approved,Store
RET-00005159,ITM-000069574,CUS-007148,2023-02-08,2023-02-19,Defective Product,Defective,21.5,Approved,Store
RET-00005160,ITM-000069575,CUS-007148,2023-02-13,2023-02-22,Damaged Delivery,Resellable,89.6,Processed,Courier
RET-00005161,ITM-000069583,CUS-005721,2022-10-22,2022-10-29,Size/Fit,Defective,132.07,Processed,Courier
RET-00005162,ITM-000069615,CUS-006741,2025-10-16,2025-10-20,Damaged Delivery,Defective,120.92,Processed,Store
RET-00005163,ITM-000069616,CUS-006741,2025-10-21,2025-10-21,Changed Mind,Opened,22.95,Approved,Store
RET-00005164,ITM-000069623,CUS-005028,2026-03-26,2026-03-29,Changed Mind,Resellable,302.28,Processed,Courier
RET-00005165,ITM-000069641,CUS-009674,2020-07-05,2020-07-07,,Opened,146.21,Approved,Courier
RET-00005166,ITM-000069650,CUS-002574,2021-07-25,2021-08-02,,Damaged,271.68,Processed,Courier
RET-00005167,ITM-000069663,CUS-011405,2025-11-01,2025-11-06,Wrong Item,Opened,46.92,Approved,Courier
RET-00005168,ITM-000069667,CUS-007758,2021-06-29,2021-06-30,,Damaged,24.41,Approved,Courier
RET-00005169,ITM-000069675,CUS-000884,2025-09-05,2025-09-15,Defective Product,Opened,50.85,Approved,Courier
RET-00005170,ITM-000069677,CUS-011509,2020-04-27,2020-05-02,,Resellable,106.43,Approved,Courier
RET-00005171,ITM-000069688,CUS-002184,2025-07-14,2025-07-16,Defective Product,Resellable,18.14,Pending,Store
RET-00005172,ITM-000069690,CUS-002470,2021-11-17,2021-11-19,Changed Mind,Resellable,59.28,Pending,Courier
RET-00005173,ITM-000069693,CUS-010216,2021-05-22,2021-05-23,Changed Mind,Damaged,89.15,Processed,Store
RET-00005174,ITM-000069706,CUS-003393,2020-08-05,2020-08-18,Size/Fit,Resellable,66.96,Approved,Store
RET-00005175,ITM-000069738,CUS-011865,2024-12-25,2025-01-01,Changed Mind,Resellable,114.45,Processed,Store
RET-00005176,ITM-000069761,CUS-002221,2026-08-13,2026-08-25,Wrong Item,Damaged,28.55,Approved,Courier
RET-00005177,ITM-000069771,CUS-004776,2026-04-09,2026-04-11,Not as Described,Opened,111.06,Pending,Courier
RET-00005178,ITM-000069775,CUS-008017,2025-02-21,2025-03-02,Defective Product,Opened,42.15,Approved,Store
RET-00005179,ITM-000069799,CUS-001971,2025-11-26,2025-12-06,Size/Fit,Defective,67.78,Pending,Store
RET-00005180,ITM-000069806,CUS-005946,2024-09-27,2024-10-09,Defective Product,Defective,106.83,Processed,Courier
RET-00005181,ITM-000069828,CUS-007573,2020-05-14,2020-05-27,Wrong Item,Damaged,65.3,Pending,Courier
RET-00005182,ITM-000069838,CUS-005802,2023-12-05,2023-12-16,,Resellable,39.91,Approved,Courier
RET-00005183,ITM-000069857,CUS-002013,2023-04-22,2023-05-04,Size/Fit,Defective,98.64,Processed,Courier
RET-00005184,ITM-000069890,CUS-008264,2021-01-13,2021-01-23,Changed Mind,Damaged,236.42,Pending,Store
RET-00005185,ITM-000069894,CUS-009943,2023-08-25,2023-09-04,Size/Fit,Resellable,72.74,Pending,Courier
RET-00005186,ITM-000069897,CUS-002986,2021-12-04,2021-12-15,Defective Product,Resellable,356.36,Processed,Courier
RET-00005187,ITM-000069899,CUS-005606,2025-09-04,2025-09-05,Defective Product,Resellable,61.45,Pending,Courier
RET-00005188,ITM-000069900,CUS-005606,2025-09-19,2025-09-20,Defective Product,Damaged,34.11,Pending,Courier
RET-00005189,ITM-000069911,CUS-001307,2023-11-10,2023-11-17,Wrong Item,Damaged,115.07,Pending,Store
RET-00005190,ITM-000069924,CUS-011285,2022-01-09,2022-01-19,,Damaged,40.98,Pending,Courier
RET-00005191,ITM-000069933,CUS-007343,2023-08-31,2023-09-09,Damaged Delivery,Defective,179.14,Approved,Courier
RET-00005192,ITM-000069948,CUS-005150,2024-03-11,2024-03-24,Changed Mind,Resellable,103.86,Pending,Courier
RET-00005193,ITM-000069972,CUS-001978,2026-08-24,2026-08-24,Damaged Delivery,Resellable,119.79,Processed,Store
RET-00005194,ITM-000069988,CUS-010188,2024-05-01,2024-05-08,Size/Fit,Defective,121.49,Pending,Courier
RET-00005195,ITM-000070023,CUS-000981,2021-10-10,2021-10-13,,Resellable,236.03,Processed,Store
RET-00005196,ITM-000070028,CUS-004825,2026-02-07,2026-02-17,Size/Fit,Damaged,19.09,Processed,Store
RET-00005197,ITM-000070031,CUS-007168,2020-07-19,2020-07-27,Changed Mind,Resellable,52.02,Pending,Store
RET-00005198,ITM-000070038,CUS-010945,2021-09-29,2021-10-01,,Opened,51.22,Processed,Store
RET-00005199,ITM-000070046,CUS-010737,2023-12-08,2023-12-16,Defective Product,Damaged,214.6,Approved,Courier
RET-00005200,ITM-000070047,CUS-007666,2020-07-23,2020-07-28,Defective Product,Resellable,131.2,Processed,Courier
RET-00005201,ITM-000070056,CUS-011519,2026-02-15,2026-02-26,Changed Mind,Defective,176.2,Processed,Courier
RET-00005202,ITM-000070071,CUS-009490,2023-02-13,2023-02-17,Not as Described,Defective,58.38,Pending,Courier
RET-00005203,ITM-000070076,CUS-003343,2026-08-05,2026-08-07,Size/Fit,Opened,16.2,Pending,Store
RET-00005204,ITM-000070090,CUS-005302,2020-07-11,2020-07-23,Damaged Delivery,Opened,64.35,Pending,Store
RET-00005205,ITM-000070095,CUS-002750,2025-09-06,2025-09-11,Not as Described,Opened,92.63,Pending,Courier
RET-00005206,ITM-000070118,CUS-010501,2024-10-23,2024-11-03,Changed Mind,Defective,146.92,Pending,Courier
RET-00005207,ITM-000070119,CUS-010501,2024-10-23,2024-10-25,Changed Mind,Defective,32.94,Processed,Store
RET-00005208,ITM-000070135,CUS-008489,2026-04-19,2026-04-19,Changed Mind,Damaged,93.56,Processed,Store
RET-00005209,ITM-000070138,CUS-005970,2023-04-20,2023-04-20,Defective Product,Damaged,401.45,Pending,Store
RET-00005210,ITM-000070140,CUS-008618,2025-09-14,2025-09-26,Not as Described,Opened,106.9,Processed,Courier
RET-00005211,ITM-000070141,CUS-003866,2023-10-07,2023-10-13,Defective Product,Opened,105.15,Processed,Store
RET-00005212,ITM-000070209,CUS-008427,2021-11-15,2021-11-18,Not as Described,Damaged,97.73,Approved,Store
RET-00005213,ITM-000070223,CUS-007113,2024-09-30,2024-10-05,Changed Mind,Damaged,47.4,Processed,Courier
RET-00005214,ITM-000070225,CUS-003138,2023-10-23,2023-10-30,Changed Mind,Resellable,21.3,Approved,Courier
RET-00005215,ITM-000070243,CUS-001041,2021-08-19,2021-08-23,Defective Product,Resellable,136.24,Pending,Courier
RET-00005216,ITM-000070255,CUS-007270,2026-03-31,2026-04-11,Changed Mind,Defective,56.52,Pending,Courier
RET-00005217,ITM-000070268,CUS-011591,2020-05-18,2020-05-30,,Resellable,59.31,Pending,Store
RET-00005218,ITM-000070279,CUS-001432,2023-11-03,2023-11-09,Size/Fit,Resellable,47.21,Pending,Courier
RET-00005219,ITM-000070281,CUS-008689,2026-09-25,2026-09-28,Defective Product,Resellable,151.47,Approved,Store
RET-00005220,ITM-000070289,CUS-000662,2023-10-15,2023-10-24,Changed Mind,Damaged,73.9,Pending,Courier
RET-00005221,ITM-000070303,,2022-04-30,2022-05-05,Changed Mind,Resellable,84.03,Processed,Courier
RET-00005222,ITM-000070304,,2022-04-11,2022-04-23,Size/Fit,Damaged,102.39,Approved,Store
RET-00005223,ITM-000070305,CUS-002224,2022-11-11,2022-11-13,Changed Mind,Opened,65.6,Approved,Courier
RET-00005224,ITM-000070306,CUS-002224,2022-12-08,2022-12-11,Changed Mind,Defective,69.06,Pending,Courier
RET-00005225,ITM-000070309,CUS-001333,2025-02-12,2025-02-17,Changed Mind,Defective,127.73,Pending,Store
RET-00005226,ITM-000070310,CUS-000559,2025-06-16,2025-06-21,Changed Mind,Damaged,58.19,Approved,Store
RET-00005227,ITM-000070311,CUS-000559,2025-05-28,2025-06-09,Changed Mind,Opened,64.32,Processed,Courier
RET-00005228,ITM-000070314,CUS-010914,2022-03-05,2022-03-18,Size/Fit,Defective,185.39,Pending,Courier
RET-00005229,ITM-000070321,CUS-005631,2024-06-06,2024-06-11,Changed Mind,Opened,65.53,Approved,Courier
RET-00005230,ITM-000070374,CUS-009405,2021-09-01,2021-09-07,Changed Mind,Resellable,90.11,Pending,Store
RET-00005231,ITM-000070393,CUS-005352,2022-02-11,2022-02-21,Size/Fit,Damaged,52.68,Processed,Courier
RET-00005232,ITM-000070436,CUS-005959,2024-12-16,2024-12-17,Not as Described,Opened,65.6,Processed,Courier
RET-00005233,ITM-000070452,CUS-011778,2024-05-02,2024-05-13,Defective Product,Opened,133.44,Processed,Store
RET-00005234,ITM-000070465,CUS-008177,2025-08-09,2025-08-14,Size/Fit,Damaged,4.38,Pending,Courier
RET-00005235,ITM-000070484,CUS-002543,2022-04-06,2022-04-13,Changed Mind,Resellable,27.05,Approved,Courier
RET-00005236,ITM-000070517,CUS-011337,2022-08-27,2022-09-02,Changed Mind,Damaged,110.94,Pending,Store
RET-00005237,ITM-000070526,CUS-008503,2021-04-13,2021-04-25,Defective Product,Damaged,267.16,Pending,Courier
RET-00005238,ITM-000070551,CUS-005746,2025-10-10,2025-10-21,Not as Described,Defective,82.08,Approved,Courier
RET-00005239,ITM-000070552,CUS-005746,2025-10-07,2025-10-19,Defective Product,Opened,46.7,Approved,Store
RET-00005240,ITM-000070559,CUS-010471,2020-11-08,2020-11-15,,Opened,192.01,Processed,Courier
RET-00005241,ITM-000070580,CUS-004144,2021-05-10,2021-05-11,Defective Product,Defective,92.24,Approved,Store
RET-00005242,ITM-000070587,CUS-002511,2024-02-09,2024-02-19,Defective Product,Resellable,132.0,Approved,Store
RET-00005243,ITM-000070590,CUS-002919,2026-01-14,2026-01-19,,Opened,45.38,Processed,Courier
RET-00005244,ITM-000070596,CUS-007586,2026-06-23,2026-07-01,Defective Product,Damaged,19.97,Approved,Courier
RET-00005245,ITM-000070609,CUS-002274,2025-06-25,2025-07-03,Defective Product,Opened,102.63,Approved,Courier
RET-00005246,ITM-000070650,CUS-007086,2021-09-24,2021-09-25,Defective Product,Resellable,357.66,Processed,Courier
RET-00005247,ITM-000070652,CUS-007086,2021-08-26,2021-09-07,Defective Product,Resellable,120.3,Pending,Store
RET-00005248,ITM-000070664,CUS-003011,2023-06-17,2023-06-30,Not as Described,Opened,171.36,Approved,Store
RET-00005249,ITM-000070670,CUS-010734,2026-01-13,2026-01-25,Changed Mind,Opened,39.01,Processed,Store
RET-00005250,ITM-000070696,CUS-004804,2022-09-19,2022-09-30,Changed Mind,Damaged,122.19,Approved,Store
RET-00005251,ITM-000070702,CUS-007041,2020-10-15,2020-10-21,Changed Mind,Resellable,29.09,Pending,Courier
RET-00005252,ITM-000070710,CUS-010417,2022-01-18,2022-01-29,,Damaged,51.44,Pending,Courier
RET-00005253,ITM-000070716,CUS-002853,2021-08-02,2021-08-02,,Opened,46.38,Approved,Courier
RET-00005254,ITM-000070717,CUS-009928,2020-05-28,2020-06-08,,Opened,74.14,Approved,Courier
RET-00005255,ITM-000070737,CUS-000152,2024-06-03,2024-06-15,Size/Fit,Damaged,63.47,Processed,Courier
RET-00005256,ITM-000070748,CUS-000565,2026-07-10,2026-07-11,Changed Mind,Resellable,80.63,Approved,Courier
RET-00005257,ITM-000070763,CUS-005099,2025-07-24,2025-08-05,Not as Described,Resellable,48.18,Approved,Courier
RET-00005258,ITM-000070774,CUS-009953,2020-03-02,2020-03-13,Not as Described,Resellable,53.56,Approved,Store
RET-00005259,ITM-000070827,CUS-005652,2021-03-05,2021-03-13,Defective Product,Defective,466.84,Processed,Courier
RET-00005260,ITM-000070838,,2024-02-28,2024-03-02,Changed Mind,Defective,33.55,Processed,Courier
RET-00005261,ITM-000070848,CUS-005316,2020-04-02,2020-04-11,,Opened,173.61,Pending,Courier
RET-00005262,ITM-000070852,CUS-004803,2023-05-23,2023-05-23,Size/Fit,Resellable,200.57,Processed,Store
RET-00005263,ITM-000070856,CUS-011431,2022-11-30,2022-12-06,Size/Fit,Resellable,37.83,Pending,Store
RET-00005264,ITM-000070878,CUS-006323,2024-07-10,2024-07-11,Changed Mind,Resellable,289.26,Approved,Courier
RET-00005265,ITM-000070887,CUS-008762,2025-07-29,2025-08-07,Changed Mind,Resellable,35.61,Pending,Store
RET-00005266,ITM-000070888,CUS-008762,2025-07-09,2025-07-22,Defective Product,Damaged,220.5,Pending,Courier
RET-00005267,ITM-000070899,CUS-001009,2023-02-18,2023-02-19,Changed Mind,Defective,7.76,Pending,Store
RET-00005268,ITM-000070904,CUS-003339,2023-11-08,2023-11-12,Wrong Item,Opened,80.75,Approved,Courier
RET-00005269,ITM-000070912,CUS-001528,2020-11-13,2020-11-16,Damaged Delivery,Resellable,59.66,Approved,Store
RET-00005270,ITM-000070923,CUS-011506,2020-09-19,2020-10-01,,Defective,180.6,Approved,Courier
RET-00005271,ITM-000070924,CUS-010196,2026-03-19,2026-03-24,Defective Product,Resellable,29.09,Pending,Store
RET-00005272,ITM-000070948,CUS-007933,2021-10-23,2021-11-04,,Damaged,239.58,Pending,Store
RET-00005273,ITM-000070967,CUS-005783,2024-03-24,2024-03-31,Changed Mind,Damaged,141.06,Pending,Store
RET-00005274,ITM-000071002,CUS-003792,2023-11-01,2023-11-07,Not as Described,Damaged,166.97,Processed,Store
RET-00005275,ITM-000071019,CUS-004912,2025-01-09,2025-01-20,Not as Described,Resellable,94.86,Processed,Store
RET-00005276,ITM-000071040,CUS-000542,2026-06-13,2026-06-18,Size/Fit,Damaged,74.43,Approved,Store
RET-00005277,ITM-000071050,CUS-000432,2020-02-21,2020-02-29,Damaged Delivery,Defective,260.42,Processed,Store
RET-00005278,ITM-000071060,CUS-002853,2026-04-05,2026-04-06,Size/Fit,Damaged,19.23,Pending,Store
RET-00005279,ITM-000071065,CUS-006614,2026-06-25,2026-07-07,Not as Described,Resellable,98.53,Processed,Courier
RET-00005280,ITM-000071079,CUS-002506,2024-08-28,2024-08-31,Not as Described,Damaged,49.32,Pending,Store
RET-00005281,ITM-000071101,CUS-001264,2023-03-27,2023-04-07,Not as Described,Opened,69.17,Pending,Store
RET-00005282,ITM-000071102,CUS-001264,2023-04-11,2023-04-16,Damaged Delivery,Opened,219.08,Processed,Courier
RET-00005283,ITM-000071108,,2025-12-28,2026-01-01,Changed Mind,Opened,290.58,Approved,Courier
RET-00005284,ITM-000071110,CUS-000047,2021-09-06,2021-09-16,,Opened,108.61,Approved,Store
RET-00005285,ITM-000071117,CUS-008358,2023-05-04,2023-05-17,Changed Mind,Opened,164.15,Approved,Store
RET-00005286,ITM-000071118,CUS-006795,2022-10-19,2022-10-26,Size/Fit,Opened,90.6,Processed,Store
RET-00005287,ITM-000071124,,2021-12-31,2022-01-10,,Opened,45.86,Processed,Store
RET-00005288,ITM-000071133,CUS-003790,2024-03-03,2024-03-10,Damaged Delivery,Opened,123.41,Approved,Courier
RET-00005289,ITM-000071138,CUS-002897,2025-08-11,2025-08-22,Wrong Item,Defective,180.6,Processed,Courier
RET-00005290,ITM-000071142,CUS-004150,2020-02-16,2020-02-29,Size/Fit,Damaged,40.62,Pending,Store
RET-00005291,ITM-000071143,CUS-007184,2025-02-27,2025-03-08,Damaged Delivery,Damaged,45.33,Processed,Courier
RET-00005292,ITM-000071155,CUS-004296,2020-02-21,2020-02-26,Not as Described,Damaged,100.2,Approved,Store
RET-00005293,ITM-000071162,CUS-005613,2025-04-03,2025-04-14,Defective Product,Resellable,48.02,Processed,Store
RET-00005294,ITM-000071170,CUS-006679,2025-10-29,2025-11-08,Other,Damaged,54.33,Processed,Store
RET-00005295,ITM-000071176,CUS-006031,2023-08-30,2023-09-07,Changed Mind,Damaged,209.53,Processed,Store
RET-00005296,ITM-000071184,,2021-06-21,2021-07-03,Size/Fit,Defective,109.54,Processed,Courier
RET-00005297,ITM-000071193,CUS-000980,2023-11-03,2023-11-10,Defective Product,Opened,75.37,Pending,Courier
RET-00005298,ITM-000071199,CUS-011428,2020-07-11,2020-07-22,,Damaged,283.42,Pending,Store
RET-00005299,ITM-000071228,,2021-06-20,2021-06-30,,Resellable,69.22,Pending,Courier
RET-00005300,ITM-000071234,CUS-006504,2022-02-14,2022-02-20,Wrong Item,Opened,70.64,Approved,Courier
RET-00005301,ITM-000071249,CUS-005163,2025-02-14,2025-02-23,Size/Fit,Resellable,16.52,Pending,Store
RET-00005302,ITM-000071250,CUS-010292,2022-12-11,2022-12-17,Changed Mind,Opened,290.74,Pending,Courier
RET-00005303,ITM-000071268,CUS-010943,2026-03-02,2026-03-10,Not as Described,Damaged,78.29,Pending,Courier
RET-00005304,ITM-000071290,CUS-009260,2026-03-02,2026-03-05,Wrong Item,Defective,15.62,Pending,Courier
RET-00005305,ITM-000071319,CUS-001436,2024-11-30,2024-11-30,Changed Mind,Opened,91.42,Pending,Store
RET-00005306,ITM-000071325,CUS-007996,2020-10-27,2020-10-31,Not as Described,Damaged,36.62,Approved,Store
RET-00005307,ITM-000071331,CUS-001350,2021-01-30,2021-01-31,Defective Product,Defective,118.5,Approved,Courier
RET-00005308,ITM-000071332,CUS-006192,2020-02-14,2020-02-26,Not as Described,Opened,316.95,Pending,Store
RET-00005309,ITM-000071368,CUS-004282,2026-07-21,2026-08-01,Changed Mind,Defective,44.7,Pending,Courier
RET-00005310,ITM-000071377,CUS-004846,2023-08-11,2023-08-11,Wrong Item,Resellable,187.9,Processed,Courier
RET-00005311,ITM-000071382,CUS-005545,2023-11-09,2023-11-22,Defective Product,Damaged,9.52,Approved,Store
RET-00005312,ITM-000071396,CUS-001220,2026-05-27,2026-05-29,Changed Mind,Damaged,94.59,Approved,Store
RET-00005313,ITM-000071431,CUS-000872,2024-02-12,2024-02-16,Changed Mind,Defective,66.56,Pending,Courier
RET-00005314,ITM-000071439,CUS-001843,2025-01-31,2025-02-08,Size/Fit,Resellable,325.12,Approved,Courier
RET-00005315,ITM-000071454,CUS-002237,2024-06-21,2024-06-23,Defective Product,Resellable,66.03,Pending,Store
RET-00005316,ITM-000071462,CUS-000902,2026-05-15,2026-05-25,Size/Fit,Opened,46.55,Approved,Store
RET-00005317,ITM-000071463,CUS-006468,2022-02-12,2022-02-13,Defective Product,Damaged,100.98,Approved,Courier
RET-00005318,ITM-000071464,CUS-006468,2022-03-06,2022-03-13,Damaged Delivery,Resellable,47.48,Pending,Store
RET-00005319,ITM-000071470,CUS-009970,2026-03-08,2026-03-13,Changed Mind,Resellable,36.59,Processed,Courier
RET-00005320,ITM-000071481,CUS-009460,2025-09-26,2025-09-30,Size/Fit,Damaged,110.16,Processed,Store
RET-00005321,ITM-000071485,CUS-009662,2022-02-07,2022-02-12,Changed Mind,Defective,261.3,Pending,Courier
RET-00005322,ITM-000071535,CUS-006324,2021-07-28,2021-08-10,,Defective,150.3,Processed,Store
RET-00005323,ITM-000071542,CUS-009644,2024-11-28,2024-12-11,Defective Product,Resellable,40.02,Approved,Courier
RET-00005324,ITM-000071548,CUS-009516,2026-01-04,2026-01-17,Size/Fit,Damaged,29.51,Pending,Store
RET-00005325,ITM-000071556,CUS-001600,2025-04-03,2025-04-05,Not as Described,Resellable,121.63,Processed,Store
RET-00005326,ITM-000071559,CUS-006170,2022-07-18,2022-07-25,Not as Described,Defective,190.4,Approved,Courier
RET-00005327,ITM-000071562,CUS-006170,2022-08-16,2022-08-16,Defective Product,Damaged,93.71,Processed,Courier
RET-00005328,ITM-000071593,CUS-004987,2026-09-13,2026-09-13,Changed Mind,Defective,75.66,Approved,Courier
RET-00005329,ITM-000071602,CUS-009610,2024-11-06,2024-11-08,Not as Described,Damaged,36.37,Approved,Store
RET-00005330,ITM-000071613,CUS-001703,2025-02-12,2025-02-19,Defective Product,Resellable,22.48,Pending,Courier
RET-00005331,ITM-000071622,CUS-004230,2020-10-31,2020-11-01,Changed Mind,Damaged,181.71,Approved,Store
RET-00005332,ITM-000071655,CUS-009263,2024-01-31,2024-02-01,Size/Fit,Defective,57.62,Pending,Courier
RET-00005333,ITM-000071663,CUS-006419,2024-04-25,2024-05-06,Size/Fit,Damaged,75.26,Processed,Courier
RET-00005334,ITM-000071668,CUS-011009,2024-10-03,2024-10-05,Wrong Item,Defective,20.41,Pending,Courier
RET-00005335,ITM-000071675,CUS-009332,2023-08-25,2023-08-27,Changed Mind,Resellable,61.31,Processed,Courier
RET-00005336,ITM-000071683,CUS-006688,2022-07-22,2022-07-26,Not as Described,Damaged,90.44,Pending,Courier
RET-00005337,ITM-000071715,CUS-005019,2025-06-12,2025-06-20,Damaged Delivery,Damaged,14.72,Processed,Store
RET-00005338,ITM-000071722,CUS-011638,2026-01-29,2026-02-04,Defective Product,Defective,38.08,Processed,Store
RET-00005339,ITM-000071732,,2020-12-28,2021-01-09,,Damaged,39.26,Pending,Store
RET-00005340,ITM-000071749,,2023-11-24,2023-12-02,Changed Mind,Defective,120.49,Approved,Store
RET-00005341,ITM-000071755,CUS-000119,2022-08-13,2022-08-25,Size/Fit,Damaged,82.08,Approved,Store
RET-00005342,ITM-000071779,,2021-07-11,2021-07-12,Defective Product,Resellable,105.03,Pending,Store
RET-00005343,ITM-000071783,CUS-007545,2022-10-23,2022-10-26,Defective Product,Damaged,306.7,Pending,Courier
RET-00005344,ITM-000071798,CUS-011925,2021-04-02,2021-04-08,Changed Mind,Resellable,126.42,Pending,Courier
RET-00005345,ITM-000071809,CUS-009003,2022-01-20,2022-01-23,Damaged Delivery,Opened,28.17,Pending,Courier
RET-00005346,ITM-000071863,CUS-003196,2023-11-01,2023-11-11,Changed Mind,Opened,41.72,Pending,Store
RET-00005347,ITM-000071865,CUS-004619,2021-01-17,2021-01-17,Size/Fit,Damaged,182.24,Approved,Courier
RET-00005348,ITM-000071869,CUS-005551,2026-08-10,2026-08-22,Size/Fit,Opened,142.66,Processed,Courier
RET-00005349,ITM-000071871,CUS-006485,2021-10-09,2021-10-19,,Defective,88.16,Processed,Courier
RET-00005350,ITM-000071873,CUS-011640,2020-09-21,2020-09-28,Damaged Delivery,Damaged,26.9,Approved,Store
RET-00005351,ITM-000071879,CUS-006854,2025-06-14,2025-06-27,Size/Fit,Opened,89.39,Processed,Store
RET-00005352,ITM-000071880,CUS-007525,2022-12-01,2022-12-02,Changed Mind,Defective,63.48,Processed,Courier
RET-00005353,ITM-000071888,CUS-004039,2023-11-16,2023-11-16,Changed Mind,Damaged,490.18,Pending,Courier
RET-00005354,ITM-000071891,CUS-002291,2026-08-08,2026-08-16,Defective Product,Damaged,23.06,Pending,Store
RET-00005355,ITM-000071902,CUS-006051,2025-11-14,2025-11-25,Not as Described,Defective,243.81,Pending,Courier
RET-00005356,ITM-000071915,CUS-007560,2024-11-29,2024-12-04,Not as Described,Damaged,25.86,Approved,Store
RET-00005357,ITM-000071944,CUS-006787,2021-02-10,2021-02-16,Not as Described,Resellable,52.94,Approved,Courier
RET-00005358,ITM-000071966,CUS-011376,2026-02-01,2026-02-05,Not as Described,Resellable,350.66,Approved,Store
RET-00005359,ITM-000071970,CUS-005334,2022-10-18,2022-10-31,Changed Mind,Opened,24.25,Pending,Store
RET-00005360,ITM-000071979,CUS-007288,2022-09-13,2022-09-19,Changed Mind,Defective,102.39,Pending,Store
RET-00005361,ITM-000071986,CUS-002103,2021-08-10,2021-08-20,Changed Mind,Damaged,12.93,Pending,Courier
RET-00005362,ITM-000072000,,2024-11-28,2024-12-05,Changed Mind,Defective,109.12,Approved,Store
RET-00005363,ITM-000072018,CUS-003216,2024-04-23,2024-04-30,Defective Product,Damaged,91.26,Pending,Store
RET-00005364,ITM-000072051,CUS-010499,2021-10-04,2021-10-12,Defective Product,Opened,28.82,Pending,Store
RET-00005365,ITM-000072059,CUS-008542,2021-09-25,2021-09-25,,Damaged,41.34,Approved,Courier
RET-00005366,ITM-000072061,CUS-002294,2025-04-19,2025-04-19,Defective Product,Opened,76.48,Approved,Courier
RET-00005367,ITM-000072067,CUS-011150,2026-08-15,2026-08-18,Changed Mind,Resellable,578.88,Pending,Store
RET-00005368,ITM-000072082,CUS-002379,2020-09-14,2020-09-18,Changed Mind,Damaged,11.88,Pending,Courier
RET-00005369,ITM-000072114,CUS-010544,2022-11-13,2022-11-13,Changed Mind,Damaged,40.83,Processed,Courier
RET-00005370,ITM-000072125,,2025-08-28,2025-09-08,Wrong Item,Resellable,72.67,Approved,Courier
RET-00005371,ITM-000072130,CUS-010113,2023-05-13,2023-05-13,Damaged Delivery,Opened,120.2,Processed,Store
RET-00005372,ITM-000072142,CUS-010060,2026-04-08,2026-04-16,Size/Fit,Damaged,38.42,Pending,Courier
RET-00005373,ITM-000072195,CUS-009469,2020-05-20,2020-05-29,Changed Mind,Defective,119.05,Pending,Courier
RET-00005374,ITM-000072201,CUS-008897,2025-11-18,2025-11-30,Defective Product,Defective,396.21,Pending,Store
RET-00005375,ITM-000072204,CUS-000875,2023-12-26,2024-01-01,Changed Mind,Resellable,197.87,Approved,Store
RET-00005376,ITM-000072214,CUS-001385,2024-04-14,2024-04-26,Defective Product,Damaged,101.19,Approved,Store
RET-00005377,ITM-000072244,CUS-009931,2021-10-23,2021-10-31,Defective Product,Damaged,28.59,Pending,Courier
RET-00005378,ITM-000072245,CUS-002477,2024-10-04,2024-10-12,Not as Described,Damaged,75.26,Pending,Courier
RET-00005379,ITM-000072250,CUS-004646,2020-10-09,2020-10-11,Changed Mind,Resellable,13.43,Pending,Store
RET-00005380,ITM-000072263,CUS-000633,2020-05-18,2020-05-19,Damaged Delivery,Resellable,318.5,Pending,Courier
RET-00005381,ITM-000072267,CUS-003124,2023-03-02,2023-03-05,Defective Product,Damaged,44.78,Pending,Store
RET-00005382,ITM-000072276,CUS-000962,2021-04-03,2021-04-06,Damaged Delivery,Resellable,49.8,Processed,Courier
RET-00005383,ITM-000072287,CUS-006250,2025-03-26,2025-04-06,Damaged Delivery,Resellable,134.46,Approved,Courier
RET-00005384,ITM-000072298,CUS-008601,2024-01-13,2024-01-26,Changed Mind,Defective,76.53,Approved,Courier
RET-00005385,ITM-000072301,CUS-002525,2020-06-08,2020-06-14,Wrong Item,Opened,35.41,Processed,Store
RET-00005386,ITM-000072330,CUS-006744,2023-05-29,2023-06-10,Size/Fit,Opened,46.38,Processed,Courier
RET-00005387,ITM-000072350,CUS-004000,2020-11-13,2020-11-25,Changed Mind,Opened,31.39,Pending,Courier
RET-00005388,ITM-000072352,,2023-05-18,2023-05-19,Damaged Delivery,Opened,36.73,Processed,Store
RET-00005389,ITM-000072359,CUS-009536,2024-05-20,2024-05-28,Changed Mind,Defective,46.02,Pending,Store
RET-00005390,ITM-000072387,CUS-001592,2025-05-02,2025-05-08,Other,Defective,17.89,Pending,Store
RET-00005391,ITM-000072394,CUS-009977,2022-02-20,2022-03-04,Wrong Item,Damaged,214.54,Pending,Store
RET-00005392,ITM-000072398,CUS-004794,2022-12-06,2022-12-18,Defective Product,Opened,14.23,Approved,Courier
RET-00005393,ITM-000072400,CUS-005319,2024-01-14,2024-01-19,Not as Described,Defective,20.52,Approved,Courier
RET-00005394,ITM-000072406,CUS-002860,2025-03-29,2025-03-29,Changed Mind,Damaged,226.4,Processed,Store
RET-00005395,ITM-000072415,CUS-000266,2021-05-03,2021-05-04,Damaged Delivery,Resellable,16.73,Pending,Courier
RET-00005396,ITM-000072431,,2023-03-01,2023-03-05,Size/Fit,Defective,159.44,Approved,Courier
RET-00005397,ITM-000072457,CUS-008771,2025-08-03,2025-08-05,Defective Product,Defective,102.32,Processed,Courier
RET-00005398,ITM-000072480,,2020-05-27,2020-06-04,Size/Fit,Opened,39.43,Approved,Courier
RET-00005399,ITM-000072486,CUS-006964,2023-02-07,2023-02-08,Changed Mind,Defective,8.51,Pending,Courier
RET-00005400,ITM-000072497,CUS-005262,2023-08-24,2023-08-29,Not as Described,Damaged,390.02,Processed,Store
RET-00005401,ITM-000072506,CUS-009378,2023-04-24,2023-05-05,Defective Product,Damaged,82.0,Processed,Store
RET-00005402,ITM-000072512,CUS-003144,2020-05-30,2020-06-08,Not as Described,Damaged,500.91,Pending,Store
RET-00005403,ITM-000072515,CUS-001862,2023-05-21,2023-05-22,Size/Fit,Opened,82.08,Approved,Courier
RET-00005404,ITM-000072553,CUS-000830,2026-03-10,2026-03-10,Size/Fit,Defective,95.14,Pending,Store
RET-00005405,ITM-000072568,CUS-002085,2026-07-07,2026-07-08,Not as Described,Opened,46.78,Pending,Courier
RET-00005406,ITM-000072572,CUS-009363,2022-10-07,2022-10-16,Size/Fit,Defective,187.88,Approved,Store
RET-00005407,ITM-000072574,CUS-009363,2022-10-06,2022-10-16,Size/Fit,Opened,220.04,Pending,Courier
RET-00005408,ITM-000072575,CUS-005749,2025-06-27,2025-07-03,Changed Mind,Defective,52.23,Processed,Courier
RET-00005409,ITM-000072588,,2024-02-15,2024-02-27,Changed Mind,Resellable,56.92,Processed,Store
RET-00005410,ITM-000072595,CUS-006520,2020-10-05,2020-10-05,Wrong Item,Damaged,98.33,Processed,Courier
RET-00005411,ITM-000072602,,2022-11-04,2022-11-07,Size/Fit,Defective,47.21,Pending,Courier
RET-00005412,ITM-000072604,CUS-005678,2022-10-30,2022-11-04,Changed Mind,Opened,80.37,Pending,Courier
RET-00005413,ITM-000072606,CUS-011122,2023-01-11,2023-01-17,Damaged Delivery,Resellable,165.4,Processed,Store
RET-00005414,ITM-000072622,CUS-010456,2025-03-06,2025-03-18,Changed Mind,Defective,145.67,Pending,Courier
RET-00005415,ITM-000072632,CUS-001096,2023-09-04,2023-09-17,Damaged Delivery,Resellable,11.03,Pending,Courier
RET-00005416,ITM-000072650,CUS-010634,2026-06-22,2026-07-01,Damaged Delivery,Damaged,62.04,Processed,Courier
RET-00005417,ITM-000072683,CUS-011354,2021-05-04,2021-05-10,Not as Described,Damaged,182.24,Processed,Store
RET-00005418,ITM-000072684,CUS-011354,2021-05-01,2021-05-04,,Resellable,73.0,Pending,Courier
RET-00005419,ITM-000072691,CUS-000106,2023-04-22,2023-04-30,Defective Product,Opened,23.98,Pending,Courier
RET-00005420,ITM-000072696,CUS-008169,2020-04-22,2020-04-26,,Damaged,147.24,Processed,Store
RET-00005421,ITM-000072697,CUS-008169,2020-05-14,2020-05-25,Changed Mind,Resellable,40.0,Processed,Courier
RET-00005422,ITM-000072743,CUS-002097,2021-12-24,2022-01-01,Damaged Delivery,Opened,28.59,Approved,Courier
RET-00005423,ITM-000072748,CUS-001610,2021-06-03,2021-06-14,,Resellable,102.44,Pending,Store
RET-00005424,ITM-000072753,CUS-004070,2020-05-15,2020-05-17,,Damaged,36.69,Pending,Courier
RET-00005425,ITM-000072758,CUS-011150,2025-12-17,2025-12-26,Changed Mind,Resellable,14.09,Pending,Store
RET-00005426,ITM-000072769,CUS-011173,2020-07-24,2020-07-30,Changed Mind,Defective,38.45,Processed,Courier
RET-00005427,ITM-000072774,CUS-002932,2020-06-10,2020-06-13,Changed Mind,Defective,26.86,Pending,Courier
RET-00005428,ITM-000072776,CUS-006871,2023-04-08,2023-04-09,Damaged Delivery,Opened,79.57,Approved,Courier
RET-00005429,ITM-000072790,,2026-08-22,2026-08-31,Not as Described,Resellable,83.48,Approved,Courier
RET-00005430,ITM-000072795,,2026-03-15,2026-03-26,Size/Fit,Defective,102.32,Pending,Courier
RET-00005431,ITM-000072803,CUS-001833,2023-07-09,2023-07-15,Not as Described,Damaged,95.08,Processed,Courier
RET-00005432,ITM-000072809,CUS-000825,2026-06-26,2026-07-08,Changed Mind,Damaged,113.51,Approved,Courier
RET-00005433,ITM-000072810,CUS-000825,2026-07-01,2026-07-14,Changed Mind,Opened,25.09,Processed,Store
RET-00005434,ITM-000072820,CUS-009441,2022-11-19,2022-11-28,Changed Mind,Opened,109.81,Pending,Courier
RET-00005435,ITM-000072821,CUS-002454,2022-05-08,2022-05-12,Wrong Item,Defective,648.22,Pending,Courier
RET-00005436,ITM-000072837,CUS-003972,2024-09-14,2024-09-21,Changed Mind,Defective,35.1,Processed,Store
RET-00005437,ITM-000072855,CUS-002849,2025-07-24,2025-08-01,Size/Fit,Damaged,52.46,Pending,Courier
RET-00005438,ITM-000072858,CUS-003840,2025-10-12,2025-10-16,Size/Fit,Opened,48.7,Processed,Store
RET-00005439,ITM-000072861,CUS-001253,2026-03-22,2026-04-03,Not as Described,Defective,79.49,Approved,Store
RET-00005440,ITM-000072881,CUS-002227,2021-08-31,2021-09-11,Changed Mind,Damaged,221.78,Approved,Store
RET-00005441,ITM-000072889,CUS-001254,2020-07-27,2020-08-07,,Damaged,78.37,Approved,Courier
RET-00005442,ITM-000072894,CUS-001559,2023-06-04,2023-06-13,Not as Described,Defective,52.59,Processed,Store
RET-00005443,ITM-000072903,CUS-005944,2026-02-04,2026-02-16,Defective Product,Opened,42.6,Pending,Store
RET-00005444,ITM-000072956,,2020-08-26,2020-09-06,Size/Fit,Defective,110.16,Processed,Courier
RET-00005445,ITM-000072974,CUS-004680,2025-06-09,2025-06-19,Changed Mind,Resellable,271.14,Approved,Courier
RET-00005446,ITM-000072980,CUS-004217,2020-10-05,2020-10-06,Not as Described,Opened,62.8,Processed,Store
RET-00005447,ITM-000072985,CUS-009647,2025-02-21,2025-03-01,Size/Fit,Defective,69.93,Approved,Courier
RET-00005448,ITM-000072993,CUS-008533,2021-12-12,2021-12-18,Wrong Item,Resellable,41.0,Pending,Store
RET-00005449,ITM-000072999,CUS-008379,2025-05-17,2025-05-30,Damaged Delivery,Resellable,60.52,Approved,Store
RET-00005450,ITM-000073003,CUS-011383,2023-10-12,2023-10-16,Changed Mind,Damaged,64.4,Pending,Store
RET-00005451,ITM-000073017,CUS-006716,2023-05-26,2023-06-06,Changed Mind,Resellable,120.49,Approved,Courier
RET-00005452,ITM-000073018,CUS-005034,2021-12-18,2021-12-22,,Damaged,800.26,Processed,Courier
RET-00005453,ITM-000073038,,2020-02-29,2020-03-07,,Opened,280.86,Approved,Store
RET-00005454,ITM-000073054,CUS-010549,2021-05-15,2021-05-17,Defective Product,Resellable,151.9,Approved,Courier
RET-00005455,ITM-000073055,CUS-010549,2021-06-18,2021-07-01,Damaged Delivery,Opened,335.97,Approved,Courier
RET-00005456,ITM-000073062,CUS-010819,2022-04-10,2022-04-12,Defective Product,Opened,294.77,Processed,Courier
RET-00005457,ITM-000073076,CUS-007539,2024-10-09,2024-10-15,Not as Described,Damaged,59.29,Processed,Courier
RET-00005458,ITM-000073105,CUS-008471,2024-02-07,2024-02-07,Changed Mind,Damaged,39.62,Approved,Courier
RET-00005459,ITM-000073142,CUS-002755,2025-05-20,2025-05-23,Size/Fit,Opened,66.18,Approved,Courier
RET-00005460,ITM-000073149,CUS-011667,2022-04-08,2022-04-18,Size/Fit,Defective,840.84,Pending,Store
RET-00005461,ITM-000073188,CUS-007086,2020-02-24,2020-02-28,Not as Described,Opened,26.2,Processed,Store
RET-00005462,ITM-000073203,CUS-002993,2023-01-07,2023-01-13,Damaged Delivery,Opened,16.45,Approved,Courier
RET-00005463,ITM-000073211,CUS-003116,2024-09-06,2024-09-16,Changed Mind,Damaged,100.37,Processed,Courier
RET-00005464,ITM-000073241,,2024-08-23,2024-08-31,Changed Mind,Resellable,186.37,Pending,Store
RET-00005465,ITM-000073255,CUS-007618,2021-02-05,2021-02-09,Defective Product,Resellable,21.8,Pending,Courier
RET-00005466,ITM-000073259,CUS-002788,2022-05-27,2022-05-28,Wrong Item,Defective,83.26,Approved,Store
RET-00005467,ITM-000073266,CUS-011469,2021-12-28,2022-01-09,Wrong Item,Defective,177.03,Pending,Store
RET-00005468,ITM-000073301,CUS-004419,2023-10-10,2023-10-19,Not as Described,Resellable,63.4,Approved,Courier
RET-00005469,ITM-000073308,CUS-001826,2022-10-06,2022-10-14,Size/Fit,Resellable,396.7,Processed,Store
RET-00005470,ITM-000073315,CUS-006976,2023-12-14,2023-12-21,Defective Product,Opened,82.7,Pending,Courier
RET-00005471,ITM-000073321,CUS-008958,2025-07-13,2025-07-21,Not as Described,Damaged,232.95,Approved,Courier
RET-00005472,ITM-000073340,,2024-09-01,2024-09-05,Not as Described,Opened,148.87,Pending,Courier
RET-00005473,ITM-000073347,CUS-008249,2023-06-27,2023-07-03,Changed Mind,Defective,462.74,Pending,Courier
RET-00005474,ITM-000073354,CUS-008909,2022-05-10,2022-05-21,Defective Product,Resellable,57.21,Pending,Courier
RET-00005475,ITM-000073361,CUS-002359,2021-06-07,2021-06-11,Not as Described,Opened,20.91,Processed,Courier
RET-00005476,ITM-000073377,CUS-007506,2024-03-30,2024-04-11,Size/Fit,Defective,296.39,Approved,Courier
RET-00005477,ITM-000073383,CUS-006292,2023-10-18,2023-10-31,Size/Fit,Damaged,26.14,Pending,Courier
RET-00005478,ITM-000073384,CUS-009695,2024-11-17,2024-11-27,Changed Mind,Opened,26.28,Pending,Courier
RET-00005479,ITM-000073386,CUS-005888,2026-04-30,2026-05-01,Size/Fit,Defective,461.48,Pending,Store
RET-00005480,ITM-000073392,CUS-010770,2021-08-10,2021-08-23,Changed Mind,Resellable,59.64,Pending,Store
RET-00005481,ITM-000073397,CUS-006720,2020-04-20,2020-04-27,Defective Product,Defective,75.71,Processed,Store
RET-00005482,ITM-000073401,CUS-010840,2021-10-03,2021-10-03,Not as Described,Resellable,33.26,Processed,Store
RET-00005483,ITM-000073417,CUS-001981,2025-05-02,2025-05-11,Changed Mind,Damaged,160.66,Approved,Courier
RET-00005484,ITM-000073431,CUS-000335,2026-04-25,2026-05-03,Defective Product,Opened,91.6,Approved,Courier
RET-00005485,ITM-000073440,CUS-005201,2021-12-13,2021-12-16,Defective Product,Resellable,15.62,Approved,Courier
RET-00005486,ITM-000073451,CUS-010395,2024-09-22,2024-09-26,Size/Fit,Resellable,375.23,Pending,Store
RET-00005487,ITM-000073465,CUS-010153,2024-01-06,2024-01-06,Changed Mind,Damaged,56.52,Pending,Store
RET-00005488,ITM-000073500,CUS-004762,2026-05-08,2026-05-16,,Resellable,69.86,Approved,Store
RET-00005489,ITM-000073503,CUS-000069,2021-11-14,2021-11-14,Changed Mind,Damaged,70.86,Approved,Store
RET-00005490,ITM-000073519,CUS-010724,2021-04-18,2021-04-28,,Damaged,20.5,Pending,Store
RET-00005491,ITM-000073535,CUS-006813,2020-08-13,2020-08-16,Changed Mind,Resellable,260.4,Approved,Store
RET-00005492,ITM-000073591,CUS-003523,2024-01-20,2024-01-26,Size/Fit,Opened,47.43,Pending,Courier
RET-00005493,ITM-000073618,CUS-001245,2026-02-20,2026-02-20,Changed Mind,Defective,60.37,Processed,Store
RET-00005494,ITM-000073649,,2024-09-18,2024-09-25,Other,Defective,204.76,Processed,Courier
RET-00005495,ITM-000073650,CUS-000099,2022-10-09,2022-10-19,Not as Described,Damaged,14.98,Approved,Courier
RET-00005496,ITM-000073658,CUS-001830,2021-06-29,2021-07-12,Changed Mind,Damaged,100.2,Approved,Courier
RET-00005497,ITM-000073664,CUS-008281,2021-08-30,2021-09-07,Size/Fit,Opened,221.78,Processed,Store
RET-00005498,ITM-000073669,CUS-004880,2026-04-02,2026-04-03,Not as Described,Defective,191.13,Pending,Store
RET-00005499,ITM-000073671,CUS-008345,2020-09-25,2020-09-29,,Opened,211.32,Approved,Store
RET-00005500,ITM-000073692,CUS-008960,2024-04-12,2024-04-15,Changed Mind,Opened,32.65,Approved,Store
RET-00005501,ITM-000073698,CUS-009375,2023-07-30,2023-08-03,Changed Mind,Damaged,43.47,Processed,Courier
RET-00005502,ITM-000073731,CUS-009615,2022-02-12,2022-02-14,Changed Mind,Damaged,141.92,Processed,Courier
RET-00005503,ITM-000073751,CUS-008238,2021-10-17,2021-10-24,Not as Described,Defective,104.64,Approved,Store
RET-00005504,ITM-000073756,CUS-002138,2020-12-10,2020-12-18,,Damaged,48.69,Approved,Store
RET-00005505,ITM-000073767,CUS-000113,2022-08-22,2022-08-26,Size/Fit,Damaged,533.16,Approved,Store
RET-00005506,ITM-000073770,CUS-007685,2022-04-18,2022-04-28,Size/Fit,Defective,208.28,Pending,Courier
RET-00005507,ITM-000073773,CUS-009193,2023-07-28,2023-08-07,Changed Mind,Defective,60.48,Processed,Store
RET-00005508,ITM-000073776,CUS-008025,2024-07-16,2024-07-25,Size/Fit,Defective,32.27,Pending,Store
RET-00005509,ITM-000073796,CUS-011193,2026-03-31,2026-04-03,Defective Product,Resellable,63.0,Processed,Store
RET-00005510,ITM-000073800,CUS-001634,2022-03-09,2022-03-20,Changed Mind,Resellable,56.52,Approved,Courier
RET-00005511,ITM-000073817,CUS-007597,2022-03-25,2022-04-03,Defective Product,Damaged,51.03,Processed,Store
RET-00005512,ITM-000073841,CUS-010437,2023-11-27,2023-11-30,Size/Fit,Defective,83.58,Approved,Courier
RET-00005513,ITM-000073845,CUS-003634,2023-03-04,2023-03-11,Defective Product,Opened,23.06,Processed,Courier
RET-00005514,ITM-000073847,CUS-009998,2025-03-06,2025-03-10,Defective Product,Opened,151.57,Processed,Courier
RET-00005515,ITM-000073856,CUS-010081,2026-04-01,2026-04-07,Damaged Delivery,Defective,14.09,Approved,Courier
RET-00005516,ITM-000073858,CUS-007303,2020-05-01,2020-05-01,Damaged Delivery,Defective,54.15,Processed,Courier
RET-00005517,ITM-000073859,CUS-007303,2020-04-12,2020-04-13,Not as Described,Defective,86.36,Approved,Store
RET-00005518,ITM-000073863,CUS-001813,2025-03-22,2025-03-30,Damaged Delivery,Opened,30.8,Approved,Store
RET-00005519,ITM-000073873,CUS-006006,2025-10-28,2025-11-04,Damaged Delivery,Resellable,104.19,Approved,Store
RET-00005520,ITM-000073876,CUS-011704,2022-06-01,2022-06-08,Size/Fit,Opened,23.6,Approved,Courier
RET-00005521,ITM-000073880,CUS-002292,2022-03-03,2022-03-13,Changed Mind,Resellable,37.34,Approved,Courier
RET-00005522,ITM-000073885,CUS-001612,2026-06-29,2026-07-02,Changed Mind,Defective,43.8,Approved,Store
RET-00005523,ITM-000073901,CUS-003412,2024-06-20,2024-07-03,Changed Mind,Damaged,100.78,Processed,Courier
RET-00005524,ITM-000073931,CUS-011184,2023-11-08,2023-11-12,Other,Defective,410.92,Processed,Courier
RET-00005525,ITM-000073935,CUS-004337,2025-05-04,2025-05-17,Changed Mind,Resellable,273.58,Pending,Courier
RET-00005526,ITM-000073938,CUS-011529,2021-09-21,2021-09-29,,Damaged,79.33,Approved,Courier
RET-00005527,ITM-000073940,CUS-008895,2026-06-01,2026-06-08,,Damaged,94.27,Processed,Store
RET-00005528,ITM-000073958,CUS-009236,2022-05-30,2022-06-04,Damaged Delivery,Opened,77.7,Pending,Store
RET-00005529,ITM-000073990,CUS-009850,2021-02-19,2021-02-20,Defective Product,Opened,33.03,Approved,Store
RET-00005530,ITM-000073999,CUS-000987,2021-05-19,2021-06-01,Not as Described,Damaged,55.41,Pending,Courier
RET-00005531,ITM-000074010,CUS-005906,2020-05-17,2020-05-21,Defective Product,Defective,40.52,Pending,Courier
RET-00005532,ITM-000074020,CUS-008801,2022-03-17,2022-03-22,Changed Mind,Damaged,894.81,Processed,Courier
RET-00005533,ITM-000074043,CUS-006889,2020-11-23,2020-11-30,Changed Mind,Damaged,120.11,Pending,Courier
RET-00005534,ITM-000074062,CUS-010458,2023-03-31,2023-04-04,Changed Mind,Damaged,40.62,Approved,Courier
RET-00005535,ITM-000074069,CUS-004876,2022-04-04,2022-04-10,Changed Mind,Opened,68.31,Approved,Courier
RET-00005536,ITM-000074089,CUS-007208,2022-09-19,2022-09-19,Damaged Delivery,Damaged,97.59,Pending,Store
RET-00005537,ITM-000074109,CUS-004095,2024-08-19,2024-08-31,Changed Mind,Damaged,22.57,Pending,Store
RET-00005538,ITM-000074128,,2024-03-06,2024-03-11,Damaged Delivery,Damaged,26.98,Processed,Store
RET-00005539,ITM-000074129,CUS-004742,2026-08-02,2026-08-09,Not as Described,Opened,79.49,Approved,Courier
RET-00005540,ITM-000074140,CUS-005523,2026-05-24,2026-05-26,Wrong Item,Resellable,56.01,Approved,Courier
RET-00005541,ITM-000074175,CUS-010898,2025-03-13,2025-03-13,Size/Fit,Damaged,75.26,Processed,Store
RET-00005542,ITM-000074186,CUS-002696,2025-05-08,2025-05-13,Not as Described,Damaged,34.72,Approved,Store
RET-00005543,ITM-000074188,CUS-001459,2025-01-14,2025-01-14,Changed Mind,Defective,13.71,Pending,Courier
RET-00005544,ITM-000074191,CUS-008320,2025-12-13,2025-12-20,Not as Described,Damaged,181.71,Pending,Store
RET-00005545,ITM-000074211,CUS-002438,2022-08-20,2022-08-31,Changed Mind,Defective,60.48,Approved,Courier
RET-00005546,ITM-000074228,CUS-009410,2024-01-30,2024-02-12,Changed Mind,Resellable,39.12,Approved,Courier
RET-00005547,ITM-000074252,CUS-008040,2021-02-24,2021-02-26,Defective Product,Resellable,87.59,Processed,Store
RET-00005548,ITM-000074269,CUS-009228,2023-12-17,2023-12-30,Defective Product,Opened,821.6,Processed,Courier
RET-00005549,ITM-000074276,CUS-005445,2022-09-23,2022-10-01,Defective Product,Defective,73.62,Processed,Courier
RET-00005550,ITM-000074284,CUS-008623,2020-03-29,2020-04-08,,Resellable,67.68,Pending,Courier
RET-00005551,ITM-000074286,CUS-004040,2025-01-23,2025-01-23,Changed Mind,Opened,147.6,Approved,Courier
RET-00005552,ITM-000074310,CUS-003942,2022-01-13,2022-01-23,Defective Product,Resellable,262.81,Processed,Courier
RET-00005553,ITM-000074316,CUS-003694,2022-07-07,2022-07-12,Defective Product,Defective,26.32,Approved,Courier
RET-00005554,ITM-000074331,CUS-002736,2025-01-03,2025-01-16,Wrong Item,Defective,95.68,Approved,Courier
RET-00005555,ITM-000074348,CUS-007349,2022-09-16,2022-09-18,Defective Product,Resellable,360.06,Pending,Courier
RET-00005556,ITM-000074355,CUS-002639,2024-07-07,2024-07-15,Wrong Item,Resellable,41.59,Approved,Store
RET-00005557,ITM-000074374,CUS-004257,2024-01-26,2024-02-02,Defective Product,Damaged,45.9,Approved,Store
RET-00005558,ITM-000074386,CUS-010410,2024-12-18,2024-12-24,Defective Product,Defective,60.42,Pending,Courier
RET-00005559,ITM-000074391,CUS-002178,2021-07-31,2021-08-11,Defective Product,Defective,67.52,Pending,Courier
RET-00005560,ITM-000074395,CUS-003720,2023-06-17,2023-06-27,Not as Described,Damaged,11.89,Processed,Store
RET-00005561,ITM-000074420,CUS-002354,2021-02-17,2021-02-23,Not as Described,Damaged,464.06,Approved,Courier
RET-00005562,ITM-000074431,CUS-000405,2023-11-12,2023-11-15,,Opened,61.17,Pending,Store
RET-00005563,ITM-000074433,CUS-000405,2023-11-20,2023-12-03,Other,Opened,36.41,Processed,Courier
RET-00005564,ITM-000074471,CUS-008028,2023-07-19,2023-07-24,Wrong Item,Defective,48.27,Processed,Store
RET-00005565,ITM-000074475,CUS-009200,2020-07-28,2020-08-03,Changed Mind,Damaged,43.81,Pending,Courier
RET-00005566,ITM-000074481,CUS-004683,2020-02-19,2020-03-01,Damaged Delivery,Defective,50.56,Approved,Store
RET-00005567,ITM-000074490,CUS-007611,2022-10-15,2022-10-19,Changed Mind,Resellable,94.58,Processed,Courier
RET-00005568,ITM-000074500,CUS-006036,2020-11-06,2020-11-10,Defective Product,Opened,82.81,Approved,Courier
RET-00005569,ITM-000074524,CUS-003917,2021-04-25,2021-05-02,Damaged Delivery,Damaged,41.3,Approved,Store
RET-00005570,ITM-000074531,CUS-005941,2024-05-04,2024-05-17,Not as Described,Defective,105.65,Processed,Store
RET-00005571,ITM-000074544,CUS-001477,2025-02-28,2025-03-06,Not as Described,Opened,67.7,Pending,Store
RET-00005572,ITM-000074545,CUS-001477,2025-03-16,2025-03-27,Damaged Delivery,Resellable,29.7,Processed,Store
RET-00005573,ITM-000074560,CUS-005020,2024-03-21,2024-03-23,Not as Described,Opened,17.28,Pending,Courier
RET-00005574,ITM-000074563,CUS-003888,2024-05-05,2024-05-16,,Damaged,59.29,Pending,Store
RET-00005575,ITM-000074592,CUS-011555,2021-07-09,2021-07-20,Wrong Item,Resellable,29.89,Pending,Courier
RET-00005576,ITM-000074594,CUS-008545,2026-05-17,2026-05-24,Changed Mind,Defective,25.84,Processed,Courier
RET-00005577,ITM-000074599,CUS-008342,2024-09-07,2024-09-20,Defective Product,Opened,7.29,Processed,Courier
RET-00005578,ITM-000074630,CUS-002366,2022-03-20,2022-03-27,Changed Mind,Opened,40.42,Pending,Store
RET-00005579,ITM-000074632,CUS-003976,2021-09-11,2021-09-20,Changed Mind,Resellable,100.23,Approved,Courier
RET-00005580,ITM-000074642,CUS-009073,2022-05-19,2022-05-21,Changed Mind,Damaged,91.12,Processed,Store
RET-00005581,ITM-000074649,CUS-006448,2025-03-18,2025-03-29,Changed Mind,Opened,167.49,Pending,Courier
RET-00005582,ITM-000074690,CUS-006621,2025-12-03,2025-12-14,Size/Fit,Resellable,12.93,Pending,Store
RET-00005583,ITM-000074702,CUS-001839,2020-03-15,2020-03-20,Changed Mind,Resellable,53.77,Approved,Store
RET-00005584,ITM-000074732,CUS-002887,2021-08-17,2021-08-22,Size/Fit,Damaged,79.65,Processed,Store
RET-00005585,ITM-000074736,CUS-002123,2021-05-06,2021-05-19,,Defective,22.28,Processed,Courier
RET-00005586,ITM-000074746,CUS-009357,2023-05-19,2023-05-25,Wrong Item,Opened,182.2,Pending,Store
RET-00005587,ITM-000074756,CUS-008389,2021-07-02,2021-07-02,Changed Mind,Opened,27.08,Processed,Courier
RET-00005588,ITM-000074772,CUS-004349,2021-04-06,2021-04-17,,Opened,117.44,Approved,Store
RET-00005589,ITM-000074774,CUS-008603,2024-09-22,2024-10-04,Size/Fit,Opened,85.64,Processed,Store
RET-00005590,ITM-000074791,CUS-002570,2023-01-19,2023-01-23,Changed Mind,Defective,34.31,Processed,Store
RET-00005591,ITM-000074837,CUS-003472,2021-01-30,2021-02-10,Size/Fit,Resellable,31.14,Pending,Courier
RET-00005592,ITM-000074881,CUS-005514,2024-06-24,2024-06-24,Size/Fit,Resellable,105.65,Pending,Store
RET-00005593,ITM-000074886,CUS-002975,2025-08-16,2025-08-23,Defective Product,Defective,365.25,Pending,Courier
RET-00005594,ITM-000074910,CUS-003583,2021-09-09,2021-09-13,Size/Fit,Defective,22.73,Pending,Courier
RET-00005595,ITM-000074915,CUS-004387,2024-10-11,2024-10-24,Changed Mind,Resellable,83.92,Approved,Store
RET-00005596,ITM-000074922,CUS-002162,2026-01-15,2026-01-22,Changed Mind,Damaged,187.11,Approved,Courier
RET-00005597,ITM-000074927,CUS-011047,2026-02-05,2026-02-18,,Defective,208.41,Pending,Store
RET-00005598,ITM-000074929,CUS-011047,2026-02-09,2026-02-22,Size/Fit,Opened,58.62,Processed,Store
RET-00005599,ITM-000074931,CUS-006778,2025-01-14,2025-01-15,Changed Mind,Resellable,39.78,Approved,Store
RET-00005600,ITM-000074959,CUS-004575,2022-08-21,2022-09-01,Changed Mind,Damaged,55.41,Approved,Courier
RET-00005601,ITM-000074964,CUS-008016,2026-08-03,2026-08-07,Defective Product,Defective,42.1,Approved,Store
RET-00005602,ITM-000074968,CUS-000447,2022-04-30,2022-05-06,Size/Fit,Resellable,119.28,Pending,Courier
RET-00005603,ITM-000074981,CUS-003442,2022-11-16,2022-11-19,Defective Product,Opened,138.85,Approved,Store
RET-00005604,ITM-000074982,CUS-003442,2022-11-16,2022-11-27,Size/Fit,Defective,75.66,Approved,Store
RET-00005605,ITM-000075013,CUS-008958,2026-06-28,2026-07-05,Defective Product,Opened,26.12,Pending,Courier
RET-00005606,ITM-000075023,CUS-004921,2026-04-19,2026-04-28,Changed Mind,Opened,410.8,Approved,Courier
RET-00005607,ITM-000075027,CUS-001793,2022-03-28,2022-04-08,Size/Fit,Defective,89.15,Approved,Courier
RET-00005608,ITM-000075040,CUS-008374,2025-08-09,2025-08-11,Wrong Item,Damaged,51.16,Processed,Courier
RET-00005609,ITM-000075044,CUS-002518,2022-07-16,2022-07-28,Changed Mind,Resellable,82.08,Approved,Courier
RET-00005610,ITM-000075052,CUS-005561,2024-06-11,2024-06-23,Size/Fit,Resellable,30.43,Processed,Store
RET-00005611,ITM-000075071,CUS-007672,2025-04-22,2025-04-23,Defective Product,Opened,51.29,Approved,Courier
RET-00005612,ITM-000075093,CUS-010052,2022-12-24,2022-12-26,Defective Product,Resellable,28.04,Pending,Store
RET-00005613,ITM-000075095,CUS-010144,2021-01-10,2021-01-15,Size/Fit,Damaged,49.35,Approved,Store
RET-00005614,ITM-000075113,CUS-009106,2020-07-23,2020-08-05,Changed Mind,Resellable,12.93,Pending,Courier
RET-00005615,ITM-000075117,CUS-003557,2025-06-21,2025-06-28,Wrong Item,Opened,416.47,Approved,Store
RET-00005616,ITM-000075121,CUS-001871,2023-01-16,2023-01-22,Defective Product,Opened,41.24,Pending,Store
RET-00005617,ITM-000075126,CUS-006213,2024-05-15,2024-05-16,Not as Described,Resellable,26.01,Approved,Courier
RET-00005618,ITM-000075127,CUS-009337,2020-03-16,2020-03-27,Size/Fit,Defective,108.26,Processed,Courier
RET-00005619,ITM-000075129,CUS-009337,2020-03-19,2020-03-27,,Resellable,142.25,Processed,Courier
RET-00005620,ITM-000075137,CUS-010170,2022-02-06,2022-02-06,Defective Product,Defective,57.21,Pending,Store
RET-00005621,ITM-000075153,CUS-004365,2023-06-12,2023-06-17,Size/Fit,Resellable,261.15,Pending,Courier
RET-00005622,ITM-000075164,CUS-006070,2026-08-18,2026-08-26,Damaged Delivery,Resellable,344.06,Pending,Courier
RET-00005623,ITM-000075170,CUS-010409,2024-08-30,2024-09-11,Changed Mind,Resellable,32.73,Processed,Courier
RET-00005624,ITM-000075203,CUS-009001,2024-11-25,2024-12-07,Damaged Delivery,Resellable,114.01,Processed,Store
RET-00005625,ITM-000075218,CUS-000732,2021-05-15,2021-05-17,Wrong Item,Resellable,65.3,Approved,Courier
RET-00005626,ITM-000075227,CUS-001629,2021-06-06,2021-06-18,Not as Described,Resellable,22.57,Pending,Courier
RET-00005627,ITM-000075235,CUS-002870,2021-09-29,2021-10-02,,Defective,51.89,Approved,Courier
RET-00005628,ITM-000075240,CUS-009871,2020-06-22,2020-07-05,Changed Mind,Defective,66.73,Approved,Courier
RET-00005629,ITM-000075247,CUS-011728,2020-10-13,2020-10-26,Changed Mind,Damaged,21.56,Pending,Courier
RET-00005630,ITM-000075255,CUS-001223,2024-07-08,2024-07-10,Damaged Delivery,Defective,11.97,Approved,Courier
RET-00005631,ITM-000075259,CUS-010585,2021-08-20,2021-08-20,Changed Mind,Defective,26.1,Pending,Store
RET-00005632,ITM-000075267,CUS-007439,2021-04-24,2021-05-06,Defective Product,Defective,33.23,Pending,Courier
RET-00005633,ITM-000075274,CUS-009183,2025-11-30,2025-12-13,Not as Described,Damaged,34.2,Processed,Store
RET-00005634,ITM-000075276,CUS-000262,2020-10-16,2020-10-23,Wrong Item,Damaged,90.17,Approved,Courier
RET-00005635,ITM-000075292,CUS-009131,2020-10-08,2020-10-10,Changed Mind,Opened,219.94,Pending,Courier
RET-00005636,ITM-000075302,CUS-001054,2025-11-22,2025-11-23,Size/Fit,Resellable,170.43,Approved,Courier
RET-00005637,ITM-000075331,CUS-008596,2026-05-27,2026-05-27,Defective Product,Opened,105.38,Pending,Store
RET-00005638,ITM-000075340,CUS-004107,2020-11-05,2020-11-12,,Defective,105.12,Processed,Store
RET-00005639,ITM-000075343,CUS-000370,2021-11-12,2021-11-15,Damaged Delivery,Damaged,84.51,Processed,Courier
RET-00005640,ITM-000075355,CUS-000044,2023-09-22,2023-09-30,Other,Damaged,57.79,Pending,Courier
RET-00005641,ITM-000075383,CUS-011641,2024-08-24,2024-08-24,Not as Described,Damaged,164.5,Processed,Store
RET-00005642,ITM-000075413,CUS-002717,2022-06-29,2022-07-08,Defective Product,Damaged,132.2,Processed,Courier
RET-00005643,ITM-000075432,CUS-007537,2023-08-11,2023-08-21,Changed Mind,Defective,80.75,Pending,Courier
RET-00005644,ITM-000075434,CUS-007537,2023-08-27,2023-09-05,Changed Mind,Resellable,66.58,Approved,Courier
RET-00005645,ITM-000075439,CUS-004358,2026-08-24,2026-08-31,Defective Product,Resellable,133.04,Pending,Courier
RET-00005646,ITM-000075440,CUS-004358,2026-08-19,2026-08-21,Changed Mind,Defective,27.36,Pending,Courier
RET-00005647,ITM-000075444,CUS-007519,2021-03-23,2021-03-23,Size/Fit,Damaged,46.82,Processed,Store
RET-00005648,ITM-000075449,CUS-008694,2024-05-27,2024-06-01,Defective Product,Damaged,133.47,Processed,Courier
RET-00005649,ITM-000075454,CUS-003026,2025-10-25,2025-11-02,Not as Described,Damaged,114.25,Pending,Courier
RET-00005650,ITM-000075460,CUS-005488,2020-05-29,2020-06-03,Changed Mind,Defective,60.5,Processed,Courier
RET-00005651,ITM-000075500,CUS-006127,2026-01-25,2026-01-28,Damaged Delivery,Opened,139.63,Approved,Courier
RET-00005652,ITM-000075517,CUS-009732,2020-05-07,2020-05-12,Size/Fit,Resellable,86.96,Approved,Courier
RET-00005653,ITM-000075540,CUS-001156,2024-02-27,2024-03-11,Wrong Item,Opened,91.79,Pending,Store
RET-00005654,ITM-000075546,CUS-006365,2023-09-07,2023-09-20,,Opened,30.11,Pending,Courier
RET-00005655,ITM-000075560,CUS-007691,2021-03-09,2021-03-14,Size/Fit,Opened,119.96,Approved,Courier
RET-00005656,ITM-000075580,CUS-008549,2023-05-07,2023-05-19,Changed Mind,Damaged,60.6,Pending,Courier
RET-00005657,ITM-000075593,CUS-006635,2024-12-02,2024-12-11,Changed Mind,Damaged,29.64,Pending,Store
RET-00005658,ITM-000075600,CUS-002031,2022-08-23,2022-08-24,Changed Mind,Opened,1137.15,Approved,Courier
RET-00005659,ITM-000075618,CUS-010610,2021-12-04,2021-12-04,Defective Product,Defective,109.55,Approved,Courier
RET-00005660,ITM-000075628,CUS-007185,2020-03-02,2020-03-15,,Defective,83.69,Processed,Courier
RET-00005661,ITM-000075640,CUS-000157,2025-04-11,2025-04-13,Changed Mind,Defective,41.72,Pending,Courier
RET-00005662,ITM-000075668,CUS-002689,2021-06-15,2021-06-16,Changed Mind,Defective,41.0,Processed,Courier
RET-00005663,ITM-000075704,CUS-001054,2021-10-19,2021-11-01,Defective Product,Opened,25.72,Approved,Courier
RET-00005664,ITM-000075748,CUS-000740,2025-04-08,2025-04-19,Defective Product,Damaged,163.55,Approved,Courier
RET-00005665,ITM-000075756,CUS-003315,2020-11-28,2020-12-09,Size/Fit,Resellable,25.57,Processed,Store
RET-00005666,ITM-000075760,CUS-003706,2023-09-06,2023-09-18,Damaged Delivery,Damaged,70.6,Approved,Courier
RET-00005667,ITM-000075764,CUS-009097,2025-05-29,2025-06-09,Changed Mind,Defective,241.99,Processed,Store
RET-00005668,ITM-000075774,CUS-011863,2020-08-14,2020-08-21,Not as Described,Damaged,39.01,Approved,Courier
RET-00005669,ITM-000075778,CUS-004030,2022-09-05,2022-09-08,Not as Described,Opened,27.6,Pending,Courier
RET-00005670,ITM-000075780,CUS-010006,2025-10-22,2025-11-02,Size/Fit,Defective,26.3,Processed,Store
RET-00005671,ITM-000075787,CUS-011392,2025-10-08,2025-10-13,Size/Fit,Defective,187.12,Approved,Courier
RET-00005672,ITM-000075792,CUS-002334,2020-06-26,2020-06-27,Changed Mind,Defective,38.22,Processed,Courier
RET-00005673,ITM-000075832,CUS-011400,2025-12-21,2026-01-03,Not as Described,Opened,71.37,Approved,Courier
RET-00005674,ITM-000075861,CUS-006648,2025-11-29,2025-12-07,Defective Product,Defective,58.94,Processed,Store
RET-00005675,ITM-000075864,CUS-005779,2026-08-03,2026-08-11,Changed Mind,Defective,88.03,Pending,Courier
RET-00005676,ITM-000075871,CUS-011336,2026-05-12,2026-05-25,Changed Mind,Defective,32.1,Approved,Courier
RET-00005677,ITM-000075874,CUS-009740,2023-02-07,2023-02-19,Wrong Item,Damaged,282.58,Processed,Courier
RET-00005678,ITM-000075882,CUS-011827,2021-08-31,2021-09-11,Defective Product,Resellable,35.01,Processed,Courier
RET-00005679,ITM-000075889,CUS-011005,2023-06-23,2023-06-27,Not as Described,Defective,51.86,Processed,Courier
RET-00005680,ITM-000075890,CUS-011005,2023-06-20,2023-06-22,Not as Described,Damaged,243.26,Approved,Courier
RET-00005681,ITM-000075933,CUS-007059,2020-08-11,2020-08-21,,Damaged,253.97,Processed,Courier
RET-00005682,ITM-000075948,CUS-003109,2025-01-09,2025-01-14,Size/Fit,Defective,154.48,Approved,Store
RET-00005683,ITM-000075961,CUS-006850,2025-03-12,2025-03-12,Size/Fit,Resellable,266.58,Approved,Courier
RET-00005684,ITM-000075985,CUS-011571,2020-02-10,2020-02-12,Defective Product,Damaged,170.7,Approved,Store
RET-00005685,ITM-000075988,CUS-011597,2022-01-07,2022-01-16,Defective Product,Resellable,60.46,Approved,Courier
RET-00005686,ITM-000075996,CUS-011729,2020-03-16,2020-03-24,Changed Mind,Damaged,494.42,Approved,Courier
RET-00005687,ITM-000075998,CUS-011729,2020-04-09,2020-04-12,Wrong Item,Defective,218.02,Approved,Store
RET-00005688,ITM-000076003,CUS-006897,2023-09-30,2023-10-07,Not as Described,Damaged,198.54,Pending,Courier
RET-00005689,ITM-000076007,CUS-001127,2021-01-29,2021-02-02,,Defective,39.7,Pending,Courier
RET-00005690,ITM-000076008,CUS-001127,2021-01-25,2021-02-06,Changed Mind,Resellable,296.58,Pending,Courier
RET-00005691,ITM-000076019,CUS-003704,2023-11-04,2023-11-09,Not as Described,Defective,24.25,Approved,Store
RET-00005692,ITM-000076032,CUS-009916,2023-09-03,2023-09-09,Damaged Delivery,Resellable,111.83,Pending,Store
RET-00005693,ITM-000076046,CUS-000933,2025-05-09,2025-05-11,Changed Mind,Opened,98.71,Approved,Courier
RET-00005694,ITM-000076048,CUS-009590,2020-10-24,2020-10-30,Wrong Item,Defective,27.12,Pending,Courier
RET-00005695,ITM-000076087,,2024-07-05,2024-07-14,Damaged Delivery,Defective,57.48,Processed,Store
RET-00005696,ITM-000076093,CUS-009123,2022-06-13,2022-06-18,Defective Product,Defective,56.08,Pending,Courier
RET-00005697,ITM-000076095,CUS-010149,2025-12-28,2026-01-05,Defective Product,Defective,51.16,Processed,Store
RET-00005698,ITM-000076101,CUS-004336,2021-01-26,2021-01-26,Changed Mind,Resellable,72.5,Processed,Store
RET-00005699,ITM-000076131,CUS-000325,2025-04-09,2025-04-09,Damaged Delivery,Opened,195.88,Approved,Store
RET-00005700,ITM-000076166,CUS-011253,2025-07-15,2025-07-23,Size/Fit,Damaged,100.47,Approved,Courier
RET-00005701,ITM-000076168,CUS-011253,2025-06-16,2025-06-26,Damaged Delivery,Opened,72.69,Pending,Store
RET-00005702,ITM-000076174,CUS-007029,2024-09-13,2024-09-19,Defective Product,Defective,516.78,Approved,Courier
RET-00005703,ITM-000076202,CUS-009793,2020-01-23,2020-01-26,Damaged Delivery,Opened,14.38,Processed,Store
RET-00005704,ITM-000076206,CUS-004949,2025-08-15,2025-08-16,Defective Product,Resellable,153.57,Processed,Courier
RET-00005705,ITM-000076235,CUS-010182,2026-01-03,2026-01-12,Wrong Item,Damaged,28.77,Approved,Courier
RET-00005706,ITM-000076260,CUS-011015,2023-08-02,2023-08-07,Changed Mind,Defective,55.75,Pending,Courier
RET-00005707,ITM-000076280,CUS-002850,2020-09-23,2020-10-06,Defective Product,Opened,65.3,Approved,Courier
RET-00005708,ITM-000076298,CUS-007008,2025-08-05,2025-08-06,Changed Mind,Opened,16.04,Pending,Store
RET-00005709,ITM-000076305,CUS-007437,2026-01-17,2026-01-19,Wrong Item,Resellable,191.9,Approved,Store
RET-00005710,ITM-000076308,CUS-000449,2021-06-26,2021-06-27,Size/Fit,Damaged,41.94,Pending,Courier
RET-00005711,ITM-000076318,CUS-000925,2026-04-19,2026-04-28,Changed Mind,Resellable,21.25,Approved,Store
RET-00005712,ITM-000076331,CUS-011966,2020-03-04,2020-03-04,Not as Described,Defective,97.0,Approved,Store
RET-00005713,ITM-000076354,CUS-006040,2022-03-26,2022-04-07,Changed Mind,Defective,173.13,Approved,Courier
RET-00005714,ITM-000076361,CUS-011441,2025-02-01,2025-02-05,Not as Described,Resellable,77.33,Processed,Store
RET-00005715,ITM-000076363,CUS-010063,2025-06-16,2025-06-28,Changed Mind,Damaged,40.52,Pending,Store
RET-00005716,ITM-000076372,CUS-006358,2022-08-11,2022-08-11,Defective Product,Opened,39.78,Pending,Courier
RET-00005717,ITM-000076379,CUS-007668,2022-09-23,2022-09-27,Changed Mind,Defective,33.46,Approved,Courier
RET-00005718,ITM-000076387,CUS-010905,2021-02-19,2021-02-21,Changed Mind,Defective,20.41,Processed,Store
RET-00005719,ITM-000076414,CUS-004772,2025-12-23,2025-12-24,Changed Mind,Opened,86.62,Pending,Courier
RET-00005720,ITM-000076415,CUS-000334,2024-02-24,2024-03-01,Damaged Delivery,Defective,152.32,Processed,Courier
RET-00005721,ITM-000076416,CUS-001909,2020-11-22,2020-12-02,,Defective,91.79,Approved,Store
RET-00005722,ITM-000076437,CUS-001666,2020-11-23,2020-11-30,Changed Mind,Damaged,43.15,Processed,Store
RET-00005723,ITM-000076448,CUS-010274,2025-04-20,2025-05-02,Defective Product,Defective,43.27,Approved,Courier
RET-00005724,ITM-000076502,CUS-011179,2023-10-28,2023-10-29,Changed Mind,Opened,113.49,Processed,Store
RET-00005725,ITM-000076507,CUS-008031,2026-06-08,2026-06-08,Defective Product,Resellable,136.74,Processed,Store
RET-00005726,ITM-000076508,CUS-008031,2026-06-28,2026-07-10,Damaged Delivery,Resellable,43.47,Approved,Store
RET-00005727,ITM-000076521,,2021-12-31,2022-01-10,Defective Product,Opened,112.22,Processed,Store
RET-00005728,ITM-000076531,CUS-003756,2024-12-01,2024-12-01,Damaged Delivery,Damaged,95.67,Approved,Store
RET-00005729,ITM-000076550,CUS-002109,2021-01-30,2021-02-09,,Resellable,215.84,Approved,Courier
RET-00005730,ITM-000076558,CUS-003442,2021-08-21,2021-08-31,Size/Fit,Opened,18.45,Pending,Courier
RET-00005731,ITM-000076571,CUS-000360,2021-08-25,2021-08-27,,Damaged,32.66,Pending,Courier
RET-00005732,ITM-000076581,CUS-000770,2024-03-28,2024-04-07,Changed Mind,Damaged,117.39,Pending,Courier
RET-00005733,ITM-000076607,CUS-003306,2023-03-27,2023-04-03,Defective Product,Defective,111.83,Approved,Courier
RET-00005734,ITM-000076646,CUS-005170,2024-04-30,2024-05-13,Changed Mind,Damaged,179.14,Pending,Store
RET-00005735,ITM-000076667,CUS-010808,2024-03-15,2024-03-15,Changed Mind,Damaged,71.54,Pending,Courier
RET-00005736,ITM-000076703,CUS-002140,2024-10-16,2024-10-20,Size/Fit,Damaged,57.15,Approved,Store
RET-00005737,ITM-000076709,CUS-000927,2020-11-25,2020-12-04,Size/Fit,Opened,15.57,Pending,Courier
RET-00005738,ITM-000076721,CUS-003612,2022-04-02,2022-04-03,Size/Fit,Opened,98.64,Processed,Store
RET-00005739,ITM-000076727,CUS-003072,2023-03-01,2023-03-01,Damaged Delivery,Resellable,59.23,Approved,Store
RET-00005740,ITM-000076729,CUS-006340,2026-06-19,2026-06-23,Size/Fit,Opened,17.28,Processed,Courier
RET-00005741,ITM-000076738,CUS-001260,2026-05-02,2026-05-02,Changed Mind,Defective,24.09,Pending,Store
RET-00005742,ITM-000076747,CUS-009404,2020-07-08,2020-07-11,Wrong Item,Resellable,10.78,Processed,Store
RET-00005743,ITM-000076763,CUS-008938,2020-04-20,2020-05-01,,Defective,23.55,Processed,Store
RET-00005744,ITM-000076783,CUS-005963,2020-09-10,2020-09-21,,Opened,65.42,Approved,Courier
RET-00005745,ITM-000076785,CUS-002551,2026-01-14,2026-01-17,Size/Fit,Damaged,337.26,Processed,Courier
RET-00005746,ITM-000076799,CUS-011260,2024-11-21,2024-11-27,Size/Fit,Resellable,9.61,Pending,Courier
RET-00005747,ITM-000076809,CUS-009002,2021-03-11,2021-03-22,Changed Mind,Opened,189.62,Processed,Courier
RET-00005748,ITM-000076811,CUS-002748,2024-04-21,2024-04-26,Defective Product,Defective,47.3,Pending,Courier
RET-00005749,ITM-000076831,CUS-003128,2023-03-09,2023-03-18,Defective Product,Damaged,164.64,Approved,Store
RET-00005750,ITM-000076839,CUS-002905,2020-04-23,2020-04-27,,Opened,74.04,Approved,Store
RET-00005751,ITM-000076885,CUS-001617,2025-08-17,2025-08-20,Changed Mind,Opened,141.06,Pending,Courier
RET-00005752,ITM-000076901,,2022-02-21,2022-02-28,Changed Mind,Resellable,195.96,Approved,Courier
RET-00005753,ITM-000076924,CUS-002908,2023-11-19,2023-11-26,Size/Fit,Resellable,243.26,Processed,Store
RET-00005754,ITM-000076951,CUS-006322,2020-02-03,2020-02-15,Defective Product,Damaged,20.86,Pending,Store
RET-00005755,ITM-000076957,CUS-004074,2024-06-12,2024-06-24,Wrong Item,Resellable,176.4,Pending,Courier
RET-00005756,ITM-000076981,CUS-004202,2023-07-21,2023-07-21,Changed Mind,Opened,59.66,Processed,Courier
RET-00005757,ITM-000076984,CUS-000801,2020-03-25,2020-03-27,,Resellable,19.22,Approved,Courier
RET-00005758,ITM-000077005,CUS-010409,2021-09-14,2021-09-27,Wrong Item,Resellable,229.2,Pending,Courier
RET-00005759,ITM-000077027,CUS-006236,2026-07-26,2026-08-01,Defective Product,Damaged,81.25,Pending,Store
RET-00005760,ITM-000077040,CUS-005461,2025-09-06,2025-09-14,Defective Product,Damaged,12.22,Processed,Courier
RET-00005761,ITM-000077045,CUS-002259,2026-01-26,2026-02-07,Changed Mind,Damaged,38.94,Approved,Store
RET-00005762,ITM-000077059,CUS-007969,2022-11-16,2022-11-17,Damaged Delivery,Damaged,120.2,Pending,Store
RET-00005763,ITM-000077103,,2023-12-21,2023-12-31,Size/Fit,Resellable,81.28,Approved,Courier
RET-00005764,ITM-000077108,CUS-002331,2024-01-12,2024-01-15,Changed Mind,Resellable,42.39,Processed,Store
RET-00005765,ITM-000077109,CUS-006916,2020-06-23,2020-06-26,Size/Fit,Damaged,65.29,Processed,Store
RET-00005766,ITM-000077133,CUS-006960,2022-02-05,2022-02-10,Wrong Item,Resellable,32.63,Approved,Courier
RET-00005767,ITM-000077137,CUS-004832,2024-05-22,2024-05-26,Size/Fit,Defective,188.57,Processed,Courier
RET-00005768,ITM-000077144,CUS-003666,2022-09-25,2022-10-03,Damaged Delivery,Opened,227.02,Pending,Courier
RET-00005769,ITM-000077149,CUS-009397,2025-10-30,2025-11-09,Not as Described,Opened,25.12,Processed,Courier
RET-00005770,ITM-000077151,CUS-006286,2024-07-20,2024-07-22,Size/Fit,Opened,26.23,Pending,Courier
RET-00005771,ITM-000077165,CUS-006960,2022-08-11,2022-08-21,Defective Product,Damaged,58.96,Approved,Store
RET-00005772,ITM-000077175,CUS-001460,2025-03-16,2025-03-19,Defective Product,Resellable,30.23,Approved,Store
RET-00005773,ITM-000077180,CUS-002641,2020-08-03,2020-08-03,Damaged Delivery,Defective,40.62,Pending,Courier
RET-00005774,ITM-000077181,,2023-07-30,2023-08-05,Changed Mind,Opened,80.37,Pending,Store
RET-00005775,ITM-000077206,CUS-001009,2022-07-30,2022-08-11,Damaged Delivery,Opened,28.46,Processed,Courier
RET-00005776,ITM-000077208,CUS-001173,2023-04-17,2023-04-28,Changed Mind,Damaged,945.47,Processed,Courier
RET-00005777,ITM-000077216,CUS-002573,2020-02-18,2020-02-18,Changed Mind,Resellable,27.12,Pending,Store
RET-00005778,ITM-000077218,CUS-002573,2020-02-08,2020-02-14,Changed Mind,Opened,19.47,Pending,Store
RET-00005779,ITM-000077261,CUS-000228,2025-06-11,2025-06-17,Not as Described,Opened,27.44,Pending,Store
RET-00005780,ITM-000077271,CUS-001957,2022-10-10,2022-10-18,Not as Described,Defective,45.06,Approved,Store
RET-00005781,ITM-000077279,CUS-000895,2026-02-28,2026-03-07,Size/Fit,Opened,219.62,Processed,Courier
RET-00005782,ITM-000077298,CUS-010442,2022-04-22,2022-04-30,Size/Fit,Damaged,344.33,Pending,Courier
RET-00005783,ITM-000077313,CUS-008636,2022-10-15,2022-10-28,Changed Mind,Resellable,37.98,Approved,Courier
RET-00005784,ITM-000077346,CUS-007543,2020-04-20,2020-05-03,Changed Mind,Damaged,44.02,Approved,Store
RET-00005785,ITM-000077348,CUS-004669,2023-04-16,2023-04-28,Changed Mind,Damaged,38.08,Processed,Courier
RET-00005786,ITM-000077379,CUS-007452,2020-11-16,2020-11-24,Damaged Delivery,Resellable,143.03,Processed,Courier
RET-00005787,ITM-000077410,CUS-004097,2022-09-07,2022-09-16,Size/Fit,Defective,105.94,Pending,Store
RET-00005788,ITM-000077414,CUS-000934,2024-10-26,2024-11-07,Changed Mind,Resellable,292.9,Approved,Store
RET-00005789,ITM-000077443,CUS-002185,2021-05-17,2021-05-30,,Resellable,53.73,Pending,Courier
RET-00005790,ITM-000077461,CUS-002560,2026-03-24,2026-04-05,Changed Mind,Defective,287.91,Processed,Store
RET-00005791,ITM-000077487,CUS-000792,2023-03-16,2023-03-22,Size/Fit,Resellable,51.43,Processed,Courier
RET-00005792,ITM-000077488,CUS-000792,2023-02-14,2023-02-25,,Defective,37.63,Approved,Courier
RET-00005793,ITM-000077493,CUS-002637,2020-04-10,2020-04-16,Changed Mind,Defective,30.65,Approved,Store
RET-00005794,ITM-000077510,CUS-000968,2025-08-29,2025-09-07,Changed Mind,Resellable,174.0,Processed,Courier
RET-00005795,ITM-000077535,CUS-008625,2026-07-26,2026-07-29,Changed Mind,Damaged,208.3,Processed,Store
RET-00005796,ITM-000077538,CUS-001514,2020-09-22,2020-09-24,Not as Described,Opened,40.42,Processed,Store
RET-00005797,ITM-000077593,CUS-010220,2023-01-30,2023-02-04,Changed Mind,Defective,79.33,Processed,Courier
RET-00005798,ITM-000077602,CUS-006006,2021-11-29,2021-12-03,Damaged Delivery,Damaged,25.29,Pending,Store
RET-00005799,ITM-000077605,CUS-007488,2020-08-27,2020-09-07,Size/Fit,Opened,51.29,Processed,Store
RET-00005800,ITM-000077615,CUS-004695,2022-09-10,2022-09-18,Not as Described,Resellable,22.3,Processed,Courier
RET-00005801,ITM-000077620,CUS-003346,2023-05-17,2023-05-20,Changed Mind,Opened,72.79,Approved,Courier
RET-00005802,ITM-000077625,CUS-004614,2022-12-09,2022-12-09,Defective Product,Damaged,32.13,Approved,Store
RET-00005803,ITM-000077629,CUS-007980,2021-08-11,2021-08-23,Damaged Delivery,Defective,32.13,Pending,Store
RET-00005804,ITM-000077632,CUS-006584,2023-11-11,2023-11-22,Size/Fit,Opened,45.3,Pending,Store
RET-00005805,ITM-000077701,CUS-003128,2023-10-01,2023-10-10,Changed Mind,Defective,32.23,Processed,Courier
RET-00005806,ITM-000077706,CUS-009176,2023-10-22,2023-11-04,Not as Described,Resellable,29.2,Pending,Store
RET-00005807,ITM-000077717,CUS-004625,2025-09-26,2025-10-02,Defective Product,Damaged,21.64,Approved,Store
RET-00005808,ITM-000077721,,2023-09-13,2023-09-17,Defective Product,Opened,44.8,Processed,Courier
RET-00005809,ITM-000077731,CUS-006431,2026-09-05,2026-09-07,Changed Mind,Opened,33.17,Approved,Store
RET-00005810,ITM-000077743,CUS-011966,2020-11-01,2020-11-03,Damaged Delivery,Damaged,132.68,Pending,Courier
RET-00005811,ITM-000077752,CUS-000788,2024-04-07,2024-04-16,Not as Described,Opened,92.15,Processed,Courier
RET-00005812,ITM-000077755,CUS-006218,2022-01-21,2022-01-25,Defective Product,Defective,133.04,Approved,Courier
RET-00005813,ITM-000077760,CUS-009956,2021-05-06,2021-05-14,Changed Mind,Defective,71.42,Approved,Courier
RET-00005814,ITM-000077769,CUS-009310,2024-07-09,2024-07-18,Other,Resellable,28.76,Approved,Store
RET-00005815,ITM-000077786,CUS-007377,2023-03-30,2023-04-04,Damaged Delivery,Opened,9.62,Processed,Store
RET-00005816,ITM-000077787,CUS-008151,2021-07-05,2021-07-05,Size/Fit,Opened,51.23,Pending,Courier
RET-00005817,ITM-000077792,CUS-001141,2023-12-14,2023-12-20,Size/Fit,Damaged,70.23,Processed,Courier
RET-00005818,ITM-000077795,CUS-000107,2020-06-08,2020-06-17,Changed Mind,Opened,42.82,Pending,Store
RET-00005819,ITM-000077819,CUS-010304,2023-11-28,2023-12-03,Damaged Delivery,Resellable,183.84,Processed,Courier
RET-00005820,ITM-000077820,CUS-005384,2022-04-19,2022-04-24,Changed Mind,Defective,137.35,Approved,Courier
RET-00005821,ITM-000077827,CUS-005719,2021-09-03,2021-09-15,Changed Mind,Opened,264.14,Approved,Store
RET-00005822,ITM-000077833,CUS-010869,2021-05-15,2021-05-15,Size/Fit,Defective,135.03,Pending,Store
RET-00005823,ITM-000077850,CUS-002057,2026-08-05,2026-08-11,Changed Mind,Defective,119.04,Processed,Courier
RET-00005824,ITM-000077864,CUS-006828,2023-02-18,2023-02-21,Other,Resellable,73.56,Pending,Store
RET-00005825,ITM-000077879,CUS-008795,2021-04-06,2021-04-12,Damaged Delivery,Resellable,159.13,Processed,Courier
RET-00005826,ITM-000077881,CUS-008041,2022-11-01,2022-11-08,Defective Product,Resellable,19.97,Pending,Store
RET-00005827,ITM-000077899,CUS-007784,2021-10-18,2021-10-24,Wrong Item,Opened,62.42,Pending,Store
RET-00005828,ITM-000077927,CUS-009226,2021-07-23,2021-08-02,Changed Mind,Defective,97.49,Approved,Courier
RET-00005829,ITM-000077934,CUS-000665,2023-08-29,2023-09-05,Size/Fit,Damaged,65.6,Pending,Courier
RET-00005830,ITM-000077939,CUS-007390,2021-11-02,2021-11-13,Changed Mind,Defective,46.38,Approved,Courier
RET-00005831,ITM-000077946,CUS-007774,2021-02-12,2021-02-24,Changed Mind,Opened,38.03,Pending,Courier
RET-00005832,ITM-000077948,CUS-004966,2021-01-13,2021-01-21,Not as Described,Opened,111.73,Approved,Store
RET-00005833,ITM-000077957,CUS-002302,2024-08-06,2024-08-12,Defective Product,Damaged,41.09,Approved,Store
RET-00005834,ITM-000077963,CUS-011706,2023-04-01,2023-04-12,Not as Described,Resellable,59.28,Pending,Courier
RET-00005835,ITM-000077979,CUS-010500,2020-10-20,2020-10-20,Defective Product,Defective,94.8,Approved,Courier
RET-00005836,ITM-000077988,CUS-008975,2025-11-14,2025-11-23,Changed Mind,Defective,75.26,Approved,Store
RET-00005837,ITM-000077990,CUS-006728,2023-11-01,2023-11-07,Size/Fit,Resellable,100.42,Processed,Courier
RET-00005838,ITM-000078001,CUS-010290,2023-08-21,2023-09-02,Size/Fit,Resellable,40.62,Approved,Courier
RET-00005839,ITM-000078003,CUS-003165,2025-09-17,2025-09-26,Wrong Item,Defective,39.01,Processed,Courier
RET-00005840,ITM-000078006,CUS-009019,2025-10-16,2025-10-26,Size/Fit,Opened,131.09,Pending,Store
RET-00005841,ITM-000078023,CUS-000590,2020-02-01,2020-02-07,Changed Mind,Opened,19.7,Approved,Store
RET-00005842,ITM-000078025,CUS-005844,2023-02-04,2023-02-15,Defective Product,Defective,27.09,Processed,Courier
RET-00005843,ITM-000078045,CUS-010742,2025-08-24,2025-08-30,Defective Product,Opened,80.14,Pending,Courier
RET-00005844,ITM-000078072,CUS-005092,2021-06-03,2021-06-15,Not as Described,Resellable,18.96,Approved,Courier
RET-00005845,ITM-000078110,CUS-010899,2023-03-20,2023-03-25,Defective Product,Damaged,120.02,Processed,Courier
RET-00005846,ITM-000078115,CUS-007229,2022-05-19,2022-05-19,Not as Described,Resellable,31.7,Pending,Store
RET-00005847,ITM-000078118,CUS-006950,2024-12-02,2024-12-13,Size/Fit,Opened,38.45,Pending,Courier
RET-00005848,ITM-000078144,CUS-009699,2021-03-02,2021-03-03,Changed Mind,Damaged,23.01,Processed,Store
RET-00005849,ITM-000078147,CUS-002247,2025-12-16,2025-12-17,Not as Described,Defective,46.27,Processed,Store
RET-00005850,ITM-000078157,CUS-010639,2023-05-26,2023-05-31,Defective Product,Damaged,46.98,Pending,Store
RET-00005851,ITM-000078176,CUS-008986,2023-07-27,2023-07-31,Size/Fit,Resellable,350.66,Processed,Courier
RET-00005852,ITM-000078189,CUS-000490,2021-06-06,2021-06-09,Size/Fit,Resellable,26.87,Pending,Courier
RET-00005853,ITM-000078196,CUS-010854,2025-10-07,2025-10-15,Changed Mind,Damaged,102.06,Approved,Courier
RET-00005854,ITM-000078202,CUS-007871,2022-11-24,2022-12-05,Changed Mind,Defective,104.77,Processed,Store
RET-00005855,ITM-000078216,CUS-007737,2023-10-30,2023-11-06,Changed Mind,Defective,62.62,Processed,Store
RET-00005856,ITM-000078245,CUS-006402,2021-09-12,2021-09-21,Defective Product,Defective,180.22,Pending,Store
RET-00005857,ITM-000078273,CUS-006510,2020-04-28,2020-05-08,Changed Mind,Opened,69.93,Pending,Courier
RET-00005858,ITM-000078301,,2024-07-28,2024-08-07,Changed Mind,Defective,61.45,Pending,Store
RET-00005859,ITM-000078320,CUS-001618,2025-10-16,2025-10-28,Changed Mind,Defective,51.37,Processed,Courier
RET-00005860,ITM-000078337,CUS-006940,2023-10-23,2023-10-25,Changed Mind,Resellable,43.06,Pending,Store
RET-00005861,ITM-000078338,CUS-006940,2023-11-21,2023-11-21,Not as Described,Resellable,107.54,Pending,Courier
RET-00005862,ITM-000078349,CUS-011940,2021-05-27,2021-05-31,,Damaged,35.84,Processed,Courier
RET-00005863,ITM-000078351,CUS-007274,2020-04-22,2020-05-04,Changed Mind,Opened,12.79,Approved,Store
RET-00005864,ITM-000078373,,2021-02-26,2021-03-08,Size/Fit,Opened,277.03,Processed,Store
RET-00005865,ITM-000078396,CUS-006999,2024-11-29,2024-12-07,Damaged Delivery,Opened,114.75,Pending,Store
RET-00005866,ITM-000078399,CUS-007223,2023-04-22,2023-04-25,Defective Product,Resellable,142.25,Processed,Courier
RET-00005867,ITM-000078408,CUS-003826,2020-11-18,2020-11-28,,Opened,171.44,Pending,Courier
RET-00005868,ITM-000078415,CUS-003004,2022-11-30,2022-12-10,Defective Product,Damaged,23.6,Pending,Courier
RET-00005869,ITM-000078424,CUS-010557,2020-03-30,2020-04-07,Changed Mind,Resellable,13.21,Pending,Courier
RET-00005870,ITM-000078446,CUS-001882,2021-10-30,2021-11-01,Not as Described,Damaged,87.63,Approved,Courier
RET-00005871,ITM-000078447,CUS-001882,2021-10-02,2021-10-10,Defective Product,Resellable,22.49,Processed,Courier
RET-00005872,ITM-000078453,CUS-004364,2021-12-13,2021-12-14,Defective Product,Resellable,13.68,Approved,Courier
RET-00005873,ITM-000078492,CUS-010301,2023-01-15,2023-01-26,Defective Product,Damaged,61.84,Processed,Courier
RET-00005874,ITM-000078517,CUS-011199,2023-08-12,2023-08-20,Changed Mind,Defective,97.41,Processed,Store
RET-00005875,ITM-000078528,CUS-000542,2022-03-29,2022-04-05,Changed Mind,Resellable,103.1,Pending,Courier
RET-00005876,ITM-000078529,CUS-010026,2024-08-19,2024-08-27,Changed Mind,Damaged,70.72,Pending,Courier
RET-00005877,ITM-000078535,CUS-007878,2023-03-01,2023-03-08,Changed Mind,Defective,124.91,Approved,Store
RET-00005878,ITM-000078538,CUS-004223,2025-11-03,2025-11-15,Wrong Item,Damaged,70.86,Pending,Courier
RET-00005879,ITM-000078540,CUS-009256,2023-04-08,2023-04-09,Size/Fit,Resellable,40.15,Approved,Courier
RET-00005880,ITM-000078561,CUS-008818,2025-12-11,2025-12-14,Defective Product,Damaged,202.48,Processed,Courier
RET-00005881,ITM-000078579,CUS-007343,2023-12-26,2024-01-02,Size/Fit,Defective,20.61,Approved,Store
RET-00005882,ITM-000078592,,2026-06-10,2026-06-22,Changed Mind,Damaged,19.7,Processed,Store
RET-00005883,ITM-000078594,CUS-009083,2025-06-04,2025-06-13,Damaged Delivery,Opened,106.31,Processed,Courier
RET-00005884,ITM-000078596,CUS-006013,2023-03-20,2023-04-01,Size/Fit,Defective,73.25,Processed,Courier
RET-00005885,ITM-000078604,CUS-002308,2023-09-11,2023-09-11,Size/Fit,Resellable,48.99,Approved,Store
RET-00005886,ITM-000078617,CUS-005042,2026-08-08,2026-08-21,Not as Described,Opened,289.26,Approved,Store
RET-00005887,ITM-000078623,CUS-009246,2024-11-04,2024-11-07,Changed Mind,Defective,104.37,Pending,Courier
RET-00005888,ITM-000078626,CUS-000563,2026-05-20,2026-05-24,Size/Fit,Opened,68.69,Processed,Courier
RET-00005889,ITM-000078642,CUS-001031,2024-05-15,2024-05-16,Changed Mind,Defective,50.25,Approved,Store
RET-00005890,ITM-000078656,CUS-003887,2022-10-17,2022-10-29,Size/Fit,Defective,349.2,Pending,Courier
RET-00005891,ITM-000078727,CUS-008489,2022-03-03,2022-03-10,Other,Defective,144.93,Processed,Courier
RET-00005892,ITM-000078742,CUS-005365,2022-09-18,2022-09-21,Defective Product,Opened,96.14,Pending,Courier
RET-00005893,ITM-000078745,CUS-004357,2022-01-16,2022-01-26,Not as Described,Damaged,76.85,Processed,Courier
RET-00005894,ITM-000078755,CUS-008834,2022-07-21,2022-07-25,Defective Product,Opened,21.3,Pending,Courier
RET-00005895,ITM-000078776,CUS-003460,2025-11-21,2025-12-01,Defective Product,Defective,27.13,Processed,Courier
RET-00005896,ITM-000078777,CUS-003460,2025-12-04,2025-12-09,Changed Mind,Opened,57.02,Processed,Courier
RET-00005897,ITM-000078783,CUS-010259,2024-12-16,2024-12-29,Damaged Delivery,Damaged,32.8,Processed,Store
RET-00005898,ITM-000078785,CUS-011769,2022-07-10,2022-07-22,Defective Product,Defective,75.58,Processed,Courier
RET-00005899,ITM-000078791,CUS-004776,2022-03-26,2022-04-02,Size/Fit,Opened,53.43,Approved,Courier
RET-00005900,ITM-000078808,CUS-011929,2025-02-19,2025-03-04,Not as Described,Damaged,50.64,Approved,Courier
RET-00005901,ITM-000078832,CUS-001418,2023-02-27,2023-03-02,Changed Mind,Opened,27.12,Approved,Store
RET-00005902,ITM-000078869,CUS-003560,2025-11-24,2025-11-28,Not as Described,Resellable,14.98,Approved,Courier
RET-00005903,ITM-000078896,CUS-007289,2026-04-21,2026-04-26,Changed Mind,Resellable,32.17,Approved,Courier
RET-00005904,ITM-000078911,CUS-004381,2024-09-27,2024-10-07,Not as Described,Resellable,90.02,Processed,Store
RET-00005905,ITM-000078912,CUS-007639,2025-02-01,2025-02-06,Size/Fit,Damaged,27.68,Processed,Courier
RET-00005906,ITM-000078940,CUS-010825,2025-03-03,2025-03-16,Not as Described,Opened,75.95,Pending,Courier
RET-00005907,ITM-000078950,CUS-005402,2020-06-30,2020-07-09,,Opened,473.79,Processed,Courier
RET-00005908,ITM-000078975,CUS-011806,2024-01-14,2024-01-14,Defective Product,Damaged,20.58,Pending,Store
RET-00005909,ITM-000078983,CUS-003887,2024-11-01,2024-11-12,Defective Product,Defective,73.0,Processed,Courier
RET-00005910,ITM-000078986,CUS-002196,2025-06-26,2025-07-03,Defective Product,Resellable,67.23,Approved,Courier
RET-00005911,ITM-000078997,CUS-007431,2023-07-17,2023-07-17,Not as Described,Damaged,181.71,Pending,Store
RET-00005912,ITM-000078999,CUS-007431,2023-07-03,2023-07-08,Defective Product,Defective,90.03,Processed,Courier
RET-00005913,ITM-000079032,CUS-001489,2020-11-04,2020-11-05,Defective Product,Resellable,34.44,Processed,Courier
RET-00005914,ITM-000079046,CUS-004336,2026-04-03,2026-04-11,Not as Described,Resellable,38.42,Approved,Courier
RET-00005915,ITM-000079053,CUS-011053,2022-04-12,2022-04-12,Size/Fit,Defective,35.09,Pending,Courier
RET-00005916,ITM-000079058,CUS-009177,2025-06-09,2025-06-13,Size/Fit,Damaged,1150.24,Pending,Store
RET-00005917,ITM-000079062,CUS-003016,2025-08-21,2025-08-31,Changed Mind,Defective,82.94,Pending,Store
RET-00005918,ITM-000079064,CUS-003016,2025-08-16,2025-08-16,Changed Mind,Resellable,11.29,Processed,Courier
RET-00005919,ITM-000079072,CUS-007783,2023-10-06,2023-10-15,Not as Described,Damaged,38.42,Approved,Courier
RET-00005920,ITM-000079073,CUS-002307,2022-03-24,2022-03-25,Changed Mind,Damaged,51.83,Approved,Store
RET-00005921,ITM-000079100,CUS-004297,2022-12-01,2022-12-10,Size/Fit,Damaged,289.26,Processed,Store
RET-00005922,ITM-000079126,CUS-005515,2023-11-28,2023-12-03,Changed Mind,Opened,66.52,Pending,Courier
RET-00005923,ITM-000079128,CUS-001352,2021-09-10,2021-09-14,Defective Product,Resellable,94.11,Pending,Courier
RET-00005924,ITM-000079129,CUS-001352,2021-08-06,2021-08-12,Size/Fit,Damaged,76.58,Processed,Store
RET-00005925,ITM-000079131,CUS-003692,2022-12-09,2022-12-15,Size/Fit,Defective,36.94,Pending,Store
RET-00005926,ITM-000079138,CUS-009677,2025-07-07,2025-07-16,Changed Mind,Opened,56.92,Approved,Store
RET-00005927,ITM-000079139,CUS-009677,2025-07-09,2025-07-22,Size/Fit,Damaged,10.36,Approved,Store
RET-00005928,ITM-000079157,CUS-009406,2025-03-31,2025-04-05,Wrong Item,Damaged,108.87,Approved,Courier
RET-00005929,ITM-000079191,CUS-010070,2023-02-08,2023-02-08,Not as Described,Defective,84.92,Pending,Courier
RET-00005930,ITM-000079200,CUS-004496,2026-07-31,2026-08-04,Not as Described,Resellable,20.98,Approved,Store
RET-00005931,ITM-000079239,CUS-011479,2020-06-25,2020-07-05,Size/Fit,Resellable,701.32,Pending,Store
RET-00005932,ITM-000079256,CUS-001435,2023-10-11,2023-10-16,Changed Mind,Defective,182.77,Processed,Courier
RET-00005933,ITM-000079262,CUS-001825,2026-06-13,2026-06-13,Not as Described,Resellable,195.01,Processed,Courier
RET-00005934,ITM-000079295,CUS-006268,2022-02-07,2022-02-12,Defective Product,Damaged,51.93,Processed,Store
RET-00005935,ITM-000079305,CUS-003050,2020-06-06,2020-06-11,Changed Mind,Defective,47.15,Pending,Store
RET-00005936,ITM-000079337,CUS-001500,2022-05-07,2022-05-14,Other,Opened,48.2,Pending,Courier
RET-00005937,ITM-000079346,CUS-009203,2022-01-23,2022-02-03,Size/Fit,Resellable,32.66,Processed,Courier
RET-00005938,ITM-000079369,CUS-004380,2023-05-04,2023-05-17,Changed Mind,Resellable,122.04,Pending,Courier
