shipment_id,supplier_id,product_id,purchase_order_date,expected_delivery_date,actual_delivery_date,ordered_quantity,received_quantity,rejected_quantity,shipment_status
SHP-0000001,SUP-013,PRD-00144,2020-09-08,2020-09-18,2020-09-28,205,205,0,Delivered
SHP-0000002,SUP-018,PRD-00769,2020-08-18,2020-08-23,2020-08-23,365,355,10,Delivered
SHP-0000003,SUP-010,PRD-00126,2024-07-31,2024-09-27,2024-10-05,1475,1461,14,Delivered
SHP-0000004,SUP-015,PRD-00303,2021-08-21,2021-09-04,2021-09-09,1308,1308,0,Delivered
SHP-0000005,SUP-002,PRD-00700,2024-03-08,2024-04-05,2024-04-14,432,398,34,Delivered
SHP-0000006,SUP-059,PRD-00327,2024-05-14,2024-06-03,2024-06-03,195,195,0,Delivered
SHP-0000007,SUP-055,PRD-00160,2020-01-08,2020-02-16,2020-02-23,264,257,7,Delivered
SHP-0000008,SUP-061,PRD-00684,2021-06-16,2021-07-10,2021-07-10,787,787,0,Delivered
SHP-0000009,SUP-054,PRD-00237,2025-08-06,2025-08-11,2025-08-11,1038,1038,0,Delivered
SHP-0000010,SUP-029,PRD-00717,2024-09-09,2024-09-30,2024-10-06,54,54,0,Delivered
SHP-0000011,SUP-036,PRD-00071,2023-10-01,2023-11-21,2023-11-23,89,89,0,Delivered
SHP-0000012,SUP-060,PRD-00753,2024-11-10,2024-11-17,2024-11-26,435,431,4,Delivered
SHP-0000013,SUP-041,PRD-00636,2026-08-06,2026-08-22,2026-08-25,453,453,0,Delivered
SHP-0000014,SUP-013,PRD-00321,2026-07-26,2026-08-12,2026-08-24,652,652,0,Delivered
SHP-0000015,SUP-010,PRD-00512,2024-03-03,2024-04-22,2024-04-27,1278,1278,0,Delivered
SHP-0000016,SUP-066,PRD-00533,2025-03-19,2025-03-27,2025-04-03,106,73,0,Partial
SHP-0000017,SUP-032,PRD-00845,2025-08-21,2025-09-01,2025-09-08,1307,1307,0,Delivered
SHP-0000018,SUP-044,PRD-00695,2025-02-06,2025-02-19,2025-02-24,1392,1392,0,Delivered
SHP-0000019,SUP-001,PRD-00475,2020-11-19,2020-12-10,2020-12-10,1354,1354,0,Delivered
SHP-0000020,SUP-032,PRD-00372,2023-02-14,2023-03-04,2023-03-12,912,903,9,Delivered
SHP-0000021,SUP-020,PRD-00104,2025-02-04,2025-04-13,2025-04-15,989,960,29,Delivered
SHP-0000022,SUP-023,PRD-00123,2025-03-03,2025-04-17,2025-04-24,1173,1162,11,Delivered
SHP-0000023,SUP-039,PRD-00054,2021-07-06,2021-07-18,2021-07-18,561,556,5,Delivered
SHP-0000024,SUP-066,PRD-00654,2020-10-24,2020-11-24,2020-12-03,1370,1357,13,Delivered
SHP-0000025,SUP-053,PRD-00518,2023-07-20,2023-08-03,2023-08-03,310,310,0,Delivered
SHP-0000026,SUP-040,PRD-00269,2020-11-29,2020-12-18,2020-12-20,1041,717,21,Partial
SHP-0000027,SUP-053,PRD-00859,2026-05-21,2026-05-27,2026-05-27,775,768,7,Delivered
SHP-0000028,SUP-062,PRD-00772,2025-06-10,2025-07-03,2025-07-25,1331,1331,0,Delivered
SHP-0000029,SUP-049,PRD-00392,2023-06-26,2023-07-12,2023-07-21,1134,1134,0,Delivered
SHP-0000030,SUP-011,PRD-00340,2022-05-19,2022-06-09,2022-06-09,1334,1234,0,Partial
SHP-0000031,SUP-012,PRD-00168,2020-07-01,2020-07-17,2020-07-17,1274,1262,12,Delivered
SHP-0000032,SUP-007,PRD-00569,2021-07-05,2021-09-14,2021-09-28,1162,1162,0,Late
SHP-0000033,SUP-012,PRD-00594,2026-08-18,2026-09-07,2026-09-11,893,893,0,Delivered
SHP-0000034,SUP-070,PRD-00782,2021-03-23,2021-04-01,2021-04-11,927,927,0,Delivered
SHP-0000035,SUP-035,PRD-00328,2025-12-06,2025-12-16,2025-12-19,1291,1291,0,Delivered
SHP-0000036,SUP-063,PRD-00741,2020-11-16,2020-11-25,2020-11-27,1422,1380,42,Delivered
SHP-0000037,SUP-047,PRD-00407,2020-04-10,2020-05-10,2020-05-14,363,363,0,Late
SHP-0000038,SUP-048,PRD-00448,2025-09-17,2025-09-23,2025-09-30,1185,1185,0,Delivered
SHP-0000039,SUP-033,PRD-00051,2022-09-10,2022-11-07,2022-11-07,1128,1128,0,Delivered
SHP-0000040,SUP-033,PRD-00132,2021-09-17,2021-10-14,2021-10-14,485,485,0,Late
SHP-0000041,SUP-039,PRD-00302,2020-12-09,2020-12-23,2021-01-02,1360,1347,13,Delivered
SHP-0000042,SUP-064,PRD-00249,2023-09-11,2023-10-16,2023-10-19,679,679,0,Delivered
SHP-0000043,SUP-026,PRD-00010,2021-10-31,2021-11-22,2021-11-27,831,831,0,Delivered
SHP-0000044,SUP-059,PRD-00456,2024-09-22,2024-10-13,2024-10-21,1467,1467,0,Delivered
SHP-0000045,SUP-037,PRD-00771,2023-09-13,2023-10-02,2023-10-13,605,605,0,Delivered
SHP-0000046,SUP-023,PRD-00810,2021-03-03,2021-03-11,2021-03-18,1342,1342,0,Delivered
SHP-0000047,SUP-006,PRD-00005,2021-12-28,2022-01-21,2022-01-31,311,311,0,Delivered
SHP-0000048,SUP-024,PRD-00823,2022-04-24,2022-05-07,2022-05-08,930,856,74,Delivered
SHP-0000049,SUP-046,PRD-00171,2025-11-10,2025-11-29,2025-11-29,59,42,0,Partial
SHP-0000050,SUP-042,PRD-00098,2024-02-29,2024-04-12,2024-04-17,1410,1410,0,Delivered
SHP-0000051,SUP-045,PRD-00274,2025-06-07,2025-08-08,2025-08-16,1264,1264,0,Delivered
SHP-0000052,SUP-069,PRD-00139,2025-09-07,2025-10-01,2025-10-13,801,801,0,Delivered
SHP-0000053,SUP-055,PRD-00331,2024-05-04,2024-05-29,2024-05-29,1484,1276,0,Partial
SHP-0000054,SUP-005,PRD-00751,2020-04-19,2020-05-01,2020-05-13,151,151,0,Delivered
SHP-0000055,SUP-048,PRD-00145,2024-08-28,2024-09-17,2024-09-29,352,284,0,Partial
SHP-0000056,SUP-002,PRD-00820,2020-08-09,2020-10-20,2020-10-22,823,823,0,Delivered
SHP-0000057,SUP-063,PRD-00816,2024-08-10,2024-08-28,2024-08-28,860,860,0,Delivered
SHP-0000058,SUP-029,PRD-00894,2021-12-24,2021-12-29,2022-01-05,760,738,22,Delivered
SHP-0000059,SUP-030,PRD-00069,2024-08-27,2024-09-13,2024-09-19,662,662,0,Delivered
SHP-0000060,SUP-027,PRD-00784,2026-02-16,2026-03-05,2026-03-05,421,421,0,Delivered
SHP-0000061,SUP-060,PRD-00535,2025-11-13,2025-12-03,2025-12-10,874,874,0,Delivered
SHP-0000062,SUP-070,PRD-00315,2023-09-04,2023-09-16,2023-09-19,236,234,2,Delivered
SHP-0000063,SUP-060,PRD-00336,2024-07-07,2024-07-13,2024-07-13,1329,1290,39,Delivered
SHP-0000064,SUP-041,PRD-00420,2025-12-12,2025-12-26,2025-12-26,1148,1148,0,Delivered
SHP-0000065,SUP-039,PRD-00302,2023-05-25,2023-06-10,2023-06-13,960,960,0,Late
SHP-0000066,SUP-056,PRD-00094,2020-07-12,2020-09-16,2020-09-17,1395,1395,0,Delivered
SHP-0000067,SUP-058,PRD-00709,2020-05-10,2020-06-02,2020-06-20,1311,1311,0,Delivered
SHP-0000068,SUP-037,PRD-00889,2023-03-05,2023-03-22,2023-03-28,214,214,0,Delivered
SHP-0000069,SUP-051,PRD-00843,2025-09-13,2025-09-29,2025-10-01,663,663,0,Delivered
SHP-0000070,SUP-033,PRD-00047,2023-01-12,2023-01-22,2023-01-27,478,478,0,Late
SHP-0000071,SUP-014,PRD-00655,2023-01-31,2023-02-21,2023-03-04,1259,1259,0,Delivered
SHP-0000072,SUP-047,PRD-00786,2025-10-20,2025-12-09,2025-12-23,353,353,0,Delivered
SHP-0000073,SUP-044,PRD-00208,2021-10-14,2021-11-07,2021-11-07,293,293,0,Delivered
SHP-0000074,SUP-002,PRD-00073,2026-08-19,2026-10-01,2026-10-05,1279,1267,12,Delivered
SHP-0000075,SUP-067,PRD-00760,2020-08-27,2020-09-19,2020-09-19,537,449,0,Partial
SHP-0000076,SUP-063,PRD-00452,2025-03-06,2025-03-11,2025-03-11,846,846,0,Delivered
SHP-0000077,SUP-037,PRD-00089,2024-04-02,2024-04-13,2024-04-16,527,527,0,Delivered
SHP-0000078,SUP-012,PRD-00580,2022-04-09,2022-04-18,2022-04-28,1333,1333,0,Delivered
SHP-0000079,SUP-012,PRD-00470,2024-03-21,2024-04-01,2024-04-01,1012,1012,0,Delivered
SHP-0000080,SUP-041,PRD-00663,2021-12-31,2022-03-11,2022-03-17,391,391,0,Delivered
SHP-0000081,SUP-007,PRD-00491,2023-11-21,2023-12-19,2023-12-19,1061,1051,10,Delivered
SHP-0000082,SUP-068,PRD-00195,2020-07-06,2020-07-12,2020-07-15,986,986,0,Late
SHP-0000083,SUP-012,PRD-00594,2025-04-03,2025-04-15,2025-04-20,595,595,0,Delivered
SHP-0000084,SUP-066,PRD-00284,2021-11-18,2022-01-07,2022-01-10,1077,1077,0,Delivered
SHP-0000085,SUP-042,PRD-00204,2024-08-16,2024-09-14,2024-09-14,383,383,0,Delivered
SHP-0000086,SUP-031,PRD-00578,2023-05-20,2023-07-23,2023-07-26,513,513,0,Delivered
SHP-0000087,SUP-029,PRD-00685,2025-03-28,2025-04-13,2025-04-20,587,541,46,Delivered
SHP-0000088,SUP-062,PRD-00778,2022-09-09,2022-10-10,2022-10-25,161,124,0,Partial
SHP-0000089,SUP-022,PRD-00024,2022-08-21,2022-08-26,2022-08-29,419,407,12,Delivered
SHP-0000090,SUP-033,PRD-00051,2020-01-18,2020-02-28,2020-03-10,1405,1391,14,Late
SHP-0000091,SUP-014,PRD-00655,2021-08-03,2021-09-19,2021-09-19,74,74,0,Delivered
SHP-0000092,SUP-062,PRD-00077,2023-07-08,2023-07-18,2023-07-18,481,481,0,Delivered
SHP-0000093,SUP-039,PRD-00360,2023-07-12,2023-07-23,2023-07-28,397,386,11,Delivered
SHP-0000094,SUP-032,PRD-00357,2022-09-20,2022-10-24,2022-10-25,1103,1103,0,Delivered
SHP-0000095,SUP-054,PRD-00287,2020-05-20,2020-06-08,2020-06-09,1486,1472,14,Delivered
SHP-0000096,SUP-066,PRD-00245,2025-10-11,2025-10-16,2025-10-16,637,631,6,Delivered
SHP-0000097,SUP-040,PRD-00211,2025-04-23,2025-05-11,2025-05-11,785,785,0,Delivered
SHP-0000098,SUP-067,PRD-00058,2026-08-25,2026-09-02,2026-09-09,992,992,0,Delivered
SHP-0000099,SUP-059,PRD-00434,2021-01-05,2021-01-12,2021-01-20,835,835,0,Delivered
SHP-0000100,SUP-038,PRD-00703,2025-06-20,2025-06-30,2025-06-30,569,564,5,Delivered
SHP-0000101,SUP-034,PRD-00156,2023-12-09,2023-12-16,2023-12-16,378,375,3,Delivered
SHP-0000102,SUP-037,PRD-00809,2025-12-12,2025-12-26,2026-01-01,1027,710,0,Partial
SHP-0000103,SUP-013,PRD-00375,2026-02-12,2026-02-21,2026-02-21,1252,1252,0,Late
SHP-0000104,SUP-029,PRD-00642,2024-06-28,2024-07-07,2024-07-17,401,401,0,Delivered
SHP-0000105,SUP-058,PRD-00755,2026-07-14,2026-08-28,2026-09-08,1285,1285,0,Delivered
SHP-0000106,SUP-035,PRD-00457,2025-09-12,2025-09-23,2025-09-24,988,988,0,Delivered
SHP-0000107,SUP-068,PRD-00238,2026-07-21,2026-08-08,2026-08-12,742,681,0,Partial
SHP-0000108,SUP-010,PRD-00572,2023-11-15,2023-12-30,2024-01-05,1115,1115,0,Delivered
SHP-0000109,SUP-008,PRD-00169,2026-01-31,2026-04-13,2026-04-21,1033,1033,0,Delivered
SHP-0000110,SUP-025,PRD-00246,2022-11-22,2022-12-14,2022-12-14,1048,1048,0,Delivered
SHP-0000111,SUP-017,PRD-00817,2026-01-25,2026-02-17,2026-02-25,547,547,0,Delivered
SHP-0000112,SUP-051,PRD-00876,2023-07-12,2023-07-20,2023-07-20,1316,859,0,Partial
SHP-0000113,SUP-006,PRD-00143,2022-12-11,2023-01-01,2023-01-02,324,321,3,Delivered
SHP-0000114,SUP-025,PRD-00577,2021-02-24,2021-04-17,2021-04-24,856,831,25,Delivered
SHP-0000115,SUP-066,PRD-00284,2022-08-18,2022-10-02,2022-10-02,402,402,0,Delivered
SHP-0000116,SUP-022,PRD-00305,2020-05-24,2020-06-06,2020-06-06,539,539,0,Late
SHP-0000117,SUP-003,PRD-00768,2022-03-21,2022-04-10,2022-04-10,573,568,5,Delivered
SHP-0000118,SUP-038,PRD-00740,2020-10-15,2020-11-06,2020-11-10,724,703,21,Delivered
SHP-0000119,SUP-040,PRD-00289,2021-02-28,2021-03-15,2021-03-16,572,572,0,Delivered
SHP-0000120,SUP-066,PRD-00705,2026-07-11,2026-08-20,2026-08-21,621,621,0,Delivered
SHP-0000121,SUP-031,PRD-00822,2025-08-04,2025-10-11,2025-10-11,1389,1348,41,Delivered
SHP-0000122,SUP-019,PRD-00124,2025-01-29,2025-02-04,2025-02-09,1116,861,8,Partial
SHP-0000123,SUP-002,PRD-00073,2023-01-13,2023-03-28,2023-04-11,900,900,0,Delivered
SHP-0000124,SUP-068,PRD-00550,2021-03-26,2021-04-17,2021-04-20,67,67,0,Delivered
SHP-0000125,SUP-048,PRD-00448,2021-03-23,2021-04-07,2021-04-07,219,213,6,Late
SHP-0000126,SUP-049,PRD-00212,2023-07-01,2023-07-21,2023-07-30,1299,1080,0,Partial
SHP-0000127,SUP-011,PRD-00477,2024-09-04,2024-09-21,2024-09-22,321,321,0,Delivered
SHP-0000128,SUP-004,PRD-00409,2023-09-13,2023-10-01,2023-10-01,236,229,7,Delivered
SHP-0000129,SUP-004,PRD-00733,2022-08-16,2022-09-04,2022-09-05,80,80,0,Delivered
SHP-0000130,SUP-029,PRD-00642,2024-10-22,2024-11-14,2024-11-14,631,631,0,Delivered
SHP-0000131,SUP-019,PRD-00867,2020-04-02,2020-04-15,2020-04-16,138,138,0,Delivered
SHP-0000132,SUP-027,PRD-00637,2024-07-27,2024-08-13,2024-08-17,1195,1184,11,Late
SHP-0000133,SUP-006,PRD-00294,2023-06-06,2023-06-14,2023-06-20,50,50,0,Delivered
SHP-0000134,SUP-002,PRD-00700,2021-06-06,2021-07-04,2021-07-14,1490,1446,44,Late
SHP-0000135,SUP-005,PRD-00085,2024-06-20,2024-07-09,2024-07-13,1151,1151,0,Delivered
SHP-0000136,SUP-046,PRD-00879,2023-10-26,2023-11-04,2023-11-10,906,906,0,Delivered
SHP-0000137,SUP-050,PRD-00794,2025-08-03,2025-10-11,2025-10-11,611,611,0,Delivered
SHP-0000138,SUP-057,PRD-00219,2022-08-24,2022-08-31,2022-09-08,1167,1156,11,Delivered
SHP-0000139,SUP-035,PRD-00041,2024-02-20,2024-03-03,2024-03-18,894,886,8,Late
SHP-0000140,SUP-027,PRD-00308,2024-10-16,2024-11-03,2024-11-05,454,454,0,Delivered
SHP-0000141,SUP-047,PRD-00266,2025-03-21,2025-04-23,2025-04-23,1057,1057,0,Late
SHP-0000142,SUP-006,PRD-00644,2025-04-20,2025-05-06,2025-05-07,1203,1191,12,Delivered
SHP-0000143,SUP-035,PRD-00601,2025-10-01,2025-10-17,2025-10-17,1173,917,0,Partial
SHP-0000144,SUP-030,PRD-00069,2025-06-06,2025-06-25,2025-06-25,642,642,0,Delivered
SHP-0000145,SUP-034,PRD-00156,2026-03-01,2026-03-13,2026-03-16,1367,1367,0,Delivered
SHP-0000146,SUP-058,PRD-00468,2024-08-16,2024-10-20,2024-10-22,323,320,3,Delivered
SHP-0000147,SUP-063,PRD-00743,2026-01-26,2026-02-16,2026-02-16,497,493,4,Delivered
SHP-0000148,SUP-022,PRD-00770,2021-04-27,2021-05-06,2021-05-06,51,51,0,Delivered
SHP-0000149,SUP-061,PRD-00684,2024-04-04,2024-04-12,2024-04-18,1059,1049,10,Delivered
SHP-0000150,SUP-023,PRD-00242,2025-03-04,2025-03-10,2025-03-14,395,395,0,Delivered
SHP-0000151,SUP-069,PRD-00139,2020-02-24,2020-03-10,2020-03-11,96,96,0,Delivered
SHP-0000152,SUP-022,PRD-00024,2025-05-19,2025-05-27,2025-06-13,937,937,0,Delivered
SHP-0000153,SUP-048,PRD-00258,2025-01-16,2025-02-07,2025-02-09,677,677,0,Delivered
SHP-0000154,SUP-003,PRD-00474,2023-01-29,2023-02-22,2023-02-22,787,787,0,Delivered
SHP-0000155,SUP-064,PRD-00235,2025-10-21,2025-12-15,2025-12-15,1421,1407,14,Delivered
SHP-0000156,SUP-059,PRD-00759,2022-02-22,2022-03-01,2022-03-10,949,921,28,Late
SHP-0000157,SUP-039,PRD-00436,2021-05-20,2021-06-07,2021-06-13,1222,1222,0,Delivered
SHP-0000158,SUP-023,PRD-00093,2024-05-24,2024-06-04,2024-06-10,680,680,0,Delivered
SHP-0000159,SUP-009,PRD-00118,2020-07-14,2020-08-20,2020-08-20,170,170,0,Delivered
SHP-0000160,SUP-069,PRD-00013,2025-03-05,2025-03-10,2025-03-12,872,864,8,Delivered
SHP-0000161,SUP-015,PRD-00501,2026-04-20,2026-05-12,2026-05-16,1149,1138,11,Delivered
SHP-0000162,SUP-013,PRD-00400,2022-02-16,2022-03-12,2022-03-13,138,138,0,Delivered
SHP-0000163,SUP-027,PRD-00367,2020-02-23,2020-03-10,2020-03-11,874,874,0,Delivered
SHP-0000164,SUP-029,PRD-00762,2026-04-25,2026-05-19,2026-05-19,424,424,0,Delivered
SHP-0000165,SUP-059,PRD-00110,2024-01-11,2024-01-19,2024-01-27,801,613,0,Partial
SHP-0000166,SUP-064,PRD-00325,2024-04-07,2024-05-23,2024-05-27,1439,1439,0,Delivered
SHP-0000167,SUP-011,PRD-00411,2024-09-27,2024-10-11,2024-10-11,1486,1472,14,Late
SHP-0000168,SUP-020,PRD-00765,2020-06-28,2020-09-08,2020-09-09,248,248,0,Delivered
SHP-0000169,SUP-054,PRD-00037,2025-09-29,2025-10-19,2025-10-19,1143,853,0,Partial
SHP-0000170,SUP-053,PRD-00363,2024-05-29,2024-06-19,2024-06-24,251,244,7,Delivered
SHP-0000171,SUP-042,PRD-00847,2025-05-26,2025-06-26,2025-07-01,496,496,0,Late
SHP-0000172,SUP-020,PRD-00167,2022-09-18,2022-11-15,2022-11-21,118,115,3,Late
SHP-0000173,SUP-017,PRD-00817,2024-01-01,2024-01-21,2024-01-29,986,986,0,Delivered
SHP-0000174,SUP-066,PRD-00660,2024-12-02,2025-02-07,2025-02-07,97,97,0,Delivered
SHP-0000175,SUP-049,PRD-00212,2024-08-29,2024-09-22,2024-09-29,856,831,25,Delivered
SHP-0000176,SUP-057,PRD-00870,2021-03-12,2021-03-22,2021-03-22,1108,728,0,Partial
SHP-0000177,SUP-039,PRD-00081,2026-08-05,2026-08-27,2026-08-27,710,710,0,Delivered
SHP-0000178,SUP-028,PRD-00605,2021-12-24,2022-01-11,2022-01-11,1373,1373,0,Delivered
SHP-0000179,SUP-047,PRD-00207,2024-11-25,2024-12-08,2024-12-11,299,291,8,Delivered
SHP-0000180,SUP-039,PRD-00360,2025-04-06,2025-04-15,2025-04-15,70,70,0,Delivered
SHP-0000181,SUP-042,PRD-00098,2023-11-18,2024-01-11,2024-01-16,1332,1332,0,Delivered
SHP-0000182,SUP-049,PRD-00222,2023-01-13,2023-01-21,2023-01-21,596,596,0,Delivered
SHP-0000183,SUP-058,PRD-00262,2025-03-08,2025-05-01,2025-05-01,454,360,3,Partial
SHP-0000184,SUP-023,PRD-00748,2020-01-30,2020-02-11,2020-02-18,1240,1141,99,Delivered
SHP-0000185,SUP-020,PRD-00844,2026-05-11,2026-05-26,2026-05-26,368,365,3,Delivered
SHP-0000186,SUP-064,PRD-00680,2026-01-19,2026-02-21,2026-02-21,1429,1415,14,Delivered
SHP-0000187,SUP-004,PRD-00279,2021-09-21,2021-09-26,2021-09-29,1428,1428,0,Delivered
SHP-0000188,SUP-023,PRD-00748,2025-01-12,2025-02-22,2025-02-22,309,309,0,Delivered
SHP-0000189,SUP-032,PRD-00357,2023-05-25,2023-07-29,2023-07-29,1405,1391,14,Delivered
SHP-0000190,SUP-033,PRD-00127,2024-07-21,2024-08-10,2024-08-10,624,624,0,Delivered
SHP-0000191,SUP-043,PRD-00418,2020-06-29,2020-07-25,2020-07-28,984,984,0,Delivered
SHP-0000192,SUP-020,PRD-00785,2022-01-14,2022-03-18,2022-03-18,1071,1071,0,Delivered
SHP-0000193,SUP-019,PRD-00286,2020-03-05,2020-03-24,2020-03-24,1432,1432,0,Late
SHP-0000194,SUP-023,PRD-00698,2021-08-28,2021-10-14,2021-10-14,542,537,5,Delivered
SHP-0000195,SUP-063,PRD-00065,2021-04-29,2021-05-13,2021-05-13,350,350,0,Delivered
SHP-0000196,SUP-043,PRD-00008,2022-07-24,2022-08-11,2022-08-13,424,420,4,Late
SHP-0000197,SUP-066,PRD-00533,2025-04-05,2025-05-14,2025-05-21,1025,1025,0,Delivered
SHP-0000198,SUP-020,PRD-00510,2024-10-15,2024-11-29,2024-11-29,1222,1186,36,Delivered
SHP-0000199,SUP-059,PRD-00110,2020-06-13,2020-07-01,2020-07-05,1203,1167,36,Delivered
SHP-0000200,SUP-058,PRD-00747,2023-03-08,2023-04-05,2023-04-15,559,559,0,Delivered
SHP-0000201,SUP-001,PRD-00475,2020-12-25,2021-01-12,2021-01-25,1019,1009,10,Delivered
SHP-0000202,SUP-043,PRD-00418,2026-04-20,2026-04-29,2026-04-29,336,336,0,Delivered
SHP-0000203,SUP-009,PRD-00495,2021-07-13,2021-09-15,2021-09-15,1483,1483,0,Delivered
SHP-0000204,SUP-013,PRD-00400,2023-12-19,2024-01-04,2024-01-04,977,977,0,Delivered
SHP-0000205,SUP-016,PRD-00730,2022-03-26,2022-05-10,2022-05-10,487,487,0,Delivered
SHP-0000206,SUP-026,PRD-00799,2020-03-03,2020-03-21,2020-03-21,882,882,0,Delivered
SHP-0000207,SUP-068,PRD-00382,2025-12-09,2025-12-24,2025-12-24,465,452,13,Delivered
SHP-0000208,SUP-056,PRD-00192,2024-08-08,2024-10-21,2024-10-30,476,472,4,Delivered
SHP-0000209,SUP-020,PRD-00543,2025-05-15,2025-06-14,2025-06-14,1344,1344,0,Delivered
SHP-0000210,SUP-065,PRD-00691,2025-02-26,2025-04-09,2025-04-13,315,306,9,Delivered
SHP-0000211,SUP-060,PRD-00203,2022-06-16,2022-07-04,2022-07-04,514,514,0,Delivered
SHP-0000212,SUP-047,PRD-00744,2021-03-13,2021-04-17,2021-04-17,367,367,0,Delivered
SHP-0000213,SUP-021,PRD-00083,2022-08-10,2022-10-22,2022-10-24,265,263,2,Late
SHP-0000214,SUP-039,PRD-00108,2026-01-30,2026-02-21,2026-02-21,172,167,5,Delivered
SHP-0000215,SUP-039,PRD-00854,2021-03-27,2021-04-01,2021-04-13,354,354,0,Late
SHP-0000216,SUP-066,PRD-00620,2024-05-10,2024-06-01,2024-06-07,199,199,0,Delivered
SHP-0000217,SUP-021,PRD-00830,2022-10-31,2022-12-07,2022-12-07,315,312,3,Delivered
SHP-0000218,SUP-066,PRD-00620,2023-11-16,2023-12-10,2023-12-10,191,190,1,Delivered
SHP-0000219,SUP-033,PRD-00781,2022-11-19,2022-11-24,2022-11-24,231,231,0,Delivered
SHP-0000220,SUP-010,PRD-00731,2020-01-28,2020-02-28,2020-02-28,701,701,0,Delivered
SHP-0000221,SUP-060,PRD-00336,2023-05-11,2023-06-04,2023-06-07,1318,1318,0,Delivered
SHP-0000222,SUP-023,PRD-00324,2022-11-25,2023-01-28,2023-02-04,348,348,0,Late
SHP-0000223,SUP-064,PRD-00198,2022-08-12,2022-08-29,2022-08-29,64,64,0,Delivered
SHP-0000224,SUP-026,PRD-00688,2026-05-23,2026-06-12,2026-06-19,161,160,1,Delivered
SHP-0000225,SUP-033,PRD-00132,2022-11-17,2022-12-01,2022-12-09,1401,1401,0,Delivered
SHP-0000226,SUP-035,PRD-00457,2020-04-28,2020-05-07,2020-05-07,596,596,0,Delivered
SHP-0000227,SUP-019,PRD-00124,2023-01-31,2023-02-24,2023-02-24,465,465,0,Delivered
SHP-0000228,SUP-053,PRD-00518,2024-08-08,2024-08-23,2024-09-10,714,707,7,Delivered
SHP-0000229,SUP-021,PRD-00083,2024-06-11,2024-07-09,2024-07-18,641,635,6,Delivered
SHP-0000230,SUP-070,PRD-00494,2021-11-02,2021-11-26,2021-11-28,963,963,0,Delivered
SHP-0000231,SUP-041,PRD-00451,2024-04-27,2024-07-05,2024-07-07,470,433,37,Delivered
SHP-0000232,SUP-014,PRD-00009,2024-09-02,2024-11-14,2024-11-22,1260,1260,0,Delivered
SHP-0000233,SUP-032,PRD-00333,2024-09-08,2024-11-08,2024-11-15,828,828,0,Delivered
SHP-0000234,SUP-041,PRD-00166,2021-04-20,2021-05-23,2021-05-24,297,297,0,Delivered
SHP-0000235,SUP-046,PRD-00756,2026-07-22,2026-07-30,2026-08-02,1130,1130,0,Delivered
SHP-0000236,SUP-006,PRD-00244,2023-07-24,2023-08-12,2023-08-24,740,740,0,Delivered
SHP-0000237,SUP-030,PRD-00522,2022-04-14,2022-04-27,2022-05-02,1127,1127,0,Delivered
SHP-0000238,SUP-029,PRD-00647,2025-08-23,2025-09-11,2025-09-20,1455,1441,14,Delivered
SHP-0000239,SUP-001,PRD-00736,2025-09-27,2025-10-14,2025-10-15,1010,687,0,Partial
SHP-0000240,SUP-026,PRD-00419,2020-08-26,2020-09-02,2020-09-18,466,466,0,Delivered
SHP-0000241,SUP-018,PRD-00848,2020-03-07,2020-03-16,2020-03-18,552,552,0,Delivered
SHP-0000242,SUP-041,PRD-00166,2023-12-09,2024-02-17,2024-02-17,1089,1089,0,Delivered
SHP-0000243,SUP-027,PRD-00652,2021-11-29,2021-12-13,2021-12-13,256,256,0,Delivered
SHP-0000244,SUP-064,PRD-00198,2024-04-03,2024-04-10,2024-04-10,358,358,0,Late
SHP-0000245,SUP-066,PRD-00705,2022-03-29,2022-05-12,2022-05-17,228,228,0,Delivered
SHP-0000246,SUP-066,PRD-00533,2022-06-19,2022-07-28,2022-07-30,1157,1157,0,Delivered
SHP-0000247,SUP-066,PRD-00255,2025-01-06,2025-02-20,2025-02-21,1227,1227,0,Delivered
SHP-0000248,SUP-051,PRD-00053,2021-05-31,2021-06-23,2021-06-30,268,268,0,Delivered
SHP-0000249,SUP-066,PRD-00213,2022-10-19,2022-11-08,2022-11-12,1100,950,0,Partial
SHP-0000250,SUP-041,PRD-00553,2025-11-21,2026-01-02,2026-01-12,462,462,0,Delivered
SHP-0000251,SUP-018,PRD-00293,2022-11-21,2022-12-07,2022-12-11,1022,1022,0,Delivered
SHP-0000252,SUP-018,PRD-00338,2020-05-07,2020-05-27,2020-06-04,333,333,0,Delivered
SHP-0000253,SUP-052,PRD-00090,2025-03-19,2025-04-11,2025-04-25,292,292,0,Delivered
SHP-0000254,SUP-020,PRD-00167,2024-04-25,2024-06-29,2024-06-29,293,291,2,Delivered
SHP-0000255,SUP-026,PRD-00557,2026-03-06,2026-03-28,2026-03-30,1419,1419,0,Delivered
SHP-0000256,SUP-038,PRD-00330,2025-11-27,2025-12-07,2025-12-07,638,638,0,Delivered
SHP-0000257,SUP-054,PRD-00596,2026-02-23,2026-03-19,2026-03-20,926,917,9,Delivered
SHP-0000258,SUP-058,PRD-00567,2020-07-12,2020-08-21,2020-08-23,1238,1238,0,Delivered
SHP-0000259,SUP-029,PRD-00480,2020-06-19,2020-07-01,2020-07-03,1141,1130,11,Delivered
SHP-0000260,SUP-060,PRD-00282,2023-02-09,2023-02-21,2023-03-01,285,285,0,Delivered
SHP-0000261,SUP-043,PRD-00008,2022-04-06,2022-05-14,2022-05-14,1395,1395,0,Delivered
SHP-0000262,SUP-042,PRD-00373,2023-11-04,2023-12-18,2023-12-22,712,570,0,Partial
SHP-0000263,SUP-035,PRD-00811,2026-04-10,2026-04-18,2026-04-28,1319,1280,39,Delivered
SHP-0000264,SUP-049,PRD-00021,2026-05-06,2026-05-30,2026-06-18,1178,1178,0,Delivered
SHP-0000265,SUP-009,PRD-00243,2020-08-01,2020-08-07,2020-08-07,250,250,0,Delivered
SHP-0000266,SUP-009,PRD-00495,2020-07-19,2020-08-07,2020-08-07,1043,1043,0,Delivered
SHP-0000267,SUP-044,PRD-00175,2021-09-25,2021-10-12,2021-10-15,95,95,0,Delivered
SHP-0000268,SUP-060,PRD-00137,2025-08-03,2025-08-22,2025-08-22,58,57,1,Late
SHP-0000269,SUP-025,PRD-00554,2021-06-05,2021-06-22,2021-06-28,1390,1390,0,Delivered
SHP-0000270,SUP-021,PRD-00738,2025-09-15,2025-09-24,2025-10-13,914,914,0,Delivered
SHP-0000271,SUP-010,PRD-00572,2025-11-24,2026-01-31,2026-02-01,170,170,0,Late
SHP-0000272,SUP-013,PRD-00831,2021-09-24,2021-10-09,2021-10-16,788,788,0,Delivered
SHP-0000273,SUP-011,PRD-00391,2021-09-10,2021-09-25,2021-10-05,522,522,0,Delivered
SHP-0000274,SUP-058,PRD-00885,2021-10-06,2021-12-13,2021-12-15,438,438,0,Delivered
SHP-0000275,SUP-020,PRD-00579,2023-05-24,2023-06-01,2023-06-01,924,924,0,Delivered
SHP-0000276,SUP-057,PRD-00181,2021-08-24,2021-09-10,2021-09-10,221,221,0,Delivered
SHP-0000277,SUP-033,PRD-00051,2022-02-14,2022-04-07,2022-04-17,903,903,0,Delivered
SHP-0000278,SUP-040,PRD-00602,2024-07-28,2024-08-17,2024-08-19,591,574,17,Delivered
SHP-0000279,SUP-031,PRD-00234,2022-07-12,2022-08-16,2022-08-24,229,229,0,Delivered
SHP-0000280,SUP-063,PRD-00722,2023-08-22,2023-08-29,2023-08-30,1431,1431,0,Delivered
SHP-0000281,SUP-057,PRD-00100,2020-11-13,2020-11-24,2020-12-04,983,983,0,Delivered
SHP-0000282,SUP-004,PRD-00733,2022-01-25,2022-02-09,2022-02-18,334,331,3,Delivered
SHP-0000283,SUP-035,PRD-00328,2024-09-11,2024-09-28,2024-09-28,1235,1223,12,Delivered
SHP-0000284,SUP-059,PRD-00416,2025-01-10,2025-01-24,2025-01-24,724,724,0,Delivered
SHP-0000285,SUP-020,PRD-00543,2023-09-30,2023-11-21,2023-12-05,704,704,0,Delivered
SHP-0000286,SUP-016,PRD-00296,2025-09-02,2025-10-20,2025-10-26,285,283,2,Delivered
SHP-0000287,SUP-070,PRD-00708,2022-05-11,2022-06-01,2022-06-01,876,876,0,Delivered
SHP-0000288,SUP-033,PRD-00873,2024-09-12,2024-10-30,2024-11-08,957,870,0,Partial
SHP-0000289,SUP-035,PRD-00059,2022-07-20,2022-08-12,2022-08-12,1478,1478,0,Delivered
SHP-0000290,SUP-054,PRD-00828,2023-02-12,2023-02-28,2023-03-01,1087,1087,0,Delivered
SHP-0000291,SUP-014,PRD-00655,2020-11-07,2020-12-05,2020-12-05,1071,1071,0,Delivered
SHP-0000292,SUP-036,PRD-00711,2026-05-11,2026-05-22,2026-05-28,1300,1287,13,Late
SHP-0000293,SUP-031,PRD-00812,2023-01-06,2023-03-05,2023-03-05,484,470,14,Delivered
SHP-0000294,SUP-022,PRD-00770,2020-10-28,2020-11-09,2020-11-11,596,596,0,Delivered
SHP-0000295,SUP-037,PRD-00834,2023-12-19,2024-01-06,2024-01-14,686,686,0,Delivered
SHP-0000296,SUP-058,PRD-00158,2021-11-23,2022-01-01,2022-01-10,941,913,28,Delivered
SHP-0000297,SUP-008,PRD-00536,2021-04-30,2021-05-25,2021-05-25,1260,1260,0,Delivered
SHP-0000298,SUP-039,PRD-00079,2024-01-16,2024-01-26,2024-01-27,1429,1429,0,Late
SHP-0000299,SUP-070,PRD-00396,2026-08-11,2026-08-24,2026-08-24,1042,1042,0,Delivered
SHP-0000300,SUP-004,PRD-00440,2023-02-14,2023-03-09,2023-03-12,293,293,0,Delivered
SHP-0000301,SUP-013,PRD-00571,2025-06-21,2025-06-30,2025-06-30,246,244,2,Delivered
SHP-0000302,SUP-055,PRD-00044,2023-09-07,2023-10-18,2023-11-01,164,164,0,Delivered
SHP-0000303,SUP-067,PRD-00623,2025-06-30,2025-07-06,2025-07-19,1469,1469,0,Late
SHP-0000304,SUP-059,PRD-00774,2024-03-25,2024-04-10,2024-04-10,456,452,4,Late
SHP-0000305,SUP-039,PRD-00854,2021-12-21,2022-01-10,2022-01-10,1158,1147,11,Delivered
SHP-0000306,SUP-004,PRD-00440,2025-05-31,2025-06-14,2025-06-26,1181,1181,0,Delivered
SHP-0000307,SUP-006,PRD-00005,2020-02-28,2020-03-18,2020-03-18,1137,1103,34,Delivered
SHP-0000308,SUP-068,PRD-00193,2023-01-23,2023-02-05,2023-02-15,1082,1050,32,Delivered
SHP-0000309,SUP-006,PRD-00592,2023-10-27,2023-11-16,2023-11-24,546,530,16,Delivered
SHP-0000310,SUP-050,PRD-00588,2020-04-26,2020-06-03,2020-06-20,843,843,0,Delivered
SHP-0000311,SUP-049,PRD-00369,2023-06-14,2023-07-03,2023-07-03,1107,1107,0,Delivered
SHP-0000312,SUP-010,PRD-00727,2025-04-11,2025-04-28,2025-04-28,443,439,4,Late
SHP-0000313,SUP-048,PRD-00779,2026-03-06,2026-03-19,2026-03-24,658,658,0,Delivered
SHP-0000314,SUP-051,PRD-00734,2025-03-20,2025-03-28,2025-03-28,316,316,0,Delivered
SHP-0000315,SUP-017,PRD-00113,2022-07-17,2022-08-07,2022-08-07,1137,1103,34,Delivered
SHP-0000316,SUP-056,PRD-00429,2026-04-24,2026-05-27,2026-05-27,108,108,0,Late
SHP-0000317,SUP-049,PRD-00761,2022-01-06,2022-01-23,2022-02-02,770,747,23,Delivered
SHP-0000318,SUP-041,PRD-00229,2020-04-06,2020-06-04,2020-06-09,560,516,44,Delivered
SHP-0000319,SUP-040,PRD-00211,2024-02-09,2024-02-28,2024-03-14,946,946,0,Late
SHP-0000320,SUP-060,PRD-00884,2026-07-03,2026-07-24,2026-07-30,776,776,0,Delivered
SHP-0000321,SUP-029,PRD-00642,2025-06-09,2025-06-29,2025-07-15,234,234,0,Delivered
SHP-0000322,SUP-016,PRD-00819,2024-07-22,2024-09-26,2024-09-26,1091,1059,32,Delivered
SHP-0000323,SUP-047,PRD-00832,2023-06-29,2023-07-31,2023-08-04,1446,1432,14,Delivered
SHP-0000324,SUP-031,PRD-00234,2020-04-06,2020-06-10,2020-06-21,1251,1214,37,Delivered
SHP-0000325,SUP-060,PRD-00285,2024-04-01,2024-04-08,2024-04-11,311,311,0,Delivered
SHP-0000326,SUP-066,PRD-00804,2025-06-29,2025-09-01,2025-09-09,561,556,5,Delivered
SHP-0000327,SUP-058,PRD-00060,2026-04-02,2026-04-21,2026-04-21,454,441,13,Delivered
SHP-0000328,SUP-067,PRD-00686,2023-01-12,2023-02-05,2023-02-05,1449,1449,0,Delivered
SHP-0000329,SUP-055,PRD-00044,2020-02-08,2020-04-10,2020-04-11,69,69,0,Delivered
SHP-0000330,SUP-042,PRD-00472,2025-07-17,2025-08-12,2025-08-15,123,123,0,Delivered
SHP-0000331,SUP-062,PRD-00772,2024-01-31,2024-03-18,2024-03-18,1448,1448,0,Delivered
SHP-0000332,SUP-027,PRD-00462,2023-11-19,2023-12-01,2023-12-01,705,698,7,Delivered
SHP-0000333,SUP-025,PRD-00288,2021-12-16,2022-02-18,2022-02-18,710,710,0,Delivered
SHP-0000334,SUP-030,PRD-00766,2026-02-17,2026-03-11,2026-03-18,1286,1274,12,Late
SHP-0000335,SUP-040,PRD-00269,2024-01-09,2024-02-01,2024-02-06,1068,983,85,Late
SHP-0000336,SUP-030,PRD-00131,2020-08-23,2020-09-06,2020-09-06,830,830,0,Delivered
SHP-0000337,SUP-048,PRD-00147,2020-03-01,2020-03-22,2020-03-22,490,486,4,Late
SHP-0000338,SUP-015,PRD-00445,2025-04-03,2025-04-26,2025-04-26,1376,1376,0,Delivered
SHP-0000339,SUP-024,PRD-00403,2025-02-04,2025-02-28,2025-02-28,603,603,0,Delivered
SHP-0000340,SUP-029,PRD-00647,2026-05-17,2026-05-28,2026-05-28,472,472,0,Delivered
SHP-0000341,SUP-023,PRD-00351,2025-08-15,2025-10-03,2025-10-03,539,539,0,Delivered
SHP-0000342,SUP-007,PRD-00491,2023-02-15,2023-02-22,2023-03-03,1491,1447,44,Delivered
SHP-0000343,SUP-016,PRD-00296,2025-03-07,2025-04-30,2025-05-04,1469,991,0,Partial
SHP-0000344,SUP-012,PRD-00150,2024-07-22,2024-08-08,2024-08-10,909,909,0,Delivered
SHP-0000345,SUP-020,PRD-00199,2024-11-25,2024-12-20,2024-12-20,850,842,8,Delivered
SHP-0000346,SUP-031,PRD-00678,2021-05-16,2021-06-07,2021-06-07,444,444,0,Delivered
SHP-0000347,SUP-066,PRD-00245,2022-01-08,2022-02-01,2022-02-05,1198,1198,0,Late
SHP-0000348,SUP-040,PRD-00530,2023-03-17,2023-03-26,2023-04-05,1334,1334,0,Delivered
SHP-0000349,SUP-048,PRD-00448,2022-01-11,2022-01-31,2022-02-02,1106,1106,0,Delivered
SHP-0000350,SUP-031,PRD-00822,2020-06-19,2020-07-25,,1254,990,0,Partial
SHP-0000351,SUP-002,PRD-00056,2020-08-10,2020-09-23,2020-10-06,902,902,0,Late
SHP-0000352,SUP-017,PRD-00272,2026-07-30,2026-08-12,2026-08-12,255,253,2,Delivered
SHP-0000353,SUP-020,PRD-00425,2020-05-30,2020-07-03,2020-07-12,1195,1195,0,Delivered
SHP-0000354,SUP-027,PRD-00758,2024-11-12,2024-11-29,2024-11-29,120,120,0,Delivered
SHP-0000355,SUP-068,PRD-00193,2021-10-10,2021-10-22,2021-11-05,550,550,0,Delivered
SHP-0000356,SUP-052,PRD-00439,2024-04-29,2024-05-13,2024-05-13,1442,1442,0,Delivered
SHP-0000357,SUP-059,PRD-00329,2024-03-09,2024-03-29,2024-04-12,289,254,20,Partial
SHP-0000358,SUP-028,PRD-00471,2021-11-03,2021-11-10,2021-11-13,1187,975,29,Partial
SHP-0000359,SUP-010,PRD-00126,2024-09-25,2024-10-19,2024-11-04,112,111,1,Delivered
SHP-0000360,SUP-049,PRD-00405,2023-05-12,2023-05-24,2023-05-26,392,392,0,Delivered
SHP-0000361,SUP-052,PRD-00497,2020-11-06,2020-11-18,2020-11-21,344,344,0,Delivered
SHP-0000362,SUP-063,PRD-00343,2021-03-19,2021-03-26,2021-03-28,767,767,0,Delivered
SHP-0000363,SUP-005,PRD-00564,2024-11-01,2024-11-07,2024-11-17,375,375,0,Delivered
SHP-0000364,SUP-061,PRD-00589,2021-03-22,2021-04-11,2021-04-20,1055,1055,0,Delivered
SHP-0000365,SUP-055,PRD-00002,2025-08-15,2025-08-25,2025-08-29,956,956,0,Delivered
SHP-0000366,SUP-064,PRD-00413,2025-06-02,2025-07-15,2025-07-15,256,214,2,Partial
SHP-0000367,SUP-042,PRD-00342,2023-10-03,2023-11-01,2023-11-06,1098,1098,0,Delivered
SHP-0000368,SUP-048,PRD-00202,2024-03-02,2024-03-15,2024-03-15,1323,1323,0,Late
SHP-0000369,SUP-021,PRD-00083,2024-11-28,2025-01-28,2025-02-03,1448,1434,14,Late
SHP-0000370,SUP-005,PRD-00306,2024-05-30,2024-06-08,2024-06-08,919,919,0,Delivered
SHP-0000371,SUP-043,PRD-00418,2024-08-21,2024-09-07,2024-09-07,1111,1078,33,Delivered
SHP-0000372,SUP-056,PRD-00429,2024-07-03,2024-08-15,2024-08-15,838,830,8,Late
SHP-0000373,SUP-056,PRD-00429,2024-07-23,2024-08-28,2024-08-28,829,805,24,Delivered
SHP-0000374,SUP-056,PRD-00856,2020-08-25,2020-09-01,2020-09-03,1155,1155,0,Delivered
SHP-0000375,SUP-039,PRD-00022,2025-01-20,2025-02-06,2025-02-10,606,600,6,Late
SHP-0000376,SUP-038,PRD-00718,2022-05-01,2022-05-25,2022-06-15,1323,1323,0,Delivered
SHP-0000377,SUP-057,PRD-00218,2021-11-08,2021-11-14,2021-11-18,214,212,2,Delivered
SHP-0000378,SUP-032,PRD-00845,2024-04-06,2024-05-03,2024-05-07,192,192,0,Delivered
SHP-0000379,SUP-032,PRD-00151,2026-01-07,2026-03-05,2026-03-06,79,77,2,Late
SHP-0000380,SUP-044,PRD-00165,2020-09-11,2020-09-28,2020-10-08,805,805,0,Delivered
SHP-0000381,SUP-036,PRD-00254,2020-12-19,2021-01-24,2021-01-24,124,115,9,Delivered
SHP-0000382,SUP-040,PRD-00201,2024-01-06,2024-01-27,2024-02-04,114,114,0,Delivered
SHP-0000383,SUP-031,PRD-00678,2022-03-10,2022-05-04,2022-05-06,1054,1054,0,Late
SHP-0000384,SUP-066,PRD-00723,2026-04-01,2026-05-14,2026-05-25,746,724,22,Delivered
SHP-0000385,SUP-051,PRD-00734,2021-01-30,2021-02-14,2021-02-16,927,927,0,Delivered
SHP-0000386,SUP-031,PRD-00064,2025-03-09,2025-05-06,2025-05-06,305,305,0,Delivered
SHP-0000387,SUP-013,PRD-00890,2025-01-23,2025-02-15,2025-03-02,1479,1479,0,Delivered
SHP-0000388,SUP-001,PRD-00479,2021-11-15,2021-12-02,2021-12-02,968,968,0,Delivered
SHP-0000389,SUP-004,PRD-00440,2024-05-23,2024-06-09,2024-06-14,996,996,0,Late
SHP-0000390,SUP-054,PRD-00706,2022-05-06,2022-05-12,2022-05-22,774,774,0,Delivered
SHP-0000391,SUP-015,PRD-00433,2021-10-08,2021-10-25,2021-11-05,347,344,3,Delivered
SHP-0000392,SUP-019,PRD-00593,2021-03-08,2021-03-21,2021-03-21,1294,1294,0,Delivered
SHP-0000393,SUP-070,PRD-00850,2025-04-07,2025-04-25,2025-04-25,1137,905,0,Partial
SHP-0000394,SUP-022,PRD-00836,2024-05-03,2024-05-11,2024-05-11,682,682,0,Delivered
SHP-0000395,SUP-010,PRD-00572,2020-07-11,2020-09-09,2020-09-13,349,339,10,Delivered
SHP-0000396,SUP-026,PRD-00799,2024-04-13,2024-05-06,2024-05-10,224,218,6,Late
SHP-0000397,SUP-064,PRD-00517,2025-02-28,2025-03-13,2025-03-25,1443,1429,14,Late
SHP-0000398,SUP-019,PRD-00532,2025-11-17,2025-11-25,2025-11-25,488,488,0,Delivered
SHP-0000399,SUP-027,PRD-00520,2023-01-15,2023-01-23,2023-01-29,820,796,24,Late
SHP-0000400,SUP-051,PRD-00401,2025-08-16,2025-09-08,2025-09-08,431,427,4,Delivered
SHP-0000401,SUP-046,PRD-00756,2021-12-09,2022-01-02,2022-01-02,424,420,4,Delivered
SHP-0000402,SUP-023,PRD-00123,2020-04-23,2020-05-08,2020-05-08,156,156,0,Delivered
SHP-0000403,SUP-012,PRD-00150,2020-12-08,2020-12-31,2021-01-13,821,554,0,Partial
SHP-0000404,SUP-055,PRD-00160,2022-01-24,2022-03-30,2022-03-30,1448,1434,14,Delivered
SHP-0000405,SUP-035,PRD-00247,2021-03-25,2021-04-16,2021-04-20,378,378,0,Delivered
SHP-0000406,SUP-006,PRD-00143,2022-07-03,2022-07-19,2022-07-30,189,188,1,Late
SHP-0000407,SUP-023,PRD-00777,2025-03-22,2025-05-13,2025-05-13,242,242,0,Delivered
SHP-0000408,SUP-062,PRD-00547,2021-12-31,2022-01-21,2022-01-24,378,378,0,Delivered
SHP-0000409,SUP-070,PRD-00708,2025-01-15,2025-01-21,2025-01-23,913,913,0,Delivered
SHP-0000410,SUP-002,PRD-00130,2023-06-10,2023-07-03,2023-07-03,1198,1198,0,Late
SHP-0000411,SUP-050,PRD-00548,2020-04-11,2020-04-25,2020-04-29,784,761,23,Delivered
SHP-0000412,SUP-039,PRD-00108,2022-01-11,2022-01-19,2022-01-19,676,670,6,Delivered
SHP-0000413,SUP-039,PRD-00398,2024-10-29,2024-11-15,2024-11-18,180,180,0,Delivered
SHP-0000414,SUP-036,PRD-00254,2023-06-24,2023-07-01,2023-07-01,153,153,0,Delivered
SHP-0000415,SUP-049,PRD-00484,2026-07-05,2026-07-18,2026-07-22,1071,1071,0,Late
SHP-0000416,SUP-001,PRD-00084,2022-01-04,2022-01-27,2022-02-01,478,440,38,Delivered
SHP-0000417,SUP-008,PRD-00169,2021-06-13,2021-06-26,2021-06-26,713,692,21,Delivered
SHP-0000418,SUP-034,PRD-00613,2025-02-07,2025-02-15,2025-02-18,61,61,0,Late
SHP-0000419,SUP-042,PRD-00098,2023-07-24,2023-08-11,2023-08-11,692,692,0,Late
SHP-0000420,SUP-012,PRD-00732,2025-05-21,2025-05-27,2025-05-27,692,692,0,Delivered
SHP-0000421,SUP-051,PRD-00417,2020-10-02,2020-10-20,2020-10-24,1358,1250,108,Delivered
SHP-0000422,SUP-039,PRD-00302,2026-06-12,2026-06-22,2026-06-22,1454,1440,14,Delivered
SHP-0000423,SUP-034,PRD-00793,2025-07-20,2025-08-01,2025-08-05,549,549,0,Delivered
SHP-0000424,SUP-037,PRD-00313,2025-07-26,2025-08-05,2025-08-19,673,673,0,Delivered
SHP-0000425,SUP-060,PRD-00203,2020-10-22,2020-10-30,2020-10-30,1334,1334,0,Delivered
SHP-0000426,SUP-044,PRD-00208,2022-09-01,2022-09-09,2022-09-09,647,647,0,Delivered
SHP-0000427,SUP-064,PRD-00249,2024-01-27,2024-03-14,2024-03-14,1020,1020,0,Delivered
SHP-0000428,SUP-065,PRD-00387,2024-04-24,2024-05-02,2024-05-02,208,208,0,Delivered
SHP-0000429,SUP-031,PRD-00234,2024-01-15,2024-02-28,2024-03-08,1156,1145,11,Delivered
SHP-0000430,SUP-034,PRD-00045,2024-07-09,2024-07-19,2024-07-19,1475,1461,14,Late
SHP-0000431,SUP-013,PRD-00375,2025-08-13,2025-08-19,2025-08-29,70,61,0,Partial
SHP-0000432,SUP-026,PRD-00688,2021-12-29,2022-01-05,2022-01-06,157,157,0,Delivered
SHP-0000433,SUP-046,PRD-00171,2024-01-19,2024-02-11,2024-02-27,696,690,6,Late
SHP-0000434,SUP-065,PRD-00019,2023-06-01,2023-08-08,2023-08-20,744,737,7,Delivered
SHP-0000435,SUP-066,PRD-00533,2025-10-07,2025-10-21,2025-10-25,1482,1482,0,Delivered
SHP-0000436,SUP-064,PRD-00506,2025-10-06,2025-12-11,2025-12-20,368,368,0,Delivered
SHP-0000437,SUP-057,PRD-00218,2024-01-24,2024-02-01,2024-02-05,79,79,0,Late
SHP-0000438,SUP-067,PRD-00058,2021-03-02,2021-03-12,2021-03-15,398,395,3,Delivered
SHP-0000439,SUP-057,PRD-00264,2024-12-25,2025-01-11,2025-01-17,871,871,0,Late
SHP-0000440,SUP-036,PRD-00798,2022-11-15,2023-01-18,2023-01-18,960,960,0,Delivered
SHP-0000441,SUP-038,PRD-00072,2021-06-26,2021-07-08,2021-07-08,684,684,0,Delivered
SHP-0000442,SUP-044,PRD-00208,2023-01-22,2023-02-03,2023-02-03,322,319,3,Delivered
SHP-0000443,SUP-010,PRD-00512,2024-09-14,2024-10-24,2024-10-24,924,924,0,Delivered
SHP-0000444,SUP-007,PRD-00291,2024-02-25,2024-03-24,2024-03-24,1453,1453,0,Delivered
SHP-0000445,SUP-067,PRD-00686,2025-01-26,2025-02-11,2025-02-12,1450,1450,0,Delivered
SHP-0000446,SUP-054,PRD-00227,2023-01-23,2023-01-30,2023-02-02,51,50,1,Delivered
SHP-0000447,SUP-010,PRD-00731,2022-07-09,2022-09-11,2022-09-20,1377,1377,0,Delivered
SHP-0000448,SUP-039,PRD-00446,2023-07-02,2023-07-26,2023-07-26,1221,1185,36,Delivered
SHP-0000449,SUP-064,PRD-00198,2020-03-20,2020-05-29,2020-05-29,942,914,28,Delivered
SHP-0000450,SUP-031,PRD-00155,2024-10-02,2024-10-15,2024-10-25,120,120,0,Delivered
SHP-0000451,SUP-069,PRD-00043,2025-11-08,2025-12-01,2025-12-05,772,772,0,Delivered
SHP-0000452,SUP-009,PRD-00442,2021-10-14,2021-12-26,2021-12-26,1204,1192,12,Delivered
SHP-0000453,SUP-027,PRD-00784,2020-12-06,2020-12-25,2020-12-26,127,127,0,Delivered
SHP-0000454,SUP-045,PRD-00182,2021-09-02,2021-10-21,2021-10-21,1369,1270,12,Partial
SHP-0000455,SUP-050,PRD-00106,2025-05-22,2025-05-28,2025-06-06,747,747,0,Delivered
SHP-0000456,SUP-022,PRD-00024,2024-05-12,2024-05-30,2024-05-30,830,830,0,Late
SHP-0000457,SUP-058,PRD-00032,2023-02-04,2023-02-27,2023-02-27,1344,1344,0,Late
SHP-0000458,SUP-061,PRD-00853,2024-10-26,2024-11-08,2024-11-13,674,674,0,Delivered
SHP-0000459,SUP-067,PRD-00686,2022-04-06,2022-04-17,2022-04-17,424,424,0,Delivered
SHP-0000460,SUP-057,PRD-00248,2021-04-27,2021-05-02,2021-05-02,1312,1312,0,Delivered
SHP-0000461,SUP-006,PRD-00278,2021-11-21,2021-12-02,2021-12-04,205,205,0,Delivered
SHP-0000462,SUP-018,PRD-00267,2025-01-06,2025-01-13,2025-01-13,1213,1116,97,Delivered
SHP-0000463,SUP-030,PRD-00864,2023-05-03,2023-05-20,2023-05-20,238,238,0,Delivered
SHP-0000464,SUP-049,PRD-00350,2025-12-27,2026-01-14,2026-01-15,136,126,10,Delivered
SHP-0000465,SUP-067,PRD-00776,2020-09-28,2020-10-13,2020-10-13,965,965,0,Delivered
SHP-0000466,SUP-041,PRD-00451,2020-10-25,2020-12-03,2020-12-03,267,267,0,Late
SHP-0000467,SUP-057,PRD-00870,2020-02-26,2020-03-03,2020-03-03,1240,1203,37,Delivered
SHP-0000468,SUP-043,PRD-00209,2023-06-06,2023-07-13,2023-07-16,688,688,0,Delivered
SHP-0000469,SUP-055,PRD-00002,2023-07-06,2023-07-24,2023-07-24,109,106,3,Delivered
SHP-0000470,SUP-070,PRD-00358,2024-09-24,2024-10-11,2024-10-19,1080,1070,10,Delivered
SHP-0000471,SUP-034,PRD-00311,2022-08-13,2022-08-27,2022-08-27,1264,1163,101,Delivered
SHP-0000472,SUP-038,PRD-00718,2026-01-03,2026-01-18,2026-01-18,691,691,0,Late
SHP-0000473,SUP-039,PRD-00446,2024-03-26,2024-04-16,2024-04-17,1243,1243,0,Delivered
SHP-0000474,SUP-063,PRD-00895,2021-11-23,2021-12-07,,1440,975,0,Partial
SHP-0000475,SUP-069,PRD-00749,2023-05-30,2023-06-04,2023-06-07,1296,1296,0,Delivered
SHP-0000476,SUP-022,PRD-00191,2020-05-10,2020-06-02,2020-06-09,666,666,0,Delivered
SHP-0000477,SUP-062,PRD-00426,2025-01-05,2025-01-23,2025-02-06,1121,1110,11,Late
SHP-0000478,SUP-002,PRD-00820,2025-05-23,2025-07-11,2025-07-28,1048,1048,0,Delivered
SHP-0000479,SUP-036,PRD-00599,2022-12-14,2023-01-21,2023-01-31,1078,1078,0,Delivered
SHP-0000480,SUP-016,PRD-00730,2022-07-01,2022-08-20,2022-08-31,649,649,0,Delivered
SHP-0000481,SUP-063,PRD-00343,2025-04-01,2025-04-23,2025-04-30,765,765,0,Delivered
SHP-0000482,SUP-064,PRD-00565,2021-10-30,2021-11-07,2021-11-10,296,296,0,Late
SHP-0000483,SUP-010,PRD-00086,2020-02-29,2020-04-30,2020-04-30,699,699,0,Delivered
SHP-0000484,SUP-034,PRD-00045,2023-10-31,2023-11-17,2023-11-17,877,869,8,Delivered
SHP-0000485,SUP-054,PRD-00625,2024-05-28,2024-06-19,2024-06-20,1307,1307,0,Delivered
SHP-0000486,SUP-010,PRD-00482,2021-04-11,2021-06-21,2021-06-29,1490,1490,0,Delivered
SHP-0000487,SUP-038,PRD-00860,2024-11-01,2024-11-19,2024-11-19,546,530,16,Delivered
SHP-0000488,SUP-046,PRD-00428,2021-11-07,2021-11-19,2021-11-19,53,53,0,Delivered
SHP-0000489,SUP-026,PRD-00697,2023-10-09,2023-10-29,2023-10-29,776,776,0,Delivered
SHP-0000490,SUP-054,PRD-00037,2023-08-07,2023-08-21,2023-08-24,499,499,0,Delivered
SHP-0000491,SUP-012,PRD-00092,2022-04-09,2022-04-16,2022-04-16,999,999,0,Delivered
SHP-0000492,SUP-041,PRD-00451,2024-08-29,2024-09-11,2024-09-11,213,213,0,Delivered
SHP-0000493,SUP-046,PRD-00879,2023-09-06,2023-09-26,2023-10-04,1052,1021,31,Delivered
SHP-0000494,SUP-008,PRD-00038,2022-03-28,2022-04-15,2022-04-21,1406,1406,0,Delivered
SHP-0000495,SUP-047,PRD-00266,2021-07-24,2021-08-18,2021-08-18,125,125,0,Delivered
SHP-0000496,SUP-068,PRD-00893,2021-04-22,2021-05-12,2021-05-26,390,387,3,Delivered
SHP-0000497,SUP-014,PRD-00528,2025-01-09,2025-03-11,2025-03-14,643,637,6,Delivered
SHP-0000498,SUP-034,PRD-00793,2023-11-01,2023-11-13,2023-11-13,783,783,0,Delivered
SHP-0000499,SUP-029,PRD-00762,2026-03-12,2026-04-04,2026-04-04,1137,1126,11,Delivered
SHP-0000500,SUP-038,PRD-00860,2021-08-27,2021-09-09,2021-09-09,526,526,0,Delivered
SHP-0000501,SUP-017,PRD-00817,2020-08-03,2020-08-08,2020-08-08,169,169,0,Delivered
SHP-0000502,SUP-042,PRD-00098,2023-11-05,2023-11-22,2023-11-28,949,940,9,Delivered
SHP-0000503,SUP-058,PRD-00252,2025-02-02,2025-02-26,2025-02-26,1277,1265,12,Delivered
SHP-0000504,SUP-010,PRD-00803,2020-11-13,2020-12-19,2020-12-31,1299,1287,12,Delivered
SHP-0000505,SUP-048,PRD-00202,2022-08-03,2022-08-20,2022-08-21,178,177,1,Delivered
SHP-0000506,SUP-003,PRD-00377,2026-03-03,2026-04-29,2026-05-06,432,432,0,Delivered
SHP-0000507,SUP-068,PRD-00238,2023-07-13,2023-08-05,2023-08-05,128,90,0,Partial
SHP-0000508,SUP-049,PRD-00369,2025-08-26,2025-09-16,2025-09-16,634,634,0,Delivered
SHP-0000509,SUP-068,PRD-00559,2021-06-17,2021-06-26,2021-06-26,1204,1204,0,Delivered
SHP-0000510,SUP-012,PRD-00150,2024-02-10,2024-02-16,2024-02-16,543,543,0,Late
SHP-0000511,SUP-018,PRD-00603,2023-07-24,2023-07-30,2023-08-14,839,839,0,Delivered
SHP-0000512,SUP-057,PRD-00317,2026-07-09,2026-08-02,2026-08-07,174,169,5,Late
SHP-0000513,SUP-040,PRD-00211,2026-05-06,2026-05-24,2026-06-06,916,916,0,Delivered
SHP-0000514,SUP-007,PRD-00862,2020-01-31,2020-03-11,2020-03-20,521,390,0,Partial
SHP-0000515,SUP-013,PRD-00321,2024-10-16,2024-10-27,2024-10-27,1138,1138,0,Delivered
SHP-0000516,SUP-040,PRD-00201,2023-07-28,2023-08-11,2023-08-12,507,507,0,Delivered
SHP-0000517,SUP-004,PRD-00733,2020-10-20,2020-11-08,2020-11-08,1333,1333,0,Delivered
SHP-0000518,SUP-013,PRD-00144,2020-08-01,2020-08-07,2020-08-07,1271,1271,0,Delivered
SHP-0000519,SUP-021,PRD-00576,2025-11-20,2026-01-13,2026-01-13,504,504,0,Delivered
SHP-0000520,SUP-054,PRD-00227,2022-12-27,2023-01-03,2023-01-04,684,684,0,Delivered
SHP-0000521,SUP-054,PRD-00828,2020-08-20,2020-09-12,2020-09-21,130,130,0,Delivered
SHP-0000522,SUP-064,PRD-00198,2021-03-25,2021-04-14,2021-04-20,1327,1327,0,Delivered
SHP-0000523,SUP-043,PRD-00658,2022-08-14,2022-10-25,2022-10-27,63,63,0,Delivered
SHP-0000524,SUP-043,PRD-00035,2024-09-02,2024-11-14,2024-11-14,631,631,0,Delivered
SHP-0000525,SUP-044,PRD-00116,2022-01-12,2022-01-31,2022-01-31,119,119,0,Delivered
SHP-0000526,SUP-010,PRD-00126,2023-01-19,2023-03-23,2023-03-23,498,498,0,Delivered
SHP-0000527,SUP-005,PRD-00085,2020-11-03,2020-11-15,2020-11-15,1406,1406,0,Delivered
SHP-0000528,SUP-018,PRD-00338,2020-12-24,2021-01-07,2021-01-07,747,725,22,Delivered
SHP-0000529,SUP-020,PRD-00579,2024-09-29,2024-11-14,2024-11-20,173,173,0,Delivered
SHP-0000530,SUP-030,PRD-00766,2024-11-10,2024-12-03,2024-12-03,1144,1144,0,Delivered
SHP-0000531,SUP-015,PRD-00501,2024-10-11,2024-10-23,,670,549,5,Partial
SHP-0000532,SUP-012,PRD-00732,2024-10-18,2024-10-29,2024-10-29,1041,1041,0,Late
SHP-0000533,SUP-033,PRD-00051,2021-12-24,2022-01-27,2022-02-09,690,690,0,Delivered
SHP-0000534,SUP-036,PRD-00711,2021-12-08,2022-02-05,2022-02-15,617,599,18,Delivered
SHP-0000535,SUP-013,PRD-00890,2024-03-22,2024-04-11,2024-04-11,533,533,0,Delivered
SHP-0000536,SUP-013,PRD-00662,2026-04-22,2026-05-13,2026-05-25,308,206,0,Partial
SHP-0000537,SUP-070,PRD-00358,2023-01-29,2023-02-20,2023-02-20,820,812,8,Delivered
SHP-0000538,SUP-019,PRD-00827,2025-05-02,2025-05-20,2025-05-20,1166,1166,0,Late
SHP-0000539,SUP-066,PRD-00660,2022-04-22,2022-06-20,2022-06-20,1025,1025,0,Delivered
SHP-0000540,SUP-022,PRD-00770,2025-01-25,2025-02-11,2025-02-12,780,780,0,Late
SHP-0000541,SUP-011,PRD-00179,2025-08-12,2025-08-21,2025-09-02,884,884,0,Delivered
SHP-0000542,SUP-043,PRD-00418,2021-04-03,2021-04-09,2021-04-09,826,826,0,Delivered
SHP-0000543,SUP-003,PRD-00556,2024-09-11,2024-11-17,2024-11-19,110,110,0,Delivered
SHP-0000544,SUP-035,PRD-00826,2023-11-16,2023-12-04,2023-12-07,323,320,3,Delivered
SHP-0000545,SUP-069,PRD-00055,2025-12-26,2026-01-08,2026-01-19,402,402,0,Delivered
SHP-0000546,SUP-069,PRD-00276,2026-06-21,2026-06-26,2026-07-16,394,391,3,Late
SHP-0000547,SUP-066,PRD-00723,2022-03-26,2022-05-31,2022-06-12,110,110,0,Delivered
SHP-0000548,SUP-058,PRD-00252,2023-02-24,2023-03-10,2023-03-21,539,539,0,Delivered
SHP-0000549,SUP-007,PRD-00862,2020-11-28,2021-01-20,2021-01-20,567,567,0,Delivered
SHP-0000550,SUP-014,PRD-00224,2023-12-27,2024-01-21,2024-01-21,129,129,0,Delivered
SHP-0000551,SUP-064,PRD-00379,2023-05-29,2023-08-05,2023-08-05,1296,1296,0,Delivered
SHP-0000552,SUP-010,PRD-00572,2024-07-25,2024-10-03,2024-10-03,964,964,0,Delivered
SHP-0000553,SUP-046,PRD-00068,2020-06-19,2020-07-08,2020-07-08,192,187,5,Delivered
SHP-0000554,SUP-005,PRD-00681,2023-10-28,2023-11-14,2023-11-14,1176,1176,0,Delivered
SHP-0000555,SUP-059,PRD-00163,2020-01-18,2020-01-26,2020-02-03,435,435,0,Delivered
SHP-0000556,SUP-057,PRD-00307,2022-04-02,2022-04-11,2022-04-11,807,807,0,Delivered
SHP-0000557,SUP-007,PRD-00320,2024-12-07,2025-01-25,2025-01-31,1432,1318,114,Delivered
SHP-0000558,SUP-049,PRD-00021,2021-11-13,2021-11-29,2021-12-01,1062,1062,0,Delivered
SHP-0000559,SUP-018,PRD-00607,2024-10-16,2024-10-21,2024-10-22,621,621,0,Delivered
SHP-0000560,SUP-007,PRD-00320,2025-04-16,2025-05-04,2025-05-04,1099,1089,10,Delivered
SHP-0000561,SUP-044,PRD-00178,2021-12-19,2022-01-07,2022-01-07,526,526,0,Delivered
SHP-0000562,SUP-010,PRD-00512,2023-09-10,2023-10-18,2023-10-21,1422,1422,0,Late
SHP-0000563,SUP-069,PRD-00749,2020-04-19,2020-04-24,2020-04-24,1439,1439,0,Delivered
SHP-0000564,SUP-013,PRD-00146,2023-04-17,2023-05-10,2023-05-20,109,86,0,Partial
SHP-0000565,SUP-053,PRD-00570,2025-03-23,2025-04-08,2025-04-09,1031,1031,0,Delivered
SHP-0000566,SUP-051,PRD-00417,2023-05-29,2023-06-11,2023-06-20,348,345,3,Delivered
SHP-0000567,SUP-034,PRD-00613,2021-02-21,2021-03-05,2021-03-19,862,862,0,Delivered
SHP-0000568,SUP-026,PRD-00275,2020-01-26,2020-02-10,2020-02-24,1032,1032,0,Delivered
SHP-0000569,SUP-070,PRD-00358,2026-06-09,2026-06-29,2026-07-02,1345,1332,13,Delivered
SHP-0000570,SUP-046,PRD-00240,2025-07-09,2025-07-27,2025-07-30,975,659,0,Partial
SHP-0000571,SUP-054,PRD-00896,2021-02-28,2021-03-09,2021-03-09,415,415,0,Delivered
SHP-0000572,SUP-038,PRD-00740,2020-03-02,2020-03-16,2020-03-18,1172,1172,0,Delivered
SHP-0000573,SUP-042,PRD-00526,2022-02-20,2022-03-22,2022-03-29,1384,1343,41,Delivered
SHP-0000574,SUP-048,PRD-00584,2021-03-06,2021-03-23,2021-03-23,602,602,0,Late
SHP-0000575,SUP-033,PRD-00051,2024-03-15,2024-05-05,2024-05-09,1399,1399,0,Delivered
SHP-0000576,SUP-063,PRD-00583,2023-12-01,2023-12-17,2023-12-24,835,554,5,Partial
SHP-0000577,SUP-044,PRD-00634,2021-03-11,2021-03-16,2021-03-25,781,781,0,Late
SHP-0000578,SUP-015,PRD-00739,2021-11-14,2021-11-27,2021-11-27,1110,1110,0,Delivered
SHP-0000579,SUP-029,PRD-00586,2026-05-24,2026-05-29,2026-06-06,1181,1181,0,Delivered
SHP-0000580,SUP-042,PRD-00875,2021-02-21,2021-02-26,2021-02-26,403,403,0,Delivered
SHP-0000581,SUP-045,PRD-00253,2023-07-09,2023-08-25,2023-08-25,847,847,0,Delivered
SHP-0000582,SUP-051,PRD-00499,2024-10-14,2024-10-20,2024-10-22,1450,1357,0,Partial
SHP-0000583,SUP-026,PRD-00707,2023-08-25,2023-09-18,2023-09-18,1484,1470,14,Delivered
SHP-0000584,SUP-036,PRD-00798,2024-12-14,2025-02-25,2025-03-09,78,78,0,Delivered
SHP-0000585,SUP-013,PRD-00332,2022-02-23,2022-03-18,2022-03-26,1335,1322,13,Delivered
SHP-0000586,SUP-051,PRD-00876,2021-01-03,2021-01-17,2021-01-17,797,797,0,Delivered
SHP-0000587,SUP-066,PRD-00620,2024-11-13,2024-12-03,2024-12-05,1347,1347,0,Delivered
SHP-0000588,SUP-010,PRD-00078,2022-09-18,2022-10-29,2022-10-29,1211,1211,0,Delivered
SHP-0000589,SUP-019,PRD-00196,2021-03-19,2021-04-11,2021-04-16,839,839,0,Delivered
SHP-0000590,SUP-051,PRD-00149,2021-04-26,2021-05-07,2021-05-09,186,185,1,Delivered
SHP-0000591,SUP-002,PRD-00664,2020-08-20,2020-08-31,2020-09-08,1072,1062,10,Delivered
SHP-0000592,SUP-001,PRD-00346,2020-02-27,2020-03-03,2020-03-10,1442,1442,0,Delivered
SHP-0000593,SUP-010,PRD-00126,2022-10-30,2022-12-14,2022-12-30,383,383,0,Late
SHP-0000594,SUP-009,PRD-00672,2021-04-27,2021-05-09,2021-05-19,833,825,8,Delivered
SHP-0000595,SUP-033,PRD-00712,2022-01-05,2022-01-27,2022-01-29,719,712,7,Delivered
SHP-0000596,SUP-054,PRD-00630,2026-04-04,2026-04-24,2026-05-03,1280,1280,0,Delivered
SHP-0000597,SUP-028,PRD-00062,2020-11-11,2020-11-21,2020-12-02,837,837,0,Late
SHP-0000598,SUP-040,PRD-00269,2026-02-06,2026-02-25,2026-02-28,539,534,5,Delivered
SHP-0000599,SUP-010,PRD-00189,2022-10-18,2022-12-13,2022-12-16,1425,1425,0,Delivered
SHP-0000600,SUP-027,PRD-00308,2021-04-20,2021-04-25,2021-04-25,840,840,0,Late
SHP-0000601,SUP-063,PRD-00895,2026-05-21,2026-06-12,2026-06-16,686,686,0,Delivered
SHP-0000602,SUP-007,PRD-00609,2024-08-01,2024-08-12,2024-08-12,158,158,0,Delivered
SHP-0000603,SUP-013,PRD-00597,2025-10-20,2025-11-12,2025-12-07,235,235,0,Delivered
SHP-0000604,SUP-016,PRD-00337,2023-02-03,2023-03-21,2023-03-21,581,581,0,Delivered
SHP-0000605,SUP-047,PRD-00832,2022-12-29,2023-03-12,2023-03-14,559,559,0,Delivered
SHP-0000606,SUP-047,PRD-00057,2022-09-30,2022-12-02,2022-12-04,743,743,0,Delivered
SHP-0000607,SUP-057,PRD-00665,2020-02-08,2020-02-23,2020-02-24,900,891,9,Delivered
SHP-0000608,SUP-013,PRD-00831,2020-05-26,2020-06-14,2020-06-17,186,186,0,Delivered
SHP-0000609,SUP-034,PRD-00311,2024-01-28,2024-02-04,2024-02-04,399,388,11,Delivered
SHP-0000610,SUP-066,PRD-00682,2022-08-03,2022-10-01,2022-10-14,81,81,0,Delivered
SHP-0000611,SUP-019,PRD-00196,2020-10-15,2020-11-04,2020-11-14,747,747,0,Delivered
SHP-0000612,SUP-064,PRD-00517,2025-03-19,2025-05-12,2025-05-17,1385,1385,0,Delivered
SHP-0000613,SUP-031,PRD-00064,2021-05-02,2021-07-03,2021-07-03,1151,1151,0,Delivered
SHP-0000614,SUP-027,PRD-00367,2020-02-24,2020-03-05,2020-03-06,1395,1395,0,Delivered
SHP-0000615,SUP-068,PRD-00546,2020-09-29,2020-10-11,2020-10-11,1252,1252,0,Delivered
SHP-0000616,SUP-011,PRD-00835,2022-03-09,2022-03-18,2022-03-23,206,206,0,Delivered
SHP-0000617,SUP-025,PRD-00883,2022-02-18,2022-04-06,2022-04-14,382,371,11,Late
SHP-0000618,SUP-036,PRD-00254,2020-07-25,2020-08-15,2020-08-15,526,526,0,Delivered
SHP-0000619,SUP-042,PRD-00373,2026-08-14,2026-08-22,2026-08-24,285,285,0,Delivered
SHP-0000620,SUP-025,PRD-00577,2021-07-11,2021-09-08,2021-09-17,418,414,4,Delivered
SHP-0000621,SUP-059,PRD-00515,2026-02-05,2026-02-12,2026-02-20,442,438,4,Delivered
SHP-0000622,SUP-059,PRD-00327,2023-05-10,2023-05-31,2023-05-31,1313,1313,0,Delivered
SHP-0000623,SUP-029,PRD-00685,2024-08-04,2024-08-13,2024-08-24,396,396,0,Delivered
SHP-0000624,SUP-056,PRD-00429,2026-02-21,2026-04-24,2026-04-24,963,963,0,Delivered
SHP-0000625,SUP-057,PRD-00034,2020-02-08,2020-03-03,2020-03-10,458,458,0,Delivered
SHP-0000626,SUP-039,PRD-00054,2024-12-22,2024-12-30,2025-01-01,1488,1488,0,Late
SHP-0000627,SUP-023,PRD-00093,2025-03-10,2025-03-26,2025-03-27,811,811,0,Delivered
SHP-0000628,SUP-067,PRD-00653,2025-09-17,2025-10-03,2025-10-05,1342,1342,0,Delivered
SHP-0000629,SUP-040,PRD-00374,2026-02-02,2026-02-15,2026-02-22,739,739,0,Late
SHP-0000630,SUP-065,PRD-00387,2025-04-21,2025-07-02,2025-07-02,821,821,0,Delivered
SHP-0000631,SUP-069,PRD-00109,2026-07-29,2026-08-14,2026-08-14,892,892,0,Delivered
SHP-0000632,SUP-022,PRD-00627,2021-07-01,2021-07-19,2021-07-31,1182,1182,0,Delivered
SHP-0000633,SUP-004,PRD-00061,2024-10-02,2024-10-21,2024-10-26,1287,1287,0,Delivered
SHP-0000634,SUP-041,PRD-00493,2020-10-09,2020-10-23,2020-10-28,738,731,7,Delivered
SHP-0000635,SUP-032,PRD-00551,2023-08-20,2023-10-11,2023-10-19,343,333,10,Delivered
SHP-0000636,SUP-032,PRD-00030,2023-03-16,2023-04-20,2023-04-20,1426,1412,14,Delivered
SHP-0000637,SUP-061,PRD-00853,2020-05-14,2020-05-20,2020-05-21,249,242,7,Delivered
SHP-0000638,SUP-025,PRD-00892,2022-10-04,2022-10-24,2022-10-24,739,739,0,Delivered
SHP-0000639,SUP-011,PRD-00179,2025-06-16,2025-07-06,,686,530,15,Partial
SHP-0000640,SUP-029,PRD-00480,2024-07-17,2024-07-30,2024-08-08,933,933,0,Delivered
SHP-0000641,SUP-004,PRD-00733,2020-02-03,2020-02-14,2020-02-25,486,486,0,Delivered
SHP-0000642,SUP-011,PRD-00161,2020-12-28,2021-01-14,2021-01-18,1450,1407,43,Delivered
SHP-0000643,SUP-014,PRD-00224,2020-01-30,2020-02-17,2020-02-22,228,226,2,Delivered
SHP-0000644,SUP-016,PRD-00337,2023-11-30,2023-12-17,2023-12-20,493,479,14,Delivered
SHP-0000645,SUP-027,PRD-00308,2020-12-05,2020-12-26,2020-12-26,92,92,0,Late
SHP-0000646,SUP-009,PRD-00538,2023-11-02,2023-12-11,2023-12-17,285,285,0,Delivered
SHP-0000647,SUP-042,PRD-00526,2023-10-30,2024-01-12,2024-01-13,1290,1187,103,Delivered
SHP-0000648,SUP-002,PRD-00073,2024-05-14,2024-06-10,2024-06-13,1282,1282,0,Delivered
SHP-0000649,SUP-013,PRD-00144,2020-09-22,2020-10-08,2020-10-20,321,321,0,Delivered
SHP-0000650,SUP-056,PRD-00119,2021-12-29,2022-02-12,2022-02-12,276,276,0,Delivered
SHP-0000651,SUP-054,PRD-00107,2026-04-09,2026-04-29,2026-05-08,1485,1135,0,Partial
SHP-0000652,SUP-043,PRD-00658,2024-03-07,2024-03-12,2024-03-12,118,97,0,Partial
SHP-0000653,SUP-042,PRD-00720,2024-04-10,2024-06-05,2024-06-23,848,840,8,Delivered
SHP-0000654,SUP-036,PRD-00071,2020-03-23,2020-04-10,2020-04-28,485,447,38,Delivered
SHP-0000655,SUP-045,PRD-00461,2025-10-23,2025-12-19,2025-12-19,709,688,21,Delivered
SHP-0000656,SUP-052,PRD-00439,2022-07-11,2022-08-03,2022-08-03,865,865,0,Delivered
SHP-0000657,SUP-016,PRD-00648,2020-12-11,2021-01-19,2021-01-24,1321,1282,39,Delivered
SHP-0000658,SUP-060,PRD-00535,2024-12-21,2024-12-27,2024-12-29,1092,1082,10,Delivered
SHP-0000659,SUP-026,PRD-00707,2020-05-16,2020-06-04,2020-06-04,1397,1397,0,Delivered
SHP-0000660,SUP-030,PRD-00728,2021-09-15,2021-10-06,2021-10-07,291,283,8,Delivered
SHP-0000661,SUP-062,PRD-00778,2023-11-12,2024-01-20,2024-01-20,1247,1210,37,Late
SHP-0000662,SUP-057,PRD-00100,2024-04-07,2024-04-15,2024-04-18,70,70,0,Delivered
SHP-0000663,SUP-047,PRD-00746,2022-09-27,2022-11-07,2022-11-16,445,432,13,Delivered
SHP-0000664,SUP-070,PRD-00315,2024-04-24,2024-05-12,2024-05-12,1448,1448,0,Delivered
SHP-0000665,SUP-020,PRD-00579,2025-11-02,2026-01-15,2026-01-23,740,740,0,Delivered
SHP-0000666,SUP-047,PRD-00148,2025-02-19,2025-03-17,2025-03-29,338,338,0,Delivered
SHP-0000667,SUP-029,PRD-00801,2026-06-26,2026-07-09,2026-07-21,395,395,0,Delivered
SHP-0000668,SUP-046,PRD-00170,2024-04-09,2024-04-17,2024-04-24,1496,1452,44,Delivered
SHP-0000669,SUP-021,PRD-00830,2023-03-13,2023-03-23,2023-04-03,973,973,0,Late
SHP-0000670,SUP-038,PRD-00134,2021-07-09,2021-07-23,2021-07-29,386,386,0,Delivered
SHP-0000671,SUP-066,PRD-00682,2024-06-15,2024-08-20,2024-08-20,295,293,2,Delivered
SHP-0000672,SUP-025,PRD-00796,2026-01-24,2026-03-17,2026-03-26,1357,1357,0,Delivered
SHP-0000673,SUP-056,PRD-00094,2023-01-01,2023-02-08,2023-02-15,831,831,0,Delivered
SHP-0000674,SUP-025,PRD-00246,2025-10-19,2025-11-23,2025-11-23,326,323,3,Delivered
SHP-0000675,SUP-001,PRD-00736,2025-09-10,2025-09-26,2025-09-30,1089,874,0,Partial
SHP-0000676,SUP-047,PRD-00683,2023-11-29,2024-01-03,2024-01-04,1431,1431,0,Delivered
SHP-0000677,SUP-008,PRD-00558,2021-05-27,2021-06-29,2021-07-22,91,91,0,Delivered
SHP-0000678,SUP-008,PRD-00496,2020-10-18,2020-12-03,2020-12-03,1072,1062,10,Delivered
SHP-0000679,SUP-066,PRD-00710,2023-10-10,2023-12-14,2023-12-14,320,320,0,Delivered
SHP-0000680,SUP-068,PRD-00715,2023-08-14,2023-09-05,2023-09-06,343,343,0,Delivered
SHP-0000681,SUP-070,PRD-00708,2024-09-09,2024-09-24,2024-09-24,154,154,0,Delivered
SHP-0000682,SUP-008,PRD-00558,2026-03-23,2026-04-13,2026-04-15,343,343,0,Delivered
SHP-0000683,SUP-039,PRD-00108,2020-06-10,2020-07-03,2020-07-06,621,621,0,Delivered
SHP-0000684,SUP-041,PRD-00229,2023-05-12,2023-06-02,2023-06-11,141,141,0,Delivered
SHP-0000685,SUP-051,PRD-00734,2024-03-21,2024-04-03,2024-04-03,1135,1135,0,Delivered
SHP-0000686,SUP-041,PRD-00663,2024-10-31,2024-12-11,2024-12-18,1112,1079,33,Delivered
SHP-0000687,SUP-068,PRD-00382,2020-08-27,2020-09-12,2020-09-18,69,69,0,Delivered
SHP-0000688,SUP-009,PRD-00243,2021-04-19,2021-05-09,2021-05-09,980,980,0,Late
SHP-0000689,SUP-069,PRD-00463,2026-07-22,2026-07-31,2026-08-18,132,132,0,Delivered
SHP-0000690,SUP-057,PRD-00307,2022-03-12,2022-04-04,2022-04-14,1389,1278,111,Delivered
SHP-0000691,SUP-042,PRD-00373,2023-02-02,2023-04-10,2023-04-10,1174,1089,0,Partial
SHP-0000692,SUP-023,PRD-00242,2022-11-13,2022-11-22,2022-11-22,556,556,0,Delivered
SHP-0000693,SUP-001,PRD-00352,2025-06-16,2025-06-27,2025-07-02,789,782,7,Delivered
SHP-0000694,SUP-066,PRD-00620,2024-05-25,2024-08-04,2024-08-04,1486,1472,14,Delivered
SHP-0000695,SUP-031,PRD-00822,2021-03-26,2021-05-20,2021-05-21,1088,1088,0,Delivered
SHP-0000696,SUP-070,PRD-00494,2020-08-26,2020-09-01,2020-09-01,644,644,0,Delivered
SHP-0000697,SUP-009,PRD-00243,2021-03-06,2021-05-04,2021-05-05,892,884,8,Delivered
SHP-0000698,SUP-008,PRD-00184,2021-01-22,2021-01-31,2021-02-05,1115,1082,33,Delivered
SHP-0000699,SUP-044,PRD-00666,2025-09-04,2025-09-17,2025-09-17,1468,1468,0,Delivered
SHP-0000700,SUP-010,PRD-00727,2026-08-21,2026-10-18,2026-10-18,1096,928,0,Partial
SHP-0000701,SUP-058,PRD-00205,2025-08-29,2025-10-22,2025-10-22,759,759,0,Delivered
SHP-0000702,SUP-051,PRD-00149,2021-04-07,2021-04-25,2021-04-27,471,434,37,Delivered
SHP-0000703,SUP-013,PRD-00662,2021-11-12,2021-12-02,2021-12-02,1304,1304,0,Delivered
SHP-0000704,SUP-001,PRD-00475,2021-12-15,2021-12-20,2021-12-22,962,962,0,Delivered
SHP-0000705,SUP-054,PRD-00339,2020-07-10,2020-07-25,2020-07-26,859,834,25,Delivered
SHP-0000706,SUP-057,PRD-00076,2020-03-02,2020-03-09,2020-03-11,139,139,0,Delivered
SHP-0000707,SUP-039,PRD-00273,2022-05-23,2022-06-10,2022-06-20,163,163,0,Delivered
SHP-0000708,SUP-012,PRD-00168,2020-10-10,2020-11-02,2020-11-09,505,505,0,Delivered
SHP-0000709,SUP-038,PRD-00703,2022-06-13,2022-06-27,2022-06-27,1114,1114,0,Delivered
SHP-0000710,SUP-051,PRD-00843,2025-10-22,2025-11-04,2025-11-04,474,470,4,Delivered
SHP-0000711,SUP-058,PRD-00709,2025-06-15,2025-08-18,2025-08-25,1225,1213,12,Delivered
SHP-0000712,SUP-004,PRD-00026,2025-09-28,2025-10-15,2025-10-28,979,970,9,Delivered
SHP-0000713,SUP-066,PRD-00654,2020-01-27,2020-04-09,2020-04-18,332,329,3,Delivered
SHP-0000714,SUP-062,PRD-00772,2026-05-27,2026-07-04,2026-07-04,437,437,0,Delivered
SHP-0000715,SUP-006,PRD-00244,2023-02-15,2023-03-03,2023-03-03,1437,1394,43,Delivered
SHP-0000716,SUP-041,PRD-00838,2020-05-04,2020-06-15,2020-06-28,1127,1127,0,Delivered
SHP-0000717,SUP-005,PRD-00085,2024-07-25,2024-08-17,2024-08-17,1430,1430,0,Delivered
SHP-0000718,SUP-016,PRD-00447,2023-11-22,2023-12-04,2023-12-04,1015,1015,0,Delivered
SHP-0000719,SUP-053,PRD-00383,2021-08-08,2021-08-20,2021-08-20,442,442,0,Delivered
SHP-0000720,SUP-001,PRD-00475,2020-02-25,2020-03-08,2020-03-14,1421,1407,14,Delivered
SHP-0000721,SUP-054,PRD-00625,2025-03-26,2025-04-14,2025-04-18,583,578,5,Delivered
SHP-0000722,SUP-015,PRD-00303,2021-09-27,2021-10-06,2021-10-06,1366,1366,0,Delivered
SHP-0000723,SUP-011,PRD-00835,2020-07-21,2020-07-26,2020-08-07,1225,1213,12,Delivered
SHP-0000724,SUP-069,PRD-00649,2022-08-05,2022-08-28,2022-09-09,199,199,0,Delivered
SHP-0000725,SUP-026,PRD-00275,2022-07-18,2022-07-24,2022-07-24,89,89,0,Delivered
SHP-0000726,SUP-016,PRD-00296,2026-08-24,2026-09-09,2026-09-09,952,952,0,Delivered
SHP-0000727,SUP-070,PRD-00494,2021-08-19,2021-08-26,2021-08-27,375,372,3,Delivered
SHP-0000728,SUP-025,PRD-00883,2022-03-05,2022-04-26,2022-05-03,549,533,16,Delivered
SHP-0000729,SUP-020,PRD-00510,2023-12-19,2024-02-26,2024-02-28,50,50,0,Delivered
SHP-0000730,SUP-065,PRD-00290,2024-09-19,2024-11-04,2024-11-07,725,704,21,Delivered
SHP-0000731,SUP-033,PRD-00712,2023-05-26,2023-06-11,2023-06-12,177,177,0,Late
SHP-0000732,SUP-069,PRD-00318,2026-01-26,2026-02-16,2026-02-16,968,959,9,Delivered
SHP-0000733,SUP-049,PRD-00869,2024-07-27,2024-08-08,2024-08-08,52,41,0,Partial
SHP-0000734,SUP-010,PRD-00189,2020-12-30,2021-02-11,2021-02-22,150,150,0,Delivered
SHP-0000735,SUP-063,PRD-00380,2024-02-17,2024-03-08,2024-03-08,954,954,0,Late
SHP-0000736,SUP-060,PRD-00345,2024-07-28,2024-08-13,2024-08-13,917,844,73,Delivered
SHP-0000737,SUP-052,PRD-00729,2021-02-23,2021-03-14,2021-03-15,180,180,0,Delivered
SHP-0000738,SUP-036,PRD-00798,2024-05-20,2024-05-30,2024-06-06,840,815,25,Delivered
SHP-0000739,SUP-055,PRD-00331,2025-10-03,2025-10-24,2025-10-24,929,929,0,Delivered
SHP-0000740,SUP-023,PRD-00698,2026-07-03,2026-08-31,2026-09-01,1277,940,0,Partial
SHP-0000741,SUP-043,PRD-00035,2020-10-26,2020-11-16,2020-11-23,678,678,0,Delivered
SHP-0000742,SUP-015,PRD-00659,2022-11-07,2022-11-24,2022-11-24,168,163,5,Delivered
SHP-0000743,SUP-068,PRD-00259,2024-11-26,2024-12-06,2024-12-06,1464,1464,0,Delivered
SHP-0000744,SUP-015,PRD-00659,2023-01-14,2023-01-28,2023-01-28,180,180,0,Delivered
SHP-0000745,SUP-062,PRD-00105,2022-03-10,2022-04-23,2022-04-23,202,202,0,Delivered
SHP-0000746,SUP-021,PRD-00791,2021-12-28,2022-02-28,2022-02-28,1197,1197,0,Delivered
SHP-0000747,SUP-058,PRD-00158,2024-07-21,2024-09-02,2024-09-08,1228,1228,0,Delivered
SHP-0000748,SUP-052,PRD-00028,2023-09-04,2023-09-09,2023-09-12,348,345,3,Delivered
SHP-0000749,SUP-050,PRD-00399,2025-07-24,2025-09-28,2025-09-28,252,245,7,Delivered
SHP-0000750,SUP-064,PRD-00506,2024-04-01,2024-06-06,2024-06-06,611,611,0,Delivered
SHP-0000751,SUP-042,PRD-00720,2023-01-08,2023-02-09,2023-02-09,1232,992,9,Partial
SHP-0000752,SUP-044,PRD-00165,2022-12-18,2022-12-28,2022-12-29,938,863,75,Delivered
SHP-0000753,SUP-002,PRD-00371,2024-01-15,2024-02-14,2024-02-14,51,51,0,Delivered
SHP-0000754,SUP-047,PRD-00407,2025-10-28,2025-11-23,2025-11-27,362,334,28,Delivered
SHP-0000755,SUP-031,PRD-00678,2025-03-13,2025-05-13,2025-05-13,458,445,13,Delivered
SHP-0000756,SUP-053,PRD-00696,2024-06-05,2024-06-11,2024-06-18,776,776,0,Delivered
SHP-0000757,SUP-063,PRD-00763,2026-08-06,2026-08-29,2026-09-03,456,456,0,Delivered
SHP-0000758,SUP-022,PRD-00836,2023-02-27,2023-03-12,2023-03-12,796,796,0,Delivered
SHP-0000759,SUP-051,PRD-00876,2025-04-30,2025-05-09,2025-05-09,1225,1225,0,Delivered
SHP-0000760,SUP-049,PRD-00651,2020-08-25,2020-08-30,2020-08-31,558,558,0,Delivered
SHP-0000761,SUP-054,PRD-00596,2024-02-21,2024-03-11,2024-03-11,980,951,29,Delivered
SHP-0000762,SUP-038,PRD-00718,2021-03-15,2021-03-30,2021-04-03,1199,1199,0,Delivered
SHP-0000763,SUP-037,PRD-00889,2026-05-09,2026-05-27,2026-05-27,1431,1431,0,Delivered
SHP-0000764,SUP-053,PRD-00095,2023-07-01,2023-07-14,2023-07-24,1240,1141,99,Delivered
SHP-0000765,SUP-069,PRD-00220,2022-10-13,2022-11-01,2022-11-05,1361,1361,0,Delivered
SHP-0000766,SUP-007,PRD-00609,2026-07-24,2026-10-06,2026-10-06,256,256,0,Delivered
SHP-0000767,SUP-012,PRD-00679,2023-07-15,2023-07-28,2023-08-02,1055,1055,0,Delivered
SHP-0000768,SUP-068,PRD-00559,2024-08-07,2024-08-12,2024-08-12,448,355,3,Partial
SHP-0000769,SUP-004,PRD-00061,2024-05-05,2024-05-16,2024-05-16,1299,1299,0,Late
SHP-0000770,SUP-043,PRD-00418,2021-08-16,2021-08-29,2021-08-29,1283,1283,0,Delivered
SHP-0000771,SUP-027,PRD-00490,2025-12-24,2026-01-03,2026-01-09,169,168,1,Late
SHP-0000772,SUP-041,PRD-00451,2021-06-17,2021-06-28,2021-07-05,142,141,1,Delivered
SHP-0000773,SUP-060,PRD-00345,2020-02-13,2020-03-07,2020-03-11,698,698,0,Delivered
SHP-0000774,SUP-057,PRD-00248,2026-08-14,2026-08-20,2026-08-26,147,146,1,Delivered
SHP-0000775,SUP-018,PRD-00769,2020-03-31,2020-04-08,2020-04-08,1013,1013,0,Late
SHP-0000776,SUP-010,PRD-00527,2023-09-12,2023-11-04,2023-11-04,143,143,0,Late
SHP-0000777,SUP-065,PRD-00754,2025-04-01,2025-05-23,2025-05-23,648,648,0,Late
SHP-0000778,SUP-050,PRD-00399,2025-08-13,2025-10-06,2025-10-19,1092,1082,10,Delivered
SHP-0000779,SUP-055,PRD-00505,2022-07-04,2022-08-08,2022-08-17,1102,1102,0,Delivered
SHP-0000780,SUP-058,PRD-00252,2023-03-29,2023-05-14,2023-05-18,584,579,5,Delivered
SHP-0000781,SUP-049,PRD-00651,2020-08-02,2020-08-20,2020-08-20,717,710,7,Delivered
SHP-0000782,SUP-060,PRD-00336,2022-09-12,2022-09-17,2022-09-17,1298,1260,38,Delivered
SHP-0000783,SUP-069,PRD-00749,2025-11-21,2025-12-10,2025-12-14,441,441,0,Delivered
SHP-0000784,SUP-023,PRD-00810,2022-08-08,2022-08-14,2022-08-16,398,294,8,Partial
SHP-0000785,SUP-007,PRD-00320,2023-11-20,2024-01-30,2024-01-30,443,443,0,Late
SHP-0000786,SUP-039,PRD-00436,2022-12-12,2022-12-25,2022-12-29,411,411,0,Delivered
SHP-0000787,SUP-066,PRD-00606,2025-07-10,2025-08-14,2025-08-14,677,677,0,Delivered
SHP-0000788,SUP-061,PRD-00853,2025-11-30,2025-12-22,2026-01-05,269,269,0,Delivered
SHP-0000789,SUP-002,PRD-00700,2023-08-20,2023-08-25,2023-08-25,1447,1447,0,Delivered
SHP-0000790,SUP-066,PRD-00298,2023-11-22,2023-12-21,2023-12-24,203,203,0,Delivered
SHP-0000791,SUP-050,PRD-00399,2022-06-21,2022-08-15,2022-08-20,181,176,5,Late
SHP-0000792,SUP-004,PRD-00026,2024-10-28,2024-11-05,2024-11-25,1451,1451,0,Delivered
SHP-0000793,SUP-068,PRD-00388,2024-12-15,2024-12-29,2024-12-29,995,995,0,Delivered
SHP-0000794,SUP-059,PRD-00456,2025-10-27,2025-11-17,2025-11-24,1027,1027,0,Delivered
SHP-0000795,SUP-016,PRD-00447,2025-01-13,2025-02-08,,284,192,5,Partial
SHP-0000796,SUP-007,PRD-00874,2023-08-31,2023-10-16,2023-10-24,501,501,0,Delivered
SHP-0000797,SUP-014,PRD-00483,2025-10-19,2025-12-18,2025-12-21,964,955,9,Late
SHP-0000798,SUP-007,PRD-00609,2022-03-05,2022-05-01,2022-05-01,1106,1095,11,Delivered
SHP-0000799,SUP-051,PRD-00843,2021-10-24,2021-11-05,2021-11-05,1382,1382,0,Delivered
SHP-0000800,SUP-024,PRD-00773,2024-11-08,2024-11-13,2024-11-23,840,840,0,Delivered
SHP-0000801,SUP-044,PRD-00473,2020-01-25,2020-02-12,2020-02-13,1461,1461,0,Delivered
SHP-0000802,SUP-053,PRD-00383,2022-09-01,2022-09-23,2022-09-23,1332,1332,0,Delivered
SHP-0000803,SUP-068,PRD-00382,2025-06-03,2025-06-17,2025-06-25,988,988,0,Delivered
SHP-0000804,SUP-023,PRD-00123,2022-01-23,2022-03-02,2022-03-02,1403,1403,0,Delivered
SHP-0000805,SUP-053,PRD-00833,2021-06-16,2021-06-22,2021-06-26,1348,1348,0,Delivered
SHP-0000806,SUP-026,PRD-00557,2024-05-22,2024-06-09,2024-06-18,1234,1222,12,Late
SHP-0000807,SUP-050,PRD-00228,2025-11-19,2026-01-02,2026-01-02,689,574,5,Partial
SHP-0000808,SUP-070,PRD-00315,2023-03-19,2023-04-08,2023-04-24,277,255,22,Delivered
SHP-0000809,SUP-044,PRD-00666,2026-01-10,2026-01-22,2026-02-03,525,525,0,Delivered
SHP-0000810,SUP-049,PRD-00392,2025-09-20,2025-10-14,2025-10-14,357,357,0,Delivered
SHP-0000811,SUP-044,PRD-00165,2022-02-02,2022-02-16,2022-02-20,1225,923,73,Partial
SHP-0000812,SUP-033,PRD-00712,2020-12-14,2021-02-01,2021-02-01,208,208,0,Delivered
SHP-0000813,SUP-059,PRD-00515,2022-11-26,2022-12-14,2022-12-14,1023,1023,0,Delivered
SHP-0000814,SUP-037,PRD-00771,2025-02-03,2025-02-15,2025-02-15,739,739,0,Delivered
SHP-0000815,SUP-013,PRD-00790,2022-11-19,2022-12-02,2022-12-04,1251,1214,37,Delivered
SHP-0000816,SUP-014,PRD-00009,2020-02-10,2020-03-25,2020-03-27,1023,925,0,Partial
SHP-0000817,SUP-060,PRD-00514,2025-01-09,2025-02-02,2025-02-09,386,386,0,Delivered
SHP-0000818,SUP-024,PRD-00408,2022-11-08,2022-11-17,2022-11-17,978,978,0,Delivered
SHP-0000819,SUP-030,PRD-00766,2023-05-05,2023-05-15,2023-05-15,716,716,0,Delivered
SHP-0000820,SUP-070,PRD-00265,2020-01-01,2020-01-24,2020-01-24,137,106,0,Partial
SHP-0000821,SUP-047,PRD-00207,2022-05-19,2022-06-23,2022-06-27,569,569,0,Late
SHP-0000822,SUP-032,PRD-00260,2023-01-14,2023-03-24,2023-03-29,1098,1098,0,Delivered
SHP-0000823,SUP-013,PRD-00082,2023-11-10,2023-12-01,2023-12-05,726,726,0,Late
SHP-0000824,SUP-046,PRD-00808,2023-09-21,2023-10-01,2023-10-09,311,308,3,Delivered
SHP-0000825,SUP-034,PRD-00335,2025-04-10,2025-04-17,2025-04-28,542,542,0,Delivered
SHP-0000826,SUP-060,PRD-00271,2022-09-29,2022-10-13,2022-10-17,695,467,0,Partial
SHP-0000827,SUP-033,PRD-00712,2020-07-10,2020-09-05,2020-09-05,139,139,0,Late
SHP-0000828,SUP-009,PRD-00672,2020-04-03,2020-05-11,2020-05-12,137,137,0,Delivered
SHP-0000829,SUP-039,PRD-00326,2024-11-10,2024-12-03,2024-12-04,660,654,6,Late
SHP-0000830,SUP-031,PRD-00822,2024-07-13,2024-08-13,2024-08-24,1283,1283,0,Delivered
SHP-0000831,SUP-057,PRD-00317,2021-11-26,2021-12-16,2021-12-21,1249,1249,0,Delivered
SHP-0000832,SUP-060,PRD-00023,2026-04-26,2026-05-15,2026-05-15,407,407,0,Delivered
SHP-0000833,SUP-013,PRD-00898,2023-06-02,2023-06-19,,1278,937,0,Partial
SHP-0000834,SUP-069,PRD-00353,2020-09-01,2020-09-09,2020-09-09,578,573,5,Delivered
SHP-0000835,SUP-006,PRD-00713,2023-06-29,2023-07-06,2023-07-06,348,348,0,Delivered
SHP-0000836,SUP-057,PRD-00307,2020-02-26,2020-03-21,2020-03-28,803,803,0,Delivered
SHP-0000837,SUP-031,PRD-00492,2020-08-17,2020-10-13,2020-10-13,1391,1391,0,Late
SHP-0000838,SUP-049,PRD-00618,2020-09-30,2020-10-06,2020-10-20,1156,1156,0,Delivered
SHP-0000839,SUP-035,PRD-00059,2025-03-12,2025-03-29,2025-03-29,468,464,4,Delivered
SHP-0000840,SUP-018,PRD-00185,2026-04-13,2026-05-03,2026-05-03,57,57,0,Delivered
SHP-0000841,SUP-069,PRD-00070,2022-09-06,2022-09-12,2022-09-23,1381,1381,0,Delivered
SHP-0000842,SUP-013,PRD-00144,2024-06-07,2024-06-15,2024-06-26,1386,1386,0,Delivered
SHP-0000843,SUP-002,PRD-00675,2021-01-25,2021-02-02,2021-02-16,1029,1029,0,Delivered
SHP-0000844,SUP-027,PRD-00758,2023-04-15,2023-04-25,2023-05-08,127,126,1,Late
SHP-0000845,SUP-043,PRD-00519,2024-10-11,2024-11-14,2024-11-19,112,112,0,Delivered
SHP-0000846,SUP-023,PRD-00698,2022-10-03,2022-12-11,2022-12-23,1082,1082,0,Delivered
SHP-0000847,SUP-060,PRD-00610,2021-11-01,2021-11-13,2021-11-13,734,734,0,Delivered
SHP-0000848,SUP-023,PRD-00891,2020-06-09,2020-08-09,2020-08-09,629,629,0,Delivered
SHP-0000849,SUP-055,PRD-00002,2026-08-23,2026-10-07,2026-10-14,60,60,0,Delivered
SHP-0000850,SUP-059,PRD-00159,2020-04-21,2020-05-11,2020-05-11,1096,1009,87,Delivered
SHP-0000851,SUP-038,PRD-00563,2024-03-09,2024-03-25,2024-04-02,924,851,73,Delivered
SHP-0000852,SUP-066,PRD-00298,2021-02-17,2021-02-23,2021-02-23,752,752,0,Delivered
SHP-0000853,SUP-065,PRD-00590,2022-09-05,2022-09-29,2022-10-03,583,583,0,Delivered
SHP-0000854,SUP-063,PRD-00743,2026-01-16,2026-02-06,2026-02-06,767,744,23,Late
SHP-0000855,SUP-056,PRD-00004,2021-10-25,2021-11-13,2021-11-23,637,637,0,Delivered
SHP-0000856,SUP-002,PRD-00386,2025-09-28,2025-12-03,2025-12-06,456,456,0,Delivered
SHP-0000857,SUP-049,PRD-00187,2020-02-14,2020-02-21,2020-02-26,551,551,0,Delivered
SHP-0000858,SUP-066,PRD-00710,2026-05-11,2026-05-30,2026-05-30,786,786,0,Delivered
SHP-0000859,SUP-016,PRD-00263,2021-09-17,2021-10-02,2021-10-10,1432,1418,14,Delivered
SHP-0000860,SUP-033,PRD-00781,2021-06-13,2021-07-01,2021-07-08,730,671,0,Partial
SHP-0000861,SUP-006,PRD-00690,2020-09-30,2020-10-06,2020-10-21,742,735,7,Delivered
SHP-0000862,SUP-010,PRD-00572,2022-03-31,2022-04-15,2022-04-15,292,292,0,Late
SHP-0000863,SUP-043,PRD-00241,2025-08-21,2025-09-15,2025-09-15,1333,1333,0,Delivered
SHP-0000864,SUP-033,PRD-00136,2026-05-14,2026-06-24,2026-06-24,316,316,0,Delivered
SHP-0000865,SUP-037,PRD-00863,2023-07-04,2023-07-28,2023-07-28,61,61,0,Delivered
SHP-0000866,SUP-046,PRD-00006,2024-10-17,2024-11-05,2024-11-05,1382,1382,0,Delivered
SHP-0000867,SUP-069,PRD-00043,2024-01-02,2024-01-13,2024-01-15,1134,1134,0,Late
SHP-0000868,SUP-037,PRD-00295,2024-04-23,2024-05-16,2024-05-29,368,368,0,Delivered
SHP-0000869,SUP-032,PRD-00372,2022-06-27,2022-08-07,2022-08-12,1287,1287,0,Delivered
SHP-0000870,SUP-040,PRD-00201,2020-07-30,2020-08-15,2020-08-15,71,71,0,Late
SHP-0000871,SUP-019,PRD-00196,2023-04-14,2023-05-05,2023-05-17,477,477,0,Delivered
SHP-0000872,SUP-013,PRD-00435,2025-09-30,2025-10-06,2025-10-09,1031,1031,0,Delivered
SHP-0000873,SUP-048,PRD-00221,2020-07-14,2020-08-05,2020-08-11,916,916,0,Delivered
SHP-0000874,SUP-041,PRD-00166,2023-05-20,2023-07-27,2023-07-28,254,252,2,Delivered
SHP-0000875,SUP-018,PRD-00769,2025-11-29,2025-12-09,2025-12-15,1472,1221,12,Partial
SHP-0000876,SUP-067,PRD-00760,2021-10-31,2021-11-10,2021-11-10,88,88,0,Delivered
SHP-0000877,SUP-010,PRD-00527,2022-04-28,2022-06-10,2022-06-10,1466,1466,0,Delivered
SHP-0000878,SUP-021,PRD-00225,2023-01-13,2023-02-12,2023-02-15,554,549,5,Delivered
SHP-0000879,SUP-021,PRD-00576,2023-10-26,2023-11-12,2023-11-12,1146,1146,0,Delivered
SHP-0000880,SUP-011,PRD-00837,2022-05-24,2022-06-04,2022-06-09,547,547,0,Delivered
SHP-0000881,SUP-019,PRD-00466,2022-08-26,2022-09-15,2022-09-19,146,146,0,Delivered
SHP-0000882,SUP-064,PRD-00687,2020-03-30,2020-04-06,2020-04-06,568,532,0,Partial
SHP-0000883,SUP-006,PRD-00206,2021-12-17,2021-12-27,2022-01-02,1012,1012,0,Late
SHP-0000884,SUP-054,PRD-00694,2021-12-23,2022-01-06,2022-01-07,1077,1077,0,Delivered
SHP-0000885,SUP-069,PRD-00276,2021-10-14,2021-11-02,2021-11-10,1461,1418,43,Delivered
SHP-0000886,SUP-047,PRD-00138,2026-05-10,2026-07-18,2026-07-20,632,632,0,Delivered
SHP-0000887,SUP-021,PRD-00830,2026-04-17,2026-06-13,2026-06-21,594,594,0,Delivered
SHP-0000888,SUP-049,PRD-00869,2024-11-27,2024-12-19,2024-12-19,461,461,0,Delivered
SHP-0000889,SUP-061,PRD-00792,2022-05-07,2022-05-19,2022-05-19,107,107,0,Delivered
SHP-0000890,SUP-068,PRD-00550,2022-02-19,2022-03-09,2022-03-09,1442,1428,14,Delivered
SHP-0000891,SUP-040,PRD-00602,2022-02-21,2022-03-01,2022-03-01,346,306,0,Partial
SHP-0000892,SUP-068,PRD-00031,2026-04-25,2026-05-13,2026-05-13,786,779,7,Delivered
SHP-0000893,SUP-007,PRD-00362,2025-07-07,2025-07-24,2025-07-24,797,797,0,Delivered
SHP-0000894,SUP-024,PRD-00823,2025-03-17,2025-03-30,2025-04-05,1357,1357,0,Delivered
SHP-0000895,SUP-048,PRD-00824,2023-11-16,2023-11-23,2023-11-26,899,891,8,Delivered
SHP-0000896,SUP-049,PRD-00484,2022-03-13,2022-04-05,2022-04-12,900,900,0,Delivered
SHP-0000897,SUP-066,PRD-00682,2026-07-12,2026-07-18,2026-07-21,610,610,0,Delivered
SHP-0000898,SUP-046,PRD-00900,2022-02-18,2022-03-07,2022-03-08,1172,1172,0,Delivered
SHP-0000899,SUP-053,PRD-00696,2022-03-04,2022-03-10,2022-03-10,326,326,0,Delivered
SHP-0000900,SUP-049,PRD-00350,2021-09-15,2021-10-02,2021-10-02,1305,1305,0,Late
SHP-0000901,SUP-068,PRD-00641,2020-03-26,2020-04-06,2020-04-06,1187,1187,0,Delivered
SHP-0000902,SUP-050,PRD-00552,2021-02-25,2021-04-24,2021-05-06,1382,1382,0,Delivered
SHP-0000903,SUP-042,PRD-00342,2021-01-24,2021-04-06,2021-04-06,726,726,0,Late
SHP-0000904,SUP-023,PRD-00351,2022-09-15,2022-10-23,2022-10-23,270,218,2,Partial
SHP-0000905,SUP-067,PRD-00058,2026-01-18,2026-01-25,2026-02-02,403,399,4,Delivered
SHP-0000906,SUP-008,PRD-00038,2024-11-29,2024-12-21,2024-12-29,310,310,0,Delivered
SHP-0000907,SUP-010,PRD-00189,2021-09-15,2021-11-22,2021-12-09,443,430,13,Delivered
SHP-0000908,SUP-039,PRD-00459,2024-12-19,2024-12-24,2024-12-24,1153,1153,0,Delivered
SHP-0000909,SUP-013,PRD-00114,2022-12-15,2022-12-20,2022-12-25,294,294,0,Late
SHP-0000910,SUP-007,PRD-00862,2023-06-21,2023-08-14,2023-08-23,728,728,0,Late
SHP-0000911,SUP-069,PRD-00318,2023-06-26,2023-07-19,2023-07-21,1262,1250,12,Delivered
SHP-0000912,SUP-005,PRD-00085,2025-07-03,2025-07-18,2025-07-18,471,471,0,Delivered
SHP-0000913,SUP-023,PRD-00777,2023-08-04,2023-09-24,2023-09-25,608,608,0,Delivered
SHP-0000914,SUP-058,PRD-00262,2020-10-01,2020-11-05,2020-11-17,628,628,0,Delivered
SHP-0000915,SUP-026,PRD-00813,2021-08-08,2021-08-28,2021-09-03,206,200,6,Delivered
SHP-0000916,SUP-020,PRD-00003,2021-09-02,2021-10-31,2021-11-11,1406,1406,0,Delivered
SHP-0000917,SUP-054,PRD-00339,2022-12-10,2022-12-28,2022-12-28,380,369,11,Delivered
SHP-0000918,SUP-040,PRD-00211,2023-08-02,2023-08-18,2023-09-04,692,686,6,Delivered
SHP-0000919,SUP-042,PRD-00511,2022-07-26,2022-10-01,2022-10-10,738,593,47,Partial
SHP-0000920,SUP-001,PRD-00352,2023-02-21,2023-03-14,2023-03-23,170,169,1,Delivered
SHP-0000921,SUP-009,PRD-00442,2021-11-09,2022-01-03,2022-01-03,964,964,0,Late
SHP-0000922,SUP-032,PRD-00122,2026-07-02,2026-08-27,2026-09-04,214,214,0,Delivered
SHP-0000923,SUP-058,PRD-00060,2024-03-22,2024-04-24,2024-04-26,1080,732,58,Partial
SHP-0000924,SUP-047,PRD-00887,2024-09-17,2024-10-03,2024-10-03,171,171,0,Delivered
SHP-0000925,SUP-036,PRD-00254,2023-10-24,2023-11-28,2023-11-28,610,604,6,Delivered
SHP-0000926,SUP-060,PRD-00514,2025-01-25,2025-02-14,2025-02-16,1442,1442,0,Delivered
SHP-0000927,SUP-041,PRD-00493,2024-04-30,2024-05-16,2024-05-25,1474,1460,14,Delivered
SHP-0000928,SUP-016,PRD-00814,2023-11-17,2023-11-29,2023-12-15,1281,1281,0,Delivered
SHP-0000929,SUP-002,PRD-00384,2026-04-26,2026-05-14,2026-05-27,162,162,0,Delivered
SHP-0000930,SUP-048,PRD-00866,2026-04-15,2026-04-27,2026-04-28,765,765,0,Late
SHP-0000931,SUP-011,PRD-00391,2024-08-17,2024-09-01,2024-09-06,957,929,28,Delivered
SHP-0000932,SUP-035,PRD-00826,2026-04-16,2026-05-06,2026-05-06,849,849,0,Delivered
SHP-0000933,SUP-039,PRD-00081,2024-02-11,2024-02-26,2024-03-01,756,609,0,Partial
SHP-0000934,SUP-029,PRD-00215,2024-06-03,2024-06-20,2024-06-20,1478,1127,0,Partial
SHP-0000935,SUP-018,PRD-00769,2020-07-11,2020-07-24,2020-07-31,197,197,0,Delivered
SHP-0000936,SUP-036,PRD-00711,2025-11-19,2025-11-29,2025-11-30,218,218,0,Delivered
SHP-0000937,SUP-029,PRD-00685,2020-04-08,2020-04-23,2020-04-23,530,530,0,Late
SHP-0000938,SUP-007,PRD-00362,2022-07-20,2022-08-08,2022-08-10,747,747,0,Delivered
SHP-0000939,SUP-066,PRD-00682,2026-07-27,2026-09-08,2026-09-25,234,234,0,Delivered
SHP-0000940,SUP-002,PRD-00371,2023-03-24,2023-05-11,2023-05-11,200,200,0,Delivered
SHP-0000941,SUP-049,PRD-00140,2024-08-11,2024-08-31,2024-08-31,77,77,0,Delivered
SHP-0000942,SUP-063,PRD-00065,2022-08-10,2022-08-16,2022-08-16,1284,1284,0,Late
SHP-0000943,SUP-026,PRD-00799,2026-01-17,2026-01-23,2026-01-23,1335,1335,0,Delivered
SHP-0000944,SUP-008,PRD-00281,2024-08-11,2024-10-02,2024-10-03,842,842,0,Delivered
SHP-0000945,SUP-056,PRD-00017,2024-05-02,2024-05-07,2024-05-12,885,885,0,Delivered
SHP-0000946,SUP-015,PRD-00154,2025-01-29,2025-02-17,2025-02-17,257,255,2,Delivered
SHP-0000947,SUP-023,PRD-00513,2023-05-08,2023-06-07,2023-06-10,1452,1452,0,Late
SHP-0000948,SUP-044,PRD-00481,2026-07-31,2026-08-16,2026-08-16,488,474,14,Delivered
SHP-0000949,SUP-038,PRD-00330,2021-03-31,2021-04-23,2021-04-23,543,543,0,Delivered
SHP-0000950,SUP-060,PRD-00753,2025-09-20,2025-10-06,2025-10-09,887,887,0,Delivered
SHP-0000951,SUP-012,PRD-00168,2022-03-04,2022-03-22,2022-03-26,1419,1419,0,Delivered
SHP-0000952,SUP-063,PRD-00583,2020-02-10,2020-02-18,2020-02-18,511,506,5,Late
SHP-0000953,SUP-027,PRD-00308,2023-10-31,2023-11-07,2023-11-07,204,204,0,Late
SHP-0000954,SUP-043,PRD-00418,2020-10-23,2020-12-29,2021-01-05,187,187,0,Delivered
SHP-0000955,SUP-063,PRD-00065,2021-09-05,2021-09-21,2021-09-21,1319,1319,0,Delivered
SHP-0000956,SUP-006,PRD-00713,2023-07-10,2023-07-26,2023-08-01,1091,1004,87,Late
SHP-0000957,SUP-063,PRD-00444,2024-09-05,2024-09-29,2024-09-29,189,184,5,Delivered
SHP-0000958,SUP-053,PRD-00833,2021-09-14,2021-10-06,2021-10-11,97,97,0,Delivered
SHP-0000959,SUP-058,PRD-00262,2023-06-15,2023-07-30,2023-08-01,852,686,0,Partial
SHP-0000960,SUP-066,PRD-00710,2026-08-18,2026-09-09,2026-09-09,1129,1118,11,Delivered
SHP-0000961,SUP-047,PRD-00427,2025-01-08,2025-02-12,2025-02-12,148,148,0,Delivered
SHP-0000962,SUP-043,PRD-00438,2020-08-06,2020-08-15,2020-08-25,192,192,0,Delivered
SHP-0000963,SUP-007,PRD-00609,2022-09-17,2022-10-21,2022-11-06,334,334,0,Delivered
SHP-0000964,SUP-042,PRD-00720,2025-03-17,2025-05-10,2025-05-10,1054,1023,31,Delivered
SHP-0000965,SUP-028,PRD-00152,2021-05-12,2021-06-02,2021-06-02,400,368,32,Delivered
SHP-0000966,SUP-029,PRD-00080,2021-10-14,2021-11-03,2021-11-03,589,589,0,Delivered
SHP-0000967,SUP-022,PRD-00412,2026-01-25,2026-02-14,2026-02-19,880,854,26,Delivered
SHP-0000968,SUP-027,PRD-00520,2025-04-27,2025-05-12,2025-05-16,328,328,0,Delivered
SHP-0000969,SUP-050,PRD-00794,2025-07-03,2025-09-13,2025-09-13,531,531,0,Delivered
SHP-0000970,SUP-067,PRD-00760,2020-07-16,2020-07-28,2020-08-04,638,638,0,Delivered
SHP-0000971,SUP-015,PRD-00508,2024-11-26,2024-12-02,2024-12-02,1086,1086,0,Delivered
SHP-0000972,SUP-059,PRD-00434,2026-01-23,2026-02-08,2026-02-12,345,345,0,Delivered
SHP-0000973,SUP-068,PRD-00195,2020-09-26,2020-10-19,2020-10-19,1219,1219,0,Delivered
SHP-0000974,SUP-036,PRD-00254,2025-09-02,2025-10-28,2025-10-28,774,774,0,Delivered
SHP-0000975,SUP-020,PRD-00167,2021-12-25,2022-01-13,2022-01-13,341,341,0,Delivered
SHP-0000976,SUP-039,PRD-00398,2021-06-27,2021-07-02,2021-07-06,810,802,8,Delivered
SHP-0000977,SUP-068,PRD-00550,2026-06-23,2026-07-16,2026-07-16,754,754,0,Delivered
SHP-0000978,SUP-048,PRD-00145,2022-09-24,2022-10-05,2022-10-08,866,866,0,Delivered
SHP-0000979,SUP-009,PRD-00118,2022-11-28,2022-12-10,2022-12-11,231,231,0,Delivered
SHP-0000980,SUP-052,PRD-00176,2020-07-27,2020-08-09,2020-08-09,1266,1229,37,Late
SHP-0000981,SUP-013,PRD-00144,2023-03-22,2023-03-28,2023-03-28,93,93,0,Delivered
SHP-0000982,SUP-056,PRD-00192,2020-05-10,2020-06-25,2020-07-05,1020,1020,0,Delivered
SHP-0000983,SUP-070,PRD-00721,2020-01-21,2020-02-11,2020-02-20,168,168,0,Delivered
SHP-0000984,SUP-062,PRD-00077,2022-04-13,2022-06-01,2022-06-11,858,858,0,Delivered
SHP-0000985,SUP-052,PRD-00390,2023-10-16,2023-11-06,2023-11-14,198,193,5,Delivered
SHP-0000986,SUP-004,PRD-00440,2024-07-31,2024-08-15,2024-08-15,51,51,0,Delivered
SHP-0000987,SUP-044,PRD-00178,2023-11-25,2023-12-10,2023-12-15,1447,1447,0,Delivered
SHP-0000988,SUP-048,PRD-00147,2024-02-13,2024-02-24,2024-02-28,430,430,0,Delivered
SHP-0000989,SUP-068,PRD-00546,2020-01-03,2020-01-19,2020-01-19,1341,1301,40,Delivered
SHP-0000990,SUP-016,PRD-00814,2024-06-27,2024-08-15,2024-08-16,1245,1208,37,Delivered
SHP-0000991,SUP-046,PRD-00428,2024-04-13,2024-05-03,2024-05-03,655,655,0,Delivered
SHP-0000992,SUP-057,PRD-00076,2023-05-23,2023-06-07,2023-06-07,717,717,0,Delivered
SHP-0000993,SUP-049,PRD-00670,2024-04-08,2024-04-18,2024-04-22,1186,1186,0,Delivered
SHP-0000994,SUP-038,PRD-00718,2023-05-09,2023-05-21,2023-05-23,1498,1498,0,Delivered
SHP-0000995,SUP-051,PRD-00734,2025-11-03,2025-11-15,2025-11-19,1182,1182,0,Delivered
SHP-0000996,SUP-062,PRD-00699,2020-04-21,2020-05-22,2020-05-27,995,995,0,Late
SHP-0000997,SUP-026,PRD-00813,2022-02-07,2022-02-21,2022-02-21,545,529,16,Delivered
SHP-0000998,SUP-034,PRD-00613,2025-05-07,2025-05-27,2025-05-27,1439,1439,0,Delivered
SHP-0000999,SUP-062,PRD-00805,2022-10-12,2022-12-16,,1404,969,0,Partial
SHP-0001000,SUP-068,PRD-00259,2022-12-05,2022-12-19,2022-12-25,816,816,0,Late
SHP-0001001,SUP-029,PRD-00762,2025-03-13,2025-04-02,2025-04-02,122,122,0,Late
SHP-0001002,SUP-067,PRD-00309,2026-08-07,2026-08-22,2026-08-22,584,567,17,Late
SHP-0001003,SUP-037,PRD-00101,2025-05-13,2025-06-03,2025-06-14,296,296,0,Delivered
SHP-0001004,SUP-010,PRD-00482,2026-03-03,2026-04-15,,744,577,5,Partial
SHP-0001005,SUP-010,PRD-00189,2021-09-20,2021-11-28,2021-11-29,909,837,72,Delivered
SHP-0001006,SUP-041,PRD-00636,2022-07-02,2022-08-10,2022-08-19,649,598,51,Delivered
SHP-0001007,SUP-055,PRD-00029,2022-09-26,2022-10-11,2022-10-18,201,201,0,Late
SHP-0001008,SUP-004,PRD-00581,2022-05-04,2022-05-21,2022-05-30,695,675,20,Delivered
SHP-0001009,SUP-059,PRD-00434,2021-08-31,2021-09-23,2021-09-23,55,54,1,Delivered
SHP-0001010,SUP-031,PRD-00492,2025-08-24,2025-10-06,2025-10-06,97,97,0,Delivered
SHP-0001011,SUP-062,PRD-00674,2021-03-13,2021-05-04,2021-05-13,163,163,0,Delivered
SHP-0001012,SUP-065,PRD-00691,2021-09-19,2021-10-24,2021-10-24,1450,1450,0,Delivered
SHP-0001013,SUP-050,PRD-00643,2023-06-12,2023-08-10,2023-08-10,211,211,0,Delivered
SHP-0001014,SUP-048,PRD-00735,2026-03-26,2026-04-12,2026-04-17,261,254,7,Delivered
SHP-0001015,SUP-012,PRD-00580,2020-09-04,2020-09-17,2020-09-27,419,419,0,Delivered
SHP-0001016,SUP-027,PRD-00737,2021-10-23,2021-11-13,2021-11-13,141,137,4,Delivered
SHP-0001017,SUP-042,PRD-00720,2022-09-16,2022-11-24,2022-11-29,550,550,0,Delivered
SHP-0001018,SUP-060,PRD-00610,2022-12-12,2022-12-17,2022-12-23,1223,1223,0,Delivered
SHP-0001019,SUP-005,PRD-00564,2021-10-23,2021-10-28,2021-11-06,820,812,8,Delivered
SHP-0001020,SUP-044,PRD-00042,2024-01-26,2024-02-18,2024-03-02,293,270,23,Delivered
SHP-0001021,SUP-064,PRD-00680,2022-11-26,2023-01-21,2023-01-23,265,265,0,Delivered
SHP-0001022,SUP-068,PRD-00195,2022-08-22,2022-09-02,2022-09-02,911,911,0,Delivered
SHP-0001023,SUP-005,PRD-00306,2021-12-09,2021-12-30,2022-01-01,318,318,0,Delivered
SHP-0001024,SUP-039,PRD-00459,2025-05-11,2025-05-31,2025-05-31,354,344,10,Delivered
SHP-0001025,SUP-018,PRD-00299,2022-06-30,2022-07-24,2022-08-09,1326,1326,0,Late
SHP-0001026,SUP-042,PRD-00098,2022-11-08,2023-01-06,2023-01-08,178,178,0,Delivered
SHP-0001027,SUP-032,PRD-00033,2023-12-27,2024-01-17,2024-01-17,332,329,3,Late
SHP-0001028,SUP-024,PRD-00773,2021-04-10,2021-04-20,2021-04-21,227,227,0,Delivered
SHP-0001029,SUP-011,PRD-00411,2020-06-30,2020-07-23,2020-08-04,801,801,0,Delivered
SHP-0001030,SUP-047,PRD-00057,2023-01-14,2023-02-26,2023-03-08,368,365,3,Delivered
SHP-0001031,SUP-021,PRD-00738,2021-04-02,2021-04-09,2021-04-13,358,358,0,Delivered
SHP-0001032,SUP-006,PRD-00143,2024-08-10,2024-08-28,2024-08-31,1421,1421,0,Delivered
SHP-0001033,SUP-005,PRD-00564,2021-03-19,2021-04-01,2021-04-04,1174,1174,0,Delivered
SHP-0001034,SUP-005,PRD-00306,2025-09-06,2025-09-13,2025-09-13,832,808,24,Delivered
SHP-0001035,SUP-050,PRD-00775,2024-11-04,2024-12-02,2024-12-07,1452,1452,0,Delivered
SHP-0001036,SUP-025,PRD-00646,2026-03-02,2026-05-01,2026-05-01,741,734,7,Delivered
SHP-0001037,SUP-029,PRD-00080,2024-03-05,2024-03-26,2024-04-05,1396,1396,0,Late
SHP-0001038,SUP-001,PRD-00802,2020-03-05,2020-03-12,2020-03-25,1139,1048,91,Delivered
SHP-0001039,SUP-069,PRD-00640,2023-10-07,2023-10-16,2023-10-22,651,599,52,Delivered
SHP-0001040,SUP-023,PRD-00513,2021-07-20,2021-09-14,2021-09-23,1165,1131,34,Delivered
SHP-0001041,SUP-042,PRD-00443,2026-02-04,2026-03-10,2026-03-18,704,704,0,Delivered
SHP-0001042,SUP-044,PRD-00165,2026-04-10,2026-04-15,2026-04-16,1236,1236,0,Delivered
SHP-0001043,SUP-060,PRD-00023,2024-10-01,2024-10-15,2024-10-15,474,470,4,Delivered
SHP-0001044,SUP-063,PRD-00671,2021-11-29,2021-12-20,2021-12-20,560,560,0,Delivered
SHP-0001045,SUP-009,PRD-00442,2022-01-31,2022-03-25,2022-03-25,1078,1068,10,Delivered
SHP-0001046,SUP-039,PRD-00446,2025-02-25,2025-03-19,2025-03-29,602,602,0,Delivered
SHP-0001047,SUP-013,PRD-00375,2023-06-05,2023-06-12,2023-06-12,405,373,32,Delivered
SHP-0001048,SUP-044,PRD-00277,2025-04-04,2025-04-13,2025-04-15,1027,1027,0,Late
SHP-0001049,SUP-016,PRD-00337,2022-03-01,2022-03-06,2022-03-06,1131,1131,0,Delivered
SHP-0001050,SUP-006,PRD-00244,2022-02-12,2022-03-02,2022-03-14,278,270,8,Delivered
SHP-0001051,SUP-020,PRD-00199,2024-11-17,2025-01-03,2025-01-14,1412,1412,0,Delivered
SHP-0001052,SUP-011,PRD-00340,2021-10-27,2021-11-04,2021-11-05,328,328,0,Late
SHP-0001053,SUP-007,PRD-00862,2022-07-25,2022-08-17,2022-08-24,760,753,7,Late
SHP-0001054,SUP-013,PRD-00790,2026-08-20,2026-08-26,2026-08-26,193,193,0,Delivered
SHP-0001055,SUP-068,PRD-00195,2022-02-11,2022-02-16,2022-02-18,60,60,0,Delivered
SHP-0001056,SUP-012,PRD-00594,2022-01-25,2022-01-30,2022-01-30,1139,1105,34,Delivered
SHP-0001057,SUP-043,PRD-00209,2021-05-20,2021-06-02,2021-06-12,371,371,0,Delivered
SHP-0001058,SUP-023,PRD-00242,2023-09-24,2023-10-05,2023-10-05,676,676,0,Delivered
SHP-0001059,SUP-018,PRD-00267,2021-08-01,2021-08-15,2021-08-20,576,559,17,Delivered
SHP-0001060,SUP-070,PRD-00315,2022-11-14,2022-11-20,2022-11-24,516,516,0,Late
SHP-0001061,SUP-014,PRD-00704,2022-05-14,2022-07-18,2022-07-19,1374,1374,0,Delivered
SHP-0001062,SUP-036,PRD-00173,2023-05-23,2023-07-27,2023-08-01,611,611,0,Delivered
SHP-0001063,SUP-053,PRD-00095,2020-06-23,2020-07-05,2020-07-05,1430,1430,0,Delivered
SHP-0001064,SUP-069,PRD-00364,2024-03-06,2024-03-21,2024-03-29,984,984,0,Delivered
SHP-0001065,SUP-060,PRD-00514,2025-11-18,2025-12-04,2025-12-05,286,284,2,Delivered
SHP-0001066,SUP-013,PRD-00890,2021-04-25,2021-05-13,2021-05-28,1365,1365,0,Delivered
SHP-0001067,SUP-035,PRD-00041,2022-01-14,2022-01-25,2022-01-25,1498,1498,0,Delivered
SHP-0001068,SUP-018,PRD-00299,2022-11-05,2022-11-29,2022-12-05,793,793,0,Delivered
SHP-0001069,SUP-036,PRD-00414,2020-05-06,2020-06-14,2020-06-18,1074,1074,0,Delivered
SHP-0001070,SUP-024,PRD-00840,2020-10-24,2020-11-09,2020-11-16,79,79,0,Delivered
SHP-0001071,SUP-054,PRD-00706,2022-03-23,2022-04-11,2022-04-21,401,401,0,Delivered
SHP-0001072,SUP-051,PRD-00149,2021-11-18,2021-12-12,2021-12-24,378,251,2,Partial
SHP-0001073,SUP-070,PRD-00868,2024-12-27,2025-01-08,2025-01-08,621,615,6,Delivered
SHP-0001074,SUP-030,PRD-00131,2023-02-08,2023-02-17,2023-02-17,756,628,6,Partial
SHP-0001075,SUP-002,PRD-00386,2025-01-13,2025-01-23,2025-01-28,1450,1450,0,Delivered
SHP-0001076,SUP-046,PRD-00756,2022-04-24,2022-05-09,2022-05-19,366,363,3,Delivered
SHP-0001077,SUP-058,PRD-00567,2024-05-04,2024-05-17,2024-05-23,499,435,0,Partial
SHP-0001078,SUP-070,PRD-00358,2020-01-01,2020-01-13,2020-01-20,310,307,3,Delivered
SHP-0001079,SUP-007,PRD-00609,2026-06-15,2026-07-09,2026-07-14,642,623,19,Delivered
SHP-0001080,SUP-056,PRD-00192,2024-12-19,2025-01-23,2025-01-24,831,831,0,Late
SHP-0001081,SUP-029,PRD-00894,2025-10-25,2025-11-08,2025-11-08,1064,1033,31,Delivered
SHP-0001082,SUP-028,PRD-00062,2024-08-21,2024-08-29,2024-08-29,1169,1169,0,Delivered
SHP-0001083,SUP-049,PRD-00780,2022-01-21,2022-02-13,2022-02-15,1067,1067,0,Late
SHP-0001084,SUP-060,PRD-00336,2025-09-10,2025-09-23,2025-09-25,1462,1448,14,Late
SHP-0001085,SUP-037,PRD-00292,2024-09-23,2024-10-12,2024-10-20,1204,1168,36,Delivered
SHP-0001086,SUP-056,PRD-00192,2025-02-26,2025-04-07,2025-04-12,676,670,6,Delivered
SHP-0001087,SUP-059,PRD-00661,2026-08-21,2026-09-04,2026-09-16,1428,1414,14,Delivered
SHP-0001088,SUP-002,PRD-00675,2022-10-20,2022-12-27,2022-12-31,151,151,0,Delivered
SHP-0001089,SUP-003,PRD-00881,2022-09-29,2022-10-15,2022-10-15,992,992,0,Delivered
SHP-0001090,SUP-011,PRD-00340,2022-05-23,2022-06-12,2022-06-12,169,169,0,Late
SHP-0001091,SUP-028,PRD-00164,2021-11-11,2021-12-04,2021-12-04,774,774,0,Delivered
SHP-0001092,SUP-019,PRD-00467,2020-11-02,2020-11-15,2020-11-15,990,981,9,Delivered
SHP-0001093,SUP-041,PRD-00229,2022-07-09,2022-09-13,2022-09-17,865,865,0,Delivered
SHP-0001094,SUP-027,PRD-00520,2021-07-30,2021-08-21,2021-08-27,1358,1318,40,Delivered
SHP-0001095,SUP-014,PRD-00224,2020-12-18,2020-12-30,2021-01-04,1315,1315,0,Delivered
SHP-0001096,SUP-042,PRD-00472,2022-08-20,2022-08-30,2022-09-04,1226,1226,0,Delivered
SHP-0001097,SUP-010,PRD-00527,2022-09-12,2022-11-17,2022-11-17,682,682,0,Delivered
SHP-0001098,SUP-011,PRD-00340,2022-03-23,2022-03-30,2022-04-11,716,716,0,Delivered
SHP-0001099,SUP-005,PRD-00097,2023-01-02,2023-01-18,2023-01-18,1304,1304,0,Delivered
SHP-0001100,SUP-057,PRD-00219,2025-07-11,2025-07-19,2025-07-21,193,188,5,Delivered
SHP-0001101,SUP-005,PRD-00348,2024-10-03,2024-10-23,2024-10-23,1260,1223,37,Delivered
SHP-0001102,SUP-010,PRD-00126,2023-09-01,2023-10-15,2023-10-17,1389,1280,0,Partial
SHP-0001103,SUP-059,PRD-00661,2023-04-17,2023-05-11,2023-05-12,397,397,0,Late
SHP-0001104,SUP-011,PRD-00837,2022-06-22,2022-07-01,2022-07-02,288,288,0,Delivered
SHP-0001105,SUP-048,PRD-00448,2023-10-25,2023-10-30,2023-11-10,1265,1253,12,Delivered
SHP-0001106,SUP-004,PRD-00061,2022-05-13,2022-05-31,2022-06-08,1468,1468,0,Delivered
SHP-0001107,SUP-043,PRD-00241,2023-01-14,2023-03-08,2023-03-13,800,792,8,Delivered
SHP-0001108,SUP-055,PRD-00488,2021-08-04,2021-08-09,2021-08-12,1478,1478,0,Delivered
SHP-0001109,SUP-017,PRD-00113,2024-03-29,2024-04-18,2024-04-18,1127,1116,11,Delivered
SHP-0001110,SUP-002,PRD-00130,2026-08-06,2026-10-18,2026-10-21,565,560,5,Delivered
SHP-0001111,SUP-033,PRD-00132,2021-03-28,2021-05-11,2021-05-11,857,857,0,Delivered
SHP-0001112,SUP-058,PRD-00468,2026-02-16,2026-02-28,2026-03-12,1415,1415,0,Delivered
SHP-0001113,SUP-013,PRD-00216,2020-11-05,2020-11-17,2020-11-23,1266,1266,0,Delivered
SHP-0001114,SUP-009,PRD-00538,2026-04-22,2026-05-26,2026-06-08,899,899,0,Delivered
SHP-0001115,SUP-025,PRD-00288,2025-05-11,2025-07-05,2025-07-05,722,722,0,Delivered
SHP-0001116,SUP-061,PRD-00395,2025-08-19,2025-08-30,2025-09-12,262,260,2,Delivered
SHP-0001117,SUP-010,PRD-00572,2025-07-31,2025-08-22,2025-08-22,1433,940,75,Partial
SHP-0001118,SUP-009,PRD-00672,2022-07-13,2022-08-16,2022-08-16,1032,1032,0,Delivered
SHP-0001119,SUP-033,PRD-00132,2025-09-18,2025-09-28,2025-10-09,361,333,28,Delivered
SHP-0001120,SUP-053,PRD-00486,2023-10-12,2023-10-21,2023-10-24,1492,1478,14,Late
SHP-0001121,SUP-044,PRD-00116,2025-10-10,2025-10-31,2025-10-31,1268,1268,0,Delivered
SHP-0001122,SUP-056,PRD-00119,2023-03-27,2023-04-24,2023-05-03,1219,1219,0,Delivered
SHP-0001123,SUP-041,PRD-00636,2021-09-25,2021-11-12,2021-11-12,555,555,0,Delivered
SHP-0001124,SUP-017,PRD-00504,2025-03-16,2025-04-01,2025-04-17,884,884,0,Delivered
SHP-0001125,SUP-020,PRD-00425,2026-06-23,2026-07-07,2026-07-07,426,426,0,Late
SHP-0001126,SUP-051,PRD-00600,2021-01-02,2021-01-19,2021-01-26,1124,1124,0,Delivered
SHP-0001127,SUP-050,PRD-00016,2024-08-11,2024-08-26,2024-08-26,1391,1280,111,Delivered
SHP-0001128,SUP-050,PRD-00016,2022-07-31,2022-09-21,2022-09-25,887,887,0,Delivered
SHP-0001129,SUP-036,PRD-00711,2025-08-10,2025-10-04,2025-10-10,651,651,0,Delivered
SHP-0001130,SUP-001,PRD-00736,2026-01-29,2026-02-14,2026-02-20,821,813,8,Delivered
SHP-0001131,SUP-010,PRD-00078,2024-07-09,2024-09-21,2024-09-22,667,667,0,Late
SHP-0001132,SUP-029,PRD-00080,2021-04-03,2021-04-27,2021-04-27,749,749,0,Delivered
SHP-0001133,SUP-024,PRD-00840,2026-04-07,2026-04-26,2026-05-03,1249,1249,0,Delivered
SHP-0001134,SUP-062,PRD-00547,2024-10-01,2024-11-26,2024-11-29,1250,1250,0,Delivered
SHP-0001135,SUP-029,PRD-00066,2026-02-12,2026-03-03,2026-03-03,245,245,0,Delivered
SHP-0001136,SUP-060,PRD-00023,2021-01-17,2021-01-27,2021-01-30,767,767,0,Delivered
SHP-0001137,SUP-032,PRD-00049,2025-12-22,2026-03-03,2026-03-03,436,436,0,Delivered
SHP-0001138,SUP-012,PRD-00580,2021-02-13,2021-03-03,2021-03-21,463,463,0,Delivered
SHP-0001139,SUP-004,PRD-00409,2026-06-12,2026-07-05,2026-07-08,377,366,11,Delivered
SHP-0001140,SUP-011,PRD-00411,2025-08-31,2025-09-16,2025-09-27,1480,1480,0,Delivered
SHP-0001141,SUP-051,PRD-00188,2022-11-17,2022-12-01,2022-12-07,968,968,0,Delivered
SHP-0001142,SUP-013,PRD-00790,2024-10-26,2024-11-14,2024-11-26,67,67,0,Delivered
SHP-0001143,SUP-002,PRD-00675,2025-03-04,2025-04-08,2025-04-18,853,853,0,Delivered
SHP-0001144,SUP-049,PRD-00780,2022-03-21,2022-04-06,2022-04-06,776,769,7,Delivered
SHP-0001145,SUP-037,PRD-00101,2023-06-24,2023-07-13,2023-07-13,379,379,0,Delivered
SHP-0001146,SUP-044,PRD-00175,2026-05-11,2026-06-02,2026-06-02,935,935,0,Late
SHP-0001147,SUP-023,PRD-00891,2024-01-14,2024-02-02,2024-02-06,889,889,0,Delivered
SHP-0001148,SUP-063,PRD-00741,2020-09-22,2020-10-05,2020-10-06,365,365,0,Delivered
SHP-0001149,SUP-070,PRD-00782,2020-01-11,2020-02-03,2020-02-05,442,438,4,Delivered
SHP-0001150,SUP-032,PRD-00049,2022-07-11,2022-08-11,2022-08-23,387,384,3,Delivered
SHP-0001151,SUP-057,PRD-00839,2023-01-15,2023-01-29,2023-02-02,580,580,0,Delivered
SHP-0001152,SUP-050,PRD-00040,2024-06-05,2024-07-31,2024-07-31,814,683,0,Partial
SHP-0001153,SUP-018,PRD-00185,2024-01-24,2024-02-04,2024-02-04,826,826,0,Delivered
SHP-0001154,SUP-007,PRD-00569,2026-05-28,2026-07-17,2026-07-26,767,760,7,Delivered
SHP-0001155,SUP-032,PRD-00404,2026-01-28,2026-04-03,2026-04-13,503,498,5,Delivered
SHP-0001156,SUP-009,PRD-00538,2023-10-12,2023-11-29,2023-12-04,860,860,0,Delivered
SHP-0001157,SUP-028,PRD-00865,2023-05-02,2023-05-08,2023-05-09,865,857,8,Delivered
SHP-0001158,SUP-042,PRD-00847,2020-09-15,2020-10-10,2020-10-10,776,776,0,Delivered
SHP-0001159,SUP-054,PRD-00237,2023-01-31,2023-02-23,2023-03-07,95,95,0,Late
SHP-0001160,SUP-063,PRD-00444,2024-09-02,2024-09-13,2024-09-19,1209,1209,0,Delivered
SHP-0001161,SUP-026,PRD-00799,2020-11-13,2020-11-19,2020-11-19,789,782,7,Delivered
SHP-0001162,SUP-005,PRD-00348,2025-02-24,2025-03-09,2025-03-09,1489,1489,0,Late
SHP-0001163,SUP-067,PRD-00776,2020-05-06,2020-05-24,2020-05-29,682,682,0,Late
SHP-0001164,SUP-067,PRD-00656,2020-05-12,2020-05-24,2020-06-01,1070,1038,32,Delivered
SHP-0001165,SUP-066,PRD-00804,2023-10-04,2023-10-18,2023-10-21,243,224,19,Delivered
SHP-0001166,SUP-067,PRD-00776,2020-03-19,2020-04-12,2020-04-20,854,712,0,Partial
SHP-0001167,SUP-057,PRD-00034,2025-04-04,2025-04-28,2025-05-01,61,61,0,Delivered
SHP-0001168,SUP-056,PRD-00017,2022-04-04,2022-06-12,2022-06-12,651,651,0,Delivered
SHP-0001169,SUP-054,PRD-00706,2023-03-09,2023-03-28,2023-04-04,453,440,13,Delivered
SHP-0001170,SUP-061,PRD-00684,2024-11-22,2024-12-03,2024-12-15,193,193,0,Delivered
SHP-0001171,SUP-007,PRD-00291,2025-07-16,2025-08-17,2025-08-29,1447,1433,14,Delivered
SHP-0001172,SUP-064,PRD-00379,2020-06-10,2020-07-23,2020-07-30,1198,1198,0,Late
SHP-0001173,SUP-052,PRD-00390,2025-04-16,2025-05-09,2025-05-09,344,341,3,Delivered
SHP-0001174,SUP-066,PRD-00284,2022-08-24,2022-10-30,2022-10-30,331,331,0,Delivered
SHP-0001175,SUP-064,PRD-00795,2024-10-08,2024-10-19,2024-11-06,1108,1108,0,Late
SHP-0001176,SUP-024,PRD-00635,2024-10-13,2024-10-26,2024-10-31,472,472,0,Delivered
SHP-0001177,SUP-026,PRD-00419,2023-03-05,2023-03-29,2023-03-29,195,195,0,Delivered
SHP-0001178,SUP-038,PRD-00236,2020-11-14,2020-11-23,2020-11-29,982,982,0,Delivered
SHP-0001179,SUP-045,PRD-00354,2026-02-07,2026-04-21,2026-04-21,459,459,0,Delivered
SHP-0001180,SUP-027,PRD-00758,2024-02-29,2024-03-05,2024-03-05,1067,1057,10,Delivered
SHP-0001181,SUP-024,PRD-00635,2025-04-29,2025-05-20,2025-05-20,1139,1139,0,Late
SHP-0001182,SUP-012,PRD-00368,2023-08-02,2023-08-17,2023-08-19,755,755,0,Delivered
SHP-0001183,SUP-049,PRD-00484,2025-02-25,2025-03-14,2025-03-15,835,835,0,Delivered
SHP-0001184,SUP-015,PRD-00445,2021-08-26,2021-08-31,2021-09-01,587,587,0,Delivered
SHP-0001185,SUP-029,PRD-00647,2022-06-02,2022-06-22,2022-06-23,352,352,0,Delivered
SHP-0001186,SUP-041,PRD-00663,2023-08-26,2023-09-04,2023-09-09,281,281,0,Delivered
SHP-0001187,SUP-051,PRD-00417,2020-05-14,2020-05-21,2020-05-22,590,573,17,Late
SHP-0001188,SUP-067,PRD-00686,2024-03-29,2024-04-10,2024-04-22,1016,1006,10,Delivered
SHP-0001189,SUP-040,PRD-00269,2022-02-11,2022-02-26,2022-03-14,1350,1350,0,Delivered
SHP-0001190,SUP-021,PRD-00476,2020-06-12,2020-07-27,2020-07-27,1083,1083,0,Delivered
SHP-0001191,SUP-046,PRD-00170,2020-07-20,2020-08-02,2020-08-13,731,731,0,Delivered
SHP-0001192,SUP-053,PRD-00859,2024-04-21,2024-05-07,,847,636,0,Partial
SHP-0001193,SUP-010,PRD-00727,2020-08-01,2020-08-07,2020-08-10,574,574,0,Delivered
SHP-0001194,SUP-023,PRD-00748,2022-10-26,2022-11-22,2022-11-24,945,945,0,Delivered
SHP-0001195,SUP-006,PRD-00644,2025-05-19,2025-06-11,2025-06-15,1334,1321,13,Late
SHP-0001196,SUP-054,PRD-00037,2026-08-26,2026-09-07,2026-09-10,777,754,23,Late
SHP-0001197,SUP-063,PRD-00816,2025-11-29,2025-12-14,2025-12-17,185,185,0,Delivered
SHP-0001198,SUP-013,PRD-00435,2023-07-19,2023-07-27,2023-07-27,356,356,0,Delivered
SHP-0001199,SUP-010,PRD-00189,2020-09-27,2020-10-06,2020-10-17,231,231,0,Delivered
SHP-0001200,SUP-001,PRD-00802,2023-10-01,2023-10-20,2023-10-20,289,287,2,Delivered
SHP-0001201,SUP-057,PRD-00181,2022-04-19,2022-04-30,2022-05-17,482,482,0,Delivered
SHP-0001202,SUP-031,PRD-00500,2024-07-11,2024-09-16,2024-09-17,68,68,0,Delivered
SHP-0001203,SUP-011,PRD-00411,2024-01-27,2024-02-13,2024-02-13,55,54,1,Delivered
SHP-0001204,SUP-046,PRD-00900,2022-03-17,2022-03-26,2022-03-31,371,371,0,Delivered
SHP-0001205,SUP-058,PRD-00567,2026-03-24,2026-04-15,2026-04-21,1148,1114,34,Delivered
SHP-0001206,SUP-011,PRD-00477,2024-11-02,2024-11-12,2024-11-12,726,726,0,Delivered
SHP-0001207,SUP-040,PRD-00530,2021-01-13,2021-01-30,2021-02-01,180,180,0,Late
SHP-0001208,SUP-036,PRD-00012,2026-07-20,2026-08-26,2026-09-03,1260,1260,0,Delivered
SHP-0001209,SUP-065,PRD-00387,2022-03-04,2022-03-23,2022-03-23,508,508,0,Delivered
SHP-0001210,SUP-053,PRD-00544,2025-10-26,2025-11-16,2025-12-06,603,603,0,Delivered
SHP-0001211,SUP-021,PRD-00531,2022-02-19,2022-03-08,2022-03-08,742,720,22,Delivered
SHP-0001212,SUP-036,PRD-00361,2024-08-19,2024-10-21,2024-10-27,115,115,0,Delivered
SHP-0001213,SUP-068,PRD-00546,2026-05-11,2026-05-26,2026-06-01,364,364,0,Delivered
SHP-0001214,SUP-009,PRD-00118,2022-05-21,2022-06-10,2022-06-13,88,88,0,Delivered
SHP-0001215,SUP-060,PRD-00142,2021-11-01,2021-11-25,2021-12-03,881,881,0,Delivered
SHP-0001216,SUP-006,PRD-00585,2024-11-05,2024-11-26,2024-11-28,1062,1062,0,Delivered
SHP-0001217,SUP-049,PRD-00421,2021-11-11,2021-11-22,2021-11-22,735,541,0,Partial
SHP-0001218,SUP-047,PRD-00415,2023-11-07,2023-11-12,2023-11-24,1192,1192,0,Delivered
SHP-0001219,SUP-053,PRD-00383,2025-11-10,2025-11-19,2025-11-24,1410,1410,0,Delivered
SHP-0001220,SUP-058,PRD-00158,2021-03-23,2021-05-03,2021-05-20,978,741,7,Partial
SHP-0001221,SUP-056,PRD-00192,2023-01-15,2023-03-19,2023-03-19,1280,1280,0,Delivered
SHP-0001222,SUP-063,PRD-00671,2022-11-14,2022-12-03,2022-12-10,873,873,0,Delivered
SHP-0001223,SUP-006,PRD-00882,2026-05-26,2026-05-31,2026-06-06,972,943,29,Delivered
SHP-0001224,SUP-063,PRD-00583,2025-12-05,2025-12-27,2025-12-29,239,156,0,Partial
SHP-0001225,SUP-026,PRD-00378,2022-04-13,2022-04-21,2022-04-27,262,255,7,Delivered
SHP-0001226,SUP-057,PRD-00248,2025-02-27,2025-03-06,2025-03-19,1120,1120,0,Delivered
SHP-0001227,SUP-027,PRD-00308,2023-05-22,2023-06-13,2023-06-23,1287,1031,10,Partial
SHP-0001228,SUP-066,PRD-00723,2023-05-02,2023-05-28,2023-06-09,1356,1356,0,Delivered
SHP-0001229,SUP-035,PRD-00826,2024-07-09,2024-07-15,2024-07-17,877,877,0,Delivered
SHP-0001230,SUP-048,PRD-00258,2023-11-05,2023-11-28,2023-12-01,492,492,0,Late
SHP-0001231,SUP-030,PRD-00111,2026-06-02,2026-06-07,2026-06-09,613,613,0,Delivered
SHP-0001232,SUP-047,PRD-00744,2021-07-19,2021-08-14,2021-08-15,132,131,1,Delivered
SHP-0001233,SUP-039,PRD-00398,2020-03-14,2020-03-22,2020-03-28,1016,1016,0,Delivered
SHP-0001234,SUP-012,PRD-00368,2025-02-02,2025-02-18,2025-02-23,1346,1346,0,Late
SHP-0001235,SUP-022,PRD-00764,2024-08-06,2024-08-22,2024-08-28,1178,1178,0,Delivered
SHP-0001236,SUP-069,PRD-00043,2023-05-24,2023-06-15,2023-06-21,1160,1126,34,Delivered
SHP-0001237,SUP-022,PRD-00507,2025-10-11,2025-10-29,2025-10-29,104,104,0,Delivered
SHP-0001238,SUP-029,PRD-00172,2022-07-12,2022-07-24,2022-07-25,736,736,0,Delivered
SHP-0001239,SUP-062,PRD-00788,2026-04-08,2026-05-21,2026-05-21,1335,1335,0,Delivered
SHP-0001240,SUP-060,PRD-00610,2023-10-09,2023-10-24,2023-11-02,883,883,0,Delivered
SHP-0001241,SUP-023,PRD-00810,2023-02-28,2023-03-21,2023-03-21,1300,1287,13,Delivered
SHP-0001242,SUP-044,PRD-00666,2023-10-29,2023-11-05,2023-11-07,539,523,16,Late
SHP-0001243,SUP-006,PRD-00585,2020-02-03,2020-02-26,2020-03-09,1081,1081,0,Delivered
SHP-0001244,SUP-030,PRD-00069,2021-10-14,2021-10-21,2021-10-21,480,480,0,Delivered
SHP-0001245,SUP-001,PRD-00352,2024-02-19,2024-03-06,2024-03-06,1167,1132,35,Delivered
SHP-0001246,SUP-063,PRD-00714,2026-04-18,2026-05-04,2026-05-12,494,480,14,Delivered
SHP-0001247,SUP-020,PRD-00104,2020-01-25,2020-02-14,2020-02-26,1163,1163,0,Delivered
SHP-0001248,SUP-028,PRD-00370,2023-08-17,2023-08-30,2023-09-06,571,526,45,Delivered
SHP-0001249,SUP-047,PRD-00415,2020-09-30,2020-11-07,2020-11-12,1076,1066,10,Delivered
SHP-0001250,SUP-059,PRD-00661,2024-08-08,2024-08-29,2024-08-29,884,884,0,Delivered
SHP-0001251,SUP-057,PRD-00133,2023-01-06,2023-01-16,2023-01-16,1200,1164,36,Delivered
SHP-0001252,SUP-012,PRD-00629,2021-08-03,2021-08-27,2021-08-27,1206,1206,0,Delivered
SHP-0001253,SUP-036,PRD-00153,2020-06-23,2020-08-27,2020-08-27,1299,1299,0,Delivered
SHP-0001254,SUP-022,PRD-00454,2024-01-13,2024-01-27,2024-01-27,801,793,8,Delivered
SHP-0001255,SUP-068,PRD-00388,2024-06-15,2024-07-03,2024-07-03,1337,1337,0,Delivered
SHP-0001256,SUP-014,PRD-00251,2022-02-27,2022-03-09,2022-03-15,352,352,0,Delivered
SHP-0001257,SUP-030,PRD-00036,2020-06-11,2020-06-22,2020-07-07,778,755,23,Delivered
SHP-0001258,SUP-054,PRD-00227,2024-03-25,2024-04-15,2024-04-21,326,317,9,Delivered
SHP-0001259,SUP-063,PRD-00583,2022-08-30,2022-09-08,2022-09-08,718,718,0,Delivered
SHP-0001260,SUP-056,PRD-00692,2022-01-29,2022-02-07,2022-02-07,620,620,0,Delivered
SHP-0001261,SUP-018,PRD-00624,2022-05-01,2022-05-19,2022-05-25,1172,1172,0,Delivered
SHP-0001262,SUP-045,PRD-00461,2022-11-25,2022-12-01,,1167,841,0,Partial
SHP-0001263,SUP-011,PRD-00411,2020-04-09,2020-04-30,2020-04-30,1362,1362,0,Delivered
SHP-0001264,SUP-017,PRD-00504,2026-05-28,2026-06-10,2026-06-13,1071,1039,32,Delivered
SHP-0001265,SUP-030,PRD-00522,2020-03-07,2020-03-22,2020-03-26,1038,1028,10,Delivered
SHP-0001266,SUP-022,PRD-00540,2022-04-10,2022-04-22,,378,304,9,Partial
SHP-0001267,SUP-003,PRD-00556,2024-10-13,2024-10-25,2024-10-26,286,286,0,Delivered
SHP-0001268,SUP-029,PRD-00801,2023-03-23,2023-04-11,2023-04-15,1122,1122,0,Delivered
SHP-0001269,SUP-036,PRD-00545,2022-07-06,2022-07-26,2022-07-26,1334,1321,13,Delivered
SHP-0001270,SUP-031,PRD-00025,2020-12-24,2021-01-30,2021-01-30,131,128,3,Delivered
SHP-0001271,SUP-057,PRD-00248,2021-10-24,2021-11-12,2021-11-18,926,926,0,Delivered
SHP-0001272,SUP-018,PRD-00293,2023-05-11,2023-05-29,2023-06-01,852,852,0,Delivered
SHP-0001273,SUP-006,PRD-00278,2021-10-15,2021-10-25,2021-10-29,410,378,32,Delivered
SHP-0001274,SUP-001,PRD-00475,2025-08-04,2025-08-14,2025-08-14,790,790,0,Delivered
SHP-0001275,SUP-066,PRD-00298,2024-08-09,2024-09-04,2024-09-04,841,774,67,Delivered
SHP-0001276,SUP-039,PRD-00459,2021-09-30,2021-10-14,2021-10-18,125,115,10,Delivered
SHP-0001277,SUP-037,PRD-00800,2020-06-05,2020-06-16,2020-06-21,288,288,0,Delivered
SHP-0001278,SUP-014,PRD-00224,2020-07-26,2020-09-16,2020-09-17,1155,1155,0,Delivered
SHP-0001279,SUP-015,PRD-00739,2020-04-27,2020-05-11,2020-05-11,535,535,0,Delivered
SHP-0001280,SUP-066,PRD-00284,2022-11-04,2022-11-12,2022-11-18,924,924,0,Delivered
SHP-0001281,SUP-001,PRD-00886,2025-06-27,2025-07-03,2025-07-05,628,628,0,Delivered
SHP-0001282,SUP-050,PRD-00588,2021-07-05,2021-08-13,2021-08-13,337,337,0,Delivered
SHP-0001283,SUP-042,PRD-00720,2020-09-07,2020-09-30,2020-10-02,1170,1159,11,Delivered
SHP-0001284,SUP-070,PRD-00265,2025-09-05,2025-09-19,2025-09-30,341,331,10,Late
SHP-0001285,SUP-053,PRD-00833,2022-12-25,2022-12-30,2023-01-01,513,513,0,Delivered
SHP-0001286,SUP-057,PRD-00870,2025-03-08,2025-03-30,2025-04-05,934,934,0,Delivered
SHP-0001287,SUP-056,PRD-00015,2022-02-19,2022-03-21,2022-03-23,273,258,0,Partial
SHP-0001288,SUP-042,PRD-00875,2022-10-16,2022-10-22,2022-10-22,234,232,2,Late
SHP-0001289,SUP-050,PRD-00588,2020-10-14,2020-12-02,2020-12-14,1095,1095,0,Delivered
SHP-0001290,SUP-047,PRD-00415,2020-10-23,2020-12-15,2020-12-21,739,739,0,Delivered
SHP-0001291,SUP-019,PRD-00701,2024-10-11,2024-10-24,2024-10-27,1024,994,30,Delivered
SHP-0001292,SUP-047,PRD-00797,2023-06-06,2023-08-10,2023-08-12,997,988,9,Delivered
SHP-0001293,SUP-048,PRD-00221,2023-08-08,2023-08-25,2023-08-25,1125,1125,0,Delivered
SHP-0001294,SUP-050,PRD-00794,2020-08-07,2020-09-01,2020-09-01,1126,1115,11,Delivered
SHP-0001295,SUP-044,PRD-00481,2020-01-08,2020-01-25,2020-02-02,1171,1171,0,Delivered
SHP-0001296,SUP-017,PRD-00050,2026-05-06,2026-05-12,2026-05-19,56,55,1,Delivered
SHP-0001297,SUP-033,PRD-00125,2024-02-21,2024-03-08,2024-03-08,465,461,4,Delivered
SHP-0001298,SUP-015,PRD-00739,2022-10-29,2022-11-06,2022-11-10,518,518,0,Delivered
SHP-0001299,SUP-021,PRD-00576,2023-01-30,2023-03-30,2023-04-11,538,538,0,Delivered
SHP-0001300,SUP-042,PRD-00342,2025-09-02,2025-11-15,2025-11-22,335,335,0,Delivered
SHP-0001301,SUP-041,PRD-00451,2024-09-19,2024-11-17,2024-11-21,1432,1432,0,Delivered
SHP-0001302,SUP-001,PRD-00475,2022-01-18,2022-01-30,2022-02-07,340,311,0,Partial
SHP-0001303,SUP-036,PRD-00599,2023-08-29,2023-09-15,2023-09-16,131,131,0,Delivered
SHP-0001304,SUP-012,PRD-00368,2024-01-06,2024-01-28,2024-01-29,849,849,0,Late
SHP-0001305,SUP-063,PRD-00722,2023-12-05,2023-12-25,2023-12-25,69,69,0,Delivered
SHP-0001306,SUP-046,PRD-00170,2025-09-17,2025-10-10,2025-10-17,1106,1106,0,Delivered
SHP-0001307,SUP-030,PRD-00880,2025-09-09,2025-09-23,2025-09-23,1191,1156,35,Delivered
SHP-0001308,SUP-063,PRD-00671,2020-10-14,2020-10-23,2020-10-23,1045,1014,31,Delivered
SHP-0001309,SUP-032,PRD-00509,2025-07-08,2025-09-09,2025-09-11,711,711,0,Delivered
SHP-0001310,SUP-049,PRD-00780,2022-05-27,2022-06-15,2022-06-21,122,102,0,Partial
SHP-0001311,SUP-011,PRD-00837,2024-06-03,2024-06-13,2024-06-20,316,307,9,Delivered
SHP-0001312,SUP-060,PRD-00023,2020-05-11,2020-05-30,2020-06-02,553,553,0,Late
SHP-0001313,SUP-044,PRD-00042,2026-08-15,2026-09-02,2026-09-02,1147,1147,0,Delivered
SHP-0001314,SUP-004,PRD-00061,2021-07-01,2021-07-25,2021-07-25,834,834,0,Late
SHP-0001315,SUP-003,PRD-00750,2025-09-26,2025-11-16,2025-11-20,1050,1050,0,Delivered
SHP-0001316,SUP-022,PRD-00627,2025-01-30,2025-02-06,2025-02-15,1454,1454,0,Delivered
SHP-0001317,SUP-013,PRD-00400,2020-01-11,2020-01-28,2020-01-29,57,57,0,Delivered
SHP-0001318,SUP-001,PRD-00352,2020-11-26,2020-12-10,2020-12-10,1119,1119,0,Delivered
SHP-0001319,SUP-049,PRD-00039,2022-09-29,2022-10-14,2022-10-26,1092,1060,32,Delivered
SHP-0001320,SUP-005,PRD-00230,2020-03-07,2020-03-15,2020-03-21,1304,1304,0,Delivered
SHP-0001321,SUP-007,PRD-00874,2020-10-16,2020-10-30,2020-10-30,752,745,7,Delivered
SHP-0001322,SUP-067,PRD-00653,2023-07-02,2023-07-23,2023-07-27,494,494,0,Delivered
SHP-0001323,SUP-013,PRD-00375,2023-12-09,2023-12-19,2023-12-27,914,914,0,Delivered
SHP-0001324,SUP-068,PRD-00031,2023-08-09,2023-08-14,2023-08-21,410,410,0,Delivered
SHP-0001325,SUP-047,PRD-00832,2024-03-27,2024-05-11,2024-05-21,1374,1374,0,Delivered
SHP-0001326,SUP-020,PRD-00104,2026-01-24,2026-02-06,2026-02-13,360,357,3,Late
SHP-0001327,SUP-063,PRD-00671,2020-07-16,2020-08-07,2020-08-07,1493,1479,14,Delivered
SHP-0001328,SUP-015,PRD-00508,2025-10-02,2025-10-26,2025-10-26,1014,1014,0,Delivered
SHP-0001329,SUP-054,PRD-00625,2021-02-01,2021-02-13,2021-02-23,1212,1200,12,Delivered
SHP-0001330,SUP-004,PRD-00733,2021-01-19,2021-02-12,2021-02-25,281,281,0,Late
SHP-0001331,SUP-028,PRD-00542,2026-01-05,2026-01-25,2026-02-03,1451,1451,0,Delivered
SHP-0001332,SUP-033,PRD-00136,2023-03-16,2023-04-18,2023-04-18,93,93,0,Delivered
SHP-0001333,SUP-014,PRD-00009,2024-03-13,2024-05-25,2024-05-30,333,333,0,Delivered
SHP-0001334,SUP-043,PRD-00438,2022-12-19,2023-01-26,2023-01-28,1214,1214,0,Late
SHP-0001335,SUP-037,PRD-00863,2020-11-25,2020-12-11,2020-12-20,841,841,0,Delivered
SHP-0001336,SUP-013,PRD-00394,2020-10-29,2020-11-22,2020-11-25,1046,1046,0,Delivered
SHP-0001337,SUP-035,PRD-00247,2025-08-16,2025-08-28,2025-09-07,157,157,0,Delivered
SHP-0001338,SUP-041,PRD-00553,2023-09-05,2023-09-16,2023-09-25,669,663,6,Delivered
SHP-0001339,SUP-032,PRD-00280,2022-09-16,2022-11-12,2022-11-24,955,955,0,Delivered
SHP-0001340,SUP-031,PRD-00812,2023-05-17,2023-07-03,2023-07-13,645,645,0,Delivered
SHP-0001341,SUP-045,PRD-00182,2021-03-19,2021-03-31,2021-04-05,1462,1462,0,Delivered
SHP-0001342,SUP-034,PRD-00573,2024-02-15,2024-03-08,2024-03-21,1080,1080,0,Delivered
SHP-0001343,SUP-058,PRD-00262,2026-01-10,2026-02-04,2026-02-04,1043,1043,0,Delivered
SHP-0001344,SUP-042,PRD-00720,2024-03-31,2024-05-03,2024-05-03,542,542,0,Delivered
SHP-0001345,SUP-066,PRD-00300,2023-06-22,2023-08-21,2023-08-21,665,665,0,Delivered
SHP-0001346,SUP-008,PRD-00558,2026-08-11,2026-08-27,2026-09-06,578,578,0,Delivered
SHP-0001347,SUP-060,PRD-00203,2023-05-16,2023-06-08,2023-06-08,1496,1193,0,Partial
SHP-0001348,SUP-062,PRD-00778,2023-01-03,2023-03-14,2023-03-22,1013,983,30,Delivered
SHP-0001349,SUP-006,PRD-00278,2022-07-10,2022-07-19,2022-07-25,306,306,0,Delivered
SHP-0001350,SUP-003,PRD-00556,2021-01-06,2021-02-05,2021-02-19,920,854,0,Partial
SHP-0001351,SUP-052,PRD-00390,2020-10-26,2020-11-01,2020-11-17,285,285,0,Delivered
SHP-0001352,SUP-037,PRD-00863,2025-12-09,2025-12-23,2025-12-23,1077,1077,0,Delivered
SHP-0001353,SUP-069,PRD-00649,2024-04-21,2024-05-13,2024-05-29,111,108,3,Delivered
SHP-0001354,SUP-063,PRD-00065,2023-02-24,2023-03-01,2023-03-10,1471,1427,44,Delivered
SHP-0001355,SUP-010,PRD-00482,2022-10-05,2022-10-30,2022-11-04,122,121,1,Delivered
SHP-0001356,SUP-066,PRD-00804,2024-08-20,2024-09-15,2024-09-17,1421,1407,14,Delivered
SHP-0001357,SUP-010,PRD-00126,2021-06-13,2021-07-31,2021-08-06,256,256,0,Delivered
SHP-0001358,SUP-059,PRD-00110,2026-07-16,2026-07-26,2026-07-26,627,627,0,Delivered
SHP-0001359,SUP-065,PRD-00387,2026-03-31,2026-05-10,2026-05-10,141,137,4,Delivered
SHP-0001360,SUP-031,PRD-00319,2025-02-26,2025-04-28,2025-04-29,1318,1305,13,Delivered
SHP-0001361,SUP-053,PRD-00099,2021-03-05,2021-03-12,2021-03-12,781,781,0,Delivered
SHP-0001362,SUP-054,PRD-00625,2022-09-13,2022-09-20,2022-09-20,1164,1130,34,Delivered
SHP-0001363,SUP-001,PRD-00352,2023-04-10,2023-04-22,2023-04-26,312,312,0,Delivered
SHP-0001364,SUP-047,PRD-00148,2024-03-09,2024-05-20,2024-05-26,102,102,0,Delivered
SHP-0001365,SUP-013,PRD-00400,2021-07-25,2021-08-10,2021-08-16,574,574,0,Delivered
SHP-0001366,SUP-062,PRD-00805,2022-02-04,2022-04-06,2022-04-16,585,580,5,Delivered
SHP-0001367,SUP-030,PRD-00864,2025-05-10,2025-05-23,2025-05-23,763,741,22,Delivered
SHP-0001368,SUP-055,PRD-00002,2024-06-23,2024-08-30,2024-09-07,1486,1486,0,Delivered
SHP-0001369,SUP-020,PRD-00167,2022-01-12,2022-02-16,2022-02-21,1448,1434,14,Delivered
SHP-0001370,SUP-054,PRD-00896,2022-06-13,2022-07-05,2022-07-05,841,841,0,Delivered
SHP-0001371,SUP-026,PRD-00608,2020-09-05,2020-09-28,2020-09-29,695,689,6,Delivered
SHP-0001372,SUP-064,PRD-00687,2025-03-16,2025-04-29,2025-04-29,1030,1030,0,Delivered
SHP-0001373,SUP-026,PRD-00419,2025-12-13,2025-12-27,2025-12-27,1285,1285,0,Delivered
SHP-0001374,SUP-039,PRD-00326,2026-06-28,2026-07-07,2026-07-07,538,538,0,Delivered
SHP-0001375,SUP-038,PRD-00236,2025-04-23,2025-05-07,2025-05-13,246,228,0,Partial
SHP-0001376,SUP-029,PRD-00215,2023-03-05,2023-03-10,2023-03-10,991,991,0,Delivered
SHP-0001377,SUP-020,PRD-00167,2022-09-08,2022-09-28,2022-09-28,1200,1188,12,Delivered
SHP-0001378,SUP-019,PRD-00088,2020-06-07,2020-06-18,2020-06-24,844,844,0,Delivered
SHP-0001379,SUP-059,PRD-00689,2026-05-12,2026-06-02,2026-06-07,85,85,0,Delivered
SHP-0001380,SUP-006,PRD-00091,2025-02-24,2025-03-15,2025-03-18,51,51,0,Delivered
SHP-0001381,SUP-063,PRD-00763,2023-05-08,2023-05-14,2023-05-14,473,473,0,Delivered
SHP-0001382,SUP-045,PRD-00566,2020-11-03,2021-01-14,2021-01-24,923,896,27,Delivered
SHP-0001383,SUP-059,PRD-00774,2021-04-04,2021-04-20,2021-04-20,871,871,0,Delivered
SHP-0001384,SUP-037,PRD-00800,2021-08-07,2021-08-20,2021-09-07,1285,1285,0,Delivered
SHP-0001385,SUP-049,PRD-00187,2022-11-18,2022-12-11,2022-12-16,905,896,9,Delivered
SHP-0001386,SUP-041,PRD-00229,2020-08-28,2020-10-05,2020-10-10,1126,1093,33,Delivered
SHP-0001387,SUP-036,PRD-00312,2022-03-13,2022-04-11,2022-04-20,1106,1095,11,Delivered
SHP-0001388,SUP-066,PRD-00660,2025-01-19,2025-01-25,2025-01-28,1335,1335,0,Delivered
SHP-0001389,SUP-039,PRD-00854,2026-05-26,2026-06-16,2026-06-26,275,273,2,Delivered
SHP-0001390,SUP-036,PRD-00622,2023-01-31,2023-02-16,2023-02-25,89,89,0,Delivered
SHP-0001391,SUP-022,PRD-00627,2020-01-14,2020-01-20,2020-02-02,244,225,19,Delivered
SHP-0001392,SUP-026,PRD-00813,2021-01-09,2021-01-24,2021-01-31,1154,1154,0,Delivered
SHP-0001393,SUP-026,PRD-00608,2023-12-09,2023-12-27,2024-01-07,215,215,0,Delivered
SHP-0001394,SUP-006,PRD-00005,2026-04-03,2026-04-11,2026-04-11,1016,1006,10,Delivered
SHP-0001395,SUP-029,PRD-00194,2021-05-27,2021-06-13,2021-06-26,341,341,0,Delivered
SHP-0001396,SUP-012,PRD-00580,2024-01-04,2024-01-22,2024-01-28,739,739,0,Delivered
SHP-0001397,SUP-003,PRD-00881,2021-03-22,2021-05-03,2021-05-10,377,377,0,Late
SHP-0001398,SUP-063,PRD-00671,2020-09-30,2020-10-18,2020-10-25,730,709,21,Delivered
SHP-0001399,SUP-039,PRD-00398,2026-07-25,2026-08-18,2026-08-23,865,865,0,Delivered
SHP-0001400,SUP-063,PRD-00714,2021-06-28,2021-07-06,2021-07-06,142,141,1,Delivered
SHP-0001401,SUP-055,PRD-00002,2023-03-15,2023-04-01,2023-04-01,1045,1045,0,Delivered
SHP-0001402,SUP-057,PRD-00218,2022-09-17,2022-09-30,2022-09-30,262,262,0,Delivered
SHP-0001403,SUP-027,PRD-00462,2026-04-03,2026-04-22,2026-04-30,403,399,4,Delivered
SHP-0001404,SUP-062,PRD-00674,2020-02-04,2020-02-19,2020-02-19,1081,1081,0,Delivered
SHP-0001405,SUP-038,PRD-00072,2020-10-17,2020-11-05,2020-11-14,1442,1442,0,Delivered
SHP-0001406,SUP-053,PRD-00453,2021-12-25,2022-01-16,2022-01-16,1171,1160,11,Delivered
SHP-0001407,SUP-013,PRD-00597,2020-06-16,2020-07-04,2020-07-08,159,158,1,Late
SHP-0001408,SUP-018,PRD-00769,2024-07-03,2024-07-11,2024-07-11,437,433,4,Delivered
SHP-0001409,SUP-020,PRD-00765,2020-10-01,2020-12-08,2020-12-27,1198,1198,0,Delivered
SHP-0001410,SUP-036,PRD-00711,2024-03-03,2024-03-25,2024-04-05,282,282,0,Delivered
SHP-0001411,SUP-022,PRD-00454,2024-11-05,2024-11-23,2024-11-24,928,928,0,Delivered
SHP-0001412,SUP-053,PRD-00833,2025-07-28,2025-08-10,2025-08-21,296,296,0,Delivered
SHP-0001413,SUP-034,PRD-00045,2025-03-14,2025-04-04,2025-04-04,673,667,6,Delivered
SHP-0001414,SUP-038,PRD-00703,2022-03-10,2022-03-26,2022-03-30,765,758,7,Delivered
SHP-0001415,SUP-032,PRD-00845,2026-08-06,2026-10-04,2026-10-10,888,888,0,Delivered
SHP-0001416,SUP-055,PRD-00488,2023-06-20,2023-06-28,2023-06-28,993,993,0,Delivered
SHP-0001417,SUP-028,PRD-00164,2022-03-29,2022-04-12,2022-04-22,636,617,19,Delivered
SHP-0001418,SUP-012,PRD-00594,2021-07-06,2021-07-30,2021-08-04,1027,1027,0,Delivered
SHP-0001419,SUP-001,PRD-00783,2023-09-28,2023-10-05,2023-10-19,997,918,79,Delivered
SHP-0001420,SUP-021,PRD-00561,2026-07-30,2026-08-11,2026-08-11,1036,1036,0,Delivered
SHP-0001421,SUP-064,PRD-00795,2023-09-27,2023-11-05,2023-11-05,829,829,0,Delivered
SHP-0001422,SUP-019,PRD-00701,2023-09-04,2023-09-13,2023-09-13,179,179,0,Delivered
SHP-0001423,SUP-010,PRD-00572,2026-04-07,2026-04-28,2026-04-28,202,202,0,Late
SHP-0001424,SUP-027,PRD-00462,2025-11-24,2025-12-05,2025-12-14,457,453,4,Delivered
SHP-0001425,SUP-036,PRD-00173,2022-08-26,2022-09-03,2022-09-10,627,475,4,Partial
SHP-0001426,SUP-053,PRD-00529,2025-11-29,2025-12-11,2025-12-14,704,704,0,Delivered
SHP-0001427,SUP-041,PRD-00166,2021-11-06,2022-01-01,2022-01-01,344,341,3,Delivered
SHP-0001428,SUP-064,PRD-00198,2026-05-19,2026-06-05,2026-06-05,859,620,0,Partial
SHP-0001429,SUP-024,PRD-00408,2022-07-24,2022-08-07,2022-08-13,579,579,0,Late
SHP-0001430,SUP-013,PRD-00435,2025-10-01,2025-10-18,2025-10-28,74,74,0,Delivered
SHP-0001431,SUP-027,PRD-00462,2022-07-16,2022-08-08,2022-08-08,1390,1390,0,Delivered
SHP-0001432,SUP-069,PRD-00013,2024-05-29,2024-06-03,2024-06-03,1452,1452,0,Delivered
SHP-0001433,SUP-040,PRD-00269,2020-06-11,2020-06-17,2020-06-17,506,491,15,Delivered
SHP-0001434,SUP-023,PRD-00591,2024-04-24,2024-05-20,2024-05-20,1054,1054,0,Delivered
SHP-0001435,SUP-042,PRD-00443,2025-11-16,2026-01-15,2026-01-18,787,764,23,Delivered
SHP-0001436,SUP-048,PRD-00202,2026-08-17,2026-09-04,2026-09-12,208,137,0,Partial
SHP-0001437,SUP-069,PRD-00013,2026-06-13,2026-06-23,2026-06-30,426,426,0,Late
SHP-0001438,SUP-044,PRD-00695,2020-10-13,2020-10-24,2020-11-10,930,930,0,Delivered
SHP-0001439,SUP-065,PRD-00754,2023-08-29,2023-09-05,2023-09-09,433,433,0,Delivered
SHP-0001440,SUP-053,PRD-00570,2026-06-21,2026-07-07,2026-07-11,190,190,0,Delivered
SHP-0001441,SUP-017,PRD-00135,2026-07-31,2026-08-18,2026-08-18,483,483,0,Delivered
SHP-0001442,SUP-002,PRD-00675,2022-01-12,2022-03-02,2022-03-09,718,697,21,Delivered
SHP-0001443,SUP-061,PRD-00616,2020-10-21,2020-10-29,2020-10-29,848,848,0,Delivered
SHP-0001444,SUP-066,PRD-00298,2024-12-16,2025-02-06,2025-02-14,562,417,0,Partial
SHP-0001445,SUP-011,PRD-00161,2025-06-26,2025-07-05,2025-07-05,170,170,0,Delivered
SHP-0001446,SUP-066,PRD-00245,2023-06-17,2023-07-30,2023-08-01,363,360,3,Delivered
SHP-0001447,SUP-048,PRD-00584,2022-03-15,2022-04-03,2022-04-11,365,362,3,Delivered
SHP-0001448,SUP-064,PRD-00878,2025-04-29,2025-07-12,2025-07-16,856,848,8,Delivered
SHP-0001449,SUP-007,PRD-00491,2025-01-11,2025-02-17,2025-02-17,669,616,53,Delivered
SHP-0001450,SUP-010,PRD-00512,2021-07-11,2021-08-18,2021-08-23,708,708,0,Delivered
SHP-0001451,SUP-069,PRD-00276,2025-07-08,2025-07-21,2025-07-21,1212,1176,36,Delivered
SHP-0001452,SUP-054,PRD-00716,2022-01-29,2022-02-11,2022-02-11,976,976,0,Delivered
SHP-0001453,SUP-029,PRD-00549,2021-12-19,2022-01-11,2022-01-17,1321,1321,0,Delivered
SHP-0001454,SUP-028,PRD-00152,2021-07-02,2021-07-07,2021-07-07,1322,1322,0,Delivered
SHP-0001455,SUP-039,PRD-00516,2026-01-08,2026-01-26,2026-01-28,1002,992,10,Delivered
SHP-0001456,SUP-067,PRD-00058,2020-01-15,2020-02-06,2020-02-06,1153,1142,11,Delivered
SHP-0001457,SUP-010,PRD-00527,2026-02-20,2026-03-01,2026-03-05,1010,980,30,Delivered
SHP-0001458,SUP-010,PRD-00189,2024-12-15,2024-12-24,2024-12-24,1105,1105,0,Delivered
SHP-0001459,SUP-036,PRD-00677,2025-08-08,2025-10-11,2025-10-12,409,409,0,Delivered
SHP-0001460,SUP-023,PRD-00591,2022-11-27,2023-01-09,2023-01-19,820,820,0,Delivered
SHP-0001461,SUP-067,PRD-00760,2026-04-17,2026-04-23,2026-04-27,569,564,5,Late
SHP-0001462,SUP-053,PRD-00099,2020-11-13,2020-11-26,2020-12-05,182,182,0,Delivered
SHP-0001463,SUP-029,PRD-00430,2021-12-22,2022-01-11,2022-01-28,52,52,0,Delivered
SHP-0001464,SUP-058,PRD-00567,2023-06-19,2023-08-28,2023-09-10,717,717,0,Delivered
SHP-0001465,SUP-011,PRD-00477,2023-12-07,2023-12-22,2023-12-26,1399,1399,0,Delivered
SHP-0001466,SUP-070,PRD-00850,2022-01-17,2022-02-08,2022-02-13,1001,971,30,Delivered
SHP-0001467,SUP-028,PRD-00471,2024-04-20,2024-05-06,2024-05-06,1043,1043,0,Delivered
SHP-0001468,SUP-033,PRD-00873,2026-02-16,2026-04-11,2026-04-22,1352,1312,40,Delivered
SHP-0001469,SUP-056,PRD-00645,2025-09-19,2025-11-12,2025-11-16,1480,1480,0,Delivered
SHP-0001470,SUP-057,PRD-00133,2021-07-04,2021-07-27,2021-07-27,298,247,2,Partial
SHP-0001471,SUP-021,PRD-00007,2022-05-28,2022-07-18,2022-07-18,1305,1305,0,Delivered
SHP-0001472,SUP-037,PRD-00233,2025-07-06,2025-07-26,2025-07-26,196,191,5,Delivered
SHP-0001473,SUP-042,PRD-00847,2021-05-29,2021-06-19,2021-06-19,177,150,12,Partial
SHP-0001474,SUP-034,PRD-00793,2023-06-24,2023-07-02,2023-07-02,162,150,12,Delivered
SHP-0001475,SUP-067,PRD-00261,2024-04-04,2024-04-14,2024-04-14,941,941,0,Delivered
SHP-0001476,SUP-033,PRD-00873,2024-02-08,2024-02-25,2024-02-25,1400,1386,14,Delivered
SHP-0001477,SUP-047,PRD-00851,2022-05-03,2022-06-17,2022-06-17,938,929,9,Delivered
SHP-0001478,SUP-064,PRD-00198,2020-01-27,2020-02-26,2020-02-26,1093,1093,0,Delivered
SHP-0001479,SUP-011,PRD-00340,2025-03-20,2025-03-26,2025-04-03,1295,1257,38,Late
SHP-0001480,SUP-005,PRD-00256,2020-10-22,2020-11-09,2020-11-13,1437,1437,0,Delivered
SHP-0001481,SUP-059,PRD-00110,2024-05-27,2024-06-19,2024-07-11,398,395,3,Delivered
SHP-0001482,SUP-034,PRD-00613,2025-07-17,2025-08-08,2025-08-16,576,576,0,Delivered
SHP-0001483,SUP-011,PRD-00161,2023-04-07,2023-04-28,2023-05-01,1214,1214,0,Delivered
SHP-0001484,SUP-056,PRD-00004,2021-06-23,2021-08-28,2021-09-11,1128,1117,11,Delivered
SHP-0001485,SUP-019,PRD-00467,2025-10-08,2025-10-22,2025-10-24,992,992,0,Delivered
SHP-0001486,SUP-057,PRD-00264,2022-03-26,2022-04-08,2022-04-08,1248,1248,0,Delivered
SHP-0001487,SUP-029,PRD-00717,2022-03-19,2022-04-09,2022-04-09,702,702,0,Delivered
SHP-0001488,SUP-027,PRD-00490,2024-09-05,2024-09-19,2024-09-24,1023,1023,0,Delivered
SHP-0001489,SUP-027,PRD-00615,2026-01-24,2026-02-15,2026-02-24,882,882,0,Delivered
SHP-0001490,SUP-025,PRD-00646,2023-04-07,2023-06-18,2023-06-19,787,787,0,Delivered
SHP-0001491,SUP-050,PRD-00228,2023-08-25,2023-09-02,2023-09-02,1218,1182,36,Delivered
SHP-0001492,SUP-028,PRD-00865,2026-06-19,2026-06-26,2026-07-01,684,678,6,Delivered
SHP-0001493,SUP-018,PRD-00338,2020-05-18,2020-06-01,2020-06-05,487,487,0,Delivered
SHP-0001494,SUP-022,PRD-00412,2021-08-11,2021-08-27,2021-08-31,1000,1000,0,Delivered
SHP-0001495,SUP-020,PRD-00104,2025-04-21,2025-04-26,2025-05-01,874,874,0,Delivered
SHP-0001496,SUP-058,PRD-00205,2022-11-12,2022-11-23,2022-11-29,942,942,0,Delivered
SHP-0001497,SUP-063,PRD-00402,2021-05-05,2021-05-25,2021-05-25,404,392,12,Delivered
SHP-0001498,SUP-070,PRD-00721,2020-09-10,2020-09-17,2020-09-24,327,327,0,Delivered
SHP-0001499,SUP-062,PRD-00772,2024-04-06,2024-06-02,2024-06-04,891,891,0,Delivered
SHP-0001500,SUP-048,PRD-00448,2020-04-18,2020-05-11,2020-05-22,623,617,6,Delivered
SHP-0001501,SUP-036,PRD-00012,2021-07-19,2021-08-07,2021-08-13,492,492,0,Delivered
SHP-0001502,SUP-035,PRD-00457,2025-02-08,2025-02-21,2025-02-25,1444,1444,0,Late
SHP-0001503,SUP-048,PRD-00866,2021-01-14,2021-01-28,2021-01-28,151,151,0,Delivered
SHP-0001504,SUP-047,PRD-00138,2022-05-13,2022-05-26,2022-05-26,418,406,12,Delivered
SHP-0001505,SUP-022,PRD-00770,2026-06-29,2026-07-05,2026-07-05,174,174,0,Delivered
SHP-0001506,SUP-063,PRD-00583,2021-12-16,2022-01-03,2022-01-03,163,163,0,Delivered
SHP-0001507,SUP-013,PRD-00842,2023-02-16,2023-03-04,2023-03-04,694,694,0,Delivered
SHP-0001508,SUP-036,PRD-00622,2026-04-07,2026-06-18,2026-06-22,1285,1285,0,Delivered
SHP-0001509,SUP-070,PRD-00494,2021-05-10,2021-05-22,2021-05-22,1088,1056,32,Delivered
SHP-0001510,SUP-013,PRD-00394,2022-08-17,2022-08-27,2022-08-31,973,973,0,Delivered
SHP-0001511,SUP-063,PRD-00714,2026-05-30,2026-06-12,2026-06-21,133,133,0,Delivered
SHP-0001512,SUP-054,PRD-00237,2023-06-26,2023-07-16,2023-07-16,688,688,0,Late
SHP-0001513,SUP-029,PRD-00801,2021-11-02,2021-11-12,2021-11-23,1400,1400,0,Delivered
SHP-0001514,SUP-040,PRD-00478,2024-07-14,2024-08-05,2024-08-05,242,242,0,Delivered
SHP-0001515,SUP-047,PRD-00683,2020-12-23,2021-01-03,2021-01-03,502,462,40,Delivered
SHP-0001516,SUP-041,PRD-00553,2025-01-12,2025-02-24,2025-02-24,78,78,0,Delivered
SHP-0001517,SUP-036,PRD-00312,2020-11-07,2020-12-02,2020-12-07,1148,1148,0,Delivered
SHP-0001518,SUP-006,PRD-00882,2021-10-13,2021-10-25,2021-10-30,947,947,0,Delivered
SHP-0001519,SUP-068,PRD-00893,2026-06-30,2026-07-06,2026-07-11,919,919,0,Delivered
SHP-0001520,SUP-063,PRD-00714,2023-06-01,2023-06-25,2023-07-06,123,123,0,Delivered
SHP-0001521,SUP-001,PRD-00186,2026-07-19,2026-07-25,2026-07-29,394,394,0,Delivered
SHP-0001522,SUP-031,PRD-00578,2021-06-07,2021-07-08,2021-07-13,540,535,5,Delivered
SHP-0001523,SUP-066,PRD-00723,2024-02-29,2024-04-17,2024-04-17,546,546,0,Delivered
SHP-0001524,SUP-035,PRD-00247,2020-04-11,2020-05-05,2020-05-05,852,844,8,Delivered
SHP-0001525,SUP-022,PRD-00770,2026-08-01,2026-08-12,2026-08-23,304,304,0,Delivered
SHP-0001526,SUP-041,PRD-00376,2020-05-21,2020-06-21,2020-06-23,1047,1047,0,Delivered
SHP-0001527,SUP-063,PRD-00444,2025-08-21,2025-09-11,2025-09-20,1036,771,23,Partial
SHP-0001528,SUP-009,PRD-00442,2026-08-21,2026-10-14,2026-10-24,531,531,0,Delivered
SHP-0001529,SUP-037,PRD-00101,2024-04-08,2024-04-17,2024-04-17,1437,1394,43,Delivered
SHP-0001530,SUP-065,PRD-00387,2020-04-09,2020-04-24,2020-04-24,261,259,2,Delivered
SHP-0001531,SUP-057,PRD-00248,2020-10-06,2020-10-23,2020-10-28,911,911,0,Late
SHP-0001532,SUP-036,PRD-00071,2020-10-15,2020-10-25,2020-10-25,1050,1019,31,Delivered
SHP-0001533,SUP-022,PRD-00454,2021-06-14,2021-07-07,2021-07-18,649,649,0,Delivered
SHP-0001534,SUP-005,PRD-00348,2023-06-23,2023-07-02,2023-07-02,289,289,0,Delivered
SHP-0001535,SUP-039,PRD-00022,2020-05-25,2020-06-18,2020-06-18,1485,1471,14,Delivered
SHP-0001536,SUP-046,PRD-00562,2025-12-12,2026-01-01,2026-01-10,1277,1277,0,Delivered
SHP-0001537,SUP-049,PRD-00484,2024-10-06,2024-10-28,2024-10-28,1243,1231,12,Delivered
SHP-0001538,SUP-021,PRD-00007,2025-10-03,2025-12-14,2025-12-21,287,287,0,Delivered
SHP-0001539,SUP-062,PRD-00128,2025-07-11,2025-08-26,2025-09-04,587,587,0,Delivered
SHP-0001540,SUP-058,PRD-00709,2024-11-08,2024-12-11,2024-12-19,473,473,0,Delivered
SHP-0001541,SUP-003,PRD-00474,2023-09-09,2023-09-26,2023-09-30,249,249,0,Delivered
SHP-0001542,SUP-035,PRD-00601,2020-09-26,2020-10-17,2020-10-17,1274,1262,12,Delivered
SHP-0001543,SUP-049,PRD-00761,2025-04-09,2025-04-14,2025-04-14,1149,1149,0,Late
SHP-0001544,SUP-022,PRD-00485,2022-06-26,2022-07-20,2022-08-01,1167,1074,93,Delivered
SHP-0001545,SUP-027,PRD-00367,2025-02-25,2025-03-12,2025-03-12,1297,1297,0,Late
SHP-0001546,SUP-029,PRD-00430,2023-01-15,2023-01-27,2023-01-27,370,370,0,Delivered
SHP-0001547,SUP-059,PRD-00434,2025-08-01,2025-08-06,2025-08-16,1371,1371,0,Delivered
SHP-0001548,SUP-014,PRD-00483,2023-10-08,2023-11-01,2023-11-17,1451,1451,0,Delivered
SHP-0001549,SUP-004,PRD-00534,2020-06-22,2020-07-03,2020-07-03,1061,1061,0,Delivered
SHP-0001550,SUP-007,PRD-00291,2026-02-14,2026-04-14,2026-04-14,270,270,0,Delivered
SHP-0001551,SUP-048,PRD-00584,2022-11-07,2022-12-01,2022-12-25,1159,1148,11,Delivered
SHP-0001552,SUP-039,PRD-00326,2022-02-07,2022-03-03,2022-03-03,706,706,0,Delivered
SHP-0001553,SUP-019,PRD-00532,2023-01-15,2023-01-20,2023-01-28,168,168,0,Delivered
SHP-0001554,SUP-059,PRD-00689,2024-07-14,2024-08-01,2024-08-01,775,775,0,Delivered
SHP-0001555,SUP-027,PRD-00367,2020-06-08,2020-06-28,2020-06-28,754,754,0,Late
SHP-0001556,SUP-035,PRD-00041,2020-02-10,2020-02-15,2020-02-20,875,875,0,Late
SHP-0001557,SUP-033,PRD-00047,2020-08-19,2020-09-26,2020-10-12,453,453,0,Delivered
SHP-0001558,SUP-062,PRD-00805,2021-01-18,2021-03-23,2021-03-23,752,745,7,Delivered
SHP-0001559,SUP-013,PRD-00898,2022-03-20,2022-03-31,2022-03-31,859,851,8,Delivered
SHP-0001560,SUP-039,PRD-00302,2021-09-07,2021-09-18,2021-09-25,917,917,0,Delivered
SHP-0001561,SUP-025,PRD-00883,2022-09-02,2022-10-26,2022-10-26,817,817,0,Delivered
SHP-0001562,SUP-018,PRD-00267,2020-04-22,2020-05-11,2020-05-16,120,119,1,Delivered
SHP-0001563,SUP-066,PRD-00300,2025-01-22,2025-02-17,2025-03-11,621,621,0,Delivered
SHP-0001564,SUP-053,PRD-00544,2023-01-30,2023-02-06,2023-02-13,1091,1091,0,Delivered
SHP-0001565,SUP-044,PRD-00634,2024-06-21,2024-07-06,2024-07-06,1019,1009,10,Delivered
SHP-0001566,SUP-037,PRD-00101,2022-05-06,2022-05-17,2022-05-18,1489,1489,0,Delivered
SHP-0001567,SUP-009,PRD-00356,2024-03-24,2024-05-06,2024-05-11,1160,1149,11,Delivered
SHP-0001568,SUP-059,PRD-00515,2025-05-18,2025-05-31,2025-06-06,1106,1106,0,Delivered
SHP-0001569,SUP-056,PRD-00094,2024-04-18,2024-05-04,2024-05-10,110,110,0,Delivered
SHP-0001570,SUP-069,PRD-00139,2020-04-08,2020-05-01,2020-05-01,1114,1114,0,Delivered
SHP-0001571,SUP-058,PRD-00032,2024-11-02,2024-11-24,2024-12-10,332,332,0,Late
SHP-0001572,SUP-061,PRD-00322,2026-02-07,2026-02-12,2026-02-14,79,79,0,Delivered
SHP-0001573,SUP-009,PRD-00495,2023-08-24,2023-09-25,2023-09-25,1318,1279,39,Delivered
SHP-0001574,SUP-061,PRD-00582,2021-08-25,2021-08-30,2021-09-04,1114,1114,0,Delivered
SHP-0001575,SUP-013,PRD-00890,2025-09-22,2025-10-02,2025-10-02,991,991,0,Delivered
SHP-0001576,SUP-042,PRD-00526,2025-12-16,2026-01-08,2026-01-11,501,496,5,Delivered
SHP-0001577,SUP-044,PRD-00297,2026-02-28,2026-03-15,2026-03-21,818,818,0,Delivered
SHP-0001578,SUP-012,PRD-00470,2026-04-07,2026-04-19,2026-04-19,1170,1135,35,Late
SHP-0001579,SUP-035,PRD-00247,2021-12-22,2022-01-13,2022-01-21,830,830,0,Delivered
SHP-0001580,SUP-043,PRD-00008,2025-06-28,2025-07-05,2025-07-05,505,505,0,Delivered
SHP-0001581,SUP-014,PRD-00528,2020-06-15,2020-08-21,2020-08-29,1176,1165,11,Delivered
SHP-0001582,SUP-069,PRD-00318,2020-07-02,2020-07-22,2020-07-22,1078,1078,0,Delivered
SHP-0001583,SUP-047,PRD-00266,2023-03-29,2023-05-26,2023-06-01,760,569,0,Partial
SHP-0001584,SUP-008,PRD-00558,2023-05-26,2023-06-24,2023-07-11,846,821,25,Delivered
SHP-0001585,SUP-060,PRD-00285,2024-03-20,2024-04-08,2024-04-16,1060,1050,10,Delivered
SHP-0001586,SUP-037,PRD-00295,2025-08-13,2025-08-30,2025-08-30,1116,1116,0,Delivered
SHP-0001587,SUP-068,PRD-00899,2022-05-16,2022-05-24,2022-05-24,865,865,0,Delivered
SHP-0001588,SUP-001,PRD-00886,2021-12-16,2021-12-21,2021-12-28,401,401,0,Late
SHP-0001589,SUP-068,PRD-00366,2024-03-09,2024-03-27,2024-04-06,647,647,0,Delivered
SHP-0001590,SUP-063,PRD-00763,2024-03-10,2024-03-29,2024-03-29,889,881,8,Delivered
SHP-0001591,SUP-006,PRD-00091,2022-08-20,2022-09-08,2022-09-11,1081,1071,10,Delivered
SHP-0001592,SUP-060,PRD-00285,2020-01-29,2020-02-09,2020-02-20,65,65,0,Late
SHP-0001593,SUP-046,PRD-00389,2021-07-06,2021-07-24,2021-07-24,899,891,8,Delivered
SHP-0001594,SUP-032,PRD-00030,2025-08-11,2025-10-20,2025-11-03,1420,1406,14,Delivered
SHP-0001595,SUP-013,PRD-00321,2021-07-03,2021-07-23,2021-08-11,1163,1163,0,Delivered
SHP-0001596,SUP-025,PRD-00577,2021-09-13,2021-11-11,2021-11-16,341,286,8,Partial
SHP-0001597,SUP-025,PRD-00646,2023-04-21,2023-05-17,2023-05-17,636,630,6,Delivered
SHP-0001598,SUP-060,PRD-00345,2024-12-27,2025-01-20,2025-01-28,200,184,16,Delivered
SHP-0001599,SUP-043,PRD-00096,2023-04-05,2023-04-18,2023-04-18,1144,1110,34,Delivered
SHP-0001600,SUP-055,PRD-00002,2022-05-26,2022-06-02,2022-06-02,333,330,3,Delivered
SHP-0001601,SUP-007,PRD-00320,2023-08-13,2023-08-30,2023-09-09,648,648,0,Delivered
SHP-0001602,SUP-060,PRD-00610,2024-08-01,2024-08-21,2024-09-06,98,98,0,Delivered
SHP-0001603,SUP-014,PRD-00437,2021-07-27,2021-10-09,2021-10-11,137,133,4,Delivered
SHP-0001604,SUP-028,PRD-00605,2023-06-02,2023-06-15,2023-07-12,611,605,6,Delivered
SHP-0001605,SUP-044,PRD-00473,2020-03-22,2020-04-02,2020-04-02,615,615,0,Delivered
SHP-0001606,SUP-048,PRD-00735,2025-10-31,2025-11-08,2025-11-09,1425,1425,0,Delivered
SHP-0001607,SUP-043,PRD-00658,2022-07-05,2022-08-04,2022-08-13,411,411,0,Delivered
SHP-0001608,SUP-009,PRD-00538,2021-05-04,2021-06-13,2021-06-13,1248,1248,0,Delivered
SHP-0001609,SUP-059,PRD-00661,2024-04-22,2024-05-07,2024-05-07,346,346,0,Delivered
SHP-0001610,SUP-045,PRD-00719,2025-10-13,2025-11-17,2025-12-01,336,336,0,Delivered
SHP-0001611,SUP-005,PRD-00256,2026-01-02,2026-01-09,2026-01-16,1407,1393,14,Late
SHP-0001612,SUP-015,PRD-00739,2025-07-08,2025-07-19,,453,429,0,Partial
SHP-0001613,SUP-045,PRD-00182,2024-04-27,2024-05-31,2024-05-31,836,836,0,Delivered
SHP-0001614,SUP-066,PRD-00255,2020-01-05,2020-01-13,2020-01-23,221,219,2,Delivered
SHP-0001615,SUP-029,PRD-00480,2020-11-26,2020-12-10,2020-12-10,1456,1442,14,Delivered
SHP-0001616,SUP-040,PRD-00374,2024-12-29,2025-01-22,2025-01-22,565,565,0,Delivered
SHP-0001617,SUP-018,PRD-00624,2021-11-14,2021-11-27,2021-11-29,722,722,0,Delivered
SHP-0001618,SUP-029,PRD-00685,2022-10-13,2022-10-22,2022-10-31,1069,1069,0,Delivered
SHP-0001619,SUP-035,PRD-00174,2021-11-24,2021-12-17,2021-12-17,63,62,1,Delivered
SHP-0001620,SUP-057,PRD-00218,2022-12-15,2023-01-06,2023-01-09,813,813,0,Delivered
SHP-0001621,SUP-014,PRD-00528,2025-06-02,2025-06-25,2025-06-25,1324,1311,13,Delivered
SHP-0001622,SUP-069,PRD-00220,2022-07-29,2022-08-11,2022-08-16,420,420,0,Delivered
SHP-0001623,SUP-042,PRD-00526,2020-02-21,2020-03-17,2020-04-01,530,515,15,Delivered
SHP-0001624,SUP-040,PRD-00602,2022-06-13,2022-06-29,2022-07-15,476,476,0,Delivered
SHP-0001625,SUP-005,PRD-00348,2022-05-30,2022-06-13,2022-06-13,1277,1277,0,Delivered
SHP-0001626,SUP-046,PRD-00808,2022-06-04,2022-06-20,2022-07-07,379,368,11,Late
SHP-0001627,SUP-017,PRD-00344,2023-09-10,2023-09-20,2023-09-20,277,277,0,Delivered
SHP-0001628,SUP-049,PRD-00112,2024-01-02,2024-01-13,,1217,1014,0,Partial
SHP-0001629,SUP-047,PRD-00752,2021-10-28,2021-11-03,2021-11-03,886,886,0,Delivered
SHP-0001630,SUP-003,PRD-00397,2023-09-21,2023-11-18,2023-11-21,1413,1413,0,Late
SHP-0001631,SUP-047,PRD-00832,2024-07-13,2024-09-13,2024-09-24,1249,1212,37,Delivered
SHP-0001632,SUP-054,PRD-00706,2022-12-22,2022-12-30,2023-01-04,730,730,0,Delivered
SHP-0001633,SUP-039,PRD-00459,2024-04-25,2024-05-02,2024-05-03,856,856,0,Delivered
SHP-0001634,SUP-037,PRD-00233,2020-06-07,2020-06-29,2020-07-06,1377,1364,13,Delivered
SHP-0001635,SUP-001,PRD-00084,2024-01-08,2024-01-23,2024-01-23,487,487,0,Delivered
SHP-0001636,SUP-020,PRD-00543,2023-05-13,2023-06-24,2023-07-01,1143,1143,0,Delivered
SHP-0001637,SUP-067,PRD-00261,2024-12-21,2024-12-28,2024-12-28,1436,1422,14,Delivered
SHP-0001638,SUP-049,PRD-00761,2022-12-26,2023-01-14,2023-01-15,429,429,0,Delivered
SHP-0001639,SUP-049,PRD-00350,2022-11-23,2022-12-15,2022-12-30,162,162,0,Delivered
SHP-0001640,SUP-049,PRD-00618,2026-07-13,2026-07-30,2026-08-03,1384,1371,13,Delivered
SHP-0001641,SUP-054,PRD-00227,2020-03-18,2020-04-04,2020-04-13,776,776,0,Delivered
SHP-0001642,SUP-047,PRD-00851,2026-03-18,2026-04-20,2026-04-20,569,569,0,Delivered
SHP-0001643,SUP-056,PRD-00692,2022-01-27,2022-04-06,2022-04-06,1051,1051,0,Late
SHP-0001644,SUP-036,PRD-00798,2026-01-06,2026-01-11,2026-01-11,721,700,21,Delivered
SHP-0001645,SUP-045,PRD-00314,2025-07-09,2025-09-05,2025-09-06,786,681,0,Partial
SHP-0001646,SUP-049,PRD-00140,2023-10-16,2023-11-09,2023-11-16,190,190,0,Delivered
SHP-0001647,SUP-009,PRD-00757,2024-10-15,2024-10-31,2024-10-31,295,295,0,Delivered
SHP-0001648,SUP-015,PRD-00154,2021-06-01,2021-06-18,2021-06-30,1287,1287,0,Delivered
SHP-0001649,SUP-049,PRD-00857,2023-06-23,2023-07-04,2023-07-04,736,736,0,Delivered
SHP-0001650,SUP-007,PRD-00614,2020-05-30,2020-06-08,2020-06-08,1382,1382,0,Delivered
SHP-0001651,SUP-025,PRD-00554,2022-02-04,2022-04-09,2022-04-09,1396,1383,13,Delivered
SHP-0001652,SUP-038,PRD-00860,2020-04-18,2020-05-04,2020-05-13,236,236,0,Delivered
SHP-0001653,SUP-017,PRD-00638,2024-03-09,2024-03-25,2024-03-25,845,820,25,Late
SHP-0001654,SUP-068,PRD-00893,2020-03-21,2020-04-07,2020-04-13,1042,1042,0,Delivered
SHP-0001655,SUP-064,PRD-00687,2021-05-16,2021-07-23,2021-07-24,884,876,8,Delivered
SHP-0001656,SUP-054,PRD-00596,2021-04-20,2021-05-08,2021-05-09,1381,1368,13,Delivered
SHP-0001657,SUP-015,PRD-00508,2021-06-29,2021-07-13,2021-07-15,503,503,0,Delivered
SHP-0001658,SUP-045,PRD-00274,2020-07-24,2020-07-31,2020-07-31,563,563,0,Delivered
SHP-0001659,SUP-028,PRD-00164,2026-02-18,2026-02-27,2026-03-04,1319,1319,0,Delivered
SHP-0001660,SUP-020,PRD-00167,2026-05-02,2026-05-28,2026-05-31,1355,1355,0,Delivered
SHP-0001661,SUP-033,PRD-00125,2021-03-27,2021-04-11,2021-04-13,1478,1478,0,Delivered
SHP-0001662,SUP-012,PRD-00629,2022-04-13,2022-04-19,2022-04-24,1394,1381,13,Delivered
SHP-0001663,SUP-040,PRD-00530,2022-02-26,2022-03-04,2022-03-12,127,124,3,Delivered
SHP-0001664,SUP-013,PRD-00662,2023-02-01,2023-02-14,2023-02-14,724,724,0,Delivered
SHP-0001665,SUP-030,PRD-00728,2026-05-23,2026-06-10,2026-06-27,744,744,0,Delivered
SHP-0001666,SUP-003,PRD-00377,2021-04-11,2021-04-23,2021-04-23,388,388,0,Delivered
SHP-0001667,SUP-026,PRD-00197,2021-01-20,2021-02-06,2021-02-06,804,804,0,Delivered
SHP-0001668,SUP-040,PRD-00872,2020-12-28,2021-01-18,2021-01-18,1420,1420,0,Delivered
SHP-0001669,SUP-008,PRD-00536,2020-06-12,2020-07-23,2020-07-25,1256,1256,0,Delivered
SHP-0001670,SUP-040,PRD-00530,2026-02-26,2026-03-10,2026-03-18,1163,1070,93,Delivered
SHP-0001671,SUP-044,PRD-00042,2023-09-12,2023-09-19,2023-09-24,215,215,0,Delivered
SHP-0001672,SUP-050,PRD-00775,2024-09-05,2024-09-29,2024-09-29,458,458,0,Delivered
SHP-0001673,SUP-046,PRD-00900,2021-07-25,2021-08-04,2021-08-17,573,568,5,Delivered
SHP-0001674,SUP-050,PRD-00441,2026-02-28,2026-04-02,2026-04-02,151,151,0,Delivered
SHP-0001675,SUP-010,PRD-00727,2023-03-02,2023-04-27,2023-05-13,955,946,9,Delivered
SHP-0001676,SUP-023,PRD-00891,2025-08-31,2025-09-30,2025-10-12,838,838,0,Delivered
SHP-0001677,SUP-060,PRD-00535,2022-08-14,2022-08-22,2022-08-22,1009,1009,0,Delivered
SHP-0001678,SUP-011,PRD-00180,2020-01-02,2020-01-21,2020-02-10,1011,1011,0,Late
SHP-0001679,SUP-005,PRD-00348,2020-10-02,2020-10-24,2020-10-30,52,39,0,Partial
SHP-0001680,SUP-035,PRD-00826,2020-02-28,2020-03-14,2020-03-14,330,229,6,Partial
SHP-0001681,SUP-063,PRD-00444,2020-11-14,2020-11-28,2020-11-29,1309,1309,0,Delivered
SHP-0001682,SUP-059,PRD-00327,2022-01-12,2022-01-27,2022-01-28,711,711,0,Delivered
SHP-0001683,SUP-039,PRD-00302,2021-02-12,2021-03-08,2021-03-11,331,331,0,Delivered
SHP-0001684,SUP-047,PRD-00257,2023-11-10,2023-11-19,2023-11-25,471,471,0,Delivered
SHP-0001685,SUP-039,PRD-00200,2021-04-24,2021-04-30,2021-05-05,1456,1456,0,Delivered
SHP-0001686,SUP-025,PRD-00554,2023-08-11,2023-10-02,2023-10-08,1387,1387,0,Delivered
SHP-0001687,SUP-013,PRD-00571,2020-07-05,2020-07-14,2020-07-18,555,550,5,Delivered
SHP-0001688,SUP-062,PRD-00575,2025-01-25,2025-02-15,2025-02-22,1345,1345,0,Delivered
SHP-0001689,SUP-038,PRD-00190,2024-03-08,2024-03-19,2024-03-21,620,571,49,Late
SHP-0001690,SUP-023,PRD-00093,2023-02-12,2023-02-22,2023-02-25,887,887,0,Delivered
SHP-0001691,SUP-039,PRD-00302,2025-09-21,2025-09-30,2025-10-07,1303,1303,0,Delivered
SHP-0001692,SUP-003,PRD-00474,2025-11-24,2026-01-18,2026-01-25,845,845,0,Delivered
SHP-0001693,SUP-023,PRD-00093,2021-01-14,2021-03-29,2021-03-29,526,526,0,Delivered
SHP-0001694,SUP-011,PRD-00161,2026-03-22,2026-04-12,2026-04-19,567,550,17,Delivered
SHP-0001695,SUP-036,PRD-00798,2023-11-01,2023-12-29,2023-12-30,92,92,0,Delivered
SHP-0001696,SUP-070,PRD-00494,2020-09-07,2020-09-22,2020-09-22,1050,1019,31,Delivered
SHP-0001697,SUP-042,PRD-00443,2024-06-02,2024-06-22,2024-06-28,549,549,0,Delivered
SHP-0001698,SUP-032,PRD-00333,2023-06-29,2023-08-25,2023-08-27,629,629,0,Delivered
SHP-0001699,SUP-036,PRD-00622,2020-06-02,2020-07-03,2020-07-03,958,958,0,Delivered
SHP-0001700,SUP-066,PRD-00606,2025-07-10,2025-09-01,2025-09-04,1423,1423,0,Delivered
SHP-0001701,SUP-027,PRD-00423,2020-09-30,2020-10-14,2020-10-15,110,110,0,Delivered
SHP-0001702,SUP-050,PRD-00410,2023-10-24,2023-12-05,2023-12-05,1068,1068,0,Delivered
SHP-0001703,SUP-060,PRD-00610,2023-11-07,2023-12-01,2023-12-13,742,742,0,Delivered
SHP-0001704,SUP-051,PRD-00149,2024-07-04,2024-07-22,2024-07-22,967,967,0,Delivered
SHP-0001705,SUP-022,PRD-00485,2022-01-01,2022-01-17,2022-01-20,220,203,17,Delivered
SHP-0001706,SUP-067,PRD-00058,2022-09-18,2022-10-01,2022-10-01,868,868,0,Delivered
SHP-0001707,SUP-066,PRD-00606,2024-04-21,2024-04-27,2024-05-08,262,260,2,Delivered
SHP-0001708,SUP-032,PRD-00260,2025-06-26,2025-08-10,2025-08-10,258,256,2,Delivered
SHP-0001709,SUP-038,PRD-00121,2020-07-06,2020-07-29,2020-07-30,1333,1333,0,Late
SHP-0001710,SUP-014,PRD-00224,2020-01-23,2020-02-11,2020-02-13,942,942,0,Late
SHP-0001711,SUP-063,PRD-00444,2023-02-04,2023-02-17,2023-02-17,1293,1029,0,Partial
SHP-0001712,SUP-054,PRD-00716,2022-01-11,2022-01-16,2022-01-16,932,858,74,Late
SHP-0001713,SUP-022,PRD-00540,2020-04-07,2020-04-17,2020-04-29,89,89,0,Delivered
SHP-0001714,SUP-056,PRD-00692,2021-08-31,2021-09-05,2021-09-07,1475,1475,0,Late
SHP-0001715,SUP-043,PRD-00001,2021-02-23,2021-04-25,2021-05-06,506,501,5,Delivered
SHP-0001716,SUP-021,PRD-00738,2026-02-22,2026-03-22,2026-03-27,86,86,0,Late
SHP-0001717,SUP-066,PRD-00710,2022-01-08,2022-01-25,2022-01-29,1227,1215,12,Late
SHP-0001718,SUP-005,PRD-00256,2023-02-25,2023-03-13,2023-03-13,660,660,0,Delivered
SHP-0001719,SUP-026,PRD-00378,2022-02-12,2022-02-17,2022-02-17,578,578,0,Delivered
SHP-0001720,SUP-004,PRD-00726,2025-09-10,2025-09-30,2025-10-09,755,755,0,Delivered
SHP-0001721,SUP-006,PRD-00005,2025-02-12,2025-02-22,2025-02-23,162,158,4,Delivered
SHP-0001722,SUP-026,PRD-00197,2023-08-23,2023-09-12,2023-09-29,791,724,0,Partial
SHP-0001723,SUP-064,PRD-00506,2020-08-16,2020-08-27,2020-08-31,1066,1035,31,Delivered
SHP-0001724,SUP-047,PRD-00148,2020-11-04,2020-11-20,2020-11-28,1445,1402,43,Delivered
SHP-0001725,SUP-013,PRD-00597,2023-04-12,2023-04-29,2023-05-10,1118,1107,11,Delivered
SHP-0001726,SUP-067,PRD-00686,2025-04-10,2025-05-04,2025-05-13,492,453,39,Delivered
SHP-0001727,SUP-030,PRD-00880,2023-03-31,2023-04-11,2023-04-21,600,600,0,Delivered
SHP-0001728,SUP-008,PRD-00558,2025-08-26,2025-10-14,2025-10-18,1419,1377,42,Delivered
SHP-0001729,SUP-033,PRD-00617,2020-08-12,2020-08-22,2020-08-22,701,701,0,Delivered
SHP-0001730,SUP-031,PRD-00064,2020-07-28,2020-09-20,2020-10-03,600,600,0,Delivered
SHP-0001731,SUP-004,PRD-00541,2020-11-13,2020-11-24,2020-12-06,805,805,0,Delivered
SHP-0001732,SUP-062,PRD-00432,2024-12-05,2025-01-31,2025-02-03,863,863,0,Delivered
SHP-0001733,SUP-064,PRD-00565,2024-04-05,2024-06-03,2024-06-16,667,667,0,Delivered
SHP-0001734,SUP-023,PRD-00698,2025-03-18,2025-04-22,2025-04-29,500,500,0,Delivered
SHP-0001735,SUP-011,PRD-00179,2023-03-31,2023-04-09,2023-04-09,865,840,25,Delivered
SHP-0001736,SUP-003,PRD-00556,2020-04-01,2020-05-12,2020-05-27,885,885,0,Delivered
SHP-0001737,SUP-015,PRD-00501,2025-12-16,2025-12-25,2026-01-06,411,411,0,Delivered
SHP-0001738,SUP-058,PRD-00231,2021-02-06,2021-03-07,2021-03-14,258,258,0,Delivered
SHP-0001739,SUP-064,PRD-00235,2024-01-26,2024-03-10,2024-03-17,1229,1217,12,Delivered
SHP-0001740,SUP-015,PRD-00501,2022-03-03,2022-03-12,2022-03-12,994,994,0,Delivered
SHP-0001741,SUP-001,PRD-00479,2025-05-25,2025-06-09,2025-06-09,1209,1209,0,Delivered
SHP-0001742,SUP-022,PRD-00764,2020-10-10,2020-11-02,2020-11-13,842,842,0,Delivered
SHP-0001743,SUP-054,PRD-00227,2023-12-15,2023-12-23,2023-12-23,715,708,7,Delivered
SHP-0001744,SUP-054,PRD-00694,2026-06-12,2026-07-05,2026-07-10,1484,1484,0,Delivered
SHP-0001745,SUP-014,PRD-00669,2024-06-12,2024-06-20,2024-06-22,320,320,0,Delivered
SHP-0001746,SUP-069,PRD-00276,2025-03-04,2025-03-14,2025-03-19,646,646,0,Delivered
SHP-0001747,SUP-029,PRD-00549,2021-09-08,2021-09-28,2021-10-08,1401,1401,0,Delivered
SHP-0001748,SUP-069,PRD-00364,2026-07-17,2026-07-23,2026-07-25,322,322,0,Late
SHP-0001749,SUP-048,PRD-00221,2023-02-21,2023-03-03,2023-03-13,991,991,0,Late
SHP-0001750,SUP-066,PRD-00705,2022-08-02,2022-08-26,2022-08-26,894,894,0,Late
SHP-0001751,SUP-064,PRD-00565,2023-01-16,2023-02-27,2023-03-12,50,50,0,Delivered
SHP-0001752,SUP-047,PRD-00427,2024-05-19,2024-06-30,2024-07-07,1409,1409,0,Delivered
SHP-0001753,SUP-046,PRD-00006,2021-12-05,2021-12-11,2021-12-11,979,950,29,Delivered
SHP-0001754,SUP-019,PRD-00286,2020-10-24,2020-11-11,2020-11-11,1402,1402,0,Delivered
SHP-0001755,SUP-034,PRD-00045,2024-09-15,2024-09-20,2024-09-20,465,452,13,Delivered
SHP-0001756,SUP-014,PRD-00251,2020-12-09,2021-02-21,2021-03-04,471,457,14,Delivered
SHP-0001757,SUP-038,PRD-00134,2020-12-28,2021-01-13,2021-01-23,1305,1305,0,Delivered
SHP-0001758,SUP-038,PRD-00134,2023-06-30,2023-07-17,2023-07-17,1389,1278,111,Delivered
SHP-0001759,SUP-043,PRD-00438,2021-12-30,2022-01-21,2022-02-05,252,232,20,Delivered
SHP-0001760,SUP-011,PRD-00523,2024-03-01,2024-03-19,2024-03-23,840,840,0,Delivered
SHP-0001761,SUP-067,PRD-00261,2021-03-03,2021-03-20,2021-03-29,86,86,0,Delivered
SHP-0001762,SUP-066,PRD-00723,2022-12-22,2023-01-18,2023-01-24,1296,1296,0,Delivered
SHP-0001763,SUP-061,PRD-00322,2025-10-14,2025-10-20,2025-10-20,1377,1377,0,Delivered
SHP-0001764,SUP-031,PRD-00025,2023-12-25,2024-01-24,2024-01-28,420,420,0,Delivered
SHP-0001765,SUP-005,PRD-00097,2024-09-19,2024-10-05,2024-10-16,1281,1281,0,Delivered
SHP-0001766,SUP-040,PRD-00289,2025-02-10,2025-02-27,2025-02-27,470,433,37,Delivered
SHP-0001767,SUP-050,PRD-00598,2025-09-02,2025-09-14,2025-09-14,251,251,0,Delivered
SHP-0001768,SUP-026,PRD-00799,2021-05-30,2021-06-12,2021-06-12,230,230,0,Delivered
SHP-0001769,SUP-042,PRD-00046,2022-06-09,2022-07-11,2022-07-11,167,167,0,Delivered
SHP-0001770,SUP-006,PRD-00585,2023-09-24,2023-10-07,2023-10-07,676,676,0,Delivered
SHP-0001771,SUP-045,PRD-00048,2021-03-08,2021-03-16,2021-03-22,878,878,0,Delivered
SHP-0001772,SUP-048,PRD-00779,2020-11-07,2020-11-22,2020-11-22,1230,908,0,Partial
SHP-0001773,SUP-034,PRD-00311,2023-07-10,2023-07-28,2023-08-10,639,633,6,Delivered
SHP-0001774,SUP-037,PRD-00101,2024-08-29,2024-09-22,2024-09-24,941,941,0,Delivered
SHP-0001775,SUP-050,PRD-00016,2024-02-05,2024-04-15,2024-04-15,115,115,0,Delivered
SHP-0001776,SUP-021,PRD-00657,2023-01-23,2023-02-06,2023-02-06,670,670,0,Delivered
SHP-0001777,SUP-023,PRD-00513,2023-12-14,2024-01-19,2024-01-19,485,471,14,Delivered
SHP-0001778,SUP-034,PRD-00573,2021-11-01,2021-11-22,2021-12-01,1432,1390,42,Delivered
SHP-0001779,SUP-068,PRD-00715,2023-04-22,2023-05-13,2023-05-13,1343,1343,0,Delivered
SHP-0001780,SUP-009,PRD-00018,2024-08-18,2024-10-14,2024-10-29,421,421,0,Delivered
SHP-0001781,SUP-064,PRD-00379,2023-01-16,2023-03-07,2023-03-07,1193,1193,0,Delivered
SHP-0001782,SUP-037,PRD-00323,2020-04-28,2020-05-22,2020-05-22,522,522,0,Delivered
SHP-0001783,SUP-009,PRD-00538,2022-02-22,2022-04-03,,1008,852,0,Partial
SHP-0001784,SUP-055,PRD-00331,2023-03-19,2023-05-23,2023-05-28,508,508,0,Delivered
SHP-0001785,SUP-012,PRD-00460,2026-07-02,2026-07-23,2026-07-23,442,438,4,Delivered
SHP-0001786,SUP-043,PRD-00658,2023-11-04,2023-11-13,2023-11-13,441,441,0,Delivered
SHP-0001787,SUP-015,PRD-00433,2022-03-15,2022-04-02,2022-04-02,878,878,0,Delivered
SHP-0001788,SUP-041,PRD-00420,2020-10-14,2020-11-28,2020-11-30,476,476,0,Delivered
SHP-0001789,SUP-001,PRD-00346,2020-12-13,2021-01-04,2021-01-07,462,462,0,Delivered
SHP-0001790,SUP-032,PRD-00372,2020-08-09,2020-09-26,2020-09-26,986,986,0,Delivered
SHP-0001791,SUP-058,PRD-00252,2020-08-14,2020-09-09,2020-09-15,446,446,0,Delivered
SHP-0001792,SUP-006,PRD-00294,2026-04-12,2026-04-27,2026-05-04,860,852,8,Late
SHP-0001793,SUP-040,PRD-00478,2026-04-19,2026-04-24,2026-04-24,501,501,0,Delivered
SHP-0001794,SUP-066,PRD-00682,2020-03-02,2020-04-08,2020-04-08,727,727,0,Delivered
SHP-0001795,SUP-026,PRD-00197,2022-05-01,2022-05-08,2022-05-08,840,840,0,Delivered
SHP-0001796,SUP-013,PRD-00082,2024-12-08,2024-12-29,2025-01-01,836,828,8,Delivered
SHP-0001797,SUP-026,PRD-00275,2022-03-15,2022-04-02,2022-04-02,831,831,0,Delivered
SHP-0001798,SUP-059,PRD-00027,2021-04-27,2021-05-07,2021-05-07,456,456,0,Delivered
SHP-0001799,SUP-056,PRD-00692,2026-06-12,2026-07-28,2026-08-03,412,400,12,Delivered
SHP-0001800,SUP-007,PRD-00491,2021-02-01,2021-03-04,2021-03-04,629,629,0,Delivered
SHP-0001801,SUP-070,PRD-00458,2024-01-09,2024-01-30,2024-01-30,1395,1354,41,Delivered
SHP-0001802,SUP-049,PRD-00484,2020-09-14,2020-10-06,2020-10-06,302,302,0,Delivered
SHP-0001803,SUP-016,PRD-00502,2022-08-24,2022-11-04,2022-11-04,1009,979,30,Delivered
SHP-0001804,SUP-047,PRD-00851,2022-06-29,2022-08-21,2022-08-21,1170,1170,0,Late
SHP-0001805,SUP-057,PRD-00034,2024-11-14,2024-11-21,2024-11-21,705,705,0,Delivered
SHP-0001806,SUP-041,PRD-00493,2021-04-12,2021-05-20,2021-05-24,378,367,11,Delivered
SHP-0001807,SUP-020,PRD-00765,2023-07-28,2023-08-08,2023-08-14,625,625,0,Delivered
SHP-0001808,SUP-058,PRD-00252,2020-06-24,2020-08-20,2020-08-20,174,174,0,Delivered
SHP-0001809,SUP-044,PRD-00481,2021-01-10,2021-01-17,2021-02-08,95,95,0,Delivered
SHP-0001810,SUP-063,PRD-00722,2020-09-25,2020-10-09,2020-10-17,1153,1153,0,Late
SHP-0001811,SUP-066,PRD-00723,2020-11-15,2021-01-08,2021-01-08,684,684,0,Delivered
SHP-0001812,SUP-008,PRD-00038,2023-04-13,2023-05-25,2023-06-12,1450,1450,0,Delivered
SHP-0001813,SUP-032,PRD-00030,2020-12-15,2020-12-30,2020-12-30,1101,1101,0,Delivered
SHP-0001814,SUP-037,PRD-00323,2022-12-20,2023-01-02,2023-01-05,687,687,0,Delivered
SHP-0001815,SUP-027,PRD-00784,2020-12-16,2021-01-01,2021-01-07,1437,1437,0,Delivered
SHP-0001816,SUP-023,PRD-00777,2022-03-22,2022-04-13,2022-04-13,1470,1470,0,Delivered
SHP-0001817,SUP-050,PRD-00228,2026-03-21,2026-03-31,2026-03-31,1404,1404,0,Delivered
SHP-0001818,SUP-024,PRD-00214,2022-12-02,2022-12-10,2022-12-10,1377,1377,0,Delivered
SHP-0001819,SUP-039,PRD-00054,2021-12-31,2022-01-20,2022-01-26,1238,1037,0,Partial
SHP-0001820,SUP-060,PRD-00345,2025-01-10,2025-01-25,2025-01-25,1328,1328,0,Delivered
SHP-0001821,SUP-039,PRD-00108,2024-08-13,2024-09-01,2024-09-05,1471,1354,117,Delivered
SHP-0001822,SUP-038,PRD-00134,2023-05-10,2023-05-28,2023-05-28,101,100,1,Delivered
SHP-0001823,SUP-015,PRD-00739,2022-09-09,2022-09-15,2022-09-21,1051,1051,0,Delivered
SHP-0001824,SUP-007,PRD-00491,2023-08-31,2023-09-05,2023-09-11,1314,1275,39,Delivered
SHP-0001825,SUP-049,PRD-00222,2026-06-15,2026-06-25,2026-06-29,199,174,0,Partial
SHP-0001826,SUP-064,PRD-00565,2023-05-16,2023-07-15,2023-07-17,192,192,0,Delivered
SHP-0001827,SUP-002,PRD-00852,2021-06-16,2021-08-20,2021-08-20,1204,1204,0,Delivered
SHP-0001828,SUP-026,PRD-00197,2025-05-31,2025-06-08,2025-06-08,1065,889,0,Partial
SHP-0001829,SUP-050,PRD-00643,2022-08-21,2022-09-11,2022-09-16,118,115,3,Delivered
SHP-0001830,SUP-018,PRD-00338,2023-09-01,2023-09-19,2023-09-19,741,719,22,Delivered
SHP-0001831,SUP-031,PRD-00064,2026-06-23,2026-09-02,2026-09-05,659,659,0,Delivered
SHP-0001832,SUP-049,PRD-00021,2025-01-15,2025-02-06,2025-02-22,1084,1084,0,Delivered
SHP-0001833,SUP-010,PRD-00524,2025-11-18,2026-01-08,2026-01-08,1400,1400,0,Delivered
SHP-0001834,SUP-063,PRD-00402,2021-03-12,2021-04-01,2021-04-01,867,867,0,Delivered
SHP-0001835,SUP-010,PRD-00482,2025-08-09,2025-09-15,2025-09-15,533,533,0,Delivered
SHP-0001836,SUP-009,PRD-00538,2024-04-25,2024-06-25,2024-06-25,54,54,0,Late
SHP-0001837,SUP-056,PRD-00094,2020-03-23,2020-04-21,2020-04-25,204,204,0,Delivered
SHP-0001838,SUP-023,PRD-00810,2022-07-19,2022-07-31,2022-08-12,1189,1189,0,Late
SHP-0001839,SUP-020,PRD-00844,2021-08-12,2021-09-02,2021-09-07,959,950,9,Delivered
SHP-0001840,SUP-022,PRD-00836,2026-07-15,2026-07-31,2026-08-01,58,58,0,Delivered
SHP-0001841,SUP-033,PRD-00781,2024-02-12,2024-04-17,2024-04-21,294,294,0,Delivered
SHP-0001842,SUP-018,PRD-00267,2020-03-28,2020-04-03,2020-04-08,1070,1070,0,Delivered
SHP-0001843,SUP-015,PRD-00087,2023-03-17,2023-03-24,2023-03-24,1416,992,0,Partial
SHP-0001844,SUP-014,PRD-00075,2024-04-20,2024-05-12,2024-05-22,126,126,0,Delivered
SHP-0001845,SUP-013,PRD-00114,2021-06-17,2021-07-06,2021-07-17,684,678,6,Late
SHP-0001846,SUP-067,PRD-00595,2023-11-06,2023-11-28,2023-11-28,578,573,5,Late
SHP-0001847,SUP-051,PRD-00417,2021-02-17,2021-03-03,2021-03-08,250,250,0,Delivered
SHP-0001848,SUP-063,PRD-00861,2023-09-05,2023-09-25,2023-09-30,1399,1399,0,Delivered
SHP-0001849,SUP-040,PRD-00269,2024-07-18,2024-08-05,2024-08-16,360,360,0,Delivered
SHP-0001850,SUP-054,PRD-00604,2021-05-17,2021-05-25,2021-05-28,806,806,0,Delivered
SHP-0001851,SUP-063,PRD-00671,2022-09-23,2022-09-28,2022-10-04,1342,1342,0,Delivered
SHP-0001852,SUP-063,PRD-00722,2026-08-01,2026-08-09,2026-08-11,631,613,18,Delivered
SHP-0001853,SUP-068,PRD-00559,2023-01-21,2023-01-28,2023-01-29,124,124,0,Delivered
SHP-0001854,SUP-001,PRD-00886,2021-11-19,2021-11-27,2021-12-11,788,788,0,Delivered
SHP-0001855,SUP-062,PRD-00385,2022-02-21,2022-03-23,2022-03-24,745,738,7,Delivered
SHP-0001856,SUP-049,PRD-00761,2026-04-28,2026-05-07,2026-05-18,398,367,31,Late
SHP-0001857,SUP-019,PRD-00124,2026-01-23,2026-02-10,2026-02-10,1271,1271,0,Delivered
SHP-0001858,SUP-061,PRD-00612,2020-08-12,2020-08-20,2020-09-02,516,418,4,Partial
SHP-0001859,SUP-063,PRD-00722,2025-04-19,2025-05-13,2025-05-18,210,210,0,Delivered
SHP-0001860,SUP-058,PRD-00334,2024-12-18,2025-03-01,2025-03-01,1223,1223,0,Delivered
SHP-0001861,SUP-037,PRD-00834,2026-02-23,2026-03-03,2026-03-03,191,191,0,Delivered
SHP-0001862,SUP-010,PRD-00189,2023-10-30,2023-11-12,2023-11-12,686,686,0,Delivered
SHP-0001863,SUP-064,PRD-00249,2023-04-06,2023-05-27,2023-05-28,216,216,0,Delivered
SHP-0001864,SUP-068,PRD-00559,2021-01-23,2021-01-28,2021-02-03,402,398,4,Delivered
SHP-0001865,SUP-026,PRD-00422,2022-11-13,2022-11-18,2022-11-23,799,792,7,Late
SHP-0001866,SUP-070,PRD-00315,2023-04-01,2023-04-21,2023-04-24,184,184,0,Delivered
SHP-0001867,SUP-062,PRD-00385,2024-01-07,2024-02-10,2024-02-17,1104,1104,0,Delivered
SHP-0001868,SUP-060,PRD-00631,2025-03-01,2025-03-06,2025-03-06,1073,1063,10,Delivered
SHP-0001869,SUP-050,PRD-00228,2021-05-22,2021-07-22,2021-07-23,1104,1104,0,Delivered
SHP-0001870,SUP-020,PRD-00210,2022-01-18,2022-02-18,2022-02-21,1383,1383,0,Delivered
SHP-0001871,SUP-062,PRD-00128,2021-01-16,2021-02-09,2021-02-15,1019,793,23,Partial
SHP-0001872,SUP-037,PRD-00101,2025-05-21,2025-05-29,2025-05-29,379,379,0,Delivered
SHP-0001873,SUP-054,PRD-00716,2025-04-07,2025-04-19,2025-04-26,285,283,2,Late
SHP-0001874,SUP-033,PRD-00781,2025-11-01,2026-01-04,2026-01-14,1184,1184,0,Delivered
SHP-0001875,SUP-012,PRD-00629,2021-08-09,2021-08-30,2021-09-11,858,790,68,Late
SHP-0001876,SUP-047,PRD-00427,2024-03-03,2024-04-29,2024-05-08,549,544,5,Delivered
SHP-0001877,SUP-062,PRD-00426,2021-08-10,2021-10-01,2021-10-01,280,232,0,Partial
SHP-0001878,SUP-026,PRD-00608,2020-02-20,2020-03-08,2020-03-26,988,988,0,Delivered
SHP-0001879,SUP-049,PRD-00217,2023-03-10,2023-03-29,2023-04-07,1460,1460,0,Delivered
SHP-0001880,SUP-064,PRD-00249,2025-09-07,2025-10-25,2025-10-27,603,603,0,Delivered
SHP-0001881,SUP-055,PRD-00029,2021-07-07,2021-07-15,2021-07-15,1094,1094,0,Delivered
SHP-0001882,SUP-014,PRD-00669,2024-05-22,2024-08-01,2024-08-09,601,601,0,Delivered
SHP-0001883,SUP-038,PRD-00740,2024-07-13,2024-07-28,2024-07-28,878,878,0,Late
SHP-0001884,SUP-027,PRD-00737,2024-08-16,2024-08-24,2024-08-27,565,565,0,Late
SHP-0001885,SUP-057,PRD-00317,2023-04-01,2023-04-12,2023-04-24,1111,1100,11,Delivered
SHP-0001886,SUP-050,PRD-00643,2024-03-09,2024-04-29,2024-05-10,520,520,0,Delivered
SHP-0001887,SUP-042,PRD-00720,2022-04-08,2022-05-22,2022-05-22,699,693,6,Delivered
SHP-0001888,SUP-049,PRD-00112,2020-05-22,2020-06-06,2020-06-06,872,872,0,Late
SHP-0001889,SUP-035,PRD-00826,2025-02-27,2025-03-13,2025-03-13,1212,1212,0,Delivered
SHP-0001890,SUP-001,PRD-00346,2024-12-29,2025-01-12,2025-01-19,1008,998,10,Delivered
SHP-0001891,SUP-019,PRD-00532,2024-12-02,2024-12-20,2024-12-26,1212,1212,0,Delivered
SHP-0001892,SUP-068,PRD-00031,2026-01-06,2026-01-25,2026-01-26,544,539,5,Late
SHP-0001893,SUP-051,PRD-00149,2021-03-27,2021-04-07,2021-04-07,1271,1271,0,Delivered
SHP-0001894,SUP-002,PRD-00820,2023-02-27,2023-03-06,2023-03-09,585,580,5,Delivered
SHP-0001895,SUP-048,PRD-00202,2021-11-18,2021-11-26,2021-11-29,319,319,0,Delivered
SHP-0001896,SUP-029,PRD-00642,2022-11-30,2022-12-06,2022-12-06,728,728,0,Delivered
SHP-0001897,SUP-034,PRD-00156,2021-02-24,2021-03-10,2021-03-10,613,613,0,Delivered
SHP-0001898,SUP-054,PRD-00107,2026-01-23,2026-02-04,2026-02-04,1190,1179,11,Late
SHP-0001899,SUP-009,PRD-00672,2023-05-13,2023-06-20,2023-06-23,202,202,0,Delivered
SHP-0001900,SUP-009,PRD-00724,2020-04-04,2020-04-17,2020-04-17,619,613,6,Delivered
SHP-0001901,SUP-046,PRD-00562,2023-06-03,2023-06-18,2023-06-25,435,422,13,Delivered
SHP-0001902,SUP-047,PRD-00683,2022-03-24,2022-04-07,2022-04-07,814,790,24,Delivered
SHP-0001903,SUP-040,PRD-00289,2025-02-18,2025-03-12,2025-03-25,434,434,0,Delivered
SHP-0001904,SUP-044,PRD-00175,2024-06-29,2024-07-13,2024-07-26,290,288,2,Delivered
SHP-0001905,SUP-070,PRD-00458,2023-05-22,2023-06-09,2023-06-18,1499,1499,0,Late
SHP-0001906,SUP-039,PRD-00829,2021-11-22,2021-11-27,2021-12-05,319,319,0,Delivered
SHP-0001907,SUP-042,PRD-00342,2021-06-27,2021-07-22,2021-07-22,1199,1188,11,Delivered
SHP-0001908,SUP-055,PRD-00331,2024-08-31,2024-09-29,2024-10-09,1310,1310,0,Late
SHP-0001909,SUP-045,PRD-00048,2020-01-30,2020-03-14,2020-03-24,827,827,0,Delivered
SHP-0001910,SUP-008,PRD-00169,2023-01-03,2023-02-27,2023-03-01,854,854,0,Late
SHP-0001911,SUP-041,PRD-00283,2020-08-23,2020-09-01,2020-09-05,276,274,2,Delivered
SHP-0001912,SUP-051,PRD-00843,2025-12-14,2025-12-30,2026-01-06,432,432,0,Delivered
SHP-0001913,SUP-019,PRD-00701,2022-10-01,2022-10-11,2022-10-11,1071,1071,0,Delivered
SHP-0001914,SUP-054,PRD-00694,2026-07-23,2026-08-08,2026-08-08,971,962,9,Delivered
SHP-0001915,SUP-037,PRD-00089,2020-11-10,2020-11-20,2020-12-04,1272,1260,12,Delivered
SHP-0001916,SUP-036,PRD-00312,2024-07-02,2024-09-14,2024-09-28,154,154,0,Delivered
SHP-0001917,SUP-020,PRD-00579,2022-12-05,2023-01-21,2023-01-21,207,207,0,Late
SHP-0001918,SUP-010,PRD-00803,2020-12-21,2021-02-05,2021-02-05,132,131,1,Late
SHP-0001919,SUP-030,PRD-00131,2025-02-13,2025-03-01,2025-03-15,777,754,23,Delivered
SHP-0001920,SUP-004,PRD-00141,2023-09-08,2023-09-16,2023-09-16,58,58,0,Delivered
SHP-0001921,SUP-021,PRD-00225,2025-09-11,2025-11-03,2025-11-19,103,103,0,Late
SHP-0001922,SUP-048,PRD-00221,2023-01-22,2023-02-03,2023-02-03,70,70,0,Delivered
SHP-0001923,SUP-046,PRD-00389,2020-03-10,2020-03-19,2020-03-19,296,296,0,Late
SHP-0001924,SUP-056,PRD-00192,2024-07-03,2024-07-19,2024-07-19,430,430,0,Late
SHP-0001925,SUP-049,PRD-00618,2022-06-16,2022-06-29,2022-06-29,956,956,0,Delivered
SHP-0001926,SUP-027,PRD-00615,2020-02-27,2020-03-13,2020-03-16,106,105,1,Delivered
SHP-0001927,SUP-064,PRD-00503,2021-06-09,2021-07-14,2021-07-19,119,119,0,Delivered
SHP-0001928,SUP-049,PRD-00187,2024-07-08,2024-07-14,2024-07-19,1118,1118,0,Late
SHP-0001929,SUP-050,PRD-00775,2024-09-28,2024-11-14,2024-11-25,1268,1268,0,Delivered
SHP-0001930,SUP-001,PRD-00084,2022-09-05,2022-09-26,2022-09-28,1496,1482,14,Delivered
SHP-0001931,SUP-029,PRD-00215,2024-03-24,2024-04-01,2024-04-01,979,901,78,Delivered
SHP-0001932,SUP-031,PRD-00812,2023-01-14,2023-02-19,2023-02-19,880,880,0,Delivered
SHP-0001933,SUP-050,PRD-00228,2024-04-06,2024-05-17,2024-05-17,907,907,0,Delivered
SHP-0001934,SUP-015,PRD-00445,2023-01-10,2023-02-01,2023-02-18,146,146,0,Delivered
SHP-0001935,SUP-033,PRD-00781,2025-11-06,2025-12-28,2026-01-03,1180,1180,0,Delivered
SHP-0001936,SUP-019,PRD-00466,2025-01-31,2025-02-07,2025-02-07,309,309,0,Delivered
SHP-0001937,SUP-036,PRD-00361,2026-04-08,2026-04-15,2026-04-16,160,159,1,Delivered
SHP-0001938,SUP-066,PRD-00298,2025-08-05,2025-10-05,2025-10-05,478,474,4,Delivered
SHP-0001939,SUP-001,PRD-00886,2020-04-10,2020-04-26,2020-04-29,1443,1443,0,Delivered
SHP-0001940,SUP-068,PRD-00388,2020-06-09,2020-06-27,2020-07-01,612,612,0,Delivered
SHP-0001941,SUP-042,PRD-00046,2025-12-23,2026-02-20,2026-03-01,1084,1074,10,Late
SHP-0001942,SUP-028,PRD-00370,2023-07-05,2023-07-16,2023-08-01,1350,1337,13,Delivered
SHP-0001943,SUP-059,PRD-00667,2020-07-24,2020-08-08,2020-08-08,338,338,0,Delivered
SHP-0001944,SUP-052,PRD-00028,2020-11-17,2020-12-05,2020-12-18,248,246,2,Delivered
SHP-0001945,SUP-069,PRD-00070,2022-12-30,2023-01-06,2023-01-16,504,499,5,Delivered
SHP-0001946,SUP-051,PRD-00417,2021-05-26,2021-06-07,2021-06-22,843,788,7,Partial
SHP-0001947,SUP-048,PRD-00824,2024-03-30,2024-04-23,2024-04-24,1332,1332,0,Delivered
SHP-0001948,SUP-015,PRD-00659,2026-01-31,2026-02-21,2026-02-24,1219,1183,36,Delivered
SHP-0001949,SUP-008,PRD-00281,2022-11-03,2022-12-25,2023-01-02,739,732,7,Delivered
SHP-0001950,SUP-007,PRD-00320,2022-08-12,2022-10-09,2022-10-11,313,313,0,Delivered
SHP-0001951,SUP-066,PRD-00705,2023-10-31,2023-12-19,2023-12-25,709,709,0,Late
SHP-0001952,SUP-044,PRD-00626,2020-08-31,2020-09-11,2020-09-20,292,290,2,Delivered
SHP-0001953,SUP-013,PRD-00435,2020-11-09,2020-12-03,2020-12-07,248,229,19,Delivered
SHP-0001954,SUP-009,PRD-00495,2025-04-14,2025-05-27,2025-06-03,603,603,0,Delivered
SHP-0001955,SUP-046,PRD-00006,2025-05-11,2025-05-28,2025-05-28,820,820,0,Delivered
SHP-0001956,SUP-039,PRD-00398,2025-07-28,2025-08-12,2025-08-16,921,921,0,Delivered
SHP-0001957,SUP-069,PRD-00749,2020-04-13,2020-04-19,2020-04-19,1267,1267,0,Delivered
SHP-0001958,SUP-038,PRD-00134,2024-06-28,2024-07-10,2024-07-16,359,359,0,Delivered
SHP-0001959,SUP-016,PRD-00337,2026-03-19,2026-03-28,2026-04-03,381,381,0,Delivered
SHP-0001960,SUP-058,PRD-00252,2020-12-20,2021-03-04,2021-03-04,149,148,1,Delivered
SHP-0001961,SUP-054,PRD-00227,2022-10-30,2022-11-12,2022-11-12,1204,1204,0,Delivered
SHP-0001962,SUP-070,PRD-00868,2020-06-16,2020-06-29,2020-06-29,172,172,0,Delivered
SHP-0001963,SUP-047,PRD-00207,2024-03-17,2024-05-25,2024-05-25,665,665,0,Delivered
SHP-0001964,SUP-068,PRD-00193,2026-03-16,2026-04-03,2026-04-08,1384,1384,0,Late
SHP-0001965,SUP-036,PRD-00414,2024-11-17,2025-01-10,2025-01-15,699,679,20,Delivered
SHP-0001966,SUP-047,PRD-00786,2025-07-21,2025-08-30,2025-08-30,335,335,0,Delivered
SHP-0001967,SUP-057,PRD-00181,2021-07-27,2021-08-13,2021-08-15,1479,1435,44,Delivered
SHP-0001968,SUP-058,PRD-00032,2021-06-22,2021-07-17,2021-07-18,385,382,3,Delivered
SHP-0001969,SUP-055,PRD-00505,2020-01-19,2020-04-02,2020-04-10,880,880,0,Delivered
SHP-0001970,SUP-041,PRD-00166,2020-12-02,2020-12-20,2020-12-30,1422,1422,0,Delivered
SHP-0001971,SUP-013,PRD-00394,2022-02-05,2022-02-16,2022-02-16,1153,1153,0,Delivered
SHP-0001972,SUP-047,PRD-00415,2023-11-14,2024-01-13,2024-01-22,1120,809,8,Partial
SHP-0001973,SUP-021,PRD-00225,2021-12-01,2022-01-05,2022-01-08,548,543,5,Late
SHP-0001974,SUP-044,PRD-00116,2024-02-29,2024-03-05,2024-03-05,400,396,4,Delivered
SHP-0001975,SUP-035,PRD-00464,2023-05-22,2023-06-03,2023-06-04,772,749,23,Delivered
SHP-0001976,SUP-035,PRD-00059,2020-06-14,2020-06-29,2020-07-07,65,65,0,Late
SHP-0001977,SUP-043,PRD-00539,2021-11-02,2021-12-23,2021-12-24,1309,1296,13,Delivered
SHP-0001978,SUP-022,PRD-00627,2023-12-10,2023-12-18,2023-12-21,905,896,9,Delivered
SHP-0001979,SUP-039,PRD-00360,2020-11-03,2020-11-08,2020-11-09,1313,1313,0,Delivered
SHP-0001980,SUP-020,PRD-00844,2024-09-14,2024-10-08,2024-10-10,806,798,8,Delivered
SHP-0001981,SUP-014,PRD-00075,2026-03-11,2026-03-31,2026-04-03,108,105,3,Late
SHP-0001982,SUP-038,PRD-00860,2020-03-15,2020-03-28,2020-04-02,1171,1171,0,Delivered
SHP-0001983,SUP-004,PRD-00806,2022-01-04,2022-01-14,2022-01-20,464,464,0,Delivered
SHP-0001984,SUP-010,PRD-00897,2025-11-06,2025-12-14,2025-12-14,1298,1298,0,Delivered
SHP-0001985,SUP-058,PRD-00755,2020-06-19,2020-07-02,2020-07-11,367,367,0,Delivered
SHP-0001986,SUP-028,PRD-00152,2024-09-28,2024-10-19,2024-10-19,1383,1370,13,Delivered
SHP-0001987,SUP-013,PRD-00394,2021-04-11,2021-04-28,2021-05-08,1450,1334,116,Delivered
SHP-0001988,SUP-013,PRD-00375,2025-01-21,2025-02-01,2025-02-01,1275,1263,12,Delivered
SHP-0001989,SUP-060,PRD-00610,2022-09-06,2022-09-17,2022-09-23,314,311,3,Delivered
SHP-0001990,SUP-049,PRD-00761,2024-10-31,2024-11-14,2024-11-24,940,912,28,Delivered
SHP-0001991,SUP-015,PRD-00087,2020-07-20,2020-08-07,2020-08-22,233,227,6,Delivered
SHP-0001992,SUP-016,PRD-00814,2021-09-14,2021-09-28,2021-09-28,785,785,0,Delivered
SHP-0001993,SUP-011,PRD-00180,2021-08-06,2021-08-21,2021-08-26,1195,1195,0,Late
SHP-0001994,SUP-022,PRD-00540,2025-12-02,2025-12-25,2025-12-25,330,330,0,Delivered
SHP-0001995,SUP-003,PRD-00650,2022-02-24,2022-03-01,2022-03-02,512,512,0,Delivered
SHP-0001996,SUP-009,PRD-00495,2021-10-13,2021-11-03,2021-11-07,902,902,0,Delivered
SHP-0001997,SUP-060,PRD-00137,2025-05-17,2025-05-24,2025-05-27,1050,1040,10,Delivered
SHP-0001998,SUP-020,PRD-00167,2022-10-03,2022-11-29,2022-11-29,347,347,0,Delivered
SHP-0001999,SUP-053,PRD-00633,2025-05-14,2025-06-07,2025-06-07,850,850,0,Delivered
SHP-0002000,SUP-006,PRD-00143,2021-07-22,2021-08-08,2021-08-27,421,421,0,Delivered
SHP-0002001,SUP-033,PRD-00136,2020-09-02,2020-10-12,2020-10-13,1154,1154,0,Delivered
SHP-0002002,SUP-026,PRD-00422,2021-12-08,2021-12-18,2021-12-26,586,569,17,Late
SHP-0002003,SUP-013,PRD-00831,2020-11-23,2020-11-28,2020-11-30,426,426,0,Delivered
SHP-0002004,SUP-029,PRD-00685,2025-09-06,2025-09-22,2025-09-23,1250,1250,0,Delivered
SHP-0002005,SUP-026,PRD-00688,2026-03-24,2026-04-16,2026-04-16,1317,1317,0,Delivered
SHP-0002006,SUP-035,PRD-00247,2026-06-26,2026-07-06,2026-07-14,70,70,0,Delivered
SHP-0002007,SUP-069,PRD-00463,2022-05-10,2022-06-03,2022-06-03,1492,1492,0,Late
SHP-0002008,SUP-024,PRD-00773,2021-11-14,2021-12-02,2021-12-02,918,918,0,Delivered
SHP-0002009,SUP-002,PRD-00700,2021-05-23,2021-06-23,2021-06-27,112,112,0,Delivered
SHP-0002010,SUP-044,PRD-00473,2026-04-22,2026-05-07,2026-05-16,1119,1119,0,Late
SHP-0002011,SUP-027,PRD-00462,2022-03-20,2022-04-06,2022-04-17,249,249,0,Delivered
SHP-0002012,SUP-054,PRD-00237,2020-11-22,2020-11-28,2020-11-28,838,838,0,Delivered
SHP-0002013,SUP-012,PRD-00460,2024-11-11,2024-12-01,2024-12-01,1276,1276,0,Delivered
SHP-0002014,SUP-004,PRD-00026,2022-11-09,2022-12-03,2022-12-18,1481,1437,44,Delivered
SHP-0002015,SUP-003,PRD-00474,2026-03-04,2026-05-06,2026-05-10,137,133,4,Delivered
SHP-0002016,SUP-039,PRD-00081,2020-06-09,2020-06-20,2020-06-26,443,443,0,Delivered
SHP-0002017,SUP-062,PRD-00105,2025-07-26,2025-08-25,2025-08-27,158,158,0,Delivered
SHP-0002018,SUP-011,PRD-00411,2020-03-06,2020-03-17,2020-03-17,118,118,0,Delivered
SHP-0002019,SUP-048,PRD-00779,2025-07-15,2025-07-25,2025-07-25,1228,1228,0,Delivered
SHP-0002020,SUP-059,PRD-00327,2025-05-22,2025-05-30,2025-06-06,157,157,0,Delivered
SHP-0002021,SUP-048,PRD-00735,2022-08-20,2022-09-03,2022-09-03,450,446,4,Delivered
SHP-0002022,SUP-026,PRD-00697,2026-07-30,2026-08-17,2026-08-24,666,647,19,Delivered
SHP-0002023,SUP-035,PRD-00041,2023-08-31,2023-09-09,2023-09-20,63,63,0,Delivered
SHP-0002024,SUP-039,PRD-00273,2025-02-01,2025-02-18,2025-02-21,1271,1271,0,Delivered
SHP-0002025,SUP-068,PRD-00193,2024-11-14,2024-11-21,2024-11-26,1467,1467,0,Delivered
SHP-0002026,SUP-047,PRD-00832,2024-07-19,2024-08-21,2024-08-30,522,522,0,Delivered
SHP-0002027,SUP-065,PRD-00387,2020-04-28,2020-05-31,2020-06-01,781,781,0,Late
SHP-0002028,SUP-021,PRD-00225,2026-08-24,2026-09-21,2026-10-07,800,800,0,Late
SHP-0002029,SUP-005,PRD-00555,2021-02-13,2021-02-22,2021-02-22,1255,1255,0,Delivered
SHP-0002030,SUP-049,PRD-00869,2024-10-14,2024-11-04,2024-11-08,121,121,0,Delivered
SHP-0002031,SUP-025,PRD-00554,2021-12-31,2022-03-01,2022-03-16,1369,1356,13,Delivered
SHP-0002032,SUP-042,PRD-00373,2022-02-12,2022-03-31,2022-04-10,874,874,0,Delivered
SHP-0002033,SUP-049,PRD-00574,2025-08-27,2025-09-14,2025-09-14,190,190,0,Delivered
SHP-0002034,SUP-050,PRD-00643,2025-09-09,2025-09-20,2025-09-20,1415,1415,0,Delivered
SHP-0002035,SUP-022,PRD-00024,2022-11-19,2022-12-09,2022-12-16,668,662,6,Delivered
SHP-0002036,SUP-047,PRD-00057,2021-02-13,2021-04-18,2021-04-30,785,785,0,Delivered
SHP-0002037,SUP-013,PRD-00890,2026-01-01,2026-01-24,2026-01-30,425,413,12,Delivered
SHP-0002038,SUP-064,PRD-00680,2021-01-24,2021-02-06,2021-02-08,1376,1363,13,Delivered
SHP-0002039,SUP-049,PRD-00112,2020-04-12,2020-04-21,2020-05-01,981,972,9,Delivered
SHP-0002040,SUP-063,PRD-00671,2020-04-30,2020-05-24,2020-05-28,607,607,0,Delivered
SHP-0002041,SUP-040,PRD-00498,2020-12-16,2021-01-06,2021-01-06,810,802,8,Delivered
SHP-0002042,SUP-037,PRD-00800,2023-12-31,2024-01-12,2024-01-12,1087,1087,0,Delivered
SHP-0002043,SUP-038,PRD-00316,2023-04-19,2023-05-07,2023-05-07,67,67,0,Delivered
SHP-0002044,SUP-006,PRD-00713,2021-10-30,2021-11-18,2021-11-18,907,898,9,Delivered
SHP-0002045,SUP-004,PRD-00409,2025-02-18,2025-02-28,2025-02-28,1045,1045,0,Delivered
SHP-0002046,SUP-020,PRD-00765,2022-09-25,2022-12-08,2022-12-08,810,810,0,Delivered
SHP-0002047,SUP-049,PRD-00857,2026-01-03,2026-01-16,2026-01-20,257,188,0,Partial
SHP-0002048,SUP-018,PRD-00267,2024-01-07,2024-01-16,2024-01-16,1191,1191,0,Delivered
SHP-0002049,SUP-015,PRD-00433,2023-06-18,2023-07-11,2023-07-11,171,171,0,Delivered
SHP-0002050,SUP-047,PRD-00407,2026-01-31,2026-03-03,2026-03-03,612,612,0,Delivered
SHP-0002051,SUP-043,PRD-00001,2020-07-12,2020-07-21,2020-07-21,927,900,27,Delivered
SHP-0002052,SUP-034,PRD-00304,2022-07-18,2022-08-03,2022-08-13,1446,1446,0,Late
SHP-0002053,SUP-033,PRD-00873,2026-08-14,2026-09-22,2026-09-22,946,946,0,Delivered
SHP-0002054,SUP-054,PRD-00349,2021-06-01,2021-06-14,2021-06-14,1376,1376,0,Delivered
SHP-0002055,SUP-020,PRD-00210,2023-05-13,2023-06-28,2023-07-03,480,476,4,Delivered
SHP-0002056,SUP-035,PRD-00059,2022-09-01,2022-09-06,2022-09-06,720,720,0,Delivered
SHP-0002057,SUP-039,PRD-00200,2023-06-30,2023-07-11,2023-07-15,1245,1245,0,Delivered
SHP-0002058,SUP-034,PRD-00156,2024-10-27,2024-11-05,2024-11-05,787,787,0,Delivered
SHP-0002059,SUP-005,PRD-00555,2024-07-28,2024-08-09,2024-08-13,548,548,0,Delivered
SHP-0002060,SUP-044,PRD-00165,2026-06-27,2026-07-19,2026-07-19,331,322,9,Delivered
SHP-0002061,SUP-041,PRD-00493,2026-02-23,2026-04-23,2026-04-25,798,798,0,Delivered
SHP-0002062,SUP-003,PRD-00397,2020-02-16,2020-02-25,2020-03-03,1435,1421,14,Delivered
SHP-0002063,SUP-046,PRD-00068,2024-03-26,2024-03-31,2024-03-31,115,115,0,Delivered
SHP-0002064,SUP-058,PRD-00205,2021-02-10,2021-04-14,2021-05-01,529,529,0,Delivered
SHP-0002065,SUP-017,PRD-00504,2025-08-25,2025-09-08,2025-09-08,729,729,0,Late
SHP-0002066,SUP-054,PRD-00716,2025-04-18,2025-05-11,2025-05-19,335,332,3,Delivered
SHP-0002067,SUP-006,PRD-00592,2023-06-13,2023-07-02,2023-07-04,838,838,0,Late
SHP-0002068,SUP-051,PRD-00053,2022-03-25,2022-03-31,2022-04-02,526,526,0,Delivered
SHP-0002069,SUP-064,PRD-00198,2023-09-04,2023-09-27,2023-10-05,126,126,0,Delivered
SHP-0002070,SUP-030,PRD-00036,2023-12-08,2023-12-15,2023-12-17,1441,1441,0,Late
SHP-0002071,SUP-002,PRD-00371,2026-05-21,2026-07-26,2026-07-29,737,730,7,Delivered
SHP-0002072,SUP-029,PRD-00080,2021-09-27,2021-10-10,2021-10-23,503,503,0,Delivered
SHP-0002073,SUP-033,PRD-00051,2022-02-04,2022-03-13,2022-03-23,881,881,0,Delivered
SHP-0002074,SUP-017,PRD-00504,2024-11-17,2024-11-23,2024-11-23,210,210,0,Delivered
SHP-0002075,SUP-018,PRD-00185,2025-11-03,2025-11-09,2025-11-20,1494,1494,0,Late
SHP-0002076,SUP-051,PRD-00499,2021-04-05,2021-04-15,2021-04-15,1054,1054,0,Delivered
SHP-0002077,SUP-070,PRD-00782,2020-04-17,2020-05-11,2020-05-25,858,858,0,Delivered
SHP-0002078,SUP-046,PRD-00068,2022-12-14,2022-12-24,2022-12-24,482,482,0,Delivered
SHP-0002079,SUP-043,PRD-00658,2021-09-29,2021-12-03,2021-12-06,221,221,0,Delivered
SHP-0002080,SUP-051,PRD-00499,2024-11-09,2024-11-22,2024-11-26,1476,1462,14,Delivered
SHP-0002081,SUP-013,PRD-00571,2020-07-15,2020-07-29,2020-08-09,133,91,0,Partial
SHP-0002082,SUP-013,PRD-00662,2023-07-18,2023-07-27,2023-08-14,336,326,10,Delivered
SHP-0002083,SUP-012,PRD-00226,2026-03-24,2026-04-11,2026-04-11,120,119,1,Delivered
SHP-0002084,SUP-019,PRD-00286,2026-06-11,2026-06-19,2026-06-23,641,641,0,Delivered
SHP-0002085,SUP-037,PRD-00323,2024-06-13,2024-07-01,2024-07-01,253,251,2,Delivered
SHP-0002086,SUP-056,PRD-00119,2022-09-01,2022-09-18,2022-09-18,520,515,5,Delivered
SHP-0002087,SUP-062,PRD-00674,2024-01-27,2024-03-02,2024-03-05,551,546,5,Delivered
SHP-0002088,SUP-049,PRD-00140,2026-05-14,2026-05-31,2026-05-31,865,857,8,Delivered
SHP-0002089,SUP-025,PRD-00892,2023-02-19,2023-04-05,2023-04-05,1427,1427,0,Delivered
SHP-0002090,SUP-035,PRD-00811,2021-06-28,2021-07-16,2021-07-27,189,189,0,Delivered
SHP-0002091,SUP-026,PRD-00010,2025-11-22,2025-12-04,2025-12-22,1270,1270,0,Delivered
SHP-0002092,SUP-018,PRD-00381,2025-07-14,2025-08-04,2025-08-15,71,66,5,Late
SHP-0002093,SUP-049,PRD-00857,2023-06-07,2023-07-01,2023-07-07,385,385,0,Delivered
SHP-0002094,SUP-047,PRD-00746,2022-02-18,2022-02-24,2022-03-09,591,544,47,Delivered
SHP-0002095,SUP-003,PRD-00881,2021-05-15,2021-05-22,2021-05-30,890,864,26,Delivered
SHP-0002096,SUP-049,PRD-00651,2023-07-19,2023-08-04,2023-08-20,766,705,61,Delivered
SHP-0002097,SUP-064,PRD-00565,2020-11-10,2020-12-23,2020-12-26,1493,1479,14,Delivered
SHP-0002098,SUP-008,PRD-00536,2024-01-17,2024-02-23,2024-02-27,711,704,7,Delivered
SHP-0002099,SUP-066,PRD-00660,2023-09-08,2023-10-16,2023-10-20,594,594,0,Delivered
SHP-0002100,SUP-010,PRD-00803,2021-12-22,2022-02-11,2022-02-20,741,741,0,Delivered
SHP-0002101,SUP-025,PRD-00246,2021-10-01,2021-10-30,2021-10-30,1451,1437,14,Delivered
SHP-0002102,SUP-007,PRD-00569,2022-01-23,2022-02-12,2022-02-12,779,717,62,Delivered
SHP-0002103,SUP-030,PRD-00111,2022-04-12,2022-04-24,2022-05-01,965,965,0,Delivered
SHP-0002104,SUP-053,PRD-00859,2025-03-09,2025-03-30,2025-03-30,225,223,2,Delivered
SHP-0002105,SUP-027,PRD-00490,2023-03-26,2023-04-06,2023-04-13,63,63,0,Delivered
SHP-0002106,SUP-048,PRD-00584,2024-06-06,2024-06-29,2024-06-29,67,67,0,Delivered
SHP-0002107,SUP-031,PRD-00025,2020-04-12,2020-05-18,2020-05-27,841,841,0,Late
SHP-0002108,SUP-029,PRD-00194,2022-04-17,2022-04-23,2022-04-27,146,146,0,Late
SHP-0002109,SUP-070,PRD-00315,2021-11-18,2021-12-12,2021-12-16,1309,1309,0,Delivered
SHP-0002110,SUP-049,PRD-00651,2020-06-11,2020-07-02,2020-07-09,963,963,0,Delivered
SHP-0002111,SUP-006,PRD-00592,2021-02-11,2021-02-24,2021-02-24,598,598,0,Delivered
SHP-0002112,SUP-060,PRD-00023,2024-02-24,2024-03-10,2024-04-03,514,514,0,Delivered
SHP-0002113,SUP-021,PRD-00738,2023-06-27,2023-08-28,2023-09-04,1012,1002,10,Delivered
SHP-0002114,SUP-063,PRD-00343,2026-07-16,2026-08-06,2026-08-09,866,866,0,Delivered
SHP-0002115,SUP-026,PRD-00813,2021-02-27,2021-03-04,2021-03-04,782,782,0,Delivered
SHP-0002116,SUP-060,PRD-00023,2025-10-13,2025-10-26,2025-10-26,434,434,0,Delivered
SHP-0002117,SUP-033,PRD-00232,2023-08-22,2023-08-28,2023-09-06,852,827,25,Delivered
SHP-0002118,SUP-065,PRD-00019,2025-05-30,2025-06-20,2025-07-08,1060,1029,31,Delivered
SHP-0002119,SUP-041,PRD-00420,2026-02-17,2026-04-14,2026-04-15,863,855,8,Delivered
SHP-0002120,SUP-047,PRD-00797,2024-05-20,2024-06-23,2024-06-23,107,106,1,Delivered
SHP-0002121,SUP-038,PRD-00718,2024-11-04,2024-11-23,2024-11-30,941,941,0,Delivered
SHP-0002122,SUP-047,PRD-00683,2020-10-17,2020-11-11,,581,545,5,Partial
SHP-0002123,SUP-047,PRD-00266,2020-04-22,2020-06-09,2020-06-09,1007,1007,0,Delivered
SHP-0002124,SUP-056,PRD-00004,2023-10-06,2023-12-11,2023-12-22,1035,1025,10,Delivered
SHP-0002125,SUP-003,PRD-00556,2020-12-21,2021-01-10,2021-01-10,107,107,0,Delivered
SHP-0002126,SUP-053,PRD-00570,2020-02-17,2020-03-04,2020-03-14,305,305,0,Delivered
SHP-0002127,SUP-041,PRD-00229,2026-05-30,2026-07-23,2026-07-30,623,623,0,Delivered
SHP-0002128,SUP-059,PRD-00163,2021-08-30,2021-09-18,2021-09-20,354,354,0,Delivered
SHP-0002129,SUP-049,PRD-00350,2020-06-17,2020-06-27,2020-07-08,623,623,0,Delivered
SHP-0002130,SUP-040,PRD-00530,2026-06-10,2026-06-16,2026-06-16,1072,1040,32,Delivered
SHP-0002131,SUP-016,PRD-00263,2024-01-06,2024-01-13,2024-01-20,455,455,0,Delivered
SHP-0002132,SUP-029,PRD-00586,2020-09-22,2020-09-28,2020-10-01,605,587,18,Delivered
SHP-0002133,SUP-014,PRD-00704,2021-08-21,2021-09-06,2021-09-06,444,444,0,Delivered
SHP-0002134,SUP-056,PRD-00004,2020-03-16,2020-03-29,2020-03-29,932,932,0,Delivered
SHP-0002135,SUP-052,PRD-00028,2025-09-11,2025-09-25,2025-09-28,130,130,0,Delivered
SHP-0002136,SUP-057,PRD-00870,2024-02-13,2024-03-05,2024-03-13,136,135,1,Late
SHP-0002137,SUP-065,PRD-00290,2022-03-04,2022-04-21,2022-04-21,666,666,0,Delivered
SHP-0002138,SUP-037,PRD-00089,2026-05-20,2026-06-03,2026-06-06,361,361,0,Delivered
SHP-0002139,SUP-064,PRD-00795,2020-10-02,2020-10-20,2020-10-21,284,284,0,Late
SHP-0002140,SUP-066,PRD-00705,2021-06-30,2021-09-04,2021-09-07,663,663,0,Delivered
SHP-0002141,SUP-005,PRD-00306,2022-11-25,2022-12-18,2022-12-18,936,936,0,Delivered
SHP-0002142,SUP-030,PRD-00036,2026-06-25,2026-07-15,2026-07-21,643,643,0,Delivered
SHP-0002143,SUP-057,PRD-00307,2023-04-15,2023-04-28,2023-04-28,1420,1420,0,Delivered
SHP-0002144,SUP-041,PRD-00376,2020-08-15,2020-09-14,2020-09-19,232,232,0,Delivered
SHP-0002145,SUP-063,PRD-00816,2026-05-28,2026-06-19,2026-06-19,1435,1421,14,Delivered
SHP-0002146,SUP-022,PRD-00770,2023-10-13,2023-11-06,2023-11-10,523,523,0,Delivered
SHP-0002147,SUP-020,PRD-00003,2024-01-22,2024-04-03,2024-04-05,781,781,0,Delivered
SHP-0002148,SUP-026,PRD-00010,2022-03-02,2022-03-25,2022-03-29,1025,1025,0,Delivered
SHP-0002149,SUP-058,PRD-00755,2020-08-04,2020-09-10,2020-09-10,131,131,0,Delivered
SHP-0002150,SUP-070,PRD-00868,2024-09-12,2024-09-20,2024-09-26,162,162,0,Delivered
SHP-0002151,SUP-018,PRD-00338,2022-02-26,2022-03-07,2022-03-07,279,279,0,Delivered
SHP-0002152,SUP-009,PRD-00724,2025-12-19,2026-01-06,2026-01-16,242,242,0,Delivered
SHP-0002153,SUP-066,PRD-00660,2020-08-10,2020-09-24,2020-09-24,198,198,0,Delivered
SHP-0002154,SUP-040,PRD-00498,2026-02-26,2026-03-14,2026-03-15,1393,1393,0,Delivered
SHP-0002155,SUP-031,PRD-00822,2026-01-06,2026-03-07,2026-03-13,1372,1157,34,Partial
SHP-0002156,SUP-030,PRD-00880,2024-04-27,2024-05-12,2024-05-12,1288,1288,0,Delivered
SHP-0002157,SUP-029,PRD-00647,2025-03-17,2025-04-06,2025-04-08,674,674,0,Delivered
SHP-0002158,SUP-051,PRD-00499,2020-01-20,2020-01-29,2020-02-05,898,872,26,Late
SHP-0002159,SUP-048,PRD-00584,2022-12-24,2023-01-10,2023-01-10,168,168,0,Delivered
SHP-0002160,SUP-002,PRD-00700,2020-08-19,2020-10-27,2020-11-03,823,823,0,Delivered
SHP-0002161,SUP-058,PRD-00334,2020-06-23,2020-08-01,2020-08-28,977,948,29,Delivered
SHP-0002162,SUP-044,PRD-00297,2021-08-11,2021-08-31,2021-09-15,1318,1305,13,Delivered
SHP-0002163,SUP-038,PRD-00563,2024-01-15,2024-01-26,2024-02-02,799,799,0,Delivered
SHP-0002164,SUP-010,PRD-00897,2026-03-18,2026-05-22,2026-05-23,945,945,0,Late
SHP-0002165,SUP-019,PRD-00124,2024-11-14,2024-12-06,2024-12-06,480,480,0,Delivered
SHP-0002166,SUP-032,PRD-00030,2026-07-01,2026-07-19,2026-07-19,517,517,0,Delivered
SHP-0002167,SUP-022,PRD-00450,2025-07-01,2025-07-09,2025-07-14,1241,1241,0,Delivered
SHP-0002168,SUP-009,PRD-00672,2026-07-21,2026-08-04,2026-08-07,417,413,4,Delivered
SHP-0002169,SUP-069,PRD-00364,2022-07-13,2022-07-23,2022-07-26,658,658,0,Delivered
SHP-0002170,SUP-037,PRD-00834,2022-12-08,2022-12-25,2022-12-25,426,426,0,Late
SHP-0002171,SUP-056,PRD-00015,2021-02-13,2021-03-23,2021-03-23,928,928,0,Delivered
SHP-0002172,SUP-028,PRD-00152,2025-10-04,2025-10-18,2025-10-31,449,449,0,Delivered
SHP-0002173,SUP-032,PRD-00845,2025-12-12,2026-01-29,2026-02-04,872,872,0,Delivered
SHP-0002174,SUP-016,PRD-00819,2023-11-09,2024-01-13,2024-01-16,741,734,7,Delivered
SHP-0002175,SUP-013,PRD-00216,2020-09-24,2020-10-17,2020-10-18,1242,1242,0,Delivered
SHP-0002176,SUP-054,PRD-00107,2025-11-27,2025-12-14,2025-12-14,1410,1410,0,Delivered
SHP-0002177,SUP-047,PRD-00266,2025-01-05,2025-02-24,2025-03-04,214,214,0,Delivered
SHP-0002178,SUP-054,PRD-00339,2022-04-09,2022-04-14,2022-04-21,803,803,0,Delivered
SHP-0002179,SUP-042,PRD-00373,2022-03-28,2022-05-20,2022-05-20,360,360,0,Delivered
SHP-0002180,SUP-001,PRD-00736,2022-01-09,2022-01-21,2022-01-30,701,701,0,Delivered
SHP-0002181,SUP-065,PRD-00818,2022-06-04,2022-08-15,2022-09-05,935,926,9,Delivered
SHP-0002182,SUP-056,PRD-00015,2024-09-27,2024-12-04,2024-12-05,422,389,33,Delivered
SHP-0002183,SUP-033,PRD-00047,2021-05-23,2021-06-13,2021-06-25,1275,1275,0,Delivered
SHP-0002184,SUP-050,PRD-00794,2026-06-05,2026-08-16,2026-08-16,977,977,0,Delivered
SHP-0002185,SUP-046,PRD-00756,2020-05-01,2020-05-21,2020-05-21,1474,1430,44,Delivered
SHP-0002186,SUP-060,PRD-00203,2026-08-13,2026-08-27,2026-09-01,267,267,0,Delivered
SHP-0002187,SUP-012,PRD-00679,2021-04-06,2021-04-28,2021-05-04,406,406,0,Delivered
SHP-0002188,SUP-070,PRD-00494,2021-03-12,2021-03-30,2021-03-30,1116,1116,0,Delivered
SHP-0002189,SUP-025,PRD-00288,2022-12-05,2023-01-18,2023-01-19,964,964,0,Delivered
SHP-0002190,SUP-066,PRD-00606,2021-11-08,2021-12-24,2021-12-25,54,54,0,Delivered
SHP-0002191,SUP-043,PRD-00519,2024-07-24,2024-08-07,2024-08-07,367,367,0,Delivered
SHP-0002192,SUP-004,PRD-00026,2024-01-09,2024-01-20,2024-01-23,1201,1189,12,Delivered
SHP-0002193,SUP-039,PRD-00120,2021-02-10,2021-03-01,2021-03-10,268,268,0,Delivered
SHP-0002194,SUP-043,PRD-00658,2021-02-23,2021-03-10,2021-03-10,475,475,0,Late
SHP-0002195,SUP-045,PRD-00347,2020-09-11,2020-10-19,2020-10-19,697,697,0,Delivered
SHP-0002196,SUP-060,PRD-00282,2025-11-27,2025-12-02,2025-12-02,109,109,0,Delivered
SHP-0002197,SUP-040,PRD-00872,2021-09-28,2021-10-06,2021-10-16,85,85,0,Delivered
SHP-0002198,SUP-045,PRD-00354,2025-12-03,2026-01-20,2026-01-24,190,190,0,Delivered
SHP-0002199,SUP-034,PRD-00613,2024-06-29,2024-07-13,2024-07-16,197,197,0,Delivered
SHP-0002200,SUP-025,PRD-00892,2021-08-19,2021-10-24,2021-10-24,264,264,0,Delivered
SHP-0002201,SUP-035,PRD-00247,2022-06-06,2022-06-28,2022-06-28,57,57,0,Delivered
SHP-0002202,SUP-068,PRD-00641,2026-01-05,2026-01-16,2026-01-18,1396,1396,0,Late
SHP-0002203,SUP-043,PRD-00035,2023-12-05,2023-12-28,2023-12-29,1491,1491,0,Delivered
SHP-0002204,SUP-031,PRD-00822,2023-07-21,2023-08-10,2023-08-26,1416,1416,0,Late
SHP-0002205,SUP-030,PRD-00131,2021-11-04,2021-11-13,2021-11-17,1298,1298,0,Delivered
SHP-0002206,SUP-049,PRD-00484,2020-08-30,2020-09-15,2020-09-15,500,485,15,Delivered
SHP-0002207,SUP-034,PRD-00335,2026-06-07,2026-06-18,2026-06-19,900,900,0,Late
SHP-0002208,SUP-010,PRD-00126,2022-07-10,2022-07-26,2022-07-26,267,265,2,Delivered
SHP-0002209,SUP-063,PRD-00763,2021-11-10,2021-11-21,2021-11-21,166,166,0,Delivered
SHP-0002210,SUP-070,PRD-00458,2023-02-03,2023-02-10,2023-02-10,1394,1353,41,Late
SHP-0002211,SUP-047,PRD-00207,2024-07-25,2024-09-19,2024-09-19,1379,1066,31,Partial
SHP-0002212,SUP-038,PRD-00718,2022-10-24,2022-11-11,2022-11-11,1307,1307,0,Delivered
SHP-0002213,SUP-003,PRD-00881,2021-08-07,2021-08-13,2021-08-24,715,715,0,Delivered
SHP-0002214,SUP-070,PRD-00396,2022-09-28,2022-10-11,2022-10-16,175,170,5,Delivered
SHP-0002215,SUP-037,PRD-00863,2025-03-15,2025-04-04,2025-04-05,967,967,0,Delivered
SHP-0002216,SUP-011,PRD-00391,2022-03-09,2022-03-17,2022-03-17,413,357,0,Partial
SHP-0002217,SUP-029,PRD-00717,2022-03-22,2022-04-10,2022-04-11,581,581,0,Delivered
SHP-0002218,SUP-046,PRD-00562,2023-01-03,2023-01-19,2023-01-26,1455,1455,0,Delivered
SHP-0002219,SUP-065,PRD-00691,2025-02-09,2025-03-14,2025-03-14,890,882,8,Delivered
SHP-0002220,SUP-009,PRD-00568,2024-06-02,2024-06-23,2024-06-23,1362,1362,0,Delivered
SHP-0002221,SUP-054,PRD-00237,2026-04-27,2026-05-13,2026-05-13,765,765,0,Delivered
SHP-0002222,SUP-062,PRD-00432,2026-07-12,2026-09-19,2026-09-22,1258,1258,0,Delivered
SHP-0002223,SUP-063,PRD-00741,2021-06-22,2021-07-08,2021-07-08,1377,1377,0,Delivered
SHP-0002224,SUP-047,PRD-00257,2025-08-24,2025-09-07,2025-09-08,725,725,0,Delivered
SHP-0002225,SUP-018,PRD-00769,2022-12-03,2022-12-27,2023-01-03,446,446,0,Delivered
SHP-0002226,SUP-069,PRD-00640,2020-05-29,2020-06-12,2020-06-19,549,549,0,Delivered
SHP-0002227,SUP-038,PRD-00020,2024-12-22,2025-01-04,2025-01-11,538,522,16,Delivered
SHP-0002228,SUP-068,PRD-00893,2022-02-17,2022-02-24,2022-03-08,1315,1315,0,Delivered
SHP-0002229,SUP-019,PRD-00532,2023-11-27,2023-12-15,2023-12-24,200,200,0,Delivered
SHP-0002230,SUP-035,PRD-00174,2022-05-07,2022-05-30,2022-06-02,1430,1430,0,Delivered
SHP-0002231,SUP-044,PRD-00178,2023-12-10,2023-12-23,2024-01-02,332,332,0,Delivered
SHP-0002232,SUP-060,PRD-00884,2025-08-02,2025-08-13,2025-08-15,1300,1300,0,Delivered
SHP-0002233,SUP-062,PRD-00815,2022-09-20,2022-11-09,2022-11-15,1235,1235,0,Delivered
SHP-0002234,SUP-031,PRD-00025,2021-08-10,2021-10-05,2021-10-15,1128,1117,11,Late
SHP-0002235,SUP-014,PRD-00483,2024-06-15,2024-07-07,2024-07-12,1252,1252,0,Delivered
SHP-0002236,SUP-053,PRD-00518,2025-11-19,2025-12-05,2025-12-10,393,338,0,Partial
SHP-0002237,SUP-011,PRD-00391,2022-08-29,2022-09-13,2022-09-13,955,955,0,Delivered
SHP-0002238,SUP-036,PRD-00545,2024-03-29,2024-04-19,2024-04-21,1254,1254,0,Late
SHP-0002239,SUP-011,PRD-00250,2022-03-24,2022-04-08,2022-04-11,1163,1163,0,Delivered
SHP-0002240,SUP-023,PRD-00891,2024-08-13,2024-10-04,2024-10-08,1260,1248,12,Delivered
SHP-0002241,SUP-053,PRD-00486,2020-07-01,2020-07-08,2020-07-08,845,845,0,Delivered
SHP-0002242,SUP-047,PRD-00821,2020-05-02,2020-06-06,2020-06-06,193,193,0,Delivered
SHP-0002243,SUP-051,PRD-00876,2023-09-15,2023-09-28,2023-09-28,78,76,2,Late
SHP-0002244,SUP-050,PRD-00775,2022-06-01,2022-06-15,2022-06-15,100,99,1,Delivered
SHP-0002245,SUP-048,PRD-00824,2026-03-31,2026-04-14,2026-04-14,941,941,0,Delivered
SHP-0002246,SUP-023,PRD-00591,2022-01-25,2022-03-05,2022-03-13,923,923,0,Delivered
SHP-0002247,SUP-069,PRD-00013,2024-11-20,2024-12-08,2024-12-15,1199,1199,0,Late
SHP-0002248,SUP-066,PRD-00533,2023-08-08,2023-08-15,2023-08-23,299,299,0,Delivered
SHP-0002249,SUP-009,PRD-00757,2021-11-13,2022-01-17,2022-01-17,1384,1384,0,Delivered
SHP-0002250,SUP-029,PRD-00480,2023-07-18,2023-07-24,2023-08-01,957,957,0,Delivered
SHP-0002251,SUP-023,PRD-00324,2022-08-16,2022-10-22,2022-10-29,715,715,0,Delivered
SHP-0002252,SUP-013,PRD-00831,2022-07-14,2022-07-24,2022-07-27,1332,1332,0,Delivered
SHP-0002253,SUP-012,PRD-00732,2024-06-23,2024-07-16,2024-07-16,618,618,0,Delivered
SHP-0002254,SUP-068,PRD-00031,2024-07-14,2024-07-22,2024-07-22,1440,1440,0,Delivered
SHP-0002255,SUP-070,PRD-00868,2020-06-13,2020-06-20,2020-06-27,89,87,2,Delivered
SHP-0002256,SUP-056,PRD-00429,2025-01-05,2025-03-06,2025-03-15,1324,1129,0,Partial
SHP-0002257,SUP-039,PRD-00459,2021-08-26,2021-09-19,2021-09-19,610,610,0,Delivered
SHP-0002258,SUP-004,PRD-00061,2021-04-08,2021-04-30,2021-05-02,315,272,0,Partial
SHP-0002259,SUP-039,PRD-00829,2025-07-03,2025-07-10,2025-07-10,777,777,0,Delivered
SHP-0002260,SUP-011,PRD-00835,2026-07-07,2026-07-20,2026-07-26,1242,1242,0,Late
SHP-0002261,SUP-053,PRD-00570,2022-08-01,2022-08-12,2022-08-12,234,227,7,Delivered
SHP-0002262,SUP-010,PRD-00270,2023-11-16,2024-01-23,2024-01-30,387,387,0,Delivered
SHP-0002263,SUP-059,PRD-00163,2024-07-21,2024-07-26,2024-08-05,781,781,0,Delivered
SHP-0002264,SUP-028,PRD-00370,2022-11-04,2022-11-23,2022-11-25,422,410,12,Delivered
SHP-0002265,SUP-066,PRD-00213,2024-01-17,2024-02-06,2024-02-06,1139,1048,91,Late
SHP-0002266,SUP-068,PRD-00177,2022-07-27,2022-08-04,2022-08-12,117,117,0,Delivered
SHP-0002267,SUP-032,PRD-00357,2021-08-20,2021-09-29,2021-10-01,932,923,9,Delivered
SHP-0002268,SUP-064,PRD-00503,2025-11-10,2026-01-15,2026-01-20,941,941,0,Late
SHP-0002269,SUP-002,PRD-00056,2021-07-06,2021-08-23,2021-08-26,1157,1123,34,Delivered
SHP-0002270,SUP-039,PRD-00120,2021-01-28,2021-02-02,2021-02-04,793,793,0,Delivered
SHP-0002271,SUP-049,PRD-00222,2021-03-25,2021-04-17,2021-04-17,126,125,1,Delivered
SHP-0002272,SUP-060,PRD-00753,2025-02-18,2025-02-24,2025-02-28,360,360,0,Delivered
SHP-0002273,SUP-045,PRD-00274,2023-12-11,2024-01-24,2024-01-24,137,137,0,Late
SHP-0002274,SUP-063,PRD-00065,2023-07-22,2023-08-15,2023-08-23,208,208,0,Delivered
SHP-0002275,SUP-023,PRD-00698,2025-12-12,2026-01-02,2026-01-06,1131,1131,0,Delivered
SHP-0002276,SUP-026,PRD-00378,2025-04-22,2025-04-27,2025-04-27,406,347,3,Partial
SHP-0002277,SUP-065,PRD-00754,2022-06-14,2022-07-25,2022-07-25,256,249,7,Delivered
SHP-0002278,SUP-064,PRD-00503,2024-04-04,2024-06-04,2024-06-04,1139,1139,0,Delivered
SHP-0002279,SUP-031,PRD-00822,2022-06-22,2022-07-14,2022-08-01,911,902,9,Delivered
SHP-0002280,SUP-051,PRD-00401,2025-02-06,2025-02-27,2025-03-05,1383,1383,0,Delivered
SHP-0002281,SUP-066,PRD-00620,2025-10-07,2025-10-26,2025-11-02,844,844,0,Delivered
SHP-0002282,SUP-049,PRD-00780,2021-10-26,2021-11-14,2021-11-26,407,407,0,Late
SHP-0002283,SUP-060,PRD-00535,2025-10-08,2025-10-19,2025-10-19,767,760,7,Late
SHP-0002284,SUP-015,PRD-00303,2025-02-02,2025-02-25,2025-02-25,424,424,0,Delivered
SHP-0002285,SUP-033,PRD-00132,2024-07-26,2024-08-06,2024-08-06,1460,1344,116,Delivered
SHP-0002286,SUP-012,PRD-00679,2021-05-31,2021-06-08,2021-06-22,859,851,8,Delivered
SHP-0002287,SUP-021,PRD-00702,2024-01-24,2024-03-09,2024-03-13,610,610,0,Delivered
SHP-0002288,SUP-013,PRD-00114,2023-05-27,2023-06-08,2023-06-08,1179,1179,0,Delivered
SHP-0002289,SUP-003,PRD-00750,2020-06-02,2020-06-22,2020-06-27,376,376,0,Delivered
SHP-0002290,SUP-062,PRD-00547,2023-04-19,2023-05-07,2023-05-14,372,372,0,Delivered
SHP-0002291,SUP-030,PRD-00864,2025-04-10,2025-04-24,2025-04-24,1240,1240,0,Delivered
SHP-0002292,SUP-006,PRD-00644,2025-12-10,2025-12-24,2025-12-31,883,875,8,Delivered
SHP-0002293,SUP-006,PRD-00713,2021-08-06,2021-08-17,2021-08-23,1324,1324,0,Delivered
SHP-0002294,SUP-008,PRD-00281,2023-06-05,2023-08-11,2023-08-11,1410,1410,0,Delivered
SHP-0002295,SUP-002,PRD-00700,2025-01-07,2025-02-14,2025-02-21,1255,1255,0,Delivered
SHP-0002296,SUP-063,PRD-00452,2024-07-02,2024-07-16,2024-07-27,787,780,7,Delivered
SHP-0002297,SUP-011,PRD-00835,2023-01-10,2023-01-22,2023-02-01,839,839,0,Delivered
SHP-0002298,SUP-031,PRD-00492,2024-08-29,2024-10-15,2024-10-15,1101,1101,0,Delivered
SHP-0002299,SUP-015,PRD-00739,2022-12-14,2022-12-26,2022-12-31,903,834,0,Partial
SHP-0002300,SUP-019,PRD-00467,2021-10-11,2021-10-19,2021-10-19,475,471,4,Delivered
SHP-0002301,SUP-062,PRD-00788,2020-12-29,2021-03-03,2021-03-03,1422,1059,31,Partial
SHP-0002302,SUP-059,PRD-00329,2024-01-03,2024-01-11,2024-01-14,1073,1073,0,Delivered
SHP-0002303,SUP-061,PRD-00322,2022-11-03,2022-11-21,2022-11-28,701,701,0,Delivered
SHP-0002304,SUP-049,PRD-00021,2025-03-26,2025-04-11,2025-04-17,1020,1020,0,Delivered
SHP-0002305,SUP-004,PRD-00806,2024-03-21,2024-04-05,2024-04-14,1038,1038,0,Late
SHP-0002306,SUP-002,PRD-00664,2022-05-23,2022-07-22,2022-07-22,602,602,0,Late
SHP-0002307,SUP-060,PRD-00023,2024-04-18,2024-05-01,2024-05-03,1440,1440,0,Delivered
SHP-0002308,SUP-050,PRD-00775,2023-10-19,2023-12-14,2023-12-22,394,394,0,Delivered
SHP-0002309,SUP-056,PRD-00004,2022-04-16,2022-05-03,2022-05-08,1292,1292,0,Delivered
SHP-0002310,SUP-041,PRD-00310,2021-01-11,2021-01-21,2021-01-21,113,113,0,Delivered
SHP-0002311,SUP-018,PRD-00607,2025-10-23,2025-11-14,2025-11-18,1360,1320,40,Delivered
SHP-0002312,SUP-013,PRD-00435,2022-02-09,2022-02-20,2022-02-23,758,751,7,Delivered
SHP-0002313,SUP-043,PRD-00658,2021-06-01,2021-06-08,2021-06-08,755,583,0,Partial
SHP-0002314,SUP-056,PRD-00094,2023-03-10,2023-04-23,2023-04-23,1146,1135,11,Delivered
SHP-0002315,SUP-046,PRD-00562,2021-10-07,2021-10-17,2021-10-17,570,570,0,Delivered
SHP-0002316,SUP-064,PRD-00795,2021-09-05,2021-11-11,2021-11-11,1042,1032,10,Delivered
SHP-0002317,SUP-002,PRD-00073,2022-07-29,2022-09-04,2022-09-04,1406,1406,0,Delivered
SHP-0002318,SUP-012,PRD-00168,2025-07-06,2025-07-27,2025-08-05,472,472,0,Delivered
SHP-0002319,SUP-066,PRD-00710,2026-04-08,2026-05-16,2026-05-16,1394,1381,13,Delivered
SHP-0002320,SUP-013,PRD-00321,2023-04-20,2023-04-26,2023-04-26,1136,1102,34,Delivered
SHP-0002321,SUP-062,PRD-00426,2025-10-27,2026-01-09,2026-01-11,657,605,52,Delivered
SHP-0002322,SUP-064,PRD-00878,2024-06-23,2024-09-03,2024-09-13,1294,1294,0,Delivered
SHP-0002323,SUP-048,PRD-00221,2024-05-29,2024-06-04,2024-06-04,934,934,0,Delivered
SHP-0002324,SUP-058,PRD-00468,2020-03-10,2020-05-12,2020-05-16,969,969,0,Delivered
SHP-0002325,SUP-060,PRD-00514,2025-03-20,2025-04-05,2025-04-07,429,295,0,Partial
SHP-0002326,SUP-044,PRD-00673,2020-10-29,2020-11-17,2020-11-24,283,283,0,Delivered
SHP-0002327,SUP-047,PRD-00744,2026-04-12,2026-05-05,2026-05-08,50,50,0,Delivered
SHP-0002328,SUP-065,PRD-00691,2025-03-24,2025-05-20,2025-06-01,782,782,0,Delivered
SHP-0002329,SUP-019,PRD-00827,2025-04-07,2025-04-12,2025-04-12,773,773,0,Delivered
SHP-0002330,SUP-013,PRD-00375,2020-07-11,2020-07-24,2020-08-04,1191,1180,11,Delivered
SHP-0002331,SUP-030,PRD-00880,2024-10-04,2024-10-26,2024-10-31,100,78,6,Partial
SHP-0002332,SUP-040,PRD-00498,2020-01-05,2020-01-16,2020-01-16,791,791,0,Delivered
SHP-0002333,SUP-058,PRD-00334,2024-09-07,2024-10-21,2024-10-29,691,691,0,Delivered
SHP-0002334,SUP-047,PRD-00683,2023-05-01,2023-06-02,2023-06-06,425,425,0,Delivered
SHP-0002335,SUP-062,PRD-00105,2022-12-01,2023-01-08,2023-01-20,558,558,0,Late
SHP-0002336,SUP-063,PRD-00763,2026-08-13,2026-09-03,2026-09-09,1319,1319,0,Late
SHP-0002337,SUP-035,PRD-00059,2021-03-24,2021-04-09,2021-04-09,142,142,0,Delivered
SHP-0002338,SUP-011,PRD-00161,2021-07-05,2021-07-29,2021-07-29,733,733,0,Delivered
SHP-0002339,SUP-019,PRD-00124,2025-04-12,2025-04-20,2025-04-20,1121,793,7,Partial
SHP-0002340,SUP-068,PRD-00849,2022-03-25,2022-04-05,2022-04-05,872,872,0,Delivered
SHP-0002341,SUP-010,PRD-00676,2024-04-18,2024-06-01,2024-06-01,513,446,0,Partial
SHP-0002342,SUP-036,PRD-00599,2026-03-16,2026-04-26,2026-04-26,496,496,0,Delivered
SHP-0002343,SUP-067,PRD-00623,2020-12-03,2020-12-17,2020-12-22,1402,1402,0,Delivered
SHP-0002344,SUP-015,PRD-00508,2022-12-27,2023-01-09,2023-01-09,1309,981,0,Partial
SHP-0002345,SUP-013,PRD-00146,2025-08-02,2025-08-08,2025-08-08,319,310,9,Delivered
SHP-0002346,SUP-063,PRD-00583,2020-03-08,2020-03-27,2020-04-16,450,450,0,Delivered
SHP-0002347,SUP-027,PRD-00652,2024-02-23,2024-03-05,2024-03-06,377,377,0,Delivered
SHP-0002348,SUP-058,PRD-00231,2026-06-23,2026-08-06,2026-08-06,1325,1325,0,Delivered
SHP-0002349,SUP-023,PRD-00698,2021-02-06,2021-03-25,2021-03-30,1489,1489,0,Delivered
SHP-0002350,SUP-049,PRD-00187,2022-10-05,2022-10-19,2022-10-20,329,329,0,Delivered
SHP-0002351,SUP-010,PRD-00727,2026-04-01,2026-04-07,2026-04-10,67,67,0,Delivered
SHP-0002352,SUP-022,PRD-00627,2025-09-24,2025-10-12,2025-10-12,519,514,5,Delivered
SHP-0002353,SUP-022,PRD-00507,2022-05-14,2022-06-05,2022-06-25,787,787,0,Delivered
SHP-0002354,SUP-068,PRD-00031,2022-09-08,2022-10-01,2022-10-10,714,714,0,Delivered
SHP-0002355,SUP-049,PRD-00212,2025-06-30,2025-07-17,2025-07-22,679,679,0,Delivered
SHP-0002356,SUP-019,PRD-00286,2024-03-23,2024-04-02,2024-04-04,675,669,6,Delivered
SHP-0002357,SUP-012,PRD-00460,2026-08-14,2026-08-24,2026-08-24,947,919,28,Delivered
SHP-0002358,SUP-068,PRD-00846,2020-11-23,2020-11-30,2020-11-30,77,75,2,Delivered
SHP-0002359,SUP-031,PRD-00822,2025-04-11,2025-06-05,2025-06-09,881,881,0,Delivered
SHP-0002360,SUP-020,PRD-00543,2024-04-05,2024-05-28,2024-06-11,771,748,23,Delivered
SHP-0002361,SUP-057,PRD-00133,2022-06-17,2022-07-06,2022-07-21,53,53,0,Delivered
SHP-0002362,SUP-069,PRD-00318,2020-08-31,2020-09-12,2020-10-05,819,795,24,Delivered
SHP-0002363,SUP-049,PRD-00651,2021-10-24,2021-11-10,2021-11-11,1173,1162,11,Delivered
SHP-0002364,SUP-049,PRD-00405,2025-12-31,2026-01-06,2026-01-06,625,607,18,Delivered
SHP-0002365,SUP-058,PRD-00747,2024-07-22,2024-08-05,2024-08-07,593,593,0,Delivered
SHP-0002366,SUP-024,PRD-00214,2025-06-20,2025-06-26,2025-06-26,782,775,7,Delivered
SHP-0002367,SUP-022,PRD-00770,2021-04-07,2021-04-25,2021-04-25,950,950,0,Delivered
SHP-0002368,SUP-047,PRD-00797,2025-01-29,2025-02-10,2025-02-28,1358,1358,0,Late
SHP-0002369,SUP-006,PRD-00206,2022-05-26,2022-06-15,2022-06-30,738,731,7,Delivered
SHP-0002370,SUP-037,PRD-00771,2025-08-26,2025-09-15,2025-09-15,529,524,5,Late
SHP-0002371,SUP-001,PRD-00736,2021-09-06,2021-09-20,2021-10-07,1331,1331,0,Late
SHP-0002372,SUP-008,PRD-00558,2021-10-22,2021-11-21,2021-11-21,317,317,0,Delivered
SHP-0002373,SUP-069,PRD-00463,2021-12-23,2022-01-08,2022-01-08,56,56,0,Late
SHP-0002374,SUP-014,PRD-00528,2020-12-24,2021-01-17,2021-01-18,1453,1453,0,Delivered
SHP-0002375,SUP-067,PRD-00776,2021-08-09,2021-08-24,2021-08-24,189,189,0,Delivered
SHP-0002376,SUP-050,PRD-00598,2024-09-18,2024-11-23,2024-12-04,1481,1033,0,Partial
SHP-0002377,SUP-011,PRD-00411,2021-10-21,2021-11-05,2021-11-05,1106,1106,0,Late
SHP-0002378,SUP-005,PRD-00348,2026-05-06,2026-05-17,2026-05-27,863,812,8,Partial
SHP-0002379,SUP-032,PRD-00333,2021-02-09,2021-03-11,2021-03-12,1338,1325,13,Late
SHP-0002380,SUP-038,PRD-00129,2020-03-20,2020-03-29,2020-03-29,996,917,79,Delivered
SHP-0002381,SUP-063,PRD-00741,2023-02-02,2023-02-18,2023-02-27,1204,1204,0,Delivered
SHP-0002382,SUP-058,PRD-00334,2025-05-14,2025-05-26,2025-05-30,190,185,5,Delivered
SHP-0002383,SUP-047,PRD-00207,2021-08-17,2021-08-22,2021-09-03,526,526,0,Delivered
SHP-0002384,SUP-062,PRD-00815,2021-05-11,2021-06-16,2021-06-19,585,585,0,Delivered
SHP-0002385,SUP-052,PRD-00176,2023-12-23,2024-01-03,2024-01-13,903,711,0,Partial
SHP-0002386,SUP-058,PRD-00032,2025-11-08,2025-11-29,2025-12-10,756,756,0,Delivered
SHP-0002387,SUP-038,PRD-00121,2025-10-25,2025-11-07,2025-11-13,840,840,0,Late
SHP-0002388,SUP-064,PRD-00878,2024-09-07,2024-10-02,2024-10-02,1125,1125,0,Delivered
SHP-0002389,SUP-013,PRD-00435,2020-07-22,2020-08-10,2020-08-18,1329,1316,13,Delivered
SHP-0002390,SUP-066,PRD-00660,2022-10-17,2022-12-29,2022-12-29,715,708,7,Delivered
SHP-0002391,SUP-046,PRD-00808,2021-08-16,2021-08-24,2021-08-24,1302,1302,0,Delivered
SHP-0002392,SUP-013,PRD-00394,2023-11-15,2023-11-30,2023-11-30,1136,1136,0,Delivered
SHP-0002393,SUP-002,PRD-00852,2025-04-22,2025-06-25,2025-06-27,68,68,0,Delivered
SHP-0002394,SUP-054,PRD-00596,2022-03-04,2022-03-10,2022-03-14,60,59,1,Delivered
SHP-0002395,SUP-003,PRD-00474,2025-12-15,2026-02-20,2026-03-01,356,356,0,Delivered
SHP-0002396,SUP-019,PRD-00827,2022-04-28,2022-05-18,2022-05-25,537,537,0,Late
SHP-0002397,SUP-051,PRD-00734,2022-09-28,2022-10-14,2022-10-28,125,124,1,Delivered
SHP-0002398,SUP-043,PRD-00096,2020-02-08,2020-04-05,2020-04-06,1201,1201,0,Delivered
SHP-0002399,SUP-003,PRD-00750,2021-12-17,2022-01-17,2022-01-17,548,543,5,Delivered
SHP-0002400,SUP-065,PRD-00290,2026-08-05,2026-10-09,2026-10-12,348,338,10,Delivered
SHP-0002401,SUP-029,PRD-00080,2021-11-14,2021-11-24,2021-11-30,1437,1323,114,Delivered
SHP-0002402,SUP-050,PRD-00040,2023-10-19,2023-12-01,2023-12-05,618,618,0,Late
SHP-0002403,SUP-020,PRD-00543,2023-03-05,2023-03-28,,1454,1368,0,Partial
SHP-0002404,SUP-051,PRD-00401,2024-12-04,2024-12-27,2024-12-27,1450,1450,0,Delivered
SHP-0002405,SUP-046,PRD-00756,2021-01-06,2021-01-28,2021-01-28,403,403,0,Delivered
SHP-0002406,SUP-005,PRD-00751,2020-10-14,2020-10-21,2020-10-22,1482,1438,44,Late
SHP-0002407,SUP-015,PRD-00303,2023-07-31,2023-08-17,2023-08-17,949,949,0,Delivered
SHP-0002408,SUP-057,PRD-00870,2022-12-26,2023-01-19,2023-01-31,1079,1079,0,Delivered
SHP-0002409,SUP-062,PRD-00432,2020-11-28,2020-12-08,2020-12-21,675,669,6,Delivered
SHP-0002410,SUP-055,PRD-00639,2020-03-15,2020-05-26,2020-06-02,92,90,2,Delivered
SHP-0002411,SUP-027,PRD-00637,2021-03-20,2021-03-29,2021-04-04,189,178,1,Partial
SHP-0002412,SUP-014,PRD-00483,2022-06-29,2022-07-16,2022-07-24,1241,1241,0,Delivered
SHP-0002413,SUP-031,PRD-00155,2025-09-28,2025-10-09,2025-10-15,1155,1155,0,Late
SHP-0002414,SUP-062,PRD-00778,2023-02-27,2023-04-04,2023-04-06,126,126,0,Delivered
SHP-0002415,SUP-014,PRD-00075,2022-05-13,2022-05-19,2022-05-19,81,81,0,Late
SHP-0002416,SUP-038,PRD-00020,2023-11-28,2023-12-14,2023-12-17,1282,1282,0,Delivered
SHP-0002417,SUP-062,PRD-00432,2025-05-18,2025-07-01,2025-07-07,165,165,0,Delivered
SHP-0002418,SUP-037,PRD-00101,2021-02-06,2021-02-27,2021-02-27,1339,1339,0,Delivered
SHP-0002419,SUP-039,PRD-00108,2024-10-12,2024-10-25,2024-10-25,1179,1179,0,Delivered
SHP-0002420,SUP-034,PRD-00304,2020-06-30,2020-07-16,2020-07-20,925,925,0,Delivered
SHP-0002421,SUP-004,PRD-00026,2026-04-14,2026-04-30,2026-05-06,508,508,0,Late
SHP-0002422,SUP-043,PRD-00658,2024-06-29,2024-08-09,2024-08-16,261,261,0,Late
SHP-0002423,SUP-038,PRD-00563,2025-09-15,2025-10-05,2025-10-05,1036,1005,31,Delivered
SHP-0002424,SUP-038,PRD-00190,2025-10-16,2025-10-25,2025-10-28,784,784,0,Delivered
SHP-0002425,SUP-067,PRD-00261,2021-08-04,2021-08-09,2021-08-09,1438,1424,14,Late
SHP-0002426,SUP-043,PRD-00035,2021-05-18,2021-06-27,2021-07-04,334,324,10,Delivered
SHP-0002427,SUP-053,PRD-00115,2026-02-21,2026-03-16,2026-03-16,945,936,9,Delivered
SHP-0002428,SUP-064,PRD-00249,2025-10-20,2025-12-28,2025-12-28,1183,1148,35,Delivered
SHP-0002429,SUP-025,PRD-00796,2020-10-13,2020-10-29,2020-11-07,74,74,0,Delivered
SHP-0002430,SUP-047,PRD-00138,2021-09-27,2021-10-30,2021-11-03,521,521,0,Delivered
SHP-0002431,SUP-022,PRD-00540,2024-09-16,2024-10-03,2024-10-09,53,49,4,Delivered
SHP-0002432,SUP-048,PRD-00779,2025-12-12,2025-12-19,2025-12-19,685,665,20,Delivered
SHP-0002433,SUP-009,PRD-00724,2024-05-26,2024-07-17,2024-07-17,462,458,4,Delivered
SHP-0002434,SUP-039,PRD-00516,2026-07-09,2026-07-21,2026-07-26,603,603,0,Delivered
SHP-0002435,SUP-023,PRD-00513,2022-09-26,2022-10-13,2022-10-22,1173,1173,0,Delivered
SHP-0002436,SUP-034,PRD-00613,2022-03-17,2022-03-24,2022-04-03,202,202,0,Late
SHP-0002437,SUP-040,PRD-00201,2024-08-26,2024-09-09,2024-09-09,304,304,0,Delivered
SHP-0002438,SUP-023,PRD-00698,2025-03-21,2025-05-29,2025-05-29,495,491,4,Delivered
SHP-0002439,SUP-070,PRD-00315,2022-09-09,2022-09-14,2022-09-14,1195,1160,35,Delivered
SHP-0002440,SUP-018,PRD-00381,2022-09-03,2022-09-22,2022-09-26,342,324,0,Partial
SHP-0002441,SUP-050,PRD-00106,2020-11-09,2021-01-11,2021-01-13,1243,1231,12,Delivered
SHP-0002442,SUP-040,PRD-00478,2026-04-11,2026-04-22,2026-04-27,910,910,0,Delivered
SHP-0002443,SUP-047,PRD-00851,2024-10-10,2024-11-18,2024-11-21,502,502,0,Delivered
SHP-0002444,SUP-026,PRD-00197,2025-12-23,2026-01-10,2026-01-22,261,261,0,Delivered
SHP-0002445,SUP-070,PRD-00358,2025-06-22,2025-07-16,2025-07-24,1098,1098,0,Delivered
SHP-0002446,SUP-039,PRD-00446,2026-03-27,2026-04-05,2026-04-19,849,849,0,Delivered
SHP-0002447,SUP-041,PRD-00493,2026-01-23,2026-03-18,2026-03-25,1117,1117,0,Delivered
SHP-0002448,SUP-013,PRD-00435,2025-05-20,2025-06-02,2025-06-02,211,211,0,Late
SHP-0002449,SUP-002,PRD-00056,2021-12-09,2021-12-30,2022-01-03,1063,1032,31,Delivered
SHP-0002450,SUP-030,PRD-00766,2021-01-12,2021-02-01,2021-02-17,402,402,0,Delivered
SHP-0002451,SUP-053,PRD-00095,2023-01-24,2023-02-04,2023-02-17,154,145,0,Partial
SHP-0002452,SUP-027,PRD-00725,2025-09-25,2025-10-12,2025-10-12,124,123,1,Delivered
SHP-0002453,SUP-053,PRD-00544,2023-01-26,2023-02-01,2023-02-01,1000,1000,0,Late
SHP-0002454,SUP-049,PRD-00761,2025-12-23,2025-12-30,2025-12-31,298,298,0,Late
SHP-0002455,SUP-013,PRD-00146,2022-04-12,2022-04-19,2022-04-23,1278,1240,38,Late
SHP-0002456,SUP-053,PRD-00544,2024-04-23,2024-05-09,2024-05-18,866,866,0,Delivered
SHP-0002457,SUP-033,PRD-00132,2023-08-11,2023-10-12,2023-10-25,1395,1395,0,Delivered
SHP-0002458,SUP-039,PRD-00079,2022-11-03,2022-11-21,2022-11-21,935,935,0,Delivered
SHP-0002459,SUP-031,PRD-00319,2020-07-24,2020-09-01,2020-09-08,1111,1111,0,Delivered
SHP-0002460,SUP-059,PRD-00159,2025-07-16,2025-08-08,2025-08-08,1488,1488,0,Delivered
SHP-0002461,SUP-068,PRD-00546,2024-02-08,2024-03-03,2024-03-08,1041,1041,0,Delivered
SHP-0002462,SUP-029,PRD-00172,2021-09-03,2021-09-25,2021-09-25,761,761,0,Late
SHP-0002463,SUP-005,PRD-00751,2026-02-17,2026-03-08,2026-03-15,1286,1248,38,Delivered
SHP-0002464,SUP-063,PRD-00583,2024-11-22,2024-12-02,2024-12-08,350,350,0,Late
SHP-0002465,SUP-058,PRD-00252,2022-04-27,2022-06-05,2022-06-06,700,693,7,Delivered
SHP-0002466,SUP-069,PRD-00463,2021-09-09,2021-09-24,2021-09-25,108,108,0,Delivered
SHP-0002467,SUP-020,PRD-00199,2021-10-24,2021-12-13,2021-12-13,838,838,0,Delivered
SHP-0002468,SUP-044,PRD-00042,2022-12-21,2023-01-12,2023-01-12,658,639,19,Delivered
SHP-0002469,SUP-059,PRD-00774,2026-04-23,2026-05-05,2026-05-06,880,880,0,Late
SHP-0002470,SUP-002,PRD-00820,2020-05-26,2020-07-19,2020-07-19,1223,1223,0,Late
SHP-0002471,SUP-065,PRD-00019,2021-12-23,2022-03-02,2022-03-05,545,545,0,Delivered
SHP-0002472,SUP-061,PRD-00853,2023-08-25,2023-09-07,2023-09-07,1217,1217,0,Delivered
SHP-0002473,SUP-009,PRD-00157,2025-12-09,2025-12-18,2025-12-23,841,841,0,Delivered
SHP-0002474,SUP-031,PRD-00319,2026-01-22,2026-02-16,2026-02-24,931,904,27,Delivered
SHP-0002475,SUP-039,PRD-00436,2021-03-12,2021-03-30,2021-04-18,878,878,0,Delivered
SHP-0002476,SUP-057,PRD-00133,2020-12-25,2021-01-04,2021-01-11,1102,1102,0,Delivered
SHP-0002477,SUP-049,PRD-00140,2024-09-20,2024-09-30,2024-10-06,773,712,61,Delivered
SHP-0002478,SUP-043,PRD-00658,2022-06-17,2022-07-15,2022-07-15,676,656,20,Delivered
SHP-0002479,SUP-045,PRD-00719,2020-11-06,2020-12-19,2020-12-24,399,399,0,Late
SHP-0002480,SUP-010,PRD-00126,2020-01-24,2020-02-15,2020-02-17,232,226,6,Delivered
SHP-0002481,SUP-011,PRD-00411,2024-04-16,2024-04-30,2024-05-06,143,143,0,Delivered
SHP-0002482,SUP-061,PRD-00853,2022-11-14,2022-11-20,2022-11-20,1306,1293,13,Delivered
SHP-0002483,SUP-068,PRD-00893,2022-03-01,2022-03-23,2022-04-01,1167,1167,0,Delivered
SHP-0002484,SUP-038,PRD-00190,2024-08-14,2024-08-29,2024-09-12,346,346,0,Delivered
SHP-0002485,SUP-003,PRD-00377,2024-03-12,2024-05-21,2024-05-30,1170,1159,11,Delivered
SHP-0002486,SUP-001,PRD-00886,2021-06-12,2021-06-23,2021-06-26,1125,1125,0,Delivered
SHP-0002487,SUP-044,PRD-00473,2021-12-01,2021-12-17,2021-12-17,742,742,0,Delivered
SHP-0002488,SUP-009,PRD-00672,2023-03-09,2023-04-14,2023-04-14,770,770,0,Delivered
SHP-0002489,SUP-021,PRD-00561,2021-07-27,2021-09-04,2021-09-08,1215,1215,0,Delivered
SHP-0002490,SUP-015,PRD-00445,2022-05-23,2022-05-29,2022-06-04,449,449,0,Delivered
SHP-0002491,SUP-043,PRD-00658,2024-08-20,2024-10-31,2024-10-31,1450,1450,0,Late
SHP-0002492,SUP-047,PRD-00786,2026-07-01,2026-08-20,2026-08-20,481,443,38,Delivered
SHP-0002493,SUP-029,PRD-00642,2024-11-23,2024-12-16,2024-12-18,1303,1303,0,Late
SHP-0002494,SUP-016,PRD-00648,2020-02-07,2020-04-07,2020-04-11,1226,1226,0,Delivered
SHP-0002495,SUP-070,PRD-00458,2025-10-19,2025-10-30,2025-11-03,211,205,6,Delivered
SHP-0002496,SUP-042,PRD-00847,2020-11-25,2021-01-30,2021-01-31,1327,1327,0,Delivered
SHP-0002497,SUP-021,PRD-00738,2025-03-16,2025-04-09,2025-04-10,1074,1074,0,Delivered
SHP-0002498,SUP-013,PRD-00831,2025-09-29,2025-10-19,2025-10-28,1225,1141,0,Partial
SHP-0002499,SUP-042,PRD-00342,2022-02-08,2022-04-23,2022-04-28,696,676,20,Delivered
SHP-0002500,SUP-055,PRD-00002,2023-05-09,2023-06-22,2023-06-27,1139,1105,34,Delivered
SHP-0002501,SUP-018,PRD-00185,2022-08-15,2022-08-23,2022-08-30,1464,1464,0,Delivered
SHP-0002502,SUP-018,PRD-00223,2025-09-24,2025-10-13,2025-10-13,733,726,7,Delivered
SHP-0002503,SUP-049,PRD-00217,2024-04-04,2024-04-18,2024-04-18,1320,1320,0,Delivered
SHP-0002504,SUP-023,PRD-00513,2025-11-06,2025-11-23,2025-11-23,1271,1233,38,Delivered
SHP-0002505,SUP-036,PRD-00162,2025-12-25,2026-03-02,2026-03-08,1072,1040,32,Delivered
SHP-0002506,SUP-013,PRD-00842,2026-02-06,2026-02-23,2026-02-25,1280,1280,0,Delivered
SHP-0002507,SUP-061,PRD-00589,2025-10-05,2025-10-11,2025-10-11,458,422,36,Delivered
SHP-0002508,SUP-004,PRD-00726,2021-01-02,2021-01-19,2021-01-28,209,209,0,Delivered
SHP-0002509,SUP-059,PRD-00163,2026-08-21,2026-09-08,2026-09-12,818,818,0,Delivered
SHP-0002510,SUP-011,PRD-00523,2022-11-13,2022-11-25,2022-11-25,653,647,6,Delivered
SHP-0002511,SUP-033,PRD-00617,2024-01-20,2024-03-06,2024-03-06,1339,1339,0,Delivered
SHP-0002512,SUP-032,PRD-00551,2024-12-31,2025-01-26,2025-01-26,612,594,18,Delivered
SHP-0002513,SUP-007,PRD-00862,2024-01-28,2024-02-14,2024-02-14,1139,1139,0,Delivered
SHP-0002514,SUP-041,PRD-00166,2022-05-10,2022-07-17,2022-07-20,872,872,0,Delivered
SHP-0002515,SUP-062,PRD-00547,2020-01-07,2020-01-16,2020-01-22,979,970,9,Delivered
SHP-0002516,SUP-070,PRD-00315,2020-01-03,2020-01-09,2020-01-11,999,999,0,Delivered
SHP-0002517,SUP-053,PRD-00529,2022-09-20,2022-10-02,2022-10-02,1194,1194,0,Delivered
SHP-0002518,SUP-068,PRD-00238,2023-11-17,2023-12-05,2023-12-05,1001,1001,0,Delivered
SHP-0002519,SUP-025,PRD-00796,2022-02-09,2022-03-25,2022-04-10,306,306,0,Delivered
SHP-0002520,SUP-054,PRD-00716,2024-11-12,2024-12-06,2024-12-06,904,904,0,Delivered
SHP-0002521,SUP-066,PRD-00298,2022-10-27,2022-12-20,2022-12-20,1442,1442,0,Delivered
SHP-0002522,SUP-039,PRD-00326,2020-08-27,2020-09-20,2020-09-20,1036,1036,0,Delivered
SHP-0002523,SUP-053,PRD-00518,2025-06-16,2025-06-27,2025-07-01,569,569,0,Delivered
SHP-0002524,SUP-039,PRD-00054,2024-02-18,2024-02-28,2024-02-28,1076,1076,0,Delivered
SHP-0002525,SUP-069,PRD-00353,2024-01-31,2024-02-19,2024-02-22,351,348,3,Late
SHP-0002526,SUP-049,PRD-00761,2025-02-23,2025-03-10,2025-03-27,771,771,0,Delivered
SHP-0002527,SUP-053,PRD-00115,2021-03-10,2021-03-21,2021-03-21,383,258,0,Partial
SHP-0002528,SUP-030,PRD-00864,2023-05-22,2023-05-27,2023-05-27,878,878,0,Delivered
SHP-0002529,SUP-037,PRD-00889,2023-09-24,2023-10-06,2023-10-12,1279,1177,102,Delivered
SHP-0002530,SUP-039,PRD-00273,2020-04-16,2020-04-23,2020-05-05,862,862,0,Delivered
SHP-0002531,SUP-062,PRD-00575,2026-04-12,2026-05-11,2026-05-15,1062,1062,0,Delivered
SHP-0002532,SUP-052,PRD-00090,2023-09-15,2023-09-20,2023-09-20,615,566,49,Delivered
SHP-0002533,SUP-005,PRD-00555,2022-09-23,2022-09-30,2022-09-30,935,935,0,Delivered
SHP-0002534,SUP-013,PRD-00487,2021-02-26,2021-03-07,2021-03-12,680,680,0,Late
SHP-0002535,SUP-053,PRD-00453,2020-04-17,2020-04-28,2020-05-01,988,988,0,Delivered
SHP-0002536,SUP-039,PRD-00120,2026-03-27,2026-04-07,2026-04-10,718,718,0,Delivered
SHP-0002537,SUP-065,PRD-00590,2025-03-09,2025-03-17,2025-03-18,1148,1137,11,Delivered
SHP-0002538,SUP-061,PRD-00395,2022-09-22,2022-10-02,2022-10-03,237,230,7,Delivered
SHP-0002539,SUP-012,PRD-00150,2025-01-08,2025-01-13,2025-01-20,939,939,0,Delivered
SHP-0002540,SUP-038,PRD-00330,2026-03-27,2026-04-04,2026-04-17,1411,1411,0,Delivered
SHP-0002541,SUP-014,PRD-00251,2024-05-07,2024-05-24,2024-05-24,364,364,0,Delivered
SHP-0002542,SUP-015,PRD-00739,2021-08-02,2021-08-20,2021-09-02,1127,1127,0,Delivered
SHP-0002543,SUP-015,PRD-00303,2024-05-12,2024-05-23,2024-06-04,1055,1055,0,Delivered
SHP-0002544,SUP-032,PRD-00260,2024-11-10,2025-01-08,2025-01-08,1088,760,22,Partial
SHP-0002545,SUP-060,PRD-00282,2020-11-11,2020-11-28,2020-12-03,1249,1249,0,Delivered
SHP-0002546,SUP-036,PRD-00414,2022-01-17,2022-02-25,2022-03-06,490,490,0,Delivered
SHP-0002547,SUP-054,PRD-00237,2024-08-01,2024-08-07,2024-08-07,868,868,0,Delivered
SHP-0002548,SUP-032,PRD-00509,2026-07-27,2026-09-03,2026-09-04,1155,1144,11,Delivered
SHP-0002549,SUP-036,PRD-00071,2025-11-20,2026-01-28,2026-01-29,677,677,0,Delivered
SHP-0002550,SUP-065,PRD-00019,2024-04-27,2024-05-23,2024-05-23,1466,1423,43,Delivered
SHP-0002551,SUP-002,PRD-00675,2026-07-08,2026-08-05,2026-08-15,532,444,0,Partial
SHP-0002552,SUP-006,PRD-00143,2020-08-29,2020-09-10,2020-09-10,163,116,1,Partial
SHP-0002553,SUP-007,PRD-00569,2021-03-02,2021-04-21,2021-04-24,1174,1174,0,Delivered
SHP-0002554,SUP-056,PRD-00017,2024-11-20,2025-01-07,2025-01-31,107,107,0,Delivered
SHP-0002555,SUP-010,PRD-00803,2022-12-05,2023-01-01,2023-01-01,1049,1049,0,Delivered
SHP-0002556,SUP-019,PRD-00867,2021-05-11,2021-05-30,2021-05-30,1276,1264,12,Delivered
SHP-0002557,SUP-070,PRD-00265,2023-03-22,2023-04-04,2023-04-10,1241,1241,0,Delivered
SHP-0002558,SUP-013,PRD-00216,2022-08-07,2022-08-27,2022-09-01,1036,1026,10,Delivered
SHP-0002559,SUP-013,PRD-00831,2024-07-26,2024-08-05,2024-08-08,66,66,0,Delivered
SHP-0002560,SUP-066,PRD-00723,2023-10-13,2023-10-26,2023-11-05,1301,1197,104,Delivered
SHP-0002561,SUP-011,PRD-00835,2021-03-11,2021-03-31,2021-03-31,487,487,0,Delivered
SHP-0002562,SUP-052,PRD-00390,2024-07-13,2024-08-04,2024-08-04,1028,1018,10,Delivered
SHP-0002563,SUP-045,PRD-00274,2020-11-28,2020-12-12,2020-12-25,1156,1156,0,Delivered
SHP-0002564,SUP-031,PRD-00500,2026-04-23,2026-05-05,2026-05-12,198,197,1,Delivered
SHP-0002565,SUP-054,PRD-00604,2024-12-31,2025-01-21,2025-01-21,1004,994,10,Delivered
SHP-0002566,SUP-013,PRD-00114,2021-07-21,2021-08-08,2021-08-13,1108,1097,11,Delivered
SHP-0002567,SUP-053,PRD-00486,2026-07-24,2026-08-05,2026-08-05,501,501,0,Delivered
SHP-0002568,SUP-039,PRD-00854,2021-03-02,2021-03-15,2021-03-19,579,579,0,Delivered
SHP-0002569,SUP-049,PRD-00574,2025-02-13,2025-02-24,2025-02-24,856,856,0,Delivered
SHP-0002570,SUP-049,PRD-00369,2026-01-19,2026-02-02,2026-02-04,1116,1116,0,Delivered
SHP-0002571,SUP-046,PRD-00006,2021-05-10,2021-05-29,2021-05-29,1074,1064,10,Delivered
SHP-0002572,SUP-013,PRD-00597,2020-11-20,2020-12-03,2020-12-03,1296,1296,0,Delivered
SHP-0002573,SUP-058,PRD-00262,2023-01-29,2023-02-27,2023-02-27,300,300,0,Delivered
SHP-0002574,SUP-063,PRD-00722,2020-03-14,2020-03-23,2020-04-08,528,528,0,Delivered
SHP-0002575,SUP-002,PRD-00664,2023-04-20,2023-05-21,2023-05-24,501,496,5,Delivered
SHP-0002576,SUP-029,PRD-00066,2021-06-16,2021-06-21,2021-06-21,292,292,0,Delivered
SHP-0002577,SUP-066,PRD-00710,2024-07-03,2024-08-09,2024-08-10,279,279,0,Late
SHP-0002578,SUP-034,PRD-00335,2024-08-16,2024-08-26,2024-08-26,537,537,0,Delivered
SHP-0002579,SUP-061,PRD-00632,2020-09-15,2020-09-20,2020-09-20,157,153,4,Late
SHP-0002580,SUP-069,PRD-00043,2024-02-16,2024-03-03,2024-03-05,266,264,2,Delivered
SHP-0002581,SUP-057,PRD-00100,2026-08-14,2026-08-22,2026-08-27,437,437,0,Delivered
SHP-0002582,SUP-045,PRD-00274,2020-04-29,2020-05-11,2020-05-21,346,343,3,Late
SHP-0002583,SUP-013,PRD-00082,2026-03-25,2026-04-15,2026-05-04,582,582,0,Delivered
SHP-0002584,SUP-049,PRD-00651,2026-08-11,2026-08-23,2026-08-27,1004,1004,0,Delivered
SHP-0002585,SUP-011,PRD-00837,2024-07-20,2024-08-07,2024-08-12,1463,1463,0,Delivered
SHP-0002586,SUP-068,PRD-00195,2020-02-26,2020-03-16,2020-03-19,711,690,21,Delivered
SHP-0002587,SUP-063,PRD-00583,2020-10-15,2020-10-31,2020-11-05,232,232,0,Delivered
SHP-0002588,SUP-056,PRD-00094,2025-05-02,2025-05-08,2025-05-10,1415,1415,0,Delivered
SHP-0002589,SUP-009,PRD-00724,2023-12-03,2024-01-08,2024-01-11,1103,1026,10,Partial
SHP-0002590,SUP-006,PRD-00713,2026-04-26,2026-05-15,2026-05-17,373,362,11,Delivered
SHP-0002591,SUP-065,PRD-00590,2023-07-26,2023-08-06,2023-08-06,1283,1283,0,Delivered
SHP-0002592,SUP-013,PRD-00216,2022-12-31,2023-01-21,2023-01-25,278,276,2,Delivered
SHP-0002593,SUP-053,PRD-00518,2025-07-02,2025-07-15,2025-07-15,580,580,0,Delivered
SHP-0002594,SUP-021,PRD-00561,2023-09-04,2023-10-08,2023-10-08,514,514,0,Delivered
SHP-0002595,SUP-061,PRD-00853,2021-11-29,2021-12-22,2021-12-24,80,80,0,Delivered
SHP-0002596,SUP-065,PRD-00290,2026-05-25,2026-07-30,2026-07-30,999,990,9,Delivered
SHP-0002597,SUP-013,PRD-00662,2022-11-06,2022-11-28,2022-11-28,76,76,0,Late
SHP-0002598,SUP-042,PRD-00046,2021-08-20,2021-09-16,2021-09-18,136,136,0,Delivered
SHP-0002599,SUP-064,PRD-00795,2026-04-02,2026-05-20,2026-05-22,359,359,0,Late
SHP-0002600,SUP-068,PRD-00183,2020-11-24,2020-12-06,2020-12-11,1411,1411,0,Late
SHP-0002601,SUP-062,PRD-00105,2022-10-21,2022-10-30,2022-11-11,1298,1286,12,Late
SHP-0002602,SUP-056,PRD-00856,2023-02-02,2023-02-28,2023-02-28,738,738,0,Late
SHP-0002603,SUP-045,PRD-00048,2021-06-05,2021-06-25,2021-06-25,646,646,0,Delivered
SHP-0002604,SUP-050,PRD-00106,2024-10-12,2024-12-25,2024-12-25,250,250,0,Delivered
SHP-0002605,SUP-015,PRD-00739,2025-12-23,2026-01-15,2026-01-22,1063,1063,0,Delivered
SHP-0002606,SUP-069,PRD-00117,2021-01-13,2021-02-06,2021-02-06,1250,1250,0,Delivered
SHP-0002607,SUP-035,PRD-00826,2025-07-24,2025-08-06,2025-08-13,950,950,0,Delivered
SHP-0002608,SUP-030,PRD-00036,2025-03-01,2025-03-14,2025-03-17,194,194,0,Late
SHP-0002609,SUP-031,PRD-00678,2020-11-18,2020-12-16,2020-12-20,1368,1355,13,Delivered
SHP-0002610,SUP-011,PRD-00161,2020-11-13,2020-11-20,2020-12-08,1227,1227,0,Delivered
SHP-0002611,SUP-018,PRD-00769,2024-09-22,2024-10-12,2024-10-28,479,479,0,Delivered
SHP-0002612,SUP-063,PRD-00583,2021-08-28,2021-09-20,2021-09-20,846,838,8,Delivered
SHP-0002613,SUP-037,PRD-00313,2024-07-26,2024-08-04,2024-08-05,997,746,0,Partial
SHP-0002614,SUP-038,PRD-00718,2020-12-24,2021-01-01,2021-01-02,834,834,0,Delivered
SHP-0002615,SUP-048,PRD-00258,2025-07-05,2025-07-21,2025-08-01,101,101,0,Delivered
SHP-0002616,SUP-002,PRD-00371,2026-02-22,2026-04-18,2026-04-18,192,192,0,Late
SHP-0002617,SUP-013,PRD-00842,2024-12-01,2024-12-09,2024-12-09,1128,1117,11,Delivered
SHP-0002618,SUP-054,PRD-00706,2024-01-06,2024-01-27,2024-01-27,330,330,0,Delivered
SHP-0002619,SUP-008,PRD-00496,2023-12-05,2023-12-15,2023-12-20,1460,1417,43,Late
SHP-0002620,SUP-029,PRD-00586,2025-11-01,2025-11-09,2025-11-10,103,103,0,Delivered
SHP-0002621,SUP-042,PRD-00511,2025-10-12,2025-11-01,2025-11-12,1075,1075,0,Late
SHP-0002622,SUP-013,PRD-00742,2025-10-22,2025-11-13,2025-11-13,414,410,4,Delivered
SHP-0002623,SUP-024,PRD-00635,2023-12-24,2024-01-09,2024-01-09,76,76,0,Delivered
SHP-0002624,SUP-057,PRD-00307,2022-01-13,2022-02-06,2022-02-20,373,370,3,Delivered
SHP-0002625,SUP-040,PRD-00211,2021-03-01,2021-03-22,2021-03-23,1179,1179,0,Delivered
SHP-0002626,SUP-004,PRD-00409,2021-05-12,2021-06-02,2021-06-10,179,179,0,Delivered
SHP-0002627,SUP-032,PRD-00049,2026-07-02,2026-08-11,2026-08-11,1273,1273,0,Delivered
SHP-0002628,SUP-048,PRD-00824,2026-07-11,2026-07-29,2026-08-10,479,465,14,Delivered
SHP-0002629,SUP-049,PRD-00780,2023-03-26,2023-04-03,2023-04-11,573,573,0,Delivered
SHP-0002630,SUP-064,PRD-00680,2021-06-17,2021-07-18,2021-07-23,1079,1079,0,Delivered
SHP-0002631,SUP-062,PRD-00077,2022-06-01,2022-06-14,2022-06-14,1132,1132,0,Delivered
SHP-0002632,SUP-020,PRD-00003,2024-07-22,2024-08-25,2024-08-25,482,482,0,Delivered
SHP-0002633,SUP-062,PRD-00772,2021-03-20,2021-05-14,2021-05-14,186,186,0,Late
SHP-0002634,SUP-070,PRD-00850,2023-01-09,2023-01-17,2023-01-17,247,240,7,Delivered
SHP-0002635,SUP-031,PRD-00155,2021-09-27,2021-12-10,2021-12-26,251,175,0,Partial
SHP-0002636,SUP-031,PRD-00525,2020-06-07,2020-08-20,2020-08-20,1337,1337,0,Delivered
SHP-0002637,SUP-009,PRD-00724,2020-08-09,2020-09-13,2020-09-13,105,105,0,Delivered
SHP-0002638,SUP-038,PRD-00718,2024-05-29,2024-06-05,2024-06-07,245,245,0,Delivered
SHP-0002639,SUP-018,PRD-00607,2025-02-27,2025-03-11,2025-03-11,895,895,0,Delivered
SHP-0002640,SUP-058,PRD-00334,2026-05-25,2026-08-03,2026-08-08,1328,1315,13,Delivered
SHP-0002641,SUP-038,PRD-00718,2021-12-07,2021-12-27,2021-12-27,495,495,0,Delivered
SHP-0002642,SUP-062,PRD-00426,2023-11-13,2023-12-26,2023-12-26,658,652,6,Delivered
SHP-0002643,SUP-059,PRD-00416,2026-05-25,2026-06-16,2026-06-20,1030,1030,0,Delivered
SHP-0002644,SUP-011,PRD-00161,2020-08-15,2020-09-06,2020-09-10,616,616,0,Delivered
SHP-0002645,SUP-039,PRD-00079,2021-10-21,2021-11-05,2021-11-10,921,921,0,Delivered
SHP-0002646,SUP-031,PRD-00319,2026-01-28,2026-02-05,2026-02-05,487,487,0,Delivered
SHP-0002647,SUP-010,PRD-00572,2026-06-06,2026-06-13,2026-06-15,378,378,0,Delivered
SHP-0002648,SUP-037,PRD-00863,2020-10-29,2020-11-06,2020-11-08,1145,1017,10,Partial
SHP-0002649,SUP-045,PRD-00719,2024-12-09,2024-12-30,2025-01-07,107,107,0,Delivered
SHP-0002650,SUP-064,PRD-00506,2026-06-03,2026-06-27,2026-06-27,133,133,0,Delivered
SHP-0002651,SUP-068,PRD-00031,2026-07-14,2026-08-07,2026-08-07,1136,1136,0,Delivered
SHP-0002652,SUP-038,PRD-00190,2021-01-11,2021-01-26,2021-02-05,317,317,0,Delivered
SHP-0002653,SUP-002,PRD-00056,2020-09-06,2020-10-14,2020-10-31,1086,1086,0,Delivered
SHP-0002654,SUP-056,PRD-00015,2020-12-03,2021-01-05,2021-01-07,984,984,0,Delivered
SHP-0002655,SUP-014,PRD-00669,2024-10-24,2024-11-23,2024-11-26,585,585,0,Late
SHP-0002656,SUP-024,PRD-00773,2021-07-13,2021-08-06,2021-08-07,357,357,0,Delivered
SHP-0002657,SUP-032,PRD-00509,2024-12-19,2025-03-03,2025-03-03,115,115,0,Delivered
SHP-0002658,SUP-031,PRD-00611,2023-04-02,2023-06-07,2023-06-12,883,875,8,Delivered
SHP-0002659,SUP-067,PRD-00686,2021-01-14,2021-02-06,2021-02-21,1006,1006,0,Delivered
SHP-0002660,SUP-049,PRD-00350,2022-01-24,2022-02-03,2022-02-08,70,70,0,Delivered
SHP-0002661,SUP-002,PRD-00852,2022-11-14,2023-01-09,2023-01-11,354,354,0,Delivered
SHP-0002662,SUP-019,PRD-00466,2023-03-23,2023-04-12,2023-04-14,894,894,0,Delivered
SHP-0002663,SUP-069,PRD-00109,2022-10-23,2022-11-06,2022-11-09,456,452,4,Delivered
SHP-0002664,SUP-053,PRD-00486,2021-11-15,2021-11-29,2021-11-29,131,131,0,Late
SHP-0002665,SUP-003,PRD-00881,2023-07-26,2023-08-14,2023-08-18,336,336,0,Delivered
SHP-0002666,SUP-070,PRD-00494,2024-03-12,2024-03-22,2024-03-29,149,145,4,Delivered
SHP-0002667,SUP-053,PRD-00787,2023-05-12,2023-05-25,2023-05-25,1004,1004,0,Delivered
SHP-0002668,SUP-012,PRD-00103,2020-02-10,2020-02-20,2020-03-05,1096,1064,32,Delivered
SHP-0002669,SUP-005,PRD-00555,2021-06-11,2021-07-05,,703,488,0,Partial
SHP-0002670,SUP-065,PRD-00387,2026-06-27,2026-07-31,2026-08-03,457,457,0,Delivered
SHP-0002671,SUP-034,PRD-00311,2020-09-05,2020-09-12,2020-09-12,354,344,10,Delivered
SHP-0002672,SUP-041,PRD-00229,2026-02-05,2026-02-26,2026-02-26,937,937,0,Delivered
SHP-0002673,SUP-046,PRD-00562,2023-10-26,2023-11-13,2023-11-18,1480,1480,0,Late
SHP-0002674,SUP-060,PRD-00142,2024-07-12,2024-07-23,2024-07-23,626,626,0,Delivered
SHP-0002675,SUP-070,PRD-00494,2025-02-20,2025-02-27,2025-03-04,807,743,64,Delivered
SHP-0002676,SUP-022,PRD-00764,2020-10-28,2020-11-10,2020-11-10,500,500,0,Delivered
SHP-0002677,SUP-061,PRD-00067,2020-10-14,2020-11-07,2020-11-16,680,680,0,Delivered
SHP-0002678,SUP-019,PRD-00286,2021-11-24,2021-12-10,2021-12-14,765,704,61,Delivered
SHP-0002679,SUP-037,PRD-00771,2020-03-07,2020-03-22,2020-03-29,1357,1357,0,Delivered
SHP-0002680,SUP-033,PRD-00051,2020-08-01,2020-09-30,2020-09-30,389,389,0,Delivered
SHP-0002681,SUP-052,PRD-00439,2020-07-21,2020-07-26,2020-08-04,747,740,7,Delivered
SHP-0002682,SUP-040,PRD-00211,2023-04-20,2023-05-07,2023-05-11,122,122,0,Delivered
SHP-0002683,SUP-044,PRD-00666,2023-05-16,2023-05-22,2023-05-22,330,330,0,Delivered
SHP-0002684,SUP-067,PRD-00309,2022-10-21,2022-11-06,2022-11-17,848,596,0,Partial
SHP-0002685,SUP-058,PRD-00468,2024-07-10,2024-07-27,2024-07-27,638,632,6,Delivered
SHP-0002686,SUP-021,PRD-00225,2021-04-09,2021-05-24,2021-05-24,858,765,7,Partial
SHP-0002687,SUP-038,PRD-00020,2021-08-01,2021-08-16,2021-08-16,306,306,0,Delivered
SHP-0002688,SUP-050,PRD-00106,2022-06-12,2022-07-06,2022-07-26,1428,1428,0,Delivered
SHP-0002689,SUP-059,PRD-00689,2025-08-25,2025-08-30,2025-09-03,400,400,0,Delivered
SHP-0002690,SUP-044,PRD-00277,2021-07-14,2021-07-23,2021-07-23,1256,1256,0,Delivered
SHP-0002691,SUP-018,PRD-00293,2020-01-02,2020-01-13,2020-01-22,569,569,0,Delivered
SHP-0002692,SUP-035,PRD-00328,2022-01-22,2022-02-08,2022-02-12,393,393,0,Late
SHP-0002693,SUP-003,PRD-00474,2021-10-17,2021-12-19,2021-12-29,413,413,0,Delivered
SHP-0002694,SUP-017,PRD-00817,2020-09-17,2020-09-28,2020-10-06,581,581,0,Delivered
SHP-0002695,SUP-022,PRD-00393,2025-02-21,2025-03-13,2025-03-21,990,990,0,Delivered
SHP-0002696,SUP-066,PRD-00245,2025-05-30,2025-07-05,2025-07-05,1078,1078,0,Delivered
SHP-0002697,SUP-032,PRD-00372,2025-03-05,2025-04-11,2025-04-11,151,151,0,Delivered
SHP-0002698,SUP-068,PRD-00715,2021-12-01,2021-12-11,2021-12-11,1222,1222,0,Delivered
SHP-0002699,SUP-031,PRD-00678,2021-11-14,2021-11-25,2021-11-30,874,874,0,Delivered
SHP-0002700,SUP-041,PRD-00283,2022-11-19,2022-12-30,2023-01-04,529,524,5,Delivered
SHP-0002701,SUP-040,PRD-00201,2022-01-05,2022-01-16,2022-01-16,1401,1401,0,Delivered
SHP-0002702,SUP-018,PRD-00603,2026-06-08,2026-06-17,2026-06-20,677,677,0,Delivered
SHP-0002703,SUP-021,PRD-00576,2022-01-29,2022-03-31,,1316,982,29,Partial
SHP-0002704,SUP-013,PRD-00597,2025-08-10,2025-09-03,2025-09-03,159,159,0,Delivered
SHP-0002705,SUP-063,PRD-00714,2025-05-19,2025-06-09,2025-06-09,1017,1007,10,Delivered
SHP-0002706,SUP-028,PRD-00164,2025-05-23,2025-05-30,2025-05-30,565,560,5,Delivered
SHP-0002707,SUP-056,PRD-00004,2023-11-27,2024-01-03,2024-01-14,273,271,2,Delivered
SHP-0002708,SUP-026,PRD-00697,2026-07-16,2026-07-27,2026-07-30,1373,1373,0,Delivered
SHP-0002709,SUP-047,PRD-00266,2024-11-25,2024-12-30,2025-01-13,920,920,0,Delivered
SHP-0002710,SUP-059,PRD-00163,2024-11-21,2024-12-09,2024-12-13,621,615,6,Delivered
SHP-0002711,SUP-039,PRD-00200,2025-05-19,2025-06-10,2025-06-10,999,999,0,Late
SHP-0002712,SUP-037,PRD-00313,2020-08-25,2020-09-09,2020-09-25,686,680,6,Delivered
SHP-0002713,SUP-067,PRD-00623,2020-06-03,2020-06-11,2020-06-13,757,735,22,Delivered
SHP-0002714,SUP-031,PRD-00234,2026-01-01,2026-02-05,2026-02-23,1481,1363,118,Delivered
SHP-0002715,SUP-007,PRD-00074,2024-04-11,2024-06-05,2024-06-05,561,561,0,Delivered
SHP-0002716,SUP-042,PRD-00098,2025-09-27,2025-10-25,2025-11-02,531,531,0,Delivered
SHP-0002717,SUP-068,PRD-00195,2021-06-21,2021-07-13,2021-07-15,622,604,18,Delivered
SHP-0002718,SUP-065,PRD-00387,2020-10-21,2020-12-05,2020-12-14,716,716,0,Delivered
SHP-0002719,SUP-060,PRD-00203,2020-11-13,2020-12-06,2020-12-06,1443,1443,0,Delivered
SHP-0002720,SUP-063,PRD-00444,2023-05-22,2023-05-27,2023-05-27,756,749,7,Delivered
SHP-0002721,SUP-029,PRD-00801,2023-02-06,2023-02-19,2023-02-20,1211,1175,36,Delivered
SHP-0002722,SUP-056,PRD-00094,2022-07-01,2022-08-25,2022-09-01,389,386,3,Delivered
SHP-0002723,SUP-046,PRD-00068,2020-06-07,2020-06-19,2020-06-29,227,227,0,Delivered
SHP-0002724,SUP-027,PRD-00490,2022-10-09,2022-10-22,2022-10-22,929,929,0,Late
SHP-0002725,SUP-054,PRD-00896,2024-04-07,2024-04-16,2024-04-24,866,866,0,Delivered
SHP-0002726,SUP-043,PRD-00209,2021-12-15,2022-01-01,2022-01-04,194,194,0,Delivered
SHP-0002727,SUP-012,PRD-00460,2022-01-02,2022-01-10,2022-01-13,511,511,0,Delivered
SHP-0002728,SUP-017,PRD-00817,2025-02-16,2025-03-03,2025-03-13,963,963,0,Delivered
SHP-0002729,SUP-033,PRD-00232,2022-06-28,2022-08-18,2022-08-24,1349,1242,107,Delivered
SHP-0002730,SUP-045,PRD-00347,2022-09-16,2022-10-13,2022-10-14,472,468,4,Delivered
SHP-0002731,SUP-054,PRD-00037,2023-02-22,2023-03-01,2023-03-06,1463,1463,0,Delivered
SHP-0002732,SUP-034,PRD-00793,2024-07-22,2024-08-11,2024-08-14,564,548,16,Delivered
SHP-0002733,SUP-012,PRD-00470,2025-01-04,2025-01-09,2025-01-18,626,626,0,Delivered
SHP-0002734,SUP-047,PRD-00057,2024-11-02,2024-12-24,2024-12-26,1276,1276,0,Delivered
SHP-0002735,SUP-023,PRD-00591,2023-07-10,2023-08-09,2023-08-09,392,392,0,Delivered
SHP-0002736,SUP-041,PRD-00420,2025-01-25,2025-03-15,2025-03-23,453,453,0,Delivered
SHP-0002737,SUP-037,PRD-00089,2022-07-07,2022-07-25,2022-07-25,720,713,7,Delivered
SHP-0002738,SUP-046,PRD-00170,2020-10-25,2020-11-01,2020-11-05,670,617,53,Delivered
SHP-0002739,SUP-038,PRD-00718,2020-07-12,2020-07-24,2020-07-24,864,864,0,Delivered
SHP-0002740,SUP-042,PRD-00720,2022-02-19,2022-03-09,2022-03-16,392,392,0,Late
SHP-0002741,SUP-040,PRD-00872,2020-12-04,2020-12-17,2021-01-03,188,188,0,Delivered
SHP-0002742,SUP-027,PRD-00423,2020-02-27,2020-03-12,2020-03-12,1451,1451,0,Delivered
SHP-0002743,SUP-062,PRD-00767,2023-08-23,2023-10-28,2023-11-07,809,801,8,Delivered
SHP-0002744,SUP-062,PRD-00105,2026-04-18,2026-04-28,2026-05-19,1293,1281,12,Delivered
SHP-0002745,SUP-052,PRD-00497,2025-11-10,2025-11-15,2025-11-15,1357,1357,0,Late
SHP-0002746,SUP-055,PRD-00639,2025-10-23,2025-12-30,2026-01-04,1217,1217,0,Delivered
SHP-0002747,SUP-045,PRD-00354,2020-06-29,2020-08-28,2020-08-29,724,724,0,Delivered
SHP-0002748,SUP-043,PRD-00096,2022-11-14,2023-01-25,2023-02-11,261,261,0,Delivered
SHP-0002749,SUP-063,PRD-00714,2022-08-13,2022-08-24,2022-08-24,58,58,0,Delivered
SHP-0002750,SUP-041,PRD-00283,2025-10-07,2025-10-24,2025-10-25,1271,1271,0,Delivered
SHP-0002751,SUP-046,PRD-00389,2025-08-15,2025-08-20,2025-08-30,352,349,3,Delivered
SHP-0002752,SUP-049,PRD-00369,2022-11-24,2022-12-16,2023-01-02,1131,1131,0,Delivered
SHP-0002753,SUP-045,PRD-00182,2024-06-07,2024-07-16,2024-07-26,841,841,0,Delivered
SHP-0002754,SUP-032,PRD-00333,2024-05-12,2024-06-30,2024-06-30,1122,1122,0,Delivered
SHP-0002755,SUP-051,PRD-00149,2023-08-06,2023-08-19,2023-08-26,1103,1103,0,Delivered
SHP-0002756,SUP-066,PRD-00533,2022-01-07,2022-02-05,2022-02-11,1446,1432,14,Late
SHP-0002757,SUP-045,PRD-00274,2022-10-31,2023-01-13,,1135,1046,10,Partial
SHP-0002758,SUP-009,PRD-00568,2026-01-30,2026-03-31,2026-04-09,425,425,0,Delivered
SHP-0002759,SUP-006,PRD-00091,2021-03-30,2021-04-04,2021-04-04,343,343,0,Delivered
SHP-0002760,SUP-070,PRD-00458,2021-12-14,2021-12-23,2021-12-31,776,753,23,Delivered
SHP-0002761,SUP-059,PRD-00434,2026-01-14,2026-02-03,2026-02-03,694,694,0,Late
SHP-0002762,SUP-051,PRD-00053,2021-10-17,2021-11-01,2021-11-01,1116,1116,0,Delivered
SHP-0002763,SUP-036,PRD-00545,2023-02-03,2023-04-13,2023-04-13,700,700,0,Delivered
SHP-0002764,SUP-036,PRD-00414,2020-01-04,2020-01-15,2020-01-27,164,163,1,Delivered
SHP-0002765,SUP-017,PRD-00050,2025-02-13,2025-03-04,2025-03-09,1114,772,0,Partial
SHP-0002766,SUP-049,PRD-00857,2021-04-30,2021-05-14,2021-05-20,1411,1397,14,Delivered
SHP-0002767,SUP-052,PRD-00090,2020-07-07,2020-07-15,2020-07-17,875,875,0,Delivered
SHP-0002768,SUP-045,PRD-00566,2024-05-18,2024-07-19,2024-07-29,410,410,0,Delivered
SHP-0002769,SUP-012,PRD-00103,2023-04-30,2023-05-23,2023-06-07,1071,1071,0,Delivered
SHP-0002770,SUP-016,PRD-00502,2020-04-18,2020-04-25,2020-05-04,613,613,0,Delivered
SHP-0002771,SUP-059,PRD-00759,2022-06-13,2022-06-19,2022-06-19,1107,1107,0,Delivered
SHP-0002772,SUP-065,PRD-00691,2021-09-24,2021-11-05,2021-11-05,276,254,22,Delivered
SHP-0002773,SUP-015,PRD-00739,2020-03-25,2020-04-18,2020-04-27,600,600,0,Delivered
SHP-0002774,SUP-033,PRD-00873,2020-11-20,2021-02-02,2021-02-13,891,820,71,Delivered
SHP-0002775,SUP-017,PRD-00504,2022-04-23,2022-05-04,,780,639,0,Partial
SHP-0002776,SUP-020,PRD-00765,2025-12-15,2026-02-01,2026-02-01,899,899,0,Delivered
SHP-0002777,SUP-041,PRD-00376,2021-03-15,2021-05-14,2021-05-23,633,627,6,Late
SHP-0002778,SUP-035,PRD-00041,2022-07-06,2022-07-11,2022-07-11,1054,1044,10,Delivered
SHP-0002779,SUP-051,PRD-00734,2021-08-12,2021-09-02,2021-09-02,1029,1029,0,Delivered
SHP-0002780,SUP-029,PRD-00642,2026-04-29,2026-05-10,2026-05-15,1231,1231,0,Delivered
SHP-0002781,SUP-070,PRD-00708,2022-09-02,2022-09-13,2022-09-16,1478,1478,0,Delivered
SHP-0002782,SUP-057,PRD-00870,2026-04-28,2026-05-18,2026-05-21,404,400,4,Delivered
SHP-0002783,SUP-059,PRD-00329,2024-12-03,2024-12-08,2024-12-08,846,715,0,Partial
SHP-0002784,SUP-062,PRD-00778,2024-03-28,2024-04-10,2024-04-13,1264,1264,0,Delivered
SHP-0002785,SUP-033,PRD-00125,2020-08-27,2020-10-16,2020-11-02,666,647,19,Delivered
SHP-0002786,SUP-032,PRD-00357,2025-05-28,2025-07-19,2025-07-19,1020,990,30,Late
SHP-0002787,SUP-047,PRD-00797,2025-01-17,2025-02-27,2025-02-28,280,280,0,Delivered
SHP-0002788,SUP-049,PRD-00651,2024-12-01,2024-12-14,2024-12-23,599,582,17,Delivered
SHP-0002789,SUP-037,PRD-00889,2023-08-10,2023-08-17,2023-08-17,481,467,14,Delivered
SHP-0002790,SUP-050,PRD-00441,2024-08-24,2024-09-27,2024-09-27,872,872,0,Delivered
SHP-0002791,SUP-062,PRD-00805,2026-01-10,2026-01-27,2026-01-27,824,824,0,Delivered
SHP-0002792,SUP-012,PRD-00732,2025-02-10,2025-02-23,2025-02-28,1030,1030,0,Delivered
SHP-0002793,SUP-006,PRD-00206,2020-09-27,2020-10-11,2020-10-18,866,841,25,Delivered
SHP-0002794,SUP-018,PRD-00381,2022-07-26,2022-08-06,2022-08-06,749,742,7,Delivered
SHP-0002795,SUP-019,PRD-00701,2024-07-25,2024-08-05,2024-08-05,1387,1346,41,Late
SHP-0002796,SUP-027,PRD-00784,2023-07-05,2023-07-22,2023-07-22,963,954,9,Delivered
SHP-0002797,SUP-068,PRD-00546,2021-11-02,2021-11-13,2021-11-13,781,781,0,Delivered
SHP-0002798,SUP-068,PRD-00238,2023-01-03,2023-01-15,2023-01-15,722,722,0,Delivered
SHP-0002799,SUP-029,PRD-00080,2025-02-14,2025-03-03,2025-03-21,584,584,0,Delivered
SHP-0002800,SUP-068,PRD-00382,2020-06-01,2020-06-24,2020-07-05,582,582,0,Delivered
SHP-0002801,SUP-060,PRD-00271,2023-07-23,2023-08-05,2023-08-13,419,288,2,Partial
SHP-0002802,SUP-070,PRD-00782,2025-12-13,2025-12-23,2025-12-24,1402,1360,42,Delivered
SHP-0002803,SUP-029,PRD-00801,2026-03-18,2026-03-27,2026-03-30,1363,1363,0,Delivered
SHP-0002804,SUP-063,PRD-00861,2020-03-26,2020-04-11,2020-04-26,261,261,0,Delivered
SHP-0002805,SUP-068,PRD-00031,2022-10-29,2022-11-10,2022-11-10,1401,1387,14,Delivered
SHP-0002806,SUP-065,PRD-00387,2026-08-07,2026-09-27,,1451,1359,40,Partial
SHP-0002807,SUP-038,PRD-00121,2023-03-19,2023-03-30,2023-03-30,567,567,0,Delivered
SHP-0002808,SUP-064,PRD-00795,2020-04-07,2020-04-12,2020-04-12,1338,1325,13,Delivered
SHP-0002809,SUP-046,PRD-00900,2022-10-26,2022-11-06,2022-11-11,911,911,0,Late
SHP-0002810,SUP-049,PRD-00484,2022-08-07,2022-08-14,2022-08-14,114,114,0,Delivered
SHP-0002811,SUP-019,PRD-00701,2020-01-08,2020-01-26,2020-01-27,85,85,0,Delivered
SHP-0002812,SUP-010,PRD-00189,2022-01-29,2022-02-24,2022-02-26,1159,1159,0,Delivered
SHP-0002813,SUP-070,PRD-00265,2023-11-10,2023-11-29,2023-12-05,556,551,5,Delivered
SHP-0002814,SUP-031,PRD-00858,2024-10-19,2024-12-02,2024-12-02,469,469,0,Delivered
SHP-0002815,SUP-026,PRD-00813,2022-05-26,2022-06-19,2022-07-03,303,286,8,Partial
SHP-0002816,SUP-066,PRD-00682,2025-05-07,2025-05-27,2025-05-30,537,537,0,Delivered
SHP-0002817,SUP-040,PRD-00269,2021-06-18,2021-07-07,2021-07-13,640,453,4,Partial
SHP-0002818,SUP-057,PRD-00218,2020-06-16,2020-07-08,2020-07-08,233,233,0,Delivered
SHP-0002819,SUP-030,PRD-00880,2024-12-09,2024-12-24,2025-01-14,639,639,0,Late
SHP-0002820,SUP-054,PRD-00037,2024-01-19,2024-02-01,2024-02-12,400,400,0,Late
SHP-0002821,SUP-063,PRD-00444,2020-09-29,2020-10-07,2020-10-15,104,104,0,Delivered
SHP-0002822,SUP-067,PRD-00656,2026-06-04,2026-06-10,2026-06-10,1144,1144,0,Delivered
SHP-0002823,SUP-009,PRD-00243,2025-10-01,2025-12-05,2025-12-14,1029,945,0,Partial
SHP-0002824,SUP-023,PRD-00513,2020-12-14,2021-02-13,2021-03-01,399,399,0,Delivered
SHP-0002825,SUP-023,PRD-00324,2023-12-27,2024-01-31,2024-02-04,566,561,5,Delivered
SHP-0002826,SUP-015,PRD-00341,2020-03-16,2020-04-02,2020-04-08,353,353,0,Delivered
SHP-0002827,SUP-046,PRD-00428,2024-04-20,2024-04-30,2024-05-05,1470,1470,0,Delivered
SHP-0002828,SUP-034,PRD-00335,2021-07-26,2021-08-03,2021-08-13,1382,1369,13,Delivered
SHP-0002829,SUP-006,PRD-00585,2023-12-07,2023-12-15,2023-12-25,1262,1250,12,Late
SHP-0002830,SUP-002,PRD-00852,2020-05-28,2020-06-04,2020-06-04,517,517,0,Delivered
SHP-0002831,SUP-048,PRD-00202,2022-04-13,2022-04-20,2022-04-20,475,475,0,Delivered
SHP-0002832,SUP-055,PRD-00029,2021-02-04,2021-02-21,2021-02-21,541,541,0,Delivered
SHP-0002833,SUP-031,PRD-00822,2025-12-03,2025-12-14,2025-12-25,335,332,3,Delivered
SHP-0002834,SUP-006,PRD-00091,2021-04-07,2021-04-29,2021-04-29,233,233,0,Delivered
SHP-0002835,SUP-030,PRD-00131,2021-08-02,2021-08-10,2021-08-11,307,307,0,Delivered
SHP-0002836,SUP-054,PRD-00604,2020-06-04,2020-06-20,2020-06-20,596,591,5,Delivered
SHP-0002837,SUP-041,PRD-00229,2026-08-21,2026-08-30,2026-09-10,1205,1205,0,Delivered
SHP-0002838,SUP-069,PRD-00013,2020-12-07,2020-12-16,2020-12-27,1384,1384,0,Delivered
SHP-0002839,SUP-054,PRD-00828,2023-04-02,2023-04-24,2023-04-24,1296,1296,0,Delivered
SHP-0002840,SUP-070,PRD-00396,2026-02-28,2026-03-14,2026-03-23,1011,1011,0,Delivered
SHP-0002841,SUP-008,PRD-00169,2025-06-29,2025-08-09,2025-08-09,229,227,2,Delivered
SHP-0002842,SUP-053,PRD-00633,2025-01-06,2025-01-12,2025-01-12,299,276,23,Delivered
SHP-0002843,SUP-009,PRD-00243,2022-08-13,2022-10-13,2022-10-22,868,842,26,Delivered
SHP-0002844,SUP-066,PRD-00723,2024-09-27,2024-11-09,2024-11-17,1147,813,8,Partial
SHP-0002845,SUP-037,PRD-00295,2023-06-07,2023-06-29,2023-06-29,560,516,44,Late
SHP-0002846,SUP-010,PRD-00676,2023-06-14,2023-08-27,2023-08-27,705,698,7,Delivered
SHP-0002847,SUP-049,PRD-00421,2024-05-25,2024-06-11,2024-06-17,1263,1226,37,Delivered
SHP-0002848,SUP-045,PRD-00314,2023-02-15,2023-03-27,2023-04-04,1322,893,0,Partial
SHP-0002849,SUP-035,PRD-00601,2023-10-21,2023-11-11,2023-11-19,273,273,0,Late
SHP-0002850,SUP-061,PRD-00582,2023-05-20,2023-05-31,2023-06-08,1236,1224,12,Delivered
SHP-0002851,SUP-010,PRD-00126,2022-01-22,2022-02-19,2022-02-19,1472,1458,14,Delivered
SHP-0002852,SUP-050,PRD-00016,2024-05-01,2024-05-21,2024-05-21,134,134,0,Delivered
SHP-0002853,SUP-044,PRD-00277,2023-08-10,2023-09-01,2023-09-01,262,262,0,Delivered
SHP-0002854,SUP-066,PRD-00705,2020-02-02,2020-03-11,2020-03-11,289,196,1,Partial
SHP-0002855,SUP-016,PRD-00337,2023-11-14,2023-12-13,2023-12-17,640,640,0,Delivered
SHP-0002856,SUP-022,PRD-00393,2025-05-22,2025-06-05,2025-06-05,209,209,0,Delivered
SHP-0002857,SUP-027,PRD-00784,2022-02-28,2022-03-24,2022-03-29,463,463,0,Late
SHP-0002858,SUP-042,PRD-00526,2024-07-27,2024-09-01,2024-09-01,343,316,27,Delivered
SHP-0002859,SUP-057,PRD-00133,2022-08-04,2022-08-10,2022-08-10,766,766,0,Delivered
SHP-0002860,SUP-018,PRD-00624,2022-06-02,2022-06-26,2022-06-26,457,457,0,Delivered
SHP-0002861,SUP-053,PRD-00518,2023-03-12,2023-03-30,2023-04-10,1351,1243,108,Delivered
SHP-0002862,SUP-044,PRD-00165,2024-12-12,2024-12-26,2025-01-01,228,226,2,Delivered
SHP-0002863,SUP-062,PRD-00432,2025-09-03,2025-11-14,2025-11-14,1496,1496,0,Delivered
SHP-0002864,SUP-032,PRD-00845,2020-08-10,2020-09-22,2020-09-22,224,224,0,Delivered
SHP-0002865,SUP-020,PRD-00104,2020-12-08,2021-02-03,2021-02-04,1390,1377,13,Delivered
SHP-0002866,SUP-063,PRD-00763,2024-02-26,2024-03-15,2024-03-23,1351,1351,0,Late
SHP-0002867,SUP-054,PRD-00625,2022-04-28,2022-05-03,2022-05-06,1432,1432,0,Delivered
SHP-0002868,SUP-025,PRD-00246,2025-10-19,2025-12-08,2025-12-21,1155,1155,0,Delivered
SHP-0002869,SUP-028,PRD-00370,2020-01-20,2020-02-11,2020-02-19,330,243,7,Partial
SHP-0002870,SUP-022,PRD-00540,2024-09-06,2024-09-18,2024-09-18,1132,940,0,Partial
SHP-0002871,SUP-014,PRD-00406,2023-02-05,2023-02-24,2023-03-05,1098,1066,32,Delivered
SHP-0002872,SUP-053,PRD-00859,2022-06-28,2022-07-22,2022-07-26,1218,1121,97,Late
SHP-0002873,SUP-032,PRD-00151,2023-08-28,2023-09-12,2023-09-13,1381,1340,41,Late
SHP-0002874,SUP-063,PRD-00895,2024-09-30,2024-10-10,2024-10-19,837,837,0,Late
SHP-0002875,SUP-005,PRD-00455,2024-08-04,2024-08-21,2024-09-04,1421,1407,14,Delivered
SHP-0002876,SUP-044,PRD-00673,2024-07-23,2024-08-03,2024-08-09,651,651,0,Delivered
SHP-0002877,SUP-057,PRD-00665,2025-01-23,2025-02-04,2025-02-12,307,298,9,Late
SHP-0002878,SUP-023,PRD-00324,2026-01-29,2026-03-12,2026-03-12,1314,1314,0,Delivered
SHP-0002879,SUP-012,PRD-00150,2023-08-09,2023-08-17,2023-08-27,1251,1239,12,Delivered
SHP-0002880,SUP-044,PRD-00626,2021-02-01,2021-02-18,2021-02-18,1427,1427,0,Delivered
SHP-0002881,SUP-042,PRD-00720,2025-09-16,2025-10-09,2025-10-09,1161,1161,0,Late
SHP-0002882,SUP-010,PRD-00803,2024-04-04,2024-06-14,2024-06-20,604,598,6,Delivered
SHP-0002883,SUP-054,PRD-00694,2024-04-12,2024-04-23,2024-05-07,567,567,0,Delivered
SHP-0002884,SUP-060,PRD-00137,2025-02-12,2025-02-19,2025-02-19,768,768,0,Delivered
SHP-0002885,SUP-036,PRD-00012,2024-04-29,2024-06-30,2024-06-30,987,987,0,Delivered
SHP-0002886,SUP-050,PRD-00588,2021-06-30,2021-07-21,2021-07-21,87,87,0,Delivered
SHP-0002887,SUP-026,PRD-00608,2026-01-21,2026-02-05,2026-02-17,1151,1058,0,Partial
SHP-0002888,SUP-069,PRD-00749,2026-02-17,2026-02-24,2026-02-24,576,576,0,Late
SHP-0002889,SUP-064,PRD-00565,2024-03-04,2024-05-17,2024-05-25,426,426,0,Late
SHP-0002890,SUP-035,PRD-00328,2026-06-02,2026-06-16,2026-06-18,91,91,0,Delivered
SHP-0002891,SUP-039,PRD-00054,2023-01-27,2023-02-04,2023-02-04,292,290,2,Delivered
SHP-0002892,SUP-067,PRD-00261,2023-07-10,2023-07-16,2023-07-21,296,296,0,Delivered
SHP-0002893,SUP-045,PRD-00253,2025-04-15,2025-05-21,2025-05-30,1020,1020,0,Delivered
SHP-0002894,SUP-036,PRD-00153,2024-07-02,2024-07-28,2024-08-08,130,130,0,Delivered
SHP-0002895,SUP-030,PRD-00111,2025-06-26,2025-07-17,2025-07-18,492,478,14,Delivered
SHP-0002896,SUP-019,PRD-00701,2025-09-10,2025-09-25,2025-09-27,315,315,0,Delivered
SHP-0002897,SUP-048,PRD-00268,2021-12-12,2021-12-25,2022-01-08,431,427,4,Delivered
SHP-0002898,SUP-016,PRD-00819,2022-10-28,2022-12-25,2022-12-30,577,577,0,Delivered
SHP-0002899,SUP-049,PRD-00484,2024-09-10,2024-10-01,2024-10-08,949,949,0,Delivered
SHP-0002900,SUP-022,PRD-00412,2020-12-31,2021-01-16,2021-01-16,271,269,2,Delivered
SHP-0002901,SUP-069,PRD-00117,2021-09-02,2021-09-18,2021-09-27,76,76,0,Delivered
SHP-0002902,SUP-029,PRD-00894,2020-05-27,2020-06-15,2020-06-27,495,495,0,Delivered
SHP-0002903,SUP-036,PRD-00414,2025-03-05,2025-03-10,2025-03-14,420,420,0,Delivered
SHP-0002904,SUP-033,PRD-00127,2021-12-13,2022-01-04,2022-01-20,301,301,0,Delivered
SHP-0002905,SUP-049,PRD-00217,2026-07-14,2026-08-05,2026-08-18,1373,1332,41,Delivered
SHP-0002906,SUP-022,PRD-00393,2024-03-26,2024-04-05,2024-04-05,481,481,0,Delivered
SHP-0002907,SUP-027,PRD-00725,2024-03-18,2024-04-10,2024-04-24,70,68,2,Delivered
SHP-0002908,SUP-006,PRD-00713,2021-09-19,2021-10-08,2021-10-13,1428,1428,0,Delivered
SHP-0002909,SUP-067,PRD-00595,2026-08-18,2026-09-06,2026-09-06,354,351,3,Delivered
SHP-0002910,SUP-039,PRD-00398,2023-04-20,2023-05-11,2023-05-11,632,626,6,Delivered
SHP-0002911,SUP-056,PRD-00094,2021-05-07,2021-06-11,2021-07-03,639,639,0,Delivered
SHP-0002912,SUP-018,PRD-00789,2025-08-25,2025-09-05,2025-09-05,1150,1139,11,Delivered
SHP-0002913,SUP-011,PRD-00340,2021-03-20,2021-04-13,2021-04-16,454,441,13,Delivered
SHP-0002914,SUP-060,PRD-00619,2026-02-20,2026-03-05,2026-03-05,1038,1028,10,Delivered
SHP-0002915,SUP-032,PRD-00122,2022-03-18,2022-05-04,2022-05-04,231,231,0,Late
SHP-0002916,SUP-023,PRD-00591,2025-12-16,2025-12-27,2025-12-27,934,934,0,Delivered
SHP-0002917,SUP-042,PRD-00373,2023-01-03,2023-01-24,2023-01-24,1309,1205,104,Delivered
SHP-0002918,SUP-031,PRD-00500,2021-09-18,2021-11-16,2021-11-16,1351,1338,13,Delivered
SHP-0002919,SUP-056,PRD-00192,2025-01-23,2025-02-27,2025-02-27,1136,1136,0,Delivered
SHP-0002920,SUP-068,PRD-00899,2023-08-26,2023-09-16,2023-09-18,520,505,15,Delivered
SHP-0002921,SUP-049,PRD-00651,2023-01-24,2023-02-17,2023-02-23,664,664,0,Delivered
SHP-0002922,SUP-066,PRD-00533,2022-08-09,2022-10-17,2022-10-28,716,716,0,Late
SHP-0002923,SUP-002,PRD-00130,2024-11-03,2025-01-07,2025-01-11,1311,1311,0,Delivered
SHP-0002924,SUP-043,PRD-00209,2024-04-11,2024-06-20,2024-06-27,474,437,37,Delivered
SHP-0002925,SUP-045,PRD-00566,2024-09-07,2024-09-13,2024-09-14,51,42,0,Partial
SHP-0002926,SUP-050,PRD-00106,2022-02-10,2022-04-09,2022-04-13,292,292,0,Delivered
SHP-0002927,SUP-068,PRD-00550,2025-07-19,2025-07-28,2025-08-04,322,319,3,Delivered
SHP-0002928,SUP-063,PRD-00895,2021-02-06,2021-03-02,2021-03-07,790,783,7,Late
SHP-0002929,SUP-002,PRD-00820,2025-07-02,2025-08-13,2025-08-25,545,545,0,Delivered
SHP-0002930,SUP-070,PRD-00396,2023-08-30,2023-09-19,2023-09-19,218,218,0,Late
SHP-0002931,SUP-067,PRD-00656,2023-08-23,2023-09-02,2023-09-11,208,159,1,Partial
SHP-0002932,SUP-059,PRD-00434,2024-01-11,2024-01-28,2024-01-28,975,975,0,Delivered
SHP-0002933,SUP-064,PRD-00249,2024-06-25,2024-08-24,2024-08-31,1205,1205,0,Delivered
SHP-0002934,SUP-039,PRD-00108,2020-05-31,2020-06-09,2020-06-10,778,778,0,Delivered
SHP-0002935,SUP-013,PRD-00394,2026-02-05,2026-02-17,2026-02-17,811,811,0,Late
SHP-0002936,SUP-057,PRD-00307,2022-11-02,2022-11-26,2022-11-30,1104,1104,0,Delivered
SHP-0002937,SUP-069,PRD-00139,2024-01-01,2024-01-20,2024-01-20,760,672,20,Partial
SHP-0002938,SUP-001,PRD-00783,2022-06-13,2022-06-25,2022-06-25,56,52,4,Delivered
SHP-0002939,SUP-010,PRD-00512,2021-11-19,2022-01-29,2022-02-04,392,392,0,Delivered
SHP-0002940,SUP-005,PRD-00085,2025-06-28,2025-07-21,2025-07-21,1282,1282,0,Delivered
SHP-0002941,SUP-045,PRD-00347,2020-02-02,2020-02-12,2020-02-24,942,942,0,Delivered
SHP-0002942,SUP-036,PRD-00545,2026-05-04,2026-06-29,2026-07-07,670,670,0,Delivered
SHP-0002943,SUP-060,PRD-00619,2025-11-27,2025-12-20,2025-12-25,935,935,0,Delivered
SHP-0002944,SUP-062,PRD-00674,2022-05-22,2022-06-14,2022-06-17,205,203,2,Delivered
SHP-0002945,SUP-038,PRD-00020,2020-07-13,2020-08-05,2020-08-05,1182,1182,0,Delivered
SHP-0002946,SUP-038,PRD-00129,2021-08-02,2021-08-11,2021-08-14,302,302,0,Delivered
SHP-0002947,SUP-028,PRD-00062,2020-03-29,2020-04-05,2020-04-18,982,953,29,Delivered
SHP-0002948,SUP-026,PRD-00697,2026-07-22,2026-08-15,2026-08-15,1347,1347,0,Delivered
SHP-0002949,SUP-019,PRD-00466,2021-06-04,2021-06-23,2021-06-23,282,280,2,Delivered
SHP-0002950,SUP-026,PRD-00688,2022-04-19,2022-04-28,2022-04-29,1124,1035,89,Delivered
SHP-0002951,SUP-055,PRD-00505,2024-12-20,2025-02-11,2025-02-11,1226,1226,0,Delivered
SHP-0002952,SUP-068,PRD-00259,2022-11-12,2022-11-19,2022-11-19,1318,1318,0,Delivered
SHP-0002953,SUP-066,PRD-00255,2025-10-21,2025-12-22,2025-12-24,1342,1342,0,Late
SHP-0002954,SUP-009,PRD-00672,2021-08-30,2021-10-02,2021-10-02,85,85,0,Delivered
SHP-0002955,SUP-024,PRD-00635,2026-07-24,2026-08-07,2026-08-13,727,720,7,Delivered
SHP-0002956,SUP-022,PRD-00836,2023-03-27,2023-04-11,2023-04-24,1162,1162,0,Delivered
SHP-0002957,SUP-006,PRD-00005,2026-06-19,2026-07-03,2026-07-03,1046,1046,0,Delivered
SHP-0002958,SUP-024,PRD-00214,2021-12-30,2022-01-10,2022-01-10,897,897,0,Delivered
SHP-0002959,SUP-002,PRD-00384,2024-01-13,2024-02-04,2024-02-04,93,93,0,Delivered
SHP-0002960,SUP-029,PRD-00480,2025-04-01,2025-04-13,2025-04-13,887,887,0,Delivered
SHP-0002961,SUP-017,PRD-00135,2023-07-27,2023-08-11,2023-08-16,932,932,0,Delivered
SHP-0002962,SUP-004,PRD-00409,2020-12-22,2021-01-06,2021-01-06,1182,1182,0,Late
SHP-0002963,SUP-063,PRD-00895,2022-06-05,2022-06-19,2022-07-05,547,436,4,Partial
SHP-0002964,SUP-022,PRD-00450,2022-04-13,2022-05-06,2022-05-10,547,547,0,Delivered
SHP-0002965,SUP-022,PRD-00668,2022-02-24,2022-03-02,2022-03-08,318,318,0,Delivered
SHP-0002966,SUP-040,PRD-00201,2020-03-22,2020-04-13,2020-04-18,147,147,0,Delivered
SHP-0002967,SUP-063,PRD-00402,2023-06-05,2023-06-27,2023-06-28,310,310,0,Late
SHP-0002968,SUP-035,PRD-00059,2021-03-29,2021-04-18,2021-05-04,806,806,0,Delivered
SHP-0002969,SUP-044,PRD-00634,2026-02-17,2026-03-10,2026-03-10,1360,1320,40,Delivered
SHP-0002970,SUP-016,PRD-00814,2023-01-31,2023-04-14,2023-04-20,990,990,0,Delivered
SHP-0002971,SUP-002,PRD-00700,2024-03-02,2024-04-16,,598,546,5,Partial
SHP-0002972,SUP-013,PRD-00082,2023-08-15,2023-08-30,2023-08-31,657,638,19,Delivered
SHP-0002973,SUP-061,PRD-00616,2021-07-20,2021-08-11,2021-08-14,581,411,0,Partial
SHP-0002974,SUP-054,PRD-00716,2026-07-09,2026-07-22,2026-07-22,418,418,0,Delivered
SHP-0002975,SUP-050,PRD-00040,2021-10-21,2021-12-16,2021-12-17,329,326,3,Delivered
SHP-0002976,SUP-005,PRD-00555,2025-05-23,2025-06-09,2025-06-09,1446,1446,0,Delivered
SHP-0002977,SUP-022,PRD-00305,2025-07-24,2025-08-01,2025-08-02,1234,1234,0,Delivered
SHP-0002978,SUP-050,PRD-00794,2025-09-13,2025-10-29,2025-10-29,83,81,2,Delivered
SHP-0002979,SUP-037,PRD-00323,2026-05-20,2026-06-01,2026-06-07,1486,1486,0,Delivered
SHP-0002980,SUP-023,PRD-00093,2024-12-14,2025-01-25,2025-01-25,1420,1420,0,Delivered
SHP-0002981,SUP-057,PRD-00870,2022-10-03,2022-10-16,2022-10-24,397,397,0,Delivered
SHP-0002982,SUP-047,PRD-00257,2021-04-22,2021-06-17,2021-07-10,709,709,0,Delivered
SHP-0002983,SUP-010,PRD-00524,2020-07-04,2020-09-11,2020-09-11,523,523,0,Delivered
SHP-0002984,SUP-047,PRD-00057,2026-03-09,2026-03-19,2026-03-25,1247,1247,0,Delivered
SHP-0002985,SUP-063,PRD-00343,2025-06-04,2025-06-09,,1359,1265,0,Partial
SHP-0002986,SUP-015,PRD-00501,2025-05-08,2025-05-25,2025-05-30,1300,1300,0,Delivered
SHP-0002987,SUP-047,PRD-00851,2025-03-18,2025-05-04,2025-05-04,1199,1199,0,Late
SHP-0002988,SUP-052,PRD-00176,2021-11-26,2021-12-08,2021-12-16,241,177,1,Partial
SHP-0002989,SUP-045,PRD-00354,2023-09-12,2023-10-05,2023-10-05,1483,1483,0,Delivered
SHP-0002990,SUP-039,PRD-00200,2023-12-16,2023-12-31,2024-01-01,1320,1320,0,Delivered
SHP-0002991,SUP-054,PRD-00237,2022-01-15,2022-01-28,2022-01-29,122,84,0,Partial
SHP-0002992,SUP-018,PRD-00185,2023-02-17,2023-03-10,2023-03-10,1386,1276,110,Delivered
SHP-0002993,SUP-010,PRD-00482,2021-10-11,2021-10-23,2021-10-23,981,952,29,Delivered
SHP-0002994,SUP-028,PRD-00370,2023-01-30,2023-02-18,2023-02-23,521,516,5,Delivered
SHP-0002995,SUP-054,PRD-00037,2020-09-23,2020-10-01,2020-10-01,891,865,26,Delivered
SHP-0002996,SUP-058,PRD-00567,2026-04-09,2026-05-28,2026-05-28,833,833,0,Delivered
SHP-0002997,SUP-046,PRD-00900,2021-10-16,2021-11-09,2021-11-23,889,881,8,Delivered
SHP-0002998,SUP-037,PRD-00313,2023-09-01,2023-09-22,2023-09-22,1197,1197,0,Delivered
SHP-0002999,SUP-069,PRD-00318,2023-04-22,2023-04-30,2023-05-13,886,886,0,Delivered
SHP-0003000,SUP-054,PRD-00339,2025-12-05,2025-12-18,2025-12-24,736,736,0,Delivered
SHP-0003001,SUP-006,PRD-00206,2025-06-09,2025-06-29,2025-07-01,883,883,0,Delivered
SHP-0003002,SUP-036,PRD-00012,2024-03-06,2024-04-09,2024-04-17,199,199,0,Delivered
SHP-0003003,SUP-011,PRD-00180,2021-06-07,2021-06-17,2021-06-22,664,664,0,Delivered
SHP-0003004,SUP-057,PRD-00307,2021-12-01,2021-12-19,2021-12-19,212,212,0,Delivered
SHP-0003005,SUP-055,PRD-00505,2023-04-04,2023-06-09,2023-06-12,425,421,4,Delivered
SHP-0003006,SUP-042,PRD-00472,2020-04-03,2020-06-15,2020-06-21,1371,1371,0,Delivered
SHP-0003007,SUP-033,PRD-00136,2025-07-05,2025-07-30,2025-07-30,752,752,0,Delivered
SHP-0003008,SUP-039,PRD-00273,2024-11-15,2024-12-09,2024-12-09,418,418,0,Delivered
SHP-0003009,SUP-045,PRD-00253,2023-09-28,2023-10-07,2023-10-07,1477,1477,0,Delivered
SHP-0003010,SUP-003,PRD-00750,2022-08-15,2022-09-16,2022-09-16,919,919,0,Delivered
SHP-0003011,SUP-026,PRD-00813,2023-12-11,2023-12-20,2023-12-20,770,770,0,Delivered
SHP-0003012,SUP-054,PRD-00037,2025-12-12,2025-12-23,2025-12-23,1373,1373,0,Delivered
SHP-0003013,SUP-047,PRD-00887,2026-05-12,2026-06-26,2026-06-26,1119,1119,0,Delivered
SHP-0003014,SUP-034,PRD-00156,2026-05-25,2026-05-30,2026-06-07,624,624,0,Late
SHP-0003015,SUP-012,PRD-00460,2023-11-16,2023-12-09,2023-12-20,907,898,9,Delivered
SHP-0003016,SUP-053,PRD-00787,2022-11-01,2022-11-16,2022-11-22,1136,1136,0,Late
SHP-0003017,SUP-057,PRD-00133,2020-05-15,2020-05-29,2020-06-04,626,626,0,Delivered
SHP-0003018,SUP-036,PRD-00545,2025-07-04,2025-09-09,2025-09-09,764,757,7,Delivered
SHP-0003019,SUP-032,PRD-00151,2021-08-25,2021-10-04,2021-10-06,239,239,0,Late
SHP-0003020,SUP-041,PRD-00283,2024-11-27,2024-12-26,2025-01-01,1063,1063,0,Delivered
SHP-0003021,SUP-032,PRD-00122,2021-09-01,2021-10-18,2021-10-22,434,434,0,Delivered
SHP-0003022,SUP-060,PRD-00336,2025-05-30,2025-06-16,2025-06-28,978,978,0,Delivered
SHP-0003023,SUP-037,PRD-00889,2025-11-02,2025-11-09,2025-11-09,784,777,7,Delivered
SHP-0003024,SUP-039,PRD-00108,2021-05-06,2021-05-21,2021-05-21,402,398,4,Delivered
SHP-0003025,SUP-065,PRD-00387,2025-04-11,2025-05-23,2025-05-24,1070,1060,10,Delivered
SHP-0003026,SUP-041,PRD-00838,2020-05-12,2020-06-08,2020-06-15,765,765,0,Delivered
SHP-0003027,SUP-039,PRD-00120,2025-06-24,2025-07-17,2025-07-28,568,563,5,Delivered
SHP-0003028,SUP-013,PRD-00790,2025-06-07,2025-06-26,2025-07-03,1305,1292,13,Delivered
SHP-0003029,SUP-064,PRD-00687,2023-10-10,2023-12-01,2023-12-01,1126,1115,11,Delivered
SHP-0003030,SUP-068,PRD-00550,2021-07-17,2021-07-28,2021-07-28,282,282,0,Late
SHP-0003031,SUP-070,PRD-00850,2026-02-10,2026-02-21,2026-02-21,1069,984,85,Delivered
SHP-0003032,SUP-059,PRD-00774,2021-01-10,2021-01-27,2021-02-04,578,573,5,Late
SHP-0003033,SUP-064,PRD-00198,2025-08-22,2025-10-29,2025-11-04,376,373,3,Late
SHP-0003034,SUP-030,PRD-00131,2022-01-01,2022-01-06,2022-01-06,927,918,9,Late
SHP-0003035,SUP-013,PRD-00742,2025-06-02,2025-06-21,2025-07-08,727,727,0,Delivered
SHP-0003036,SUP-034,PRD-00613,2024-06-16,2024-06-22,2024-06-22,93,91,2,Late
SHP-0003037,SUP-014,PRD-00406,2023-10-21,2023-11-26,2023-12-11,1055,1055,0,Delivered
SHP-0003038,SUP-011,PRD-00587,2025-11-16,2025-12-07,2025-12-07,1270,1270,0,Delivered
SHP-0003039,SUP-062,PRD-00432,2022-02-08,2022-04-17,2022-04-18,1308,1269,39,Delivered
SHP-0003040,SUP-012,PRD-00226,2020-06-27,2020-07-07,2020-07-13,1374,1374,0,Delivered
SHP-0003041,SUP-060,PRD-00884,2022-11-04,2022-11-24,2022-11-24,890,882,8,Delivered
SHP-0003042,SUP-038,PRD-00134,2024-08-10,2024-08-30,2024-08-30,236,236,0,Delivered
SHP-0003043,SUP-008,PRD-00558,2021-07-22,2021-09-13,2021-09-13,125,122,3,Delivered
SHP-0003044,SUP-014,PRD-00669,2020-11-26,2021-01-07,2021-01-15,571,566,5,Delivered
SHP-0003045,SUP-039,PRD-00054,2024-06-01,2024-06-13,2024-06-14,97,97,0,Delivered
SHP-0003046,SUP-006,PRD-00091,2023-07-31,2023-08-16,2023-08-16,1471,1457,14,Delivered
SHP-0003047,SUP-069,PRD-00749,2020-10-25,2020-11-06,2020-11-08,908,899,9,Delivered
SHP-0003048,SUP-022,PRD-00668,2025-03-24,2025-04-14,2025-04-14,286,286,0,Late
SHP-0003049,SUP-013,PRD-00742,2025-12-09,2025-12-27,2025-12-27,118,118,0,Late
SHP-0003050,SUP-009,PRD-00018,2025-01-31,2025-02-26,2025-02-28,1468,1133,0,Partial
SHP-0003051,SUP-066,PRD-00710,2021-11-18,2022-01-09,2022-01-15,805,805,0,Delivered
SHP-0003052,SUP-018,PRD-00185,2020-07-31,2020-08-21,2020-08-22,1189,1189,0,Delivered
SHP-0003053,SUP-037,PRD-00101,2023-11-10,2023-11-22,2023-11-25,1153,1153,0,Delivered
SHP-0003054,SUP-036,PRD-00677,2026-04-02,2026-04-09,2026-04-15,51,51,0,Delivered
SHP-0003055,SUP-045,PRD-00048,2025-10-15,2025-10-21,2025-10-23,1208,1208,0,Delivered
SHP-0003056,SUP-070,PRD-00782,2022-06-25,2022-07-09,2022-07-09,1491,1477,14,Late
SHP-0003057,SUP-011,PRD-00180,2023-11-02,2023-11-11,2023-11-23,903,808,0,Partial
SHP-0003058,SUP-017,PRD-00113,2022-07-11,2022-07-23,2022-08-05,109,109,0,Delivered
SHP-0003059,SUP-010,PRD-00727,2023-03-22,2023-05-12,2023-05-22,1437,1423,14,Delivered
SHP-0003060,SUP-064,PRD-00325,2021-11-21,2022-01-07,2022-01-07,501,496,5,Delivered
SHP-0003061,SUP-015,PRD-00433,2021-03-09,2021-03-17,2021-03-17,766,766,0,Delivered
SHP-0003062,SUP-022,PRD-00764,2026-05-19,2026-05-28,2026-05-28,1009,1009,0,Delivered
SHP-0003063,SUP-003,PRD-00750,2020-04-20,2020-05-04,2020-05-06,166,166,0,Delivered
SHP-0003064,SUP-068,PRD-00238,2023-01-03,2023-01-16,2023-01-27,904,904,0,Delivered
SHP-0003065,SUP-064,PRD-00235,2021-07-19,2021-08-20,2021-08-29,1417,1269,0,Partial
SHP-0003066,SUP-047,PRD-00752,2022-03-28,2022-04-25,2022-05-12,945,945,0,Delivered
SHP-0003067,SUP-011,PRD-00489,2023-05-09,2023-05-14,2023-05-17,202,202,0,Delivered
SHP-0003068,SUP-019,PRD-00467,2020-12-23,2021-01-16,2021-01-23,119,118,1,Delivered
SHP-0003069,SUP-003,PRD-00556,2021-10-09,2021-10-24,2021-10-26,312,312,0,Delivered
SHP-0003070,SUP-058,PRD-00060,2024-03-09,2024-04-20,2024-04-20,70,51,0,Partial
SHP-0003071,SUP-038,PRD-00740,2025-01-29,2025-02-12,2025-02-12,817,817,0,Delivered
SHP-0003072,SUP-063,PRD-00714,2026-03-20,2026-04-06,2026-04-09,620,620,0,Delivered
SHP-0003073,SUP-048,PRD-00145,2022-09-17,2022-09-27,2022-10-01,1465,1465,0,Delivered
SHP-0003074,SUP-015,PRD-00154,2026-01-11,2026-01-31,2026-01-31,1193,1193,0,Delivered
SHP-0003075,SUP-048,PRD-00584,2023-02-03,2023-02-08,2023-02-08,1431,1431,0,Delivered
SHP-0003076,SUP-012,PRD-00226,2020-09-17,2020-10-09,2020-10-16,867,867,0,Delivered
SHP-0003077,SUP-012,PRD-00470,2021-09-22,2021-10-11,2021-10-12,184,179,5,Delivered
SHP-0003078,SUP-004,PRD-00409,2023-11-18,2023-12-08,2023-12-26,606,606,0,Delivered
SHP-0003079,SUP-002,PRD-00664,2022-02-19,2022-05-04,2022-05-04,1049,1049,0,Delivered
SHP-0003080,SUP-054,PRD-00596,2026-05-16,2026-05-23,2026-05-23,491,491,0,Delivered
SHP-0003081,SUP-050,PRD-00552,2026-05-03,2026-06-05,2026-06-14,198,198,0,Delivered
SHP-0003082,SUP-049,PRD-00780,2026-05-06,2026-05-15,2026-05-18,1268,1268,0,Late
SHP-0003083,SUP-039,PRD-00829,2021-05-20,2021-05-26,2021-06-10,96,96,0,Late
SHP-0003084,SUP-031,PRD-00858,2021-12-18,2022-02-19,2022-03-07,337,337,0,Delivered
SHP-0003085,SUP-014,PRD-00224,2024-03-28,2024-05-26,2024-05-28,145,145,0,Late
SHP-0003086,SUP-029,PRD-00586,2023-01-14,2023-02-04,2023-02-12,713,713,0,Delivered
SHP-0003087,SUP-030,PRD-00111,2026-01-11,2026-01-25,2026-01-25,67,67,0,Delivered
SHP-0003088,SUP-055,PRD-00639,2022-06-12,2022-08-16,2022-08-23,965,965,0,Delivered
SHP-0003089,SUP-064,PRD-00198,2020-05-14,2020-07-03,2020-07-03,1025,1025,0,Delivered
SHP-0003090,SUP-061,PRD-00616,2022-01-08,2022-01-25,2022-01-25,297,297,0,Delivered
SHP-0003091,SUP-063,PRD-00065,2026-05-04,2026-05-25,2026-05-25,1457,1443,14,Delivered
SHP-0003092,SUP-012,PRD-00594,2026-02-14,2026-03-05,2026-03-12,851,843,8,Delivered
SHP-0003093,SUP-061,PRD-00684,2020-05-09,2020-05-29,2020-05-30,1356,1356,0,Delivered
SHP-0003094,SUP-033,PRD-00051,2026-01-28,2026-04-11,2026-04-11,1430,1430,0,Delivered
SHP-0003095,SUP-026,PRD-00608,2024-10-14,2024-11-04,2024-11-04,548,543,5,Delivered
SHP-0003096,SUP-007,PRD-00569,2022-01-08,2022-02-18,2022-02-20,509,494,15,Delivered
SHP-0003097,SUP-052,PRD-00176,2022-11-22,2022-12-01,2022-12-01,1162,1162,0,Delivered
SHP-0003098,SUP-035,PRD-00174,2021-12-31,2022-01-20,2022-01-20,610,604,6,Delivered
SHP-0003099,SUP-060,PRD-00336,2022-07-21,2022-07-31,2022-07-31,667,667,0,Delivered
SHP-0003100,SUP-056,PRD-00692,2026-06-28,2026-07-13,2026-07-13,169,168,1,Delivered
SHP-0003101,SUP-066,PRD-00660,2026-01-11,2026-02-01,2026-02-04,71,71,0,Delivered
SHP-0003102,SUP-006,PRD-00143,2022-06-02,2022-06-12,2022-06-12,995,986,9,Delivered
SHP-0003103,SUP-070,PRD-00265,2022-07-27,2022-08-18,2022-08-18,362,362,0,Delivered
SHP-0003104,SUP-049,PRD-00421,2021-10-21,2021-11-13,2021-11-16,1138,1138,0,Delivered
SHP-0003105,SUP-062,PRD-00575,2025-12-07,2026-01-12,2026-01-12,1337,1337,0,Delivered
SHP-0003106,SUP-001,PRD-00084,2023-04-06,2023-04-12,2023-04-15,1004,1004,0,Delivered
SHP-0003107,SUP-014,PRD-00669,2026-03-08,2026-03-15,2026-03-16,1315,1315,0,Delivered
SHP-0003108,SUP-019,PRD-00286,2020-07-24,2020-07-30,2020-08-01,289,289,0,Delivered
SHP-0003109,SUP-001,PRD-00475,2020-06-23,2020-06-28,2020-06-28,1486,1442,44,Delivered
SHP-0003110,SUP-001,PRD-00886,2024-10-27,2024-11-10,2024-11-18,1056,1056,0,Late
SHP-0003111,SUP-005,PRD-00230,2023-11-13,2023-11-28,2023-12-11,1253,1216,37,Delivered
SHP-0003112,SUP-010,PRD-00126,2026-02-13,2026-04-21,2026-04-25,232,230,2,Delivered
SHP-0003113,SUP-029,PRD-00647,2023-03-27,2023-04-18,2023-05-04,1287,1287,0,Delivered
SHP-0003114,SUP-054,PRD-00716,2024-04-27,2024-05-19,2024-05-23,1290,1290,0,Delivered
SHP-0003115,SUP-021,PRD-00791,2022-08-18,2022-09-21,2022-10-03,1045,1045,0,Delivered
SHP-0003116,SUP-020,PRD-00877,2020-06-06,2020-07-16,2020-07-16,518,518,0,Delivered
SHP-0003117,SUP-063,PRD-00402,2023-04-16,2023-04-29,2023-04-29,659,659,0,Delivered
SHP-0003118,SUP-029,PRD-00066,2024-08-09,2024-08-14,2024-08-17,1000,990,10,Delivered
SHP-0003119,SUP-047,PRD-00683,2022-07-19,2022-08-01,2022-08-01,491,491,0,Delivered
SHP-0003120,SUP-066,PRD-00298,2026-04-01,2026-04-23,2026-04-28,132,132,0,Delivered
SHP-0003121,SUP-032,PRD-00033,2025-11-24,2025-12-26,2026-01-12,82,61,0,Partial
SHP-0003122,SUP-017,PRD-00504,2021-07-07,2021-07-18,2021-07-27,1295,1295,0,Delivered
SHP-0003123,SUP-015,PRD-00433,2022-04-22,2022-05-03,2022-05-03,1157,1123,34,Delivered
SHP-0003124,SUP-041,PRD-00283,2021-11-26,2022-01-22,2022-01-25,1367,1367,0,Delivered
SHP-0003125,SUP-012,PRD-00226,2026-05-04,2026-05-20,2026-05-21,118,118,0,Delivered
SHP-0003126,SUP-023,PRD-00513,2023-01-18,2023-01-26,2023-01-26,1215,1215,0,Delivered
SHP-0003127,SUP-008,PRD-00558,2025-04-21,2025-05-30,2025-06-03,867,867,0,Delivered
SHP-0003128,SUP-022,PRD-00770,2023-11-13,2023-11-24,2023-11-29,412,412,0,Delivered
SHP-0003129,SUP-054,PRD-00339,2025-06-05,2025-06-27,2025-07-07,761,761,0,Delivered
SHP-0003130,SUP-050,PRD-00040,2023-09-29,2023-11-09,2023-11-09,1299,1261,38,Delivered
SHP-0003131,SUP-007,PRD-00609,2021-07-02,2021-08-06,2021-08-07,1435,1392,43,Delivered
SHP-0003132,SUP-022,PRD-00540,2021-01-24,2021-02-05,2021-02-05,1276,1276,0,Late
SHP-0003133,SUP-049,PRD-00392,2021-08-19,2021-08-24,2021-09-15,390,390,0,Delivered
SHP-0003134,SUP-068,PRD-00183,2025-04-01,2025-04-13,2025-04-13,618,618,0,Delivered
SHP-0003135,SUP-005,PRD-00348,2023-10-21,2023-10-27,2023-11-03,133,130,3,Delivered
SHP-0003136,SUP-025,PRD-00883,2025-10-12,2025-12-22,2025-12-22,1217,1217,0,Delivered
SHP-0003137,SUP-043,PRD-00035,2022-07-07,2022-08-06,2022-08-14,1281,1281,0,Delivered
SHP-0003138,SUP-038,PRD-00703,2020-03-28,2020-04-18,2020-04-22,679,673,6,Delivered
SHP-0003139,SUP-042,PRD-00373,2023-12-13,2024-01-31,2024-01-31,462,462,0,Delivered
SHP-0003140,SUP-029,PRD-00480,2022-09-18,2022-09-23,2022-10-01,906,906,0,Late
SHP-0003141,SUP-068,PRD-00259,2020-02-08,2020-02-23,2020-02-23,150,150,0,Delivered
SHP-0003142,SUP-037,PRD-00233,2023-02-14,2023-03-08,2023-03-12,1326,1313,13,Late
SHP-0003143,SUP-025,PRD-00288,2024-06-22,2024-06-30,2024-07-06,981,981,0,Delivered
SHP-0003144,SUP-055,PRD-00160,2023-12-31,2024-01-23,2024-01-26,704,704,0,Late
SHP-0003145,SUP-049,PRD-00651,2022-12-01,2022-12-11,2022-12-11,315,315,0,Late
SHP-0003146,SUP-013,PRD-00662,2021-11-30,2021-12-06,2021-12-06,196,196,0,Delivered
SHP-0003147,SUP-022,PRD-00627,2020-08-25,2020-09-10,2020-09-11,284,284,0,Delivered
SHP-0003148,SUP-049,PRD-00574,2020-09-11,2020-09-16,2020-09-20,1206,1206,0,Delivered
SHP-0003149,SUP-023,PRD-00123,2022-07-16,2022-09-25,2022-09-25,1435,1435,0,Delivered
SHP-0003150,SUP-018,PRD-00338,2022-05-29,2022-06-11,2022-06-11,95,95,0,Delivered
SHP-0003151,SUP-044,PRD-00626,2020-11-29,2020-12-13,2020-12-13,1182,1182,0,Delivered
SHP-0003152,SUP-037,PRD-00834,2024-02-05,2024-02-23,2024-02-23,1244,1232,12,Delivered
SHP-0003153,SUP-004,PRD-00726,2021-05-27,2021-06-17,2021-06-23,423,423,0,Late
SHP-0003154,SUP-030,PRD-00359,2021-07-16,2021-07-27,2021-08-10,507,502,5,Delivered
SHP-0003155,SUP-032,PRD-00357,2024-10-24,2024-11-28,2024-11-28,903,894,9,Delivered
SHP-0003156,SUP-027,PRD-00490,2024-11-17,2024-11-28,2024-12-02,1286,979,0,Partial
SHP-0003157,SUP-050,PRD-00548,2023-09-10,2023-10-05,2023-10-09,1488,1488,0,Delivered
SHP-0003158,SUP-011,PRD-00841,2025-03-21,2025-03-26,2025-04-22,257,257,0,Delivered
SHP-0003159,SUP-026,PRD-00707,2024-03-16,2024-03-28,2024-04-07,739,739,0,Delivered
SHP-0003160,SUP-013,PRD-00842,2025-07-04,2025-07-12,2025-07-18,298,231,2,Partial
SHP-0003161,SUP-060,PRD-00203,2021-05-21,2021-05-31,2021-06-05,1479,1479,0,Delivered
SHP-0003162,SUP-013,PRD-00487,2020-04-12,2020-04-18,2020-04-21,1160,826,0,Partial
SHP-0003163,SUP-040,PRD-00211,2025-12-12,2025-12-20,2025-12-26,371,371,0,Delivered
SHP-0003164,SUP-020,PRD-00785,2020-03-18,2020-03-28,2020-04-03,1265,1265,0,Delivered
SHP-0003165,SUP-045,PRD-00182,2026-01-26,2026-02-16,2026-02-22,745,591,0,Partial
SHP-0003166,SUP-062,PRD-00621,2023-06-18,2023-08-08,2023-08-08,1433,1433,0,Delivered
SHP-0003167,SUP-056,PRD-00004,2025-08-10,2025-10-06,2025-10-13,1214,1214,0,Delivered
SHP-0003168,SUP-030,PRD-00036,2020-11-10,2020-12-04,2020-12-04,685,685,0,Delivered
SHP-0003169,SUP-009,PRD-00672,2022-03-24,2022-04-05,2022-04-15,442,442,0,Late
SHP-0003170,SUP-058,PRD-00885,2024-06-10,2024-08-10,2024-08-10,1412,1398,14,Delivered
SHP-0003171,SUP-023,PRD-00777,2026-05-04,2026-06-23,2026-06-24,740,740,0,Late
SHP-0003172,SUP-019,PRD-00466,2024-10-30,2024-11-06,2024-11-07,676,670,6,Delivered
SHP-0003173,SUP-044,PRD-00042,2020-11-01,2020-11-13,2020-11-14,786,786,0,Delivered
SHP-0003174,SUP-067,PRD-00686,2020-09-29,2020-10-21,2020-10-24,1005,1005,0,Delivered
SHP-0003175,SUP-024,PRD-00214,2026-05-16,2026-06-01,2026-06-07,301,208,2,Partial
SHP-0003176,SUP-001,PRD-00855,2024-05-09,2024-05-31,2024-06-16,373,373,0,Delivered
SHP-0003177,SUP-030,PRD-00036,2022-10-16,2022-10-22,2022-10-22,1021,1021,0,Delivered
SHP-0003178,SUP-057,PRD-00218,2020-09-14,2020-09-19,2020-09-28,828,828,0,Delivered
SHP-0003179,SUP-040,PRD-00872,2025-02-17,2025-03-06,2025-03-12,526,526,0,Delivered
SHP-0003180,SUP-031,PRD-00234,2022-08-28,2022-09-07,2022-09-07,562,562,0,Delivered
SHP-0003181,SUP-019,PRD-00532,2025-02-28,2025-03-17,2025-03-17,1270,1270,0,Delivered
SHP-0003182,SUP-050,PRD-00016,2025-01-30,2025-03-22,2025-03-25,929,929,0,Delivered
SHP-0003183,SUP-046,PRD-00170,2020-10-02,2020-10-26,2020-10-30,648,648,0,Late
SHP-0003184,SUP-064,PRD-00680,2025-03-21,2025-05-18,2025-05-24,1048,1048,0,Delivered
SHP-0003185,SUP-057,PRD-00034,2020-09-28,2020-10-07,2020-10-09,573,528,45,Delivered
SHP-0003186,SUP-040,PRD-00374,2024-09-28,2024-10-20,2024-10-20,1288,1288,0,Delivered
SHP-0003187,SUP-011,PRD-00340,2020-08-13,2020-08-25,2020-08-25,889,889,0,Delivered
SHP-0003188,SUP-008,PRD-00465,2020-11-09,2020-12-07,2020-12-07,1081,1081,0,Delivered
SHP-0003189,SUP-054,PRD-00107,2022-04-04,2022-04-28,2022-04-28,1143,1143,0,Delivered
SHP-0003190,SUP-028,PRD-00062,2022-05-23,2022-06-04,2022-06-11,1282,1282,0,Delivered
SHP-0003191,SUP-036,PRD-00254,2025-09-10,2025-11-20,2025-11-30,283,281,2,Delivered
SHP-0003192,SUP-039,PRD-00081,2021-12-25,2022-01-12,2022-01-17,841,816,25,Delivered
SHP-0003193,SUP-038,PRD-00121,2022-08-29,2022-09-17,2022-09-27,495,491,4,Delivered
SHP-0003194,SUP-051,PRD-00301,2022-02-22,2022-03-07,2022-03-21,1438,1395,43,Delivered
SHP-0003195,SUP-039,PRD-00516,2026-07-02,2026-07-21,2026-07-21,1120,1120,0,Delivered
SHP-0003196,SUP-043,PRD-00658,2023-07-19,2023-07-28,2023-07-31,523,518,5,Delivered
SHP-0003197,SUP-036,PRD-00414,2025-09-10,2025-10-25,2025-10-25,507,507,0,Delivered
SHP-0003198,SUP-028,PRD-00370,2022-11-24,2022-12-02,2022-12-05,580,580,0,Delivered
SHP-0003199,SUP-064,PRD-00379,2025-10-13,2025-11-02,2025-11-13,89,89,0,Delivered
SHP-0003200,SUP-043,PRD-00438,2022-07-05,2022-07-11,2022-07-16,662,643,19,Delivered
SHP-0003201,SUP-012,PRD-00679,2025-11-30,2025-12-15,2025-12-15,146,145,1,Delivered
SHP-0003202,SUP-030,PRD-00111,2022-05-29,2022-06-08,2022-06-13,71,71,0,Delivered
SHP-0003203,SUP-014,PRD-00528,2025-10-11,2025-11-13,2025-11-13,1197,1186,11,Delivered
SHP-0003204,SUP-057,PRD-00218,2023-08-11,2023-09-01,2023-09-01,911,911,0,Delivered
SHP-0003205,SUP-061,PRD-00616,2020-05-25,2020-06-03,2020-06-03,1072,1072,0,Delivered
SHP-0003206,SUP-037,PRD-00233,2021-07-26,2021-08-16,2021-08-16,966,966,0,Late
SHP-0003207,SUP-058,PRD-00205,2023-07-06,2023-07-31,2023-08-07,224,224,0,Delivered
SHP-0003208,SUP-044,PRD-00673,2023-12-02,2023-12-16,2023-12-21,602,602,0,Delivered
SHP-0003209,SUP-057,PRD-00307,2022-09-14,2022-10-04,2022-10-09,579,533,46,Delivered
SHP-0003210,SUP-006,PRD-00244,2021-04-17,2021-05-06,2021-05-07,891,891,0,Delivered
SHP-0003211,SUP-039,PRD-00360,2026-02-24,2026-03-08,2026-03-14,83,83,0,Delivered
SHP-0003212,SUP-049,PRD-00869,2021-05-02,2021-05-16,2021-05-26,56,56,0,Delivered
SHP-0003213,SUP-059,PRD-00456,2020-12-25,2021-01-17,2021-01-23,364,361,3,Delivered
SHP-0003214,SUP-044,PRD-00297,2026-03-24,2026-04-02,2026-04-12,1461,1461,0,Delivered
SHP-0003215,SUP-037,PRD-00889,2023-11-07,2023-11-25,2023-12-09,1252,1252,0,Delivered
SHP-0003216,SUP-009,PRD-00495,2024-03-07,2024-03-18,2024-03-25,127,127,0,Delivered
SHP-0003217,SUP-048,PRD-00469,2024-02-21,2024-03-08,2024-03-12,277,277,0,Late
SHP-0003218,SUP-043,PRD-00658,2020-11-27,2021-01-30,2021-02-04,1056,1056,0,Delivered
SHP-0003219,SUP-058,PRD-00709,2025-04-19,2025-05-04,2025-05-16,379,379,0,Delivered
SHP-0003220,SUP-060,PRD-00753,2022-07-09,2022-07-23,2022-07-23,1053,1043,10,Delivered
SHP-0003221,SUP-069,PRD-00364,2022-12-16,2022-12-24,2022-12-30,1173,1173,0,Delivered
SHP-0003222,SUP-042,PRD-00098,2023-06-02,2023-07-19,2023-07-24,366,356,10,Late
SHP-0003223,SUP-054,PRD-00604,2024-01-16,2024-01-25,2024-01-31,839,831,8,Delivered
SHP-0003224,SUP-044,PRD-00297,2022-01-14,2022-01-25,2022-01-26,1124,991,0,Partial
SHP-0003225,SUP-044,PRD-00626,2023-02-27,2023-03-23,2023-03-23,380,380,0,Delivered
SHP-0003226,SUP-001,PRD-00886,2020-07-10,2020-07-15,2020-07-15,513,513,0,Delivered
SHP-0003227,SUP-004,PRD-00726,2026-08-29,2026-09-10,2026-09-10,101,90,0,Partial
SHP-0003228,SUP-017,PRD-00504,2022-09-22,2022-10-02,2022-10-07,463,463,0,Delivered
SHP-0003229,SUP-034,PRD-00156,2024-11-24,2024-12-07,2024-12-08,230,224,6,Delivered
SHP-0003230,SUP-019,PRD-00532,2020-11-27,2020-12-19,2020-12-19,728,728,0,Late
SHP-0003231,SUP-036,PRD-00361,2024-08-11,2024-10-12,2024-10-12,604,604,0,Delivered
SHP-0003232,SUP-049,PRD-00651,2021-03-16,2021-03-26,2021-03-26,600,600,0,Delivered
SHP-0003233,SUP-013,PRD-00890,2023-06-15,2023-06-27,2023-06-27,1073,1073,0,Delivered
SHP-0003234,SUP-050,PRD-00548,2023-02-04,2023-03-18,2023-03-20,149,118,0,Partial
SHP-0003235,SUP-008,PRD-00465,2025-06-28,2025-07-28,2025-07-28,252,250,2,Delivered
SHP-0003236,SUP-013,PRD-00842,2021-11-06,2021-11-23,2021-11-30,195,194,1,Delivered
SHP-0003237,SUP-006,PRD-00278,2023-04-07,2023-04-13,2023-04-13,138,138,0,Delivered
SHP-0003238,SUP-043,PRD-00438,2021-04-11,2021-05-13,2021-05-28,904,904,0,Delivered
SHP-0003239,SUP-033,PRD-00873,2021-03-23,2021-05-22,2021-05-28,925,916,9,Late
SHP-0003240,SUP-057,PRD-00100,2025-12-13,2025-12-23,2025-12-23,1038,1028,10,Delivered
SHP-0003241,SUP-019,PRD-00196,2023-08-13,2023-08-27,2023-09-01,937,909,28,Delivered
SHP-0003242,SUP-013,PRD-00144,2025-04-17,2025-05-01,2025-05-09,205,203,2,Delivered
SHP-0003243,SUP-030,PRD-00766,2024-11-24,2024-12-13,2024-12-21,451,451,0,Delivered
SHP-0003244,SUP-063,PRD-00895,2025-05-04,2025-05-10,2025-05-21,896,896,0,Delivered
SHP-0003245,SUP-021,PRD-00576,2023-04-04,2023-05-20,,718,576,0,Partial
SHP-0003246,SUP-040,PRD-00498,2022-02-10,2022-02-18,2022-02-23,127,126,1,Delivered
SHP-0003247,SUP-012,PRD-00150,2023-11-24,2023-12-16,2023-12-31,290,288,2,Late
SHP-0003248,SUP-069,PRD-00070,2021-02-20,2021-02-25,2021-03-04,124,121,3,Delivered
SHP-0003249,SUP-045,PRD-00274,2022-05-18,2022-05-23,2022-06-06,931,857,74,Delivered
SHP-0003250,SUP-007,PRD-00320,2024-08-26,2024-10-02,2024-10-02,1251,1251,0,Delivered
SHP-0003251,SUP-064,PRD-00249,2022-03-09,2022-03-18,2022-03-24,175,175,0,Delivered
SHP-0003252,SUP-047,PRD-00257,2020-03-04,2020-04-09,2020-04-21,267,265,2,Late
SHP-0003253,SUP-069,PRD-00888,2020-10-22,2020-10-30,2020-10-30,1075,989,86,Delivered
SHP-0003254,SUP-053,PRD-00115,2021-12-26,2022-01-14,2022-01-14,520,520,0,Delivered
SHP-0003255,SUP-006,PRD-00644,2023-10-03,2023-10-23,2023-10-31,695,675,20,Delivered
SHP-0003256,SUP-070,PRD-00396,2020-12-20,2021-01-03,2021-01-11,1394,1381,13,Delivered
SHP-0003257,SUP-027,PRD-00737,2021-10-29,2021-11-10,2021-11-13,714,714,0,Delivered
SHP-0003258,SUP-054,PRD-00339,2025-03-14,2025-04-03,2025-04-11,649,649,0,Delivered
SHP-0003259,SUP-050,PRD-00548,2020-11-15,2021-01-07,2021-01-11,1389,1389,0,Delivered
SHP-0003260,SUP-052,PRD-00390,2025-08-03,2025-08-19,2025-08-19,893,885,8,Delivered
SHP-0003261,SUP-069,PRD-00364,2020-02-08,2020-02-27,2020-03-05,979,950,29,Delivered
SHP-0003262,SUP-013,PRD-00321,2025-03-03,2025-03-21,2025-03-21,1341,1341,0,Delivered
SHP-0003263,SUP-060,PRD-00203,2022-07-23,2022-08-06,2022-08-18,659,659,0,Delivered
SHP-0003264,SUP-037,PRD-00889,2024-09-18,2024-09-28,2024-10-12,764,764,0,Delivered
SHP-0003265,SUP-070,PRD-00315,2020-04-20,2020-04-25,2020-04-28,1292,1280,12,Delivered
SHP-0003266,SUP-009,PRD-00757,2024-04-05,2024-06-02,2024-06-02,1131,1120,11,Delivered
SHP-0003267,SUP-043,PRD-00096,2023-04-19,2023-06-12,2023-06-12,718,556,16,Partial
SHP-0003268,SUP-053,PRD-00453,2025-12-23,2026-01-12,2026-01-18,967,967,0,Delivered
SHP-0003269,SUP-064,PRD-00680,2025-10-10,2025-11-29,2025-12-06,202,202,0,Delivered
SHP-0003270,SUP-064,PRD-00687,2020-06-15,2020-07-17,2020-07-17,621,621,0,Delivered
SHP-0003271,SUP-058,PRD-00060,2020-09-07,2020-11-09,2020-11-11,391,388,3,Delivered
SHP-0003272,SUP-059,PRD-00661,2020-02-21,2020-03-01,2020-03-01,1390,1390,0,Delivered
SHP-0003273,SUP-063,PRD-00722,2025-08-05,2025-08-21,2025-08-21,482,482,0,Delivered
SHP-0003274,SUP-041,PRD-00283,2024-04-23,2024-05-31,2024-06-05,1379,1379,0,Delivered
SHP-0003275,SUP-062,PRD-00426,2022-10-26,2022-11-24,2022-11-27,71,71,0,Delivered
SHP-0003276,SUP-018,PRD-00848,2024-12-02,2024-12-16,2024-12-18,903,903,0,Delivered
SHP-0003277,SUP-057,PRD-00248,2024-03-17,2024-03-28,2024-03-28,1364,1364,0,Delivered
SHP-0003278,SUP-039,PRD-00079,2021-02-15,2021-03-04,2021-03-05,738,738,0,Late
SHP-0003279,SUP-037,PRD-00295,2021-09-14,2021-09-25,2021-09-25,909,909,0,Delivered
SHP-0003280,SUP-010,PRD-00731,2022-08-19,2022-10-24,2022-10-24,222,222,0,Late
SHP-0003281,SUP-012,PRD-00679,2024-08-30,2024-09-21,2024-10-01,469,455,14,Delivered
SHP-0003282,SUP-041,PRD-00553,2021-12-24,2022-01-04,2022-01-14,862,854,8,Delivered
SHP-0003283,SUP-023,PRD-00242,2023-07-24,2023-08-14,2023-08-14,634,634,0,Delivered
SHP-0003284,SUP-027,PRD-00308,2026-07-03,2026-07-22,2026-07-27,295,293,2,Late
SHP-0003285,SUP-009,PRD-00757,2022-06-25,2022-08-15,2022-08-15,790,767,23,Delivered
SHP-0003286,SUP-017,PRD-00050,2020-01-25,2020-02-15,2020-02-21,1251,1239,12,Delivered
SHP-0003287,SUP-030,PRD-00864,2025-10-13,2025-11-06,2025-11-06,1089,1089,0,Delivered
SHP-0003288,SUP-046,PRD-00006,2023-04-10,2023-04-23,2023-05-04,1285,1285,0,Delivered
SHP-0003289,SUP-003,PRD-00556,2025-05-12,2025-07-23,2025-07-23,303,303,0,Delivered
SHP-0003290,SUP-042,PRD-00443,2025-12-03,2025-12-11,2025-12-14,375,372,3,Delivered
SHP-0003291,SUP-063,PRD-00444,2023-08-24,2023-09-02,2023-09-12,1113,1113,0,Delivered
SHP-0003292,SUP-008,PRD-00169,2026-07-09,2026-07-27,2026-07-27,611,611,0,Late
SHP-0003293,SUP-041,PRD-00663,2025-08-15,2025-10-11,2025-10-12,796,796,0,Delivered
SHP-0003294,SUP-008,PRD-00496,2022-04-04,2022-05-15,2022-05-18,916,916,0,Delivered
SHP-0003295,SUP-028,PRD-00471,2020-07-11,2020-07-30,2020-07-30,474,474,0,Late
SHP-0003296,SUP-037,PRD-00295,2026-01-05,2026-01-18,2026-01-20,1212,1212,0,Delivered
SHP-0003297,SUP-059,PRD-00163,2020-08-11,2020-08-23,2020-08-23,565,560,5,Delivered
SHP-0003298,SUP-064,PRD-00680,2024-08-07,2024-08-18,2024-08-18,1418,1418,0,Delivered
SHP-0003299,SUP-061,PRD-00395,2024-07-11,2024-07-19,2024-07-24,1099,1099,0,Late
SHP-0003300,SUP-032,PRD-00845,2025-02-09,2025-04-06,2025-04-06,539,534,5,Delivered
SHP-0003301,SUP-049,PRD-00350,2026-01-14,2026-02-05,2026-02-15,411,411,0,Delivered
SHP-0003302,SUP-022,PRD-00485,2025-10-25,2025-10-31,2025-11-16,864,864,0,Late
SHP-0003303,SUP-069,PRD-00139,2024-02-04,2024-02-14,2024-02-19,1222,1222,0,Delivered
SHP-0003304,SUP-054,PRD-00339,2021-01-03,2021-01-16,2021-01-18,1320,1307,13,Delivered
SHP-0003305,SUP-044,PRD-00626,2022-09-16,2022-10-01,2022-10-12,92,92,0,Delivered
SHP-0003306,SUP-031,PRD-00611,2025-02-05,2025-03-03,2025-03-06,1405,1391,14,Delivered
SHP-0003307,SUP-047,PRD-00887,2020-09-10,2020-11-04,2020-11-04,312,312,0,Delivered
SHP-0003308,SUP-069,PRD-00013,2024-01-12,2024-01-17,2024-01-28,1188,1188,0,Delivered
SHP-0003309,SUP-038,PRD-00563,2024-05-15,2024-05-23,2024-05-23,1185,1091,94,Delivered
SHP-0003310,SUP-050,PRD-00106,2026-01-23,2026-03-23,2026-03-30,92,67,0,Partial
SHP-0003311,SUP-038,PRD-00718,2026-03-23,2026-04-03,2026-04-05,1388,1388,0,Delivered
SHP-0003312,SUP-054,PRD-00227,2022-12-22,2023-01-15,2023-01-16,175,175,0,Late
SHP-0003313,SUP-027,PRD-00637,2022-08-08,2022-08-23,2022-08-23,434,434,0,Late
SHP-0003314,SUP-033,PRD-00132,2022-02-04,2022-02-13,2022-02-13,745,745,0,Delivered
SHP-0003315,SUP-030,PRD-00728,2020-02-19,2020-03-09,2020-03-21,1388,1347,41,Delivered
SHP-0003316,SUP-021,PRD-00702,2021-12-30,2022-02-10,2022-02-23,647,647,0,Delivered
SHP-0003317,SUP-054,PRD-00287,2024-08-08,2024-08-24,2024-08-24,1490,1476,14,Delivered
SHP-0003318,SUP-066,PRD-00284,2020-04-20,2020-05-11,2020-06-03,1272,1189,11,Partial
SHP-0003319,SUP-067,PRD-00309,2020-08-03,2020-08-23,2020-08-23,675,675,0,Delivered
SHP-0003320,SUP-037,PRD-00295,2020-10-29,2020-11-04,2020-11-04,689,689,0,Delivered
SHP-0003321,SUP-012,PRD-00168,2022-01-23,2022-02-02,,678,605,0,Partial
SHP-0003322,SUP-054,PRD-00706,2024-05-01,2024-05-24,2024-06-04,1377,1364,13,Delivered
SHP-0003323,SUP-064,PRD-00795,2023-08-22,2023-09-18,2023-09-24,602,596,6,Delivered
SHP-0003324,SUP-067,PRD-00595,2020-08-03,2020-08-15,2020-08-19,1001,1001,0,Late
SHP-0003325,SUP-065,PRD-00691,2022-08-10,2022-10-11,2022-10-21,979,970,9,Delivered
SHP-0003326,SUP-045,PRD-00182,2025-07-03,2025-08-01,2025-08-02,924,897,27,Delivered
SHP-0003327,SUP-025,PRD-00246,2024-04-15,2024-06-14,2024-06-26,928,919,9,Delivered
SHP-0003328,SUP-010,PRD-00727,2025-01-12,2025-02-05,2025-02-05,791,784,7,Delivered
SHP-0003329,SUP-029,PRD-00801,2025-03-04,2025-03-25,2025-04-04,260,258,2,Delivered
SHP-0003330,SUP-010,PRD-00126,2020-11-22,2021-01-30,2021-02-04,581,581,0,Delivered
SHP-0003331,SUP-049,PRD-00574,2023-01-14,2023-02-06,2023-02-11,975,966,9,Delivered
SHP-0003332,SUP-010,PRD-00803,2023-01-13,2023-02-25,2023-03-10,514,514,0,Delivered
SHP-0003333,SUP-045,PRD-00354,2024-06-02,2024-08-07,2024-08-19,880,880,0,Delivered
SHP-0003334,SUP-064,PRD-00517,2026-08-25,2026-10-14,2026-10-15,876,850,26,Delivered
SHP-0003335,SUP-010,PRD-00270,2020-06-04,2020-08-14,2020-08-14,919,919,0,Delivered
SHP-0003336,SUP-033,PRD-00125,2022-04-09,2022-06-16,2022-06-30,978,978,0,Late
SHP-0003337,SUP-026,PRD-00378,2020-11-06,2020-11-25,2020-11-25,107,107,0,Delivered
SHP-0003338,SUP-058,PRD-00060,2026-03-03,2026-04-01,2026-04-10,1081,1071,10,Delivered
SHP-0003339,SUP-062,PRD-00621,2025-08-27,2025-09-14,2025-09-26,299,299,0,Delivered
SHP-0003340,SUP-022,PRD-00507,2025-02-15,2025-03-07,2025-03-07,1323,1323,0,Delivered
SHP-0003341,SUP-066,PRD-00213,2022-12-18,2023-01-16,2023-01-18,123,123,0,Delivered
SHP-0003342,SUP-063,PRD-00722,2022-11-01,2022-11-20,2022-11-20,216,216,0,Delivered
SHP-0003343,SUP-036,PRD-00677,2021-10-19,2021-12-21,2021-12-26,606,600,6,Late
SHP-0003344,SUP-066,PRD-00606,2021-12-10,2021-12-15,2021-12-19,533,533,0,Delivered
SHP-0003345,SUP-038,PRD-00129,2021-09-13,2021-10-07,2021-10-08,739,739,0,Delivered
SHP-0003346,SUP-035,PRD-00826,2025-11-06,2025-11-22,2025-11-22,1223,1211,12,Delivered
SHP-0003347,SUP-036,PRD-00798,2021-06-04,2021-07-26,2021-07-26,1370,1370,0,Late
SHP-0003348,SUP-037,PRD-00089,2024-07-08,2024-07-23,2024-07-23,734,727,7,Delivered
SHP-0003349,SUP-069,PRD-00070,2023-02-25,2023-03-20,2023-03-30,658,658,0,Delivered
SHP-0003350,SUP-036,PRD-00361,2024-03-28,2024-05-29,2024-05-29,1330,1330,0,Delivered
SHP-0003351,SUP-010,PRD-00572,2026-06-14,2026-08-10,2026-08-15,682,662,20,Delivered
SHP-0003352,SUP-041,PRD-00310,2025-07-15,2025-08-25,2025-08-31,1455,1455,0,Delivered
SHP-0003353,SUP-060,PRD-00285,2025-05-26,2025-05-31,2025-05-31,865,865,0,Late
SHP-0003354,SUP-027,PRD-00652,2023-04-08,2023-04-19,2023-04-19,635,616,19,Delivered
SHP-0003355,SUP-034,PRD-00573,2025-02-08,2025-02-21,2025-03-03,449,436,13,Delivered
SHP-0003356,SUP-069,PRD-00749,2023-10-20,2023-10-31,2023-11-02,232,232,0,Delivered
SHP-0003357,SUP-002,PRD-00820,2024-11-22,2025-02-04,2025-02-09,587,587,0,Delivered
SHP-0003358,SUP-032,PRD-00551,2024-12-21,2025-01-19,2025-01-19,1145,1145,0,Late
SHP-0003359,SUP-051,PRD-00149,2022-09-23,2022-10-13,2022-10-17,1454,1454,0,Delivered
SHP-0003360,SUP-005,PRD-00555,2026-01-24,2026-02-07,2026-02-07,192,192,0,Delivered
SHP-0003361,SUP-005,PRD-00256,2025-08-23,2025-09-05,2025-09-05,978,978,0,Delivered
SHP-0003362,SUP-063,PRD-00763,2021-10-15,2021-10-22,2021-10-29,1068,1068,0,Delivered
SHP-0003363,SUP-016,PRD-00296,2020-04-18,2020-06-08,2020-06-09,1216,1216,0,Delivered
SHP-0003364,SUP-027,PRD-00652,2024-06-05,2024-06-27,2024-06-27,1294,1294,0,Delivered
SHP-0003365,SUP-058,PRD-00334,2025-08-11,2025-10-18,2025-11-02,601,583,18,Delivered
SHP-0003366,SUP-029,PRD-00549,2025-01-06,2025-01-12,2025-01-16,844,844,0,Delivered
SHP-0003367,SUP-050,PRD-00643,2025-11-21,2026-01-11,2026-01-20,165,164,1,Delivered
SHP-0003368,SUP-066,PRD-00533,2022-09-21,2022-11-13,2022-11-19,1367,1367,0,Delivered
SHP-0003369,SUP-017,PRD-00693,2022-08-05,2022-08-29,2022-09-02,1335,1322,13,Delivered
SHP-0003370,SUP-067,PRD-00261,2025-07-03,2025-07-25,2025-08-04,736,729,7,Delivered
SHP-0003371,SUP-030,PRD-00864,2024-02-22,2024-03-15,2024-03-16,152,152,0,Delivered
SHP-0003372,SUP-023,PRD-00698,2020-11-25,2021-01-05,2021-01-05,1208,1208,0,Delivered
SHP-0003373,SUP-014,PRD-00406,2024-08-15,2024-09-17,2024-09-21,603,603,0,Delivered
SHP-0003374,SUP-041,PRD-00420,2025-07-12,2025-08-08,2025-08-10,448,448,0,Delivered
SHP-0003375,SUP-040,PRD-00478,2025-02-28,2025-03-14,2025-03-19,1219,1219,0,Delivered
SHP-0003376,SUP-002,PRD-00386,2023-02-05,2023-03-23,2023-03-27,1152,1152,0,Late
SHP-0003377,SUP-022,PRD-00668,2022-09-05,2022-09-16,2022-09-16,337,337,0,Delivered
SHP-0003378,SUP-014,PRD-00528,2026-04-04,2026-04-18,2026-05-09,873,873,0,Delivered
SHP-0003379,SUP-070,PRD-00850,2023-11-27,2023-12-14,2023-12-22,1479,1479,0,Delivered
SHP-0003380,SUP-030,PRD-00111,2021-12-14,2021-12-22,2021-12-24,1068,1068,0,Late
SHP-0003381,SUP-030,PRD-00880,2021-05-10,2021-05-17,2021-05-17,1225,1213,12,Delivered
SHP-0003382,SUP-050,PRD-00775,2024-10-02,2024-10-19,2024-10-19,414,414,0,Delivered
SHP-0003383,SUP-018,PRD-00381,2021-12-12,2021-12-28,2021-12-30,915,915,0,Delivered
SHP-0003384,SUP-036,PRD-00361,2022-02-09,2022-03-27,2022-04-03,682,662,20,Delivered
SHP-0003385,SUP-068,PRD-00899,2022-05-06,2022-05-18,2022-05-24,234,234,0,Delivered
SHP-0003386,SUP-064,PRD-00424,2025-11-10,2026-01-16,2026-01-16,1182,1182,0,Delivered
SHP-0003387,SUP-013,PRD-00560,2025-11-27,2025-12-07,2025-12-07,383,383,0,Delivered
SHP-0003388,SUP-048,PRD-00779,2020-07-07,2020-07-22,2020-07-27,275,273,2,Delivered
SHP-0003389,SUP-046,PRD-00389,2021-05-07,2021-05-23,2021-06-01,67,65,2,Delivered
SHP-0003390,SUP-004,PRD-00440,2020-10-08,2020-10-21,2020-10-24,1235,1198,37,Delivered
SHP-0003391,SUP-009,PRD-00356,2022-01-21,2022-02-19,2022-02-19,1002,992,10,Delivered
SHP-0003392,SUP-045,PRD-00253,2025-04-02,2025-04-20,2025-04-20,202,202,0,Delivered
SHP-0003393,SUP-043,PRD-00519,2026-04-16,2026-05-15,2026-05-20,1032,1022,10,Delivered
SHP-0003394,SUP-065,PRD-00290,2023-07-10,2023-07-24,2023-07-28,336,336,0,Delivered
SHP-0003395,SUP-012,PRD-00092,2023-12-09,2023-12-27,2023-12-27,995,995,0,Delivered
SHP-0003396,SUP-046,PRD-00389,2023-03-17,2023-04-08,2023-04-08,1219,1219,0,Delivered
SHP-0003397,SUP-038,PRD-00020,2022-05-12,2022-05-20,2022-06-02,608,560,48,Late
SHP-0003398,SUP-022,PRD-00191,2025-10-30,2025-11-08,2025-11-12,1149,1149,0,Delivered
SHP-0003399,SUP-053,PRD-00095,2026-05-24,2026-06-01,2026-06-01,410,406,4,Delivered
SHP-0003400,SUP-010,PRD-00126,2022-03-25,2022-05-27,2022-05-27,467,467,0,Delivered
SHP-0003401,SUP-012,PRD-00732,2023-03-01,2023-03-08,2023-03-13,238,238,0,Delivered
SHP-0003402,SUP-006,PRD-00713,2020-06-02,2020-06-20,,1057,946,0,Partial
SHP-0003403,SUP-054,PRD-00630,2021-07-07,2021-07-12,2021-08-04,291,291,0,Delivered
SHP-0003404,SUP-070,PRD-00850,2020-11-06,2020-11-29,2020-12-01,409,405,4,Delivered
SHP-0003405,SUP-011,PRD-00837,2026-06-08,2026-06-30,2026-07-02,602,490,0,Partial
SHP-0003406,SUP-018,PRD-00338,2025-08-07,2025-08-25,2025-08-31,641,641,0,Delivered
SHP-0003407,SUP-059,PRD-00515,2026-05-18,2026-05-28,2026-05-30,364,361,3,Delivered
SHP-0003408,SUP-028,PRD-00164,2023-02-19,2023-03-05,2023-03-07,1291,1279,12,Delivered
SHP-0003409,SUP-037,PRD-00323,2020-11-16,2020-12-02,2020-12-12,1151,968,0,Partial
SHP-0003410,SUP-019,PRD-00466,2021-02-23,2021-03-09,2021-04-01,632,632,0,Delivered
SHP-0003411,SUP-022,PRD-00764,2026-04-02,2026-04-22,2026-04-22,853,785,68,Delivered
SHP-0003412,SUP-061,PRD-00589,2020-08-19,2020-08-31,2020-09-08,586,586,0,Delivered
SHP-0003413,SUP-015,PRD-00501,2025-08-21,2025-09-08,2025-09-08,365,365,0,Delivered
SHP-0003414,SUP-064,PRD-00235,2020-11-29,2021-01-09,2021-01-09,161,157,4,Delivered
SHP-0003415,SUP-061,PRD-00632,2025-09-28,2025-10-09,2025-10-12,193,192,1,Delivered
SHP-0003416,SUP-001,PRD-00886,2023-07-22,2023-08-13,2023-08-13,242,240,2,Delivered
SHP-0003417,SUP-034,PRD-00613,2026-01-17,2026-01-28,2026-01-28,451,451,0,Delivered
SHP-0003418,SUP-036,PRD-00622,2026-07-31,2026-09-09,2026-09-18,703,703,0,Delivered
SHP-0003419,SUP-021,PRD-00657,2022-12-05,2022-12-30,2023-01-06,845,845,0,Delivered
SHP-0003420,SUP-048,PRD-00202,2023-05-03,2023-05-13,2023-05-13,1447,1241,0,Partial
SHP-0003421,SUP-050,PRD-00441,2022-03-03,2022-04-03,2022-04-03,473,473,0,Delivered
SHP-0003422,SUP-049,PRD-00780,2021-10-01,2021-10-25,2021-10-25,1178,1178,0,Delivered
SHP-0003423,SUP-021,PRD-00738,2026-07-02,2026-07-09,2026-07-09,813,813,0,Delivered
SHP-0003424,SUP-027,PRD-00637,2024-11-17,2024-12-08,2024-12-08,78,78,0,Delivered
SHP-0003425,SUP-044,PRD-00116,2026-07-10,2026-07-30,2026-08-02,1037,1037,0,Delivered
SHP-0003426,SUP-062,PRD-00805,2025-08-20,2025-09-23,2025-09-23,937,937,0,Delivered
SHP-0003427,SUP-070,PRD-00708,2023-02-16,2023-02-24,2023-02-26,569,564,5,Delivered
SHP-0003428,SUP-050,PRD-00552,2020-08-16,2020-09-25,2020-09-25,729,729,0,Delivered
SHP-0003429,SUP-029,PRD-00586,2022-08-19,2022-08-24,2022-08-24,803,803,0,Delivered
SHP-0003430,SUP-049,PRD-00405,2024-07-06,2024-07-26,2024-07-31,169,169,0,Delivered
SHP-0003431,SUP-038,PRD-00740,2024-04-30,2024-05-16,2024-05-16,1219,1207,12,Delivered
SHP-0003432,SUP-011,PRD-00340,2021-12-14,2021-12-21,2021-12-26,136,136,0,Delivered
SHP-0003433,SUP-062,PRD-00815,2024-05-09,2024-07-18,2024-07-18,1213,1213,0,Delivered
SHP-0003434,SUP-061,PRD-00582,2021-07-25,2021-08-10,2021-08-10,1207,1207,0,Delivered
SHP-0003435,SUP-030,PRD-00069,2020-12-01,2020-12-11,2020-12-11,130,129,1,Delivered
SHP-0003436,SUP-013,PRD-00597,2024-05-15,2024-05-22,2024-05-25,750,750,0,Delivered
SHP-0003437,SUP-040,PRD-00498,2026-08-17,2026-09-09,2026-09-27,1025,1015,10,Delivered
SHP-0003438,SUP-006,PRD-00239,2022-07-20,2022-08-03,2022-08-03,749,749,0,Delivered
SHP-0003439,SUP-029,PRD-00172,2023-06-19,2023-06-29,2023-07-07,428,428,0,Delivered
SHP-0003440,SUP-011,PRD-00161,2026-08-13,2026-09-03,2026-09-03,563,563,0,Delivered
SHP-0003441,SUP-002,PRD-00700,2022-02-23,2022-03-21,2022-03-22,1339,1339,0,Delivered
SHP-0003442,SUP-016,PRD-00502,2025-04-08,2025-04-24,2025-04-24,496,496,0,Delivered
SHP-0003443,SUP-062,PRD-00426,2021-12-13,2022-02-23,2022-03-01,1366,906,0,Partial
SHP-0003444,SUP-001,PRD-00886,2024-05-23,2024-06-09,2024-06-12,582,582,0,Late
SHP-0003445,SUP-039,PRD-00302,2023-12-14,2024-01-05,2024-01-09,297,297,0,Late
SHP-0003446,SUP-037,PRD-00313,2021-11-27,2021-12-21,2021-12-26,342,339,3,Delivered
SHP-0003447,SUP-062,PRD-00815,2025-10-12,2025-12-21,2026-01-01,458,458,0,Delivered
SHP-0003448,SUP-031,PRD-00319,2024-09-10,2024-10-06,2024-10-07,1176,1176,0,Delivered
SHP-0003449,SUP-015,PRD-00739,2020-12-23,2021-01-14,2021-01-17,281,281,0,Delivered
SHP-0003450,SUP-046,PRD-00900,2024-01-09,2024-01-30,2024-02-02,661,661,0,Late
SHP-0003451,SUP-031,PRD-00525,2022-11-05,2022-12-27,2023-01-05,415,415,0,Delivered
SHP-0003452,SUP-020,PRD-00199,2022-02-07,2022-03-08,2022-03-08,105,105,0,Delivered
SHP-0003453,SUP-066,PRD-00606,2024-03-09,2024-04-10,2024-04-10,1463,1463,0,Delivered
SHP-0003454,SUP-027,PRD-00367,2020-07-29,2020-08-18,2020-08-26,706,471,0,Partial
SHP-0003455,SUP-040,PRD-00052,2025-08-27,2025-09-01,2025-09-06,1081,1049,32,Delivered
SHP-0003456,SUP-061,PRD-00853,2026-06-28,2026-07-08,2026-07-08,1263,1226,37,Delivered
SHP-0003457,SUP-006,PRD-00143,2021-11-13,2021-12-06,2021-12-06,1043,1043,0,Delivered
SHP-0003458,SUP-045,PRD-00048,2020-04-26,2020-06-18,2020-06-30,308,308,0,Delivered
SHP-0003459,SUP-039,PRD-00516,2023-01-08,2023-01-23,2023-01-23,412,412,0,Delivered
SHP-0003460,SUP-066,PRD-00300,2025-06-26,2025-08-02,2025-08-08,267,265,2,Delivered
SHP-0003461,SUP-062,PRD-00772,2022-02-17,2022-03-27,2022-03-27,1303,1303,0,Late
SHP-0003462,SUP-030,PRD-00728,2025-01-12,2025-01-28,2025-01-28,1282,1282,0,Delivered
SHP-0003463,SUP-013,PRD-00144,2021-02-19,2021-03-08,2021-03-08,336,336,0,Late
SHP-0003464,SUP-042,PRD-00443,2020-01-27,2020-02-08,2020-02-26,935,935,0,Delivered
SHP-0003465,SUP-066,PRD-00660,2025-02-06,2025-03-18,2025-04-05,1336,1336,0,Delivered
SHP-0003466,SUP-058,PRD-00334,2023-11-11,2024-01-22,2024-01-22,1056,1056,0,Delivered
SHP-0003467,SUP-026,PRD-00608,2026-07-11,2026-07-29,2026-07-29,999,999,0,Delivered
SHP-0003468,SUP-024,PRD-00408,2025-09-26,2025-10-07,2025-10-07,124,124,0,Late
SHP-0003469,SUP-029,PRD-00894,2024-01-25,2024-02-03,2024-02-11,460,460,0,Delivered
SHP-0003470,SUP-028,PRD-00062,2020-04-23,2020-05-01,2020-05-05,701,701,0,Delivered
SHP-0003471,SUP-060,PRD-00753,2023-08-25,2023-09-04,2023-09-15,221,221,0,Delivered
SHP-0003472,SUP-058,PRD-00468,2024-07-22,2024-09-03,2024-09-06,1008,978,30,Delivered
SHP-0003473,SUP-050,PRD-00552,2024-06-20,2024-07-01,2024-07-01,292,292,0,Delivered
SHP-0003474,SUP-021,PRD-00791,2021-08-21,2021-08-31,2021-09-03,363,363,0,Delivered
SHP-0003475,SUP-068,PRD-00559,2024-02-06,2024-02-17,2024-02-17,1214,1117,97,Delivered
SHP-0003476,SUP-042,PRD-00098,2022-05-22,2022-06-23,2022-06-28,1226,1214,12,Delivered
SHP-0003477,SUP-026,PRD-00697,2025-01-10,2025-01-20,2025-01-20,596,596,0,Delivered
SHP-0003478,SUP-050,PRD-00449,2023-02-09,2023-03-13,2023-03-21,163,163,0,Delivered
SHP-0003479,SUP-059,PRD-00667,2022-02-04,2022-02-17,2022-02-24,1363,1363,0,Late
SHP-0003480,SUP-056,PRD-00017,2021-10-31,2021-11-28,2021-11-28,973,973,0,Delivered
SHP-0003481,SUP-033,PRD-00873,2026-06-08,2026-07-19,2026-07-20,632,626,6,Delivered
SHP-0003482,SUP-030,PRD-00131,2026-02-09,2026-02-27,2026-03-05,256,249,7,Delivered
SHP-0003483,SUP-017,PRD-00504,2023-07-05,2023-07-13,2023-07-13,514,509,5,Delivered
SHP-0003484,SUP-026,PRD-00378,2021-11-30,2021-12-05,2021-12-05,521,521,0,Delivered
SHP-0003485,SUP-050,PRD-00775,2022-02-04,2022-04-17,2022-04-30,172,159,13,Delivered
SHP-0003486,SUP-030,PRD-00359,2022-03-16,2022-03-30,2022-04-13,127,127,0,Delivered
SHP-0003487,SUP-016,PRD-00337,2021-07-11,2021-08-05,2021-08-12,563,547,16,Late
SHP-0003488,SUP-050,PRD-00552,2020-01-22,2020-02-09,2020-02-09,245,245,0,Delivered
SHP-0003489,SUP-029,PRD-00011,2025-11-07,2025-11-14,2025-11-14,863,794,69,Late
SHP-0003490,SUP-001,PRD-00475,2023-04-23,2023-05-02,2023-05-18,752,752,0,Delivered
SHP-0003491,SUP-022,PRD-00668,2024-02-07,2024-02-21,2024-02-21,856,856,0,Delivered
SHP-0003492,SUP-037,PRD-00323,2024-10-07,2024-10-18,2024-10-18,1080,1048,32,Delivered
SHP-0003493,SUP-048,PRD-00779,2022-07-09,2022-07-23,2022-07-23,1487,1443,44,Late
SHP-0003494,SUP-018,PRD-00299,2025-06-03,2025-06-21,2025-06-21,620,620,0,Delivered
SHP-0003495,SUP-023,PRD-00777,2025-11-30,2026-02-02,2026-02-08,536,536,0,Delivered
SHP-0003496,SUP-026,PRD-00197,2024-02-23,2024-03-12,2024-03-18,945,945,0,Delivered
SHP-0003497,SUP-029,PRD-00801,2024-09-10,2024-09-19,2024-09-25,464,464,0,Delivered
SHP-0003498,SUP-042,PRD-00443,2025-02-02,2025-04-17,2025-05-03,841,573,5,Partial
SHP-0003499,SUP-023,PRD-00351,2020-06-24,2020-08-19,2020-08-19,1129,1129,0,Delivered
SHP-0003500,SUP-058,PRD-00060,2024-04-05,2024-05-17,2024-05-17,368,368,0,Delivered
SHP-0003501,SUP-041,PRD-00166,2026-05-09,2026-06-13,2026-06-21,1180,1180,0,Delivered
SHP-0003502,SUP-066,PRD-00533,2020-05-01,2020-05-06,2020-05-06,244,244,0,Delivered
SHP-0003503,SUP-029,PRD-00586,2023-12-30,2024-01-16,2024-01-18,1244,1244,0,Delivered
SHP-0003504,SUP-060,PRD-00345,2026-05-20,2026-05-30,2026-06-11,1423,1423,0,Delivered
SHP-0003505,SUP-066,PRD-00245,2025-01-24,2025-02-03,2025-02-09,594,589,5,Delivered
SHP-0003506,SUP-006,PRD-00585,2023-11-06,2023-11-28,2023-11-28,648,648,0,Late
SHP-0003507,SUP-048,PRD-00268,2026-03-03,2026-03-23,2026-03-29,466,466,0,Delivered
SHP-0003508,SUP-063,PRD-00895,2024-03-17,2024-03-28,2024-03-31,73,73,0,Delivered
SHP-0003509,SUP-009,PRD-00672,2026-01-03,2026-02-28,2026-03-05,557,557,0,Delivered
SHP-0003510,SUP-067,PRD-00261,2025-06-29,2025-07-05,2025-07-20,848,848,0,Delivered
SHP-0003511,SUP-022,PRD-00454,2024-07-25,2024-08-14,2024-08-15,246,246,0,Delivered
SHP-0003512,SUP-044,PRD-00481,2022-10-12,2022-10-31,2022-10-31,1015,1015,0,Delivered
SHP-0003513,SUP-062,PRD-00805,2022-01-14,2022-03-17,2022-03-17,709,709,0,Delivered
SHP-0003514,SUP-013,PRD-00216,2021-06-21,2021-07-08,2021-07-23,712,712,0,Delivered
SHP-0003515,SUP-066,PRD-00705,2023-06-23,2023-07-15,2023-07-20,1009,1009,0,Delivered
SHP-0003516,SUP-045,PRD-00314,2024-02-11,2024-03-02,2024-03-04,743,684,59,Delivered
SHP-0003517,SUP-036,PRD-00071,2025-05-28,2025-06-09,2025-06-15,1054,1054,0,Delivered
SHP-0003518,SUP-013,PRD-00898,2020-02-03,2020-02-11,2020-02-13,797,797,0,Delivered
SHP-0003519,SUP-037,PRD-00800,2020-07-12,2020-07-26,2020-07-28,174,174,0,Delivered
SHP-0003520,SUP-025,PRD-00577,2022-05-14,2022-07-21,2022-07-21,1352,1352,0,Delivered
SHP-0003521,SUP-032,PRD-00372,2024-09-22,2024-10-09,2024-10-19,582,582,0,Delivered
SHP-0003522,SUP-009,PRD-00157,2022-10-03,2022-12-02,2022-12-02,672,672,0,Delivered
SHP-0003523,SUP-049,PRD-00651,2023-02-04,2023-02-22,2023-03-05,598,593,5,Delivered
SHP-0003524,SUP-059,PRD-00515,2022-01-03,2022-01-22,2022-01-28,352,352,0,Delivered
SHP-0003525,SUP-053,PRD-00696,2024-06-04,2024-06-15,2024-06-15,624,624,0,Delivered
SHP-0003526,SUP-029,PRD-00172,2023-09-07,2023-09-25,2023-10-01,552,536,16,Delivered
SHP-0003527,SUP-038,PRD-00316,2021-01-28,2021-02-08,2021-02-23,784,777,7,Delivered
SHP-0003528,SUP-039,PRD-00302,2024-07-01,2024-07-18,2024-08-07,702,702,0,Late
SHP-0003529,SUP-013,PRD-00144,2025-08-02,2025-08-11,2025-08-13,1351,1351,0,Delivered
SHP-0003530,SUP-017,PRD-00693,2021-10-30,2021-11-13,2021-11-23,677,677,0,Delivered
SHP-0003531,SUP-032,PRD-00122,2022-08-08,2022-10-07,2022-10-09,436,436,0,Delivered
SHP-0003532,SUP-021,PRD-00791,2020-01-17,2020-02-19,2020-02-25,185,185,0,Late
SHP-0003533,SUP-059,PRD-00416,2022-01-14,2022-01-19,2022-01-20,1180,1169,11,Delivered
SHP-0003534,SUP-039,PRD-00120,2023-11-09,2023-12-01,2023-12-17,710,710,0,Delivered
SHP-0003535,SUP-019,PRD-00365,2023-06-05,2023-06-13,2023-06-27,836,828,8,Delivered
SHP-0003536,SUP-068,PRD-00715,2023-07-09,2023-07-22,2023-07-22,1440,1057,0,Partial
SHP-0003537,SUP-057,PRD-00218,2025-12-26,2026-01-01,2026-01-10,71,71,0,Delivered
SHP-0003538,SUP-007,PRD-00874,2023-08-28,2023-10-25,2023-10-25,403,403,0,Delivered
SHP-0003539,SUP-055,PRD-00488,2021-07-04,2021-07-16,2021-07-25,961,961,0,Delivered
SHP-0003540,SUP-061,PRD-00616,2023-02-04,2023-02-26,2023-03-03,1290,1290,0,Late
SHP-0003541,SUP-027,PRD-00615,2023-08-30,2023-09-08,2023-09-08,796,796,0,Delivered
SHP-0003542,SUP-064,PRD-00795,2025-01-02,2025-03-14,2025-03-21,276,254,22,Delivered
SHP-0003543,SUP-054,PRD-00706,2024-09-12,2024-09-27,2024-09-30,1195,1184,11,Delivered
SHP-0003544,SUP-002,PRD-00675,2025-11-21,2026-01-20,2026-01-20,970,961,9,Late
SHP-0003545,SUP-053,PRD-00453,2021-10-10,2021-10-30,2021-10-30,1327,1327,0,Delivered
SHP-0003546,SUP-063,PRD-00743,2022-11-22,2022-12-02,2022-12-05,738,738,0,Delivered
SHP-0003547,SUP-001,PRD-00783,2021-03-07,2021-03-29,2021-03-29,192,192,0,Delivered
SHP-0003548,SUP-052,PRD-00176,2020-01-17,2020-02-09,2020-02-14,565,565,0,Delivered
SHP-0003549,SUP-020,PRD-00167,2020-02-21,2020-03-30,2020-04-08,1078,1046,32,Delivered
SHP-0003550,SUP-042,PRD-00373,2020-02-26,2020-05-03,2020-05-14,458,458,0,Late
SHP-0003551,SUP-003,PRD-00768,2020-02-17,2020-04-17,2020-04-28,201,201,0,Delivered
SHP-0003552,SUP-001,PRD-00479,2026-03-24,2026-04-02,2026-04-13,670,670,0,Delivered
SHP-0003553,SUP-036,PRD-00414,2024-11-16,2025-01-27,2025-01-27,1024,1024,0,Delivered
SHP-0003554,SUP-033,PRD-00712,2022-01-19,2022-02-16,2022-02-16,1125,1114,11,Delivered
SHP-0003555,SUP-005,PRD-00348,2021-06-13,2021-07-06,2021-07-06,364,364,0,Delivered
SHP-0003556,SUP-068,PRD-00846,2023-07-23,2023-08-07,2023-08-13,918,845,73,Delivered
SHP-0003557,SUP-004,PRD-00279,2024-04-30,2024-05-09,,1108,971,29,Partial
SHP-0003558,SUP-029,PRD-00215,2025-03-29,2025-04-19,2025-04-19,1410,1410,0,Late
SHP-0003559,SUP-047,PRD-00744,2026-01-29,2026-02-13,2026-02-15,1038,1028,10,Delivered
SHP-0003560,SUP-018,PRD-00267,2024-12-27,2025-01-12,2025-01-14,262,260,2,Late
SHP-0003561,SUP-054,PRD-00706,2025-02-03,2025-02-08,2025-02-08,1386,1386,0,Delivered
SHP-0003562,SUP-022,PRD-00764,2021-02-23,2021-03-08,2021-03-08,448,444,4,Delivered
SHP-0003563,SUP-068,PRD-00382,2026-04-18,2026-04-29,,520,419,0,Partial
SHP-0003564,SUP-063,PRD-00380,2024-02-16,2024-03-11,2024-03-15,1094,1084,10,Delivered
SHP-0003565,SUP-022,PRD-00627,2023-03-05,2023-03-24,2023-04-01,1358,1358,0,Delivered
SHP-0003566,SUP-046,PRD-00428,2023-10-17,2023-11-02,2023-11-02,604,586,18,Delivered
SHP-0003567,SUP-022,PRD-00668,2025-01-27,2025-02-16,2025-02-18,357,357,0,Delivered
SHP-0003568,SUP-006,PRD-00091,2021-01-22,2021-02-15,2021-02-15,1297,1297,0,Delivered
SHP-0003569,SUP-009,PRD-00538,2021-12-08,2021-12-21,2021-12-21,1357,1357,0,Delivered
SHP-0003570,SUP-054,PRD-00227,2022-02-06,2022-02-21,2022-02-23,252,252,0,Late
SHP-0003571,SUP-026,PRD-00799,2025-03-15,2025-03-21,2025-03-21,1366,1353,13,Delivered
SHP-0003572,SUP-039,PRD-00200,2023-05-15,2023-05-27,2023-06-05,550,550,0,Delivered
SHP-0003573,SUP-054,PRD-00694,2020-11-30,2020-12-11,2020-12-11,829,829,0,Late
SHP-0003574,SUP-054,PRD-00630,2024-03-30,2024-04-07,2024-04-07,1061,977,84,Delivered
SHP-0003575,SUP-047,PRD-00138,2023-12-21,2024-02-05,2024-02-09,865,840,25,Delivered
SHP-0003576,SUP-064,PRD-00198,2025-11-13,2026-01-25,2026-02-03,1188,1188,0,Delivered
SHP-0003577,SUP-025,PRD-00796,2022-07-28,2022-09-24,2022-09-27,393,393,0,Delivered
SHP-0003578,SUP-051,PRD-00053,2025-04-26,2025-05-10,2025-05-28,1046,1046,0,Delivered
SHP-0003579,SUP-068,PRD-00259,2020-09-13,2020-09-19,2020-10-03,1059,1059,0,Delivered
SHP-0003580,SUP-003,PRD-00556,2023-10-05,2023-10-18,2023-11-05,776,776,0,Delivered
SHP-0003581,SUP-014,PRD-00075,2025-04-20,2025-05-07,2025-05-12,1147,1147,0,Delivered
SHP-0003582,SUP-028,PRD-00152,2022-04-24,2022-04-29,2022-05-06,263,263,0,Delivered
SHP-0003583,SUP-062,PRD-00426,2023-12-06,2024-01-04,2024-01-05,1151,1117,34,Late
SHP-0003584,SUP-064,PRD-00249,2025-12-30,2026-02-07,2026-02-07,1199,1164,35,Delivered
SHP-0003585,SUP-011,PRD-00837,2020-01-16,2020-02-01,2020-02-01,455,455,0,Delivered
SHP-0003586,SUP-054,PRD-00237,2024-10-14,2024-11-06,2024-11-13,1224,1224,0,Delivered
SHP-0003587,SUP-048,PRD-00268,2022-05-16,2022-05-25,2022-05-25,660,660,0,Delivered
SHP-0003588,SUP-030,PRD-00522,2023-05-14,2023-06-06,2023-06-06,1199,1199,0,Delivered
SHP-0003589,SUP-036,PRD-00798,2022-01-12,2022-02-13,2022-02-14,477,463,14,Delivered
SHP-0003590,SUP-014,PRD-00437,2021-01-01,2021-03-13,2021-03-20,665,646,19,Delivered
SHP-0003591,SUP-022,PRD-00450,2021-09-12,2021-09-21,2021-10-04,1049,1049,0,Delivered
SHP-0003592,SUP-018,PRD-00607,2021-05-03,2021-05-27,2021-05-27,377,377,0,Delivered
SHP-0003593,SUP-046,PRD-00562,2020-12-06,2020-12-21,2020-12-23,1268,1163,0,Partial
SHP-0003594,SUP-027,PRD-00737,2026-05-29,2026-06-17,2026-06-17,331,331,0,Delivered
SHP-0003595,SUP-070,PRD-00721,2021-06-01,2021-06-08,2021-06-14,1118,1118,0,Delivered
SHP-0003596,SUP-032,PRD-00260,2026-05-19,2026-06-20,2026-06-20,140,139,1,Delivered
SHP-0003597,SUP-011,PRD-00489,2023-04-17,2023-05-05,2023-05-18,349,349,0,Late
SHP-0003598,SUP-015,PRD-00501,2026-07-19,2026-07-25,2026-07-25,637,637,0,Late
SHP-0003599,SUP-063,PRD-00452,2025-08-07,2025-08-23,2025-08-23,1302,1302,0,Delivered
SHP-0003600,SUP-044,PRD-00666,2020-05-09,2020-05-23,2020-05-23,883,857,26,Late
SHP-0003601,SUP-047,PRD-00744,2023-12-25,2024-02-18,2024-02-19,706,706,0,Delivered
SHP-0003602,SUP-010,PRD-00897,2025-02-26,2025-05-06,2025-05-07,801,801,0,Delivered
SHP-0003603,SUP-059,PRD-00456,2021-09-08,2021-09-17,2021-09-26,199,199,0,Delivered
SHP-0003604,SUP-065,PRD-00691,2025-04-10,2025-06-22,2025-06-22,1465,1451,14,Delivered
SHP-0003605,SUP-066,PRD-00255,2026-02-01,2026-03-04,2026-03-20,532,532,0,Delivered
SHP-0003606,SUP-047,PRD-00746,2025-09-20,2025-09-27,2025-09-28,756,756,0,Delivered
SHP-0003607,SUP-060,PRD-00285,2022-04-22,2022-05-13,2022-05-14,1058,1058,0,Delivered
SHP-0003608,SUP-001,PRD-00736,2022-06-30,2022-07-22,2022-07-23,356,356,0,Delivered
SHP-0003609,SUP-062,PRD-00426,2026-07-28,2026-09-23,2026-10-06,278,278,0,Delivered
SHP-0003610,SUP-013,PRD-00435,2023-09-24,2023-10-17,2023-10-18,1147,1147,0,Late
SHP-0003611,SUP-041,PRD-00493,2022-05-30,2022-08-09,2022-08-14,1319,1319,0,Late
SHP-0003612,SUP-062,PRD-00547,2021-02-02,2021-02-12,2021-02-15,454,450,4,Delivered
SHP-0003613,SUP-038,PRD-00134,2022-03-07,2022-03-23,2022-04-03,670,535,0,Partial
SHP-0003614,SUP-059,PRD-00110,2020-12-04,2020-12-26,2021-01-02,971,971,0,Late
SHP-0003615,SUP-070,PRD-00396,2021-02-09,2021-02-16,2021-02-23,645,626,19,Delivered
SHP-0003616,SUP-054,PRD-00227,2026-06-05,2026-06-17,2026-06-17,969,969,0,Delivered
SHP-0003617,SUP-035,PRD-00059,2023-07-29,2023-08-20,2023-09-01,1021,1021,0,Late
SHP-0003618,SUP-052,PRD-00390,2025-06-25,2025-06-30,2025-07-05,768,768,0,Delivered
SHP-0003619,SUP-012,PRD-00226,2025-01-24,2025-02-17,2025-02-20,224,196,5,Partial
SHP-0003620,SUP-060,PRD-00271,2020-11-10,2020-12-01,2020-12-18,60,60,0,Delivered
SHP-0003621,SUP-069,PRD-00117,2023-07-12,2023-08-03,2023-08-03,326,317,9,Delivered
SHP-0003622,SUP-018,PRD-00607,2024-11-25,2024-12-19,2024-12-22,214,214,0,Late
SHP-0003623,SUP-003,PRD-00556,2021-01-26,2021-02-23,2021-02-23,668,668,0,Delivered
SHP-0003624,SUP-037,PRD-00101,2024-11-15,2024-11-29,2024-11-29,1380,1380,0,Delivered
SHP-0003625,SUP-035,PRD-00174,2026-03-21,2026-03-27,2026-03-29,487,338,3,Partial
SHP-0003626,SUP-006,PRD-00690,2023-01-04,2023-01-09,2023-01-09,405,405,0,Delivered
SHP-0003627,SUP-064,PRD-00235,2020-11-16,2020-11-21,2020-12-11,1464,1270,38,Partial
SHP-0003628,SUP-052,PRD-00090,2023-06-30,2023-07-23,2023-07-23,495,491,4,Delivered
SHP-0003629,SUP-010,PRD-00527,2021-06-15,2021-08-28,2021-09-03,1414,1414,0,Delivered
SHP-0003630,SUP-020,PRD-00199,2026-05-18,2026-06-06,2026-06-12,1391,1378,13,Delivered
SHP-0003631,SUP-057,PRD-00264,2025-09-17,2025-09-24,2025-09-27,938,938,0,Delivered
SHP-0003632,SUP-068,PRD-00366,2026-04-08,2026-04-23,2026-04-23,1416,1416,0,Delivered
SHP-0003633,SUP-021,PRD-00476,2024-05-27,2024-07-06,2024-07-09,177,139,0,Partial
SHP-0003634,SUP-047,PRD-00266,2021-05-14,2021-07-02,2021-07-08,376,365,11,Delivered
SHP-0003635,SUP-063,PRD-00743,2024-04-25,2024-05-09,2024-05-09,672,666,6,Delivered
SHP-0003636,SUP-040,PRD-00269,2026-06-09,2026-06-15,2026-06-19,1205,1205,0,Late
SHP-0003637,SUP-059,PRD-00434,2024-04-16,2024-05-02,2024-05-09,630,624,6,Late
SHP-0003638,SUP-013,PRD-00890,2022-02-11,2022-03-01,,443,315,0,Partial
SHP-0003639,SUP-053,PRD-00633,2020-05-02,2020-05-16,2020-05-18,610,604,6,Late
SHP-0003640,SUP-034,PRD-00793,2021-03-06,2021-03-14,2021-03-23,427,427,0,Delivered
SHP-0003641,SUP-063,PRD-00065,2026-08-18,2026-09-06,2026-09-06,793,786,7,Delivered
SHP-0003642,SUP-063,PRD-00895,2021-09-16,2021-10-05,2021-10-05,1325,1325,0,Late
SHP-0003643,SUP-047,PRD-00752,2022-09-19,2022-11-20,2022-11-20,1335,1295,40,Delivered
SHP-0003644,SUP-029,PRD-00480,2020-02-05,2020-02-20,2020-02-20,1146,1112,34,Delivered
SHP-0003645,SUP-022,PRD-00764,2023-11-24,2023-12-03,2023-12-06,871,871,0,Late
SHP-0003646,SUP-011,PRD-00161,2024-11-01,2024-11-18,2024-11-23,1077,1077,0,Delivered
SHP-0003647,SUP-068,PRD-00559,2026-04-01,2026-04-19,2026-05-01,1145,1145,0,Delivered
SHP-0003648,SUP-002,PRD-00371,2021-10-22,2021-12-19,2021-12-27,273,273,0,Delivered
SHP-0003649,SUP-063,PRD-00444,2021-10-02,2021-10-16,2021-10-26,1072,1072,0,Delivered
SHP-0003650,SUP-045,PRD-00719,2023-05-20,2023-06-01,2023-06-15,962,953,9,Delivered
SHP-0003651,SUP-053,PRD-00453,2023-09-01,2023-09-12,2023-09-23,760,753,7,Delivered
SHP-0003652,SUP-020,PRD-00167,2023-10-30,2023-11-04,2023-11-04,538,533,5,Delivered
SHP-0003653,SUP-012,PRD-00226,2021-06-14,2021-06-26,2021-06-29,1180,1180,0,Delivered
SHP-0003654,SUP-023,PRD-00891,2020-05-08,2020-06-11,2020-06-11,1230,1230,0,Delivered
SHP-0003655,SUP-028,PRD-00542,2024-08-23,2024-08-29,2024-08-30,1274,1274,0,Delivered
SHP-0003656,SUP-022,PRD-00450,2021-03-23,2021-03-31,2021-04-06,762,762,0,Late
SHP-0003657,SUP-040,PRD-00269,2024-04-09,2024-05-03,2024-05-05,742,735,7,Delivered
SHP-0003658,SUP-070,PRD-00494,2025-08-04,2025-08-09,2025-08-16,450,446,4,Delivered
SHP-0003659,SUP-021,PRD-00830,2025-09-22,2025-11-20,2025-12-03,1214,1214,0,Late
SHP-0003660,SUP-042,PRD-00847,2020-06-06,2020-07-19,2020-07-19,1223,1223,0,Delivered
SHP-0003661,SUP-019,PRD-00124,2021-01-13,2021-01-24,2021-01-31,616,610,6,Delivered
SHP-0003662,SUP-019,PRD-00466,2025-07-30,2025-08-11,2025-08-11,818,818,0,Delivered
SHP-0003663,SUP-064,PRD-00503,2020-03-04,2020-04-05,2020-04-05,582,565,17,Delivered
SHP-0003664,SUP-005,PRD-00681,2025-08-03,2025-08-22,2025-08-22,287,287,0,Delivered
SHP-0003665,SUP-005,PRD-00256,2025-01-05,2025-01-25,2025-01-25,272,272,0,Delivered
SHP-0003666,SUP-009,PRD-00442,2024-04-22,2024-06-21,2024-06-22,1371,1371,0,Late
SHP-0003667,SUP-027,PRD-00725,2020-10-25,2020-11-15,2020-11-23,777,777,0,Delivered
SHP-0003668,SUP-047,PRD-00832,2024-10-29,2025-01-08,2025-01-13,833,825,8,Delivered
SHP-0003669,SUP-067,PRD-00686,2025-08-03,2025-08-18,2025-08-18,1350,1244,12,Partial
SHP-0003670,SUP-066,PRD-00245,2024-02-15,2024-02-28,2024-02-28,148,147,1,Delivered
SHP-0003671,SUP-029,PRD-00685,2025-03-26,2025-04-04,2025-04-04,1136,1136,0,Delivered
SHP-0003672,SUP-016,PRD-00296,2026-02-04,2026-02-15,2026-02-18,299,297,2,Delivered
SHP-0003673,SUP-048,PRD-00202,2025-08-22,2025-09-10,2025-09-13,429,429,0,Delivered
SHP-0003674,SUP-039,PRD-00054,2023-08-11,2023-09-02,2023-09-02,1227,1227,0,Late
SHP-0003675,SUP-050,PRD-00399,2024-08-09,2024-09-07,2024-09-13,260,260,0,Late
SHP-0003676,SUP-006,PRD-00644,2026-04-09,2026-05-01,2026-05-03,529,514,15,Delivered
SHP-0003677,SUP-005,PRD-00555,2022-04-14,2022-04-24,2022-04-24,134,133,1,Late
SHP-0003678,SUP-021,PRD-00531,2021-01-30,2021-04-06,2021-04-06,823,815,8,Delivered
SHP-0003679,SUP-022,PRD-00764,2023-01-19,2023-02-02,2023-02-11,1328,1315,13,Late
SHP-0003680,SUP-060,PRD-00619,2022-07-28,2022-08-02,2022-08-02,1215,1215,0,Delivered
SHP-0003681,SUP-010,PRD-00482,2022-03-26,2022-05-16,2022-05-16,405,405,0,Delivered
SHP-0003682,SUP-039,PRD-00436,2020-02-10,2020-02-21,2020-03-08,578,578,0,Late
SHP-0003683,SUP-043,PRD-00418,2021-08-19,2021-09-01,2021-09-04,851,851,0,Delivered
SHP-0003684,SUP-020,PRD-00877,2024-03-30,2024-05-19,2024-05-27,539,523,16,Delivered
SHP-0003685,SUP-009,PRD-00442,2024-09-15,2024-11-07,2024-11-10,567,567,0,Delivered
SHP-0003686,SUP-068,PRD-00715,2024-10-29,2024-11-10,2024-11-14,1272,1272,0,Late
SHP-0003687,SUP-064,PRD-00680,2024-10-29,2025-01-10,2025-01-28,1284,1272,12,Delivered
SHP-0003688,SUP-059,PRD-00515,2025-02-06,2025-02-18,2025-02-21,1475,1475,0,Delivered
SHP-0003689,SUP-039,PRD-00829,2020-05-25,2020-06-11,2020-06-19,1258,1258,0,Delivered
SHP-0003690,SUP-019,PRD-00532,2021-02-20,2021-03-10,2021-03-10,1389,1389,0,Late
SHP-0003691,SUP-046,PRD-00389,2021-03-11,2021-03-26,2021-03-31,358,358,0,Delivered
SHP-0003692,SUP-063,PRD-00452,2024-06-04,2024-06-10,2024-06-13,853,845,8,Delivered
SHP-0003693,SUP-006,PRD-00592,2024-09-29,2024-10-12,2024-10-20,552,508,44,Delivered
SHP-0003694,SUP-069,PRD-00749,2023-12-26,2024-01-13,2024-01-13,506,491,15,Late
SHP-0003695,SUP-038,PRD-00330,2022-12-18,2023-01-01,2023-01-04,1498,1498,0,Delivered
SHP-0003696,SUP-064,PRD-00198,2021-10-26,2021-12-06,2021-12-16,1139,1139,0,Delivered
SHP-0003697,SUP-027,PRD-00737,2022-03-12,2022-04-03,2022-04-03,1457,1457,0,Delivered
SHP-0003698,SUP-012,PRD-00103,2020-07-13,2020-07-31,2020-07-31,1058,1058,0,Delivered
SHP-0003699,SUP-001,PRD-00084,2020-03-23,2020-04-12,2020-04-24,647,647,0,Delivered
SHP-0003700,SUP-036,PRD-00312,2021-01-31,2021-04-05,2021-04-05,779,779,0,Delivered
SHP-0003701,SUP-057,PRD-00870,2026-06-30,2026-07-15,2026-07-24,1400,1400,0,Delivered
SHP-0003702,SUP-053,PRD-00518,2022-11-03,2022-11-17,2022-11-21,422,418,4,Delivered
SHP-0003703,SUP-046,PRD-00428,2025-01-17,2025-02-06,2025-02-17,1078,1078,0,Delivered
SHP-0003704,SUP-067,PRD-00653,2021-07-25,2021-08-10,2021-08-10,195,195,0,Late
SHP-0003705,SUP-028,PRD-00062,2026-08-15,2026-08-29,2026-08-29,485,485,0,Delivered
SHP-0003706,SUP-021,PRD-00791,2024-05-25,2024-07-18,2024-08-06,1357,1357,0,Delivered
SHP-0003707,SUP-049,PRD-00112,2023-08-24,2023-08-30,2023-09-05,64,64,0,Delivered
SHP-0003708,SUP-051,PRD-00499,2020-04-08,2020-04-18,2020-04-18,221,221,0,Delivered
SHP-0003709,SUP-030,PRD-00036,2026-07-22,2026-08-10,2026-08-15,820,820,0,Late
SHP-0003710,SUP-023,PRD-00513,2025-11-28,2025-12-26,2025-12-26,1037,1037,0,Delivered
SHP-0003711,SUP-006,PRD-00294,2021-04-08,2021-04-13,2021-04-15,608,608,0,Late
SHP-0003712,SUP-011,PRD-00411,2025-03-10,2025-03-31,2025-04-04,305,305,0,Delivered
SHP-0003713,SUP-068,PRD-00559,2025-07-23,2025-08-07,2025-08-17,132,132,0,Delivered
SHP-0003714,SUP-046,PRD-00240,2026-03-10,2026-03-25,2026-03-31,1251,1251,0,Delivered
SHP-0003715,SUP-062,PRD-00128,2023-06-30,2023-08-11,2023-08-11,168,168,0,Delivered
SHP-0003716,SUP-043,PRD-00241,2020-07-31,2020-09-13,2020-09-19,349,346,3,Delivered
SHP-0003717,SUP-062,PRD-00077,2022-03-24,2022-05-20,2022-05-29,313,313,0,Delivered
SHP-0003718,SUP-035,PRD-00174,2022-04-03,2022-04-17,2022-04-17,979,979,0,Delivered
SHP-0003719,SUP-038,PRD-00316,2025-05-30,2025-06-20,2025-06-28,459,455,4,Delivered
SHP-0003720,SUP-065,PRD-00754,2020-01-05,2020-02-07,2020-02-13,337,311,26,Delivered
SHP-0003721,SUP-039,PRD-00120,2024-08-10,2024-08-21,2024-09-07,926,917,9,Delivered
SHP-0003722,SUP-030,PRD-00069,2021-04-25,2021-05-13,2021-05-26,324,324,0,Delivered
SHP-0003723,SUP-048,PRD-00268,2025-08-23,2025-09-12,2025-09-12,184,179,5,Delivered
SHP-0003724,SUP-020,PRD-00844,2021-01-23,2021-03-04,2021-03-04,781,655,52,Partial
SHP-0003725,SUP-048,PRD-00866,2021-08-30,2021-09-23,2021-10-04,855,855,0,Delivered
SHP-0003726,SUP-022,PRD-00764,2020-01-28,2020-02-12,2020-02-25,80,78,2,Delivered
SHP-0003727,SUP-057,PRD-00839,2023-07-19,2023-08-01,2023-08-05,296,193,1,Partial
SHP-0003728,SUP-065,PRD-00590,2020-11-08,2020-12-19,2020-12-19,484,412,0,Partial
SHP-0003729,SUP-050,PRD-00399,2023-12-26,2024-02-05,2024-02-23,939,939,0,Delivered
SHP-0003730,SUP-068,PRD-00031,2024-12-30,2025-01-16,2025-01-25,481,481,0,Delivered
SHP-0003731,SUP-009,PRD-00757,2024-01-14,2024-03-21,2024-03-21,135,135,0,Delivered
SHP-0003732,SUP-037,PRD-00313,2020-09-07,2020-09-15,2020-09-15,996,672,6,Partial
SHP-0003733,SUP-009,PRD-00495,2023-04-25,2023-05-22,2023-05-24,876,876,0,Late
SHP-0003734,SUP-026,PRD-00697,2026-03-12,2026-03-27,2026-04-03,618,612,6,Delivered
SHP-0003735,SUP-035,PRD-00059,2025-02-22,2025-03-01,2025-03-11,1373,1373,0,Delivered
SHP-0003736,SUP-056,PRD-00645,2023-03-31,2023-04-12,2023-04-12,683,683,0,Delivered
SHP-0003737,SUP-035,PRD-00826,2021-11-01,2021-11-16,2021-11-21,93,93,0,Delivered
SHP-0003738,SUP-062,PRD-00788,2026-07-02,2026-08-03,2026-08-03,787,787,0,Delivered
SHP-0003739,SUP-006,PRD-00278,2020-08-20,2020-09-04,2020-09-04,609,609,0,Delivered
SHP-0003740,SUP-061,PRD-00792,2020-11-30,2020-12-20,2020-12-29,582,565,17,Delivered
SHP-0003741,SUP-018,PRD-00789,2021-02-24,2021-03-05,2021-03-05,1080,1080,0,Delivered
SHP-0003742,SUP-070,PRD-00315,2025-12-10,2025-12-25,2026-01-04,1322,1322,0,Delivered
SHP-0003743,SUP-036,PRD-00677,2021-10-26,2021-12-17,2021-12-19,1252,1252,0,Delivered
SHP-0003744,SUP-006,PRD-00206,2021-09-14,2021-09-29,2021-10-04,911,911,0,Delivered
SHP-0003745,SUP-018,PRD-00338,2023-01-03,2023-01-09,2023-01-19,1206,1206,0,Delivered
SHP-0003746,SUP-070,PRD-00708,2021-06-07,2021-06-26,2021-07-02,1154,1154,0,Late
SHP-0003747,SUP-027,PRD-00367,2024-02-02,2024-02-07,2024-02-20,342,342,0,Delivered
SHP-0003748,SUP-066,PRD-00654,2020-08-27,2020-10-19,2020-10-19,1414,1414,0,Delivered
SHP-0003749,SUP-049,PRD-00869,2022-08-19,2022-09-02,2022-09-02,1121,1110,11,Delivered
SHP-0003750,SUP-064,PRD-00424,2024-07-08,2024-09-15,2024-09-22,602,602,0,Delivered
SHP-0003751,SUP-068,PRD-00238,2021-12-04,2021-12-20,2021-12-29,316,316,0,Delivered
SHP-0003752,SUP-049,PRD-00217,2021-05-31,2021-06-20,2021-06-20,369,369,0,Delivered
SHP-0003753,SUP-056,PRD-00017,2025-03-13,2025-05-01,2025-05-06,735,694,0,Partial
SHP-0003754,SUP-037,PRD-00809,2020-12-29,2021-01-05,2021-01-06,903,831,72,Delivered
SHP-0003755,SUP-016,PRD-00263,2024-10-02,2024-11-13,2024-11-13,157,157,0,Delivered
SHP-0003756,SUP-031,PRD-00525,2025-10-05,2025-10-24,2025-11-09,1341,1341,0,Delivered
SHP-0003757,SUP-025,PRD-00554,2023-04-19,2023-06-07,2023-06-07,790,727,63,Late
SHP-0003758,SUP-025,PRD-00646,2023-08-04,2023-09-04,2023-09-25,134,134,0,Delivered
SHP-0003759,SUP-030,PRD-00728,2021-12-20,2021-12-31,2022-01-04,1184,1184,0,Delivered
SHP-0003760,SUP-064,PRD-00680,2020-07-13,2020-09-19,2020-10-01,834,834,0,Delivered
SHP-0003761,SUP-056,PRD-00017,2020-08-03,2020-10-16,2020-10-19,1318,1305,13,Delivered
SHP-0003762,SUP-010,PRD-00482,2022-12-01,2023-01-15,2023-01-15,802,802,0,Delivered
SHP-0003763,SUP-050,PRD-00588,2023-01-16,2023-03-19,2023-03-19,206,200,6,Delivered
SHP-0003764,SUP-067,PRD-00595,2022-10-07,2022-10-21,2022-10-22,1326,1326,0,Delivered
SHP-0003765,SUP-027,PRD-00520,2023-06-15,2023-07-07,2023-07-19,939,939,0,Delivered
SHP-0003766,SUP-020,PRD-00003,2020-12-06,2021-01-25,2021-01-25,755,695,60,Delivered
SHP-0003767,SUP-062,PRD-00778,2020-10-20,2020-11-20,2020-11-25,1485,1485,0,Delivered
SHP-0003768,SUP-047,PRD-00415,2025-03-13,2025-04-19,2025-04-30,391,391,0,Delivered
SHP-0003769,SUP-019,PRD-00701,2024-11-24,2024-12-09,2024-12-09,181,180,1,Delivered
SHP-0003770,SUP-053,PRD-00787,2020-02-15,2020-02-24,2020-02-24,76,76,0,Delivered
SHP-0003771,SUP-047,PRD-00207,2025-12-09,2026-02-18,2026-02-20,1065,1065,0,Delivered
SHP-0003772,SUP-012,PRD-00368,2020-01-31,2020-02-16,2020-02-16,728,728,0,Delivered
SHP-0003773,SUP-020,PRD-00104,2025-07-06,2025-09-08,2025-09-13,655,655,0,Delivered
SHP-0003774,SUP-055,PRD-00488,2022-03-06,2022-03-29,2022-04-06,1436,1436,0,Delivered
SHP-0003775,SUP-028,PRD-00370,2021-06-12,2021-07-01,2021-07-01,670,617,53,Delivered
SHP-0003776,SUP-006,PRD-00005,2021-03-17,2021-04-05,2021-04-12,407,407,0,Delivered
SHP-0003777,SUP-013,PRD-00375,2022-09-25,2022-10-05,2022-10-14,503,503,0,Delivered
SHP-0003778,SUP-064,PRD-00680,2022-09-07,2022-11-13,2022-11-15,1181,1146,35,Delivered
SHP-0003779,SUP-061,PRD-00612,2026-06-20,2026-07-08,2026-07-23,492,492,0,Delivered
SHP-0003780,SUP-032,PRD-00280,2023-01-20,2023-02-10,2023-02-13,1127,1094,33,Delivered
SHP-0003781,SUP-051,PRD-00431,2022-07-09,2022-07-22,2022-07-22,1313,1313,0,Delivered
SHP-0003782,SUP-009,PRD-00724,2024-10-06,2024-12-19,2024-12-24,964,964,0,Delivered
SHP-0003783,SUP-006,PRD-00244,2025-11-30,2025-12-15,2025-12-19,280,280,0,Delivered
SHP-0003784,SUP-009,PRD-00724,2022-11-04,2022-12-17,2022-12-17,931,922,9,Delivered
SHP-0003785,SUP-018,PRD-00267,2023-01-25,2023-02-17,2023-02-21,1312,1312,0,Delivered
SHP-0003786,SUP-041,PRD-00166,2020-07-01,2020-07-15,2020-07-16,92,92,0,Delivered
SHP-0003787,SUP-055,PRD-00002,2023-05-28,2023-07-19,2023-07-19,1376,1376,0,Delivered
SHP-0003788,SUP-047,PRD-00832,2020-03-14,2020-05-26,2020-05-30,176,176,0,Delivered
SHP-0003789,SUP-006,PRD-00091,2023-10-20,2023-10-31,2023-11-01,1205,1193,12,Delivered
SHP-0003790,SUP-051,PRD-00734,2022-05-30,2022-06-08,2022-06-10,836,836,0,Delivered
SHP-0003791,SUP-033,PRD-00047,2025-10-11,2025-11-30,2025-12-03,343,343,0,Delivered
SHP-0003792,SUP-012,PRD-00226,2021-12-01,2021-12-22,2022-01-08,967,958,9,Delivered
SHP-0003793,SUP-053,PRD-00115,2026-01-01,2026-01-21,2026-01-31,630,630,0,Late
SHP-0003794,SUP-066,PRD-00620,2024-10-16,2024-12-22,2025-01-05,768,745,23,Delivered
SHP-0003795,SUP-049,PRD-00392,2024-07-09,2024-08-02,2024-08-05,326,326,0,Delivered
SHP-0003796,SUP-005,PRD-00555,2023-09-04,2023-09-24,2023-09-24,715,694,21,Delivered
SHP-0003797,SUP-066,PRD-00533,2023-08-19,2023-09-15,2023-09-15,1021,1021,0,Delivered
SHP-0003798,SUP-053,PRD-00859,2022-05-28,2022-06-17,2022-06-28,1229,1131,98,Delivered
SHP-0003799,SUP-027,PRD-00490,2022-03-21,2022-03-29,2022-03-29,1277,1265,12,Late
SHP-0003800,SUP-018,PRD-00624,2025-08-24,2025-09-02,2025-09-02,411,411,0,Delivered
SHP-0003801,SUP-049,PRD-00670,2023-04-19,2023-04-26,2023-04-27,51,51,0,Delivered
SHP-0003802,SUP-022,PRD-00836,2026-02-24,2026-03-01,2026-03-20,901,901,0,Delivered
SHP-0003803,SUP-046,PRD-00068,2025-06-28,2025-07-04,2025-07-04,1347,1347,0,Delivered
SHP-0003804,SUP-003,PRD-00397,2021-04-16,2021-06-10,2021-06-10,983,983,0,Delivered
SHP-0003805,SUP-014,PRD-00224,2025-07-22,2025-08-25,2025-08-31,547,542,5,Delivered
SHP-0003806,SUP-017,PRD-00693,2021-09-03,2021-09-09,2021-09-10,222,222,0,Delivered
SHP-0003807,SUP-029,PRD-00717,2025-01-22,2025-02-10,2025-02-10,604,604,0,Delivered
SHP-0003808,SUP-037,PRD-00834,2023-03-22,2023-04-14,2023-04-16,145,145,0,Delivered
SHP-0003809,SUP-060,PRD-00535,2020-10-28,2020-11-16,2020-11-19,833,833,0,Delivered
SHP-0003810,SUP-029,PRD-00066,2025-05-27,2025-06-05,2025-06-09,1172,1172,0,Delivered
SHP-0003811,SUP-063,PRD-00065,2024-05-10,2024-05-23,2024-05-23,971,971,0,Delivered
SHP-0003812,SUP-049,PRD-00670,2026-03-27,2026-04-03,2026-04-21,282,201,6,Partial
SHP-0003813,SUP-012,PRD-00460,2023-06-09,2023-06-29,2023-07-04,965,965,0,Delivered
SHP-0003814,SUP-013,PRD-00842,2026-06-19,2026-07-07,2026-07-07,858,833,25,Delivered
SHP-0003815,SUP-039,PRD-00398,2023-06-13,2023-06-22,2023-06-30,1027,1027,0,Delivered
SHP-0003816,SUP-037,PRD-00101,2022-06-08,2022-06-18,2022-06-18,1286,1286,0,Late
SHP-0003817,SUP-031,PRD-00578,2026-02-24,2026-04-21,2026-04-22,1445,1445,0,Delivered
SHP-0003818,SUP-040,PRD-00269,2023-08-08,2023-08-28,2023-09-06,1372,1331,41,Delivered
SHP-0003819,SUP-043,PRD-00008,2023-02-02,2023-04-01,2023-04-01,1261,1261,0,Delivered
SHP-0003820,SUP-053,PRD-00529,2022-01-19,2022-02-05,2022-02-16,665,659,6,Delivered
SHP-0003821,SUP-022,PRD-00191,2020-06-22,2020-07-15,2020-07-15,1014,822,0,Partial
SHP-0003822,SUP-031,PRD-00678,2022-10-28,2022-11-12,2022-11-16,806,806,0,Delivered
SHP-0003823,SUP-041,PRD-00420,2021-07-07,2021-08-30,2021-08-31,182,182,0,Delivered
SHP-0003824,SUP-049,PRD-00761,2020-01-30,2020-02-05,2020-02-05,787,787,0,Delivered
SHP-0003825,SUP-021,PRD-00083,2020-11-06,2020-12-12,2020-12-16,324,324,0,Delivered
SHP-0003826,SUP-042,PRD-00720,2020-02-01,2020-02-12,2020-02-12,507,507,0,Late
SHP-0003827,SUP-012,PRD-00150,2023-08-23,2023-09-13,2023-09-25,795,795,0,Delivered
SHP-0003828,SUP-047,PRD-00746,2022-10-17,2022-11-02,2022-11-02,622,622,0,Delivered
SHP-0003829,SUP-037,PRD-00863,2026-08-03,2026-08-21,2026-08-21,224,224,0,Delivered
SHP-0003830,SUP-041,PRD-00283,2024-06-19,2024-08-07,2024-08-07,983,983,0,Delivered
SHP-0003831,SUP-027,PRD-00784,2020-03-03,2020-03-09,2020-03-19,949,949,0,Delivered
SHP-0003832,SUP-022,PRD-00393,2023-05-01,2023-05-23,2023-05-30,1183,1183,0,Delivered
SHP-0003833,SUP-022,PRD-00393,2025-05-09,2025-05-24,2025-05-24,239,232,7,Delivered
SHP-0003834,SUP-039,PRD-00022,2022-04-28,2022-05-11,2022-05-11,1093,1083,10,Delivered
SHP-0003835,SUP-027,PRD-00615,2025-05-06,2025-05-20,2025-06-05,246,246,0,Delivered
SHP-0003836,SUP-053,PRD-00363,2026-07-29,2026-08-08,2026-08-09,368,357,11,Delivered
SHP-0003837,SUP-011,PRD-00340,2024-01-07,2024-01-16,2024-01-28,1002,1002,0,Delivered
SHP-0003838,SUP-066,PRD-00654,2025-10-15,2025-11-09,2025-11-09,979,979,0,Late
SHP-0003839,SUP-068,PRD-00259,2021-02-26,2021-03-06,2021-03-06,155,155,0,Delivered
SHP-0003840,SUP-034,PRD-00793,2020-08-08,2020-08-14,2020-08-14,317,317,0,Delivered
SHP-0003841,SUP-054,PRD-00339,2021-03-25,2021-04-07,2021-04-20,941,941,0,Delivered
SHP-0003842,SUP-058,PRD-00158,2020-02-03,2020-03-08,2020-03-08,157,157,0,Delivered
SHP-0003843,SUP-025,PRD-00288,2021-03-30,2021-05-18,2021-05-18,520,515,5,Delivered
SHP-0003844,SUP-042,PRD-00443,2023-01-07,2023-03-07,2023-03-11,1448,1448,0,Delivered
SHP-0003845,SUP-001,PRD-00783,2021-06-18,2021-07-10,2021-07-17,596,591,5,Delivered
SHP-0003846,SUP-054,PRD-00694,2020-04-18,2020-04-27,2020-05-04,614,614,0,Delivered
SHP-0003847,SUP-023,PRD-00591,2024-05-27,2024-07-07,2024-07-19,1124,1124,0,Delivered
SHP-0003848,SUP-032,PRD-00357,2021-08-31,2021-09-23,2021-10-02,724,703,21,Delivered
SHP-0003849,SUP-039,PRD-00398,2022-09-19,2022-10-08,2022-10-18,842,842,0,Delivered
SHP-0003850,SUP-005,PRD-00348,2020-02-26,2020-03-20,2020-03-20,1352,1220,0,Partial
SHP-0003851,SUP-030,PRD-00359,2021-08-23,2021-09-07,2021-09-07,338,335,3,Delivered
SHP-0003852,SUP-046,PRD-00389,2020-04-25,2020-05-11,2020-05-12,70,70,0,Delivered
SHP-0003853,SUP-049,PRD-00350,2023-09-27,2023-10-14,2023-10-19,1259,1259,0,Delivered
SHP-0003854,SUP-017,PRD-00272,2020-02-07,2020-02-14,2020-02-16,586,569,17,Delivered
SHP-0003855,SUP-054,PRD-00107,2025-11-04,2025-11-16,2025-11-16,1346,1333,13,Delivered
SHP-0003856,SUP-068,PRD-00193,2023-08-22,2023-09-14,2023-09-15,515,500,15,Delivered
SHP-0003857,SUP-013,PRD-00571,2021-12-07,2021-12-24,2021-12-24,249,247,2,Delivered
SHP-0003858,SUP-038,PRD-00860,2020-12-03,2020-12-13,2020-12-13,1353,1353,0,Delivered
SHP-0003859,SUP-001,PRD-00479,2025-01-20,2025-02-07,2025-02-17,361,361,0,Delivered
SHP-0003860,SUP-031,PRD-00858,2025-02-26,2025-04-16,2025-04-16,787,764,23,Delivered
SHP-0003861,SUP-006,PRD-00592,2021-05-25,2021-05-31,2021-05-31,1106,1106,0,Delivered
SHP-0003862,SUP-062,PRD-00674,2024-06-06,2024-08-04,2024-08-04,1226,1214,12,Late
SHP-0003863,SUP-020,PRD-00510,2021-03-07,2021-04-09,2021-04-17,1027,1027,0,Delivered
SHP-0003864,SUP-044,PRD-00634,2021-12-24,2022-01-08,2022-01-08,749,582,0,Partial
SHP-0003865,SUP-039,PRD-00516,2022-03-06,2022-03-12,2022-03-22,891,891,0,Delivered
SHP-0003866,SUP-022,PRD-00507,2022-08-25,2022-09-04,2022-09-11,155,155,0,Delivered
SHP-0003867,SUP-050,PRD-00399,2022-03-13,2022-05-22,2022-06-03,1449,1449,0,Delivered
SHP-0003868,SUP-023,PRD-00351,2023-02-11,2023-04-10,2023-04-24,282,282,0,Delivered
SHP-0003869,SUP-041,PRD-00310,2025-11-23,2026-01-21,2026-01-29,938,910,28,Delivered
SHP-0003870,SUP-043,PRD-00035,2026-03-03,2026-05-13,2026-05-17,662,656,6,Delivered
SHP-0003871,SUP-011,PRD-00411,2023-08-10,2023-08-27,2023-09-03,534,529,5,Delivered
SHP-0003872,SUP-056,PRD-00692,2025-07-21,2025-08-31,2025-09-06,857,857,0,Delivered
SHP-0003873,SUP-013,PRD-00332,2021-08-31,2021-09-13,2021-09-23,213,160,0,Partial
SHP-0003874,SUP-038,PRD-00718,2020-01-25,2020-01-30,2020-02-01,1131,1120,11,Delivered
SHP-0003875,SUP-067,PRD-00653,2026-05-27,2026-06-01,2026-06-17,281,281,0,Delivered
SHP-0003876,SUP-040,PRD-00872,2023-12-16,2023-12-24,2023-12-28,977,968,9,Late
SHP-0003877,SUP-009,PRD-00018,2024-09-28,2024-11-15,2024-11-15,842,842,0,Delivered
SHP-0003878,SUP-016,PRD-00337,2024-02-13,2024-02-18,2024-02-18,1318,1213,105,Delivered
SHP-0003879,SUP-013,PRD-00146,2023-11-02,2023-11-15,2023-11-21,1201,1165,36,Delivered
SHP-0003880,SUP-011,PRD-00837,2022-10-28,2022-11-21,2022-12-03,832,832,0,Delivered
SHP-0003881,SUP-065,PRD-00590,2020-06-13,2020-07-20,2020-07-20,1237,1237,0,Delivered
SHP-0003882,SUP-058,PRD-00262,2025-09-05,2025-10-09,2025-10-19,713,713,0,Delivered
SHP-0003883,SUP-018,PRD-00381,2023-07-15,2023-07-27,2023-08-05,1256,1256,0,Delivered
SHP-0003884,SUP-039,PRD-00273,2022-07-24,2022-08-03,2022-08-08,1293,1255,38,Delivered
SHP-0003885,SUP-011,PRD-00835,2024-05-01,2024-05-10,2024-05-12,1183,1183,0,Delivered
SHP-0003886,SUP-046,PRD-00879,2026-03-14,2026-03-25,2026-04-10,853,853,0,Delivered
SHP-0003887,SUP-049,PRD-00369,2025-04-24,2025-05-07,2025-05-09,1461,1461,0,Delivered
SHP-0003888,SUP-068,PRD-00382,2023-05-03,2023-05-14,2023-05-21,400,400,0,Delivered
SHP-0003889,SUP-065,PRD-00387,2025-01-15,2025-02-04,2025-02-17,159,159,0,Delivered
SHP-0003890,SUP-022,PRD-00305,2020-06-10,2020-06-16,2020-06-23,1285,1285,0,Delivered
SHP-0003891,SUP-044,PRD-00666,2021-08-21,2021-08-31,2021-09-09,264,210,0,Partial
SHP-0003892,SUP-047,PRD-00138,2023-06-15,2023-08-23,2023-08-28,669,663,6,Delivered
SHP-0003893,SUP-061,PRD-00067,2022-03-09,2022-03-20,2022-03-20,1316,1316,0,Delivered
SHP-0003894,SUP-012,PRD-00103,2020-05-10,2020-06-02,2020-06-05,329,326,3,Delivered
SHP-0003895,SUP-039,PRD-00516,2023-07-03,2023-07-16,2023-07-27,834,834,0,Delivered
SHP-0003896,SUP-007,PRD-00491,2021-06-27,2021-09-01,2021-09-01,1421,1421,0,Late
SHP-0003897,SUP-057,PRD-00076,2023-03-12,2023-03-26,2023-03-26,130,130,0,Delivered
SHP-0003898,SUP-022,PRD-00836,2026-01-03,2026-01-09,2026-01-09,746,746,0,Late
SHP-0003899,SUP-040,PRD-00211,2020-11-08,2020-11-14,2020-11-16,448,448,0,Delivered
SHP-0003900,SUP-039,PRD-00436,2022-10-12,2022-10-27,2022-10-27,134,134,0,Delivered
SHP-0003901,SUP-067,PRD-00261,2023-08-29,2023-09-12,2023-09-21,492,492,0,Delivered
SHP-0003902,SUP-007,PRD-00491,2021-07-08,2021-09-09,2021-09-09,166,165,1,Delivered
SHP-0003903,SUP-002,PRD-00386,2022-12-23,2023-02-19,2023-02-26,1141,1141,0,Delivered
SHP-0003904,SUP-027,PRD-00615,2021-08-28,2021-09-18,2021-09-30,1220,1220,0,Delivered
SHP-0003905,SUP-027,PRD-00615,2024-08-09,2024-08-15,2024-08-15,1110,1110,0,Delivered
SHP-0003906,SUP-027,PRD-00652,2026-06-30,2026-07-22,2026-07-22,1480,1190,35,Partial
SHP-0003907,SUP-069,PRD-00318,2024-10-17,2024-10-31,2024-10-31,297,297,0,Delivered
SHP-0003908,SUP-066,PRD-00654,2020-04-20,2020-06-26,2020-06-26,1318,1305,13,Delivered
SHP-0003909,SUP-001,PRD-00352,2023-11-09,2023-11-24,2023-11-27,340,340,0,Delivered
SHP-0003910,SUP-059,PRD-00759,2020-12-08,2020-12-30,2020-12-30,336,336,0,Delivered
SHP-0003911,SUP-012,PRD-00470,2026-08-30,2026-09-22,2026-09-25,1493,1493,0,Delivered
SHP-0003912,SUP-037,PRD-00089,2025-09-25,2025-10-14,2025-10-17,428,428,0,Late
SHP-0003913,SUP-059,PRD-00159,2022-04-22,2022-05-10,2022-05-10,1228,1049,0,Partial
SHP-0003914,SUP-030,PRD-00880,2021-06-14,2021-06-20,2021-07-01,801,801,0,Delivered
SHP-0003915,SUP-050,PRD-00775,2022-04-08,2022-05-15,2022-05-21,1268,1256,12,Delivered
SHP-0003916,SUP-018,PRD-00624,2025-05-22,2025-06-13,2025-06-13,92,92,0,Delivered
SHP-0003917,SUP-066,PRD-00255,2025-12-23,2026-02-05,2026-02-12,294,292,2,Delivered
SHP-0003918,SUP-054,PRD-00630,2026-06-19,2026-07-07,2026-07-14,573,573,0,Delivered
SHP-0003919,SUP-046,PRD-00171,2022-07-28,2022-08-11,2022-08-11,737,737,0,Delivered
SHP-0003920,SUP-032,PRD-00033,2020-12-21,2020-12-31,2020-12-31,1422,1422,0,Delivered
SHP-0003921,SUP-011,PRD-00391,2025-12-11,2025-12-19,2025-12-25,389,276,0,Partial
SHP-0003922,SUP-022,PRD-00393,2022-11-13,2022-12-04,2022-12-04,1004,1004,0,Delivered
SHP-0003923,SUP-032,PRD-00509,2025-01-06,2025-02-21,2025-02-21,1114,1081,33,Late
SHP-0003924,SUP-026,PRD-00688,2021-05-13,2021-06-05,2021-06-05,1150,1150,0,Delivered
SHP-0003925,SUP-047,PRD-00407,2026-07-19,2026-09-21,2026-10-05,783,783,0,Delivered
SHP-0003926,SUP-036,PRD-00622,2022-10-30,2023-01-07,2023-01-07,957,957,0,Late
SHP-0003927,SUP-060,PRD-00345,2022-08-18,2022-08-26,2022-09-05,1139,1048,91,Delivered
SHP-0003928,SUP-025,PRD-00577,2025-07-04,2025-08-29,2025-08-30,463,463,0,Delivered
SHP-0003929,SUP-051,PRD-00301,2026-05-26,2026-06-10,2026-06-10,415,415,0,Delivered
SHP-0003930,SUP-053,PRD-00095,2024-07-10,2024-07-15,2024-07-15,682,682,0,Delivered
SHP-0003931,SUP-030,PRD-00131,2021-01-22,2021-02-05,2021-02-05,941,941,0,Late
SHP-0003932,SUP-069,PRD-00070,2024-12-23,2025-01-03,2025-01-03,161,157,4,Delivered
SHP-0003933,SUP-048,PRD-00268,2026-01-19,2026-01-26,2026-01-28,91,91,0,Delivered
SHP-0003934,SUP-045,PRD-00314,2021-02-05,2021-03-10,2021-03-10,1130,1130,0,Delivered
SHP-0003935,SUP-068,PRD-00238,2020-02-07,2020-02-20,2020-02-24,61,61,0,Late
SHP-0003936,SUP-014,PRD-00437,2020-09-04,2020-09-27,2020-10-06,1371,1371,0,Delivered
SHP-0003937,SUP-029,PRD-00194,2023-04-08,2023-04-16,2023-04-16,464,460,4,Late
SHP-0003938,SUP-029,PRD-00066,2026-04-12,2026-04-17,2026-05-02,288,288,0,Late
SHP-0003939,SUP-053,PRD-00095,2021-09-12,2021-09-25,2021-09-27,607,607,0,Delivered
SHP-0003940,SUP-048,PRD-00537,2025-08-09,2025-08-16,2025-08-16,987,958,29,Delivered
SHP-0003941,SUP-010,PRD-00803,2020-06-09,2020-06-15,2020-06-16,209,209,0,Delivered
SHP-0003942,SUP-064,PRD-00878,2022-12-13,2023-02-07,2023-02-13,297,297,0,Delivered
SHP-0003943,SUP-001,PRD-00736,2024-05-23,2024-06-11,2024-06-19,738,716,22,Delivered
SHP-0003944,SUP-029,PRD-00080,2023-05-16,2023-06-06,2023-06-14,761,754,7,Delivered
SHP-0003945,SUP-006,PRD-00005,2024-01-23,2024-02-08,2024-02-14,318,318,0,Delivered
SHP-0003946,SUP-012,PRD-00226,2024-08-10,2024-08-29,2024-09-09,275,275,0,Delivered
SHP-0003947,SUP-030,PRD-00728,2023-03-29,2023-04-16,2023-04-27,1061,1061,0,Late
SHP-0003948,SUP-005,PRD-00751,2023-06-20,2023-06-27,2023-06-27,594,594,0,Delivered
SHP-0003949,SUP-027,PRD-00308,2025-12-08,2025-12-31,2025-12-31,1493,1493,0,Delivered
SHP-0003950,SUP-062,PRD-00432,2024-10-26,2024-11-07,2024-11-07,475,475,0,Delivered
SHP-0003951,SUP-068,PRD-00846,2025-10-13,2025-10-30,2025-10-30,1492,1448,44,Delivered
SHP-0003952,SUP-062,PRD-00432,2021-03-01,2021-03-11,2021-03-11,560,560,0,Delivered
SHP-0003953,SUP-004,PRD-00440,2026-04-19,2026-04-25,2026-05-04,238,238,0,Delivered
SHP-0003954,SUP-051,PRD-00431,2022-06-20,2022-07-13,2022-07-13,1236,1236,0,Delivered
SHP-0003955,SUP-011,PRD-00340,2026-06-12,2026-07-04,2026-07-04,400,377,0,Partial
SHP-0003956,SUP-028,PRD-00164,2023-09-27,2023-10-04,2023-10-07,822,822,0,Delivered
SHP-0003957,SUP-041,PRD-00451,2024-03-10,2024-04-03,2024-04-03,512,512,0,Late
SHP-0003958,SUP-009,PRD-00568,2026-02-04,2026-03-11,2026-03-22,1381,1381,0,Late
SHP-0003959,SUP-060,PRD-00631,2022-03-15,2022-03-22,2022-03-22,571,571,0,Delivered
SHP-0003960,SUP-064,PRD-00413,2024-11-24,2024-12-24,2025-01-02,716,716,0,Late
SHP-0003961,SUP-060,PRD-00535,2026-07-24,2026-08-11,2026-08-11,1194,1194,0,Delivered
SHP-0003962,SUP-032,PRD-00122,2022-10-20,2022-12-03,2022-12-12,1105,1105,0,Late
SHP-0003963,SUP-023,PRD-00591,2025-11-19,2026-01-03,2026-01-20,763,763,0,Delivered
SHP-0003964,SUP-031,PRD-00025,2021-10-18,2021-12-13,2021-12-13,461,461,0,Delivered
SHP-0003965,SUP-063,PRD-00671,2024-12-04,2024-12-21,2024-12-21,1205,1193,12,Delivered
SHP-0003966,SUP-022,PRD-00454,2022-09-25,2022-10-01,2022-10-09,678,678,0,Delivered
SHP-0003967,SUP-045,PRD-00719,2024-07-19,2024-09-19,2024-09-23,625,625,0,Delivered
SHP-0003968,SUP-052,PRD-00497,2026-02-04,2026-02-20,2026-02-20,104,103,1,Delivered
SHP-0003969,SUP-060,PRD-00619,2020-12-09,2020-12-30,2021-01-05,1370,1370,0,Delivered
SHP-0003970,SUP-014,PRD-00528,2020-04-13,2020-05-18,2020-05-31,875,867,8,Delivered
SHP-0003971,SUP-038,PRD-00129,2020-06-22,2020-07-05,2020-07-08,1482,1482,0,Delivered
SHP-0003972,SUP-051,PRD-00053,2020-01-21,2020-02-02,2020-02-02,489,489,0,Late
SHP-0003973,SUP-063,PRD-00743,2021-04-11,2021-04-30,2021-05-03,1236,1236,0,Delivered
SHP-0003974,SUP-049,PRD-00140,2020-09-24,2020-10-02,2020-10-14,533,533,0,Delivered
SHP-0003975,SUP-003,PRD-00750,2021-07-21,2021-10-01,2021-10-06,623,623,0,Delivered
SHP-0003976,SUP-013,PRD-00597,2026-01-22,2026-01-31,2026-01-31,1163,1163,0,Delivered
SHP-0003977,SUP-066,PRD-00723,2020-03-24,2020-05-12,2020-05-19,1214,1202,12,Delivered
SHP-0003978,SUP-062,PRD-00788,2025-01-23,2025-03-07,2025-03-11,215,209,6,Delivered
SHP-0003979,SUP-069,PRD-00749,2026-06-21,2026-07-01,2026-07-01,1295,1295,0,Delivered
SHP-0003980,SUP-058,PRD-00231,2021-04-24,2021-06-09,2021-06-21,1208,1112,96,Delivered
SHP-0003981,SUP-047,PRD-00752,2024-10-29,2025-01-10,2025-01-11,348,348,0,Delivered
SHP-0003982,SUP-065,PRD-00019,2024-03-25,2024-05-23,2024-05-23,1082,1082,0,Delivered
SHP-0003983,SUP-028,PRD-00865,2020-04-22,2020-05-16,2020-05-16,1005,1005,0,Delivered
SHP-0003984,SUP-025,PRD-00892,2023-11-23,2023-12-27,2024-01-13,722,715,7,Delivered
SHP-0003985,SUP-013,PRD-00216,2023-08-05,2023-08-11,2023-08-26,286,286,0,Delivered
SHP-0003986,SUP-020,PRD-00425,2021-05-15,2021-06-26,2021-06-26,602,602,0,Delivered
SHP-0003987,SUP-032,PRD-00404,2024-01-06,2024-02-05,2024-02-05,181,181,0,Delivered
SHP-0003988,SUP-030,PRD-00131,2023-10-13,2023-10-26,2023-10-30,316,316,0,Delivered
SHP-0003989,SUP-068,PRD-00183,2021-08-04,2021-08-09,2021-08-11,1323,1310,13,Delivered
SHP-0003990,SUP-035,PRD-00811,2020-03-21,2020-04-05,2020-04-14,390,390,0,Delivered
SHP-0003991,SUP-037,PRD-00313,2024-12-09,2024-12-29,2024-12-29,66,66,0,Delivered
SHP-0003992,SUP-032,PRD-00122,2025-05-15,2025-06-09,2025-06-09,461,429,0,Partial
SHP-0003993,SUP-009,PRD-00568,2021-09-23,2021-10-01,2021-10-09,1228,1228,0,Delivered
SHP-0003994,SUP-037,PRD-00101,2024-06-01,2024-06-16,2024-06-16,1366,1366,0,Delivered
SHP-0003995,SUP-031,PRD-00858,2026-07-15,2026-09-06,2026-09-12,1400,1400,0,Delivered
SHP-0003996,SUP-035,PRD-00811,2025-02-03,2025-02-18,2025-02-21,557,552,5,Delivered
SHP-0003997,SUP-054,PRD-00287,2023-04-05,2023-04-21,2023-04-21,871,871,0,Delivered
SHP-0003998,SUP-063,PRD-00583,2020-05-07,2020-05-12,2020-05-19,1202,1202,0,Delivered
SHP-0003999,SUP-043,PRD-00418,2022-12-07,2023-01-11,2023-01-18,1267,1267,0,Late
SHP-0004000,SUP-022,PRD-00305,2022-03-22,2022-04-13,2022-04-15,663,663,0,Delivered
SHP-0004001,SUP-033,PRD-00125,2022-08-25,2022-10-28,2022-10-29,217,200,0,Partial
SHP-0004002,SUP-002,PRD-00056,2025-11-05,2025-11-27,2025-12-08,584,584,0,Late
SHP-0004003,SUP-022,PRD-00412,2025-09-23,2025-10-15,2025-10-16,1426,1426,0,Late
SHP-0004004,SUP-018,PRD-00267,2024-03-22,2024-04-07,2024-04-10,851,851,0,Delivered
SHP-0004005,SUP-058,PRD-00231,2023-07-02,2023-08-20,2023-08-24,575,575,0,Delivered
SHP-0004006,SUP-037,PRD-00313,2026-08-24,2026-09-04,2026-09-08,506,491,15,Delivered
SHP-0004007,SUP-034,PRD-00311,2025-06-13,2025-06-18,2025-07-05,1098,1098,0,Late
SHP-0004008,SUP-029,PRD-00066,2023-06-09,2023-06-24,2023-06-26,775,775,0,Delivered
SHP-0004009,SUP-014,PRD-00655,2026-04-19,2026-06-30,2026-06-30,408,408,0,Delivered
SHP-0004010,SUP-009,PRD-00356,2023-06-19,2023-07-22,2023-08-17,336,336,0,Late
SHP-0004011,SUP-049,PRD-00039,2023-04-02,2023-04-16,2023-04-24,1124,1124,0,Delivered
SHP-0004012,SUP-027,PRD-00490,2020-12-05,2020-12-10,2020-12-10,433,433,0,Delivered
SHP-0004013,SUP-058,PRD-00567,2026-01-13,2026-03-13,2026-03-21,109,109,0,Delivered
SHP-0004014,SUP-054,PRD-00896,2023-12-10,2023-12-20,2023-12-28,313,313,0,Delivered
SHP-0004015,SUP-050,PRD-00228,2020-07-10,2020-08-23,2020-08-23,1244,1244,0,Delivered
SHP-0004016,SUP-058,PRD-00205,2022-09-28,2022-10-26,2022-10-26,1488,1488,0,Delivered
SHP-0004017,SUP-021,PRD-00702,2026-04-02,2026-06-02,2026-06-02,289,287,2,Delivered
SHP-0004018,SUP-039,PRD-00302,2022-07-09,2022-07-16,2022-07-16,248,248,0,Delivered
SHP-0004019,SUP-020,PRD-00877,2020-10-05,2020-12-16,2020-12-16,1437,1437,0,Delivered
SHP-0004020,SUP-038,PRD-00134,2023-10-27,2023-11-17,2023-11-20,1062,1062,0,Delivered
SHP-0004021,SUP-032,PRD-00509,2021-02-19,2021-04-11,2021-04-11,600,451,13,Partial
SHP-0004022,SUP-019,PRD-00286,2020-11-06,2020-11-27,2020-11-27,69,69,0,Delivered
SHP-0004023,SUP-047,PRD-00832,2022-08-25,2022-10-17,2022-10-23,110,110,0,Delivered
SHP-0004024,SUP-003,PRD-00397,2025-05-14,2025-06-13,2025-06-19,1229,1131,98,Delivered
SHP-0004025,SUP-009,PRD-00442,2023-06-05,2023-06-10,2023-06-22,965,956,9,Delivered
SHP-0004026,SUP-022,PRD-00454,2022-04-20,2022-05-12,2022-05-12,1421,1421,0,Delivered
SHP-0004027,SUP-057,PRD-00839,2021-05-13,2021-05-19,2021-05-25,361,361,0,Delivered
SHP-0004028,SUP-060,PRD-00023,2020-07-07,2020-07-20,2020-07-20,804,804,0,Delivered
SHP-0004029,SUP-054,PRD-00625,2020-01-20,2020-02-13,2020-02-13,342,332,10,Delivered
SHP-0004030,SUP-022,PRD-00454,2020-05-17,2020-06-06,2020-06-11,390,359,31,Delivered
SHP-0004031,SUP-006,PRD-00644,2023-12-26,2024-01-12,2024-01-12,674,674,0,Delivered
SHP-0004032,SUP-047,PRD-00744,2021-09-20,2021-12-01,2021-12-10,98,98,0,Delivered
SHP-0004033,SUP-049,PRD-00222,2020-06-13,2020-07-04,2020-07-04,109,109,0,Delivered
SHP-0004034,SUP-006,PRD-00278,2020-08-27,2020-09-13,2020-09-16,1031,1031,0,Delivered
SHP-0004035,SUP-004,PRD-00806,2020-12-27,2021-01-01,2021-01-01,115,115,0,Delivered
SHP-0004036,SUP-046,PRD-00879,2025-08-05,2025-08-17,2025-08-18,1040,1040,0,Late
SHP-0004037,SUP-002,PRD-00664,2020-06-13,2020-07-24,2020-07-29,609,609,0,Delivered
SHP-0004038,SUP-047,PRD-00148,2020-12-10,2020-12-31,2020-12-31,1016,1016,0,Delivered
SHP-0004039,SUP-002,PRD-00384,2025-08-14,2025-09-05,2025-09-06,130,130,0,Delivered
SHP-0004040,SUP-052,PRD-00439,2024-11-11,2024-11-16,2024-12-01,574,574,0,Delivered
SHP-0004041,SUP-050,PRD-00441,2024-06-01,2024-06-30,2024-07-12,1013,1003,10,Delivered
SHP-0004042,SUP-013,PRD-00842,2023-02-08,2023-02-18,2023-02-28,719,719,0,Delivered
SHP-0004043,SUP-037,PRD-00089,2021-07-03,2021-07-13,2021-07-14,231,231,0,Late
SHP-0004044,SUP-058,PRD-00709,2020-05-06,2020-05-18,2020-05-21,1340,1340,0,Delivered
SHP-0004045,SUP-015,PRD-00501,2025-02-17,2025-02-27,2025-03-05,187,187,0,Delivered
SHP-0004046,SUP-064,PRD-00680,2021-09-25,2021-11-30,2021-12-06,628,628,0,Delivered
SHP-0004047,SUP-014,PRD-00655,2022-07-13,2022-07-28,2022-08-09,1024,1024,0,Delivered
SHP-0004048,SUP-014,PRD-00483,2023-03-15,2023-05-27,2023-05-27,1060,1050,10,Delivered
SHP-0004049,SUP-030,PRD-00728,2026-07-26,2026-08-08,2026-08-11,1036,1036,0,Delivered
SHP-0004050,SUP-010,PRD-00731,2025-10-27,2026-01-05,2026-01-05,232,226,6,Late
SHP-0004051,SUP-046,PRD-00389,2024-01-08,2024-01-28,2024-02-04,469,469,0,Delivered
SHP-0004052,SUP-020,PRD-00765,2023-03-06,2023-03-24,2023-03-29,856,856,0,Delivered
SHP-0004053,SUP-033,PRD-00781,2021-01-25,2021-02-14,2021-02-24,372,372,0,Delivered
SHP-0004054,SUP-011,PRD-00489,2025-02-04,2025-02-26,2025-02-26,1441,1441,0,Delivered
SHP-0004055,SUP-064,PRD-00503,2021-04-14,2021-04-25,2021-04-25,1093,1083,10,Late
SHP-0004056,SUP-011,PRD-00250,2024-02-07,2024-02-22,2024-02-22,1245,1245,0,Delivered
SHP-0004057,SUP-022,PRD-00540,2023-02-28,2023-03-22,2023-03-22,348,348,0,Delivered
SHP-0004058,SUP-054,PRD-00625,2026-03-03,2026-03-13,2026-03-18,1246,1246,0,Late
SHP-0004059,SUP-007,PRD-00874,2020-02-10,2020-02-23,2020-02-23,1196,1196,0,Delivered
SHP-0004060,SUP-021,PRD-00738,2022-03-09,2022-03-29,2022-03-29,316,316,0,Delivered
SHP-0004061,SUP-061,PRD-00395,2022-03-05,2022-03-14,2022-03-19,504,489,15,Delivered
SHP-0004062,SUP-068,PRD-00177,2026-04-03,2026-04-19,2026-04-22,239,239,0,Delivered
SHP-0004063,SUP-046,PRD-00900,2020-09-02,2020-09-16,2020-09-24,1273,1273,0,Delivered
SHP-0004064,SUP-005,PRD-00306,2025-06-08,2025-06-20,2025-06-30,1431,1389,42,Delivered
SHP-0004065,SUP-054,PRD-00706,2020-01-18,2020-02-05,2020-02-05,190,190,0,Delivered
SHP-0004066,SUP-044,PRD-00116,2025-06-06,2025-06-13,2025-06-21,1073,1073,0,Delivered
SHP-0004067,SUP-013,PRD-00597,2022-06-10,2022-06-26,2022-06-26,1427,1427,0,Delivered
SHP-0004068,SUP-018,PRD-00848,2020-06-02,2020-06-18,2020-06-20,352,352,0,Delivered
SHP-0004069,SUP-061,PRD-00632,2021-06-03,2021-06-15,2021-06-19,337,337,0,Delivered
SHP-0004070,SUP-052,PRD-00439,2026-06-24,2026-07-04,2026-07-06,558,553,5,Delivered
SHP-0004071,SUP-068,PRD-00846,2021-02-06,2021-03-01,2021-03-11,642,636,6,Delivered
SHP-0004072,SUP-037,PRD-00800,2021-09-05,2021-09-19,2021-09-22,1377,1377,0,Delivered
SHP-0004073,SUP-010,PRD-00270,2024-07-18,2024-09-04,2024-09-06,1329,1329,0,Delivered
SHP-0004074,SUP-063,PRD-00741,2022-03-04,2022-03-23,2022-03-25,1461,1461,0,Delivered
SHP-0004075,SUP-029,PRD-00066,2024-08-06,2024-08-26,2024-09-07,1402,1402,0,Delivered
SHP-0004076,SUP-019,PRD-00593,2026-02-09,2026-02-16,2026-02-17,636,617,19,Delivered
SHP-0004077,SUP-047,PRD-00752,2022-04-27,2022-06-08,2022-06-15,820,820,0,Delivered
SHP-0004078,SUP-034,PRD-00335,2020-02-12,2020-03-04,2020-03-04,89,89,0,Delivered
SHP-0004079,SUP-014,PRD-00224,2025-02-03,2025-02-13,2025-02-13,475,475,0,Late
SHP-0004080,SUP-062,PRD-00621,2020-11-04,2020-12-09,2020-12-09,1447,1433,14,Delivered
SHP-0004081,SUP-030,PRD-00036,2021-10-13,2021-10-19,2021-10-19,167,162,5,Delivered
SHP-0004082,SUP-001,PRD-00855,2021-08-19,2021-09-02,2021-09-03,835,835,0,Delivered
SHP-0004083,SUP-020,PRD-00765,2026-02-17,2026-03-18,2026-03-28,557,552,5,Delivered
SHP-0004084,SUP-062,PRD-00432,2022-05-21,2022-07-13,2022-07-17,1307,1294,13,Delivered
SHP-0004085,SUP-021,PRD-00225,2022-04-26,2022-05-07,2022-05-08,991,991,0,Delivered
SHP-0004086,SUP-015,PRD-00433,2023-06-21,2023-07-03,2023-07-03,185,184,1,Delivered
SHP-0004087,SUP-017,PRD-00344,2026-08-02,2026-08-07,2026-08-07,430,430,0,Delivered
SHP-0004088,SUP-016,PRD-00814,2026-07-21,2026-08-02,2026-08-02,123,123,0,Delivered
SHP-0004089,SUP-068,PRD-00550,2021-06-17,2021-07-02,2021-07-03,343,343,0,Delivered
SHP-0004090,SUP-015,PRD-00445,2023-08-05,2023-08-17,2023-08-21,810,802,8,Late
SHP-0004091,SUP-065,PRD-00387,2024-10-05,2024-11-01,2024-11-04,727,727,0,Delivered
SHP-0004092,SUP-058,PRD-00334,2026-01-22,2026-03-15,2026-03-15,768,768,0,Delivered
SHP-0004093,SUP-002,PRD-00664,2025-08-23,2025-10-22,2025-10-26,129,129,0,Delivered
SHP-0004094,SUP-059,PRD-00027,2024-05-05,2024-05-14,2024-05-22,243,236,7,Delivered
SHP-0004095,SUP-033,PRD-00712,2021-03-03,2021-04-09,2021-04-19,689,689,0,Delivered
SHP-0004096,SUP-045,PRD-00274,2024-08-16,2024-10-29,2024-11-09,1447,1447,0,Delivered
SHP-0004097,SUP-025,PRD-00577,2022-09-19,2022-11-13,2022-11-13,1033,1033,0,Delivered
SHP-0004098,SUP-028,PRD-00605,2024-07-13,2024-07-30,2024-07-30,788,548,0,Partial
SHP-0004099,SUP-054,PRD-00107,2025-01-22,2025-01-29,2025-01-29,1035,1035,0,Late
SHP-0004100,SUP-022,PRD-00393,2026-01-15,2026-01-22,2026-01-28,550,550,0,Delivered
SHP-0004101,SUP-028,PRD-00164,2025-03-29,2025-04-22,2025-04-22,816,816,0,Delivered
SHP-0004102,SUP-061,PRD-00322,2023-08-28,2023-09-16,2023-09-16,985,985,0,Delivered
SHP-0004103,SUP-057,PRD-00076,2025-04-25,2025-05-16,2025-05-27,663,657,6,Delivered
SHP-0004104,SUP-006,PRD-00143,2021-03-06,2021-03-20,2021-03-21,211,211,0,Delivered
SHP-0004105,SUP-070,PRD-00358,2025-09-05,2025-09-15,2025-09-15,1162,1151,11,Delivered
SHP-0004106,SUP-064,PRD-00379,2025-04-28,2025-06-14,2025-06-14,433,433,0,Delivered
SHP-0004107,SUP-042,PRD-00098,2020-01-07,2020-02-09,2020-02-11,1032,1022,10,Delivered
SHP-0004108,SUP-034,PRD-00573,2022-12-18,2023-01-05,2023-01-05,556,556,0,Delivered
SHP-0004109,SUP-017,PRD-00693,2025-02-20,2025-03-01,2025-03-02,460,460,0,Delivered
SHP-0004110,SUP-062,PRD-00575,2024-10-10,2024-12-14,2024-12-14,427,423,4,Delivered
SHP-0004111,SUP-005,PRD-00455,2025-11-13,2025-11-30,2025-11-30,862,854,8,Delivered
SHP-0004112,SUP-049,PRD-00187,2024-06-10,2024-06-17,2024-06-23,494,494,0,Delivered
SHP-0004113,SUP-013,PRD-00082,2023-04-11,2023-05-04,2023-05-11,507,507,0,Delivered
SHP-0004114,SUP-031,PRD-00234,2020-08-28,2020-10-14,2020-10-24,1119,1119,0,Delivered
SHP-0004115,SUP-012,PRD-00470,2020-06-21,2020-07-13,2020-07-13,856,856,0,Delivered
SHP-0004116,SUP-058,PRD-00885,2020-11-22,2020-11-28,2020-12-17,552,547,5,Late
SHP-0004117,SUP-060,PRD-00271,2020-06-03,2020-06-09,2020-06-09,1022,1022,0,Delivered
SHP-0004118,SUP-054,PRD-00630,2025-02-05,2025-02-23,2025-02-25,328,328,0,Delivered
SHP-0004119,SUP-009,PRD-00157,2021-06-23,2021-08-06,2021-08-06,732,732,0,Delivered
SHP-0004120,SUP-032,PRD-00404,2025-03-25,2025-05-04,2025-05-09,232,166,0,Partial
SHP-0004121,SUP-032,PRD-00509,2024-07-06,2024-08-28,2024-08-28,659,659,0,Delivered
SHP-0004122,SUP-037,PRD-00809,2023-01-11,2023-01-27,2023-01-27,363,363,0,Delivered
SHP-0004123,SUP-068,PRD-00546,2023-10-09,2023-10-22,2023-10-22,537,537,0,Delivered
SHP-0004124,SUP-039,PRD-00081,2026-06-16,2026-06-25,2026-06-26,1000,920,80,Late
SHP-0004125,SUP-006,PRD-00713,2020-04-17,2020-04-22,2020-05-01,113,113,0,Delivered
SHP-0004126,SUP-069,PRD-00043,2020-02-13,2020-02-26,2020-02-26,509,494,15,Delivered
SHP-0004127,SUP-055,PRD-00044,2022-02-05,2022-04-13,2022-04-15,106,105,1,Late
SHP-0004128,SUP-034,PRD-00311,2022-09-05,2022-09-27,2022-09-29,1114,1103,11,Delivered
SHP-0004129,SUP-046,PRD-00879,2021-10-15,2021-10-25,2021-11-02,928,928,0,Delivered
SHP-0004130,SUP-063,PRD-00380,2024-07-21,2024-08-02,2024-08-02,685,685,0,Delivered
SHP-0004131,SUP-060,PRD-00619,2022-10-21,2022-10-29,2022-11-10,1359,1359,0,Late
SHP-0004132,SUP-070,PRD-00358,2020-06-01,2020-06-21,2020-06-21,914,914,0,Delivered
SHP-0004133,SUP-004,PRD-00534,2023-04-27,2023-05-19,2023-06-02,1388,1375,13,Delivered
SHP-0004134,SUP-034,PRD-00045,2024-03-25,2024-04-17,2024-04-17,422,422,0,Delivered
SHP-0004135,SUP-039,PRD-00302,2026-04-18,2026-05-06,2026-05-06,556,556,0,Delivered
SHP-0004136,SUP-070,PRD-00458,2023-09-12,2023-09-29,2023-09-29,87,85,2,Delivered
SHP-0004137,SUP-038,PRD-00316,2024-01-14,2024-01-25,2024-02-07,398,398,0,Delivered
SHP-0004138,SUP-036,PRD-00622,2022-02-09,2022-03-07,2022-03-07,878,878,0,Delivered
SHP-0004139,SUP-041,PRD-00493,2023-09-12,2023-10-23,2023-10-24,659,567,17,Partial
SHP-0004140,SUP-028,PRD-00865,2021-08-19,2021-09-02,2021-09-02,968,968,0,Delivered
SHP-0004141,SUP-038,PRD-00072,2024-02-24,2024-03-16,2024-03-21,837,837,0,Delivered
SHP-0004142,SUP-068,PRD-00366,2026-03-21,2026-04-12,2026-04-18,153,134,0,Partial
SHP-0004143,SUP-030,PRD-00036,2022-11-01,2022-11-11,2022-11-12,245,245,0,Delivered
SHP-0004144,SUP-050,PRD-00552,2020-08-16,2020-10-23,2020-10-28,1273,1273,0,Delivered
SHP-0004145,SUP-051,PRD-00499,2021-01-29,2021-02-06,2021-02-15,268,268,0,Delivered
SHP-0004146,SUP-002,PRD-00130,2021-02-09,2021-03-16,2021-03-22,1360,1213,12,Partial
SHP-0004147,SUP-023,PRD-00513,2022-03-20,2022-05-20,2022-05-26,743,743,0,Late
SHP-0004148,SUP-070,PRD-00358,2026-03-14,2026-03-26,2026-03-28,155,155,0,Delivered
SHP-0004149,SUP-036,PRD-00677,2022-12-13,2022-12-29,2023-01-05,957,957,0,Delivered
SHP-0004150,SUP-020,PRD-00167,2020-09-11,2020-11-18,2020-11-22,662,662,0,Delivered
SHP-0004151,SUP-014,PRD-00669,2025-07-09,2025-07-24,2025-07-28,501,501,0,Delivered
SHP-0004152,SUP-030,PRD-00036,2025-05-29,2025-06-05,2025-06-11,1428,1428,0,Delivered
SHP-0004153,SUP-012,PRD-00103,2023-02-01,2023-02-17,2023-03-04,210,208,2,Delivered
SHP-0004154,SUP-030,PRD-00036,2025-07-17,2025-08-03,2025-08-16,1333,1333,0,Late
SHP-0004155,SUP-020,PRD-00579,2026-03-16,2026-04-27,2026-04-29,449,449,0,Delivered
SHP-0004156,SUP-059,PRD-00159,2022-01-02,2022-01-17,2022-01-30,524,524,0,Delivered
SHP-0004157,SUP-023,PRD-00093,2024-08-20,2024-09-20,2024-09-25,240,240,0,Delivered
SHP-0004158,SUP-034,PRD-00335,2023-10-27,2023-11-04,2023-11-04,550,545,5,Delivered
SHP-0004159,SUP-048,PRD-00735,2026-05-02,2026-05-23,2026-05-23,1386,1135,34,Partial
SHP-0004160,SUP-050,PRD-00643,2020-01-13,2020-02-04,2020-02-15,877,877,0,Late
SHP-0004161,SUP-023,PRD-00591,2025-10-01,2025-10-09,2025-10-13,765,765,0,Late
SHP-0004162,SUP-049,PRD-00217,2022-08-29,2022-09-08,2022-09-08,789,789,0,Delivered
SHP-0004163,SUP-062,PRD-00432,2026-07-11,2026-09-12,2026-09-12,970,883,8,Partial
SHP-0004164,SUP-013,PRD-00332,2022-02-12,2022-02-27,2022-02-27,781,781,0,Delivered
SHP-0004165,SUP-029,PRD-00066,2025-05-23,2025-06-06,2025-06-12,1147,1147,0,Late
SHP-0004166,SUP-019,PRD-00286,2024-04-21,2024-05-05,2024-05-05,935,935,0,Delivered
SHP-0004167,SUP-008,PRD-00521,2020-08-09,2020-09-07,2020-09-27,700,693,7,Delivered
SHP-0004168,SUP-064,PRD-00795,2020-04-28,2020-05-09,2020-05-25,235,235,0,Delivered
SHP-0004169,SUP-064,PRD-00687,2021-03-09,2021-03-19,2021-03-23,904,904,0,Delivered
SHP-0004170,SUP-039,PRD-00081,2022-04-14,2022-04-26,2022-05-07,1424,1424,0,Delivered
SHP-0004171,SUP-044,PRD-00116,2026-07-04,2026-07-15,2026-07-20,1319,1319,0,Delivered
SHP-0004172,SUP-064,PRD-00325,2025-01-23,2025-02-01,2025-02-06,885,885,0,Delivered
SHP-0004173,SUP-049,PRD-00651,2021-05-17,2021-06-09,,509,368,0,Partial
SHP-0004174,SUP-011,PRD-00841,2021-08-28,2021-09-04,2021-09-14,653,473,0,Partial
SHP-0004175,SUP-065,PRD-00754,2020-11-11,2020-12-05,2020-12-17,293,293,0,Delivered
SHP-0004176,SUP-012,PRD-00580,2023-06-24,2023-07-12,2023-07-12,563,563,0,Delivered
SHP-0004177,SUP-004,PRD-00541,2022-04-28,2022-05-05,2022-05-05,896,896,0,Delivered
SHP-0004178,SUP-052,PRD-00439,2023-03-15,2023-03-22,2023-03-27,752,752,0,Delivered
SHP-0004179,SUP-065,PRD-00387,2024-04-11,2024-06-21,2024-06-22,722,722,0,Delivered
SHP-0004180,SUP-026,PRD-00697,2024-12-29,2025-01-11,2025-01-11,558,558,0,Late
SHP-0004181,SUP-037,PRD-00323,2021-08-23,2021-09-05,2021-09-14,166,166,0,Late
SHP-0004182,SUP-070,PRD-00396,2026-03-05,2026-03-14,2026-03-26,1031,1031,0,Delivered
SHP-0004183,SUP-057,PRD-00665,2025-03-15,2025-03-21,2025-04-03,1129,1129,0,Delivered
SHP-0004184,SUP-009,PRD-00757,2024-08-22,2024-11-03,2024-11-03,232,179,1,Partial
SHP-0004185,SUP-060,PRD-00203,2021-12-07,2021-12-27,2021-12-27,1486,1472,14,Delivered
SHP-0004186,SUP-022,PRD-00540,2023-04-04,2023-04-20,2023-04-20,560,560,0,Late
SHP-0004187,SUP-049,PRD-00392,2020-04-07,2020-04-23,2020-04-23,588,588,0,Delivered
SHP-0004188,SUP-062,PRD-00432,2021-09-04,2021-09-17,2021-09-21,74,74,0,Delivered
SHP-0004189,SUP-064,PRD-00424,2020-10-01,2020-10-11,2020-10-11,484,484,0,Delivered
SHP-0004190,SUP-039,PRD-00398,2023-01-31,2023-02-06,2023-02-06,620,620,0,Delivered
SHP-0004191,SUP-018,PRD-00789,2020-01-28,2020-02-07,2020-02-14,166,166,0,Late
SHP-0004192,SUP-038,PRD-00330,2025-04-18,2025-05-11,2025-05-16,496,496,0,Delivered
SHP-0004193,SUP-020,PRD-00199,2022-09-04,2022-09-18,2022-09-25,922,922,0,Delivered
SHP-0004194,SUP-029,PRD-00194,2022-05-30,2022-06-21,2022-06-21,99,72,0,Partial
SHP-0004195,SUP-032,PRD-00030,2026-06-02,2026-08-05,2026-08-11,345,345,0,Delivered
SHP-0004196,SUP-004,PRD-00409,2023-06-10,2023-06-17,2023-06-17,980,710,21,Partial
SHP-0004197,SUP-044,PRD-00175,2026-05-17,2026-06-04,2026-06-04,862,862,0,Delivered
SHP-0004198,SUP-057,PRD-00264,2021-09-29,2021-10-23,2021-10-23,1438,1438,0,Delivered
SHP-0004199,SUP-018,PRD-00789,2024-09-09,2024-09-23,2024-09-25,361,358,3,Delivered
SHP-0004200,SUP-049,PRD-00857,2023-05-01,2023-05-10,2023-05-11,129,129,0,Delivered
SHP-0004201,SUP-006,PRD-00592,2021-11-14,2021-11-29,2021-12-04,150,150,0,Delivered
SHP-0004202,SUP-001,PRD-00736,2025-09-15,2025-10-01,2025-10-10,1434,1279,0,Partial
SHP-0004203,SUP-014,PRD-00528,2021-05-26,2021-06-10,2021-06-10,969,940,29,Delivered
SHP-0004204,SUP-051,PRD-00876,2024-04-27,2024-05-03,2024-05-05,638,632,6,Delivered
SHP-0004205,SUP-051,PRD-00734,2021-11-28,2021-12-12,2021-12-12,285,283,2,Late
SHP-0004206,SUP-040,PRD-00602,2022-06-10,2022-06-25,2022-07-01,1047,1047,0,Delivered
SHP-0004207,SUP-004,PRD-00279,2020-05-22,2020-05-31,2020-05-31,867,867,0,Delivered
SHP-0004208,SUP-004,PRD-00806,2026-06-29,2026-07-23,2026-07-23,1272,1171,101,Delivered
SHP-0004209,SUP-037,PRD-00233,2020-10-14,2020-11-04,2020-11-04,1119,1119,0,Delivered
SHP-0004210,SUP-026,PRD-00422,2020-05-01,2020-05-10,2020-05-13,1213,1201,12,Delivered
SHP-0004211,SUP-063,PRD-00743,2026-02-10,2026-02-19,2026-02-19,1146,1146,0,Delivered
SHP-0004212,SUP-022,PRD-00450,2023-12-08,2023-12-31,2024-01-11,610,592,18,Delivered
SHP-0004213,SUP-058,PRD-00567,2020-09-15,2020-10-14,2020-10-14,414,381,33,Delivered
SHP-0004214,SUP-009,PRD-00724,2021-08-31,2021-09-13,2021-09-24,106,106,0,Delivered
SHP-0004215,SUP-030,PRD-00036,2026-03-31,2026-04-08,2026-04-14,241,234,7,Delivered
SHP-0004216,SUP-031,PRD-00064,2020-07-02,2020-08-29,2020-09-09,427,427,0,Delivered
SHP-0004217,SUP-005,PRD-00085,2023-09-18,2023-09-27,2023-09-28,647,647,0,Delivered
SHP-0004218,SUP-001,PRD-00802,2023-11-30,2023-12-07,2023-12-10,447,447,0,Delivered
SHP-0004219,SUP-041,PRD-00663,2025-05-16,2025-07-22,2025-07-22,697,691,6,Delivered
SHP-0004220,SUP-068,PRD-00238,2023-09-18,2023-10-02,2023-10-02,1460,1460,0,Delivered
SHP-0004221,SUP-002,PRD-00820,2026-08-19,2026-10-15,2026-10-15,1412,1398,14,Delivered
SHP-0004222,SUP-028,PRD-00370,2024-05-31,2024-06-11,2024-06-13,559,559,0,Delivered
SHP-0004223,SUP-031,PRD-00234,2023-09-28,2023-11-27,2023-11-29,1498,1498,0,Delivered
SHP-0004224,SUP-044,PRD-00481,2021-06-26,2021-07-09,2021-07-09,1326,1326,0,Delivered
SHP-0004225,SUP-058,PRD-00334,2022-11-13,2023-01-23,2023-01-23,269,269,0,Delivered
SHP-0004226,SUP-029,PRD-00642,2021-03-17,2021-04-09,2021-04-14,986,986,0,Delivered
SHP-0004227,SUP-021,PRD-00007,2026-07-29,2026-10-08,2026-10-10,86,86,0,Delivered
SHP-0004228,SUP-004,PRD-00534,2024-04-13,2024-04-19,,676,467,0,Partial
SHP-0004229,SUP-040,PRD-00872,2025-11-26,2025-12-06,2025-12-06,1003,1003,0,Delivered
SHP-0004230,SUP-066,PRD-00606,2023-11-14,2023-12-06,2023-12-13,316,316,0,Delivered
SHP-0004231,SUP-013,PRD-00146,2025-11-16,2025-11-25,2025-11-25,365,365,0,Delivered
SHP-0004232,SUP-022,PRD-00393,2021-09-10,2021-09-20,2021-09-24,1385,1385,0,Late
SHP-0004233,SUP-068,PRD-00177,2022-09-11,2022-10-01,2022-10-10,1205,1205,0,Late
SHP-0004234,SUP-037,PRD-00233,2024-05-26,2024-06-14,2024-06-23,278,276,2,Delivered
SHP-0004235,SUP-021,PRD-00476,2021-11-16,2021-12-02,2021-12-02,331,331,0,Delivered
SHP-0004236,SUP-027,PRD-00520,2021-11-06,2021-11-28,2021-11-28,429,429,0,Delivered
SHP-0004237,SUP-021,PRD-00576,2025-02-09,2025-03-31,2025-03-31,479,427,0,Partial
SHP-0004238,SUP-058,PRD-00468,2025-07-14,2025-08-01,2025-08-04,237,237,0,Delivered
SHP-0004239,SUP-037,PRD-00771,2021-12-15,2021-12-23,2022-01-11,56,56,0,Delivered
SHP-0004240,SUP-052,PRD-00439,2020-11-05,2020-11-15,2020-11-17,1427,1427,0,Delivered
SHP-0004241,SUP-030,PRD-00036,2021-02-11,2021-02-23,2021-03-04,840,840,0,Late
SHP-0004242,SUP-029,PRD-00685,2021-11-19,2021-12-05,2021-12-05,246,246,0,Delivered
SHP-0004243,SUP-026,PRD-00697,2022-08-28,2022-09-19,2022-09-19,1359,1359,0,Delivered
SHP-0004244,SUP-026,PRD-00419,2020-03-21,2020-04-08,2020-04-08,815,807,8,Delivered
SHP-0004245,SUP-028,PRD-00471,2024-05-26,2024-06-01,2024-06-01,892,892,0,Delivered
SHP-0004246,SUP-018,PRD-00603,2024-04-16,2024-04-28,2024-04-28,517,517,0,Delivered
SHP-0004247,SUP-037,PRD-00295,2020-10-09,2020-10-25,2020-10-25,1085,1085,0,Delivered
SHP-0004248,SUP-046,PRD-00879,2024-12-04,2024-12-26,2024-12-26,607,607,0,Delivered
SHP-0004249,SUP-047,PRD-00744,2024-11-29,2025-01-11,2025-01-17,1066,1066,0,Delivered
SHP-0004250,SUP-047,PRD-00851,2025-05-17,2025-07-26,2025-07-26,847,822,25,Delivered
SHP-0004251,SUP-033,PRD-00873,2021-02-13,2021-03-05,2021-03-06,895,824,71,Delivered
SHP-0004252,SUP-021,PRD-00225,2025-11-17,2025-12-05,2025-12-05,631,431,0,Partial
SHP-0004253,SUP-043,PRD-00241,2026-01-02,2026-02-10,2026-02-22,515,515,0,Delivered
SHP-0004254,SUP-063,PRD-00741,2022-12-12,2022-12-31,2023-01-03,1408,1408,0,Delivered
SHP-0004255,SUP-042,PRD-00046,2026-07-11,2026-08-22,2026-08-25,400,400,0,Delivered
SHP-0004256,SUP-015,PRD-00508,2023-01-05,2023-01-19,2023-01-19,1293,1255,38,Delivered
SHP-0004257,SUP-051,PRD-00734,2025-05-15,2025-05-26,2025-05-26,438,438,0,Delivered
SHP-0004258,SUP-047,PRD-00746,2022-12-29,2023-01-17,2023-01-21,483,483,0,Delivered
SHP-0004259,SUP-068,PRD-00193,2025-03-09,2025-03-19,2025-03-28,345,345,0,Delivered
SHP-0004260,SUP-041,PRD-00283,2024-01-04,2024-03-16,2024-03-16,1224,1224,0,Delivered
SHP-0004261,SUP-021,PRD-00225,2026-05-07,2026-07-04,2026-07-05,760,738,22,Delivered
SHP-0004262,SUP-031,PRD-00611,2021-03-20,2021-05-23,2021-05-31,822,814,8,Delivered
SHP-0004263,SUP-022,PRD-00485,2023-04-22,2023-05-04,2023-05-13,755,755,0,Delivered
SHP-0004264,SUP-065,PRD-00691,2020-11-12,2020-12-20,2020-12-27,1374,1374,0,Delivered
SHP-0004265,SUP-055,PRD-00505,2025-11-24,2025-12-02,2025-12-06,762,762,0,Late
SHP-0004266,SUP-063,PRD-00722,2023-03-10,2023-03-24,2023-03-24,850,825,25,Delivered
SHP-0004267,SUP-029,PRD-00080,2022-03-30,2022-04-13,2022-04-21,1467,1467,0,Delivered
SHP-0004268,SUP-051,PRD-00401,2023-01-03,2023-01-19,2023-02-01,55,54,1,Delivered
SHP-0004269,SUP-051,PRD-00401,2022-01-19,2022-01-27,2022-01-27,294,271,23,Delivered
SHP-0004270,SUP-033,PRD-00712,2026-06-24,2026-07-07,2026-07-07,223,221,2,Late
SHP-0004271,SUP-038,PRD-00072,2021-05-23,2021-06-09,2021-06-10,91,91,0,Delivered
SHP-0004272,SUP-064,PRD-00379,2021-03-25,2021-04-12,2021-04-19,438,438,0,Delivered
SHP-0004273,SUP-013,PRD-00146,2026-04-10,2026-05-04,2026-05-07,1451,1451,0,Delivered
SHP-0004274,SUP-052,PRD-00497,2022-10-30,2022-11-15,2022-11-16,1442,1442,0,Delivered
SHP-0004275,SUP-009,PRD-00157,2023-07-17,2023-07-30,2023-08-08,741,741,0,Delivered
SHP-0004276,SUP-010,PRD-00189,2024-07-05,2024-08-28,2024-08-29,1066,1066,0,Delivered
SHP-0004277,SUP-029,PRD-00685,2020-08-13,2020-08-22,2020-08-24,751,751,0,Delivered
SHP-0004278,SUP-069,PRD-00055,2026-08-23,2026-09-16,2026-09-30,1092,1005,87,Delivered
SHP-0004279,SUP-010,PRD-00189,2024-05-31,2024-06-29,2024-06-30,1164,1153,11,Delivered
SHP-0004280,SUP-066,PRD-00705,2021-02-13,2021-03-02,2021-03-02,419,419,0,Late
SHP-0004281,SUP-056,PRD-00004,2021-08-22,2021-09-29,2021-10-03,564,459,13,Partial
SHP-0004282,SUP-021,PRD-00476,2020-12-01,2020-12-29,2021-01-02,721,721,0,Delivered
SHP-0004283,SUP-070,PRD-00396,2023-07-29,2023-08-17,2023-08-17,1352,1352,0,Delivered
SHP-0004284,SUP-038,PRD-00129,2025-10-26,2025-11-15,,935,665,0,Partial
SHP-0004285,SUP-062,PRD-00105,2022-09-27,2022-10-04,2022-10-04,100,99,1,Delivered
SHP-0004286,SUP-068,PRD-00715,2021-09-18,2021-10-08,2021-10-13,59,59,0,Delivered
SHP-0004287,SUP-005,PRD-00751,2021-02-11,2021-02-18,2021-02-22,1047,1047,0,Delivered
SHP-0004288,SUP-039,PRD-00200,2023-06-07,2023-06-30,2023-07-14,908,899,9,Delivered
SHP-0004289,SUP-059,PRD-00667,2025-02-14,2025-02-21,2025-02-22,1141,1141,0,Delivered
SHP-0004290,SUP-022,PRD-00668,2020-11-11,2020-12-05,2020-12-05,937,937,0,Delivered
SHP-0004291,SUP-002,PRD-00384,2022-03-01,2022-03-30,2022-03-30,278,278,0,Delivered
SHP-0004292,SUP-042,PRD-00373,2021-11-05,2021-12-30,2022-01-06,1229,1131,98,Delivered
SHP-0004293,SUP-068,PRD-00559,2023-12-08,2023-12-13,2023-12-13,561,561,0,Delivered
SHP-0004294,SUP-049,PRD-00217,2024-07-11,2024-07-23,2024-08-04,1027,1027,0,Delivered
SHP-0004295,SUP-025,PRD-00646,2022-10-29,2022-12-14,2022-12-16,822,757,65,Delivered
SHP-0004296,SUP-030,PRD-00728,2024-08-22,2024-09-11,2024-09-20,1079,1079,0,Delivered
SHP-0004297,SUP-038,PRD-00190,2020-08-03,2020-08-16,2020-08-16,257,257,0,Delivered
SHP-0004298,SUP-029,PRD-00894,2026-01-31,2026-02-08,2026-02-08,767,760,7,Delivered
SHP-0004299,SUP-028,PRD-00062,2024-02-07,2024-02-17,2024-02-27,461,461,0,Delivered
SHP-0004300,SUP-028,PRD-00062,2026-08-13,2026-08-20,2026-08-21,798,791,7,Delivered
SHP-0004301,SUP-060,PRD-00753,2025-09-06,2025-09-18,2025-09-24,815,815,0,Delivered
SHP-0004302,SUP-061,PRD-00792,2020-12-14,2020-12-30,2021-01-05,1425,1425,0,Delivered
SHP-0004303,SUP-022,PRD-00770,2025-12-26,2026-01-05,2026-01-05,1179,1179,0,Delivered
SHP-0004304,SUP-013,PRD-00375,2020-07-28,2020-08-07,2020-08-07,856,856,0,Delivered
SHP-0004305,SUP-061,PRD-00589,2026-05-30,2026-06-19,2026-06-19,425,425,0,Delivered
SHP-0004306,SUP-064,PRD-00413,2023-11-06,2023-11-23,2023-11-26,945,945,0,Delivered
SHP-0004307,SUP-043,PRD-00519,2021-05-05,2021-06-17,2021-06-19,880,880,0,Delivered
SHP-0004308,SUP-004,PRD-00733,2021-05-28,2021-06-10,2021-06-11,859,851,8,Delivered
SHP-0004309,SUP-020,PRD-00510,2020-05-26,2020-06-16,2020-06-29,855,855,0,Delivered
SHP-0004310,SUP-058,PRD-00885,2024-02-24,2024-03-07,2024-03-07,411,407,4,Delivered
SHP-0004311,SUP-038,PRD-00563,2026-06-03,2026-06-27,2026-07-04,1094,1094,0,Delivered
SHP-0004312,SUP-049,PRD-00857,2022-05-18,2022-06-03,2022-06-10,348,348,0,Delivered
SHP-0004313,SUP-053,PRD-00453,2024-11-30,2024-12-12,2024-12-12,911,911,0,Delivered
SHP-0004314,SUP-023,PRD-00242,2022-10-26,2022-12-13,2022-12-20,318,318,0,Delivered
SHP-0004315,SUP-020,PRD-00877,2021-01-24,2021-02-20,2021-03-01,177,177,0,Delivered
SHP-0004316,SUP-048,PRD-00145,2024-11-08,2024-11-20,2024-12-03,1481,1481,0,Delivered
SHP-0004317,SUP-027,PRD-00652,2025-03-27,2025-04-01,2025-04-06,269,269,0,Delivered
SHP-0004318,SUP-039,PRD-00079,2025-01-14,2025-01-20,2025-01-29,1003,1003,0,Delivered
SHP-0004319,SUP-040,PRD-00478,2026-02-24,2026-03-13,2026-03-16,310,310,0,Late
SHP-0004320,SUP-012,PRD-00580,2021-06-18,2021-06-23,2021-06-27,1188,1188,0,Delivered
SHP-0004321,SUP-035,PRD-00247,2020-11-20,2020-12-12,2020-12-13,1170,1170,0,Late
SHP-0004322,SUP-010,PRD-00482,2023-12-26,2024-03-02,2024-03-02,850,850,0,Delivered
SHP-0004323,SUP-030,PRD-00766,2025-05-08,2025-05-31,2025-06-05,1211,1211,0,Delivered
SHP-0004324,SUP-064,PRD-00424,2025-07-12,2025-09-16,2025-09-16,618,618,0,Delivered
SHP-0004325,SUP-019,PRD-00867,2022-06-08,2022-06-14,,1354,1253,0,Partial
SHP-0004326,SUP-048,PRD-00221,2024-11-06,2024-11-12,2024-11-25,1034,1034,0,Delivered
SHP-0004327,SUP-043,PRD-00241,2024-08-01,2024-09-24,2024-09-24,291,291,0,Delivered
SHP-0004328,SUP-026,PRD-00419,2022-07-29,2022-08-12,2022-08-12,706,706,0,Late
SHP-0004329,SUP-015,PRD-00659,2023-05-25,2023-06-08,2023-06-08,956,956,0,Delivered
SHP-0004330,SUP-034,PRD-00156,2022-09-17,2022-09-28,2022-10-09,423,411,12,Delivered
SHP-0004331,SUP-067,PRD-00686,2022-04-13,2022-05-06,2022-05-07,468,468,0,Delivered
SHP-0004332,SUP-019,PRD-00593,2025-03-01,2025-03-17,2025-03-19,491,491,0,Delivered
SHP-0004333,SUP-025,PRD-00246,2024-09-13,2024-10-15,2024-10-27,361,361,0,Delivered
SHP-0004334,SUP-038,PRD-00740,2020-04-25,2020-05-17,2020-05-31,553,548,5,Delivered
SHP-0004335,SUP-052,PRD-00390,2026-01-23,2026-02-02,2026-02-10,512,472,40,Delivered
SHP-0004336,SUP-067,PRD-00309,2025-04-10,2025-05-04,2025-05-11,733,733,0,Delivered
SHP-0004337,SUP-059,PRD-00434,2021-07-02,2021-07-07,2021-07-20,709,661,0,Partial
SHP-0004338,SUP-005,PRD-00455,2025-04-03,2025-04-25,2025-04-25,207,191,16,Delivered
SHP-0004339,SUP-010,PRD-00524,2022-07-14,2022-08-08,2022-08-08,1230,1218,12,Delivered
SHP-0004340,SUP-031,PRD-00525,2024-06-12,2024-08-17,2024-08-21,217,200,17,Delivered
SHP-0004341,SUP-049,PRD-00212,2022-06-23,2022-06-30,2022-07-02,532,532,0,Late
SHP-0004342,SUP-049,PRD-00807,2024-12-02,2024-12-25,2024-12-25,1339,1339,0,Delivered
SHP-0004343,SUP-016,PRD-00819,2021-01-01,2021-03-09,2021-03-09,335,335,0,Late
SHP-0004344,SUP-069,PRD-00318,2023-07-30,2023-08-10,2023-08-10,484,470,14,Delivered
SHP-0004345,SUP-036,PRD-00254,2021-10-08,2021-12-14,2021-12-23,815,815,0,Late
SHP-0004346,SUP-053,PRD-00095,2024-10-21,2024-11-01,2024-11-06,1456,1456,0,Delivered
SHP-0004347,SUP-068,PRD-00893,2023-06-18,2023-06-26,2023-06-26,368,368,0,Delivered
SHP-0004348,SUP-029,PRD-00801,2020-04-28,2020-05-14,2020-05-15,481,481,0,Delivered
SHP-0004349,SUP-003,PRD-00881,2024-08-17,2024-10-20,2024-10-20,767,767,0,Delivered
SHP-0004350,SUP-014,PRD-00437,2026-07-23,2026-09-15,2026-09-15,127,127,0,Delivered
SHP-0004351,SUP-059,PRD-00110,2023-10-11,2023-11-04,2023-11-23,687,687,0,Delivered
SHP-0004352,SUP-031,PRD-00578,2025-06-30,2025-07-09,2025-07-13,400,400,0,Delivered
SHP-0004353,SUP-048,PRD-00268,2026-02-23,2026-03-03,2026-03-12,1136,1136,0,Delivered
SHP-0004354,SUP-056,PRD-00692,2025-09-03,2025-10-07,2025-10-12,951,923,28,Delivered
SHP-0004355,SUP-064,PRD-00235,2022-12-24,2023-01-07,2023-01-07,351,351,0,Delivered
SHP-0004356,SUP-059,PRD-00689,2026-01-08,2026-01-30,2026-02-04,1359,1359,0,Delivered
SHP-0004357,SUP-049,PRD-00021,2021-10-08,2021-10-27,2021-10-29,1406,1406,0,Delivered
SHP-0004358,SUP-034,PRD-00573,2021-07-04,2021-07-13,2021-07-13,1406,1406,0,Delivered
SHP-0004359,SUP-026,PRD-00422,2022-01-30,2022-02-16,2022-02-21,514,514,0,Late
SHP-0004360,SUP-029,PRD-00011,2021-08-22,2021-09-13,2021-09-13,961,952,9,Late
SHP-0004361,SUP-059,PRD-00434,2023-08-15,2023-08-29,2023-08-31,1220,1220,0,Delivered
SHP-0004362,SUP-044,PRD-00481,2021-07-05,2021-07-18,2021-07-21,582,582,0,Delivered
SHP-0004363,SUP-055,PRD-00505,2025-03-20,2025-05-21,2025-06-03,83,83,0,Delivered
SHP-0004364,SUP-055,PRD-00029,2022-01-19,2022-02-06,2022-02-06,1095,1095,0,Delivered
SHP-0004365,SUP-070,PRD-00396,2023-12-27,2024-01-09,2024-01-16,1368,1368,0,Delivered
SHP-0004366,SUP-008,PRD-00169,2023-05-12,2023-07-21,2023-07-26,835,835,0,Delivered
SHP-0004367,SUP-018,PRD-00624,2026-01-04,2026-01-10,2026-01-10,1270,1270,0,Delivered
SHP-0004368,SUP-009,PRD-00118,2026-08-13,2026-10-07,2026-10-07,1207,1207,0,Delivered
SHP-0004369,SUP-004,PRD-00409,2022-11-26,2022-12-14,2022-12-28,255,255,0,Delivered
SHP-0004370,SUP-020,PRD-00877,2022-07-21,2022-08-23,2022-08-23,61,50,0,Partial
SHP-0004371,SUP-050,PRD-00548,2021-10-21,2021-12-05,2021-12-05,543,543,0,Delivered
SHP-0004372,SUP-013,PRD-00144,2021-06-18,2021-07-01,2021-07-01,157,157,0,Delivered
SHP-0004373,SUP-037,PRD-00889,2020-07-12,2020-08-04,2020-08-06,1200,1200,0,Delivered
SHP-0004374,SUP-066,PRD-00620,2023-09-13,2023-10-28,2023-11-12,1111,1023,88,Late
SHP-0004375,SUP-054,PRD-00349,2026-05-07,2026-05-23,2026-05-29,655,649,6,Delivered
SHP-0004376,SUP-064,PRD-00198,2025-01-06,2025-02-19,2025-02-20,214,212,2,Delivered
SHP-0004377,SUP-017,PRD-00638,2025-01-24,2025-02-02,2025-02-10,399,396,3,Delivered
SHP-0004378,SUP-001,PRD-00186,2021-03-23,2021-03-28,2021-03-28,719,719,0,Delivered
SHP-0004379,SUP-019,PRD-00593,2026-05-14,2026-06-05,2026-06-13,287,287,0,Delivered
SHP-0004380,SUP-049,PRD-00421,2021-08-11,2021-08-31,2021-08-31,1499,1499,0,Late
SHP-0004381,SUP-039,PRD-00829,2023-04-14,2023-04-25,2023-05-02,354,354,0,Late
SHP-0004382,SUP-048,PRD-00258,2021-04-11,2021-04-24,2021-04-28,1078,1078,0,Late
SHP-0004383,SUP-055,PRD-00488,2022-07-24,2022-07-30,2022-08-08,77,77,0,Delivered
SHP-0004384,SUP-029,PRD-00215,2024-07-26,2024-08-19,2024-09-03,95,95,0,Delivered
SHP-0004385,SUP-016,PRD-00730,2026-03-07,2026-04-04,2026-04-17,798,791,7,Late
SHP-0004386,SUP-050,PRD-00548,2025-01-28,2025-03-30,,382,263,0,Partial
SHP-0004387,SUP-045,PRD-00253,2025-09-06,2025-10-03,2025-10-08,986,986,0,Delivered
SHP-0004388,SUP-059,PRD-00327,2021-12-27,2022-01-02,2022-01-11,805,805,0,Delivered
SHP-0004389,SUP-044,PRD-00297,2020-05-07,2020-05-21,2020-05-21,1341,1341,0,Delivered
SHP-0004390,SUP-062,PRD-00621,2025-08-18,2025-10-17,2025-10-19,1036,1036,0,Delivered
SHP-0004391,SUP-025,PRD-00577,2026-05-22,2026-06-13,2026-06-19,1481,1467,14,Late
SHP-0004392,SUP-037,PRD-00313,2022-01-20,2022-01-31,2022-02-01,330,304,26,Delivered
SHP-0004393,SUP-063,PRD-00343,2026-02-20,2026-03-07,2026-03-10,805,805,0,Delivered
SHP-0004394,SUP-047,PRD-00746,2021-03-27,2021-04-23,2021-05-03,677,671,6,Late
SHP-0004395,SUP-069,PRD-00749,2020-06-21,2020-07-10,2020-07-10,1260,1260,0,Delivered
SHP-0004396,SUP-066,PRD-00245,2026-03-09,2026-05-01,2026-05-01,1135,1124,11,Delivered
SHP-0004397,SUP-054,PRD-00625,2021-02-25,2021-03-18,2021-03-23,856,856,0,Delivered
SHP-0004398,SUP-033,PRD-00136,2022-02-20,2022-03-30,2022-04-01,1330,1330,0,Delivered
SHP-0004399,SUP-029,PRD-00894,2024-05-03,2024-05-12,2024-05-12,376,376,0,Late
SHP-0004400,SUP-021,PRD-00738,2022-12-28,2023-02-12,2023-02-12,662,662,0,Delivered
SHP-0004401,SUP-068,PRD-00559,2024-05-08,2024-05-20,2024-05-28,1403,1403,0,Delivered
SHP-0004402,SUP-027,PRD-00490,2024-09-09,2024-09-22,2024-10-01,334,334,0,Delivered
SHP-0004403,SUP-030,PRD-00864,2025-12-13,2025-12-29,2025-12-29,298,298,0,Late
SHP-0004404,SUP-018,PRD-00185,2020-07-11,2020-07-27,2020-08-07,861,836,25,Delivered
SHP-0004405,SUP-070,PRD-00358,2021-01-22,2021-02-04,2021-02-05,423,419,4,Delivered
SHP-0004406,SUP-043,PRD-00519,2023-02-22,2023-04-26,2023-04-30,967,967,0,Delivered
SHP-0004407,SUP-013,PRD-00487,2024-10-16,2024-10-26,2024-10-26,617,540,0,Partial
SHP-0004408,SUP-042,PRD-00046,2020-06-05,2020-06-26,2020-07-07,1395,1395,0,Delivered
SHP-0004409,SUP-037,PRD-00771,2023-10-04,2023-10-26,2023-10-28,437,316,0,Partial
SHP-0004410,SUP-028,PRD-00062,2023-03-29,2023-04-11,2023-04-15,1213,1116,97,Delivered
SHP-0004411,SUP-047,PRD-00207,2021-11-14,2022-01-11,2022-01-11,1014,1014,0,Delivered
SHP-0004412,SUP-059,PRD-00515,2024-08-31,2024-09-24,2024-09-24,863,863,0,Delivered
SHP-0004413,SUP-004,PRD-00409,2022-09-24,2022-10-01,2022-10-01,1221,1221,0,Delivered
SHP-0004414,SUP-015,PRD-00501,2021-03-27,2021-04-13,2021-04-19,1394,1394,0,Delivered
SHP-0004415,SUP-063,PRD-00816,2024-07-16,2024-07-26,2024-07-27,1206,1206,0,Delivered
SHP-0004416,SUP-067,PRD-00656,2021-09-04,2021-09-14,2021-09-24,418,418,0,Late
SHP-0004417,SUP-023,PRD-00242,2023-06-06,2023-08-15,2023-08-15,743,743,0,Late
SHP-0004418,SUP-028,PRD-00471,2020-09-02,2020-09-21,2020-09-23,148,148,0,Delivered
SHP-0004419,SUP-068,PRD-00849,2021-11-08,2021-11-26,2021-11-26,461,448,13,Delivered
SHP-0004420,SUP-041,PRD-00229,2022-03-09,2022-04-20,2022-04-22,1082,1082,0,Late
SHP-0004421,SUP-047,PRD-00415,2022-03-17,2022-05-19,2022-05-22,663,663,0,Late
SHP-0004422,SUP-034,PRD-00304,2020-03-19,2020-03-25,2020-03-31,1325,1325,0,Delivered
SHP-0004423,SUP-058,PRD-00262,2023-07-14,2023-09-05,2023-09-05,1393,1352,41,Delivered
SHP-0004424,SUP-046,PRD-00428,2021-04-10,2021-05-01,2021-05-01,1148,1148,0,Delivered
SHP-0004425,SUP-034,PRD-00793,2026-03-01,2026-03-11,2026-03-11,260,260,0,Late
SHP-0004426,SUP-043,PRD-00438,2025-10-27,2025-11-14,2025-11-20,1367,1367,0,Delivered
SHP-0004427,SUP-049,PRD-00039,2025-04-10,2025-04-15,2025-04-20,622,622,0,Delivered
SHP-0004428,SUP-027,PRD-00462,2020-02-23,2020-03-15,2020-03-23,1328,1315,13,Delivered
SHP-0004429,SUP-027,PRD-00520,2020-10-07,2020-10-12,2020-10-16,278,270,8,Delivered
SHP-0004430,SUP-060,PRD-00282,2024-02-27,2024-03-10,2024-03-12,68,68,0,Delivered
SHP-0004431,SUP-017,PRD-00693,2023-12-28,2024-01-19,2024-02-07,773,773,0,Delivered
SHP-0004432,SUP-054,PRD-00107,2023-03-06,2023-03-29,2023-04-08,78,78,0,Delivered
SHP-0004433,SUP-002,PRD-00371,2021-11-29,2022-01-12,2022-01-13,1184,1184,0,Delivered
SHP-0004434,SUP-058,PRD-00567,2025-09-10,2025-09-18,2025-09-28,584,584,0,Delivered
SHP-0004435,SUP-040,PRD-00269,2020-06-05,2020-06-28,2020-06-28,848,848,0,Delivered
SHP-0004436,SUP-011,PRD-00523,2020-06-07,2020-06-13,2020-06-16,911,902,9,Delivered
SHP-0004437,SUP-030,PRD-00111,2023-08-03,2023-08-27,2023-09-02,1075,1075,0,Delivered
SHP-0004438,SUP-004,PRD-00141,2022-02-16,2022-02-24,2022-02-24,448,448,0,Delivered
SHP-0004439,SUP-017,PRD-00113,2023-01-02,2023-01-26,2023-01-26,957,957,0,Late
SHP-0004440,SUP-023,PRD-00591,2021-05-23,2021-06-03,2021-06-03,810,810,0,Delivered
SHP-0004441,SUP-059,PRD-00159,2022-04-17,2022-05-04,2022-05-09,1110,1110,0,Delivered
SHP-0004442,SUP-010,PRD-00572,2025-02-01,2025-04-14,2025-04-16,180,150,0,Partial
SHP-0004443,SUP-016,PRD-00296,2022-02-21,2022-03-21,2022-03-31,623,623,0,Delivered
SHP-0004444,SUP-045,PRD-00719,2020-10-22,2020-12-04,2020-12-09,344,344,0,Delivered
SHP-0004445,SUP-027,PRD-00615,2020-08-31,2020-09-22,2020-09-25,639,633,6,Delivered
SHP-0004446,SUP-065,PRD-00019,2021-05-28,2021-08-06,2021-08-19,979,979,0,Delivered
SHP-0004447,SUP-013,PRD-00842,2020-04-10,2020-05-03,2020-05-17,405,405,0,Delivered
SHP-0004448,SUP-040,PRD-00498,2026-06-04,2026-06-28,2026-07-02,1410,1410,0,Delivered
SHP-0004449,SUP-065,PRD-00754,2026-08-30,2026-10-07,2026-10-11,1212,1200,12,Delivered
SHP-0004450,SUP-047,PRD-00148,2021-12-07,2021-12-30,2021-12-30,1279,1279,0,Delivered
SHP-0004451,SUP-067,PRD-00623,2022-03-08,2022-03-22,2022-04-09,1075,1065,10,Delivered
SHP-0004452,SUP-045,PRD-00048,2020-09-18,2020-11-25,2020-11-25,1346,1346,0,Delivered
SHP-0004453,SUP-011,PRD-00477,2026-04-08,2026-04-26,2026-04-26,474,474,0,Delivered
SHP-0004454,SUP-003,PRD-00474,2023-08-09,2023-09-11,2023-09-18,178,178,0,Delivered
SHP-0004455,SUP-049,PRD-00670,2023-04-06,2023-04-19,2023-04-26,1073,1073,0,Late
SHP-0004456,SUP-012,PRD-00732,2020-04-08,2020-04-24,2020-04-24,1158,1158,0,Delivered
SHP-0004457,SUP-058,PRD-00755,2020-03-15,2020-04-11,2020-04-19,1451,1451,0,Delivered
SHP-0004458,SUP-063,PRD-00671,2022-03-13,2022-04-05,2022-04-09,939,939,0,Delivered
SHP-0004459,SUP-030,PRD-00766,2021-04-16,2021-05-02,2021-05-10,1228,1228,0,Delivered
SHP-0004460,SUP-070,PRD-00721,2020-07-29,2020-08-20,2020-08-20,779,772,7,Delivered
SHP-0004461,SUP-027,PRD-00737,2023-05-08,2023-05-28,2023-05-30,385,385,0,Delivered
SHP-0004462,SUP-061,PRD-00853,2025-06-17,2025-07-11,2025-07-11,938,863,75,Delivered
SHP-0004463,SUP-068,PRD-00382,2025-04-11,2025-04-29,2025-05-05,149,149,0,Delivered
SHP-0004464,SUP-049,PRD-00217,2021-09-19,2021-10-01,,812,663,0,Partial
SHP-0004465,SUP-026,PRD-00608,2020-10-25,2020-11-04,2020-11-14,1293,1293,0,Delivered
SHP-0004466,SUP-035,PRD-00457,2021-07-29,2021-08-12,2021-08-21,1272,1272,0,Delivered
SHP-0004467,SUP-033,PRD-00232,2021-05-15,2021-05-31,2021-06-09,620,620,0,Delivered
SHP-0004468,SUP-055,PRD-00505,2023-03-04,2023-03-12,2023-03-15,836,836,0,Delivered
SHP-0004469,SUP-030,PRD-00069,2020-01-12,2020-01-26,2020-01-26,1314,1314,0,Late
SHP-0004470,SUP-046,PRD-00808,2021-10-06,2021-10-22,,671,591,0,Partial
SHP-0004471,SUP-053,PRD-00787,2022-01-23,2022-01-31,2022-02-10,442,442,0,Delivered
SHP-0004472,SUP-021,PRD-00561,2021-09-29,2021-11-30,2021-12-06,649,649,0,Delivered
SHP-0004473,SUP-004,PRD-00726,2025-05-02,2025-05-12,2025-05-19,1429,1429,0,Late
SHP-0004474,SUP-041,PRD-00745,2026-07-13,2026-08-13,2026-08-13,266,259,7,Delivered
SHP-0004475,SUP-023,PRD-00698,2020-05-18,2020-07-25,2020-07-31,1386,1386,0,Delivered
SHP-0004476,SUP-003,PRD-00768,2025-01-10,2025-03-24,2025-04-08,1157,1146,11,Delivered
SHP-0004477,SUP-043,PRD-00001,2021-11-17,2021-12-21,2021-12-25,386,386,0,Delivered
SHP-0004478,SUP-038,PRD-00134,2026-04-07,2026-04-15,2026-04-15,1334,1294,40,Late
SHP-0004479,SUP-017,PRD-00135,2025-12-19,2026-01-08,2026-01-13,342,342,0,Delivered
SHP-0004480,SUP-065,PRD-00818,2022-08-18,2022-10-24,2022-11-04,866,841,25,Delivered
SHP-0004481,SUP-032,PRD-00122,2026-06-29,2026-07-17,2026-07-22,885,885,0,Delivered
SHP-0004482,SUP-008,PRD-00184,2026-05-15,2026-06-26,2026-06-27,1174,907,0,Partial
SHP-0004483,SUP-049,PRD-00618,2023-06-19,2023-06-24,2023-06-26,653,653,0,Delivered
SHP-0004484,SUP-062,PRD-00105,2025-03-30,2025-04-22,2025-04-25,583,583,0,Delivered
SHP-0004485,SUP-069,PRD-00043,2022-05-02,2022-05-14,2022-05-16,1279,1279,0,Delivered
SHP-0004486,SUP-051,PRD-00417,2021-03-05,2021-03-12,2021-03-19,1021,1021,0,Delivered
SHP-0004487,SUP-047,PRD-00057,2023-12-05,2024-01-06,2024-01-11,303,300,3,Delivered
SHP-0004488,SUP-004,PRD-00061,2021-05-23,2021-06-01,2021-06-04,172,171,1,Late
SHP-0004489,SUP-002,PRD-00384,2020-02-19,2020-03-02,2020-03-02,1172,1172,0,Delivered
SHP-0004490,SUP-067,PRD-00058,2025-01-22,2025-01-28,2025-02-03,592,587,5,Delivered
SHP-0004491,SUP-069,PRD-00220,2025-08-17,2025-08-27,2025-09-11,1102,1102,0,Delivered
SHP-0004492,SUP-070,PRD-00721,2020-10-20,2020-11-11,2020-11-25,1011,1011,0,Late
SHP-0004493,SUP-019,PRD-00467,2023-03-19,2023-03-29,2023-04-05,135,135,0,Delivered
SHP-0004494,SUP-068,PRD-00382,2023-05-25,2023-06-08,2023-06-08,241,241,0,Late
SHP-0004495,SUP-043,PRD-00035,2022-06-17,2022-07-26,2022-08-12,641,641,0,Delivered
SHP-0004496,SUP-004,PRD-00581,2020-12-29,2021-01-18,2021-01-29,392,389,3,Delivered
SHP-0004497,SUP-046,PRD-00389,2022-03-08,2022-03-27,2022-03-27,179,161,0,Partial
SHP-0004498,SUP-007,PRD-00491,2022-04-22,2022-05-17,2022-05-17,847,847,0,Delivered
SHP-0004499,SUP-038,PRD-00330,2024-05-08,2024-05-27,,1481,1261,12,Partial
SHP-0004500,SUP-046,PRD-00808,2022-07-01,2022-07-23,2022-07-28,1278,1278,0,Delivered
SHP-0004501,SUP-013,PRD-00842,2022-10-10,2022-10-18,2022-10-27,1223,1223,0,Delivered
SHP-0004502,SUP-046,PRD-00900,2025-09-28,2025-10-09,2025-10-16,92,90,2,Late
SHP-0004503,SUP-023,PRD-00810,2022-11-22,2022-12-05,2022-12-07,1252,1252,0,Delivered
SHP-0004504,SUP-068,PRD-00899,2025-09-22,2025-10-01,2025-10-03,116,78,0,Partial
SHP-0004505,SUP-011,PRD-00411,2023-04-19,2023-05-02,2023-05-02,105,105,0,Delivered
SHP-0004506,SUP-031,PRD-00578,2023-10-04,2023-10-28,2023-11-11,310,310,0,Delivered
SHP-0004507,SUP-026,PRD-00422,2022-09-25,2022-10-18,2022-10-18,279,279,0,Delivered
SHP-0004508,SUP-002,PRD-00371,2026-04-07,2026-05-23,2026-06-01,1459,1445,14,Delivered
SHP-0004509,SUP-046,PRD-00428,2022-10-17,2022-10-29,2022-11-04,1246,1234,12,Delivered
SHP-0004510,SUP-030,PRD-00036,2024-08-07,2024-08-16,2024-08-16,316,313,3,Delivered
SHP-0004511,SUP-013,PRD-00144,2024-09-11,2024-09-18,2024-09-18,412,412,0,Delivered
SHP-0004512,SUP-029,PRD-00011,2025-06-23,2025-07-17,2025-07-25,485,485,0,Delivered
SHP-0004513,SUP-027,PRD-00652,2023-02-20,2023-03-06,2023-03-09,733,712,21,Delivered
SHP-0004514,SUP-034,PRD-00045,2020-08-08,2020-08-23,2020-08-26,385,374,11,Delivered
SHP-0004515,SUP-007,PRD-00291,2022-01-25,2022-02-10,2022-02-13,376,376,0,Delivered
SHP-0004516,SUP-010,PRD-00086,2021-11-22,2022-01-21,2022-02-03,756,749,7,Delivered
SHP-0004517,SUP-007,PRD-00862,2024-03-26,2024-04-07,2024-04-07,629,629,0,Delivered
SHP-0004518,SUP-048,PRD-00145,2021-05-15,2021-05-23,2021-05-31,1336,1336,0,Delivered
SHP-0004519,SUP-047,PRD-00744,2023-12-19,2024-02-26,2024-02-26,541,541,0,Delivered
SHP-0004520,SUP-070,PRD-00494,2020-01-16,2020-01-31,2020-01-31,242,242,0,Delivered
SHP-0004521,SUP-066,PRD-00710,2025-11-09,2025-12-23,2025-12-31,605,605,0,Delivered
SHP-0004522,SUP-032,PRD-00845,2021-05-10,2021-07-09,2021-07-09,408,294,2,Partial
SHP-0004523,SUP-060,PRD-00619,2022-03-10,2022-03-30,2022-04-05,815,815,0,Delivered
SHP-0004524,SUP-027,PRD-00725,2020-08-06,2020-08-29,2020-09-15,349,349,0,Delivered
SHP-0004525,SUP-050,PRD-00016,2022-11-04,2022-12-15,2022-12-25,586,569,17,Delivered
SHP-0004526,SUP-019,PRD-00196,2021-08-12,2021-09-01,2021-09-01,932,932,0,Delivered
SHP-0004527,SUP-005,PRD-00681,2026-08-11,2026-08-24,2026-08-29,1419,1405,14,Late
SHP-0004528,SUP-004,PRD-00733,2026-03-13,2026-03-29,2026-04-15,100,100,0,Delivered
SHP-0004529,SUP-040,PRD-00269,2025-12-10,2025-12-19,2025-12-19,1166,1166,0,Delivered
SHP-0004530,SUP-053,PRD-00383,2026-04-26,2026-05-12,2026-05-18,278,270,8,Late
SHP-0004531,SUP-066,PRD-00606,2023-12-23,2024-02-05,2024-02-23,445,445,0,Delivered
SHP-0004532,SUP-034,PRD-00156,2022-02-17,2022-03-09,2022-03-12,945,917,28,Late
SHP-0004533,SUP-007,PRD-00609,2022-07-18,2022-09-15,2022-09-15,546,427,4,Partial
SHP-0004534,SUP-010,PRD-00126,2022-07-03,2022-07-29,2022-07-29,528,528,0,Delivered
SHP-0004535,SUP-023,PRD-00698,2022-08-01,2022-08-29,2022-08-29,153,153,0,Delivered
SHP-0004536,SUP-063,PRD-00343,2024-06-25,2024-07-08,2024-07-18,1409,1367,42,Delivered
SHP-0004537,SUP-015,PRD-00508,2024-07-06,2024-07-26,2024-07-30,1268,1268,0,Delivered
SHP-0004538,SUP-045,PRD-00314,2025-04-19,2025-05-31,2025-05-31,1320,1071,32,Partial
SHP-0004539,SUP-009,PRD-00495,2021-09-16,2021-11-24,2021-11-25,1274,1262,12,Delivered
SHP-0004540,SUP-065,PRD-00290,2025-04-18,2025-04-26,2025-05-03,982,982,0,Delivered
SHP-0004541,SUP-041,PRD-00553,2020-05-25,2020-07-15,2020-07-24,619,619,0,Delivered
SHP-0004542,SUP-024,PRD-00823,2022-08-21,2022-08-26,2022-08-26,1339,1339,0,Delivered
SHP-0004543,SUP-064,PRD-00413,2024-08-15,2024-10-20,2024-10-20,1412,1412,0,Late
SHP-0004544,SUP-059,PRD-00689,2023-05-30,2023-06-21,2023-06-26,788,788,0,Delivered
SHP-0004545,SUP-024,PRD-00408,2020-07-23,2020-08-16,2020-08-16,762,762,0,Delivered
SHP-0004546,SUP-064,PRD-00325,2020-05-04,2020-06-02,2020-06-04,975,975,0,Delivered
SHP-0004547,SUP-008,PRD-00169,2022-06-26,2022-08-13,2022-08-17,1434,1434,0,Delivered
SHP-0004548,SUP-056,PRD-00094,2020-11-04,2020-12-19,2020-12-23,161,161,0,Delivered
SHP-0004549,SUP-020,PRD-00844,2021-12-25,2022-02-21,2022-02-23,168,168,0,Delivered
SHP-0004550,SUP-030,PRD-00069,2024-08-17,2024-09-04,2024-09-09,1181,1087,94,Delivered
SHP-0004551,SUP-050,PRD-00548,2024-08-12,2024-09-30,2024-09-30,1084,1084,0,Delivered
SHP-0004552,SUP-044,PRD-00626,2022-09-27,2022-10-06,2022-10-16,994,994,0,Delivered
SHP-0004553,SUP-041,PRD-00745,2020-10-06,2020-11-24,2020-12-08,533,533,0,Delivered
SHP-0004554,SUP-012,PRD-00092,2025-04-25,2025-05-13,2025-05-20,642,642,0,Delivered
SHP-0004555,SUP-003,PRD-00881,2020-01-27,2020-03-08,2020-03-08,1388,1388,0,Late
SHP-0004556,SUP-046,PRD-00879,2022-11-14,2022-11-29,2022-12-01,160,159,1,Delivered
SHP-0004557,SUP-021,PRD-00561,2022-09-03,2022-10-31,2022-11-05,115,115,0,Delivered
SHP-0004558,SUP-056,PRD-00017,2025-08-29,2025-10-11,2025-10-30,951,923,28,Delivered
SHP-0004559,SUP-022,PRD-00191,2022-10-30,2022-11-21,2022-11-28,1161,1161,0,Delivered
SHP-0004560,SUP-044,PRD-00175,2020-08-16,2020-08-29,2020-09-02,441,437,4,Late
SHP-0004561,SUP-051,PRD-00431,2021-05-28,2021-06-20,2021-06-26,314,289,25,Late
SHP-0004562,SUP-005,PRD-00455,2025-11-21,2025-12-01,2025-12-05,627,627,0,Delivered
SHP-0004563,SUP-044,PRD-00165,2022-04-12,2022-05-01,2022-05-06,1373,1373,0,Delivered
SHP-0004564,SUP-001,PRD-00186,2022-04-10,2022-04-21,2022-04-23,131,131,0,Delivered
SHP-0004565,SUP-022,PRD-00770,2021-10-07,2021-10-14,2021-10-14,1283,1283,0,Delivered
SHP-0004566,SUP-023,PRD-00242,2022-10-27,2023-01-09,2023-01-09,746,746,0,Delivered
SHP-0004567,SUP-069,PRD-00749,2025-09-28,2025-10-08,2025-10-08,260,260,0,Late
SHP-0004568,SUP-036,PRD-00153,2023-05-01,2023-05-16,2023-05-21,902,902,0,Delivered
SHP-0004569,SUP-027,PRD-00652,2024-09-17,2024-09-27,2024-09-27,1356,1356,0,Delivered
SHP-0004570,SUP-020,PRD-00844,2026-02-19,2026-04-13,2026-04-14,1169,1169,0,Delivered
SHP-0004571,SUP-058,PRD-00334,2020-12-31,2021-03-13,2021-03-13,551,551,0,Delivered
SHP-0004572,SUP-048,PRD-00268,2023-09-17,2023-09-24,2023-10-01,126,126,0,Delivered
SHP-0004573,SUP-018,PRD-00338,2026-05-02,2026-05-17,2026-05-22,739,732,7,Delivered
SHP-0004574,SUP-069,PRD-00888,2020-01-10,2020-01-16,2020-01-16,1409,1409,0,Late
SHP-0004575,SUP-031,PRD-00858,2024-02-23,2024-04-11,2024-04-11,1077,723,7,Partial
SHP-0004576,SUP-006,PRD-00005,2025-04-01,2025-04-08,2025-04-08,1332,1332,0,Delivered
SHP-0004577,SUP-059,PRD-00759,2024-01-02,2024-01-16,2024-01-23,51,51,0,Delivered
SHP-0004578,SUP-011,PRD-00477,2026-05-04,2026-05-19,2026-05-19,710,710,0,Delivered
SHP-0004579,SUP-039,PRD-00459,2024-04-16,2024-05-10,2024-05-19,413,413,0,Delivered
SHP-0004580,SUP-014,PRD-00224,2022-10-14,2022-12-10,2022-12-15,352,352,0,Delivered
SHP-0004581,SUP-022,PRD-00450,2020-08-09,2020-08-25,2020-08-27,1181,1181,0,Delivered
SHP-0004582,SUP-027,PRD-00758,2021-10-01,2021-10-15,2021-10-29,101,101,0,Delivered
SHP-0004583,SUP-031,PRD-00812,2023-06-24,2023-07-28,,262,192,0,Partial
SHP-0004584,SUP-051,PRD-00431,2023-12-16,2023-12-29,2023-12-29,395,395,0,Delivered
SHP-0004585,SUP-070,PRD-00396,2023-01-07,2023-01-25,2023-01-25,937,928,9,Delivered
SHP-0004586,SUP-017,PRD-00638,2022-12-21,2023-01-09,2023-01-09,173,173,0,Delivered
SHP-0004587,SUP-003,PRD-00768,2021-08-30,2021-11-03,2021-11-04,161,161,0,Delivered
SHP-0004588,SUP-068,PRD-00546,2024-06-13,2024-06-22,2024-07-06,643,643,0,Late
SHP-0004589,SUP-050,PRD-00643,2023-03-01,2023-05-07,2023-05-10,215,198,17,Delivered
SHP-0004590,SUP-011,PRD-00250,2022-08-26,2022-09-01,2022-09-14,878,878,0,Delivered
SHP-0004591,SUP-001,PRD-00352,2024-02-28,2024-03-08,2024-03-25,496,496,0,Delivered
SHP-0004592,SUP-030,PRD-00880,2026-06-12,2026-07-03,2026-07-03,94,94,0,Delivered
SHP-0004593,SUP-040,PRD-00269,2022-11-25,2022-11-30,2022-11-30,196,196,0,Late
SHP-0004594,SUP-030,PRD-00036,2023-10-11,2023-11-03,2023-11-03,216,216,0,Delivered
SHP-0004595,SUP-039,PRD-00120,2024-04-27,2024-05-07,2024-05-20,1252,1252,0,Delivered
SHP-0004596,SUP-012,PRD-00226,2024-12-08,2024-12-30,2025-01-01,561,517,44,Delivered
SHP-0004597,SUP-063,PRD-00743,2022-09-29,2022-10-05,2022-10-22,884,884,0,Delivered
SHP-0004598,SUP-045,PRD-00182,2020-06-20,2020-08-01,2020-08-05,536,531,5,Late
SHP-0004599,SUP-057,PRD-00133,2022-07-05,2022-07-23,2022-07-23,55,54,1,Delivered
SHP-0004600,SUP-062,PRD-00547,2020-12-18,2021-01-28,2021-02-06,990,990,0,Delivered
SHP-0004601,SUP-047,PRD-00797,2022-04-28,2022-06-21,2022-06-21,907,907,0,Delivered
SHP-0004602,SUP-068,PRD-00238,2023-06-29,2023-07-16,2023-08-07,869,687,54,Partial
SHP-0004603,SUP-033,PRD-00873,2023-06-26,2023-08-18,2023-08-29,1033,1033,0,Delivered
SHP-0004604,SUP-054,PRD-00596,2021-12-18,2021-12-25,2022-01-07,702,702,0,Delivered
SHP-0004605,SUP-013,PRD-00144,2025-09-02,2025-09-26,2025-09-26,1220,1184,36,Delivered
SHP-0004606,SUP-050,PRD-00548,2023-02-09,2023-03-08,2023-03-08,509,509,0,Delivered
SHP-0004607,SUP-052,PRD-00028,2022-10-03,2022-10-26,2022-10-26,348,348,0,Delivered
SHP-0004608,SUP-009,PRD-00157,2022-04-23,2022-06-06,2022-06-06,1436,1010,10,Partial
SHP-0004609,SUP-025,PRD-00288,2022-06-04,2022-06-25,2022-06-25,98,98,0,Delivered
SHP-0004610,SUP-053,PRD-00859,2023-08-03,2023-08-26,2023-08-26,118,117,1,Delivered
SHP-0004611,SUP-066,PRD-00300,2022-07-07,2022-09-01,2022-09-03,697,697,0,Delivered
SHP-0004612,SUP-020,PRD-00877,2022-05-07,2022-07-02,2022-07-02,265,265,0,Delivered
SHP-0004613,SUP-022,PRD-00393,2020-11-23,2020-11-29,2020-11-29,86,86,0,Delivered
SHP-0004614,SUP-001,PRD-00802,2025-09-18,2025-10-10,2025-10-17,743,743,0,Delivered
SHP-0004615,SUP-026,PRD-00419,2026-08-29,2026-09-06,2026-09-19,71,71,0,Delivered
SHP-0004616,SUP-010,PRD-00126,2021-06-03,2021-07-06,2021-07-14,1207,1207,0,Delivered
SHP-0004617,SUP-002,PRD-00073,2020-11-20,2021-01-08,2021-01-14,703,696,7,Delivered
SHP-0004618,SUP-020,PRD-00510,2026-05-08,2026-05-22,2026-05-31,414,414,0,Late
SHP-0004619,SUP-033,PRD-00047,2024-04-01,2024-05-13,2024-05-16,632,614,18,Delivered
SHP-0004620,SUP-060,PRD-00345,2023-07-08,2023-07-17,2023-07-17,1342,1329,13,Delivered
SHP-0004621,SUP-037,PRD-00863,2020-11-06,2020-11-22,2020-12-07,1246,1246,0,Delivered
SHP-0004622,SUP-043,PRD-00209,2024-10-21,2024-12-12,2024-12-12,1242,1242,0,Delivered
SHP-0004623,SUP-052,PRD-00390,2026-02-24,2026-03-03,2026-03-11,1494,1494,0,Delivered
SHP-0004624,SUP-024,PRD-00840,2026-02-04,2026-02-10,2026-02-10,987,958,29,Delivered
SHP-0004625,SUP-062,PRD-00805,2023-11-09,2023-11-30,2023-11-30,858,858,0,Delivered
SHP-0004626,SUP-019,PRD-00593,2025-08-14,2025-09-04,2025-09-04,1208,1208,0,Delivered
SHP-0004627,SUP-048,PRD-00202,2025-11-15,2025-11-25,2025-12-18,55,55,0,Late
SHP-0004628,SUP-035,PRD-00247,2024-09-15,2024-09-28,2024-10-06,562,562,0,Delivered
SHP-0004629,SUP-069,PRD-00318,2023-06-23,2023-07-11,2023-07-18,217,217,0,Delivered
SHP-0004630,SUP-010,PRD-00803,2020-08-16,2020-09-15,2020-09-22,1446,1403,43,Delivered
SHP-0004631,SUP-008,PRD-00169,2022-12-23,2023-01-11,2023-01-11,376,376,0,Late
SHP-0004632,SUP-030,PRD-00111,2026-07-23,2026-08-07,2026-08-07,178,178,0,Delivered
SHP-0004633,SUP-051,PRD-00843,2020-03-22,2020-03-28,2020-03-28,156,156,0,Delivered
SHP-0004634,SUP-058,PRD-00060,2022-05-04,2022-07-02,2022-07-14,622,622,0,Delivered
SHP-0004635,SUP-025,PRD-00883,2022-09-09,2022-10-30,2022-11-02,420,420,0,Delivered
SHP-0004636,SUP-048,PRD-00584,2025-03-30,2025-04-14,2025-04-21,1372,1372,0,Delivered
SHP-0004637,SUP-029,PRD-00762,2023-10-31,2023-11-08,2023-11-08,679,679,0,Delivered
SHP-0004638,SUP-039,PRD-00446,2022-08-17,2022-09-08,2022-09-08,164,151,13,Delivered
SHP-0004639,SUP-022,PRD-00507,2023-01-17,2023-01-26,2023-01-26,1494,1494,0,Delivered
SHP-0004640,SUP-039,PRD-00829,2022-06-20,2022-07-07,2022-07-07,819,811,8,Delivered
SHP-0004641,SUP-037,PRD-00800,2023-07-06,2023-07-19,2023-07-24,1012,1002,10,Delivered
SHP-0004642,SUP-054,PRD-00339,2024-05-28,2024-06-02,2024-06-02,386,386,0,Delivered
SHP-0004643,SUP-061,PRD-00853,2022-10-07,2022-10-17,2022-10-17,507,507,0,Delivered
SHP-0004644,SUP-042,PRD-00847,2020-11-06,2021-01-01,2021-01-14,476,476,0,Late
SHP-0004645,SUP-032,PRD-00033,2024-04-22,2024-05-14,2024-05-14,708,687,21,Delivered
SHP-0004646,SUP-043,PRD-00519,2025-11-29,2026-01-13,2026-01-20,282,282,0,Delivered
SHP-0004647,SUP-062,PRD-00674,2022-06-09,2022-07-13,2022-07-13,867,867,0,Delivered
SHP-0004648,SUP-007,PRD-00320,2023-08-04,2023-08-20,2023-08-23,1342,1342,0,Delivered
SHP-0004649,SUP-007,PRD-00874,2020-08-08,2020-10-21,2020-10-21,1438,1438,0,Delivered
SHP-0004650,SUP-055,PRD-00331,2021-03-01,2021-05-11,2021-05-23,582,582,0,Delivered
SHP-0004651,SUP-019,PRD-00466,2023-05-14,2023-06-01,2023-06-01,1265,1265,0,Delivered
SHP-0004652,SUP-021,PRD-00738,2025-12-24,2026-02-26,2026-02-26,93,93,0,Delivered
SHP-0004653,SUP-007,PRD-00074,2024-12-26,2025-01-12,2025-01-12,685,685,0,Late
SHP-0004654,SUP-060,PRD-00535,2024-04-11,2024-05-02,2024-05-02,364,364,0,Delivered
SHP-0004655,SUP-064,PRD-00878,2026-04-21,2026-05-01,2026-05-07,1321,1321,0,Delivered
SHP-0004656,SUP-027,PRD-00462,2025-11-06,2025-11-21,2025-11-21,679,673,6,Delivered
SHP-0004657,SUP-014,PRD-00704,2024-08-30,2024-10-19,2024-10-19,779,772,7,Delivered
SHP-0004658,SUP-035,PRD-00328,2020-02-03,2020-02-21,2020-02-26,315,315,0,Late
SHP-0004659,SUP-060,PRD-00884,2026-02-25,2026-03-10,2026-03-10,644,644,0,Late
SHP-0004660,SUP-039,PRD-00516,2024-03-22,2024-03-30,2024-04-03,1046,1036,10,Delivered
SHP-0004661,SUP-011,PRD-00523,2021-12-19,2021-12-25,2022-01-01,433,433,0,Delivered
SHP-0004662,SUP-015,PRD-00154,2025-05-16,2025-06-09,2025-06-09,489,489,0,Delivered
SHP-0004663,SUP-066,PRD-00284,2024-10-12,2024-10-20,2024-10-20,849,849,0,Delivered
SHP-0004664,SUP-054,PRD-00716,2024-12-26,2025-01-18,2025-01-18,694,694,0,Delivered
SHP-0004665,SUP-029,PRD-00066,2025-01-07,2025-01-22,2025-01-25,184,184,0,Late
SHP-0004666,SUP-045,PRD-00048,2023-08-31,2023-11-01,2023-11-03,817,809,8,Delivered
SHP-0004667,SUP-010,PRD-00524,2022-08-10,2022-08-24,2022-08-24,634,634,0,Late
SHP-0004668,SUP-049,PRD-00857,2025-07-01,2025-07-10,2025-07-10,94,94,0,Delivered
SHP-0004669,SUP-032,PRD-00509,2025-07-03,2025-08-28,2025-09-11,358,358,0,Delivered
SHP-0004670,SUP-046,PRD-00428,2020-07-29,2020-08-03,2020-08-03,171,171,0,Delivered
SHP-0004671,SUP-013,PRD-00375,2026-02-28,2026-03-17,2026-03-21,1228,1228,0,Delivered
SHP-0004672,SUP-050,PRD-00548,2022-05-02,2022-06-07,2022-06-07,957,629,0,Partial
SHP-0004673,SUP-038,PRD-00563,2025-01-11,2025-01-30,2025-01-30,697,677,20,Delivered
SHP-0004674,SUP-022,PRD-00412,2020-12-21,2021-01-08,2021-01-15,916,916,0,Delivered
SHP-0004675,SUP-050,PRD-00441,2020-08-24,2020-11-06,2020-11-06,448,448,0,Delivered
SHP-0004676,SUP-020,PRD-00579,2024-11-10,2024-12-06,2024-12-16,995,995,0,Delivered
SHP-0004677,SUP-016,PRD-00814,2021-05-08,2021-05-19,2021-05-29,537,532,5,Delivered
SHP-0004678,SUP-055,PRD-00505,2021-09-19,2021-10-04,2021-10-10,1098,1098,0,Delivered
SHP-0004679,SUP-026,PRD-00688,2026-02-21,2026-03-09,2026-03-14,552,552,0,Delivered
SHP-0004680,SUP-039,PRD-00446,2022-12-31,2023-01-17,2023-01-25,1448,1448,0,Delivered
SHP-0004681,SUP-003,PRD-00556,2020-02-18,2020-03-20,2020-03-29,631,631,0,Late
SHP-0004682,SUP-066,PRD-00245,2020-09-22,2020-10-13,2020-10-13,550,550,0,Delivered
SHP-0004683,SUP-053,PRD-00787,2021-10-08,2021-10-15,2021-10-15,1297,1297,0,Delivered
SHP-0004684,SUP-029,PRD-00080,2025-07-23,2025-08-11,2025-08-14,301,298,3,Delivered
SHP-0004685,SUP-056,PRD-00692,2025-01-14,2025-02-25,2025-03-07,1225,1189,36,Delivered
SHP-0004686,SUP-047,PRD-00683,2022-05-29,2022-06-05,2022-06-10,950,950,0,Late
SHP-0004687,SUP-061,PRD-00616,2020-10-15,2020-11-05,2020-11-15,588,583,5,Delivered
SHP-0004688,SUP-031,PRD-00102,2022-11-09,2022-12-24,2022-12-27,446,446,0,Delivered
SHP-0004689,SUP-043,PRD-00658,2021-07-11,2021-07-17,2021-07-19,790,767,23,Delivered
SHP-0004690,SUP-045,PRD-00314,2020-01-16,2020-03-13,2020-03-15,1450,1436,14,Delivered
SHP-0004691,SUP-038,PRD-00190,2025-06-22,2025-06-28,2025-06-28,1156,1156,0,Late
SHP-0004692,SUP-047,PRD-00257,2023-08-15,2023-10-08,2023-10-08,1272,1272,0,Delivered
SHP-0004693,SUP-002,PRD-00664,2026-03-07,2026-03-20,2026-03-23,93,93,0,Delivered
SHP-0004694,SUP-049,PRD-00392,2026-03-20,2026-04-01,2026-04-02,1225,1225,0,Delivered
SHP-0004695,SUP-022,PRD-00450,2022-11-10,2022-11-26,2022-11-26,183,183,0,Late
SHP-0004696,SUP-036,PRD-00677,2020-04-28,2020-06-20,2020-06-22,129,86,0,Partial
SHP-0004697,SUP-051,PRD-00188,2020-12-14,2021-01-03,2021-01-07,1220,1208,12,Delivered
SHP-0004698,SUP-004,PRD-00581,2021-04-13,2021-05-04,2021-05-06,92,92,0,Delivered
SHP-0004699,SUP-058,PRD-00747,2022-10-27,2022-12-16,2022-12-18,1492,1478,14,Delivered
SHP-0004700,SUP-029,PRD-00642,2025-12-14,2025-12-29,2025-12-29,632,632,0,Delivered
SHP-0004701,SUP-056,PRD-00645,2020-09-17,2020-11-22,2020-11-26,1181,1170,11,Late
SHP-0004702,SUP-061,PRD-00612,2023-07-28,2023-08-14,2023-08-17,331,331,0,Delivered
SHP-0004703,SUP-051,PRD-00876,2022-12-17,2022-12-27,2022-12-31,421,421,0,Delivered
SHP-0004704,SUP-064,PRD-00687,2025-04-09,2025-04-18,,1001,757,0,Partial
SHP-0004705,SUP-021,PRD-00576,2025-05-21,2025-07-17,2025-07-23,950,941,9,Delivered
SHP-0004706,SUP-007,PRD-00320,2021-03-31,2021-05-08,2021-05-10,1034,1034,0,Delivered
SHP-0004707,SUP-004,PRD-00581,2023-11-07,2023-11-21,2023-11-21,1082,1082,0,Delivered
SHP-0004708,SUP-037,PRD-00889,2024-06-06,2024-06-30,2024-07-09,264,262,2,Delivered
SHP-0004709,SUP-067,PRD-00653,2025-10-03,2025-10-22,2025-10-29,835,810,25,Delivered
SHP-0004710,SUP-038,PRD-00121,2022-06-30,2022-07-07,2022-07-13,1103,1015,88,Late
SHP-0004711,SUP-031,PRD-00578,2025-11-17,2025-12-23,2025-12-23,861,853,8,Late
SHP-0004712,SUP-047,PRD-00415,2021-05-02,2021-07-13,2021-07-22,1146,1146,0,Delivered
SHP-0004713,SUP-061,PRD-00853,2024-10-24,2024-11-16,2024-11-26,1432,1432,0,Delivered
SHP-0004714,SUP-024,PRD-00773,2022-04-19,2022-04-25,2022-05-02,71,71,0,Delivered
SHP-0004715,SUP-057,PRD-00870,2026-07-10,2026-07-22,2026-07-25,1474,1357,117,Late
SHP-0004716,SUP-064,PRD-00235,2025-03-05,2025-05-09,2025-05-09,723,723,0,Delivered
SHP-0004717,SUP-052,PRD-00090,2024-11-03,2024-11-24,2024-11-26,1321,1321,0,Late
SHP-0004718,SUP-013,PRD-00790,2020-12-05,2020-12-27,2020-12-27,129,126,3,Delivered
SHP-0004719,SUP-020,PRD-00543,2026-02-15,2026-04-19,2026-04-19,1024,1024,0,Delivered
SHP-0004720,SUP-052,PRD-00390,2025-07-12,2025-07-29,2025-08-06,725,725,0,Late
SHP-0004721,SUP-022,PRD-00450,2024-06-03,2024-06-13,2024-06-25,322,322,0,Delivered
SHP-0004722,SUP-066,PRD-00213,2024-04-17,2024-06-18,2024-07-05,1368,1327,41,Late
SHP-0004723,SUP-036,PRD-00711,2022-01-01,2022-03-15,2022-03-29,892,892,0,Delivered
SHP-0004724,SUP-068,PRD-00382,2021-06-21,2021-07-14,2021-07-14,1136,1102,34,Delivered
SHP-0004725,SUP-015,PRD-00303,2022-07-05,2022-07-20,2022-08-02,132,132,0,Delivered
SHP-0004726,SUP-070,PRD-00396,2020-11-17,2020-12-05,2020-12-13,382,371,11,Delivered
SHP-0004727,SUP-060,PRD-00610,2025-08-16,2025-08-21,2025-08-28,76,52,4,Partial
SHP-0004728,SUP-058,PRD-00262,2025-01-23,2025-03-26,2025-04-12,1423,1423,0,Late
SHP-0004729,SUP-063,PRD-00816,2026-07-02,2026-07-14,2026-07-14,1286,1274,12,Delivered
SHP-0004730,SUP-001,PRD-00736,2026-08-26,2026-09-10,2026-09-10,613,613,0,Delivered
SHP-0004731,SUP-020,PRD-00510,2024-06-06,2024-07-13,2024-07-15,844,844,0,Delivered
SHP-0004732,SUP-042,PRD-00875,2026-04-08,2026-05-27,2026-05-27,718,718,0,Delivered
SHP-0004733,SUP-050,PRD-00588,2020-08-08,2020-08-13,2020-08-20,1449,1449,0,Delivered
SHP-0004734,SUP-020,PRD-00543,2026-06-14,2026-07-01,2026-07-14,90,90,0,Delivered
SHP-0004735,SUP-021,PRD-00830,2020-02-12,2020-03-16,2020-03-16,187,187,0,Delivered
SHP-0004736,SUP-057,PRD-00218,2025-05-12,2025-05-29,2025-05-30,1215,1215,0,Delivered
SHP-0004737,SUP-040,PRD-00269,2022-12-30,2023-01-05,2023-01-05,1215,1203,12,Delivered
SHP-0004738,SUP-041,PRD-00310,2026-08-20,2026-10-21,2026-10-24,919,919,0,Late
SHP-0004739,SUP-017,PRD-00272,2024-08-20,2024-08-27,2024-08-27,1016,1006,10,Delivered
SHP-0004740,SUP-029,PRD-00801,2023-03-20,2023-04-04,2023-04-04,1024,1024,0,Delivered
SHP-0004741,SUP-009,PRD-00568,2024-11-29,2024-12-12,2024-12-12,670,670,0,Delivered
SHP-0004742,SUP-065,PRD-00019,2023-04-07,2023-05-21,2023-05-21,208,208,0,Delivered
SHP-0004743,SUP-057,PRD-00317,2026-07-18,2026-07-29,2026-08-03,1020,1010,10,Delivered
SHP-0004744,SUP-057,PRD-00219,2021-08-01,2021-08-06,2021-08-15,991,991,0,Delivered
SHP-0004745,SUP-069,PRD-00055,2026-02-21,2026-02-28,2026-02-28,986,986,0,Delivered
SHP-0004746,SUP-062,PRD-00778,2024-06-09,2024-07-17,2024-07-17,1465,1348,117,Delivered
SHP-0004747,SUP-017,PRD-00344,2023-12-24,2024-01-14,2024-01-14,701,701,0,Delivered
SHP-0004748,SUP-038,PRD-00236,2023-11-21,2023-12-08,2023-12-12,738,646,0,Partial
SHP-0004749,SUP-069,PRD-00109,2021-03-23,2021-04-07,2021-04-13,897,889,8,Delivered
SHP-0004750,SUP-012,PRD-00150,2024-04-22,2024-04-27,2024-04-27,322,322,0,Delivered
SHP-0004751,SUP-023,PRD-00748,2020-07-28,2020-09-10,2020-09-10,342,342,0,Late
SHP-0004752,SUP-023,PRD-00810,2023-01-25,2023-02-17,2023-03-01,902,902,0,Delivered
SHP-0004753,SUP-012,PRD-00226,2021-06-10,2021-06-19,2021-06-19,96,96,0,Delivered
SHP-0004754,SUP-024,PRD-00773,2022-03-30,2022-04-13,2022-04-18,461,448,13,Delivered
SHP-0004755,SUP-066,PRD-00284,2025-04-14,2025-05-20,2025-05-23,191,191,0,Delivered
SHP-0004756,SUP-007,PRD-00609,2020-12-04,2021-01-29,2021-02-03,1090,1090,0,Delivered
SHP-0004757,SUP-021,PRD-00791,2023-03-07,2023-05-04,2023-05-09,689,561,0,Partial
SHP-0004758,SUP-048,PRD-00258,2024-11-12,2024-11-27,2024-12-04,1047,1047,0,Delivered
SHP-0004759,SUP-021,PRD-00738,2024-02-04,2024-03-11,2024-03-13,841,841,0,Delivered
SHP-0004760,SUP-044,PRD-00473,2026-08-17,2026-08-23,2026-09-06,320,320,0,Delivered
SHP-0004761,SUP-011,PRD-00250,2020-05-08,2020-05-17,2020-05-18,619,613,6,Delivered
SHP-0004762,SUP-064,PRD-00325,2022-08-19,2022-09-06,2022-09-07,799,799,0,Delivered
SHP-0004763,SUP-009,PRD-00442,2021-10-21,2021-11-20,2021-11-23,802,802,0,Late
SHP-0004764,SUP-051,PRD-00600,2022-11-13,2022-11-22,2022-11-24,473,473,0,Delivered
SHP-0004765,SUP-041,PRD-00553,2022-07-07,2022-09-08,2022-09-14,295,262,2,Partial
SHP-0004766,SUP-036,PRD-00677,2024-03-06,2024-05-07,2024-05-07,51,51,0,Late
SHP-0004767,SUP-042,PRD-00526,2025-04-09,2025-05-23,2025-06-02,757,757,0,Delivered
SHP-0004768,SUP-002,PRD-00852,2020-10-14,2020-11-27,2020-11-27,1177,1177,0,Delivered
SHP-0004769,SUP-010,PRD-00270,2026-03-31,2026-05-14,2026-06-05,977,977,0,Delivered
SHP-0004770,SUP-038,PRD-00129,2022-12-05,2022-12-20,2022-12-20,1215,1215,0,Delivered
SHP-0004771,SUP-020,PRD-00765,2026-05-01,2026-05-27,2026-06-01,226,226,0,Delivered
SHP-0004772,SUP-037,PRD-00771,2023-08-08,2023-09-01,2023-09-01,1172,1081,32,Partial
SHP-0004773,SUP-010,PRD-00482,2023-04-06,2023-05-14,2023-05-19,669,669,0,Delivered
SHP-0004774,SUP-010,PRD-00897,2026-01-24,2026-01-30,2026-01-30,129,126,3,Late
SHP-0004775,SUP-055,PRD-00505,2022-02-13,2022-04-05,2022-04-05,459,455,4,Delivered
SHP-0004776,SUP-006,PRD-00882,2023-03-23,2023-03-30,2023-04-05,775,768,7,Delivered
SHP-0004777,SUP-020,PRD-00425,2023-10-11,2023-12-11,2023-12-23,1074,1074,0,Delivered
SHP-0004778,SUP-011,PRD-00835,2026-07-28,2026-08-05,2026-08-05,1409,1409,0,Delivered
SHP-0004779,SUP-061,PRD-00616,2026-01-10,2026-01-26,2026-02-10,1082,1082,0,Late
SHP-0004780,SUP-031,PRD-00858,2020-03-05,2020-05-02,2020-05-15,1252,1215,37,Delivered
SHP-0004781,SUP-050,PRD-00588,2022-10-26,2022-11-14,2022-11-15,1238,1238,0,Delivered
SHP-0004782,SUP-060,PRD-00753,2023-03-03,2023-03-26,2023-03-26,168,163,5,Delivered
SHP-0004783,SUP-024,PRD-00635,2024-12-18,2025-01-11,2025-01-11,778,771,7,Delivered
SHP-0004784,SUP-007,PRD-00320,2020-05-12,2020-06-01,2020-06-01,1484,1484,0,Delivered
SHP-0004785,SUP-018,PRD-00603,2024-04-30,2024-05-11,2024-05-16,606,606,0,Late
SHP-0004786,SUP-024,PRD-00825,2026-03-14,2026-03-24,2026-03-27,256,256,0,Delivered
SHP-0004787,SUP-047,PRD-00257,2021-01-24,2021-02-01,2021-02-08,190,189,1,Delivered
SHP-0004788,SUP-039,PRD-00120,2020-01-30,2020-02-14,2020-02-14,980,971,9,Delivered
SHP-0004789,SUP-045,PRD-00274,2025-07-11,2025-09-15,2025-09-27,86,86,0,Delivered
SHP-0004790,SUP-022,PRD-00024,2021-08-24,2021-09-15,2021-09-25,296,296,0,Delivered
SHP-0004791,SUP-047,PRD-00786,2024-10-25,2025-01-01,2025-01-01,1224,1224,0,Delivered
SHP-0004792,SUP-013,PRD-00662,2022-04-14,2022-05-07,2022-05-09,1270,1232,38,Delivered
SHP-0004793,SUP-025,PRD-00577,2021-04-27,2021-07-10,2021-07-13,748,748,0,Delivered
SHP-0004794,SUP-032,PRD-00404,2024-03-11,2024-03-19,2024-03-21,921,912,9,Delivered
SHP-0004795,SUP-003,PRD-00377,2023-03-09,2023-03-31,2023-04-14,297,289,8,Delivered
SHP-0004796,SUP-039,PRD-00302,2023-12-13,2023-12-28,2023-12-28,355,355,0,Delivered
SHP-0004797,SUP-054,PRD-00694,2026-03-13,2026-03-26,2026-04-08,735,735,0,Delivered
SHP-0004798,SUP-002,PRD-00386,2025-12-21,2026-02-10,2026-02-10,796,796,0,Delivered
SHP-0004799,SUP-048,PRD-00537,2026-05-05,2026-05-15,2026-05-21,1081,1081,0,Delivered
SHP-0004800,SUP-039,PRD-00273,2020-06-22,2020-07-15,2020-07-15,1198,1198,0,Delivered
SHP-0004801,SUP-026,PRD-00010,2025-02-22,2025-03-02,2025-03-16,936,936,0,Late
SHP-0004802,SUP-040,PRD-00498,2022-01-07,2022-01-23,2022-02-08,259,257,2,Delivered
SHP-0004803,SUP-011,PRD-00161,2020-06-17,2020-07-10,2020-07-10,977,968,9,Delivered
SHP-0004804,SUP-010,PRD-00078,2021-06-10,2021-07-16,2021-07-16,916,907,9,Delivered
SHP-0004805,SUP-040,PRD-00052,2022-09-16,2022-09-23,2022-09-23,249,249,0,Delivered
SHP-0004806,SUP-003,PRD-00650,2024-05-24,2024-06-29,2024-06-30,1116,1105,11,Late
SHP-0004807,SUP-049,PRD-00222,2025-02-20,2025-03-15,2025-03-26,241,241,0,Late
SHP-0004808,SUP-002,PRD-00664,2025-08-10,2025-10-14,2025-10-31,1106,1106,0,Delivered
SHP-0004809,SUP-028,PRD-00164,2023-07-24,2023-07-30,2023-07-30,263,263,0,Delivered
SHP-0004810,SUP-059,PRD-00689,2022-08-01,2022-08-19,2022-08-24,563,563,0,Delivered
SHP-0004811,SUP-027,PRD-00520,2023-12-23,2024-01-02,2024-01-21,667,667,0,Delivered
SHP-0004812,SUP-029,PRD-00647,2025-11-05,2025-11-28,2025-12-12,1018,988,30,Delivered
SHP-0004813,SUP-022,PRD-00507,2025-06-21,2025-07-11,2025-07-18,985,985,0,Delivered
SHP-0004814,SUP-063,PRD-00065,2022-08-08,2022-08-18,2022-08-19,1130,1130,0,Delivered
SHP-0004815,SUP-061,PRD-00684,2022-08-28,2022-09-09,2022-09-09,344,344,0,Delivered
SHP-0004816,SUP-027,PRD-00784,2023-02-24,2023-03-17,2023-03-17,632,632,0,Delivered
SHP-0004817,SUP-002,PRD-00056,2023-05-16,2023-07-29,2023-08-06,853,853,0,Delivered
SHP-0004818,SUP-060,PRD-00884,2023-07-03,2023-07-14,2023-07-16,603,603,0,Delivered
SHP-0004819,SUP-045,PRD-00461,2025-01-17,2025-03-15,2025-03-15,152,140,12,Delivered
SHP-0004820,SUP-063,PRD-00861,2023-05-29,2023-06-08,2023-06-13,1396,1396,0,Delivered
SHP-0004821,SUP-013,PRD-00487,2026-08-10,2026-08-15,2026-08-15,1487,1487,0,Delivered
SHP-0004822,SUP-051,PRD-00431,2026-01-11,2026-01-25,2026-01-25,1011,1011,0,Delivered
SHP-0004823,SUP-047,PRD-00851,2024-10-03,2024-12-16,2024-12-17,1246,1209,37,Delivered
SHP-0004824,SUP-068,PRD-00031,2021-08-16,2021-09-02,2021-09-02,1078,1068,10,Delivered
SHP-0004825,SUP-039,PRD-00054,2020-02-12,2020-03-03,2020-03-03,256,256,0,Delivered
SHP-0004826,SUP-006,PRD-00005,2023-08-17,2023-08-23,2023-08-23,1120,1120,0,Delivered
SHP-0004827,SUP-054,PRD-00625,2022-12-10,2022-12-22,2022-12-22,475,475,0,Delivered
SHP-0004828,SUP-007,PRD-00874,2023-04-18,2023-06-12,2023-06-30,244,244,0,Delivered
SHP-0004829,SUP-031,PRD-00500,2024-12-29,2025-02-07,2025-02-13,1056,972,84,Delivered
SHP-0004830,SUP-066,PRD-00298,2021-10-06,2021-12-08,2021-12-09,1353,1340,13,Delivered
SHP-0004831,SUP-020,PRD-00579,2025-12-30,2026-01-27,2026-01-27,991,991,0,Delivered
SHP-0004832,SUP-070,PRD-00358,2025-06-21,2025-07-15,2025-07-25,207,201,6,Delivered
SHP-0004833,SUP-008,PRD-00521,2023-06-21,2023-07-05,2023-07-13,305,305,0,Delivered
SHP-0004834,SUP-009,PRD-00672,2023-02-18,2023-04-01,2023-04-04,755,755,0,Delivered
SHP-0004835,SUP-039,PRD-00022,2024-08-23,2024-09-14,2024-09-14,880,880,0,Delivered
SHP-0004836,SUP-051,PRD-00401,2024-02-08,2024-02-28,2024-03-08,399,399,0,Delivered
SHP-0004837,SUP-056,PRD-00004,2020-08-19,2020-08-29,2020-09-07,734,727,7,Delivered
SHP-0004838,SUP-054,PRD-00625,2020-06-23,2020-07-01,2020-07-01,769,769,0,Delivered
SHP-0004839,SUP-033,PRD-00712,2021-03-18,2021-04-11,2021-04-11,166,165,1,Delivered
SHP-0004840,SUP-033,PRD-00125,2022-10-23,2022-10-31,2022-11-05,468,468,0,Late
SHP-0004841,SUP-035,PRD-00059,2023-10-15,2023-10-27,2023-10-27,1003,1003,0,Delivered
SHP-0004842,SUP-048,PRD-00469,2022-05-14,2022-05-26,2022-05-26,960,960,0,Delivered
SHP-0004843,SUP-007,PRD-00569,2023-01-26,2023-03-01,2023-03-03,227,227,0,Delivered
SHP-0004844,SUP-042,PRD-00046,2022-08-14,2022-08-31,2022-09-09,1425,1311,114,Delivered
SHP-0004845,SUP-018,PRD-00607,2023-06-25,2023-07-01,2023-07-14,266,266,0,Delivered
SHP-0004846,SUP-039,PRD-00398,2023-06-30,2023-07-13,2023-07-18,608,602,6,Late
SHP-0004847,SUP-058,PRD-00709,2020-12-15,2021-02-27,2021-02-27,581,576,5,Late
SHP-0004848,SUP-030,PRD-00359,2024-07-07,2024-07-27,2024-08-03,825,759,66,Delivered
SHP-0004849,SUP-061,PRD-00589,2025-08-08,2025-08-26,2025-08-30,729,722,7,Delivered
SHP-0004850,SUP-049,PRD-00761,2024-11-17,2024-12-06,2024-12-07,551,551,0,Delivered
SHP-0004851,SUP-070,PRD-00850,2023-09-20,2023-09-27,2023-09-27,76,74,2,Delivered
SHP-0004852,SUP-020,PRD-00003,2023-04-05,2023-05-16,2023-05-18,232,232,0,Delivered
SHP-0004853,SUP-036,PRD-00173,2021-08-22,2021-09-16,2021-09-16,1396,1383,13,Late
SHP-0004854,SUP-046,PRD-00068,2024-09-10,2024-09-16,2024-10-02,892,892,0,Delivered
SHP-0004855,SUP-006,PRD-00005,2025-08-30,2025-09-12,2025-09-12,397,397,0,Delivered
SHP-0004856,SUP-005,PRD-00681,2021-01-24,2021-01-30,2021-02-01,420,420,0,Delivered
SHP-0004857,SUP-032,PRD-00030,2023-04-09,2023-06-05,2023-06-05,157,156,1,Delivered
SHP-0004858,SUP-037,PRD-00889,2023-07-27,2023-08-14,2023-08-15,537,495,42,Delivered
SHP-0004859,SUP-048,PRD-00537,2024-04-23,2024-05-01,2024-05-01,247,247,0,Delivered
SHP-0004860,SUP-029,PRD-00894,2022-02-11,2022-03-07,2022-03-14,476,462,14,Delivered
SHP-0004861,SUP-026,PRD-00813,2021-07-02,2021-07-15,2021-07-23,1485,1005,0,Partial
SHP-0004862,SUP-027,PRD-00520,2020-11-28,2020-12-17,2020-12-17,705,705,0,Delivered
SHP-0004863,SUP-065,PRD-00290,2020-03-27,2020-04-28,2020-05-08,1400,1288,112,Delivered
SHP-0004864,SUP-001,PRD-00783,2021-09-25,2021-09-30,2021-10-11,1401,1401,0,Delivered
SHP-0004865,SUP-022,PRD-00191,2025-08-24,2025-08-30,2025-08-30,1316,1303,13,Delivered
SHP-0004866,SUP-029,PRD-00647,2024-09-01,2024-09-17,2024-09-17,442,438,4,Delivered
SHP-0004867,SUP-057,PRD-00218,2024-09-14,2024-10-07,2024-10-07,989,989,0,Delivered
SHP-0004868,SUP-009,PRD-00724,2023-08-14,2023-09-09,2023-09-18,608,608,0,Delivered
SHP-0004869,SUP-057,PRD-00248,2020-12-31,2021-01-18,2021-01-22,1431,1431,0,Delivered
SHP-0004870,SUP-007,PRD-00614,2023-04-23,2023-06-08,2023-06-12,158,158,0,Late
SHP-0004871,SUP-011,PRD-00340,2021-02-12,2021-03-07,2021-03-10,1308,1308,0,Delivered
SHP-0004872,SUP-069,PRD-00117,2023-11-05,2023-11-12,2023-11-12,432,432,0,Delivered
SHP-0004873,SUP-016,PRD-00648,2023-01-27,2023-02-01,2023-02-11,183,169,14,Delivered
SHP-0004874,SUP-013,PRD-00871,2020-01-06,2020-01-19,2020-01-19,1030,1000,30,Delivered
SHP-0004875,SUP-014,PRD-00655,2025-05-01,2025-06-13,2025-06-21,306,306,0,Delivered
SHP-0004876,SUP-040,PRD-00052,2020-06-25,2020-07-12,2020-07-14,687,687,0,Delivered
SHP-0004877,SUP-059,PRD-00027,2020-05-01,2020-05-10,2020-05-12,188,188,0,Delivered
SHP-0004878,SUP-059,PRD-00667,2026-08-29,2026-09-16,2026-09-16,723,723,0,Delivered
SHP-0004879,SUP-066,PRD-00682,2023-02-19,2023-03-25,2023-04-01,1070,1070,0,Delivered
SHP-0004880,SUP-013,PRD-00597,2021-11-15,2021-11-22,2021-11-22,607,601,6,Delivered
SHP-0004881,SUP-070,PRD-00458,2022-12-18,2023-01-05,2023-01-05,506,501,5,Delivered
SHP-0004882,SUP-032,PRD-00372,2024-08-04,2024-08-10,2024-08-10,1428,1428,0,Delivered
SHP-0004883,SUP-050,PRD-00598,2021-05-11,2021-06-08,2021-06-16,234,234,0,Delivered
SHP-0004884,SUP-018,PRD-00381,2021-11-29,2021-12-08,2021-12-18,658,658,0,Delivered
SHP-0004885,SUP-034,PRD-00573,2020-03-12,2020-03-26,2020-03-30,762,740,22,Delivered
SHP-0004886,SUP-008,PRD-00465,2021-08-03,2021-09-05,2021-09-20,1152,1152,0,Late
SHP-0004887,SUP-005,PRD-00348,2026-01-01,2026-01-24,2026-01-24,1298,1298,0,Delivered
SHP-0004888,SUP-052,PRD-00729,2025-01-13,2025-01-29,2025-01-29,158,158,0,Delivered
SHP-0004889,SUP-050,PRD-00548,2023-02-20,2023-03-08,2023-03-15,1333,1294,39,Late
SHP-0004890,SUP-049,PRD-00112,2021-11-07,2021-11-15,2021-11-15,206,206,0,Delivered
SHP-0004891,SUP-070,PRD-00721,2021-01-09,2021-01-31,2021-02-01,750,750,0,Delivered
SHP-0004892,SUP-016,PRD-00447,2023-02-03,2023-04-09,2023-04-12,1049,1018,31,Delivered
SHP-0004893,SUP-016,PRD-00819,2022-07-11,2022-08-18,2022-08-18,1319,1280,39,Delivered
SHP-0004894,SUP-049,PRD-00651,2022-08-31,2022-09-13,2022-09-15,96,96,0,Delivered
SHP-0004895,SUP-055,PRD-00002,2026-02-26,2026-04-30,2026-05-06,929,902,27,Delivered
SHP-0004896,SUP-059,PRD-00661,2022-04-17,2022-05-02,2022-05-02,1316,863,0,Partial
SHP-0004897,SUP-033,PRD-00047,2025-10-26,2025-11-17,2025-11-23,1371,1045,0,Partial
SHP-0004898,SUP-066,PRD-00533,2022-07-09,2022-07-15,2022-07-27,124,124,0,Delivered
SHP-0004899,SUP-013,PRD-00332,2021-11-23,2021-11-28,2021-11-30,632,632,0,Delivered
SHP-0004900,SUP-052,PRD-00176,2021-01-20,2021-02-12,2021-02-16,247,200,0,Partial
SHP-0004901,SUP-022,PRD-00770,2026-06-24,2026-07-07,2026-07-07,426,426,0,Delivered
SHP-0004902,SUP-069,PRD-00463,2020-04-19,2020-05-13,2020-05-25,104,103,1,Delivered
SHP-0004903,SUP-041,PRD-00745,2020-01-15,2020-03-18,2020-03-29,263,171,1,Partial
SHP-0004904,SUP-014,PRD-00655,2025-01-18,2025-02-22,2025-02-22,1309,1309,0,Delivered
SHP-0004905,SUP-008,PRD-00496,2026-02-09,2026-04-05,2026-04-05,1028,725,0,Partial
SHP-0004906,SUP-049,PRD-00574,2021-07-12,2021-07-22,2021-07-22,415,415,0,Delivered
SHP-0004907,SUP-005,PRD-00230,2026-05-23,2026-06-09,2026-06-15,579,562,17,Delivered
SHP-0004908,SUP-048,PRD-00268,2020-07-22,2020-08-15,2020-08-23,915,906,9,Delivered
SHP-0004909,SUP-061,PRD-00395,2020-11-14,2020-12-03,2020-12-09,962,886,76,Delivered
SHP-0004910,SUP-062,PRD-00767,2021-09-20,2021-11-17,2021-11-17,564,559,5,Late
SHP-0004911,SUP-063,PRD-00065,2021-06-10,2021-06-19,2021-06-19,234,232,2,Delivered
SHP-0004912,SUP-037,PRD-00101,2022-01-28,2022-02-09,2022-02-13,1334,1334,0,Delivered
SHP-0004913,SUP-068,PRD-00559,2021-08-09,2021-08-17,2021-08-30,824,824,0,Delivered
SHP-0004914,SUP-015,PRD-00508,2023-07-16,2023-08-08,2023-08-08,941,941,0,Delivered
SHP-0004915,SUP-012,PRD-00594,2025-08-13,2025-08-19,2025-08-19,489,485,4,Delivered
SHP-0004916,SUP-065,PRD-00754,2025-02-16,2025-04-05,2025-04-13,1290,1278,12,Delivered
SHP-0004917,SUP-013,PRD-00114,2023-03-06,2023-03-12,2023-03-19,415,415,0,Delivered
SHP-0004918,SUP-062,PRD-00788,2020-09-27,2020-11-13,2020-11-14,632,614,18,Delivered
SHP-0004919,SUP-063,PRD-00743,2022-12-19,2022-12-30,2023-01-17,1354,1354,0,Delivered
SHP-0004920,SUP-048,PRD-00221,2024-07-18,2024-08-07,2024-08-18,1120,1120,0,Delivered
SHP-0004921,SUP-015,PRD-00508,2023-09-15,2023-09-28,2023-09-28,753,753,0,Delivered
SHP-0004922,SUP-069,PRD-00463,2022-03-26,2022-04-09,2022-04-16,929,929,0,Late
SHP-0004923,SUP-051,PRD-00843,2023-01-18,2023-01-29,2023-01-29,167,154,13,Delivered
SHP-0004924,SUP-053,PRD-00115,2026-04-16,2026-04-29,2026-05-03,1429,1415,14,Delivered
SHP-0004925,SUP-047,PRD-00407,2023-06-22,2023-08-06,2023-08-08,937,909,28,Delivered
SHP-0004926,SUP-061,PRD-00589,2023-03-23,2023-04-16,2023-04-16,689,689,0,Delivered
SHP-0004927,SUP-040,PRD-00498,2024-07-18,2024-07-29,2024-07-31,619,619,0,Delivered
SHP-0004928,SUP-032,PRD-00151,2026-03-09,2026-04-29,2026-04-29,1137,1137,0,Delivered
SHP-0004929,SUP-053,PRD-00115,2024-10-27,2024-11-01,2024-11-01,937,937,0,Delivered
SHP-0004930,SUP-070,PRD-00721,2026-01-11,2026-01-18,2026-02-01,523,523,0,Delivered
SHP-0004931,SUP-006,PRD-00239,2024-06-17,2024-07-01,2024-07-06,537,537,0,Late
SHP-0004932,SUP-022,PRD-00627,2021-05-19,2021-06-03,2021-06-03,629,623,6,Delivered
SHP-0004933,SUP-049,PRD-00780,2022-07-16,2022-08-05,2022-08-06,53,53,0,Delivered
SHP-0004934,SUP-057,PRD-00665,2024-08-07,2024-08-21,2024-08-21,703,703,0,Delivered
SHP-0004935,SUP-046,PRD-00068,2024-10-16,2024-11-08,2024-11-08,204,202,2,Delivered
SHP-0004936,SUP-052,PRD-00390,2023-02-07,2023-02-21,2023-02-21,384,384,0,Delivered
SHP-0004937,SUP-039,PRD-00854,2024-04-17,2024-05-07,2024-05-07,479,475,4,Delivered
SHP-0004938,SUP-034,PRD-00045,2020-08-09,2020-08-20,2020-08-20,1105,1072,33,Delivered
SHP-0004939,SUP-030,PRD-00766,2022-04-01,2022-04-09,2022-04-18,1235,1198,37,Delivered
SHP-0004940,SUP-028,PRD-00062,2026-08-20,2026-09-11,2026-09-18,1439,1439,0,Delivered
SHP-0004941,SUP-013,PRD-00831,2020-02-14,2020-02-24,2020-02-24,1182,1182,0,Delivered
SHP-0004942,SUP-065,PRD-00290,2026-01-15,2026-03-17,2026-03-17,201,201,0,Delivered
SHP-0004943,SUP-020,PRD-00003,2020-03-04,2020-05-16,2020-05-23,384,384,0,Delivered
SHP-0004944,SUP-053,PRD-00570,2024-01-24,2024-02-15,2024-02-20,416,412,4,Delivered
SHP-0004945,SUP-053,PRD-00859,2025-11-01,2025-11-08,2025-11-17,1225,1225,0,Delivered
SHP-0004946,SUP-050,PRD-00588,2025-08-18,2025-09-17,2025-09-17,1264,1264,0,Delivered
SHP-0004947,SUP-013,PRD-00871,2024-01-22,2024-02-15,2024-02-18,1118,1118,0,Delivered
SHP-0004948,SUP-070,PRD-00708,2025-08-04,2025-08-22,2025-08-23,568,551,17,Delivered
SHP-0004949,SUP-002,PRD-00130,2020-08-08,2020-08-23,2020-09-08,831,601,0,Partial
SHP-0004950,SUP-059,PRD-00110,2023-08-16,2023-09-01,2023-09-06,490,490,0,Late
SHP-0004951,SUP-001,PRD-00084,2021-08-10,2021-08-20,2021-08-20,362,253,0,Partial
SHP-0004952,SUP-050,PRD-00441,2026-01-11,2026-01-31,2026-01-31,1296,1296,0,Delivered
SHP-0004953,SUP-008,PRD-00521,2020-04-13,2020-05-21,2020-05-31,155,155,0,Delivered
SHP-0004954,SUP-026,PRD-00557,2025-04-12,2025-04-23,2025-04-29,1122,1122,0,Delivered
SHP-0004955,SUP-041,PRD-00838,2025-03-24,2025-04-18,2025-04-18,1120,1120,0,Late
SHP-0004956,SUP-037,PRD-00295,2026-01-13,2026-02-02,2026-02-10,821,821,0,Delivered
SHP-0004957,SUP-069,PRD-00749,2023-06-30,2023-07-22,2023-07-23,1476,1476,0,Delivered
SHP-0004958,SUP-064,PRD-00687,2026-08-05,2026-10-17,2026-10-23,761,754,7,Delivered
SHP-0004959,SUP-008,PRD-00038,2025-06-03,2025-06-30,2025-06-30,618,618,0,Delivered
SHP-0004960,SUP-047,PRD-00415,2022-09-14,2022-09-27,2022-10-08,404,400,4,Delivered
SHP-0004961,SUP-025,PRD-00246,2024-07-07,2024-07-31,2024-07-31,1245,1245,0,Late
SHP-0004962,SUP-023,PRD-00123,2025-01-28,2025-03-28,2025-04-09,1435,1435,0,Delivered
SHP-0004963,SUP-058,PRD-00231,2021-07-04,2021-07-10,2021-07-18,384,384,0,Delivered
SHP-0004964,SUP-029,PRD-00215,2021-10-11,2021-11-04,2021-11-18,990,981,9,Delivered
SHP-0004965,SUP-047,PRD-00057,2024-05-09,2024-05-19,2024-05-28,396,396,0,Delivered
SHP-0004966,SUP-024,PRD-00403,2023-07-12,2023-08-05,2023-08-16,1491,1477,14,Delivered
SHP-0004967,SUP-028,PRD-00152,2022-01-18,2022-01-23,2022-02-05,792,785,7,Delivered
SHP-0004968,SUP-060,PRD-00336,2026-06-25,2026-07-11,2026-07-19,1471,967,0,Partial
SHP-0004969,SUP-065,PRD-00754,2025-03-08,2025-04-06,2025-04-11,1324,1219,105,Delivered
SHP-0004970,SUP-019,PRD-00867,2023-10-10,2023-11-01,2023-11-01,1074,1042,32,Delivered
SHP-0004971,SUP-030,PRD-00069,2020-05-19,2020-05-26,2020-06-02,988,988,0,Delivered
SHP-0004972,SUP-013,PRD-00216,2026-06-10,2026-06-16,2026-06-16,304,301,3,Delivered
SHP-0004973,SUP-013,PRD-00394,2026-07-10,2026-07-27,2026-07-27,1338,1338,0,Delivered
SHP-0004974,SUP-049,PRD-00039,2024-01-25,2024-01-31,2024-02-12,1083,1083,0,Delivered
SHP-0004975,SUP-013,PRD-00435,2021-07-07,2021-07-16,2021-08-01,532,532,0,Delivered
SHP-0004976,SUP-027,PRD-00637,2025-08-01,2025-08-20,2025-08-20,1290,1278,12,Delivered
SHP-0004977,SUP-007,PRD-00320,2023-11-03,2024-01-12,2024-01-12,669,663,6,Delivered
SHP-0004978,SUP-067,PRD-00623,2021-11-24,2021-12-10,2021-12-10,159,158,1,Delivered
SHP-0004979,SUP-058,PRD-00252,2023-01-27,2023-03-16,2023-04-03,568,563,5,Delivered
SHP-0004980,SUP-048,PRD-00537,2022-02-13,2022-03-06,2022-03-07,646,514,0,Partial
SHP-0004981,SUP-008,PRD-00169,2022-11-21,2022-12-16,2022-12-16,1414,1414,0,Delivered
SHP-0004982,SUP-013,PRD-00487,2022-12-07,2022-12-22,2022-12-24,979,979,0,Delivered
SHP-0004983,SUP-068,PRD-00388,2025-08-20,2025-09-02,2025-09-02,466,429,37,Delivered
SHP-0004984,SUP-063,PRD-00714,2021-10-21,2021-11-01,2021-11-01,1273,1273,0,Delivered
SHP-0004985,SUP-010,PRD-00086,2020-08-10,2020-09-29,2020-09-29,587,587,0,Delivered
SHP-0004986,SUP-029,PRD-00642,2023-09-07,2023-09-13,2023-09-14,472,472,0,Delivered
SHP-0004987,SUP-026,PRD-00799,2020-01-29,2020-02-16,2020-02-27,1323,1218,105,Delivered
SHP-0004988,SUP-027,PRD-00520,2025-05-15,2025-06-07,2025-06-22,640,488,4,Partial
SHP-0004989,SUP-029,PRD-00215,2020-10-18,2020-10-24,2020-10-24,1057,1047,10,Delivered
SHP-0004990,SUP-064,PRD-00413,2021-07-06,2021-09-11,2021-09-14,322,322,0,Delivered
SHP-0004991,SUP-013,PRD-00898,2020-02-22,2020-03-04,2020-03-05,1438,1424,14,Delivered
SHP-0004992,SUP-059,PRD-00027,2024-01-04,2024-01-24,2024-01-28,1180,1169,11,Delivered
SHP-0004993,SUP-043,PRD-00658,2025-09-21,2025-11-30,2025-12-12,332,332,0,Late
SHP-0004994,SUP-050,PRD-00449,2021-08-25,2021-10-18,2021-10-18,1471,1471,0,Delivered
SHP-0004995,SUP-049,PRD-00761,2025-06-02,2025-06-20,2025-06-20,1188,1188,0,Delivered
SHP-0004996,SUP-070,PRD-00265,2022-06-17,2022-06-29,2022-07-01,541,541,0,Delivered
SHP-0004997,SUP-039,PRD-00516,2021-02-05,2021-02-21,2021-02-21,332,332,0,Late
SHP-0004998,SUP-010,PRD-00676,2023-05-23,2023-07-26,2023-07-28,673,667,6,Delivered
SHP-0004999,SUP-038,PRD-00563,2022-10-09,2022-10-21,2022-10-21,161,160,1,Delivered
SHP-0005000,SUP-052,PRD-00729,2024-07-08,2024-07-28,2024-08-08,425,425,0,Delivered
SHP-0005001,SUP-013,PRD-00560,2024-02-17,2024-02-24,2024-02-24,339,339,0,Delivered
SHP-0005002,SUP-060,PRD-00619,2022-06-03,2022-06-24,2022-07-02,609,603,6,Delivered
SHP-0005003,SUP-041,PRD-00166,2022-12-09,2023-01-18,2023-01-18,831,831,0,Delivered
SHP-0005004,SUP-020,PRD-00579,2024-07-24,2024-09-24,2024-10-02,1251,1251,0,Delivered
SHP-0005005,SUP-025,PRD-00883,2020-11-03,2020-12-22,2020-12-30,449,436,13,Delivered
SHP-0005006,SUP-034,PRD-00613,2024-02-04,2024-02-19,2024-02-22,1384,1384,0,Late
SHP-0005007,SUP-064,PRD-00424,2022-06-15,2022-07-05,2022-07-05,1265,1253,12,Late
SHP-0005008,SUP-015,PRD-00659,2024-06-16,2024-07-01,2024-07-07,302,299,3,Delivered
SHP-0005009,SUP-026,PRD-00422,2024-02-28,2024-03-18,2024-03-18,722,722,0,Delivered
SHP-0005010,SUP-064,PRD-00249,2024-02-05,2024-03-31,2024-03-31,333,333,0,Delivered
SHP-0005011,SUP-067,PRD-00686,2023-11-24,2023-12-15,2023-12-15,1282,1282,0,Delivered
SHP-0005012,SUP-048,PRD-00202,2026-05-16,2026-05-30,2026-05-31,1040,1040,0,Delivered
SHP-0005013,SUP-062,PRD-00077,2025-05-10,2025-06-07,2025-06-07,62,62,0,Delivered
SHP-0005014,SUP-035,PRD-00328,2023-08-21,2023-09-05,2023-09-09,261,227,2,Partial
SHP-0005015,SUP-030,PRD-00880,2024-02-03,2024-02-26,2024-03-05,601,595,6,Delivered
SHP-0005016,SUP-025,PRD-00883,2021-06-06,2021-06-11,2021-06-11,922,913,9,Delivered
SHP-0005017,SUP-053,PRD-00363,2025-04-30,2025-05-20,2025-05-23,50,50,0,Delivered
SHP-0005018,SUP-066,PRD-00245,2023-05-12,2023-06-05,2023-06-17,287,287,0,Delivered
SHP-0005019,SUP-046,PRD-00240,2022-02-02,2022-02-08,2022-02-10,198,198,0,Delivered
SHP-0005020,SUP-069,PRD-00364,2026-03-08,2026-03-26,2026-03-31,651,651,0,Delivered
SHP-0005021,SUP-057,PRD-00219,2023-08-29,2023-09-11,2023-09-11,1403,1403,0,Delivered
SHP-0005022,SUP-051,PRD-00600,2020-06-15,2020-07-05,2020-07-08,909,909,0,Delivered
SHP-0005023,SUP-051,PRD-00188,2026-03-22,2026-04-13,2026-04-23,1422,1380,42,Delivered
SHP-0005024,SUP-060,PRD-00336,2023-04-01,2023-04-10,2023-04-16,215,215,0,Delivered
SHP-0005025,SUP-002,PRD-00675,2021-04-10,2021-06-14,2021-06-29,158,157,1,Delivered
SHP-0005026,SUP-053,PRD-00453,2024-06-28,2024-07-07,2024-07-07,874,866,8,Delivered
SHP-0005027,SUP-005,PRD-00085,2026-03-25,2026-04-04,2026-04-04,1031,1031,0,Delivered
SHP-0005028,SUP-010,PRD-00189,2023-12-05,2024-01-09,2024-01-09,1149,1149,0,Delivered
SHP-0005029,SUP-060,PRD-00631,2025-06-23,2025-07-16,2025-07-25,822,822,0,Late
SHP-0005030,SUP-037,PRD-00834,2024-12-26,2025-01-03,2025-01-03,511,511,0,Delivered
SHP-0005031,SUP-051,PRD-00401,2024-02-06,2024-02-24,2024-02-27,1490,1490,0,Delivered
SHP-0005032,SUP-052,PRD-00729,2026-02-13,2026-03-06,2026-03-14,980,980,0,Delivered
SHP-0005033,SUP-059,PRD-00159,2023-07-11,2023-07-27,2023-07-30,940,912,28,Delivered
SHP-0005034,SUP-059,PRD-00689,2022-08-21,2022-09-13,2022-09-24,1060,711,0,Partial
SHP-0005035,SUP-035,PRD-00464,2021-10-12,2021-10-19,2021-10-19,268,268,0,Delivered
SHP-0005036,SUP-034,PRD-00613,2022-09-27,2022-10-09,2022-10-18,741,741,0,Delivered
SHP-0005037,SUP-034,PRD-00613,2025-04-02,2025-04-10,2025-04-16,560,544,16,Delivered
SHP-0005038,SUP-032,PRD-00551,2024-01-01,2024-03-07,2024-03-11,50,46,4,Late
SHP-0005039,SUP-044,PRD-00673,2022-06-04,2022-06-21,2022-06-28,83,83,0,Late
SHP-0005040,SUP-066,PRD-00804,2026-06-13,2026-07-26,2026-07-26,350,350,0,Delivered
SHP-0005041,SUP-001,PRD-00736,2024-09-01,2024-09-08,2024-09-10,732,732,0,Delivered
SHP-0005042,SUP-057,PRD-00218,2022-04-27,2022-05-20,2022-05-20,325,325,0,Delivered
SHP-0005043,SUP-035,PRD-00457,2022-12-03,2022-12-25,2022-12-25,795,772,23,Delivered
SHP-0005044,SUP-064,PRD-00565,2020-03-09,2020-04-03,,372,318,0,Partial
SHP-0005045,SUP-068,PRD-00559,2021-07-01,2021-07-09,2021-07-27,132,131,1,Delivered
SHP-0005046,SUP-062,PRD-00105,2020-06-05,2020-06-11,2020-06-27,399,399,0,Delivered
SHP-0005047,SUP-044,PRD-00481,2023-04-17,2023-04-22,,292,228,6,Partial
SHP-0005048,SUP-050,PRD-00794,2023-05-18,2023-05-27,2023-06-02,1219,1219,0,Delivered
SHP-0005049,SUP-019,PRD-00467,2024-05-23,2024-05-29,2024-06-03,1433,1433,0,Delivered
SHP-0005050,SUP-014,PRD-00009,2022-08-23,2022-09-18,2022-09-20,898,898,0,Delivered
SHP-0005051,SUP-057,PRD-00264,2025-04-03,2025-04-21,2025-04-25,553,553,0,Delivered
SHP-0005052,SUP-045,PRD-00314,2023-01-31,2023-03-29,2023-03-31,254,247,7,Delivered
SHP-0005053,SUP-012,PRD-00103,2021-11-27,2021-12-13,2021-12-14,949,949,0,Delivered
SHP-0005054,SUP-059,PRD-00515,2022-05-01,2022-05-13,2022-05-13,1096,1096,0,Delivered
SHP-0005055,SUP-049,PRD-00217,2023-07-01,2023-07-11,2023-07-13,1315,1315,0,Delivered
SHP-0005056,SUP-064,PRD-00379,2020-06-21,2020-07-08,2020-07-08,305,302,3,Delivered
SHP-0005057,SUP-029,PRD-00215,2021-10-01,2021-10-13,2021-10-13,417,417,0,Delivered
SHP-0005058,SUP-011,PRD-00587,2026-02-11,2026-03-06,2026-03-10,1082,1050,32,Delivered
SHP-0005059,SUP-018,PRD-00769,2021-09-24,2021-10-06,2021-10-06,1288,1276,12,Delivered
SHP-0005060,SUP-005,PRD-00306,2021-11-03,2021-11-24,2021-11-24,1171,1171,0,Late
SHP-0005061,SUP-064,PRD-00249,2023-10-07,2023-10-24,2023-10-24,62,49,0,Partial
SHP-0005062,SUP-007,PRD-00569,2023-05-09,2023-06-12,2023-06-13,585,585,0,Late
SHP-0005063,SUP-070,PRD-00721,2021-03-24,2021-04-11,2021-04-22,499,499,0,Delivered
SHP-0005064,SUP-024,PRD-00823,2025-08-06,2025-08-24,2025-08-24,1209,1209,0,Delivered
SHP-0005065,SUP-050,PRD-00794,2020-04-21,2020-06-01,2020-06-03,1066,1066,0,Delivered
SHP-0005066,SUP-042,PRD-00204,2021-05-31,2021-07-31,2021-08-11,1331,1331,0,Delivered
SHP-0005067,SUP-006,PRD-00713,2021-08-08,2021-08-23,2021-09-08,485,485,0,Delivered
SHP-0005068,SUP-002,PRD-00386,2026-06-01,2026-07-03,2026-07-04,616,616,0,Delivered
SHP-0005069,SUP-063,PRD-00444,2021-07-12,2021-07-20,2021-07-20,1309,1309,0,Delivered
SHP-0005070,SUP-037,PRD-00809,2022-05-19,2022-05-29,2022-06-02,675,669,6,Delivered
SHP-0005071,SUP-047,PRD-00427,2022-01-14,2022-02-27,2022-03-04,804,780,24,Delivered
SHP-0005072,SUP-010,PRD-00189,2023-03-31,2023-04-22,2023-04-22,316,266,0,Partial
SHP-0005073,SUP-019,PRD-00286,2023-01-05,2023-01-20,2023-01-21,357,357,0,Delivered
SHP-0005074,SUP-066,PRD-00723,2026-07-28,2026-08-25,2026-08-25,1167,1156,11,Delivered
SHP-0005075,SUP-033,PRD-00127,2020-05-03,2020-05-10,2020-05-27,163,163,0,Delivered
SHP-0005076,SUP-038,PRD-00330,2024-10-11,2024-10-31,2024-11-02,1350,1350,0,Delivered
SHP-0005077,SUP-058,PRD-00158,2022-04-04,2022-05-24,2022-05-31,1301,854,0,Partial
SHP-0005078,SUP-019,PRD-00467,2024-12-13,2025-01-05,2025-01-05,1469,1469,0,Delivered
SHP-0005079,SUP-029,PRD-00762,2026-07-01,2026-07-16,2026-07-16,864,839,25,Delivered
SHP-0005080,SUP-058,PRD-00262,2020-08-16,2020-09-13,2020-09-17,417,413,4,Delivered
SHP-0005081,SUP-003,PRD-00397,2025-08-13,2025-10-03,2025-10-15,1057,1057,0,Delivered
SHP-0005082,SUP-064,PRD-00249,2020-10-31,2021-01-12,2021-01-19,443,443,0,Delivered
SHP-0005083,SUP-029,PRD-00586,2020-02-29,2020-03-08,2020-03-15,156,155,1,Delivered
SHP-0005084,SUP-004,PRD-00141,2024-08-25,2024-09-14,2024-09-18,655,655,0,Late
SHP-0005085,SUP-053,PRD-00529,2022-03-30,2022-04-07,2022-04-16,703,696,7,Delivered
SHP-0005086,SUP-036,PRD-00711,2020-05-04,2020-07-02,2020-07-06,827,803,24,Delivered
SHP-0005087,SUP-067,PRD-00309,2021-05-05,2021-05-14,2021-05-14,462,449,13,Delivered
SHP-0005088,SUP-059,PRD-00774,2023-05-07,2023-05-23,2023-05-28,761,761,0,Delivered
SHP-0005089,SUP-007,PRD-00291,2020-11-05,2020-12-25,,1123,730,0,Partial
SHP-0005090,SUP-002,PRD-00852,2022-09-25,2022-10-14,2022-10-15,389,389,0,Delivered
SHP-0005091,SUP-058,PRD-00334,2023-05-15,2023-06-13,2023-06-25,592,592,0,Delivered
SHP-0005092,SUP-059,PRD-00327,2024-09-01,2024-09-10,2024-09-13,1345,1345,0,Delivered
SHP-0005093,SUP-058,PRD-00032,2024-11-17,2025-01-18,2025-01-20,1448,1448,0,Delivered
SHP-0005094,SUP-061,PRD-00628,2024-04-09,2024-04-24,2024-04-24,1215,1203,12,Late
SHP-0005095,SUP-067,PRD-00776,2020-11-18,2020-12-11,2020-12-15,1436,1436,0,Delivered
SHP-0005096,SUP-020,PRD-00167,2022-02-06,2022-04-21,2022-04-27,1195,1195,0,Delivered
SHP-0005097,SUP-029,PRD-00172,2021-10-27,2021-11-16,2021-11-16,1439,1324,115,Delivered
SHP-0005098,SUP-067,PRD-00653,2024-12-27,2025-01-20,2025-01-20,670,670,0,Delivered
SHP-0005099,SUP-055,PRD-00505,2023-12-25,2024-01-27,2024-02-13,975,966,9,Delivered
SHP-0005100,SUP-070,PRD-00458,2023-01-26,2023-02-18,2023-02-23,112,111,1,Delivered
SHP-0005101,SUP-057,PRD-00317,2023-04-09,2023-04-18,2023-04-20,158,158,0,Delivered
SHP-0005102,SUP-064,PRD-00325,2025-09-06,2025-09-18,2025-09-18,526,388,0,Partial
SHP-0005103,SUP-005,PRD-00097,2022-07-15,2022-07-26,2022-08-08,312,309,3,Delivered
SHP-0005104,SUP-042,PRD-00443,2020-03-07,2020-03-24,2020-03-24,1051,1041,10,Delivered
SHP-0005105,SUP-068,PRD-00893,2021-10-04,2021-10-10,2021-10-11,239,239,0,Delivered
SHP-0005106,SUP-037,PRD-00834,2026-05-16,2026-06-06,2026-06-08,751,751,0,Delivered
SHP-0005107,SUP-034,PRD-00304,2020-02-21,2020-03-03,2020-03-07,459,459,0,Delivered
SHP-0005108,SUP-012,PRD-00168,2026-04-03,2026-04-12,2026-04-13,1281,1281,0,Delivered
SHP-0005109,SUP-048,PRD-00735,2026-08-24,2026-08-30,2026-09-11,128,128,0,Delivered
SHP-0005110,SUP-011,PRD-00477,2022-05-09,2022-05-29,2022-05-31,626,620,6,Delivered
SHP-0005111,SUP-022,PRD-00305,2024-04-12,2024-04-24,2024-04-27,57,53,0,Partial
SHP-0005112,SUP-031,PRD-00611,2021-07-08,2021-08-09,2021-08-09,1411,1411,0,Delivered
SHP-0005113,SUP-028,PRD-00370,2023-11-04,2023-11-21,2023-12-01,260,260,0,Delivered
SHP-0005114,SUP-050,PRD-00228,2021-06-06,2021-08-12,2021-08-17,1305,1305,0,Delivered
SHP-0005115,SUP-068,PRD-00366,2025-10-01,2025-10-13,2025-10-13,371,371,0,Delivered
SHP-0005116,SUP-041,PRD-00229,2022-12-20,2023-01-08,2023-01-14,1040,1009,31,Delivered
SHP-0005117,SUP-064,PRD-00503,2023-04-10,2023-05-19,2023-05-30,575,558,17,Delivered
SHP-0005118,SUP-045,PRD-00274,2021-10-22,2021-11-13,2021-11-18,780,780,0,Delivered
SHP-0005119,SUP-033,PRD-00617,2020-11-21,2020-12-13,2020-12-20,302,293,9,Delivered
SHP-0005120,SUP-050,PRD-00643,2024-07-19,2024-08-21,2024-08-24,809,809,0,Delivered
SHP-0005121,SUP-032,PRD-00151,2026-06-02,2026-08-05,2026-08-07,1159,1159,0,Delivered
SHP-0005122,SUP-068,PRD-00641,2020-04-06,2020-04-17,2020-04-17,1221,1221,0,Delivered
SHP-0005123,SUP-010,PRD-00731,2021-12-25,2021-12-30,2021-12-30,975,975,0,Delivered
SHP-0005124,SUP-064,PRD-00795,2026-01-18,2026-03-27,2026-04-22,789,782,7,Delivered
SHP-0005125,SUP-059,PRD-00434,2020-11-01,2020-11-09,2020-11-14,846,846,0,Delivered
SHP-0005126,SUP-044,PRD-00473,2021-12-16,2021-12-22,2021-12-26,554,554,0,Delivered
SHP-0005127,SUP-002,PRD-00130,2022-05-14,2022-07-15,2022-07-15,366,363,3,Delivered
SHP-0005128,SUP-023,PRD-00748,2025-03-09,2025-03-20,2025-03-30,108,108,0,Late
SHP-0005129,SUP-045,PRD-00566,2021-02-07,2021-03-04,2021-03-04,767,767,0,Delivered
SHP-0005130,SUP-033,PRD-00125,2022-10-07,2022-11-26,2022-12-08,440,411,0,Partial
SHP-0005131,SUP-014,PRD-00655,2020-07-28,2020-09-11,2020-09-13,66,66,0,Delivered
SHP-0005132,SUP-056,PRD-00094,2023-01-17,2023-03-12,2023-03-12,153,152,1,Delivered
SHP-0005133,SUP-009,PRD-00724,2025-06-07,2025-06-30,2025-07-09,979,979,0,Delivered
SHP-0005134,SUP-024,PRD-00773,2021-01-18,2021-02-11,2021-02-12,557,557,0,Delivered
SHP-0005135,SUP-025,PRD-00554,2024-03-16,2024-05-23,2024-05-23,132,132,0,Delivered
SHP-0005136,SUP-066,PRD-00620,2021-05-18,2021-07-13,2021-07-20,826,818,8,Delivered
SHP-0005137,SUP-005,PRD-00306,2023-12-12,2023-12-19,2023-12-19,515,515,0,Late
SHP-0005138,SUP-018,PRD-00293,2020-09-12,2020-09-24,2020-10-10,1278,1278,0,Delivered
SHP-0005139,SUP-060,PRD-00023,2021-08-31,2021-09-16,2021-09-16,1336,1336,0,Delivered
SHP-0005140,SUP-038,PRD-00718,2021-05-01,2021-05-21,2021-05-21,158,158,0,Delivered
SHP-0005141,SUP-018,PRD-00624,2020-01-21,2020-01-31,2020-02-03,223,223,0,Late
SHP-0005142,SUP-062,PRD-00426,2023-09-30,2023-12-11,2023-12-17,1090,1090,0,Late
SHP-0005143,SUP-044,PRD-00178,2021-06-14,2021-06-22,2021-06-22,1384,1384,0,Delivered
SHP-0005144,SUP-063,PRD-00763,2020-11-23,2020-12-03,2020-12-08,504,489,15,Delivered
SHP-0005145,SUP-040,PRD-00052,2022-12-31,2023-01-10,2023-01-20,890,882,8,Delivered
SHP-0005146,SUP-007,PRD-00074,2026-01-02,2026-03-11,2026-03-19,274,209,0,Partial
SHP-0005147,SUP-023,PRD-00748,2021-12-14,2022-01-14,2022-01-14,514,445,0,Partial
SHP-0005148,SUP-004,PRD-00026,2021-04-21,2021-05-13,2021-05-20,248,246,2,Delivered
SHP-0005149,SUP-067,PRD-00656,2023-08-14,2023-09-01,2023-09-01,812,804,8,Delivered
SHP-0005150,SUP-027,PRD-00737,2023-03-06,2023-03-13,2023-03-20,231,231,0,Late
SHP-0005151,SUP-028,PRD-00605,2025-02-18,2025-03-02,2025-03-02,457,457,0,Delivered
SHP-0005152,SUP-053,PRD-00486,2025-12-20,2025-12-31,2025-12-31,880,880,0,Delivered
SHP-0005153,SUP-026,PRD-00378,2026-08-11,2026-09-02,2026-09-10,722,722,0,Delivered
SHP-0005154,SUP-041,PRD-00420,2023-11-18,2023-12-20,2023-12-20,313,310,3,Delivered
SHP-0005155,SUP-068,PRD-00031,2025-05-15,2025-05-27,2025-05-27,278,278,0,Delivered
SHP-0005156,SUP-037,PRD-00101,2021-07-14,2021-07-19,2021-07-19,1098,1098,0,Delivered
SHP-0005157,SUP-022,PRD-00450,2024-08-20,2024-08-29,2024-08-29,616,616,0,Late
SHP-0005158,SUP-032,PRD-00357,2024-02-03,2024-03-23,2024-04-02,671,671,0,Delivered
SHP-0005159,SUP-008,PRD-00496,2023-02-17,2023-02-23,2023-02-23,1333,1333,0,Delivered
SHP-0005160,SUP-026,PRD-00799,2026-01-22,2026-02-05,2026-02-09,329,329,0,Delivered
SHP-0005161,SUP-037,PRD-00834,2023-02-13,2023-02-22,2023-03-03,185,185,0,Delivered
SHP-0005162,SUP-056,PRD-00094,2024-06-22,2024-08-17,2024-08-17,809,785,24,Delivered
SHP-0005163,SUP-031,PRD-00500,2025-07-18,2025-08-06,2025-08-06,1440,1325,115,Delivered
SHP-0005164,SUP-061,PRD-00067,2022-03-02,2022-03-12,2022-03-28,600,594,6,Delivered
SHP-0005165,SUP-067,PRD-00776,2024-02-03,2024-02-12,2024-02-12,835,835,0,Delivered
SHP-0005166,SUP-068,PRD-00183,2023-05-15,2023-06-03,2023-06-03,568,568,0,Delivered
SHP-0005167,SUP-013,PRD-00146,2025-02-08,2025-02-23,2025-02-23,1027,1027,0,Delivered
SHP-0005168,SUP-044,PRD-00178,2022-12-04,2022-12-19,2022-12-19,1117,922,0,Partial
SHP-0005169,SUP-041,PRD-00420,2021-09-17,2021-10-01,2021-10-13,1355,1342,13,Late
SHP-0005170,SUP-034,PRD-00311,2022-03-10,2022-03-18,2022-03-21,992,992,0,Delivered
SHP-0005171,SUP-053,PRD-00633,2025-07-22,2025-07-27,2025-07-31,545,545,0,Delivered
SHP-0005172,SUP-032,PRD-00357,2025-12-26,2026-01-12,2026-01-12,299,299,0,Delivered
SHP-0005173,SUP-009,PRD-00724,2020-09-09,2020-10-05,2020-10-09,532,517,15,Delivered
SHP-0005174,SUP-062,PRD-00772,2022-04-08,2022-06-17,2022-06-17,998,998,0,Delivered
SHP-0005175,SUP-041,PRD-00166,2020-08-06,2020-09-29,2020-10-06,1006,1006,0,Late
SHP-0005176,SUP-015,PRD-00739,2022-01-15,2022-01-24,2022-01-26,1265,1228,37,Delivered
SHP-0005177,SUP-050,PRD-00228,2024-08-07,2024-09-05,2024-09-15,468,468,0,Delivered
SHP-0005178,SUP-013,PRD-00144,2024-08-16,2024-08-27,2024-09-01,1379,1379,0,Delivered
SHP-0005179,SUP-002,PRD-00056,2020-01-02,2020-03-10,2020-03-10,124,123,1,Delivered
SHP-0005180,SUP-010,PRD-00731,2025-01-09,2025-03-04,2025-03-16,73,73,0,Delivered
SHP-0005181,SUP-044,PRD-00165,2025-06-24,2025-07-05,2025-07-05,362,352,10,Delivered
SHP-0005182,SUP-061,PRD-00395,2020-04-03,2020-04-22,2020-04-22,700,700,0,Delivered
SHP-0005183,SUP-064,PRD-00413,2020-12-06,2021-01-29,2021-01-29,1368,1368,0,Delivered
SHP-0005184,SUP-058,PRD-00032,2020-01-01,2020-01-09,2020-01-12,1452,1438,14,Delivered
SHP-0005185,SUP-053,PRD-00453,2020-04-11,2020-04-29,2020-05-18,1405,1405,0,Delivered
SHP-0005186,SUP-061,PRD-00067,2022-03-01,2022-03-13,2022-03-13,565,560,5,Delivered
SHP-0005187,SUP-033,PRD-00132,2021-07-20,2021-09-04,2021-09-04,527,527,0,Delivered
SHP-0005188,SUP-032,PRD-00845,2026-07-17,2026-09-01,2026-09-02,973,944,29,Delivered
SHP-0005189,SUP-035,PRD-00601,2023-06-19,2023-07-01,2023-07-01,1017,1017,0,Delivered
SHP-0005190,SUP-036,PRD-00071,2020-01-14,2020-02-20,2020-03-09,1355,1355,0,Delivered
SHP-0005191,SUP-040,PRD-00478,2020-02-04,2020-02-11,2020-02-14,1313,1313,0,Delivered
SHP-0005192,SUP-018,PRD-00299,2025-08-14,2025-08-22,2025-08-22,1090,1090,0,Delivered
SHP-0005193,SUP-011,PRD-00391,2022-03-10,2022-03-21,2022-03-25,477,477,0,Late
SHP-0005194,SUP-023,PRD-00123,2020-10-28,2020-12-28,2021-01-04,276,268,8,Delivered
SHP-0005195,SUP-026,PRD-00557,2023-04-05,2023-04-10,2023-04-10,1129,1129,0,Delivered
SHP-0005196,SUP-055,PRD-00488,2020-12-23,2021-01-03,2021-01-10,131,130,1,Delivered
SHP-0005197,SUP-022,PRD-00485,2024-12-05,2024-12-12,2024-12-17,1435,1435,0,Delivered
SHP-0005198,SUP-045,PRD-00461,2025-04-11,2025-04-30,2025-05-14,1329,1329,0,Delivered
SHP-0005199,SUP-049,PRD-00618,2022-01-01,2022-01-09,,711,564,5,Partial
SHP-0005200,SUP-053,PRD-00544,2026-08-15,2026-08-28,2026-08-28,1131,1041,90,Late
SHP-0005201,SUP-045,PRD-00354,2025-06-18,2025-08-01,2025-08-01,1053,1053,0,Delivered
SHP-0005202,SUP-018,PRD-00338,2022-02-07,2022-02-20,2022-02-23,654,648,6,Delivered
SHP-0005203,SUP-046,PRD-00808,2026-03-06,2026-03-21,2026-04-09,1374,1049,83,Partial
SHP-0005204,SUP-010,PRD-00676,2020-12-09,2021-01-15,2021-01-24,1407,1407,0,Late
SHP-0005205,SUP-030,PRD-00728,2020-07-18,2020-07-26,2020-08-05,829,821,8,Delivered
SHP-0005206,SUP-020,PRD-00003,2025-12-15,2026-02-26,2026-02-28,1172,1172,0,Delivered
SHP-0005207,SUP-050,PRD-00106,2026-04-08,2026-04-22,2026-04-23,1077,1077,0,Delivered
SHP-0005208,SUP-013,PRD-00890,2021-07-24,2021-08-11,2021-08-20,1401,1401,0,Late
SHP-0005209,SUP-059,PRD-00163,2025-12-28,2026-01-18,2026-01-27,511,471,40,Delivered
SHP-0005210,SUP-012,PRD-00679,2022-06-13,2022-06-20,2022-07-01,1431,1417,14,Delivered
SHP-0005211,SUP-027,PRD-00725,2020-01-10,2020-01-28,2020-01-30,575,575,0,Delivered
SHP-0005212,SUP-061,PRD-00612,2024-01-22,2024-01-27,2024-01-29,823,823,0,Delivered
SHP-0005213,SUP-038,PRD-00190,2025-05-19,2025-05-27,2025-05-30,643,570,0,Partial
SHP-0005214,SUP-033,PRD-00712,2022-04-08,2022-06-11,2022-06-16,217,215,2,Late
SHP-0005215,SUP-019,PRD-00124,2022-04-04,2022-04-10,2022-04-10,513,513,0,Delivered
SHP-0005216,SUP-068,PRD-00366,2025-05-05,2025-05-18,2025-05-24,927,927,0,Delivered
SHP-0005217,SUP-063,PRD-00452,2023-03-07,2023-03-29,2023-03-29,1339,1339,0,Delivered
SHP-0005218,SUP-068,PRD-00559,2026-05-15,2026-05-25,2026-06-04,1477,1064,0,Partial
SHP-0005219,SUP-018,PRD-00769,2021-12-10,2021-12-29,2021-12-29,354,354,0,Late
SHP-0005220,SUP-049,PRD-00140,2020-05-25,2020-06-08,2020-06-11,687,687,0,Delivered
SHP-0005221,SUP-066,PRD-00705,2023-03-29,2023-06-01,2023-06-05,401,397,4,Delivered
SHP-0005222,SUP-050,PRD-00399,2021-04-01,2021-04-16,2021-04-30,548,543,5,Late
SHP-0005223,SUP-013,PRD-00216,2023-11-27,2023-12-06,2023-12-11,1469,1469,0,Delivered
SHP-0005224,SUP-030,PRD-00864,2024-01-14,2024-01-25,2024-01-25,1243,1243,0,Delivered
SHP-0005225,SUP-034,PRD-00311,2023-03-06,2023-03-12,2023-03-13,386,386,0,Delivered
SHP-0005226,SUP-038,PRD-00740,2026-07-20,2026-07-26,2026-07-26,467,463,4,Delivered
SHP-0005227,SUP-026,PRD-00697,2022-10-07,2022-10-23,2022-10-27,1230,1230,0,Delivered
SHP-0005228,SUP-018,PRD-00293,2022-07-11,2022-07-30,2022-07-30,333,333,0,Delivered
SHP-0005229,SUP-057,PRD-00100,2020-07-31,2020-08-09,2020-08-09,706,706,0,Late
SHP-0005230,SUP-028,PRD-00865,2021-02-08,2021-02-14,2021-02-17,1002,821,8,Partial
SHP-0005231,SUP-060,PRD-00142,2021-03-17,2021-04-10,2021-04-27,1221,1124,97,Delivered
SHP-0005232,SUP-005,PRD-00306,2020-06-18,2020-07-10,2020-07-26,1113,1113,0,Delivered
SHP-0005233,SUP-058,PRD-00060,2025-06-30,2025-07-18,2025-07-22,742,720,22,Delivered
SHP-0005234,SUP-012,PRD-00226,2026-07-03,2026-07-25,2026-07-25,1404,1404,0,Delivered
SHP-0005235,SUP-007,PRD-00569,2020-11-16,2021-01-17,2021-01-19,672,672,0,Delivered
SHP-0005236,SUP-014,PRD-00483,2021-11-21,2022-01-05,2022-01-11,849,841,8,Delivered
SHP-0005237,SUP-050,PRD-00040,2020-08-03,2020-08-13,2020-08-17,712,712,0,Late
SHP-0005238,SUP-069,PRD-00364,2021-11-04,2021-11-17,2021-11-17,549,533,16,Delivered
SHP-0005239,SUP-014,PRD-00075,2021-02-23,2021-04-03,2021-04-08,754,754,0,Delivered
SHP-0005240,SUP-046,PRD-00240,2025-09-10,2025-10-01,2025-10-08,736,736,0,Delivered
SHP-0005241,SUP-031,PRD-00319,2025-10-24,2025-11-11,2025-11-11,731,731,0,Delivered
SHP-0005242,SUP-057,PRD-00034,2020-10-19,2020-11-06,2020-11-06,122,122,0,Late
SHP-0005243,SUP-041,PRD-00663,2024-11-20,2024-12-31,2025-01-05,1340,1340,0,Delivered
SHP-0005244,SUP-065,PRD-00818,2026-01-12,2026-03-21,2026-03-21,991,991,0,Delivered
SHP-0005245,SUP-017,PRD-00135,2024-12-28,2025-01-11,2025-01-20,1437,1423,14,Delivered
SHP-0005246,SUP-062,PRD-00788,2021-07-31,2021-10-10,2021-10-13,1258,1258,0,Late
SHP-0005247,SUP-069,PRD-00043,2024-04-17,2024-05-05,2024-05-11,75,73,2,Delivered
SHP-0005248,SUP-029,PRD-00685,2026-05-04,2026-05-16,2026-05-16,702,702,0,Late
SHP-0005249,SUP-033,PRD-00125,2025-03-28,2025-04-19,2025-04-19,1380,1380,0,Delivered
SHP-0005250,SUP-047,PRD-00138,2024-05-17,2024-06-21,2024-06-27,1494,1494,0,Delivered
SHP-0005251,SUP-040,PRD-00602,2022-02-04,2022-02-17,2022-02-24,1127,1127,0,Delivered
SHP-0005252,SUP-006,PRD-00206,2026-01-21,2026-02-01,2026-02-05,1070,1060,10,Delivered
SHP-0005253,SUP-067,PRD-00261,2020-03-22,2020-04-01,2020-04-01,1340,1340,0,Late
SHP-0005254,SUP-002,PRD-00700,2021-02-01,2021-02-12,2021-02-22,697,697,0,Delivered
SHP-0005255,SUP-017,PRD-00272,2025-07-11,2025-08-04,2025-08-04,1086,1086,0,Delivered
SHP-0005256,SUP-063,PRD-00741,2023-07-14,2023-07-26,2023-07-26,794,794,0,Delivered
SHP-0005257,SUP-058,PRD-00334,2026-07-20,2026-07-31,2026-07-31,1081,1081,0,Delivered
SHP-0005258,SUP-061,PRD-00589,2026-06-12,2026-06-18,2026-07-04,1411,1411,0,Delivered
SHP-0005259,SUP-039,PRD-00854,2022-01-28,2022-02-11,2022-02-14,1375,1375,0,Delivered
SHP-0005260,SUP-035,PRD-00059,2023-10-11,2023-10-23,2023-10-25,69,69,0,Delivered
SHP-0005261,SUP-047,PRD-00752,2025-10-01,2025-11-04,2025-11-08,1256,1244,12,Delivered
SHP-0005262,SUP-068,PRD-00183,2022-03-29,2022-04-10,2022-04-22,1254,1242,12,Delivered
SHP-0005263,SUP-054,PRD-00339,2025-01-21,2025-02-07,2025-02-07,1476,1476,0,Delivered
SHP-0005264,SUP-047,PRD-00851,2021-05-21,2021-07-28,2021-08-03,50,50,0,Delivered
SHP-0005265,SUP-013,PRD-00898,2021-09-10,2021-09-27,2021-09-27,1394,1381,13,Delivered
SHP-0005266,SUP-030,PRD-00359,2023-06-25,2023-07-06,2023-07-16,214,214,0,Late
SHP-0005267,SUP-029,PRD-00172,2021-05-31,2021-06-06,2021-06-06,1174,1174,0,Delivered
SHP-0005268,SUP-050,PRD-00040,2024-05-18,2024-07-11,2024-07-18,988,988,0,Delivered
SHP-0005269,SUP-016,PRD-00263,2023-07-26,2023-08-21,2023-08-21,1319,1280,39,Delivered
SHP-0005270,SUP-041,PRD-00420,2023-11-14,2023-12-21,2023-12-30,711,704,7,Delivered
SHP-0005271,SUP-049,PRD-00140,2025-09-06,2025-09-15,2025-09-20,1037,1027,10,Delivered
SHP-0005272,SUP-025,PRD-00288,2020-07-09,2020-07-14,2020-07-14,1120,1087,33,Delivered
SHP-0005273,SUP-005,PRD-00564,2024-04-01,2024-04-08,2024-04-08,1329,1316,13,Delivered
SHP-0005274,SUP-048,PRD-00537,2024-01-06,2024-01-21,2024-01-21,1215,1215,0,Late
SHP-0005275,SUP-068,PRD-00388,2023-05-24,2023-06-09,2023-06-24,570,565,5,Delivered
SHP-0005276,SUP-031,PRD-00500,2021-08-08,2021-10-04,2021-10-04,635,635,0,Delivered
SHP-0005277,SUP-065,PRD-00818,2024-01-24,2024-03-24,2024-03-24,527,527,0,Delivered
SHP-0005278,SUP-008,PRD-00038,2020-08-02,2020-09-26,2020-09-28,893,893,0,Delivered
SHP-0005279,SUP-006,PRD-00592,2025-01-08,2025-01-26,2025-01-26,1223,1223,0,Delivered
SHP-0005280,SUP-002,PRD-00056,2025-11-09,2026-01-22,2026-01-30,1397,1384,13,Delivered
SHP-0005281,SUP-044,PRD-00297,2023-03-30,2023-04-21,2023-04-30,1061,1051,10,Delivered
SHP-0005282,SUP-042,PRD-00511,2023-10-29,2023-12-14,2023-12-14,1464,1142,0,Partial
SHP-0005283,SUP-027,PRD-00737,2024-04-30,2024-05-11,2024-05-11,793,786,7,Delivered
SHP-0005284,SUP-037,PRD-00089,2020-06-22,2020-06-30,2020-06-30,1371,1371,0,Delivered
SHP-0005285,SUP-037,PRD-00800,2026-03-11,2026-03-31,2026-04-17,324,315,9,Delivered
SHP-0005286,SUP-011,PRD-00477,2022-05-24,2022-06-11,2022-06-11,108,108,0,Delivered
SHP-0005287,SUP-022,PRD-00412,2022-11-02,2022-11-13,2022-11-13,288,286,2,Delivered
SHP-0005288,SUP-067,PRD-00760,2024-12-14,2024-12-22,2024-12-22,864,676,0,Partial
SHP-0005289,SUP-063,PRD-00861,2024-07-03,2024-07-16,2024-07-16,584,579,5,Delivered
SHP-0005290,SUP-015,PRD-00087,2022-10-27,2022-11-13,2022-11-20,1007,1007,0,Delivered
SHP-0005291,SUP-036,PRD-00153,2022-07-29,2022-08-15,2022-08-25,1103,1103,0,Delivered
SHP-0005292,SUP-067,PRD-00776,2022-03-05,2022-03-26,2022-03-26,861,836,25,Delivered
SHP-0005293,SUP-056,PRD-00856,2022-03-01,2022-03-09,2022-03-09,1202,1202,0,Delivered
SHP-0005294,SUP-021,PRD-00225,2024-09-13,2024-10-27,2024-10-27,687,633,54,Late
SHP-0005295,SUP-035,PRD-00328,2021-01-14,2021-01-27,2021-02-04,569,569,0,Delivered
SHP-0005296,SUP-026,PRD-00813,2021-09-24,2021-10-18,2021-10-22,668,648,20,Delivered
SHP-0005297,SUP-029,PRD-00685,2025-04-15,2025-04-28,2025-05-13,1390,1279,111,Delivered
SHP-0005298,SUP-017,PRD-00272,2024-02-14,2024-03-08,2024-03-08,590,590,0,Delivered
SHP-0005299,SUP-015,PRD-00154,2021-10-18,2021-10-23,2021-10-24,94,92,2,Late
SHP-0005300,SUP-011,PRD-00411,2020-07-28,2020-08-04,2020-08-10,319,319,0,Late
SHP-0005301,SUP-029,PRD-00642,2020-08-27,2020-09-15,2020-09-15,1074,1074,0,Late
SHP-0005302,SUP-011,PRD-00411,2020-01-17,2020-02-08,2020-02-23,77,77,0,Delivered
SHP-0005303,SUP-039,PRD-00459,2020-03-10,2020-03-17,2020-03-20,1110,1110,0,Delivered
SHP-0005304,SUP-047,PRD-00138,2023-04-10,2023-05-06,2023-05-12,1236,1236,0,Delivered
SHP-0005305,SUP-001,PRD-00084,2021-10-09,2021-10-20,2021-10-20,517,517,0,Delivered
SHP-0005306,SUP-045,PRD-00048,2022-02-25,2022-04-05,2022-04-18,288,288,0,Delivered
SHP-0005307,SUP-049,PRD-00021,2023-01-16,2023-02-03,2023-02-03,1462,1462,0,Delivered
SHP-0005308,SUP-051,PRD-00600,2021-07-03,2021-07-23,,1071,862,8,Partial
SHP-0005309,SUP-053,PRD-00529,2020-11-19,2020-12-11,2020-12-11,964,964,0,Delivered
SHP-0005310,SUP-022,PRD-00412,2026-04-10,2026-04-28,2026-04-28,139,139,0,Delivered
SHP-0005311,SUP-003,PRD-00768,2023-02-02,2023-02-10,2023-02-19,628,628,0,Delivered
SHP-0005312,SUP-010,PRD-00126,2021-01-12,2021-02-04,2021-02-08,1022,1022,0,Delivered
SHP-0005313,SUP-006,PRD-00585,2021-01-18,2021-02-05,2021-02-05,538,522,16,Late
SHP-0005314,SUP-062,PRD-00778,2024-07-27,2024-09-02,2024-09-03,634,634,0,Delivered
SHP-0005315,SUP-023,PRD-00093,2025-08-02,2025-09-28,2025-10-20,1352,1352,0,Late
SHP-0005316,SUP-011,PRD-00837,2020-12-16,2020-12-31,2020-12-31,68,68,0,Delivered
SHP-0005317,SUP-019,PRD-00466,2022-12-17,2022-12-27,2023-01-07,169,168,1,Delivered
SHP-0005318,SUP-017,PRD-00817,2024-03-21,2024-04-03,2024-04-09,589,589,0,Delivered
SHP-0005319,SUP-067,PRD-00623,2022-12-16,2022-12-30,2022-12-30,385,385,0,Delivered
SHP-0005320,SUP-011,PRD-00837,2023-01-23,2023-02-13,2023-03-06,420,420,0,Delivered
SHP-0005321,SUP-062,PRD-00426,2021-02-09,2021-03-12,2021-03-13,1164,1164,0,Delivered
SHP-0005322,SUP-037,PRD-00313,2024-12-16,2025-01-09,2025-01-09,673,673,0,Delivered
SHP-0005323,SUP-047,PRD-00832,2022-07-07,2022-07-12,2022-07-12,1125,1092,33,Delivered
SHP-0005324,SUP-056,PRD-00119,2022-05-25,2022-08-07,2022-08-09,522,522,0,Delivered
SHP-0005325,SUP-022,PRD-00393,2025-10-14,2025-11-07,2025-11-17,1046,1046,0,Delivered
SHP-0005326,SUP-026,PRD-00378,2022-09-27,2022-10-17,2022-10-28,389,389,0,Delivered
SHP-0005327,SUP-055,PRD-00160,2024-04-27,2024-05-20,2024-05-29,1281,1281,0,Delivered
SHP-0005328,SUP-043,PRD-00539,2024-11-02,2024-11-14,2024-11-19,882,874,8,Late
SHP-0005329,SUP-067,PRD-00653,2020-09-30,2020-10-09,2020-10-09,357,354,3,Delivered
SHP-0005330,SUP-004,PRD-00726,2026-02-20,2026-02-26,2026-03-06,568,568,0,Late
SHP-0005331,SUP-057,PRD-00264,2020-10-11,2020-11-02,2020-11-02,858,858,0,Late
SHP-0005332,SUP-049,PRD-00112,2023-11-09,2023-11-23,2023-11-23,361,361,0,Delivered
SHP-0005333,SUP-033,PRD-00047,2024-02-21,2024-02-26,2024-03-09,216,216,0,Late
SHP-0005334,SUP-031,PRD-00678,2024-07-11,2024-08-05,2024-08-11,1275,1173,102,Delivered
SHP-0005335,SUP-069,PRD-00353,2023-05-31,2023-06-09,2023-06-09,651,651,0,Delivered
SHP-0005336,SUP-065,PRD-00590,2020-06-19,2020-07-02,2020-07-11,541,541,0,Delivered
SHP-0005337,SUP-051,PRD-00499,2023-12-07,2023-12-23,2023-12-23,404,404,0,Delivered
SHP-0005338,SUP-049,PRD-00869,2025-02-05,2025-02-11,2025-02-16,1115,1104,11,Delivered
SHP-0005339,SUP-057,PRD-00076,2021-01-31,2021-02-18,2021-02-25,73,73,0,Delivered
SHP-0005340,SUP-053,PRD-00095,2025-05-01,2025-05-23,2025-06-04,715,715,0,Delivered
SHP-0005341,SUP-069,PRD-00070,2024-08-21,2024-09-03,2024-09-03,725,725,0,Delivered
SHP-0005342,SUP-026,PRD-00378,2023-05-05,2023-05-14,2023-05-17,669,669,0,Delivered
SHP-0005343,SUP-033,PRD-00781,2023-02-11,2023-03-24,2023-04-02,1404,1390,14,Delivered
SHP-0005344,SUP-045,PRD-00253,2020-01-20,2020-02-27,2020-02-28,905,905,0,Delivered
SHP-0005345,SUP-043,PRD-00008,2022-10-10,2022-10-18,2022-10-27,393,393,0,Delivered
SHP-0005346,SUP-023,PRD-00891,2020-03-06,2020-05-14,2020-05-23,380,380,0,Delivered
SHP-0005347,SUP-066,PRD-00213,2022-08-01,2022-08-17,2022-08-21,65,65,0,Delivered
SHP-0005348,SUP-054,PRD-00630,2024-11-25,2024-12-12,2024-12-16,1309,1309,0,Delivered
SHP-0005349,SUP-013,PRD-00890,2024-05-23,2024-06-10,2024-06-13,530,525,5,Late
SHP-0005350,SUP-043,PRD-00539,2020-04-19,2020-06-03,2020-06-17,749,749,0,Delivered
SHP-0005351,SUP-005,PRD-00085,2026-07-21,2026-08-05,2026-08-05,1474,1474,0,Delivered
SHP-0005352,SUP-028,PRD-00542,2020-10-15,2020-10-23,2020-10-25,1081,995,86,Delivered
SHP-0005353,SUP-043,PRD-00209,2023-07-21,2023-08-22,2023-09-02,725,725,0,Delivered
SHP-0005354,SUP-064,PRD-00379,2021-05-14,2021-05-23,2021-06-02,384,354,30,Delivered
SHP-0005355,SUP-002,PRD-00056,2023-04-23,2023-04-29,2023-04-29,1325,1312,13,Delivered
SHP-0005356,SUP-042,PRD-00720,2025-03-23,2025-05-13,2025-05-27,1105,1094,11,Delivered
SHP-0005357,SUP-047,PRD-00407,2024-08-21,2024-09-08,2024-09-11,740,740,0,Delivered
SHP-0005358,SUP-023,PRD-00351,2026-03-05,2026-03-29,2026-04-09,1395,1395,0,Delivered
SHP-0005359,SUP-054,PRD-00237,2026-04-19,2026-05-04,2026-05-08,1487,1487,0,Delivered
SHP-0005360,SUP-062,PRD-00105,2023-05-21,2023-06-23,2023-06-23,1480,1480,0,Delivered
SHP-0005361,SUP-044,PRD-00473,2022-03-11,2022-03-16,2022-03-16,446,433,13,Delivered
SHP-0005362,SUP-069,PRD-00463,2023-05-16,2023-06-05,2023-06-05,1137,1126,11,Delivered
SHP-0005363,SUP-003,PRD-00750,2023-06-01,2023-07-19,2023-07-22,442,429,13,Delivered
SHP-0005364,SUP-010,PRD-00676,2024-08-30,2024-10-04,2024-10-04,607,607,0,Delivered
SHP-0005365,SUP-020,PRD-00765,2025-12-04,2026-01-28,2026-02-14,959,959,0,Delivered
SHP-0005366,SUP-011,PRD-00179,2023-11-06,2023-11-21,2023-11-26,1061,1061,0,Delivered
SHP-0005367,SUP-051,PRD-00401,2022-08-01,2022-08-19,2022-09-07,275,275,0,Delivered
SHP-0005368,SUP-007,PRD-00320,2022-01-02,2022-01-16,2022-01-16,552,552,0,Delivered
SHP-0005369,SUP-019,PRD-00196,2020-06-07,2020-06-20,2020-06-20,478,478,0,Delivered
SHP-0005370,SUP-056,PRD-00692,2024-12-18,2025-02-19,2025-02-28,999,999,0,Delivered
SHP-0005371,SUP-029,PRD-00430,2020-01-04,2020-01-12,2020-01-12,224,218,6,Delivered
SHP-0005372,SUP-042,PRD-00342,2021-07-04,2021-07-11,2021-07-19,462,458,4,Delivered
SHP-0005373,SUP-011,PRD-00489,2023-05-10,2023-05-18,2023-05-25,1230,1230,0,Delivered
SHP-0005374,SUP-024,PRD-00825,2023-12-19,2024-01-05,2024-01-11,852,852,0,Delivered
SHP-0005375,SUP-039,PRD-00446,2020-08-21,2020-08-26,2020-08-27,148,144,4,Delivered
SHP-0005376,SUP-009,PRD-00442,2021-09-27,2021-11-18,2021-11-22,83,83,0,Delivered
SHP-0005377,SUP-022,PRD-00485,2021-10-16,2021-10-23,2021-10-23,769,769,0,Delivered
SHP-0005378,SUP-045,PRD-00314,2023-02-01,2023-02-25,2023-02-25,1290,1290,0,Delivered
SHP-0005379,SUP-060,PRD-00336,2024-07-16,2024-07-26,2024-08-08,619,619,0,Delivered
SHP-0005380,SUP-037,PRD-00292,2021-11-27,2021-12-12,2021-12-15,396,396,0,Delivered
SHP-0005381,SUP-051,PRD-00301,2021-04-05,2021-04-12,2021-04-13,113,113,0,Delivered
SHP-0005382,SUP-068,PRD-00195,2020-10-08,2020-10-15,2020-10-15,1058,1058,0,Delivered
SHP-0005383,SUP-037,PRD-00889,2025-07-01,2025-07-07,2025-07-13,443,443,0,Delivered
SHP-0005384,SUP-022,PRD-00412,2021-11-25,2021-12-01,2021-12-11,1493,1493,0,Late
SHP-0005385,SUP-050,PRD-00228,2021-06-09,2021-08-10,2021-08-17,780,780,0,Delivered
SHP-0005386,SUP-057,PRD-00307,2022-11-10,2022-11-15,2022-11-19,565,565,0,Delivered
SHP-0005387,SUP-070,PRD-00782,2024-11-14,2024-11-29,2024-11-29,642,642,0,Late
SHP-0005388,SUP-013,PRD-00890,2025-06-30,2025-07-14,2025-07-21,702,702,0,Delivered
SHP-0005389,SUP-003,PRD-00556,2021-09-11,2021-11-05,2021-11-05,462,449,13,Delivered
SHP-0005390,SUP-018,PRD-00293,2024-11-25,2024-12-05,2024-12-14,1176,1176,0,Delivered
SHP-0005391,SUP-018,PRD-00293,2026-05-18,2026-05-27,2026-05-30,428,428,0,Delivered
SHP-0005392,SUP-061,PRD-00067,2021-08-06,2021-08-12,2021-09-04,1449,1449,0,Late
SHP-0005393,SUP-029,PRD-00762,2024-03-07,2024-03-29,2024-04-03,442,442,0,Delivered
SHP-0005394,SUP-023,PRD-00123,2022-10-24,2022-11-21,2022-11-24,769,769,0,Delivered
SHP-0005395,SUP-014,PRD-00655,2020-08-17,2020-08-22,2020-08-31,180,180,0,Delivered
SHP-0005396,SUP-007,PRD-00320,2020-04-07,2020-04-13,2020-04-13,380,380,0,Delivered
SHP-0005397,SUP-036,PRD-00063,2023-11-13,2023-12-30,2023-12-30,1258,1258,0,Delivered
SHP-0005398,SUP-050,PRD-00643,2023-11-18,2023-12-23,2023-12-23,1325,1325,0,Delivered
SHP-0005399,SUP-043,PRD-00008,2022-08-21,2022-08-27,2022-09-05,1102,933,27,Partial
SHP-0005400,SUP-002,PRD-00852,2023-05-25,2023-07-28,2023-07-28,499,495,4,Delivered
SHP-0005401,SUP-023,PRD-00123,2024-09-09,2024-09-18,2024-09-18,656,656,0,Delivered
SHP-0005402,SUP-068,PRD-00550,2020-11-18,2020-11-27,2020-11-27,212,206,6,Late
SHP-0005403,SUP-046,PRD-00240,2020-10-02,2020-10-18,2020-10-18,657,651,6,Delivered
SHP-0005404,SUP-032,PRD-00845,2026-05-31,2026-08-04,2026-08-06,1279,1279,0,Delivered
SHP-0005405,SUP-033,PRD-00047,2022-12-15,2022-12-27,2022-12-28,910,910,0,Delivered
SHP-0005406,SUP-026,PRD-00697,2025-02-14,2025-03-07,2025-03-07,632,632,0,Delivered
SHP-0005407,SUP-059,PRD-00689,2022-05-01,2022-05-21,2022-05-21,426,426,0,Delivered
SHP-0005408,SUP-028,PRD-00370,2022-06-10,2022-06-27,2022-06-27,361,361,0,Delivered
SHP-0005409,SUP-020,PRD-00425,2025-07-01,2025-09-04,2025-09-04,381,381,0,Delivered
SHP-0005410,SUP-030,PRD-00069,2025-10-30,2025-11-07,2025-11-07,664,645,19,Delivered
SHP-0005411,SUP-066,PRD-00654,2022-04-16,2022-05-15,2022-05-15,482,468,14,Delivered
SHP-0005412,SUP-057,PRD-00248,2026-07-14,2026-08-05,2026-08-13,1174,1174,0,Delivered
SHP-0005413,SUP-061,PRD-00853,2022-03-06,2022-03-20,2022-03-25,143,139,4,Late
SHP-0005414,SUP-048,PRD-00779,2021-10-12,2021-11-05,2021-11-05,1372,1372,0,Delivered
SHP-0005415,SUP-019,PRD-00286,2021-03-20,2021-04-04,2021-04-06,1307,954,0,Partial
SHP-0005416,SUP-038,PRD-00316,2020-02-14,2020-02-28,2020-02-28,1331,1331,0,Delivered
SHP-0005417,SUP-042,PRD-00720,2022-12-28,2023-02-11,2023-02-11,1258,1221,37,Delivered
SHP-0005418,SUP-002,PRD-00820,2024-07-15,2024-08-22,2024-08-22,1182,1182,0,Delivered
SHP-0005419,SUP-035,PRD-00247,2022-06-29,2022-07-04,2022-07-04,371,371,0,Delivered
SHP-0005420,SUP-009,PRD-00757,2022-05-04,2022-06-21,2022-06-24,434,430,4,Late
SHP-0005421,SUP-049,PRD-00350,2025-10-15,2025-11-03,2025-11-03,918,891,27,Delivered
SHP-0005422,SUP-040,PRD-00530,2024-03-21,2024-04-08,2024-04-12,576,576,0,Delivered
SHP-0005423,SUP-039,PRD-00854,2025-03-29,2025-04-18,2025-04-28,1477,1477,0,Delivered
SHP-0005424,SUP-042,PRD-00511,2021-10-02,2021-11-16,2021-11-16,1429,1429,0,Delivered
SHP-0005425,SUP-063,PRD-00343,2024-03-12,2024-03-26,2024-04-04,1151,1151,0,Late
SHP-0005426,SUP-014,PRD-00437,2024-12-04,2024-12-25,2024-12-26,1001,1001,0,Delivered
SHP-0005427,SUP-032,PRD-00280,2026-01-24,2026-02-08,2026-02-08,1130,1119,11,Delivered
SHP-0005428,SUP-001,PRD-00802,2025-10-08,2025-10-29,2025-11-04,908,908,0,Delivered
SHP-0005429,SUP-003,PRD-00556,2023-01-24,2023-02-27,2023-02-28,1196,1196,0,Delivered
SHP-0005430,SUP-045,PRD-00182,2024-05-10,2024-05-15,2024-05-28,883,883,0,Late
SHP-0005431,SUP-035,PRD-00247,2020-02-07,2020-03-01,2020-03-01,247,247,0,Delivered
SHP-0005432,SUP-007,PRD-00491,2025-04-19,2025-06-07,2025-06-15,485,485,0,Delivered
SHP-0005433,SUP-035,PRD-00811,2020-11-11,2020-12-04,2020-12-04,228,228,0,Delivered
SHP-0005434,SUP-047,PRD-00832,2022-02-01,2022-04-06,2022-04-06,459,459,0,Delivered
SHP-0005435,SUP-070,PRD-00850,2024-01-22,2024-02-14,2024-02-14,685,685,0,Delivered
SHP-0005436,SUP-026,PRD-00010,2026-04-28,2026-05-21,2026-05-24,653,653,0,Delivered
SHP-0005437,SUP-021,PRD-00225,2021-02-10,2021-03-17,2021-03-23,999,970,29,Delivered
SHP-0005438,SUP-020,PRD-00199,2022-01-11,2022-01-18,2022-01-18,1360,1347,13,Delivered
SHP-0005439,SUP-020,PRD-00210,2021-10-26,2021-11-02,2021-11-02,1492,1492,0,Delivered
SHP-0005440,SUP-032,PRD-00333,2021-02-21,2021-04-27,2021-04-27,106,106,0,Delivered
SHP-0005441,SUP-039,PRD-00854,2023-03-13,2023-03-27,2023-03-28,731,724,7,Delivered
SHP-0005442,SUP-001,PRD-00802,2026-08-25,2026-09-03,2026-09-05,1403,1403,0,Delivered
SHP-0005443,SUP-069,PRD-00220,2022-02-22,2022-03-11,2022-03-11,798,798,0,Delivered
SHP-0005444,SUP-033,PRD-00051,2023-02-04,2023-03-19,2023-04-05,592,592,0,Delivered
SHP-0005445,SUP-054,PRD-00227,2020-12-21,2021-01-06,2021-01-14,1130,1130,0,Delivered
SHP-0005446,SUP-031,PRD-00858,2021-09-08,2021-10-27,2021-11-06,794,794,0,Late
SHP-0005447,SUP-001,PRD-00479,2023-07-24,2023-08-07,2023-08-12,208,206,2,Late
SHP-0005448,SUP-065,PRD-00691,2022-11-17,2023-01-11,2023-01-11,961,961,0,Delivered
SHP-0005449,SUP-013,PRD-00144,2022-04-23,2022-05-03,2022-05-07,628,622,6,Delivered
SHP-0005450,SUP-032,PRD-00030,2022-04-26,2022-07-09,2022-07-11,1335,1295,40,Delivered
SHP-0005451,SUP-045,PRD-00274,2021-04-09,2021-05-19,2021-05-19,809,809,0,Late
SHP-0005452,SUP-041,PRD-00553,2023-12-11,2024-02-22,2024-02-25,980,902,78,Late
SHP-0005453,SUP-001,PRD-00186,2022-12-16,2023-01-04,2023-01-17,503,503,0,Delivered
SHP-0005454,SUP-051,PRD-00734,2021-04-20,2021-04-28,2021-04-28,1206,1206,0,Late
SHP-0005455,SUP-047,PRD-00257,2021-06-09,2021-07-26,2021-07-26,383,383,0,Delivered
SHP-0005456,SUP-069,PRD-00139,2021-12-05,2021-12-28,2021-12-28,700,693,7,Delivered
SHP-0005457,SUP-061,PRD-00853,2023-12-14,2023-12-20,2023-12-29,1050,1050,0,Delivered
SHP-0005458,SUP-065,PRD-00290,2021-07-22,2021-08-20,2021-08-25,808,808,0,Delivered
SHP-0005459,SUP-045,PRD-00354,2020-09-24,2020-10-28,2020-11-04,217,217,0,Late
SHP-0005460,SUP-052,PRD-00497,2024-04-19,2024-04-30,2024-05-08,690,690,0,Delivered
SHP-0005461,SUP-041,PRD-00420,2022-03-04,2022-03-22,2022-03-22,1337,1337,0,Delivered
SHP-0005462,SUP-022,PRD-00668,2026-01-04,2026-01-16,2026-01-21,1337,1297,40,Delivered
SHP-0005463,SUP-040,PRD-00602,2024-02-25,2024-03-06,2024-03-14,1013,664,6,Partial
SHP-0005464,SUP-020,PRD-00765,2024-05-13,2024-06-17,2024-06-17,145,145,0,Delivered
SHP-0005465,SUP-066,PRD-00533,2024-06-27,2024-07-29,2024-07-31,608,608,0,Delivered
SHP-0005466,SUP-046,PRD-00240,2024-11-29,2024-12-08,2024-12-10,262,262,0,Delivered
SHP-0005467,SUP-037,PRD-00809,2023-09-07,2023-09-14,2023-09-14,111,110,1,Delivered
SHP-0005468,SUP-017,PRD-00272,2020-04-28,2020-05-21,2020-05-21,268,260,8,Delivered
SHP-0005469,SUP-068,PRD-00193,2023-05-26,2023-06-11,2023-06-25,641,641,0,Delivered
SHP-0005470,SUP-006,PRD-00713,2025-11-30,2025-12-10,2025-12-10,494,494,0,Delivered
SHP-0005471,SUP-061,PRD-00632,2026-03-24,2026-04-10,2026-04-21,774,774,0,Delivered
SHP-0005472,SUP-048,PRD-00866,2024-05-26,2024-06-06,2024-06-14,270,210,0,Partial
SHP-0005473,SUP-045,PRD-00274,2025-01-27,2025-04-06,2025-04-06,344,245,0,Partial
SHP-0005474,SUP-013,PRD-00332,2025-01-23,2025-02-14,2025-02-18,325,322,3,Late
SHP-0005475,SUP-062,PRD-00805,2025-05-30,2025-08-03,2025-08-06,299,299,0,Delivered
SHP-0005476,SUP-017,PRD-00504,2020-12-20,2020-12-30,2020-12-30,50,50,0,Delivered
SHP-0005477,SUP-018,PRD-00603,2023-01-27,2023-02-04,2023-02-13,786,786,0,Delivered
SHP-0005478,SUP-065,PRD-00590,2022-05-30,2022-07-21,2022-07-25,958,949,9,Delivered
SHP-0005479,SUP-038,PRD-00020,2024-08-11,2024-08-22,2024-08-24,1346,1346,0,Delivered
SHP-0005480,SUP-029,PRD-00430,2023-12-15,2023-12-23,2023-12-27,533,533,0,Delivered
SHP-0005481,SUP-016,PRD-00502,2024-07-07,2024-09-14,2024-09-20,857,857,0,Delivered
SHP-0005482,SUP-004,PRD-00733,2020-08-05,2020-08-14,2020-08-14,1496,1496,0,Delivered
SHP-0005483,SUP-014,PRD-00528,2025-08-06,2025-08-28,2025-08-28,1435,1435,0,Delivered
SHP-0005484,SUP-063,PRD-00816,2020-06-14,2020-06-20,2020-06-21,474,474,0,Delivered
SHP-0005485,SUP-063,PRD-00743,2024-09-05,2024-09-15,2024-09-27,707,518,5,Partial
SHP-0005486,SUP-063,PRD-00861,2020-05-15,2020-06-05,2020-06-12,1106,1018,88,Late
SHP-0005487,SUP-029,PRD-00480,2021-10-31,2021-11-07,2021-11-10,209,209,0,Delivered
SHP-0005488,SUP-008,PRD-00184,2026-02-14,2026-04-01,2026-04-01,1495,1495,0,Delivered
SHP-0005489,SUP-060,PRD-00535,2022-06-23,2022-07-03,,448,341,0,Partial
SHP-0005490,SUP-067,PRD-00309,2022-06-08,2022-06-24,2022-06-24,1316,1316,0,Late
SHP-0005491,SUP-060,PRD-00137,2022-02-16,2022-02-28,2022-02-28,799,799,0,Delivered
SHP-0005492,SUP-010,PRD-00572,2022-11-08,2022-11-18,2022-11-23,346,346,0,Delivered
SHP-0005493,SUP-009,PRD-00724,2020-04-04,2020-04-26,2020-05-02,618,618,0,Delivered
SHP-0005494,SUP-014,PRD-00224,2024-11-28,2025-01-28,2025-01-31,580,580,0,Delivered
SHP-0005495,SUP-041,PRD-00745,2024-04-20,2024-05-08,2024-05-13,274,274,0,Delivered
SHP-0005496,SUP-045,PRD-00461,2025-05-05,2025-05-13,2025-05-22,1342,1342,0,Delivered
SHP-0005497,SUP-039,PRD-00200,2021-01-18,2021-01-31,2021-02-04,1497,1483,14,Delivered
SHP-0005498,SUP-041,PRD-00493,2023-02-24,2023-03-03,2023-03-03,197,197,0,Delivered
SHP-0005499,SUP-010,PRD-00572,2020-02-22,2020-02-29,2020-03-06,1402,1402,0,Delivered
SHP-0005500,SUP-061,PRD-00792,2022-08-05,2022-08-12,2022-08-12,279,279,0,Delivered
SHP-0005501,SUP-041,PRD-00663,2024-02-08,2024-02-19,2024-02-28,1406,1406,0,Delivered
SHP-0005502,SUP-069,PRD-00220,2024-07-11,2024-07-16,2024-07-16,129,126,3,Delivered
SHP-0005503,SUP-053,PRD-00529,2021-03-29,2021-04-06,2021-04-06,749,749,0,Delivered
SHP-0005504,SUP-044,PRD-00165,2026-06-01,2026-06-10,2026-06-17,604,598,6,Delivered
SHP-0005505,SUP-014,PRD-00224,2023-01-07,2023-02-06,2023-02-06,472,472,0,Delivered
SHP-0005506,SUP-065,PRD-00818,2025-01-22,2025-02-11,2025-02-11,1280,1280,0,Delivered
SHP-0005507,SUP-013,PRD-00435,2023-10-25,2023-11-02,2023-11-09,1372,1372,0,Late
SHP-0005508,SUP-021,PRD-00702,2021-02-23,2021-05-03,2021-05-03,673,667,6,Delivered
SHP-0005509,SUP-054,PRD-00630,2025-06-14,2025-06-25,2025-06-25,1484,1402,0,Partial
SHP-0005510,SUP-063,PRD-00816,2023-01-28,2023-02-16,2023-02-27,866,866,0,Delivered
SHP-0005511,SUP-049,PRD-00484,2024-07-20,2024-08-08,2024-08-20,371,371,0,Delivered
SHP-0005512,SUP-033,PRD-00132,2021-03-23,2021-06-03,2021-06-04,587,587,0,Delivered
SHP-0005513,SUP-005,PRD-00097,2024-02-09,2024-03-01,2024-03-16,557,552,5,Late
SHP-0005514,SUP-027,PRD-00367,2025-08-29,2025-09-03,2025-09-16,796,796,0,Delivered
SHP-0005515,SUP-050,PRD-00228,2025-04-17,2025-06-11,2025-06-14,1208,1208,0,Delivered
SHP-0005516,SUP-005,PRD-00256,2026-04-16,2026-05-10,2026-05-23,1289,1289,0,Delivered
SHP-0005517,SUP-048,PRD-00824,2021-04-12,2021-04-29,2021-04-30,834,834,0,Delivered
SHP-0005518,SUP-045,PRD-00274,2022-06-03,2022-07-25,2022-08-11,1019,1019,0,Delivered
SHP-0005519,SUP-029,PRD-00717,2020-08-08,2020-08-29,2020-09-02,1129,1129,0,Late
SHP-0005520,SUP-024,PRD-00823,2023-04-22,2023-05-08,2023-05-09,98,98,0,Delivered
SHP-0005521,SUP-068,PRD-00177,2024-04-04,2024-04-26,2024-04-26,828,828,0,Delivered
SHP-0005522,SUP-013,PRD-00571,2025-09-11,2025-09-25,2025-09-25,365,365,0,Delivered
SHP-0005523,SUP-051,PRD-00876,2024-02-15,2024-02-29,2024-03-14,795,795,0,Delivered
SHP-0005524,SUP-044,PRD-00175,2022-05-17,2022-05-22,2022-05-24,743,743,0,Delivered
SHP-0005525,SUP-061,PRD-00589,2024-02-03,2024-02-26,2024-02-28,1179,1179,0,Delivered
SHP-0005526,SUP-049,PRD-00140,2024-11-01,2024-11-12,2024-11-21,1365,1365,0,Delivered
SHP-0005527,SUP-014,PRD-00224,2020-08-06,2020-09-17,2020-10-02,1304,1304,0,Delivered
SHP-0005528,SUP-062,PRD-00105,2026-08-08,2026-08-19,2026-08-28,823,815,8,Delivered
SHP-0005529,SUP-036,PRD-00622,2022-09-11,2022-10-16,2022-10-23,640,640,0,Delivered
SHP-0005530,SUP-005,PRD-00681,2024-07-19,2024-08-06,2024-08-11,514,514,0,Delivered
SHP-0005531,SUP-063,PRD-00816,2022-09-26,2022-10-07,2022-10-12,773,773,0,Delivered
SHP-0005532,SUP-033,PRD-00617,2021-01-03,2021-01-11,2021-01-11,730,709,21,Delivered
SHP-0005533,SUP-061,PRD-00853,2020-04-14,2020-05-04,2020-05-09,823,823,0,Delivered
SHP-0005534,SUP-045,PRD-00566,2021-05-01,2021-05-14,2021-05-17,193,193,0,Delivered
SHP-0005535,SUP-070,PRD-00458,2026-03-25,2026-04-06,2026-04-09,1033,1023,10,Delivered
SHP-0005536,SUP-045,PRD-00719,2024-12-19,2025-02-12,2025-02-15,1253,1253,0,Delivered
SHP-0005537,SUP-017,PRD-00272,2021-08-27,2021-09-20,2021-10-06,683,663,20,Delivered
SHP-0005538,SUP-020,PRD-00210,2026-02-07,2026-04-13,2026-04-28,1189,1189,0,Delivered
SHP-0005539,SUP-043,PRD-00418,2020-10-15,2020-11-22,2020-11-24,967,967,0,Delivered
SHP-0005540,SUP-006,PRD-00005,2025-01-03,2025-01-22,2025-01-22,855,855,0,Delivered
SHP-0005541,SUP-019,PRD-00532,2022-11-02,2022-11-11,2022-11-12,912,912,0,Delivered
SHP-0005542,SUP-009,PRD-00018,2020-09-15,2020-09-20,2020-09-24,1058,1048,10,Delivered
SHP-0005543,SUP-051,PRD-00431,2026-05-30,2026-06-12,2026-06-29,1459,1459,0,Delivered
SHP-0005544,SUP-044,PRD-00116,2023-10-19,2023-10-31,2023-11-02,295,295,0,Delivered
SHP-0005545,SUP-002,PRD-00852,2021-06-07,2021-07-08,2021-07-08,1314,1301,13,Delivered
SHP-0005546,SUP-041,PRD-00663,2023-11-03,2023-11-10,2023-11-10,175,175,0,Late
SHP-0005547,SUP-027,PRD-00652,2021-04-03,2021-04-17,2021-04-30,1196,1196,0,Delivered
SHP-0005548,SUP-004,PRD-00061,2024-04-05,2024-04-14,2024-04-14,362,362,0,Delivered
SHP-0005549,SUP-066,PRD-00300,2020-05-09,2020-05-17,2020-05-19,816,808,8,Delivered
SHP-0005550,SUP-010,PRD-00086,2022-09-21,2022-12-01,2022-12-05,334,285,0,Partial
SHP-0005551,SUP-002,PRD-00384,2026-04-01,2026-04-15,2026-04-23,441,437,4,Delivered
SHP-0005552,SUP-019,PRD-00827,2021-03-09,2021-03-19,2021-03-19,265,265,0,Late
SHP-0005553,SUP-007,PRD-00609,2022-11-12,2022-12-18,2022-12-20,1415,1401,14,Delivered
SHP-0005554,SUP-064,PRD-00680,2020-02-01,2020-03-11,2020-03-11,337,337,0,Delivered
SHP-0005555,SUP-068,PRD-00559,2021-07-06,2021-07-16,2021-07-21,1442,1399,43,Delivered
SHP-0005556,SUP-033,PRD-00617,2026-04-06,2026-05-30,2026-05-30,683,677,6,Delivered
SHP-0005557,SUP-070,PRD-00458,2020-06-02,2020-06-19,2020-06-22,793,793,0,Delivered
SHP-0005558,SUP-041,PRD-00663,2022-04-25,2022-04-30,2022-05-07,1466,1040,0,Partial
SHP-0005559,SUP-014,PRD-00251,2023-09-04,2023-10-22,2023-10-22,722,722,0,Delivered
SHP-0005560,SUP-028,PRD-00865,2026-06-24,2026-07-11,2026-07-11,884,884,0,Delivered
SHP-0005561,SUP-055,PRD-00160,2026-08-14,2026-09-27,2026-10-04,1492,1492,0,Delivered
SHP-0005562,SUP-013,PRD-00394,2023-03-15,2023-03-21,2023-03-22,162,162,0,Delivered
SHP-0005563,SUP-023,PRD-00748,2024-07-24,2024-09-20,2024-09-20,447,447,0,Delivered
SHP-0005564,SUP-064,PRD-00325,2025-12-20,2026-03-01,2026-03-10,846,846,0,Delivered
SHP-0005565,SUP-026,PRD-00688,2021-08-14,2021-09-06,2021-09-06,783,776,7,Delivered
SHP-0005566,SUP-064,PRD-00503,2022-03-04,2022-04-18,2022-04-30,1188,1093,95,Delivered
SHP-0005567,SUP-042,PRD-00373,2026-05-10,2026-06-05,2026-06-05,1196,1196,0,Delivered
SHP-0005568,SUP-040,PRD-00872,2022-03-15,2022-04-07,2022-04-09,480,480,0,Delivered
SHP-0005569,SUP-057,PRD-00839,2021-02-07,2021-02-26,2021-03-12,346,343,3,Delivered
SHP-0005570,SUP-002,PRD-00852,2026-03-01,2026-03-06,2026-03-14,169,169,0,Delivered
SHP-0005571,SUP-048,PRD-00145,2023-01-23,2023-01-28,2023-02-04,983,983,0,Delivered
SHP-0005572,SUP-035,PRD-00601,2020-01-17,2020-02-05,2020-02-05,385,385,0,Delivered
SHP-0005573,SUP-062,PRD-00385,2024-10-29,2025-01-08,2025-01-08,543,543,0,Delivered
SHP-0005574,SUP-029,PRD-00762,2021-01-26,2021-02-04,2021-02-14,310,310,0,Delivered
SHP-0005575,SUP-062,PRD-00772,2025-01-20,2025-01-29,2025-01-30,395,395,0,Delivered
SHP-0005576,SUP-042,PRD-00526,2026-01-26,2026-02-10,2026-02-14,1358,1358,0,Delivered
SHP-0005577,SUP-021,PRD-00083,2025-09-29,2025-11-15,2025-11-24,468,468,0,Delivered
SHP-0005578,SUP-027,PRD-00462,2022-01-11,2022-01-24,2022-02-03,483,483,0,Delivered
SHP-0005579,SUP-069,PRD-00220,2025-12-07,2025-12-16,2025-12-19,578,573,5,Delivered
SHP-0005580,SUP-060,PRD-00884,2023-07-24,2023-08-09,2023-08-13,1332,1332,0,Delivered
SHP-0005581,SUP-064,PRD-00795,2025-03-16,2025-04-28,2025-05-08,957,957,0,Delivered
SHP-0005582,SUP-005,PRD-00681,2024-02-12,2024-02-18,2024-02-18,587,587,0,Delivered
SHP-0005583,SUP-036,PRD-00599,2020-01-05,2020-03-12,2020-03-18,1466,1452,14,Late
SHP-0005584,SUP-010,PRD-00512,2021-02-02,2021-03-19,2021-03-23,835,835,0,Delivered
SHP-0005585,SUP-053,PRD-00529,2024-12-10,2025-01-01,2025-01-05,637,637,0,Delivered
SHP-0005586,SUP-040,PRD-00478,2021-07-26,2021-08-05,2021-08-11,875,867,8,Delivered
SHP-0005587,SUP-004,PRD-00581,2020-03-08,2020-03-29,2020-04-06,855,847,8,Delivered
SHP-0005588,SUP-028,PRD-00865,2023-02-06,2023-02-26,2023-03-01,1394,1381,13,Delivered
SHP-0005589,SUP-065,PRD-00754,2021-06-05,2021-07-16,2021-07-16,1046,1046,0,Delivered
SHP-0005590,SUP-030,PRD-00131,2021-03-25,2021-04-11,2021-04-12,933,933,0,Delivered
SHP-0005591,SUP-019,PRD-00124,2024-12-29,2025-01-21,2025-01-25,1155,1155,0,Delivered
SHP-0005592,SUP-036,PRD-00622,2021-01-16,2021-03-26,2021-04-03,661,661,0,Delivered
SHP-0005593,SUP-031,PRD-00858,2025-01-07,2025-02-17,2025-02-20,1289,1251,38,Late
SHP-0005594,SUP-044,PRD-00673,2023-05-23,2023-06-01,2023-06-02,741,741,0,Delivered
SHP-0005595,SUP-060,PRD-00142,2023-12-06,2023-12-14,2023-12-31,191,191,0,Delivered
SHP-0005596,SUP-005,PRD-00555,2025-11-23,2025-12-16,2025-12-23,625,625,0,Delivered
SHP-0005597,SUP-047,PRD-00832,2020-09-19,2020-10-16,2020-10-24,1035,1025,10,Delivered
SHP-0005598,SUP-042,PRD-00098,2023-12-20,2024-02-24,2024-03-01,304,295,9,Delivered
SHP-0005599,SUP-049,PRD-00857,2023-12-17,2023-12-28,2024-01-01,1451,1451,0,Late
SHP-0005600,SUP-031,PRD-00500,2023-09-17,2023-09-22,2023-09-24,924,924,0,Delivered
SHP-0005601,SUP-060,PRD-00336,2025-05-14,2025-06-01,2025-06-03,112,112,0,Delivered
SHP-0005602,SUP-044,PRD-00634,2024-06-28,2024-07-10,2024-07-10,780,718,62,Delivered
SHP-0005603,SUP-044,PRD-00626,2021-12-09,2021-12-29,2021-12-29,1273,1273,0,Delivered
SHP-0005604,SUP-005,PRD-00348,2023-12-12,2024-01-01,2024-01-06,1465,1422,43,Delivered
SHP-0005605,SUP-063,PRD-00895,2022-05-15,2022-05-31,2022-05-31,660,660,0,Delivered
SHP-0005606,SUP-061,PRD-00684,2022-12-13,2022-12-21,2022-12-21,780,780,0,Delivered
SHP-0005607,SUP-023,PRD-00324,2024-10-03,2024-11-15,2024-11-29,410,406,4,Delivered
SHP-0005608,SUP-050,PRD-00552,2023-11-01,2023-12-24,2023-12-24,1421,1407,14,Delivered
SHP-0005609,SUP-014,PRD-00009,2022-11-09,2022-11-29,2022-11-29,564,564,0,Delivered
SHP-0005610,SUP-013,PRD-00435,2026-07-05,2026-07-23,2026-08-07,579,579,0,Late
SHP-0005611,SUP-003,PRD-00768,2020-05-20,2020-07-26,2020-07-26,178,178,0,Delivered
SHP-0005612,SUP-019,PRD-00088,2022-07-07,2022-07-14,2022-07-14,347,347,0,Delivered
SHP-0005613,SUP-061,PRD-00067,2023-02-04,2023-02-10,2023-02-12,1174,1174,0,Delivered
SHP-0005614,SUP-049,PRD-00807,2025-09-29,2025-10-18,2025-10-18,1172,1161,11,Delivered
SHP-0005615,SUP-039,PRD-00022,2024-01-13,2024-01-26,2024-01-26,1011,806,0,Partial
SHP-0005616,SUP-002,PRD-00700,2023-04-23,2023-06-12,2023-06-17,1273,1273,0,Delivered
SHP-0005617,SUP-008,PRD-00038,2023-08-31,2023-11-09,2023-11-09,1444,1444,0,Delivered
SHP-0005618,SUP-040,PRD-00269,2026-04-14,2026-04-29,2026-04-29,902,902,0,Delivered
SHP-0005619,SUP-061,PRD-00395,2026-08-02,2026-08-12,2026-08-21,788,788,0,Delivered
SHP-0005620,SUP-002,PRD-00700,2022-08-27,2022-09-02,2022-09-12,1454,1454,0,Delivered
SHP-0005621,SUP-069,PRD-00043,2026-07-27,2026-08-03,2026-08-03,668,668,0,Delivered
SHP-0005622,SUP-058,PRD-00468,2024-12-22,2025-03-03,2025-03-03,527,527,0,Delivered
SHP-0005623,SUP-036,PRD-00361,2023-10-08,2023-12-01,2023-12-01,342,342,0,Delivered
SHP-0005624,SUP-006,PRD-00882,2021-09-17,2021-09-29,2021-10-04,1287,1275,12,Delivered
SHP-0005625,SUP-010,PRD-00676,2026-02-12,2026-02-17,2026-02-17,1135,954,0,Partial
SHP-0005626,SUP-044,PRD-00481,2024-05-11,2024-05-20,2024-06-03,719,719,0,Delivered
SHP-0005627,SUP-031,PRD-00025,2020-06-23,2020-07-29,2020-07-29,137,137,0,Late
SHP-0005628,SUP-029,PRD-00586,2022-09-22,2022-10-07,2022-10-09,504,499,5,Delivered
SHP-0005629,SUP-027,PRD-00784,2026-03-02,2026-03-15,2026-03-25,694,688,6,Delivered
SHP-0005630,SUP-065,PRD-00019,2023-12-30,2024-01-14,2024-01-14,1464,1421,43,Delivered
SHP-0005631,SUP-068,PRD-00893,2025-12-09,2025-12-25,2025-12-26,137,137,0,Late
SHP-0005632,SUP-069,PRD-00353,2024-09-09,2024-09-19,2024-09-19,942,933,9,Delivered
SHP-0005633,SUP-062,PRD-00815,2024-05-31,2024-07-22,2024-07-28,539,539,0,Late
SHP-0005634,SUP-029,PRD-00549,2024-10-11,2024-10-29,2024-10-29,827,827,0,Delivered
SHP-0005635,SUP-044,PRD-00481,2020-09-09,2020-09-16,2020-09-16,873,865,8,Delivered
SHP-0005636,SUP-038,PRD-00703,2024-11-12,2024-11-23,2024-11-26,452,448,4,Delivered
SHP-0005637,SUP-023,PRD-00748,2022-09-20,2022-10-31,2022-10-31,62,62,0,Delivered
SHP-0005638,SUP-005,PRD-00097,2023-06-22,2023-07-12,2023-07-20,785,778,7,Delivered
SHP-0005639,SUP-040,PRD-00052,2023-08-03,2023-08-18,2023-08-21,804,804,0,Delivered
SHP-0005640,SUP-048,PRD-00866,2021-10-21,2021-11-04,2021-11-24,508,503,5,Delivered
SHP-0005641,SUP-023,PRD-00777,2024-02-04,2024-04-17,2024-04-17,158,154,4,Late
SHP-0005642,SUP-012,PRD-00470,2026-02-11,2026-02-19,2026-03-02,798,520,0,Partial
SHP-0005643,SUP-005,PRD-00355,2021-06-17,2021-07-07,2021-07-09,1295,1295,0,Late
SHP-0005644,SUP-009,PRD-00018,2025-04-09,2025-05-27,2025-05-28,425,425,0,Delivered
SHP-0005645,SUP-059,PRD-00774,2025-10-09,2025-11-02,2025-11-17,931,931,0,Delivered
SHP-0005646,SUP-004,PRD-00026,2024-03-17,2024-04-07,2024-04-17,1482,1482,0,Delivered
SHP-0005647,SUP-040,PRD-00269,2025-01-13,2025-01-25,2025-01-25,1360,1360,0,Delivered
SHP-0005648,SUP-034,PRD-00304,2025-05-20,2025-06-09,2025-06-09,324,321,3,Delivered
SHP-0005649,SUP-022,PRD-00770,2023-10-24,2023-11-16,2023-11-16,990,990,0,Delivered
SHP-0005650,SUP-067,PRD-00653,2024-10-24,2024-11-14,2024-12-06,489,489,0,Delivered
SHP-0005651,SUP-056,PRD-00692,2022-02-28,2022-04-22,2022-05-07,322,322,0,Delivered
SHP-0005652,SUP-009,PRD-00356,2023-11-07,2023-12-25,2023-12-27,1226,1226,0,Delivered
SHP-0005653,SUP-049,PRD-00857,2025-05-03,2025-05-17,2025-05-18,1380,1367,13,Delivered
SHP-0005654,SUP-026,PRD-00813,2020-12-15,2020-12-22,2020-12-24,135,135,0,Delivered
SHP-0005655,SUP-050,PRD-00399,2020-01-20,2020-04-02,2020-04-02,475,471,4,Delivered
SHP-0005656,SUP-043,PRD-00096,2026-06-13,2026-07-24,2026-07-29,1492,1492,0,Delivered
SHP-0005657,SUP-011,PRD-00835,2025-09-06,2025-09-26,2025-09-26,1159,1159,0,Delivered
SHP-0005658,SUP-026,PRD-00557,2023-12-16,2023-12-29,2023-12-31,1006,996,10,Delivered
SHP-0005659,SUP-006,PRD-00690,2021-05-01,2021-05-16,2021-05-17,1343,1343,0,Delivered
SHP-0005660,SUP-018,PRD-00789,2025-11-07,2025-11-14,2025-11-24,1156,1156,0,Delivered
SHP-0005661,SUP-019,PRD-00593,2023-07-12,2023-08-04,2023-08-14,442,442,0,Delivered
SHP-0005662,SUP-059,PRD-00434,2023-09-06,2023-09-19,2023-09-19,359,359,0,Delivered
SHP-0005663,SUP-044,PRD-00634,2021-01-25,2021-02-16,2021-02-16,164,164,0,Delivered
SHP-0005664,SUP-038,PRD-00020,2022-08-31,2022-09-17,2022-09-17,856,856,0,Delivered
SHP-0005665,SUP-048,PRD-00202,2023-02-19,2023-03-02,2023-03-02,891,891,0,Delivered
SHP-0005666,SUP-060,PRD-00619,2025-11-25,2025-12-05,2025-12-08,958,958,0,Delivered
SHP-0005667,SUP-006,PRD-00206,2024-05-20,2024-06-07,2024-06-14,326,326,0,Delivered
SHP-0005668,SUP-060,PRD-00336,2025-01-26,2025-02-17,2025-02-28,1027,1027,0,Delivered
SHP-0005669,SUP-018,PRD-00185,2020-12-03,2020-12-27,2021-01-10,77,77,0,Delivered
SHP-0005670,SUP-049,PRD-00187,2024-02-19,2024-02-26,2024-03-05,334,334,0,Delivered
SHP-0005671,SUP-060,PRD-00535,2021-03-30,2021-04-23,2021-04-25,1137,1103,34,Delivered
SHP-0005672,SUP-049,PRD-00217,2025-01-02,2025-01-25,2025-01-25,1255,1243,12,Late
SHP-0005673,SUP-013,PRD-00560,2020-01-07,2020-01-22,2020-01-26,478,478,0,Late
SHP-0005674,SUP-006,PRD-00091,2022-11-14,2022-12-05,2022-12-17,111,111,0,Delivered
SHP-0005675,SUP-038,PRD-00134,2020-10-31,2020-11-14,2020-11-18,1233,1233,0,Delivered
SHP-0005676,SUP-069,PRD-00749,2023-02-05,2023-02-12,2023-02-15,615,597,18,Delivered
SHP-0005677,SUP-019,PRD-00124,2025-09-26,2025-10-20,2025-10-20,1308,1308,0,Delivered
SHP-0005678,SUP-065,PRD-00019,2024-10-17,2024-11-27,2024-12-04,344,344,0,Delivered
SHP-0005679,SUP-065,PRD-00590,2025-02-03,2025-03-26,2025-04-10,1495,1481,14,Delivered
SHP-0005680,SUP-066,PRD-00723,2020-03-27,2020-06-02,2020-06-02,845,845,0,Delivered
SHP-0005681,SUP-001,PRD-00783,2023-01-16,2023-01-21,2023-01-28,139,138,1,Delivered
SHP-0005682,SUP-010,PRD-00270,2025-07-06,2025-07-19,2025-08-01,767,767,0,Delivered
SHP-0005683,SUP-044,PRD-00695,2021-08-15,2021-09-06,2021-09-06,886,886,0,Late
SHP-0005684,SUP-013,PRD-00435,2020-09-16,2020-10-03,2020-10-17,614,596,18,Delivered
SHP-0005685,SUP-064,PRD-00325,2024-03-11,2024-04-04,2024-04-15,1231,1231,0,Delivered
SHP-0005686,SUP-039,PRD-00120,2022-03-18,2022-03-30,2022-04-06,1199,965,77,Partial
SHP-0005687,SUP-003,PRD-00397,2022-04-11,2022-06-16,2022-06-16,161,161,0,Delivered
SHP-0005688,SUP-044,PRD-00116,2021-11-18,2021-12-01,2021-12-01,411,411,0,Delivered
SHP-0005689,SUP-032,PRD-00845,2024-05-23,2024-08-04,2024-08-16,1219,1219,0,Late
SHP-0005690,SUP-040,PRD-00498,2021-02-03,2021-02-08,2021-02-20,1403,1403,0,Delivered
SHP-0005691,SUP-024,PRD-00403,2020-03-21,2020-04-12,2020-04-12,1399,1386,13,Delivered
SHP-0005692,SUP-069,PRD-00318,2021-04-11,2021-05-05,2021-05-05,785,762,23,Delivered
SHP-0005693,SUP-019,PRD-00088,2026-05-27,2026-06-16,2026-06-16,1064,1054,10,Late
SHP-0005694,SUP-004,PRD-00806,2024-03-14,2024-04-02,2024-04-04,1393,1393,0,Delivered
SHP-0005695,SUP-013,PRD-00321,2024-04-11,2024-04-29,2024-05-05,1148,1148,0,Delivered
SHP-0005696,SUP-048,PRD-00824,2021-03-16,2021-03-29,2021-03-29,1066,1066,0,Delivered
SHP-0005697,SUP-068,PRD-00259,2022-10-06,2022-10-25,2022-10-25,402,398,4,Late
SHP-0005698,SUP-043,PRD-00418,2023-11-06,2023-12-08,2023-12-16,757,757,0,Delivered
SHP-0005699,SUP-004,PRD-00541,2020-07-14,2020-08-05,2020-08-05,742,742,0,Delivered
SHP-0005700,SUP-005,PRD-00681,2025-05-20,2025-06-09,2025-06-09,413,314,0,Partial
SHP-0005701,SUP-029,PRD-00894,2021-07-25,2021-08-05,2021-08-13,582,582,0,Delivered
SHP-0005702,SUP-059,PRD-00667,2023-04-07,2023-04-20,2023-04-20,437,437,0,Delivered
SHP-0005703,SUP-060,PRD-00282,2024-09-22,2024-10-05,2024-10-15,707,630,0,Partial
SHP-0005704,SUP-056,PRD-00692,2025-06-11,2025-06-28,2025-06-29,1239,1227,12,Delivered
SHP-0005705,SUP-056,PRD-00645,2024-08-27,2024-09-23,2024-09-25,1402,1388,14,Delivered
SHP-0005706,SUP-010,PRD-00189,2025-06-20,2025-07-16,2025-07-16,408,408,0,Delivered
SHP-0005707,SUP-049,PRD-00369,2023-02-10,2023-02-26,2023-02-26,979,979,0,Delivered
SHP-0005708,SUP-004,PRD-00541,2021-09-28,2021-10-03,2021-10-07,757,757,0,Delivered
SHP-0005709,SUP-068,PRD-00366,2026-03-16,2026-04-08,2026-04-16,438,425,13,Late
SHP-0005710,SUP-048,PRD-00147,2020-05-06,2020-05-30,2020-05-30,358,358,0,Delivered
SHP-0005711,SUP-053,PRD-00383,2023-08-20,2023-09-06,2023-09-06,870,870,0,Delivered
SHP-0005712,SUP-047,PRD-00057,2020-07-17,2020-08-27,2020-09-03,214,208,6,Delivered
SHP-0005713,SUP-058,PRD-00060,2020-05-26,2020-06-01,2020-06-05,1200,1188,12,Delivered
SHP-0005714,SUP-058,PRD-00205,2025-06-01,2025-07-11,2025-07-11,541,541,0,Delivered
SHP-0005715,SUP-051,PRD-00188,2022-03-04,2022-03-11,2022-03-13,503,503,0,Late
SHP-0005716,SUP-062,PRD-00699,2021-06-22,2021-09-01,2021-09-06,698,698,0,Delivered
SHP-0005717,SUP-037,PRD-00809,2023-10-10,2023-10-27,2023-10-28,75,75,0,Late
SHP-0005718,SUP-068,PRD-00559,2021-07-18,2021-07-31,2021-07-31,808,808,0,Late
SHP-0005719,SUP-015,PRD-00303,2020-08-06,2020-08-27,2020-08-27,1347,1347,0,Late
SHP-0005720,SUP-038,PRD-00072,2021-10-07,2021-10-17,2021-10-17,856,856,0,Delivered
SHP-0005721,SUP-042,PRD-00720,2026-01-30,2026-02-04,2026-02-04,1198,1103,95,Delivered
SHP-0005722,SUP-066,PRD-00606,2025-07-08,2025-08-15,2025-08-15,1483,1483,0,Delivered
SHP-0005723,SUP-003,PRD-00650,2020-07-04,2020-07-25,2020-07-25,750,750,0,Delivered
SHP-0005724,SUP-006,PRD-00091,2026-02-03,2026-02-10,2026-02-12,1473,1473,0,Delivered
SHP-0005725,SUP-029,PRD-00894,2024-07-30,2024-08-11,2024-08-11,237,237,0,Delivered
SHP-0005726,SUP-047,PRD-00797,2024-04-13,2024-06-10,2024-06-15,1071,1061,10,Late
SHP-0005727,SUP-012,PRD-00679,2023-04-03,2023-04-21,2023-04-22,1237,864,0,Partial
SHP-0005728,SUP-060,PRD-00142,2023-12-18,2023-12-25,2024-01-03,474,474,0,Delivered
SHP-0005729,SUP-009,PRD-00724,2026-03-04,2026-03-29,2026-04-01,667,661,6,Delivered
SHP-0005730,SUP-008,PRD-00496,2020-07-31,2020-08-27,2020-08-27,1047,1047,0,Delivered
SHP-0005731,SUP-047,PRD-00415,2026-07-02,2026-07-18,2026-07-18,992,983,9,Delivered
SHP-0005732,SUP-047,PRD-00407,2020-01-03,2020-02-23,2020-02-26,222,222,0,Delivered
SHP-0005733,SUP-020,PRD-00877,2020-07-10,2020-07-17,2020-07-28,332,332,0,Delivered
SHP-0005734,SUP-001,PRD-00186,2025-12-21,2026-01-09,2026-01-18,1428,1258,0,Partial
SHP-0005735,SUP-014,PRD-00251,2024-03-14,2024-04-18,2024-04-18,382,382,0,Delivered
SHP-0005736,SUP-057,PRD-00218,2020-12-13,2020-12-19,2020-12-19,983,905,78,Delivered
SHP-0005737,SUP-020,PRD-00510,2025-02-16,2025-04-12,2025-04-12,1365,1365,0,Delivered
SHP-0005738,SUP-043,PRD-00001,2023-12-25,2024-03-03,2024-03-03,900,900,0,Late
SHP-0005739,SUP-001,PRD-00346,2022-11-09,2022-11-25,2022-12-04,1112,1112,0,Delivered
SHP-0005740,SUP-052,PRD-00390,2026-05-22,2026-06-11,2026-06-11,130,127,3,Delivered
SHP-0005741,SUP-063,PRD-00065,2025-08-22,2025-09-08,2025-09-11,629,611,18,Delivered
SHP-0005742,SUP-013,PRD-00332,2024-09-27,2024-10-11,2024-10-11,1034,1034,0,Late
SHP-0005743,SUP-069,PRD-00013,2023-03-04,2023-03-28,2023-04-04,718,718,0,Delivered
SHP-0005744,SUP-069,PRD-00070,2025-12-20,2026-01-11,2026-01-11,848,848,0,Delivered
SHP-0005745,SUP-023,PRD-00810,2024-07-29,2024-09-09,2024-09-10,523,508,15,Delivered
SHP-0005746,SUP-047,PRD-00832,2025-04-15,2025-06-06,2025-06-14,235,233,2,Delivered
SHP-0005747,SUP-024,PRD-00823,2022-09-20,2022-10-01,2022-10-04,600,594,6,Delivered
SHP-0005748,SUP-068,PRD-00893,2021-05-24,2021-06-14,2021-06-14,593,588,5,Delivered
SHP-0005749,SUP-009,PRD-00243,2021-02-23,2021-04-22,2021-04-30,1291,1291,0,Delivered
SHP-0005750,SUP-064,PRD-00565,2023-12-14,2024-01-18,2024-01-21,668,668,0,Delivered
SHP-0005751,SUP-041,PRD-00493,2020-07-08,2020-09-09,2020-09-27,961,961,0,Delivered
SHP-0005752,SUP-050,PRD-00106,2023-02-04,2023-03-25,2023-04-05,1164,1164,0,Delivered
SHP-0005753,SUP-031,PRD-00611,2025-01-06,2025-02-02,2025-02-02,705,698,7,Delivered
SHP-0005754,SUP-047,PRD-00415,2023-12-17,2024-01-07,2024-01-07,107,107,0,Delivered
SHP-0005755,SUP-013,PRD-00400,2023-05-03,2023-05-10,2023-05-16,1100,1100,0,Late
SHP-0005756,SUP-034,PRD-00573,2026-02-24,2026-03-15,2026-03-20,977,977,0,Delivered
SHP-0005757,SUP-035,PRD-00811,2025-09-01,2025-09-09,2025-09-17,79,79,0,Delivered
SHP-0005758,SUP-003,PRD-00750,2021-03-07,2021-04-25,2021-04-25,87,87,0,Delivered
SHP-0005759,SUP-030,PRD-00036,2025-12-15,2026-01-02,2026-01-11,396,396,0,Delivered
SHP-0005760,SUP-024,PRD-00823,2022-08-21,2022-09-11,2022-09-11,73,71,2,Delivered
SHP-0005761,SUP-060,PRD-00631,2026-06-29,2026-07-06,2026-07-08,1270,1270,0,Delivered
SHP-0005762,SUP-053,PRD-00099,2025-06-07,2025-06-13,2025-06-30,799,736,63,Delivered
SHP-0005763,SUP-018,PRD-00267,2023-10-19,2023-11-06,2023-11-14,262,193,0,Partial
SHP-0005764,SUP-064,PRD-00325,2022-06-25,2022-07-10,2022-07-18,447,443,4,Delivered
SHP-0005765,SUP-032,PRD-00280,2020-01-08,2020-02-12,2020-02-14,1212,1212,0,Delivered
SHP-0005766,SUP-007,PRD-00074,2021-03-27,2021-04-05,2021-04-05,626,626,0,Delivered
SHP-0005767,SUP-066,PRD-00804,2024-01-17,2024-02-12,2024-02-12,963,963,0,Delivered
SHP-0005768,SUP-057,PRD-00181,2024-10-28,2024-11-06,2024-11-08,1296,1296,0,Delivered
SHP-0005769,SUP-042,PRD-00342,2024-10-11,2024-11-10,2024-11-10,318,318,0,Delivered
SHP-0005770,SUP-008,PRD-00184,2021-10-22,2021-12-13,2021-12-23,199,199,0,Delivered
SHP-0005771,SUP-003,PRD-00556,2026-07-13,2026-07-24,2026-08-03,494,494,0,Delivered
SHP-0005772,SUP-041,PRD-00838,2021-11-25,2022-01-09,2022-01-14,1339,1339,0,Delivered
SHP-0005773,SUP-009,PRD-00018,2024-12-15,2024-12-22,2024-12-22,415,415,0,Delivered
SHP-0005774,SUP-040,PRD-00201,2026-06-30,2026-07-10,2026-07-23,765,765,0,Delivered
SHP-0005775,SUP-027,PRD-00615,2022-03-27,2022-04-17,2022-04-17,351,348,3,Delivered
SHP-0005776,SUP-007,PRD-00874,2024-06-11,2024-07-27,2024-07-28,1287,1287,0,Delivered
SHP-0005777,SUP-020,PRD-00425,2023-09-03,2023-10-18,2023-10-18,702,556,0,Partial
SHP-0005778,SUP-048,PRD-00735,2025-04-05,2025-04-14,2025-04-20,1051,1051,0,Late
SHP-0005779,SUP-063,PRD-00380,2023-08-14,2023-09-02,2023-09-06,860,860,0,Delivered
SHP-0005780,SUP-060,PRD-00137,2021-07-12,2021-07-22,2021-07-22,1354,1354,0,Delivered
SHP-0005781,SUP-032,PRD-00260,2022-05-22,2022-07-17,2022-07-19,241,241,0,Delivered
SHP-0005782,SUP-043,PRD-00008,2020-02-25,2020-04-05,2020-04-09,632,632,0,Delivered
SHP-0005783,SUP-015,PRD-00154,2023-12-18,2023-12-31,2024-01-01,830,700,7,Partial
SHP-0005784,SUP-050,PRD-00106,2026-07-17,2026-09-21,2026-09-28,225,225,0,Delivered
SHP-0005785,SUP-026,PRD-00422,2026-03-24,2026-04-09,2026-04-09,972,972,0,Delivered
SHP-0005786,SUP-027,PRD-00615,2025-07-16,2025-08-08,2025-08-08,927,927,0,Late
SHP-0005787,SUP-069,PRD-00055,2021-08-09,2021-08-17,2021-08-18,1111,1078,33,Delivered
SHP-0005788,SUP-005,PRD-00230,2022-03-07,2022-03-20,2022-03-20,851,851,0,Delivered
SHP-0005789,SUP-016,PRD-00337,2022-11-04,2022-12-09,2022-12-09,510,505,5,Delivered
SHP-0005790,SUP-033,PRD-00125,2025-08-19,2025-10-20,2025-10-20,1401,1401,0,Late
SHP-0005791,SUP-016,PRD-00263,2021-08-10,2021-10-07,2021-10-12,1378,1365,13,Delivered
SHP-0005792,SUP-049,PRD-00484,2025-08-19,2025-09-04,2025-09-05,1342,1342,0,Delivered
SHP-0005793,SUP-028,PRD-00605,2023-06-11,2023-06-17,2023-06-21,644,638,6,Late
SHP-0005794,SUP-007,PRD-00614,2025-02-24,2025-03-12,2025-03-14,1343,1343,0,Delivered
SHP-0005795,SUP-010,PRD-00527,2026-04-19,2026-06-23,2026-07-02,881,881,0,Delivered
SHP-0005796,SUP-022,PRD-00764,2024-12-12,2024-12-18,2024-12-18,316,313,3,Delivered
SHP-0005797,SUP-013,PRD-00662,2021-03-19,2021-03-25,2021-03-25,1463,1449,14,Delivered
SHP-0005798,SUP-049,PRD-00392,2026-06-16,2026-07-04,2026-07-04,93,86,7,Delivered
SHP-0005799,SUP-045,PRD-00274,2025-09-11,2025-11-22,2025-11-22,857,857,0,Delivered
SHP-0005800,SUP-001,PRD-00736,2025-01-30,2025-02-10,2025-02-25,539,539,0,Late
SHP-0005801,SUP-031,PRD-00678,2025-09-17,2025-09-30,2025-10-10,227,163,0,Partial
SHP-0005802,SUP-002,PRD-00384,2023-05-16,2023-07-23,2023-07-23,893,893,0,Delivered
SHP-0005803,SUP-068,PRD-00238,2025-07-31,2025-08-24,2025-09-02,727,669,58,Delivered
SHP-0005804,SUP-039,PRD-00054,2022-08-17,2022-08-22,2022-09-04,582,582,0,Late
SHP-0005805,SUP-059,PRD-00027,2025-03-08,2025-03-26,2025-03-26,293,291,2,Delivered
SHP-0005806,SUP-027,PRD-00520,2026-02-26,2026-03-20,2026-03-23,1106,1106,0,Delivered
SHP-0005807,SUP-031,PRD-00611,2025-08-22,2025-08-31,2025-09-05,1370,1370,0,Delivered
SHP-0005808,SUP-036,PRD-00545,2026-05-10,2026-06-09,2026-06-12,694,688,6,Delivered
SHP-0005809,SUP-023,PRD-00698,2021-09-23,2021-11-23,2021-12-07,962,962,0,Late
SHP-0005810,SUP-046,PRD-00389,2020-03-24,2020-04-05,2020-04-13,1413,1413,0,Late
SHP-0005811,SUP-053,PRD-00486,2023-09-26,2023-10-16,2023-10-16,341,295,0,Partial
SHP-0005812,SUP-011,PRD-00180,2024-01-31,2024-02-08,2024-02-14,95,95,0,Delivered
SHP-0005813,SUP-055,PRD-00029,2021-08-11,2021-08-27,2021-08-30,565,520,45,Delivered
SHP-0005814,SUP-020,PRD-00167,2023-08-01,2023-09-17,2023-09-17,101,98,3,Delivered
SHP-0005815,SUP-047,PRD-00744,2020-08-28,2020-09-08,2020-09-08,1366,1366,0,Delivered
SHP-0005816,SUP-012,PRD-00150,2021-03-04,2021-03-11,2021-03-19,1008,1008,0,Delivered
SHP-0005817,SUP-041,PRD-00420,2021-07-09,2021-08-10,2021-08-22,1152,1141,11,Delivered
SHP-0005818,SUP-033,PRD-00125,2021-11-29,2022-02-05,2022-02-12,785,778,7,Delivered
SHP-0005819,SUP-026,PRD-00608,2020-06-20,2020-07-07,2020-07-18,1126,1126,0,Delivered
SHP-0005820,SUP-047,PRD-00207,2026-01-07,2026-01-12,2026-01-14,56,56,0,Delivered
SHP-0005821,SUP-070,PRD-00458,2024-08-16,2024-08-22,2024-08-22,1307,1307,0,Delivered
SHP-0005822,SUP-038,PRD-00860,2023-09-03,2023-09-17,2023-09-23,659,659,0,Late
SHP-0005823,SUP-002,PRD-00664,2023-11-29,2023-12-13,2023-12-13,626,620,6,Delivered
SHP-0005824,SUP-001,PRD-00855,2023-06-08,2023-06-25,2023-06-29,444,444,0,Delivered
SHP-0005825,SUP-042,PRD-00847,2026-07-13,2026-09-03,2026-09-07,438,438,0,Delivered
SHP-0005826,SUP-058,PRD-00567,2020-06-26,2020-08-30,2020-09-03,953,953,0,Late
SHP-0005827,SUP-039,PRD-00854,2024-08-02,2024-08-14,2024-08-21,1447,1433,14,Delivered
SHP-0005828,SUP-017,PRD-00113,2022-09-25,2022-10-13,2022-10-13,1115,1115,0,Delivered
SHP-0005829,SUP-042,PRD-00342,2023-05-26,2023-07-28,2023-08-01,676,676,0,Delivered
SHP-0005830,SUP-040,PRD-00872,2022-03-28,2022-04-14,2022-04-19,107,104,3,Late
SHP-0005831,SUP-025,PRD-00577,2024-04-01,2024-05-27,2024-05-27,1409,1367,42,Delivered
SHP-0005832,SUP-070,PRD-00850,2021-10-12,2021-10-28,2021-10-28,449,445,4,Delivered
SHP-0005833,SUP-049,PRD-00405,2020-04-15,2020-05-09,2020-05-09,88,88,0,Delivered
SHP-0005834,SUP-024,PRD-00403,2021-11-06,2021-11-12,2021-11-23,83,83,0,Late
SHP-0005835,SUP-036,PRD-00599,2023-01-02,2023-01-27,2023-01-28,877,807,70,Delivered
SHP-0005836,SUP-019,PRD-00701,2021-07-04,2021-07-21,2021-07-30,517,517,0,Delivered
SHP-0005837,SUP-010,PRD-00189,2024-09-01,2024-09-19,2024-09-19,1415,1415,0,Delivered
SHP-0005838,SUP-036,PRD-00173,2021-12-04,2021-12-26,2021-12-27,93,86,7,Delivered
SHP-0005839,SUP-014,PRD-00528,2021-08-15,2021-10-02,2021-10-09,177,177,0,Delivered
SHP-0005840,SUP-005,PRD-00751,2024-01-21,2024-02-08,2024-02-17,1371,1330,41,Delivered
SHP-0005841,SUP-009,PRD-00018,2024-12-06,2024-12-12,2024-12-12,596,596,0,Delivered
SHP-0005842,SUP-006,PRD-00882,2022-08-16,2022-09-02,2022-09-04,871,863,8,Delivered
SHP-0005843,SUP-027,PRD-00367,2025-09-06,2025-09-20,2025-09-20,178,173,5,Delivered
SHP-0005844,SUP-048,PRD-00448,2023-08-06,2023-08-19,2023-09-07,479,479,0,Delivered
SHP-0005845,SUP-055,PRD-00029,2020-03-03,2020-05-15,2020-05-15,872,872,0,Delivered
SHP-0005846,SUP-068,PRD-00382,2024-04-25,2024-05-04,2024-05-04,389,386,3,Delivered
SHP-0005847,SUP-062,PRD-00772,2020-01-02,2020-02-01,2020-02-01,1230,1230,0,Delivered
SHP-0005848,SUP-029,PRD-00172,2024-01-08,2024-01-24,2024-01-27,1251,1251,0,Delivered
SHP-0005849,SUP-045,PRD-00461,2022-09-18,2022-11-18,2022-11-19,1493,1479,14,Delivered
SHP-0005850,SUP-043,PRD-00658,2021-03-19,2021-05-24,2021-06-03,621,615,6,Delivered
SHP-0005851,SUP-053,PRD-00787,2023-02-26,2023-03-10,2023-03-19,1260,1260,0,Delivered
SHP-0005852,SUP-040,PRD-00872,2020-10-23,2020-11-10,2020-11-15,816,816,0,Delivered
SHP-0005853,SUP-014,PRD-00704,2025-05-31,2025-07-24,2025-08-03,312,312,0,Delivered
SHP-0005854,SUP-006,PRD-00143,2026-05-13,2026-05-29,2026-05-31,1223,1187,36,Delivered
SHP-0005855,SUP-004,PRD-00141,2024-11-19,2024-11-30,2024-12-04,1011,1011,0,Delivered
SHP-0005856,SUP-013,PRD-00571,2026-06-09,2026-06-17,2026-06-17,494,494,0,Late
SHP-0005857,SUP-031,PRD-00525,2024-02-11,2024-03-08,2024-03-13,451,447,4,Delivered
SHP-0005858,SUP-016,PRD-00296,2024-03-01,2024-04-18,2024-04-20,62,62,0,Late
SHP-0005859,SUP-033,PRD-00712,2024-01-30,2024-03-27,2024-03-27,1163,1163,0,Delivered
SHP-0005860,SUP-070,PRD-00396,2023-01-21,2023-02-13,2023-02-13,664,658,6,Late
SHP-0005861,SUP-019,PRD-00467,2022-06-29,2022-07-08,2022-07-09,371,371,0,Delivered
SHP-0005862,SUP-033,PRD-00617,2024-04-07,2024-05-11,2024-05-17,225,225,0,Delivered
SHP-0005863,SUP-049,PRD-00857,2020-07-08,2020-07-16,2020-07-16,1117,1117,0,Delivered
SHP-0005864,SUP-058,PRD-00231,2020-12-21,2021-02-03,2021-02-05,1078,1078,0,Delivered
SHP-0005865,SUP-037,PRD-00323,2020-03-30,2020-04-23,2020-04-23,929,929,0,Delivered
SHP-0005866,SUP-057,PRD-00219,2026-05-04,2026-05-15,2026-05-19,222,222,0,Delivered
SHP-0005867,SUP-043,PRD-00658,2026-05-08,2026-07-15,2026-07-21,938,821,65,Partial
SHP-0005868,SUP-053,PRD-00633,2026-02-02,2026-02-23,2026-02-23,935,935,0,Delivered
SHP-0005869,SUP-044,PRD-00473,2025-06-27,2025-07-19,2025-08-01,1043,960,83,Delivered
SHP-0005870,SUP-066,PRD-00804,2023-03-31,2023-04-21,2023-05-01,394,394,0,Delivered
SHP-0005871,SUP-063,PRD-00743,2020-04-13,2020-05-07,2020-05-15,180,180,0,Delivered
SHP-0005872,SUP-006,PRD-00294,2023-02-26,2023-03-14,2023-03-14,231,231,0,Delivered
SHP-0005873,SUP-001,PRD-00886,2022-04-28,2022-05-18,2022-05-18,506,466,40,Delivered
SHP-0005874,SUP-054,PRD-00828,2023-10-03,2023-10-13,2023-10-15,87,87,0,Late
SHP-0005875,SUP-016,PRD-00648,2021-08-05,2021-09-23,2021-10-07,1370,1370,0,Delivered
SHP-0005876,SUP-047,PRD-00207,2022-12-14,2023-02-07,2023-02-13,991,982,9,Delivered
SHP-0005877,SUP-013,PRD-00742,2024-06-04,2024-06-15,2024-06-15,303,294,9,Late
SHP-0005878,SUP-058,PRD-00205,2024-11-18,2024-12-16,2024-12-23,454,454,0,Delivered
SHP-0005879,SUP-062,PRD-00077,2023-08-18,2023-10-07,2023-10-23,440,440,0,Delivered
SHP-0005880,SUP-042,PRD-00373,2023-07-18,2023-09-13,2023-09-13,405,401,4,Delivered
SHP-0005881,SUP-049,PRD-00421,2021-01-28,2021-02-05,2021-02-05,76,76,0,Delivered
SHP-0005882,SUP-035,PRD-00247,2025-06-25,2025-07-11,2025-07-18,1085,1085,0,Late
SHP-0005883,SUP-047,PRD-00851,2026-02-04,2026-04-09,2026-04-09,1433,1433,0,Delivered
SHP-0005884,SUP-029,PRD-00762,2021-10-26,2021-11-11,2021-11-11,181,181,0,Delivered
SHP-0005885,SUP-048,PRD-00824,2025-02-21,2025-03-03,2025-03-13,1449,1449,0,Delivered
SHP-0005886,SUP-001,PRD-00186,2026-07-23,2026-08-10,2026-08-29,525,525,0,Late
SHP-0005887,SUP-055,PRD-00488,2022-12-14,2023-01-25,2023-01-25,1235,1223,12,Delivered
SHP-0005888,SUP-029,PRD-00080,2024-03-14,2024-03-24,2024-03-30,446,446,0,Delivered
SHP-0005889,SUP-021,PRD-00225,2024-05-20,2024-07-20,2024-07-21,604,586,18,Delivered
SHP-0005890,SUP-055,PRD-00044,2020-08-16,2020-10-20,2020-10-20,1286,1286,0,Delivered
SHP-0005891,SUP-049,PRD-00039,2020-07-30,2020-08-06,2020-08-22,586,586,0,Delivered
SHP-0005892,SUP-029,PRD-00066,2024-02-14,2024-03-08,2024-03-08,1473,1459,14,Delivered
SHP-0005893,SUP-049,PRD-00369,2023-10-01,2023-10-18,2023-10-26,1222,1210,12,Delivered
SHP-0005894,SUP-025,PRD-00892,2026-01-21,2026-03-04,2026-03-04,1189,1189,0,Delivered
SHP-0005895,SUP-012,PRD-00460,2021-11-17,2021-12-11,2021-12-17,326,323,3,Delivered
SHP-0005896,SUP-004,PRD-00279,2021-05-12,2021-05-28,2021-05-28,335,332,3,Late
SHP-0005897,SUP-048,PRD-00268,2022-08-04,2022-08-28,2022-08-31,438,438,0,Late
SHP-0005898,SUP-031,PRD-00678,2025-12-07,2025-12-27,2025-12-27,1397,1384,13,Delivered
SHP-0005899,SUP-054,PRD-00630,2026-04-05,2026-04-23,2026-04-23,356,346,10,Delivered
SHP-0005900,SUP-069,PRD-00463,2020-01-26,2020-02-19,2020-02-19,1197,1197,0,Delivered
SHP-0005901,SUP-007,PRD-00291,2023-08-03,2023-08-28,2023-08-28,752,745,7,Delivered
SHP-0005902,SUP-030,PRD-00111,2025-04-07,2025-04-17,2025-04-22,885,859,26,Delivered
SHP-0005903,SUP-010,PRD-00126,2023-07-01,2023-08-05,2023-08-05,1113,1113,0,Delivered
SHP-0005904,SUP-039,PRD-00360,2020-05-21,2020-05-30,2020-05-30,1445,1445,0,Delivered
SHP-0005905,SUP-006,PRD-00143,2024-08-25,2024-09-07,2024-09-13,996,987,9,Delivered
SHP-0005906,SUP-051,PRD-00053,2023-04-05,2023-04-13,2023-04-13,854,846,8,Delivered
SHP-0005907,SUP-029,PRD-00586,2025-05-08,2025-05-18,2025-05-18,1397,1397,0,Delivered
SHP-0005908,SUP-060,PRD-00753,2026-07-17,2026-08-06,2026-08-13,737,737,0,Late
SHP-0005909,SUP-027,PRD-00423,2020-12-20,2021-01-05,2021-01-10,297,289,8,Delivered
SHP-0005910,SUP-047,PRD-00057,2020-05-31,2020-08-03,2020-08-08,632,632,0,Delivered
SHP-0005911,SUP-038,PRD-00330,2021-04-13,2021-04-19,2021-04-24,527,527,0,Delivered
SHP-0005912,SUP-033,PRD-00873,2025-10-31,2026-01-08,2026-01-08,972,972,0,Delivered
SHP-0005913,SUP-001,PRD-00802,2020-02-22,2020-02-28,2020-02-28,1438,1438,0,Delivered
SHP-0005914,SUP-047,PRD-00148,2023-03-30,2023-04-18,2023-04-18,620,602,18,Late
SHP-0005915,SUP-064,PRD-00795,2021-12-18,2022-02-25,2022-02-25,911,902,9,Late
SHP-0005916,SUP-053,PRD-00833,2023-07-18,2023-07-28,2023-08-08,1471,1471,0,Delivered
SHP-0005917,SUP-045,PRD-00354,2025-12-24,2026-01-19,2026-01-23,194,194,0,Delivered
SHP-0005918,SUP-014,PRD-00251,2023-09-16,2023-10-19,2023-11-02,1338,1338,0,Delivered
SHP-0005919,SUP-005,PRD-00355,2021-08-15,2021-08-28,2021-09-01,1202,1190,12,Delivered
SHP-0005920,SUP-070,PRD-00868,2024-02-26,2024-03-10,2024-03-19,301,301,0,Late
SHP-0005921,SUP-047,PRD-00851,2025-05-20,2025-06-07,2025-06-15,264,205,2,Partial
SHP-0005922,SUP-004,PRD-00581,2024-09-16,2024-09-22,2024-09-22,762,762,0,Delivered
SHP-0005923,SUP-066,PRD-00213,2023-04-13,2023-05-08,2023-05-14,1133,1133,0,Delivered
SHP-0005924,SUP-017,PRD-00050,2025-09-29,2025-10-09,2025-10-09,818,810,8,Delivered
SHP-0005925,SUP-013,PRD-00842,2024-11-15,2024-11-30,2024-11-30,1316,1316,0,Delivered
SHP-0005926,SUP-062,PRD-00699,2020-07-24,2020-08-17,2020-08-22,684,684,0,Delivered
SHP-0005927,SUP-039,PRD-00054,2022-06-24,2022-07-15,2022-07-15,390,390,0,Delivered
SHP-0005928,SUP-045,PRD-00461,2025-10-06,2025-11-23,2025-11-26,677,677,0,Delivered
SHP-0005929,SUP-046,PRD-00428,2026-03-20,2026-04-13,2026-04-19,1061,1051,10,Delivered
SHP-0005930,SUP-056,PRD-00015,2021-10-13,2021-11-07,2021-11-15,783,783,0,Delivered
SHP-0005931,SUP-006,PRD-00239,2023-08-05,2023-08-28,2023-08-30,192,163,0,Partial
SHP-0005932,SUP-004,PRD-00141,2022-08-06,2022-08-13,2022-08-16,418,418,0,Delivered
SHP-0005933,SUP-003,PRD-00474,2025-03-16,2025-05-05,2025-05-08,908,908,0,Delivered
SHP-0005934,SUP-049,PRD-00574,2024-07-16,2024-07-30,2024-07-30,1489,1445,44,Delivered
SHP-0005935,SUP-011,PRD-00179,2025-12-01,2025-12-07,2025-12-11,1480,1480,0,Delivered
SHP-0005936,SUP-027,PRD-00637,2023-10-09,2023-10-23,2023-10-30,1254,1254,0,Delivered
SHP-0005937,SUP-021,PRD-00225,2026-07-28,2026-09-15,2026-09-26,568,563,5,Delivered
SHP-0005938,SUP-037,PRD-00809,2024-01-07,2024-01-17,2024-01-26,1201,1189,12,Delivered
SHP-0005939,SUP-066,PRD-00533,2021-12-04,2022-02-03,2022-02-08,1408,1394,14,Delivered
SHP-0005940,SUP-067,PRD-00261,2025-06-17,2025-06-25,2025-07-05,1077,1077,0,Delivered
SHP-0005941,SUP-044,PRD-00666,2026-07-17,2026-08-05,2026-08-05,1395,1354,41,Delivered
SHP-0005942,SUP-031,PRD-00064,2024-01-24,2024-03-20,2024-03-23,1177,1177,0,Delivered
SHP-0005943,SUP-056,PRD-00004,2020-10-11,2020-10-31,2020-11-01,691,685,6,Delivered
SHP-0005944,SUP-053,PRD-00544,2020-03-31,2020-04-05,2020-04-05,1292,1292,0,Late
SHP-0005945,SUP-036,PRD-00162,2025-02-23,2025-03-08,2025-03-08,1024,1014,10,Delivered
SHP-0005946,SUP-042,PRD-00443,2026-07-10,2026-08-13,2026-08-31,880,880,0,Delivered
SHP-0005947,SUP-009,PRD-00018,2023-04-26,2023-05-30,2023-06-08,975,871,0,Partial
SHP-0005948,SUP-045,PRD-00182,2024-03-12,2024-05-23,2024-06-04,1250,1250,0,Delivered
SHP-0005949,SUP-027,PRD-00462,2026-04-25,2026-05-19,2026-06-07,1096,1096,0,Delivered
SHP-0005950,SUP-012,PRD-00226,2020-07-16,2020-07-26,2020-07-26,535,535,0,Late
SHP-0005951,SUP-023,PRD-00810,2025-06-13,2025-08-15,2025-08-18,317,317,0,Delivered
SHP-0005952,SUP-050,PRD-00040,2021-02-21,2021-02-26,2021-02-26,614,614,0,Delivered
SHP-0005953,SUP-031,PRD-00025,2022-08-13,2022-09-20,2022-09-20,1172,1172,0,Delivered
SHP-0005954,SUP-015,PRD-00508,2020-07-28,2020-08-13,2020-08-18,222,222,0,Delivered
SHP-0005955,SUP-039,PRD-00302,2021-04-16,2021-04-23,2021-04-23,842,842,0,Delivered
SHP-0005956,SUP-015,PRD-00341,2023-10-31,2023-11-09,2023-11-15,861,861,0,Delivered
SHP-0005957,SUP-023,PRD-00891,2025-04-03,2025-05-04,2025-05-09,604,604,0,Late
SHP-0005958,SUP-064,PRD-00565,2023-11-16,2023-12-08,2023-12-17,845,820,25,Late
SHP-0005959,SUP-053,PRD-00833,2025-06-04,2025-06-17,2025-06-24,673,673,0,Delivered
SHP-0005960,SUP-068,PRD-00195,2020-06-25,2020-07-18,2020-07-18,104,104,0,Delivered
SHP-0005961,SUP-051,PRD-00188,2021-05-29,2021-06-06,2021-06-13,1206,1206,0,Delivered
SHP-0005962,SUP-048,PRD-00268,2022-10-13,2022-10-21,2022-10-21,382,382,0,Late
SHP-0005963,SUP-058,PRD-00468,2020-12-01,2021-01-14,2021-01-14,1299,1299,0,Delivered
SHP-0005964,SUP-017,PRD-00344,2026-05-24,2026-06-05,2026-06-05,929,929,0,Late
SHP-0005965,SUP-011,PRD-00489,2021-10-15,2021-11-04,2021-11-11,471,471,0,Delivered
SHP-0005966,SUP-031,PRD-00812,2024-12-30,2025-02-28,2025-03-03,730,730,0,Delivered
SHP-0005967,SUP-032,PRD-00845,2024-10-08,2024-10-14,2024-10-16,263,263,0,Delivered
SHP-0005968,SUP-050,PRD-00410,2022-07-14,2022-08-12,2022-08-30,254,254,0,Delivered
SHP-0005969,SUP-058,PRD-00709,2025-03-28,2025-05-01,2025-05-18,1315,1315,0,Delivered
SHP-0005970,SUP-023,PRD-00591,2025-07-21,2025-09-07,2025-09-07,475,475,0,Late
SHP-0005971,SUP-037,PRD-00295,2022-09-28,2022-10-07,2022-10-07,701,701,0,Delivered
SHP-0005972,SUP-022,PRD-00668,2025-11-13,2025-12-07,2025-12-26,884,814,70,Delivered
SHP-0005973,SUP-057,PRD-00870,2020-03-28,2020-04-11,2020-04-13,104,103,1,Delivered
SHP-0005974,SUP-064,PRD-00424,2026-07-09,2026-07-25,2026-08-05,292,269,23,Delivered
SHP-0005975,SUP-066,PRD-00606,2025-12-30,2026-03-04,2026-03-09,578,578,0,Delivered
SHP-0005976,SUP-022,PRD-00454,2022-12-26,2023-01-12,2023-01-12,80,80,0,Delivered
SHP-0005977,SUP-070,PRD-00782,2026-01-31,2026-02-15,2026-02-19,392,392,0,Late
SHP-0005978,SUP-056,PRD-00692,2021-03-31,2021-05-12,2021-05-14,1344,1344,0,Late
SHP-0005979,SUP-049,PRD-00618,2022-10-01,2022-10-20,2022-10-30,979,979,0,Delivered
SHP-0005980,SUP-020,PRD-00844,2024-05-20,2024-06-20,2024-06-24,1160,1160,0,Delivered
SHP-0005981,SUP-053,PRD-00099,2021-09-14,2021-09-22,2021-09-22,75,75,0,Delivered
SHP-0005982,SUP-025,PRD-00288,2025-05-25,2025-06-15,2025-06-15,499,495,4,Late
SHP-0005983,SUP-039,PRD-00360,2021-08-14,2021-08-31,2021-08-31,698,692,6,Delivered
SHP-0005984,SUP-033,PRD-00132,2024-12-07,2024-12-26,2024-12-26,1323,1310,13,Delivered
SHP-0005985,SUP-064,PRD-00506,2021-10-13,2021-11-14,2021-11-23,942,942,0,Delivered
SHP-0005986,SUP-060,PRD-00336,2025-10-01,2025-10-09,2025-10-12,820,820,0,Delivered
SHP-0005987,SUP-020,PRD-00510,2024-12-19,2025-01-11,2025-01-11,960,951,9,Delivered
SHP-0005988,SUP-056,PRD-00856,2020-02-07,2020-04-01,2020-04-01,1425,1411,14,Delivered
SHP-0005989,SUP-051,PRD-00401,2024-08-26,2024-09-11,2024-09-11,1345,1332,13,Delivered
SHP-0005990,SUP-032,PRD-00357,2022-02-22,2022-04-15,2022-04-15,611,611,0,Delivered
SHP-0005991,SUP-059,PRD-00456,2024-09-20,2024-10-02,2024-10-05,186,186,0,Delivered
SHP-0005992,SUP-054,PRD-00694,2024-04-22,2024-05-02,2024-05-05,1205,1205,0,Delivered
SHP-0005993,SUP-017,PRD-00272,2023-12-11,2023-12-20,2023-12-20,994,994,0,Delivered
SHP-0005994,SUP-004,PRD-00581,2021-01-19,2021-02-08,2021-02-08,1267,1166,101,Delivered
SHP-0005995,SUP-005,PRD-00455,2024-01-06,2024-01-13,2024-01-15,601,595,6,Delivered
SHP-0005996,SUP-011,PRD-00837,2024-07-12,2024-07-22,2024-07-22,1314,1314,0,Delivered
SHP-0005997,SUP-028,PRD-00062,2025-01-09,2025-02-01,2025-02-01,135,135,0,Delivered
SHP-0005998,SUP-070,PRD-00358,2025-02-13,2025-02-21,2025-02-21,707,700,7,Late
SHP-0005999,SUP-023,PRD-00513,2023-11-21,2023-12-08,2023-12-11,565,479,0,Partial
SHP-0006000,SUP-046,PRD-00428,2021-11-18,2021-11-27,2021-12-06,1129,1129,0,Delivered
SHP-0006001,SUP-020,PRD-00877,2024-11-23,2024-12-10,2024-12-15,566,566,0,Delivered
SHP-0006002,SUP-056,PRD-00094,2022-08-12,2022-09-22,2022-10-01,1322,1025,30,Partial
SHP-0006003,SUP-036,PRD-00677,2024-04-17,2024-06-09,2024-06-15,94,94,0,Late
SHP-0006004,SUP-028,PRD-00542,2025-11-29,2025-12-10,2025-12-18,181,180,1,Delivered
SHP-0006005,SUP-019,PRD-00532,2023-03-17,2023-04-10,2023-04-21,1075,1075,0,Delivered
SHP-0006006,SUP-019,PRD-00124,2021-10-30,2021-11-23,2021-11-23,920,911,9,Delivered
SHP-0006007,SUP-028,PRD-00542,2025-09-11,2025-09-27,2025-10-06,1123,1090,33,Delivered
SHP-0006008,SUP-036,PRD-00312,2022-09-19,2022-09-30,2022-09-30,1291,1279,12,Delivered
SHP-0006009,SUP-049,PRD-00780,2020-12-07,2020-12-12,2020-12-30,437,437,0,Delivered
SHP-0006010,SUP-010,PRD-00512,2020-09-30,2020-10-08,2020-10-12,1262,1262,0,Delivered
SHP-0006011,SUP-037,PRD-00295,2022-09-14,2022-09-19,2022-09-22,780,780,0,Delivered
SHP-0006012,SUP-064,PRD-00198,2021-12-01,2021-12-10,2021-12-11,760,760,0,Delivered
SHP-0006013,SUP-022,PRD-00540,2024-05-01,2024-05-15,2024-05-15,392,392,0,Late
SHP-0006014,SUP-040,PRD-00872,2025-04-02,2025-04-20,2025-04-21,461,461,0,Delivered
SHP-0006015,SUP-051,PRD-00053,2021-11-10,2021-11-22,2021-11-22,1397,1023,0,Partial
SHP-0006016,SUP-006,PRD-00244,2023-03-19,2023-04-01,2023-04-14,1192,1192,0,Delivered
SHP-0006017,SUP-057,PRD-00264,2025-08-06,2025-08-23,2025-08-26,559,559,0,Delivered
SHP-0006018,SUP-057,PRD-00219,2020-10-09,2020-10-17,2020-10-21,618,576,5,Partial
SHP-0006019,SUP-037,PRD-00313,2022-11-22,2022-11-29,2022-12-05,961,961,0,Delivered
SHP-0006020,SUP-053,PRD-00486,2023-08-30,2023-09-04,2023-09-04,1455,1339,116,Late
SHP-0006021,SUP-061,PRD-00067,2022-11-05,2022-11-20,2022-12-01,842,834,8,Delivered
SHP-0006022,SUP-038,PRD-00703,2020-08-29,2020-09-20,2020-09-24,547,547,0,Delivered
SHP-0006023,SUP-011,PRD-00161,2024-01-19,2024-02-12,2024-02-12,1135,1135,0,Delivered
SHP-0006024,SUP-020,PRD-00579,2021-05-04,2021-05-16,2021-05-16,778,778,0,Delivered
SHP-0006025,SUP-001,PRD-00186,2023-05-25,2023-06-08,2023-06-16,162,162,0,Delivered
SHP-0006026,SUP-013,PRD-00435,2024-01-17,2024-01-23,2024-01-27,1424,1424,0,Delivered
SHP-0006027,SUP-019,PRD-00466,2024-07-19,2024-08-09,2024-08-10,1283,1283,0,Delivered
SHP-0006028,SUP-022,PRD-00507,2023-12-04,2023-12-21,2023-12-21,960,960,0,Delivered
SHP-0006029,SUP-013,PRD-00898,2026-08-05,2026-08-13,2026-08-17,523,523,0,Delivered
SHP-0006030,SUP-038,PRD-00718,2022-04-11,2022-04-30,2022-05-06,232,230,2,Delivered
SHP-0006031,SUP-039,PRD-00120,2023-06-05,2023-06-14,2023-06-14,1445,1445,0,Delivered
SHP-0006032,SUP-009,PRD-00442,2025-01-16,2025-03-05,2025-03-09,423,423,0,Delivered
SHP-0006033,SUP-036,PRD-00622,2024-02-29,2024-05-02,2024-05-03,718,718,0,Delivered
SHP-0006034,SUP-054,PRD-00349,2020-09-16,2020-09-22,2020-09-27,76,76,0,Delivered
SHP-0006035,SUP-011,PRD-00837,2025-12-04,2025-12-28,2025-12-30,1095,1095,0,Late
SHP-0006036,SUP-053,PRD-00095,2020-05-05,2020-05-11,2020-05-30,618,600,18,Delivered
SHP-0006037,SUP-049,PRD-00187,2025-11-24,2025-12-03,2025-12-07,1383,1383,0,Delivered
SHP-0006038,SUP-055,PRD-00505,2021-01-26,2021-02-17,,1306,997,0,Partial
SHP-0006039,SUP-018,PRD-00624,2020-10-20,2020-10-26,2020-10-31,428,428,0,Delivered
SHP-0006040,SUP-005,PRD-00097,2022-10-11,2022-10-16,2022-10-20,1267,1267,0,Delivered
SHP-0006041,SUP-055,PRD-00505,2025-11-16,2025-12-16,2025-12-24,974,945,29,Delivered
SHP-0006042,SUP-065,PRD-00754,2022-04-20,2022-04-29,2022-04-29,873,873,0,Delivered
SHP-0006043,SUP-037,PRD-00101,2023-06-29,2023-07-08,2023-07-11,1447,1433,14,Delivered
SHP-0006044,SUP-039,PRD-00326,2020-04-08,2020-04-22,2020-04-26,684,684,0,Delivered
SHP-0006045,SUP-010,PRD-00572,2023-05-21,2023-07-06,2023-07-06,1473,1473,0,Delivered
SHP-0006046,SUP-043,PRD-00001,2022-04-04,2022-05-02,2022-05-02,195,190,5,Delivered
SHP-0006047,SUP-037,PRD-00089,2022-06-18,2022-06-24,2022-07-06,1344,1344,0,Delivered
SHP-0006048,SUP-046,PRD-00171,2024-07-24,2024-08-09,2024-08-09,674,674,0,Delivered
SHP-0006049,SUP-013,PRD-00216,2021-11-03,2021-11-23,2021-11-23,91,91,0,Delivered
SHP-0006050,SUP-024,PRD-00403,2024-11-25,2024-12-03,2024-12-03,929,929,0,Delivered
SHP-0006051,SUP-010,PRD-00482,2020-08-27,2020-09-11,2020-09-16,1159,1159,0,Delivered
SHP-0006052,SUP-069,PRD-00364,2025-05-12,2025-05-28,2025-05-30,833,833,0,Delivered
SHP-0006053,SUP-065,PRD-00818,2020-05-31,2020-07-04,2020-07-13,626,620,6,Delivered
SHP-0006054,SUP-031,PRD-00319,2025-02-24,2025-04-17,2025-04-28,1379,1077,0,Partial
SHP-0006055,SUP-035,PRD-00601,2022-10-16,2022-11-03,2022-11-03,1422,1422,0,Delivered
SHP-0006056,SUP-029,PRD-00894,2023-01-20,2023-01-27,2023-02-09,728,728,0,Late
SHP-0006057,SUP-016,PRD-00819,2021-11-14,2022-01-20,2022-02-08,696,641,55,Delivered
SHP-0006058,SUP-065,PRD-00754,2026-01-11,2026-01-23,2026-01-25,673,673,0,Delivered
SHP-0006059,SUP-061,PRD-00395,2025-06-11,2025-06-23,2025-06-25,269,267,2,Delivered
SHP-0006060,SUP-063,PRD-00065,2025-06-16,2025-07-09,2025-07-12,484,484,0,Late
SHP-0006061,SUP-010,PRD-00512,2021-05-04,2021-05-13,2021-05-13,1191,1191,0,Delivered
SHP-0006062,SUP-065,PRD-00290,2020-01-17,2020-03-21,2020-03-27,1336,1336,0,Delivered
SHP-0006063,SUP-019,PRD-00827,2020-01-16,2020-01-21,2020-02-02,291,289,2,Delivered
SHP-0006064,SUP-042,PRD-00472,2024-08-30,2024-10-26,2024-10-26,1338,1338,0,Delivered
SHP-0006065,SUP-021,PRD-00225,2026-03-06,2026-03-23,2026-03-23,776,608,0,Partial
SHP-0006066,SUP-047,PRD-00407,2022-08-20,2022-10-04,2022-10-16,166,153,13,Delivered
SHP-0006067,SUP-037,PRD-00233,2025-08-23,2025-09-01,2025-09-01,178,178,0,Delivered
SHP-0006068,SUP-016,PRD-00263,2025-12-25,2026-03-05,2026-03-21,1285,1285,0,Delivered
SHP-0006069,SUP-019,PRD-00196,2020-03-12,2020-03-22,2020-03-22,1049,1049,0,Delivered
SHP-0006070,SUP-030,PRD-00728,2022-09-03,2022-09-27,2022-10-02,684,455,13,Partial
SHP-0006071,SUP-058,PRD-00158,2024-12-09,2025-02-18,2025-03-08,152,152,0,Delivered
SHP-0006072,SUP-047,PRD-00266,2023-03-10,2023-04-01,2023-04-13,1402,1402,0,Late
SHP-0006073,SUP-070,PRD-00315,2025-10-19,2025-11-01,2025-11-01,1395,1395,0,Delivered
SHP-0006074,SUP-068,PRD-00559,2020-07-11,2020-07-20,2020-07-20,334,334,0,Delivered
SHP-0006075,SUP-064,PRD-00413,2021-11-19,2021-12-16,2021-12-23,1190,1190,0,Delivered
SHP-0006076,SUP-031,PRD-00678,2020-10-08,2020-11-16,2020-11-17,568,551,17,Delivered
SHP-0006077,SUP-061,PRD-00067,2020-01-31,2020-02-17,2020-02-17,651,632,19,Delivered
SHP-0006078,SUP-041,PRD-00451,2025-10-28,2025-12-13,2025-12-13,743,743,0,Delivered
SHP-0006079,SUP-029,PRD-00647,2020-11-21,2020-12-08,2020-12-11,779,756,23,Delivered
SHP-0006080,SUP-050,PRD-00552,2022-06-11,2022-07-06,2022-07-08,120,120,0,Delivered
SHP-0006081,SUP-049,PRD-00392,2026-07-02,2026-07-13,2026-07-13,586,581,5,Delivered
SHP-0006082,SUP-051,PRD-00431,2023-03-28,2023-04-18,2023-04-26,1284,1284,0,Delivered
SHP-0006083,SUP-062,PRD-00788,2023-01-29,2023-02-25,2023-02-25,906,906,0,Delivered
SHP-0006084,SUP-070,PRD-00265,2022-08-26,2022-08-31,2022-09-01,480,476,4,Delivered
SHP-0006085,SUP-036,PRD-00711,2022-05-10,2022-07-03,2022-07-30,685,685,0,Delivered
SHP-0006086,SUP-031,PRD-00500,2023-08-22,2023-10-18,2023-10-23,897,897,0,Delivered
SHP-0006087,SUP-046,PRD-00006,2024-04-22,2024-05-02,2024-05-05,130,130,0,Delivered
SHP-0006088,SUP-034,PRD-00045,2021-12-06,2021-12-27,2021-12-27,527,522,5,Delivered
SHP-0006089,SUP-011,PRD-00411,2024-10-20,2024-11-04,2024-11-04,826,826,0,Delivered
SHP-0006090,SUP-013,PRD-00571,2021-12-28,2022-01-19,2022-01-22,564,373,3,Partial
SHP-0006091,SUP-003,PRD-00474,2020-07-31,2020-09-08,2020-09-12,919,910,9,Delivered
SHP-0006092,SUP-034,PRD-00793,2025-06-28,2025-07-14,2025-07-19,160,160,0,Delivered
SHP-0006093,SUP-063,PRD-00402,2024-06-17,2024-06-28,2024-06-28,505,490,15,Delivered
SHP-0006094,SUP-049,PRD-00574,2024-10-30,2024-11-20,2024-12-05,1185,1185,0,Late
SHP-0006095,SUP-032,PRD-00404,2022-12-02,2022-12-24,2022-12-24,870,870,0,Delivered
SHP-0006096,SUP-005,PRD-00306,2023-09-11,2023-09-19,2023-09-24,631,631,0,Delivered
SHP-0006097,SUP-054,PRD-00237,2022-09-23,2022-10-12,2022-10-12,1420,1420,0,Delivered
SHP-0006098,SUP-069,PRD-00318,2023-08-01,2023-08-18,2023-08-19,1050,1050,0,Delivered
SHP-0006099,SUP-033,PRD-00127,2021-02-10,2021-03-17,2021-03-17,1323,1323,0,Delivered
SHP-0006100,SUP-021,PRD-00830,2026-07-29,2026-08-10,2026-08-10,423,423,0,Delivered
SHP-0006101,SUP-031,PRD-00500,2024-11-19,2025-01-16,2025-01-16,463,426,37,Delivered
SHP-0006102,SUP-061,PRD-00616,2026-06-04,2026-06-26,2026-06-26,1495,1495,0,Late
SHP-0006103,SUP-021,PRD-00225,2020-03-12,2020-05-05,2020-05-09,1298,1298,0,Delivered
SHP-0006104,SUP-035,PRD-00174,2021-12-11,2021-12-25,2021-12-25,204,204,0,Delivered
SHP-0006105,SUP-016,PRD-00819,2022-10-13,2022-10-29,2022-11-02,187,187,0,Delivered
SHP-0006106,SUP-066,PRD-00620,2020-09-12,2020-11-08,2020-11-11,1481,1217,97,Partial
SHP-0006107,SUP-045,PRD-00182,2025-04-29,2025-07-06,2025-07-06,910,883,27,Delivered
SHP-0006108,SUP-068,PRD-00641,2023-05-05,2023-05-10,2023-05-10,804,804,0,Delivered
SHP-0006109,SUP-053,PRD-00383,2021-07-22,2021-07-27,2021-07-27,908,908,0,Late
SHP-0006110,SUP-020,PRD-00844,2023-04-04,2023-05-05,2023-05-13,735,728,7,Delivered
SHP-0006111,SUP-062,PRD-00621,2025-01-19,2025-02-18,2025-02-28,664,664,0,Late
SHP-0006112,SUP-062,PRD-00772,2025-08-15,2025-09-23,2025-10-02,1034,1034,0,Delivered
SHP-0006113,SUP-066,PRD-00723,2024-04-11,2024-05-23,2024-05-23,132,132,0,Late
SHP-0006114,SUP-013,PRD-00375,2025-06-16,2025-07-07,2025-07-19,1279,1267,12,Delivered
SHP-0006115,SUP-069,PRD-00055,2023-10-15,2023-10-28,2023-11-03,65,65,0,Delivered
SHP-0006116,SUP-036,PRD-00677,2022-07-24,2022-08-26,2022-09-01,281,281,0,Delivered
SHP-0006117,SUP-054,PRD-00037,2023-06-07,2023-06-14,2023-06-22,882,882,0,Delivered
SHP-0006118,SUP-032,PRD-00357,2025-10-09,2025-11-18,2025-11-19,161,157,4,Delivered
SHP-0006119,SUP-019,PRD-00466,2025-10-01,2025-10-15,2025-10-15,562,562,0,Delivered
SHP-0006120,SUP-033,PRD-00132,2022-04-02,2022-04-21,2022-04-21,1336,1336,0,Delivered
SHP-0006121,SUP-002,PRD-00056,2021-09-07,2021-11-20,2021-11-27,928,928,0,Delivered
SHP-0006122,SUP-010,PRD-00897,2022-04-20,2022-05-09,2022-05-20,269,261,8,Delivered
SHP-0006123,SUP-030,PRD-00766,2023-11-11,2023-11-29,2023-11-29,1091,1081,10,Delivered
SHP-0006124,SUP-035,PRD-00826,2021-08-23,2021-09-06,2021-09-13,797,790,7,Delivered
SHP-0006125,SUP-006,PRD-00585,2025-05-18,2025-05-27,2025-06-02,196,196,0,Delivered
SHP-0006126,SUP-033,PRD-00132,2022-11-26,2023-01-15,2023-01-17,287,258,20,Partial
SHP-0006127,SUP-048,PRD-00779,2026-03-21,2026-03-31,2026-04-11,1048,1048,0,Delivered
SHP-0006128,SUP-014,PRD-00224,2023-10-25,2023-11-19,2023-11-20,978,978,0,Delivered
SHP-0006129,SUP-057,PRD-00870,2023-07-22,2023-08-08,2023-08-09,741,741,0,Delivered
SHP-0006130,SUP-030,PRD-00864,2020-10-20,2020-11-11,2020-11-11,1219,1219,0,Delivered
SHP-0006131,SUP-027,PRD-00462,2022-03-26,2022-04-07,,929,721,0,Partial
SHP-0006132,SUP-014,PRD-00483,2025-05-04,2025-05-15,2025-05-15,90,90,0,Delivered
SHP-0006133,SUP-061,PRD-00395,2024-10-04,2024-10-23,2024-10-27,654,654,0,Delivered
SHP-0006134,SUP-070,PRD-00265,2020-05-27,2020-06-07,2020-06-07,824,824,0,Late
SHP-0006135,SUP-022,PRD-00485,2022-03-09,2022-03-14,2022-03-20,458,458,0,Delivered
SHP-0006136,SUP-009,PRD-00568,2024-02-18,2024-03-09,2024-03-17,657,657,0,Delivered
SHP-0006137,SUP-035,PRD-00457,2020-09-30,2020-10-19,2020-10-19,1317,1317,0,Late
SHP-0006138,SUP-045,PRD-00347,2022-04-09,2022-05-05,2022-05-11,237,237,0,Delivered
SHP-0006139,SUP-049,PRD-00187,2022-02-10,2022-03-05,2022-03-10,433,433,0,Delivered
SHP-0006140,SUP-070,PRD-00265,2024-11-19,2024-11-24,2024-11-25,496,496,0,Late
SHP-0006141,SUP-026,PRD-00688,2025-10-19,2025-10-26,2025-10-26,134,134,0,Delivered
SHP-0006142,SUP-060,PRD-00142,2022-01-05,2022-01-15,2022-01-25,390,390,0,Delivered
SHP-0006143,SUP-035,PRD-00328,2024-12-08,2024-12-15,2024-12-15,528,528,0,Delivered
SHP-0006144,SUP-002,PRD-00384,2021-11-06,2022-01-08,2022-01-12,1029,1029,0,Delivered
SHP-0006145,SUP-023,PRD-00123,2022-09-27,2022-11-11,2022-11-13,134,134,0,Delivered
SHP-0006146,SUP-058,PRD-00885,2025-04-28,2025-05-13,2025-05-13,476,430,0,Partial
SHP-0006147,SUP-050,PRD-00410,2026-07-09,2026-09-21,2026-09-22,1302,1198,104,Delivered
SHP-0006148,SUP-010,PRD-00727,2023-11-25,2024-01-15,2024-01-15,913,904,9,Delivered
SHP-0006149,SUP-033,PRD-00127,2024-02-06,2024-04-04,2024-04-14,679,673,6,Delivered
SHP-0006150,SUP-016,PRD-00730,2022-04-09,2022-06-09,2022-06-09,152,152,0,Delivered
SHP-0006151,SUP-055,PRD-00029,2023-01-13,2023-01-29,2023-02-03,82,80,2,Late
SHP-0006152,SUP-020,PRD-00543,2022-05-22,2022-08-02,2022-08-02,340,340,0,Delivered
SHP-0006153,SUP-066,PRD-00620,2024-09-17,2024-11-13,2024-11-13,621,564,0,Partial
SHP-0006154,SUP-048,PRD-00866,2021-08-28,2021-09-03,2021-09-07,270,270,0,Delivered
SHP-0006155,SUP-032,PRD-00049,2024-06-25,2024-09-05,2024-09-06,601,601,0,Delivered
SHP-0006156,SUP-015,PRD-00445,2024-07-10,2024-07-18,2024-07-18,763,741,22,Delivered
SHP-0006157,SUP-053,PRD-00529,2021-10-24,2021-11-14,2021-11-14,938,938,0,Delivered
SHP-0006158,SUP-020,PRD-00210,2026-03-18,2026-05-17,2026-05-17,1469,1469,0,Late
SHP-0006159,SUP-053,PRD-00115,2022-12-09,2022-12-26,2022-12-30,331,328,3,Delivered
SHP-0006160,SUP-058,PRD-00032,2022-10-05,2022-10-13,2022-10-17,558,558,0,Delivered
SHP-0006161,SUP-053,PRD-00453,2023-10-01,2023-10-23,2023-10-23,1311,1298,13,Delivered
SHP-0006162,SUP-039,PRD-00459,2020-01-11,2020-02-04,2020-02-05,762,762,0,Delivered
SHP-0006163,SUP-064,PRD-00249,2021-07-12,2021-09-20,2021-10-03,1461,1345,13,Partial
SHP-0006164,SUP-011,PRD-00411,2021-08-31,2021-09-12,2021-09-25,1050,966,84,Delivered
SHP-0006165,SUP-013,PRD-00146,2021-02-17,2021-03-05,2021-03-12,224,203,0,Partial
SHP-0006166,SUP-062,PRD-00385,2024-06-07,2024-07-29,2024-07-29,937,937,0,Delivered
SHP-0006167,SUP-028,PRD-00062,2021-12-18,2022-01-02,2022-01-02,949,949,0,Delivered
SHP-0006168,SUP-005,PRD-00348,2022-05-27,2022-06-06,2022-06-16,538,538,0,Delivered
SHP-0006169,SUP-023,PRD-00810,2024-07-09,2024-07-29,2024-08-01,434,434,0,Delivered
SHP-0006170,SUP-003,PRD-00768,2025-12-31,2026-01-18,2026-01-18,938,938,0,Delivered
SHP-0006171,SUP-044,PRD-00175,2020-08-21,2020-08-31,2020-08-31,267,267,0,Delivered
SHP-0006172,SUP-050,PRD-00228,2026-07-14,2026-09-13,2026-09-18,572,572,0,Late
SHP-0006173,SUP-052,PRD-00090,2022-09-06,2022-09-16,2022-09-19,1300,1300,0,Delivered
SHP-0006174,SUP-005,PRD-00097,2021-05-02,2021-05-24,2021-05-30,995,986,9,Delivered
SHP-0006175,SUP-039,PRD-00398,2021-05-12,2021-05-25,2021-05-26,1098,1098,0,Delivered
SHP-0006176,SUP-027,PRD-00367,2020-04-03,2020-04-19,2020-04-19,103,102,1,Delivered
SHP-0006177,SUP-012,PRD-00629,2025-02-14,2025-03-05,2025-03-05,597,597,0,Delivered
SHP-0006178,SUP-044,PRD-00116,2025-04-09,2025-04-25,2025-04-25,695,695,0,Late
SHP-0006179,SUP-022,PRD-00627,2025-12-02,2025-12-18,2025-12-21,1241,1241,0,Delivered
SHP-0006180,SUP-045,PRD-00048,2025-02-11,2025-04-07,2025-04-09,698,698,0,Delivered
SHP-0006181,SUP-039,PRD-00079,2023-09-11,2023-10-03,2023-10-04,418,418,0,Delivered
SHP-0006182,SUP-039,PRD-00273,2023-03-24,2023-04-02,2023-04-06,92,92,0,Delivered
SHP-0006183,SUP-034,PRD-00613,2024-09-30,2024-10-07,2024-10-18,1406,1406,0,Delivered
SHP-0006184,SUP-031,PRD-00155,2023-09-18,2023-10-28,2023-10-28,454,454,0,Late
SHP-0006185,SUP-069,PRD-00463,2023-12-21,2023-12-26,2024-01-10,557,513,44,Late
SHP-0006186,SUP-055,PRD-00044,2023-09-23,2023-09-29,2023-10-05,582,582,0,Delivered
SHP-0006187,SUP-069,PRD-00888,2020-03-08,2020-03-17,2020-03-17,198,198,0,Delivered
SHP-0006188,SUP-053,PRD-00544,2021-07-17,2021-07-28,2021-07-28,1043,728,7,Partial
SHP-0006189,SUP-049,PRD-00484,2020-02-18,2020-03-11,2020-03-11,657,657,0,Delivered
SHP-0006190,SUP-046,PRD-00879,2023-03-29,2023-04-20,2023-04-20,744,744,0,Late
SHP-0006191,SUP-041,PRD-00493,2020-10-13,2020-11-17,2020-11-17,54,54,0,Delivered
SHP-0006192,SUP-063,PRD-00722,2021-10-07,2021-10-22,2021-10-22,409,409,0,Delivered
SHP-0006193,SUP-023,PRD-00748,2025-04-19,2025-05-17,2025-05-17,555,555,0,Delivered
SHP-0006194,SUP-004,PRD-00534,2021-07-11,2021-07-28,2021-07-28,681,661,20,Delivered
SHP-0006195,SUP-046,PRD-00171,2026-04-11,2026-04-26,2026-04-26,758,758,0,Delivered
SHP-0006196,SUP-015,PRD-00508,2024-08-14,2024-08-23,2024-08-28,716,676,0,Partial
SHP-0006197,SUP-037,PRD-00313,2022-11-24,2022-12-06,2022-12-12,789,789,0,Delivered
SHP-0006198,SUP-049,PRD-00021,2025-06-26,2025-07-04,2025-07-04,382,379,3,Delivered
SHP-0006199,SUP-024,PRD-00403,2024-10-15,2024-11-03,2024-11-07,793,793,0,Delivered
SHP-0006200,SUP-039,PRD-00459,2023-08-21,2023-08-30,2023-09-05,1220,1208,12,Delivered
SHP-0006201,SUP-063,PRD-00065,2022-05-10,2022-05-20,2022-06-03,1066,1056,10,Delivered
SHP-0006202,SUP-059,PRD-00774,2021-06-04,2021-06-23,2021-06-25,557,552,5,Delivered
SHP-0006203,SUP-051,PRD-00734,2022-09-27,2022-10-21,2022-11-06,993,993,0,Late
SHP-0006204,SUP-005,PRD-00348,2026-07-11,2026-07-27,2026-07-27,799,799,0,Delivered
SHP-0006205,SUP-070,PRD-00494,2023-01-19,2023-02-04,2023-02-11,406,406,0,Delivered
SHP-0006206,SUP-061,PRD-00395,2024-03-28,2024-04-16,2024-04-24,91,91,0,Delivered
SHP-0006207,SUP-042,PRD-00526,2023-12-16,2024-01-05,2024-01-05,176,176,0,Delivered
SHP-0006208,SUP-006,PRD-00278,2021-10-13,2021-10-29,2021-10-29,850,631,0,Partial
SHP-0006209,SUP-015,PRD-00501,2025-10-24,2025-11-15,2025-11-21,920,920,0,Delivered
SHP-0006210,SUP-038,PRD-00121,2022-12-15,2022-12-20,2023-01-02,68,68,0,Delivered
SHP-0006211,SUP-028,PRD-00370,2020-03-01,2020-03-16,2020-03-16,1377,1364,13,Late
SHP-0006212,SUP-024,PRD-00840,2021-04-14,2021-04-27,2021-05-02,151,151,0,Delivered
SHP-0006213,SUP-066,PRD-00620,2023-10-20,2023-12-18,2023-12-22,1097,1097,0,Delivered
SHP-0006214,SUP-061,PRD-00612,2025-12-12,2025-12-28,2026-01-02,439,439,0,Delivered
SHP-0006215,SUP-030,PRD-00359,2024-07-11,2024-07-21,2024-07-21,967,967,0,Delivered
SHP-0006216,SUP-033,PRD-00136,2024-02-18,2024-04-26,2024-04-30,186,186,0,Late
SHP-0006217,SUP-067,PRD-00686,2021-08-06,2021-08-30,2021-09-09,638,638,0,Delivered
SHP-0006218,SUP-004,PRD-00440,2022-04-01,2022-04-22,2022-04-22,1296,1284,12,Delivered
SHP-0006219,SUP-004,PRD-00026,2022-03-15,2022-04-07,2022-04-07,74,51,0,Partial
SHP-0006220,SUP-066,PRD-00606,2025-06-24,2025-06-29,2025-07-03,1123,1123,0,Delivered
SHP-0006221,SUP-018,PRD-00381,2025-03-07,2025-03-13,2025-03-15,1461,1461,0,Delivered
SHP-0006222,SUP-066,PRD-00606,2026-01-09,2026-02-06,2026-02-11,1405,1391,14,Delivered
SHP-0006223,SUP-014,PRD-00406,2024-11-05,2024-12-19,2024-12-19,973,973,0,Delivered
SHP-0006224,SUP-070,PRD-00708,2021-10-19,2021-11-03,2021-11-07,307,307,0,Delivered
SHP-0006225,SUP-065,PRD-00754,2024-09-13,2024-10-21,2024-10-21,1190,1190,0,Delivered
SHP-0006226,SUP-057,PRD-00218,2020-07-01,2020-07-24,2020-08-01,1043,1033,10,Delivered
SHP-0006227,SUP-037,PRD-00323,2022-03-04,2022-03-11,2022-03-19,492,492,0,Delivered
SHP-0006228,SUP-032,PRD-00551,2021-06-17,2021-07-21,2021-07-28,1420,1420,0,Delivered
SHP-0006229,SUP-038,PRD-00134,2025-03-17,2025-03-23,2025-03-24,1334,1334,0,Delivered
SHP-0006230,SUP-066,PRD-00620,2022-10-17,2022-11-06,2022-11-14,1221,1221,0,Late
SHP-0006231,SUP-013,PRD-00597,2022-08-17,2022-09-02,2022-09-05,451,451,0,Delivered
SHP-0006232,SUP-046,PRD-00171,2022-11-27,2022-12-10,2022-12-14,844,741,7,Partial
SHP-0006233,SUP-030,PRD-00522,2023-07-27,2023-08-06,2023-08-10,905,905,0,Late
SHP-0006234,SUP-001,PRD-00084,2025-06-22,2025-07-01,2025-07-12,1092,1060,32,Delivered
SHP-0006235,SUP-040,PRD-00052,2022-03-16,2022-03-21,2022-03-21,1233,1233,0,Delivered
SHP-0006236,SUP-001,PRD-00479,2020-09-22,2020-10-02,2020-10-02,292,292,0,Delivered
SHP-0006237,SUP-039,PRD-00829,2023-02-07,2023-02-26,,750,525,0,Partial
SHP-0006238,SUP-020,PRD-00844,2021-10-26,2022-01-01,2022-01-09,673,653,20,Delivered
SHP-0006239,SUP-057,PRD-00100,2020-06-16,2020-06-28,2020-07-05,766,766,0,Delivered
SHP-0006240,SUP-067,PRD-00760,2025-03-01,2025-03-08,2025-03-11,371,371,0,Late
SHP-0006241,SUP-029,PRD-00480,2024-10-23,2024-11-05,2024-11-11,525,483,42,Delivered
SHP-0006242,SUP-055,PRD-00639,2025-08-21,2025-09-06,2025-09-07,1432,1432,0,Late
SHP-0006243,SUP-059,PRD-00689,2024-08-01,2024-08-06,2024-08-12,1365,1352,13,Delivered
SHP-0006244,SUP-007,PRD-00362,2024-11-04,2025-01-03,2025-01-08,924,924,0,Late
SHP-0006245,SUP-003,PRD-00750,2024-08-14,2024-09-20,2024-09-21,70,68,2,Delivered
SHP-0006246,SUP-063,PRD-00861,2021-11-12,2021-12-02,2021-12-05,978,978,0,Delivered
SHP-0006247,SUP-053,PRD-00099,2025-07-21,2025-08-03,2025-08-03,1161,1161,0,Late
SHP-0006248,SUP-041,PRD-00420,2023-01-22,2023-02-04,2023-02-07,750,750,0,Delivered
SHP-0006249,SUP-009,PRD-00568,2022-03-29,2022-05-20,2022-05-30,1234,1234,0,Delivered
SHP-0006250,SUP-006,PRD-00713,2026-03-18,2026-04-03,2026-04-25,1139,1139,0,Delivered
SHP-0006251,SUP-049,PRD-00574,2024-06-26,2024-07-07,2024-07-09,216,199,17,Late
SHP-0006252,SUP-025,PRD-00646,2026-04-27,2026-07-01,2026-07-09,729,729,0,Delivered
SHP-0006253,SUP-052,PRD-00497,2023-07-11,2023-08-01,2023-08-05,727,727,0,Late
SHP-0006254,SUP-028,PRD-00152,2022-07-31,2022-08-12,2022-08-14,964,964,0,Delivered
SHP-0006255,SUP-025,PRD-00883,2025-01-25,2025-03-24,,215,172,0,Partial
SHP-0006256,SUP-040,PRD-00201,2021-10-01,2021-10-25,2021-10-25,1097,1097,0,Delivered
SHP-0006257,SUP-054,PRD-00694,2020-05-05,2020-05-15,2020-05-15,600,600,0,Delivered
SHP-0006258,SUP-070,PRD-00721,2024-03-09,2024-03-30,2024-04-02,320,320,0,Delivered
SHP-0006259,SUP-045,PRD-00347,2025-10-16,2025-11-29,2025-12-06,107,104,3,Late
SHP-0006260,SUP-066,PRD-00654,2022-06-07,2022-08-02,2022-08-03,135,135,0,Delivered
SHP-0006261,SUP-030,PRD-00728,2024-06-11,2024-06-30,2024-06-30,247,247,0,Delivered
SHP-0006262,SUP-030,PRD-00864,2023-01-20,2023-02-07,2023-02-08,569,569,0,Delivered
SHP-0006263,SUP-065,PRD-00754,2020-04-11,2020-05-31,2020-06-06,658,658,0,Delivered
SHP-0006264,SUP-042,PRD-00443,2024-01-30,2024-04-13,2024-04-13,89,80,2,Partial
SHP-0006265,SUP-035,PRD-00059,2022-10-26,2022-11-09,2022-11-12,1393,1393,0,Delivered
SHP-0006266,SUP-003,PRD-00750,2020-10-29,2020-12-11,2020-12-12,1289,1289,0,Delivered
SHP-0006267,SUP-009,PRD-00757,2023-12-19,2024-01-10,2024-01-10,1478,1464,14,Delivered
SHP-0006268,SUP-025,PRD-00883,2021-08-06,2021-09-30,2021-10-05,1047,1047,0,Delivered
SHP-0006269,SUP-012,PRD-00150,2023-10-26,2023-10-31,2023-10-31,884,876,8,Delivered
SHP-0006270,SUP-032,PRD-00049,2023-11-24,2023-12-27,2023-12-27,1338,1338,0,Delivered
SHP-0006271,SUP-044,PRD-00626,2020-07-01,2020-07-20,2020-07-24,1271,1047,0,Partial
SHP-0006272,SUP-027,PRD-00758,2025-05-04,2025-05-18,2025-05-24,830,764,66,Delivered
SHP-0006273,SUP-032,PRD-00122,2026-06-24,2026-07-04,2026-07-04,304,304,0,Delivered
SHP-0006274,SUP-035,PRD-00464,2026-07-23,2026-08-13,2026-08-13,159,159,0,Late
SHP-0006275,SUP-028,PRD-00471,2022-01-20,2022-02-09,2022-02-09,1371,1330,41,Delivered
SHP-0006276,SUP-037,PRD-00809,2022-09-21,2022-10-15,2022-10-15,751,751,0,Delivered
SHP-0006277,SUP-044,PRD-00297,2020-09-16,2020-10-06,2020-10-15,508,508,0,Delivered
SHP-0006278,SUP-056,PRD-00429,2022-12-29,2023-01-17,2023-01-23,463,459,4,Late
SHP-0006279,SUP-005,PRD-00355,2022-11-12,2022-12-03,2022-12-04,522,522,0,Delivered
SHP-0006280,SUP-049,PRD-00807,2022-09-26,2022-10-16,2022-10-16,1257,1220,37,Late
SHP-0006281,SUP-001,PRD-00886,2022-07-12,2022-07-22,2022-07-25,700,700,0,Delivered
SHP-0006282,SUP-032,PRD-00030,2025-12-29,2026-02-01,2026-02-08,1481,1481,0,Delivered
SHP-0006283,SUP-005,PRD-00230,2020-02-19,2020-03-05,2020-03-05,1400,1400,0,Delivered
SHP-0006284,SUP-049,PRD-00651,2024-06-22,2024-07-07,2024-07-07,1114,1103,11,Delivered
SHP-0006285,SUP-039,PRD-00200,2021-05-24,2021-06-17,2021-06-17,586,586,0,Delivered
SHP-0006286,SUP-050,PRD-00106,2020-05-31,2020-08-06,2020-08-06,1341,1341,0,Delivered
SHP-0006287,SUP-036,PRD-00162,2020-11-20,2021-02-01,2021-02-01,1445,1445,0,Delivered
SHP-0006288,SUP-063,PRD-00741,2022-07-06,2022-07-25,2022-07-25,874,874,0,Delivered
SHP-0006289,SUP-050,PRD-00775,2024-10-27,2024-12-17,2024-12-19,296,294,2,Delivered
SHP-0006290,SUP-048,PRD-00779,2023-06-21,2023-07-09,2023-07-15,924,623,0,Partial
SHP-0006291,SUP-001,PRD-00346,2021-03-28,2021-04-03,2021-04-03,205,205,0,Delivered
SHP-0006292,SUP-054,PRD-00349,2020-04-11,2020-04-17,2020-04-28,1085,1085,0,Delivered
SHP-0006293,SUP-025,PRD-00554,2023-04-24,2023-05-02,2023-05-02,1368,1368,0,Delivered
SHP-0006294,SUP-052,PRD-00497,2024-02-05,2024-02-10,2024-02-21,1127,1127,0,Delivered
SHP-0006295,SUP-057,PRD-00181,2026-01-28,2026-02-04,2026-02-04,326,326,0,Delivered
SHP-0006296,SUP-020,PRD-00167,2023-01-25,2023-02-08,2023-02-14,198,185,0,Partial
SHP-0006297,SUP-029,PRD-00549,2022-10-11,2022-11-02,2022-11-02,1138,1138,0,Delivered
SHP-0006298,SUP-004,PRD-00440,2020-11-15,2020-11-27,2020-12-14,1135,1135,0,Delivered
SHP-0006299,SUP-033,PRD-00125,2020-01-11,2020-01-23,2020-01-23,1395,1395,0,Delivered
SHP-0006300,SUP-001,PRD-00084,2024-04-25,2024-05-10,2024-05-10,522,507,15,Delivered
SHP-0006301,SUP-039,PRD-00516,2024-03-10,2024-03-19,2024-03-26,814,814,0,Delivered
SHP-0006302,SUP-066,PRD-00533,2023-09-27,2023-10-20,2023-10-20,603,603,0,Delivered
SHP-0006303,SUP-050,PRD-00106,2020-05-12,2020-06-10,2020-06-15,275,273,2,Delivered
SHP-0006304,SUP-067,PRD-00261,2021-03-16,2021-03-21,2021-03-21,1207,1207,0,Delivered
SHP-0006305,SUP-067,PRD-00656,2021-03-12,2021-04-04,2021-04-04,594,589,5,Delivered
SHP-0006306,SUP-055,PRD-00639,2022-01-29,2022-02-21,2022-02-21,413,413,0,Delivered
SHP-0006307,SUP-059,PRD-00689,2024-06-01,2024-06-15,2024-06-22,752,583,0,Partial
SHP-0006308,SUP-059,PRD-00159,2021-12-29,2022-01-15,2022-01-20,529,529,0,Delivered
SHP-0006309,SUP-044,PRD-00116,2026-06-02,2026-06-12,2026-06-23,1375,1375,0,Delivered
SHP-0006310,SUP-018,PRD-00223,2025-06-01,2025-06-22,2025-06-23,1158,1158,0,Delivered
SHP-0006311,SUP-034,PRD-00045,2022-03-28,2022-04-05,2022-04-06,514,514,0,Delivered
SHP-0006312,SUP-022,PRD-00450,2021-06-19,2021-06-28,2021-06-28,356,356,0,Late
SHP-0006313,SUP-007,PRD-00491,2024-01-11,2024-03-24,2024-03-24,257,255,2,Delivered
SHP-0006314,SUP-059,PRD-00163,2025-11-22,2025-12-03,2025-12-06,528,528,0,Late
SHP-0006315,SUP-053,PRD-00529,2025-12-04,2025-12-17,2025-12-25,1391,1391,0,Delivered
SHP-0006316,SUP-029,PRD-00586,2026-01-07,2026-01-16,2026-01-28,198,193,5,Delivered
SHP-0006317,SUP-008,PRD-00281,2023-07-23,2023-09-19,2023-10-02,1461,1461,0,Delivered
SHP-0006318,SUP-029,PRD-00586,2026-07-08,2026-07-21,2026-07-21,223,221,2,Delivered
SHP-0006319,SUP-030,PRD-00359,2025-08-15,2025-09-07,2025-09-07,1091,1081,10,Delivered
SHP-0006320,SUP-053,PRD-00570,2024-09-14,2024-09-22,2024-10-04,91,91,0,Delivered
SHP-0006321,SUP-026,PRD-00010,2020-10-27,2020-11-19,2020-12-08,147,147,0,Delivered
SHP-0006322,SUP-003,PRD-00768,2021-05-08,2021-06-10,2021-06-10,1071,1071,0,Delivered
SHP-0006323,SUP-017,PRD-00638,2025-01-12,2025-02-02,2025-02-02,388,388,0,Delivered
SHP-0006324,SUP-063,PRD-00671,2025-06-17,2025-06-29,2025-07-04,1099,1089,10,Delivered
SHP-0006325,SUP-021,PRD-00702,2022-05-27,2022-07-17,2022-07-26,556,556,0,Delivered
SHP-0006326,SUP-044,PRD-00481,2026-06-12,2026-07-01,2026-07-01,1439,1439,0,Delivered
SHP-0006327,SUP-026,PRD-00557,2023-12-15,2023-12-21,2023-12-21,1069,1037,32,Delivered
SHP-0006328,SUP-028,PRD-00865,2024-01-04,2024-01-09,2024-01-09,725,725,0,Delivered
SHP-0006329,SUP-064,PRD-00795,2025-03-27,2025-04-09,2025-04-16,1315,1315,0,Delivered
SHP-0006330,SUP-032,PRD-00509,2022-07-03,2022-09-01,2022-09-15,1126,1115,11,Delivered
SHP-0006331,SUP-041,PRD-00663,2021-07-14,2021-07-26,2021-08-07,1207,1207,0,Late
SHP-0006332,SUP-027,PRD-00758,2020-02-14,2020-02-22,2020-02-26,120,120,0,Delivered
SHP-0006333,SUP-047,PRD-00257,2021-06-06,2021-08-01,2021-08-03,319,319,0,Delivered
SHP-0006334,SUP-010,PRD-00189,2020-06-19,2020-07-27,2020-08-01,1269,1269,0,Delivered
SHP-0006335,SUP-014,PRD-00437,2023-07-25,2023-09-25,2023-09-27,418,418,0,Delivered
SHP-0006336,SUP-013,PRD-00435,2022-05-09,2022-06-02,2022-06-02,1028,1028,0,Delivered
SHP-0006337,SUP-010,PRD-00482,2021-03-01,2021-04-23,2021-04-23,1347,1347,0,Delivered
SHP-0006338,SUP-022,PRD-00454,2026-07-13,2026-08-02,2026-08-02,1389,1389,0,Delivered
SHP-0006339,SUP-049,PRD-00618,2025-04-22,2025-05-04,2025-05-09,598,551,47,Delivered
SHP-0006340,SUP-017,PRD-00050,2022-10-28,2022-11-10,2022-11-25,377,374,3,Delivered
SHP-0006341,SUP-011,PRD-00523,2025-09-11,2025-09-28,2025-10-10,695,695,0,Delivered
SHP-0006342,SUP-046,PRD-00389,2026-04-30,2026-05-18,2026-05-18,763,763,0,Delivered
SHP-0006343,SUP-006,PRD-00690,2026-03-10,2026-03-30,2026-03-30,1269,1269,0,Delivered
SHP-0006344,SUP-047,PRD-00057,2022-05-03,2022-07-14,2022-07-14,1029,1019,10,Late
SHP-0006345,SUP-023,PRD-00123,2020-04-14,2020-06-04,2020-06-04,1165,1165,0,Delivered
SHP-0006346,SUP-063,PRD-00671,2023-06-21,2023-06-29,2023-06-29,602,602,0,Late
SHP-0006347,SUP-030,PRD-00766,2024-08-10,2024-08-18,2024-08-31,650,650,0,Delivered
SHP-0006348,SUP-022,PRD-00485,2020-04-25,2020-05-15,2020-05-20,815,815,0,Delivered
SHP-0006349,SUP-055,PRD-00044,2024-05-08,2024-06-30,2024-06-30,488,488,0,Delivered
SHP-0006350,SUP-023,PRD-00748,2025-05-20,2025-05-25,2025-05-25,278,233,0,Partial
SHP-0006351,SUP-027,PRD-00784,2026-02-08,2026-02-15,2026-02-18,1248,1248,0,Delivered
SHP-0006352,SUP-063,PRD-00861,2023-11-19,2023-11-24,2023-12-04,1293,1293,0,Delivered
SHP-0006353,SUP-068,PRD-00238,2023-02-21,2023-03-04,2023-03-04,427,427,0,Delivered
SHP-0006354,SUP-062,PRD-00385,2025-12-19,2026-02-03,2026-02-11,210,210,0,Delivered
SHP-0006355,SUP-054,PRD-00604,2020-02-29,2020-03-16,2020-03-16,1105,1105,0,Delivered
SHP-0006356,SUP-058,PRD-00158,2025-08-20,2025-10-10,2025-10-15,1272,1260,12,Delivered
SHP-0006357,SUP-032,PRD-00049,2024-03-28,2024-05-12,2024-05-12,1395,1382,13,Delivered
SHP-0006358,SUP-001,PRD-00346,2020-11-06,2020-11-26,2020-11-26,92,92,0,Delivered
SHP-0006359,SUP-034,PRD-00156,2021-04-12,2021-05-06,2021-05-13,313,304,9,Delivered
SHP-0006360,SUP-041,PRD-00636,2025-05-08,2025-07-13,2025-07-15,1255,1243,12,Late
SHP-0006361,SUP-061,PRD-00322,2025-02-09,2025-02-22,2025-02-22,312,312,0,Late
SHP-0006362,SUP-068,PRD-00641,2026-04-21,2026-05-02,2026-05-02,801,801,0,Delivered
SHP-0006363,SUP-021,PRD-00830,2022-06-30,2022-08-26,2022-09-06,1261,1261,0,Delivered
SHP-0006364,SUP-039,PRD-00079,2020-02-06,2020-02-13,2020-02-13,1105,1105,0,Delivered
SHP-0006365,SUP-039,PRD-00108,2024-10-27,2024-11-16,2024-11-20,521,521,0,Delivered
SHP-0006366,SUP-037,PRD-00834,2025-12-16,2025-12-28,2025-12-28,302,302,0,Delivered
SHP-0006367,SUP-026,PRD-00697,2020-04-03,2020-04-23,2020-05-07,1441,1441,0,Delivered
SHP-0006368,SUP-026,PRD-00697,2022-07-10,2022-07-28,2022-07-28,410,410,0,Late
SHP-0006369,SUP-027,PRD-00615,2020-03-25,2020-04-15,2020-04-18,993,984,9,Delivered
SHP-0006370,SUP-067,PRD-00653,2025-10-06,2025-10-16,2025-10-18,1324,1311,13,Delivered
SHP-0006371,SUP-035,PRD-00457,2022-09-19,2022-10-12,2022-10-15,536,531,5,Delivered
SHP-0006372,SUP-039,PRD-00446,2024-09-22,2024-10-14,2024-10-14,1482,1438,44,Delivered
SHP-0006373,SUP-052,PRD-00390,2026-01-27,2026-02-10,2026-02-15,466,466,0,Delivered
SHP-0006374,SUP-049,PRD-00869,2026-06-18,2026-07-12,2026-07-15,125,125,0,Delivered
SHP-0006375,SUP-031,PRD-00492,2026-04-13,2026-06-17,2026-06-24,853,853,0,Late
SHP-0006376,SUP-021,PRD-00657,2022-06-27,2022-07-22,2022-08-01,327,327,0,Delivered
SHP-0006377,SUP-038,PRD-00703,2022-05-03,2022-05-27,2022-05-27,1325,1247,37,Partial
SHP-0006378,SUP-061,PRD-00612,2025-08-10,2025-08-29,2025-09-05,333,333,0,Delivered
SHP-0006379,SUP-051,PRD-00401,2024-10-28,2024-11-15,2024-11-15,467,430,37,Delivered
SHP-0006380,SUP-025,PRD-00646,2021-07-03,2021-08-27,2021-08-29,713,713,0,Delivered
SHP-0006381,SUP-044,PRD-00175,2025-09-29,2025-10-09,2025-10-09,924,924,0,Delivered
SHP-0006382,SUP-044,PRD-00178,2023-11-23,2023-12-09,2023-12-16,222,222,0,Delivered
SHP-0006383,SUP-003,PRD-00397,2021-10-15,2021-10-23,2021-10-23,409,405,4,Delivered
SHP-0006384,SUP-049,PRD-00187,2025-09-22,2025-10-07,2025-10-16,1366,1366,0,Late
SHP-0006385,SUP-066,PRD-00620,2022-12-08,2023-01-16,2023-01-27,585,585,0,Delivered
SHP-0006386,SUP-021,PRD-00561,2025-12-18,2026-01-14,2026-01-14,1173,1138,35,Delivered
SHP-0006387,SUP-061,PRD-00616,2020-10-08,2020-10-18,2020-10-18,1152,1152,0,Delivered
SHP-0006388,SUP-030,PRD-00111,2025-10-24,2025-11-08,2025-11-17,1282,1282,0,Delivered
SHP-0006389,SUP-048,PRD-00469,2021-07-29,2021-08-16,2021-08-26,928,928,0,Delivered
SHP-0006390,SUP-014,PRD-00669,2023-12-13,2024-02-21,2024-02-21,1274,1274,0,Delivered
SHP-0006391,SUP-046,PRD-00562,2025-05-23,2025-06-08,2025-06-10,1115,1115,0,Delivered
SHP-0006392,SUP-010,PRD-00482,2025-07-27,2025-10-04,2025-10-04,227,225,2,Delivered
SHP-0006393,SUP-004,PRD-00581,2021-12-26,2022-01-13,2022-01-17,244,244,0,Delivered
SHP-0006394,SUP-049,PRD-00222,2020-01-01,2020-01-10,2020-01-16,910,910,0,Delivered
SHP-0006395,SUP-039,PRD-00516,2020-01-17,2020-02-08,2020-02-17,782,782,0,Late
SHP-0006396,SUP-006,PRD-00005,2025-06-26,2025-07-06,2025-07-17,1361,1361,0,Delivered
SHP-0006397,SUP-041,PRD-00451,2021-12-06,2022-02-07,2022-02-11,577,577,0,Delivered
SHP-0006398,SUP-034,PRD-00156,2025-11-19,2025-12-07,2025-12-07,447,447,0,Delivered
SHP-0006399,SUP-024,PRD-00823,2026-04-28,2026-05-20,2026-05-20,264,264,0,Delivered
SHP-0006400,SUP-070,PRD-00396,2024-01-01,2024-01-06,2024-01-08,1369,1328,41,Delivered
SHP-0006401,SUP-030,PRD-00522,2024-02-17,2024-02-29,2024-03-06,464,316,3,Partial
SHP-0006402,SUP-061,PRD-00612,2022-08-09,2022-08-29,2022-09-08,1461,1461,0,Delivered
SHP-0006403,SUP-048,PRD-00258,2024-12-08,2024-12-14,2024-12-14,674,654,20,Delivered
SHP-0006404,SUP-001,PRD-00783,2022-07-06,2022-07-17,2022-07-17,939,939,0,Delivered
SHP-0006405,SUP-068,PRD-00183,2023-06-08,2023-06-18,2023-06-20,1442,1327,115,Delivered
SHP-0006406,SUP-058,PRD-00032,2026-02-05,2026-02-15,2026-02-15,1294,1282,12,Delivered
SHP-0006407,SUP-017,PRD-00344,2022-01-28,2022-02-20,2022-02-20,319,319,0,Delivered
SHP-0006408,SUP-039,PRD-00398,2022-10-21,2022-11-02,2022-11-02,1243,1243,0,Delivered
SHP-0006409,SUP-008,PRD-00521,2021-11-26,2022-01-12,2022-01-21,431,431,0,Delivered
SHP-0006410,SUP-020,PRD-00510,2024-02-03,2024-04-17,2024-04-18,282,280,2,Late
SHP-0006411,SUP-048,PRD-00147,2024-02-09,2024-02-21,2024-02-24,70,70,0,Delivered
SHP-0006412,SUP-056,PRD-00856,2026-07-13,2026-07-26,2026-07-26,975,966,9,Late
SHP-0006413,SUP-059,PRD-00329,2021-04-03,2021-04-18,2021-04-23,427,423,4,Late
SHP-0006414,SUP-054,PRD-00107,2025-11-10,2025-11-15,2025-11-22,58,58,0,Delivered
SHP-0006415,SUP-006,PRD-00294,2023-10-20,2023-10-27,2023-10-28,1141,1141,0,Late
SHP-0006416,SUP-044,PRD-00481,2020-01-29,2020-02-09,2020-02-12,732,732,0,Late
SHP-0006417,SUP-012,PRD-00732,2024-09-25,2024-10-16,2024-10-28,1096,1064,32,Delivered
SHP-0006418,SUP-060,PRD-00282,2024-04-08,2024-04-30,2024-05-07,676,676,0,Delivered
SHP-0006419,SUP-001,PRD-00346,2023-02-13,2023-02-28,2023-03-08,1152,1118,34,Delivered
SHP-0006420,SUP-066,PRD-00255,2024-12-22,2025-03-03,2025-03-03,498,494,4,Late
SHP-0006421,SUP-054,PRD-00604,2021-11-28,2021-12-04,2021-12-26,672,672,0,Delivered
SHP-0006422,SUP-046,PRD-00170,2025-10-17,2025-10-30,2025-10-30,1151,1151,0,Delivered
SHP-0006423,SUP-027,PRD-00462,2025-12-28,2026-01-06,2026-01-12,377,338,0,Partial
SHP-0006424,SUP-013,PRD-00890,2020-03-09,2020-03-21,2020-03-23,448,448,0,Delivered
SHP-0006425,SUP-058,PRD-00747,2022-01-09,2022-03-06,2022-03-10,113,113,0,Delivered
SHP-0006426,SUP-041,PRD-00420,2022-07-16,2022-09-06,2022-09-07,314,314,0,Delivered
SHP-0006427,SUP-062,PRD-00815,2025-07-05,2025-08-31,2025-09-10,753,753,0,Late
SHP-0006428,SUP-045,PRD-00274,2025-01-26,2025-03-06,2025-03-11,799,799,0,Delivered
SHP-0006429,SUP-033,PRD-00051,2026-06-28,2026-08-30,2026-09-08,1001,991,10,Delivered
SHP-0006430,SUP-013,PRD-00375,2022-01-17,2022-01-30,2022-02-02,822,822,0,Late
SHP-0006431,SUP-011,PRD-00391,2024-01-26,2024-02-19,2024-02-20,1170,1170,0,Delivered
SHP-0006432,SUP-025,PRD-00796,2026-08-01,2026-09-07,2026-09-08,510,505,5,Delivered
SHP-0006433,SUP-036,PRD-00162,2020-09-23,2020-11-05,2020-11-05,821,821,0,Delivered
SHP-0006434,SUP-066,PRD-00298,2024-08-12,2024-08-26,2024-08-28,1237,1237,0,Delivered
SHP-0006435,SUP-054,PRD-00896,2021-12-04,2021-12-23,2021-12-29,1466,1452,14,Delivered
SHP-0006436,SUP-012,PRD-00460,2023-05-26,2023-06-16,2023-06-22,78,72,6,Delivered
SHP-0006437,SUP-013,PRD-00831,2020-09-01,2020-09-13,2020-09-23,1143,1143,0,Late
SHP-0006438,SUP-016,PRD-00730,2021-06-17,2021-06-29,2021-06-29,666,666,0,Delivered
SHP-0006439,SUP-057,PRD-00133,2023-09-23,2023-10-10,2023-10-10,627,621,6,Delivered
SHP-0006440,SUP-044,PRD-00666,2023-07-28,2023-08-07,2023-08-07,811,811,0,Delivered
SHP-0006441,SUP-056,PRD-00094,2022-07-24,2022-08-12,2022-08-12,548,548,0,Delivered
SHP-0006442,SUP-023,PRD-00242,2022-02-09,2022-02-22,2022-02-26,855,830,25,Delivered
SHP-0006443,SUP-047,PRD-00057,2026-06-26,2026-08-20,2026-08-20,571,571,0,Delivered
SHP-0006444,SUP-048,PRD-00202,2020-06-01,2020-06-14,2020-06-24,219,219,0,Delivered
SHP-0006445,SUP-058,PRD-00231,2023-11-07,2023-11-24,2023-11-24,1143,1143,0,Delivered
SHP-0006446,SUP-062,PRD-00674,2022-01-23,2022-02-14,2022-02-14,961,952,9,Delivered
SHP-0006447,SUP-058,PRD-00755,2026-04-26,2026-05-31,2026-06-02,134,134,0,Delivered
SHP-0006448,SUP-020,PRD-00579,2025-09-09,2025-11-01,2025-11-11,97,89,0,Partial
SHP-0006449,SUP-047,PRD-00797,2024-10-03,2024-12-08,2024-12-18,971,962,9,Late
SHP-0006450,SUP-007,PRD-00609,2025-10-30,2025-11-25,2025-12-04,1477,1477,0,Delivered
SHP-0006451,SUP-060,PRD-00514,2025-11-13,2025-11-25,2025-11-28,512,512,0,Delivered
SHP-0006452,SUP-054,PRD-00339,2022-09-09,2022-09-19,2022-09-19,854,854,0,Delivered
SHP-0006453,SUP-009,PRD-00672,2026-01-27,2026-03-17,2026-03-19,1236,1236,0,Delivered
SHP-0006454,SUP-012,PRD-00470,2021-04-22,2021-05-06,2021-05-15,1419,1419,0,Delivered
SHP-0006455,SUP-047,PRD-00207,2022-02-08,2022-02-20,2022-02-21,842,842,0,Delivered
SHP-0006456,SUP-019,PRD-00867,2022-04-26,2022-05-05,2022-05-08,1158,1073,0,Partial
SHP-0006457,SUP-023,PRD-00810,2024-03-12,2024-05-24,2024-05-24,914,914,0,Delivered
SHP-0006458,SUP-062,PRD-00815,2024-02-09,2024-03-15,2024-03-15,485,485,0,Delivered
SHP-0006459,SUP-033,PRD-00781,2024-09-25,2024-11-20,2024-12-02,779,592,0,Partial
SHP-0006460,SUP-011,PRD-00340,2022-10-09,2022-10-22,2022-10-29,975,975,0,Delivered
SHP-0006461,SUP-006,PRD-00294,2020-07-24,2020-07-29,2020-08-09,726,668,58,Delivered
SHP-0006462,SUP-008,PRD-00281,2021-02-16,2021-03-20,2021-03-23,265,263,2,Late
SHP-0006463,SUP-053,PRD-00383,2023-02-14,2023-03-10,2023-03-23,973,973,0,Delivered
SHP-0006464,SUP-014,PRD-00655,2024-11-26,2024-12-23,2024-12-31,809,809,0,Delivered
SHP-0006465,SUP-061,PRD-00067,2021-09-11,2021-10-01,2021-10-07,56,56,0,Late
SHP-0006466,SUP-026,PRD-00275,2026-07-15,2026-08-06,2026-08-18,1443,1129,11,Partial
SHP-0006467,SUP-047,PRD-00138,2020-04-04,2020-05-17,2020-05-29,763,741,22,Delivered
SHP-0006468,SUP-048,PRD-00221,2024-04-01,2024-04-06,2024-04-14,1499,1499,0,Delivered
SHP-0006469,SUP-031,PRD-00611,2025-09-23,2025-10-21,2025-10-29,366,363,3,Delivered
SHP-0006470,SUP-014,PRD-00483,2021-08-28,2021-10-21,2021-11-10,1475,1431,44,Late
SHP-0006471,SUP-035,PRD-00059,2025-11-11,2025-11-19,2025-11-27,186,185,1,Delivered
SHP-0006472,SUP-033,PRD-00232,2021-05-17,2021-06-05,2021-06-06,1359,1359,0,Delivered
SHP-0006473,SUP-045,PRD-00566,2020-12-15,2021-01-28,2021-01-28,587,587,0,Delivered
SHP-0006474,SUP-062,PRD-00788,2025-09-10,2025-10-31,2025-11-16,1323,1323,0,Late
SHP-0006475,SUP-040,PRD-00478,2023-10-11,2023-10-31,2023-11-05,1105,1105,0,Delivered
SHP-0006476,SUP-018,PRD-00603,2025-10-03,2025-10-19,2025-10-26,859,834,25,Delivered
SHP-0006477,SUP-023,PRD-00891,2022-06-04,2022-07-21,2022-07-21,923,923,0,Delivered
SHP-0006478,SUP-031,PRD-00102,2024-12-20,2025-02-11,2025-02-13,213,213,0,Late
SHP-0006479,SUP-036,PRD-00173,2024-07-24,2024-09-15,2024-09-20,686,686,0,Delivered
SHP-0006480,SUP-060,PRD-00514,2022-05-04,2022-05-11,2022-05-11,1486,1265,0,Partial
SHP-0006481,SUP-020,PRD-00579,2021-11-21,2021-12-14,2021-12-27,695,695,0,Delivered
SHP-0006482,SUP-050,PRD-00228,2020-03-21,2020-04-24,2020-04-24,547,547,0,Delivered
SHP-0006483,SUP-038,PRD-00563,2023-01-22,2023-02-08,2023-02-08,1340,1300,40,Delivered
SHP-0006484,SUP-013,PRD-00597,2022-04-26,2022-05-12,2022-05-12,126,126,0,Delivered
SHP-0006485,SUP-053,PRD-00833,2021-07-12,2021-08-03,2021-08-03,755,755,0,Delivered
SHP-0006486,SUP-024,PRD-00214,2024-10-07,2024-10-26,2024-11-15,172,172,0,Delivered
SHP-0006487,SUP-056,PRD-00004,2023-12-07,2024-02-04,2024-02-04,301,301,0,Delivered
SHP-0006488,SUP-010,PRD-00126,2024-12-01,2025-02-07,2025-02-17,169,168,1,Delivered
SHP-0006489,SUP-017,PRD-00817,2020-11-20,2020-12-04,2020-12-18,98,98,0,Late
SHP-0006490,SUP-040,PRD-00211,2025-09-18,2025-10-07,2025-10-07,1311,1311,0,Late
SHP-0006491,SUP-040,PRD-00872,2022-04-15,2022-04-28,2022-05-06,496,496,0,Delivered
SHP-0006492,SUP-066,PRD-00654,2024-01-18,2024-01-29,2024-01-29,504,504,0,Late
SHP-0006493,SUP-018,PRD-00267,2025-08-28,2025-09-06,2025-09-12,1020,1020,0,Delivered
SHP-0006494,SUP-048,PRD-00221,2021-07-13,2021-07-30,2021-08-02,1395,1395,0,Delivered
SHP-0006495,SUP-049,PRD-00112,2022-01-09,2022-01-18,2022-01-18,1418,1418,0,Delivered
SHP-0006496,SUP-061,PRD-00684,2021-04-02,2021-04-11,2021-04-15,1145,1145,0,Delivered
SHP-0006497,SUP-053,PRD-00529,2024-04-07,2024-04-25,2024-05-06,1136,1136,0,Delivered
SHP-0006498,SUP-009,PRD-00538,2024-10-12,2024-11-18,2024-11-19,56,56,0,Delivered
SHP-0006499,SUP-062,PRD-00385,2025-06-02,2025-08-05,2025-08-05,1056,1056,0,Delivered
SHP-0006500,SUP-069,PRD-00276,2025-03-15,2025-04-04,2025-04-20,1163,1163,0,Delivered
SHP-0006501,SUP-025,PRD-00796,2021-06-24,2021-08-24,2021-09-06,560,560,0,Late
SHP-0006502,SUP-029,PRD-00685,2023-09-22,2023-09-27,2023-10-07,1450,1450,0,Late
SHP-0006503,SUP-039,PRD-00516,2023-12-11,2023-12-26,2023-12-26,356,356,0,Delivered
SHP-0006504,SUP-021,PRD-00657,2021-07-08,2021-07-21,2021-07-28,1123,1123,0,Delivered
SHP-0006505,SUP-055,PRD-00331,2024-02-23,2024-04-21,2024-05-01,306,303,3,Delivered
SHP-0006506,SUP-041,PRD-00166,2023-12-18,2024-01-24,2024-02-06,333,333,0,Delivered
SHP-0006507,SUP-062,PRD-00778,2023-07-24,2023-09-24,2023-10-11,1039,1039,0,Delivered
SHP-0006508,SUP-057,PRD-00264,2023-11-17,2023-11-30,2023-11-30,927,927,0,Delivered
SHP-0006509,SUP-047,PRD-00057,2024-05-02,2024-05-18,2024-05-25,599,599,0,Delivered
SHP-0006510,SUP-020,PRD-00104,2023-05-09,2023-06-13,2023-06-16,831,831,0,Delivered
SHP-0006511,SUP-062,PRD-00767,2022-11-09,2022-12-28,2022-12-29,998,998,0,Delivered
SHP-0006512,SUP-045,PRD-00048,2021-04-13,2021-06-25,2021-06-30,284,262,22,Delivered
SHP-0006513,SUP-063,PRD-00343,2020-08-06,2020-08-27,2020-09-08,452,452,0,Delivered
SHP-0006514,SUP-014,PRD-00251,2023-06-05,2023-08-02,2023-08-02,1341,1341,0,Delivered
SHP-0006515,SUP-011,PRD-00489,2022-01-01,2022-01-11,2022-01-11,198,197,1,Delivered
SHP-0006516,SUP-030,PRD-00880,2024-05-28,2024-06-14,2024-06-18,595,590,5,Delivered
SHP-0006517,SUP-062,PRD-00767,2022-07-16,2022-09-27,2022-10-08,483,469,14,Delivered
SHP-0006518,SUP-054,PRD-00706,2021-09-28,2021-10-08,2021-10-11,697,697,0,Delivered
SHP-0006519,SUP-004,PRD-00733,2022-08-20,2022-09-03,2022-09-14,419,419,0,Delivered
SHP-0006520,SUP-063,PRD-00816,2021-02-05,2021-02-24,2021-02-24,517,512,5,Delivered
SHP-0006521,SUP-048,PRD-00779,2021-05-21,2021-06-03,2021-06-14,994,994,0,Delivered
SHP-0006522,SUP-010,PRD-00731,2021-02-06,2021-02-16,2021-02-16,1083,1083,0,Delivered
SHP-0006523,SUP-013,PRD-00898,2020-05-31,2020-06-12,2020-06-19,885,885,0,Delivered
SHP-0006524,SUP-059,PRD-00329,2020-03-20,2020-03-26,2020-03-29,101,101,0,Late
SHP-0006525,SUP-046,PRD-00879,2022-02-15,2022-03-09,2022-03-09,1302,1289,13,Delivered
SHP-0006526,SUP-043,PRD-00035,2026-06-07,2026-06-22,2026-06-26,374,374,0,Delivered
SHP-0006527,SUP-060,PRD-00884,2021-03-06,2021-03-18,2021-03-31,1495,1495,0,Delivered
SHP-0006528,SUP-044,PRD-00116,2023-01-07,2023-01-26,2023-02-06,1218,1218,0,Delivered
SHP-0006529,SUP-005,PRD-00681,2026-04-18,2026-05-09,2026-05-09,1218,1218,0,Late
SHP-0006530,SUP-069,PRD-00043,2021-01-26,2021-02-06,2021-02-07,849,849,0,Delivered
SHP-0006531,SUP-002,PRD-00700,2025-10-17,2025-12-08,2025-12-14,942,942,0,Late
SHP-0006532,SUP-021,PRD-00576,2024-11-02,2024-12-19,2024-12-27,1371,904,0,Partial
SHP-0006533,SUP-060,PRD-00535,2023-01-22,2023-02-08,2023-02-08,809,801,8,Delivered
SHP-0006534,SUP-066,PRD-00298,2020-05-03,2020-07-11,2020-07-16,252,250,2,Late
SHP-0006535,SUP-059,PRD-00329,2024-04-04,2024-04-14,2024-04-24,622,616,6,Delivered
SHP-0006536,SUP-053,PRD-00363,2020-11-06,2020-11-19,2020-11-19,1175,1175,0,Delivered
SHP-0006537,SUP-020,PRD-00425,2021-12-10,2022-01-04,2022-01-04,1423,1423,0,Delivered
SHP-0006538,SUP-012,PRD-00092,2026-04-23,2026-05-02,2026-05-13,1116,1116,0,Delivered
SHP-0006539,SUP-037,PRD-00089,2023-08-29,2023-09-05,2023-09-09,1136,1136,0,Delivered
SHP-0006540,SUP-044,PRD-00178,2023-02-18,2023-03-11,2023-03-11,655,636,19,Delivered
SHP-0006541,SUP-019,PRD-00467,2020-10-16,2020-10-25,2020-11-06,623,623,0,Delivered
SHP-0006542,SUP-042,PRD-00443,2023-11-26,2023-12-03,2023-12-03,486,448,38,Delivered
SHP-0006543,SUP-051,PRD-00600,2022-02-03,2022-02-25,2022-03-07,406,296,0,Partial
SHP-0006544,SUP-013,PRD-00487,2020-03-20,2020-04-02,2020-04-02,347,347,0,Delivered
SHP-0006545,SUP-054,PRD-00625,2024-05-30,2024-06-11,2024-06-19,377,377,0,Delivered
SHP-0006546,SUP-056,PRD-00119,2020-01-18,2020-03-17,2020-03-23,508,508,0,Delivered
SHP-0006547,SUP-010,PRD-00527,2024-05-23,2024-06-14,2024-06-22,191,191,0,Delivered
SHP-0006548,SUP-047,PRD-00257,2023-09-12,2023-10-20,2023-10-28,724,724,0,Delivered
SHP-0006549,SUP-016,PRD-00263,2026-04-25,2026-06-15,2026-06-21,1400,1400,0,Delivered
SHP-0006550,SUP-036,PRD-00798,2024-04-10,2024-04-22,2024-04-22,1289,1289,0,Delivered
SHP-0006551,SUP-067,PRD-00686,2025-10-15,2025-11-03,2025-11-08,292,292,0,Delivered
SHP-0006552,SUP-019,PRD-00827,2020-07-14,2020-08-06,2020-08-07,366,356,10,Delivered
SHP-0006553,SUP-069,PRD-00749,2024-11-04,2024-11-10,2024-11-26,929,929,0,Late
SHP-0006554,SUP-051,PRD-00843,2023-06-20,2023-07-05,2023-07-05,329,326,3,Delivered
SHP-0006555,SUP-048,PRD-00202,2026-07-12,2026-07-25,2026-07-25,384,384,0,Delivered
SHP-0006556,SUP-042,PRD-00847,2022-04-29,2022-06-23,2022-06-23,87,87,0,Delivered
SHP-0006557,SUP-050,PRD-00410,2020-02-26,2020-03-16,2020-03-16,171,166,5,Delivered
SHP-0006558,SUP-029,PRD-00066,2021-06-13,2021-06-24,2021-06-28,1117,1117,0,Delivered
SHP-0006559,SUP-051,PRD-00149,2024-11-08,2024-11-22,2024-11-23,1466,1466,0,Delivered
SHP-0006560,SUP-014,PRD-00528,2020-01-30,2020-04-09,2020-04-14,1139,1128,11,Delivered
SHP-0006561,SUP-040,PRD-00211,2024-08-24,2024-09-04,2024-09-11,647,647,0,Late
SHP-0006562,SUP-053,PRD-00696,2021-04-10,2021-04-15,2021-04-19,771,771,0,Delivered
SHP-0006563,SUP-050,PRD-00598,2021-01-24,2021-04-01,2021-04-10,1318,1318,0,Late
SHP-0006564,SUP-043,PRD-00096,2023-03-12,2023-05-14,2023-05-14,1469,1469,0,Delivered
SHP-0006565,SUP-033,PRD-00132,2026-02-17,2026-03-23,2026-04-01,166,166,0,Delivered
SHP-0006566,SUP-041,PRD-00310,2026-02-15,2026-02-20,2026-02-20,1278,1278,0,Delivered
SHP-0006567,SUP-031,PRD-00525,2023-08-25,2023-10-10,2023-10-12,500,363,0,Partial
SHP-0006568,SUP-028,PRD-00865,2022-09-02,2022-09-24,2022-09-24,508,508,0,Late
SHP-0006569,SUP-069,PRD-00109,2026-02-15,2026-03-06,2026-03-07,666,666,0,Late
SHP-0006570,SUP-003,PRD-00650,2020-05-03,2020-07-05,2020-07-16,294,294,0,Delivered
SHP-0006571,SUP-063,PRD-00722,2020-03-07,2020-03-18,2020-03-23,940,940,0,Delivered
SHP-0006572,SUP-069,PRD-00055,2024-09-23,2024-10-07,2024-10-11,917,890,27,Delivered
SHP-0006573,SUP-008,PRD-00536,2022-09-28,2022-10-18,2022-11-04,990,981,9,Delivered
SHP-0006574,SUP-043,PRD-00658,2020-02-06,2020-03-28,2020-03-30,1289,1289,0,Delivered
SHP-0006575,SUP-023,PRD-00513,2025-10-09,2025-10-26,2025-10-26,681,681,0,Delivered
SHP-0006576,SUP-015,PRD-00087,2021-08-07,2021-08-24,2021-08-31,702,681,21,Delivered
SHP-0006577,SUP-041,PRD-00636,2021-06-04,2021-07-27,2021-07-31,924,924,0,Delivered
SHP-0006578,SUP-068,PRD-00546,2024-12-02,2024-12-12,2024-12-21,1236,1224,12,Delivered
SHP-0006579,SUP-011,PRD-00523,2026-01-02,2026-01-25,2026-01-26,246,246,0,Delivered
SHP-0006580,SUP-041,PRD-00493,2021-06-02,2021-08-14,2021-08-26,563,563,0,Delivered
SHP-0006581,SUP-062,PRD-00105,2025-12-10,2026-02-06,2026-02-08,846,846,0,Delivered
SHP-0006582,SUP-009,PRD-00118,2025-03-07,2025-04-16,2025-04-21,1122,1089,33,Delivered
SHP-0006583,SUP-022,PRD-00412,2020-01-04,2020-01-11,2020-01-11,740,740,0,Delivered
SHP-0006584,SUP-070,PRD-00265,2021-10-16,2021-11-09,2021-11-26,418,418,0,Delivered
SHP-0006585,SUP-013,PRD-00435,2022-03-30,2022-04-09,2022-04-24,812,812,0,Delivered
SHP-0006586,SUP-010,PRD-00524,2024-03-06,2024-04-05,2024-04-05,68,68,0,Delivered
SHP-0006587,SUP-054,PRD-00828,2022-05-30,2022-06-14,2022-06-18,1454,1454,0,Delivered
SHP-0006588,SUP-003,PRD-00650,2023-10-30,2023-12-18,2023-12-24,606,606,0,Late
SHP-0006589,SUP-070,PRD-00265,2024-08-07,2024-08-22,2024-08-25,1247,1247,0,Delivered
SHP-0006590,SUP-003,PRD-00881,2020-10-07,2020-11-07,2020-11-12,1078,1078,0,Delivered
SHP-0006591,SUP-048,PRD-00221,2021-06-05,2021-06-18,2021-06-18,1143,1132,11,Delivered
SHP-0006592,SUP-053,PRD-00095,2021-06-27,2021-07-06,2021-07-08,1298,1286,12,Late
SHP-0006593,SUP-042,PRD-00847,2021-06-16,2021-07-20,2021-07-24,124,124,0,Delivered
SHP-0006594,SUP-057,PRD-00219,2023-01-20,2023-02-10,2023-02-10,685,685,0,Delivered
SHP-0006595,SUP-017,PRD-00344,2021-04-02,2021-04-13,2021-04-18,851,826,25,Delivered
SHP-0006596,SUP-004,PRD-00806,2023-12-04,2023-12-28,2023-12-28,552,552,0,Delivered
SHP-0006597,SUP-012,PRD-00629,2023-05-09,2023-05-20,2023-05-26,958,958,0,Delivered
SHP-0006598,SUP-043,PRD-00008,2025-07-15,2025-07-20,2025-07-22,544,544,0,Delivered
SHP-0006599,SUP-005,PRD-00306,2022-01-17,2022-02-04,2022-02-04,266,266,0,Delivered
SHP-0006600,SUP-029,PRD-00642,2021-11-12,2021-11-17,2021-11-19,958,958,0,Delivered
SHP-0006601,SUP-051,PRD-00053,2026-04-11,2026-04-19,2026-04-24,1146,1135,11,Delivered
SHP-0006602,SUP-045,PRD-00253,2023-03-11,2023-05-18,2023-05-23,720,720,0,Delivered
SHP-0006603,SUP-049,PRD-00392,2020-10-04,2020-10-20,2020-10-29,449,445,4,Late
SHP-0006604,SUP-041,PRD-00663,2026-07-24,2026-10-02,2026-10-06,1107,1096,11,Delivered
SHP-0006605,SUP-022,PRD-00024,2021-03-27,2021-04-16,2021-04-18,558,558,0,Delivered
SHP-0006606,SUP-001,PRD-00736,2025-06-21,2025-06-28,2025-06-28,1024,1024,0,Delivered
SHP-0006607,SUP-036,PRD-00254,2025-02-28,2025-05-08,2025-05-15,297,289,8,Delivered
SHP-0006608,SUP-007,PRD-00862,2023-09-12,2023-11-12,2023-11-15,157,157,0,Delivered
SHP-0006609,SUP-043,PRD-00008,2024-08-19,2024-08-25,2024-08-25,721,700,21,Late
SHP-0006610,SUP-026,PRD-00813,2022-04-18,2022-05-01,2022-05-07,1147,1147,0,Delivered
SHP-0006611,SUP-004,PRD-00440,2026-04-30,2026-05-17,2026-05-17,693,693,0,Delivered
SHP-0006612,SUP-011,PRD-00180,2022-11-10,2022-12-01,2022-12-01,1127,1127,0,Delivered
SHP-0006613,SUP-036,PRD-00153,2022-01-08,2022-02-26,2022-02-26,121,121,0,Delivered
SHP-0006614,SUP-068,PRD-00195,2024-10-21,2024-10-30,2024-11-11,104,104,0,Delivered
SHP-0006615,SUP-012,PRD-00150,2025-03-10,2025-03-22,2025-03-22,879,871,8,Late
SHP-0006616,SUP-037,PRD-00089,2025-11-15,2025-12-06,2025-12-06,1350,1350,0,Delivered
SHP-0006617,SUP-039,PRD-00516,2020-01-22,2020-02-06,2020-02-06,860,860,0,Delivered
SHP-0006618,SUP-020,PRD-00199,2026-08-28,2026-10-04,,967,868,0,Partial
SHP-0006619,SUP-062,PRD-00575,2023-03-23,2023-04-08,2023-04-11,94,94,0,Delivered
SHP-0006620,SUP-051,PRD-00188,2024-12-04,2024-12-20,2024-12-20,957,957,0,Delivered
SHP-0006621,SUP-042,PRD-00472,2020-08-02,2020-08-28,2020-09-02,1442,1442,0,Delivered
SHP-0006622,SUP-060,PRD-00631,2024-12-07,2024-12-22,2024-12-22,599,552,47,Delivered
SHP-0006623,SUP-040,PRD-00530,2024-08-01,2024-08-23,2024-08-23,1298,1298,0,Late
SHP-0006624,SUP-058,PRD-00567,2024-10-13,2024-12-21,2024-12-21,1067,1067,0,Delivered
SHP-0006625,SUP-004,PRD-00726,2023-09-30,2023-10-16,2023-10-19,457,457,0,Delivered
SHP-0006626,SUP-005,PRD-00564,2023-01-29,2023-02-16,,68,44,0,Partial
SHP-0006627,SUP-018,PRD-00624,2025-07-09,2025-07-20,2025-08-02,1413,1413,0,Delivered
SHP-0006628,SUP-041,PRD-00166,2020-01-18,2020-03-20,2020-03-29,522,517,5,Delivered
SHP-0006629,SUP-029,PRD-00647,2021-08-31,2021-09-11,2021-09-19,1083,1083,0,Delivered
SHP-0006630,SUP-050,PRD-00794,2022-07-22,2022-08-08,2022-08-09,1256,1219,37,Delivered
SHP-0006631,SUP-057,PRD-00218,2020-06-02,2020-06-14,2020-06-14,1409,1409,0,Delivered
SHP-0006632,SUP-049,PRD-00618,2023-10-18,2023-10-23,2023-10-31,533,528,5,Delivered
SHP-0006633,SUP-046,PRD-00900,2022-01-04,2022-01-20,2022-01-20,311,311,0,Delivered
SHP-0006634,SUP-064,PRD-00424,2026-02-06,2026-03-21,2026-03-25,636,636,0,Delivered
SHP-0006635,SUP-056,PRD-00645,2024-07-14,2024-09-18,2024-09-18,972,972,0,Delivered
SHP-0006636,SUP-010,PRD-00803,2020-12-23,2021-02-02,2021-02-09,839,839,0,Delivered
SHP-0006637,SUP-017,PRD-00113,2020-11-01,2020-11-19,2020-11-19,274,274,0,Delivered
SHP-0006638,SUP-012,PRD-00092,2021-05-26,2021-06-17,2021-06-17,889,889,0,Delivered
SHP-0006639,SUP-041,PRD-00493,2025-06-14,2025-08-14,2025-08-23,1240,1141,99,Delivered
SHP-0006640,SUP-027,PRD-00462,2024-01-19,2024-01-31,2024-01-31,367,356,11,Delivered
SHP-0006641,SUP-042,PRD-00720,2023-08-17,2023-09-11,2023-09-11,1272,1272,0,Delivered
SHP-0006642,SUP-006,PRD-00690,2023-02-27,2023-03-09,2023-03-21,820,820,0,Delivered
SHP-0006643,SUP-017,PRD-00113,2026-03-13,2026-03-22,2026-03-29,413,409,4,Delivered
SHP-0006644,SUP-001,PRD-00475,2024-09-30,2024-10-06,2024-10-13,701,694,7,Delivered
SHP-0006645,SUP-046,PRD-00170,2024-04-30,2024-05-22,2024-05-22,108,108,0,Delivered
SHP-0006646,SUP-041,PRD-00745,2025-05-02,2025-06-02,2025-06-02,222,222,0,Delivered
SHP-0006647,SUP-029,PRD-00762,2021-12-31,2022-01-15,2022-01-22,489,485,4,Late
SHP-0006648,SUP-038,PRD-00316,2020-09-12,2020-09-21,2020-09-21,63,63,0,Delivered
SHP-0006649,SUP-045,PRD-00354,2022-06-15,2022-07-06,2022-07-12,920,920,0,Delivered
SHP-0006650,SUP-028,PRD-00152,2023-05-13,2023-05-21,2023-05-29,1253,1253,0,Delivered
SHP-0006651,SUP-031,PRD-00812,2023-08-25,2023-09-17,2023-09-17,329,279,8,Partial
SHP-0006652,SUP-038,PRD-00134,2022-01-23,2022-02-15,2022-02-21,113,113,0,Delivered
SHP-0006653,SUP-058,PRD-00885,2026-08-12,2026-09-24,2026-10-02,322,322,0,Late
SHP-0006654,SUP-017,PRD-00504,2025-03-26,2025-04-19,2025-04-29,1049,1049,0,Delivered
SHP-0006655,SUP-049,PRD-00857,2025-07-01,2025-07-12,2025-07-12,124,124,0,Delivered
SHP-0006656,SUP-057,PRD-00870,2020-01-20,2020-01-28,2020-01-29,979,979,0,Delivered
SHP-0006657,SUP-046,PRD-00170,2025-04-11,2025-05-02,2025-05-09,126,126,0,Delivered
SHP-0006658,SUP-009,PRD-00018,2021-08-11,2021-10-16,2021-10-16,1383,1383,0,Delivered
SHP-0006659,SUP-044,PRD-00695,2021-08-22,2021-09-10,2021-09-16,730,730,0,Delivered
SHP-0006660,SUP-069,PRD-00117,2026-07-30,2026-08-23,2026-09-02,894,894,0,Late
SHP-0006661,SUP-066,PRD-00710,2020-07-01,2020-08-26,2020-09-01,1097,1087,10,Delivered
SHP-0006662,SUP-033,PRD-00136,2021-06-05,2021-06-16,2021-06-20,316,316,0,Delivered
SHP-0006663,SUP-005,PRD-00085,2023-07-08,2023-08-01,2023-08-01,1193,1193,0,Delivered
SHP-0006664,SUP-020,PRD-00579,2024-12-19,2025-01-08,2025-01-12,1457,1414,43,Delivered
SHP-0006665,SUP-030,PRD-00864,2025-03-05,2025-03-26,2025-04-03,753,753,0,Delivered
SHP-0006666,SUP-004,PRD-00534,2024-07-08,2024-07-23,2024-08-07,877,877,0,Delivered
SHP-0006667,SUP-004,PRD-00141,2022-02-23,2022-03-05,2022-03-05,574,574,0,Delivered
SHP-0006668,SUP-021,PRD-00531,2025-04-03,2025-05-10,2025-05-16,690,690,0,Delivered
SHP-0006669,SUP-018,PRD-00607,2021-11-14,2021-11-27,2021-12-04,786,763,23,Delivered
SHP-0006670,SUP-055,PRD-00639,2024-03-21,2024-06-01,2024-06-15,940,912,28,Delivered
SHP-0006671,SUP-011,PRD-00477,2021-02-28,2021-03-05,2021-03-06,560,560,0,Delivered
SHP-0006672,SUP-036,PRD-00798,2022-05-09,2022-07-06,2022-07-06,1398,1398,0,Delivered
SHP-0006673,SUP-064,PRD-00325,2024-09-25,2024-10-07,2024-10-07,1042,1042,0,Delivered
SHP-0006674,SUP-066,PRD-00213,2023-04-19,2023-06-11,2023-06-19,1202,1202,0,Delivered
SHP-0006675,SUP-061,PRD-00632,2025-04-22,2025-04-29,2025-05-11,151,151,0,Delivered
SHP-0006676,SUP-054,PRD-00037,2025-09-29,2025-10-21,2025-10-21,279,279,0,Delivered
SHP-0006677,SUP-043,PRD-00008,2024-11-19,2024-12-05,2024-12-05,523,508,15,Delivered
SHP-0006678,SUP-068,PRD-00715,2023-12-16,2024-01-06,2024-01-09,853,853,0,Delivered
SHP-0006679,SUP-014,PRD-00704,2021-12-16,2022-01-29,2022-02-05,1446,1446,0,Late
SHP-0006680,SUP-002,PRD-00664,2026-07-07,2026-09-04,2026-09-09,586,586,0,Delivered
SHP-0006681,SUP-052,PRD-00497,2023-08-24,2023-08-29,,1448,989,0,Partial
SHP-0006682,SUP-059,PRD-00456,2021-08-25,2021-09-07,2021-09-19,1338,1338,0,Delivered
SHP-0006683,SUP-013,PRD-00790,2022-12-05,2022-12-24,2022-12-26,1495,1495,0,Delivered
SHP-0006684,SUP-061,PRD-00589,2023-07-28,2023-08-05,2023-08-05,103,102,1,Delivered
SHP-0006685,SUP-061,PRD-00853,2023-07-06,2023-07-18,2023-07-18,104,104,0,Delivered
SHP-0006686,SUP-068,PRD-00846,2022-11-12,2022-11-21,2022-11-27,957,948,9,Delivered
SHP-0006687,SUP-035,PRD-00059,2024-05-18,2024-06-04,2024-06-06,722,722,0,Delivered
SHP-0006688,SUP-069,PRD-00013,2020-12-12,2020-12-21,2020-12-24,337,337,0,Delivered
SHP-0006689,SUP-046,PRD-00171,2026-01-15,2026-01-20,2026-01-20,560,560,0,Delivered
SHP-0006690,SUP-068,PRD-00559,2020-01-09,2020-01-17,2020-01-24,824,824,0,Delivered
SHP-0006691,SUP-022,PRD-00507,2024-03-12,2024-04-02,2024-04-02,422,418,4,Delivered
SHP-0006692,SUP-042,PRD-00342,2020-11-19,2020-12-05,,835,764,7,Partial
SHP-0006693,SUP-044,PRD-00473,2025-07-09,2025-07-14,2025-07-16,612,612,0,Delivered
SHP-0006694,SUP-048,PRD-00779,2025-12-22,2026-01-09,2026-01-13,1158,1158,0,Late
SHP-0006695,SUP-051,PRD-00876,2022-10-13,2022-10-21,2022-10-24,1345,1345,0,Delivered
SHP-0006696,SUP-036,PRD-00153,2023-01-12,2023-02-09,2023-02-09,1353,1340,13,Delivered
SHP-0006697,SUP-045,PRD-00253,2021-06-25,2021-07-09,2021-07-09,1303,1290,13,Late
SHP-0006698,SUP-057,PRD-00665,2022-04-21,2022-05-10,2022-05-10,1457,1457,0,Delivered
SHP-0006699,SUP-002,PRD-00371,2026-01-19,2026-02-05,2026-02-11,491,491,0,Delivered
SHP-0006700,SUP-026,PRD-00378,2025-11-06,2025-11-16,2025-11-16,271,271,0,Delivered
SHP-0006701,SUP-015,PRD-00341,2022-02-07,2022-02-19,2022-02-26,950,950,0,Delivered
SHP-0006702,SUP-040,PRD-00201,2026-03-25,2026-04-06,2026-04-06,1366,1366,0,Late
SHP-0006703,SUP-046,PRD-00756,2026-05-09,2026-05-19,2026-06-03,1246,1234,12,Delivered
SHP-0006704,SUP-070,PRD-00396,2026-08-10,2026-08-19,2026-08-19,1003,923,80,Delivered
SHP-0006705,SUP-027,PRD-00615,2022-03-17,2022-04-02,2022-04-02,227,227,0,Delivered
SHP-0006706,SUP-003,PRD-00397,2024-08-05,2024-09-28,2024-10-08,130,129,1,Delivered
SHP-0006707,SUP-061,PRD-00684,2021-07-09,2021-08-01,2021-08-01,194,194,0,Delivered
SHP-0006708,SUP-005,PRD-00564,2025-02-18,2025-02-26,2025-02-28,134,124,10,Delivered
SHP-0006709,SUP-064,PRD-00506,2021-07-04,2021-08-19,2021-08-19,1315,1302,13,Delivered
SHP-0006710,SUP-030,PRD-00880,2024-12-20,2025-01-13,2025-01-31,780,718,62,Delivered
SHP-0006711,SUP-041,PRD-00229,2025-06-13,2025-08-15,2025-08-15,1162,1128,34,Delivered
SHP-0006712,SUP-045,PRD-00048,2024-10-17,2024-11-08,2024-11-19,389,389,0,Delivered
SHP-0006713,SUP-059,PRD-00515,2021-03-09,2021-03-15,2021-03-26,541,536,5,Delivered
SHP-0006714,SUP-063,PRD-00895,2020-11-02,2020-11-19,2020-11-19,705,705,0,Delivered
SHP-0006715,SUP-009,PRD-00018,2022-07-01,2022-08-24,2022-09-01,1473,1459,14,Delivered
SHP-0006716,SUP-039,PRD-00829,2024-01-07,2024-01-28,2024-02-03,1196,1196,0,Delivered
SHP-0006717,SUP-026,PRD-00419,2024-06-16,2024-07-03,2024-07-05,255,255,0,Delivered
SHP-0006718,SUP-058,PRD-00334,2021-04-27,2021-05-24,2021-05-24,1125,1092,33,Delivered
SHP-0006719,SUP-012,PRD-00168,2023-11-01,2023-11-16,2023-11-19,751,751,0,Delivered
SHP-0006720,SUP-061,PRD-00853,2022-11-09,2022-11-24,2022-11-24,1139,1139,0,Delivered
SHP-0006721,SUP-052,PRD-00028,2023-01-06,2023-01-24,2023-01-24,182,182,0,Delivered
SHP-0006722,SUP-049,PRD-00187,2026-07-09,2026-07-15,2026-07-26,429,429,0,Delivered
SHP-0006723,SUP-011,PRD-00391,2021-05-08,2021-05-21,2021-05-23,1377,1364,13,Delivered
SHP-0006724,SUP-017,PRD-00050,2021-10-11,2021-10-29,2021-10-29,1431,1431,0,Delivered
SHP-0006725,SUP-038,PRD-00740,2025-04-27,2025-05-08,2025-05-08,771,771,0,Delivered
SHP-0006726,SUP-048,PRD-00824,2023-12-10,2023-12-18,2023-12-18,929,920,9,Delivered
SHP-0006727,SUP-060,PRD-00514,2024-04-26,2024-05-13,2024-05-27,108,108,0,Delivered
SHP-0006728,SUP-010,PRD-00676,2022-06-02,2022-07-19,,138,99,0,Partial
SHP-0006729,SUP-036,PRD-00162,2024-11-19,2025-01-30,2025-02-06,1441,1441,0,Delivered
SHP-0006730,SUP-054,PRD-00828,2021-07-24,2021-07-31,2021-08-20,987,987,0,Delivered
SHP-0006731,SUP-046,PRD-00171,2022-08-13,2022-09-06,2022-09-08,471,471,0,Late
SHP-0006732,SUP-013,PRD-00560,2024-02-01,2024-02-11,2024-02-11,1215,1203,12,Late
SHP-0006733,SUP-014,PRD-00655,2020-01-09,2020-01-16,2020-01-24,1206,1194,12,Delivered
SHP-0006734,SUP-047,PRD-00415,2024-10-26,2024-11-21,2024-12-10,984,984,0,Delivered
SHP-0006735,SUP-012,PRD-00226,2022-09-10,2022-09-25,2022-09-25,295,295,0,Delivered
SHP-0006736,SUP-006,PRD-00278,2021-04-24,2021-05-07,2021-05-07,555,555,0,Delivered
SHP-0006737,SUP-005,PRD-00681,2020-05-28,2020-06-02,2020-06-12,1164,1164,0,Delivered
SHP-0006738,SUP-046,PRD-00170,2022-05-10,2022-05-18,2022-05-18,1000,1000,0,Delivered
SHP-0006739,SUP-052,PRD-00439,2025-02-22,2025-03-14,2025-03-19,1002,1002,0,Delivered
SHP-0006740,SUP-049,PRD-00350,2025-06-21,2025-07-12,2025-07-12,707,686,21,Delivered
SHP-0006741,SUP-013,PRD-00597,2024-11-29,2024-12-19,2024-12-19,1264,1163,101,Late
SHP-0006742,SUP-022,PRD-00507,2024-01-29,2024-02-12,2024-02-24,779,779,0,Delivered
SHP-0006743,SUP-021,PRD-00830,2021-08-12,2021-09-06,2021-09-14,908,908,0,Delivered
SHP-0006744,SUP-009,PRD-00672,2022-08-22,2022-09-06,2022-09-06,1356,1356,0,Delivered
SHP-0006745,SUP-060,PRD-00285,2025-03-13,2025-03-25,2025-04-04,1316,1277,39,Delivered
SHP-0006746,SUP-051,PRD-00876,2024-10-17,2024-11-07,2024-11-12,374,374,0,Delivered
SHP-0006747,SUP-066,PRD-00245,2021-09-05,2021-09-29,2021-10-06,811,803,8,Delivered
SHP-0006748,SUP-018,PRD-00789,2026-05-21,2026-06-08,2026-06-17,704,697,7,Delivered
SHP-0006749,SUP-034,PRD-00045,2024-11-12,2024-12-02,2024-12-02,489,485,4,Delivered
SHP-0006750,SUP-037,PRD-00313,2023-07-12,2023-07-20,2023-08-02,1387,1387,0,Delivered
SHP-0006751,SUP-022,PRD-00305,2025-11-24,2025-11-30,2025-11-30,818,818,0,Delivered
SHP-0006752,SUP-028,PRD-00542,2020-10-11,2020-10-22,2020-10-22,823,823,0,Late
SHP-0006753,SUP-024,PRD-00773,2020-01-02,2020-01-15,2020-01-27,909,909,0,Delivered
SHP-0006754,SUP-069,PRD-00888,2021-11-20,2021-12-03,2021-12-22,1002,1002,0,Delivered
SHP-0006755,SUP-061,PRD-00632,2021-04-26,2021-05-16,2021-05-25,167,167,0,Delivered
SHP-0006756,SUP-061,PRD-00395,2025-07-23,2025-08-03,2025-08-11,509,509,0,Delivered
SHP-0006757,SUP-070,PRD-00850,2020-05-30,2020-06-19,2020-07-01,1020,1020,0,Delivered
SHP-0006758,SUP-013,PRD-00571,2020-09-03,2020-09-15,2020-09-16,1022,1022,0,Delivered
SHP-0006759,SUP-028,PRD-00542,2023-09-21,2023-10-11,2023-10-16,1353,1353,0,Delivered
SHP-0006760,SUP-018,PRD-00293,2026-02-27,2026-03-10,2026-03-14,990,990,0,Delivered
SHP-0006761,SUP-004,PRD-00534,2024-08-19,2024-09-10,2024-09-10,1242,1230,12,Delivered
SHP-0006762,SUP-066,PRD-00245,2024-02-21,2024-04-04,2024-04-08,985,985,0,Delivered
SHP-0006763,SUP-043,PRD-00096,2021-09-30,2021-11-18,2021-11-18,357,354,3,Delivered
SHP-0006764,SUP-068,PRD-00849,2025-10-18,2025-10-30,2025-10-30,171,170,1,Delivered
SHP-0006765,SUP-068,PRD-00195,2023-02-03,2023-02-23,2023-02-24,173,173,0,Delivered
SHP-0006766,SUP-016,PRD-00648,2024-06-01,2024-07-22,2024-07-22,327,327,0,Delivered
SHP-0006767,SUP-061,PRD-00395,2026-07-16,2026-07-31,2026-07-31,1172,1172,0,Delivered
SHP-0006768,SUP-038,PRD-00703,2024-11-16,2024-11-26,2024-11-29,1409,1409,0,Delivered
SHP-0006769,SUP-031,PRD-00858,2026-03-28,2026-04-12,2026-04-12,1340,1340,0,Delivered
SHP-0006770,SUP-022,PRD-00627,2024-08-09,2024-08-18,2024-08-28,244,242,2,Delivered
SHP-0006771,SUP-039,PRD-00302,2025-05-06,2025-05-17,2025-05-21,1374,1361,13,Delivered
SHP-0006772,SUP-032,PRD-00030,2020-08-18,2020-09-23,2020-09-25,300,291,9,Delivered
SHP-0006773,SUP-022,PRD-00627,2021-02-17,2021-03-04,,364,246,0,Partial
SHP-0006774,SUP-054,PRD-00604,2024-09-16,2024-09-28,2024-09-28,431,356,0,Partial
SHP-0006775,SUP-018,PRD-00607,2021-07-13,2021-08-03,2021-08-05,417,413,4,Delivered
SHP-0006776,SUP-025,PRD-00554,2021-09-20,2021-10-04,2021-10-06,1362,1349,13,Delivered
SHP-0006777,SUP-065,PRD-00019,2021-05-31,2021-06-08,2021-06-08,1252,1215,37,Delivered
SHP-0006778,SUP-050,PRD-00794,2023-02-28,2023-04-21,2023-04-22,819,819,0,Delivered
SHP-0006779,SUP-013,PRD-00560,2022-11-08,2022-11-28,2022-11-28,1489,1445,44,Delivered
SHP-0006780,SUP-026,PRD-00010,2026-01-29,2026-02-09,2026-02-09,141,141,0,Delivered
SHP-0006781,SUP-003,PRD-00881,2026-04-12,2026-06-03,2026-06-03,1396,1396,0,Delivered
SHP-0006782,SUP-007,PRD-00491,2025-05-22,2025-06-02,2025-06-02,207,207,0,Delivered
SHP-0006783,SUP-061,PRD-00632,2023-09-13,2023-09-22,2023-09-22,217,217,0,Delivered
SHP-0006784,SUP-038,PRD-00190,2023-12-08,2023-12-15,2023-12-21,1147,1147,0,Delivered
SHP-0006785,SUP-070,PRD-00315,2021-06-09,2021-06-21,2021-06-21,241,239,2,Late
SHP-0006786,SUP-032,PRD-00033,2025-09-18,2025-11-16,2025-11-16,776,769,7,Delivered
SHP-0006787,SUP-001,PRD-00084,2021-07-22,2021-08-13,2021-08-13,1465,1292,0,Partial
SHP-0006788,SUP-006,PRD-00091,2026-06-26,2026-07-04,2026-07-04,1439,1439,0,Delivered
SHP-0006789,SUP-057,PRD-00665,2020-10-19,2020-11-08,2020-11-09,227,227,0,Delivered
SHP-0006790,SUP-004,PRD-00061,2025-11-25,2025-12-18,2025-12-30,1156,1156,0,Delivered
SHP-0006791,SUP-031,PRD-00102,2020-08-17,2020-10-20,2020-10-22,174,173,1,Delivered
SHP-0006792,SUP-032,PRD-00551,2020-11-08,2020-12-28,2020-12-28,494,494,0,Delivered
SHP-0006793,SUP-021,PRD-00476,2020-08-13,2020-10-26,2020-10-28,1404,1404,0,Late
SHP-0006794,SUP-010,PRD-00512,2023-05-12,2023-06-18,2023-06-18,367,367,0,Delivered
SHP-0006795,SUP-014,PRD-00483,2022-10-19,2022-11-15,2022-11-15,936,927,9,Delivered
SHP-0006796,SUP-039,PRD-00108,2022-01-25,2022-02-03,2022-02-03,1199,1164,35,Delivered
SHP-0006797,SUP-016,PRD-00337,2023-03-22,2023-03-30,2023-03-30,961,961,0,Late
SHP-0006798,SUP-014,PRD-00224,2024-10-15,2024-12-25,2025-01-06,168,117,9,Partial
SHP-0006799,SUP-051,PRD-00149,2026-06-17,2026-07-11,2026-07-11,229,229,0,Delivered
SHP-0006800,SUP-014,PRD-00009,2025-07-20,2025-08-24,2025-08-28,840,840,0,Delivered
SHP-0006801,SUP-068,PRD-00193,2021-11-18,2021-12-12,2021-12-23,1336,1336,0,Delivered
SHP-0006802,SUP-013,PRD-00216,2024-09-16,2024-09-29,2024-10-07,874,848,26,Delivered
SHP-0006803,SUP-031,PRD-00500,2026-06-26,2026-08-07,2026-08-11,56,56,0,Delivered
SHP-0006804,SUP-014,PRD-00483,2025-11-27,2025-12-30,2025-12-30,1295,1295,0,Delivered
SHP-0006805,SUP-066,PRD-00284,2023-04-09,2023-05-21,2023-05-21,1006,1006,0,Delivered
SHP-0006806,SUP-006,PRD-00713,2020-11-28,2020-12-20,2020-12-24,841,780,0,Partial
SHP-0006807,SUP-006,PRD-00143,2021-05-21,2021-05-28,2021-05-28,145,145,0,Delivered
SHP-0006808,SUP-017,PRD-00504,2020-12-25,2021-01-13,2021-01-13,852,852,0,Delivered
SHP-0006809,SUP-032,PRD-00280,2026-03-24,2026-04-01,2026-04-01,294,294,0,Delivered
SHP-0006810,SUP-053,PRD-00570,2021-12-31,2022-01-07,2022-01-21,216,216,0,Delivered
SHP-0006811,SUP-002,PRD-00820,2024-04-04,2024-05-29,2024-06-02,1466,1466,0,Delivered
SHP-0006812,SUP-013,PRD-00890,2021-02-25,2021-03-02,2021-03-06,272,272,0,Delivered
SHP-0006813,SUP-029,PRD-00801,2022-02-20,2022-03-01,2022-03-06,1491,1491,0,Delivered
SHP-0006814,SUP-035,PRD-00811,2022-07-09,2022-07-20,2022-07-20,911,911,0,Delivered
SHP-0006815,SUP-028,PRD-00471,2023-08-09,2023-09-02,2023-09-02,1394,1394,0,Delivered
SHP-0006816,SUP-002,PRD-00820,2020-02-26,2020-03-22,2020-03-23,599,599,0,Delivered
SHP-0006817,SUP-034,PRD-00613,2021-07-21,2021-08-02,2021-08-07,1119,1119,0,Delivered
SHP-0006818,SUP-034,PRD-00156,2024-11-23,2024-12-03,2024-12-09,1312,1312,0,Late
SHP-0006819,SUP-010,PRD-00731,2021-12-09,2021-12-23,2022-01-01,57,57,0,Delivered
SHP-0006820,SUP-036,PRD-00361,2021-05-01,2021-05-28,2021-06-04,1371,1371,0,Delivered
SHP-0006821,SUP-063,PRD-00722,2026-02-01,2026-02-08,2026-02-20,424,424,0,Delivered
SHP-0006822,SUP-006,PRD-00592,2021-08-22,2021-09-15,2021-09-15,100,99,1,Delivered
SHP-0006823,SUP-041,PRD-00636,2020-10-03,2020-10-13,2020-11-01,1053,1053,0,Delivered
SHP-0006824,SUP-035,PRD-00601,2026-03-11,2026-03-20,2026-03-20,620,620,0,Delivered
SHP-0006825,SUP-004,PRD-00541,2025-03-30,2025-04-20,2025-04-20,376,376,0,Delivered
SHP-0006826,SUP-044,PRD-00666,2026-06-24,2026-07-11,2026-07-19,794,771,23,Late
SHP-0006827,SUP-039,PRD-00200,2023-01-15,2023-02-04,2023-02-10,1444,1430,14,Delivered
SHP-0006828,SUP-066,PRD-00245,2020-10-18,2020-12-22,2020-12-27,855,830,25,Late
SHP-0006829,SUP-050,PRD-00449,2022-10-20,2022-10-28,2022-10-28,407,403,4,Delivered
SHP-0006830,SUP-056,PRD-00429,2022-03-17,2022-05-16,2022-05-16,1197,1186,11,Delivered
SHP-0006831,SUP-010,PRD-00270,2026-01-27,2026-04-02,2026-04-02,1033,1033,0,Delivered
SHP-0006832,SUP-009,PRD-00672,2022-01-04,2022-02-19,2022-02-22,375,375,0,Delivered
SHP-0006833,SUP-059,PRD-00159,2025-01-19,2025-01-29,2025-02-03,199,184,15,Late
SHP-0006834,SUP-042,PRD-00342,2024-08-12,2024-10-02,2024-10-04,787,780,7,Late
SHP-0006835,SUP-020,PRD-00167,2025-05-08,2025-05-15,2025-05-20,1018,1018,0,Delivered
SHP-0006836,SUP-069,PRD-00109,2024-07-22,2024-08-12,2024-08-19,527,527,0,Delivered
SHP-0006837,SUP-021,PRD-00476,2023-10-26,2024-01-05,2024-01-05,991,991,0,Delivered
SHP-0006838,SUP-026,PRD-00010,2023-09-09,2023-09-29,2023-10-01,767,767,0,Delivered
SHP-0006839,SUP-027,PRD-00367,2024-05-17,2024-06-01,2024-06-01,851,783,68,Late
SHP-0006840,SUP-055,PRD-00029,2021-04-16,2021-05-15,2021-05-22,454,454,0,Delivered
SHP-0006841,SUP-001,PRD-00783,2025-07-17,2025-07-25,2025-07-27,532,532,0,Delivered
SHP-0006842,SUP-067,PRD-00309,2024-10-31,2024-11-14,2024-11-24,1001,1001,0,Delivered
SHP-0006843,SUP-015,PRD-00659,2021-12-29,2022-01-06,2022-01-14,1278,1278,0,Late
SHP-0006844,SUP-063,PRD-00895,2022-06-02,2022-06-14,2022-06-22,1156,1145,11,Delivered
SHP-0006845,SUP-016,PRD-00648,2022-12-19,2023-02-23,2023-02-23,700,700,0,Delivered
SHP-0006846,SUP-061,PRD-00616,2024-06-28,2024-07-11,2024-07-11,669,669,0,Delivered
SHP-0006847,SUP-051,PRD-00843,2023-11-07,2023-11-15,2023-11-23,1351,1351,0,Delivered
SHP-0006848,SUP-021,PRD-00791,2023-02-09,2023-03-05,2023-03-05,521,516,5,Delivered
SHP-0006849,SUP-001,PRD-00736,2020-09-10,2020-09-26,2020-10-09,1466,1466,0,Delivered
SHP-0006850,SUP-046,PRD-00068,2025-06-07,2025-06-16,2025-06-27,632,582,50,Delivered
SHP-0006851,SUP-040,PRD-00052,2021-02-18,2021-02-24,2021-03-09,934,925,9,Delivered
SHP-0006852,SUP-062,PRD-00432,2020-12-17,2021-02-23,2021-02-28,834,834,0,Delivered
SHP-0006853,SUP-041,PRD-00451,2020-11-28,2021-01-08,2021-01-19,679,679,0,Delivered
SHP-0006854,SUP-057,PRD-00317,2023-08-16,2023-08-25,2023-09-07,306,282,24,Late
SHP-0006855,SUP-064,PRD-00235,2023-05-22,2023-07-25,2023-07-25,1296,1145,11,Partial
SHP-0006856,SUP-043,PRD-00658,2020-02-04,2020-02-10,2020-03-02,579,579,0,Delivered
SHP-0006857,SUP-044,PRD-00695,2021-05-01,2021-05-17,2021-05-21,1047,1047,0,Delivered
SHP-0006858,SUP-065,PRD-00290,2026-02-02,2026-02-15,2026-02-22,601,601,0,Delivered
SHP-0006859,SUP-042,PRD-00373,2023-05-02,2023-05-23,2023-05-26,824,824,0,Delivered
SHP-0006860,SUP-011,PRD-00587,2022-04-28,2022-05-04,2022-05-12,1138,1138,0,Delivered
SHP-0006861,SUP-056,PRD-00192,2022-03-28,2022-05-16,2022-05-24,737,737,0,Delivered
SHP-0006862,SUP-065,PRD-00691,2023-09-18,2023-10-10,2023-10-10,1407,1407,0,Delivered
SHP-0006863,SUP-062,PRD-00772,2023-09-18,2023-11-16,2023-11-16,851,851,0,Delivered
SHP-0006864,SUP-029,PRD-00215,2023-08-07,2023-08-22,2023-08-28,381,381,0,Delivered
SHP-0006865,SUP-039,PRD-00200,2021-12-19,2021-12-25,2022-01-01,724,724,0,Delivered
SHP-0006866,SUP-052,PRD-00497,2020-04-04,2020-04-21,2020-04-21,839,839,0,Delivered
SHP-0006867,SUP-023,PRD-00014,2020-07-30,2020-09-07,2020-09-11,640,640,0,Delivered
SHP-0006868,SUP-026,PRD-00419,2020-05-06,2020-05-19,2020-06-04,394,394,0,Delivered
SHP-0006869,SUP-003,PRD-00556,2023-12-06,2023-12-30,2024-01-03,1328,1328,0,Late
SHP-0006870,SUP-045,PRD-00048,2022-11-16,2022-11-27,2022-11-27,849,849,0,Delivered
SHP-0006871,SUP-055,PRD-00044,2024-02-13,2024-02-23,2024-02-23,1037,1037,0,Delivered
SHP-0006872,SUP-039,PRD-00273,2023-08-07,2023-08-31,2023-09-14,1399,1399,0,Delivered
SHP-0006873,SUP-044,PRD-00175,2025-06-17,2025-07-11,2025-07-11,459,459,0,Delivered
SHP-0006874,SUP-020,PRD-00210,2023-09-22,2023-11-03,2023-11-03,1340,1340,0,Delivered
SHP-0006875,SUP-008,PRD-00536,2026-06-20,2026-08-26,2026-08-26,638,619,19,Delivered
SHP-0006876,SUP-068,PRD-00559,2023-10-11,2023-10-21,2023-10-22,1383,1342,41,Delivered
SHP-0006877,SUP-025,PRD-00288,2026-08-10,2026-09-10,2026-09-18,1366,1366,0,Late
SHP-0006878,SUP-035,PRD-00601,2023-09-12,2023-09-26,2023-10-14,818,818,0,Delivered
SHP-0006879,SUP-064,PRD-00198,2020-09-12,2020-09-27,2020-09-27,867,867,0,Delivered
SHP-0006880,SUP-056,PRD-00004,2025-01-19,2025-04-03,2025-04-03,113,110,3,Delivered
SHP-0006881,SUP-029,PRD-00011,2020-10-21,2020-11-13,2020-11-17,985,985,0,Delivered
SHP-0006882,SUP-001,PRD-00802,2025-12-17,2025-12-29,2026-01-09,750,651,0,Partial
SHP-0006883,SUP-022,PRD-00836,2023-07-08,2023-07-17,2023-07-27,310,301,9,Delivered
SHP-0006884,SUP-021,PRD-00791,2022-06-24,2022-07-26,2022-08-07,1074,1074,0,Delivered
SHP-0006885,SUP-017,PRD-00638,2026-06-25,2026-07-10,2026-07-21,559,559,0,Late
SHP-0006886,SUP-038,PRD-00330,2020-10-14,2020-11-07,2020-11-07,1339,1339,0,Delivered
SHP-0006887,SUP-059,PRD-00774,2024-05-12,2024-05-18,2024-05-20,1244,856,8,Partial
SHP-0006888,SUP-019,PRD-00365,2020-06-28,2020-07-19,2020-07-19,461,461,0,Delivered
SHP-0006889,SUP-054,PRD-00694,2020-01-28,2020-02-09,2020-02-10,1304,1304,0,Delivered
SHP-0006890,SUP-013,PRD-00790,2022-10-05,2022-10-12,2022-10-12,1225,1225,0,Delivered
SHP-0006891,SUP-062,PRD-00105,2023-07-17,2023-08-17,2023-08-25,864,856,8,Delivered
SHP-0006892,SUP-069,PRD-00353,2021-12-30,2022-01-21,2022-01-21,1299,1299,0,Delivered
SHP-0006893,SUP-050,PRD-00228,2021-09-25,2021-11-22,2021-12-06,1006,1006,0,Delivered
SHP-0006894,SUP-025,PRD-00883,2025-07-16,2025-07-24,2025-07-24,797,797,0,Delivered
SHP-0006895,SUP-048,PRD-00824,2020-01-21,2020-02-06,2020-02-11,1093,1093,0,Late
SHP-0006896,SUP-013,PRD-00560,2026-04-27,2026-05-12,2026-05-23,1491,1447,44,Delivered
SHP-0006897,SUP-043,PRD-00241,2023-06-16,2023-08-22,2023-08-24,919,892,27,Late
SHP-0006898,SUP-055,PRD-00002,2024-10-16,2024-12-29,2025-01-13,614,614,0,Delivered
SHP-0006899,SUP-062,PRD-00674,2025-03-20,2025-03-31,2025-03-31,468,468,0,Delivered
SHP-0006900,SUP-011,PRD-00837,2026-05-28,2026-06-03,2026-06-05,1245,1245,0,Delivered
SHP-0006901,SUP-016,PRD-00819,2025-09-22,2025-10-05,,1394,999,0,Partial
SHP-0006902,SUP-028,PRD-00542,2025-04-03,2025-04-21,2025-04-26,311,287,24,Delivered
SHP-0006903,SUP-017,PRD-00272,2024-08-12,2024-08-28,2024-09-12,197,197,0,Delivered
SHP-0006904,SUP-036,PRD-00677,2020-10-09,2020-12-05,2020-12-08,522,517,5,Late
SHP-0006905,SUP-064,PRD-00413,2020-02-10,2020-03-19,2020-03-19,1356,1343,13,Delivered
SHP-0006906,SUP-032,PRD-00551,2025-02-01,2025-03-27,2025-03-27,106,103,3,Delivered
SHP-0006907,SUP-031,PRD-00064,2024-03-30,2024-04-24,2024-05-01,792,792,0,Delivered
SHP-0006908,SUP-061,PRD-00612,2020-04-23,2020-04-28,2020-04-28,500,500,0,Delivered
SHP-0006909,SUP-050,PRD-00548,2022-07-02,2022-08-26,2022-08-30,680,674,6,Delivered
SHP-0006910,SUP-039,PRD-00436,2022-02-26,2022-03-16,,698,525,5,Partial
SHP-0006911,SUP-060,PRD-00023,2021-06-23,2021-07-10,2021-07-14,340,330,10,Delivered
SHP-0006912,SUP-029,PRD-00647,2021-09-13,2021-10-06,2021-10-20,1144,1133,11,Delivered
SHP-0006913,SUP-001,PRD-00802,2026-01-26,2026-02-14,2026-02-15,1377,1267,110,Late
SHP-0006914,SUP-037,PRD-00771,2021-05-22,2021-06-01,2021-06-01,918,829,0,Partial
SHP-0006915,SUP-011,PRD-00161,2023-07-16,2023-07-21,2023-07-21,921,921,0,Delivered
SHP-0006916,SUP-059,PRD-00327,2020-12-24,2021-01-01,2021-01-02,922,922,0,Delivered
SHP-0006917,SUP-033,PRD-00232,2024-07-09,2024-09-17,2024-09-17,753,746,7,Late
SHP-0006918,SUP-040,PRD-00374,2023-11-30,2023-12-06,2023-12-13,798,791,7,Delivered
SHP-0006919,SUP-017,PRD-00817,2020-03-22,2020-04-15,2020-04-15,588,588,0,Delivered
SHP-0006920,SUP-056,PRD-00017,2025-06-01,2025-06-12,2025-06-12,1304,1304,0,Delivered
SHP-0006921,SUP-024,PRD-00408,2026-05-17,2026-06-06,2026-06-12,1209,1113,96,Late
SHP-0006922,SUP-010,PRD-00731,2020-06-14,2020-06-20,2020-06-24,1101,1101,0,Delivered
SHP-0006923,SUP-022,PRD-00485,2024-02-03,2024-02-13,2024-02-19,158,158,0,Delivered
SHP-0006924,SUP-047,PRD-00207,2023-03-30,2023-05-02,2023-05-02,1405,1405,0,Delivered
SHP-0006925,SUP-022,PRD-00507,2024-10-01,2024-10-15,2024-10-25,959,931,28,Delivered
SHP-0006926,SUP-039,PRD-00360,2022-10-25,2022-11-03,2022-11-03,690,635,55,Delivered
SHP-0006927,SUP-039,PRD-00854,2021-03-16,2021-03-29,2021-04-04,259,259,0,Delivered
SHP-0006928,SUP-063,PRD-00583,2020-07-08,2020-07-24,2020-07-24,817,817,0,Delivered
SHP-0006929,SUP-004,PRD-00409,2025-03-29,2025-04-09,2025-04-20,112,112,0,Delivered
SHP-0006930,SUP-063,PRD-00671,2020-11-04,2020-11-27,2020-11-27,535,535,0,Delivered
SHP-0006931,SUP-044,PRD-00626,2020-09-22,2020-10-11,2020-10-14,1133,1133,0,Delivered
SHP-0006932,SUP-045,PRD-00354,2023-10-21,2023-12-25,2023-12-25,1062,1062,0,Delivered
SHP-0006933,SUP-056,PRD-00429,2021-08-20,2021-09-15,2021-09-15,1305,1305,0,Delivered
SHP-0006934,SUP-002,PRD-00371,2026-03-22,2026-03-28,2026-03-29,1040,1040,0,Delivered
SHP-0006935,SUP-056,PRD-00017,2020-12-07,2020-12-18,2020-12-18,1393,1393,0,Delivered
SHP-0006936,SUP-051,PRD-00499,2021-01-13,2021-01-21,2021-01-25,1459,1459,0,Delivered
SHP-0006937,SUP-022,PRD-00412,2025-04-09,2025-04-26,2025-05-01,233,231,2,Delivered
SHP-0006938,SUP-041,PRD-00838,2022-11-25,2023-01-25,2023-01-29,725,725,0,Delivered
SHP-0006939,SUP-060,PRD-00285,2023-06-11,2023-06-19,2023-06-28,1483,1469,14,Late
SHP-0006940,SUP-063,PRD-00741,2026-02-28,2026-03-11,2026-03-16,1178,1178,0,Late
SHP-0006941,SUP-026,PRD-00697,2022-10-24,2022-11-11,2022-11-12,1435,1193,0,Partial
SHP-0006942,SUP-021,PRD-00576,2023-08-09,2023-08-14,2023-08-14,524,524,0,Delivered
SHP-0006943,SUP-012,PRD-00226,2026-01-29,2026-02-21,2026-03-02,502,497,5,Delivered
SHP-0006944,SUP-020,PRD-00543,2021-12-13,2022-01-02,2022-01-07,499,499,0,Delivered
SHP-0006945,SUP-030,PRD-00036,2023-05-19,2023-05-31,2023-06-05,612,612,0,Late
SHP-0006946,SUP-006,PRD-00644,2023-06-03,2023-06-23,2023-06-23,653,647,6,Delivered
SHP-0006947,SUP-029,PRD-00685,2022-04-02,2022-04-20,2022-05-07,295,295,0,Delivered
SHP-0006948,SUP-054,PRD-00630,2021-07-30,2021-08-06,2021-08-14,1408,1408,0,Delivered
SHP-0006949,SUP-039,PRD-00108,2023-07-17,2023-07-22,2023-07-22,540,540,0,Delivered
SHP-0006950,SUP-036,PRD-00063,2025-02-23,2025-04-14,2025-04-15,251,244,7,Delivered
SHP-0006951,SUP-060,PRD-00285,2025-10-04,2025-10-10,2025-10-10,136,127,0,Partial
SHP-0006952,SUP-010,PRD-00189,2020-07-24,2020-09-01,2020-09-06,490,490,0,Late
SHP-0006953,SUP-046,PRD-00900,2026-07-24,2026-08-05,2026-08-09,389,389,0,Delivered
SHP-0006954,SUP-046,PRD-00240,2026-02-14,2026-02-22,2026-02-22,852,852,0,Delivered
SHP-0006955,SUP-016,PRD-00502,2025-05-23,2025-06-06,2025-06-06,1206,1194,12,Late
SHP-0006956,SUP-066,PRD-00213,2022-04-02,2022-04-16,2022-04-16,1239,1227,12,Delivered
SHP-0006957,SUP-051,PRD-00401,2024-05-29,2024-06-09,2024-06-19,1350,1242,108,Delivered
SHP-0006958,SUP-026,PRD-00688,2022-06-03,2022-06-20,2022-06-20,296,296,0,Delivered
SHP-0006959,SUP-066,PRD-00710,2022-05-13,2022-07-18,2022-07-19,560,555,5,Late
SHP-0006960,SUP-056,PRD-00645,2024-10-22,2024-12-27,2025-01-11,729,729,0,Delivered
SHP-0006961,SUP-003,PRD-00768,2024-08-07,2024-09-11,2024-09-25,103,103,0,Late
SHP-0006962,SUP-066,PRD-00533,2023-11-28,2024-01-07,2024-01-07,1143,1143,0,Late
SHP-0006963,SUP-050,PRD-00106,2022-04-01,2022-04-23,2022-05-05,992,992,0,Late
SHP-0006964,SUP-003,PRD-00750,2021-08-14,2021-10-20,2021-10-21,336,326,10,Delivered
SHP-0006965,SUP-012,PRD-00368,2026-04-07,2026-04-28,2026-05-01,407,407,0,Late
SHP-0006966,SUP-020,PRD-00765,2023-05-12,2023-07-13,2023-07-16,1024,1014,10,Delivered
SHP-0006967,SUP-006,PRD-00244,2020-06-17,2020-07-05,2020-07-05,1260,1260,0,Delivered
SHP-0006968,SUP-068,PRD-00177,2024-11-10,2024-12-04,2024-12-14,765,758,7,Delivered
SHP-0006969,SUP-027,PRD-00784,2024-02-27,2024-03-08,2024-03-24,722,722,0,Late
SHP-0006970,SUP-011,PRD-00587,2023-07-15,2023-08-01,2023-08-09,489,485,4,Delivered
SHP-0006971,SUP-066,PRD-00705,2025-02-08,2025-02-25,2025-03-05,323,323,0,Delivered
SHP-0006972,SUP-017,PRD-00504,2024-04-23,2024-05-14,2024-05-23,1236,1236,0,Delivered
SHP-0006973,SUP-033,PRD-00127,2020-10-17,2020-12-02,2020-12-02,1012,982,30,Delivered
SHP-0006974,SUP-063,PRD-00763,2026-01-05,2026-01-29,2026-01-29,333,333,0,Delivered
SHP-0006975,SUP-012,PRD-00150,2024-02-10,2024-02-15,2024-02-19,592,592,0,Delivered
SHP-0006976,SUP-055,PRD-00029,2024-06-17,2024-07-31,2024-08-03,1202,1202,0,Delivered
SHP-0006977,SUP-047,PRD-00257,2024-02-26,2024-04-16,2024-04-22,605,599,6,Delivered
SHP-0006978,SUP-059,PRD-00416,2022-10-23,2022-11-05,2022-11-05,1356,1343,13,Delivered
SHP-0006979,SUP-058,PRD-00747,2021-05-31,2021-07-22,2021-07-22,757,757,0,Late
SHP-0006980,SUP-012,PRD-00092,2024-10-30,2024-11-06,2024-11-13,426,422,4,Delivered
SHP-0006981,SUP-022,PRD-00305,2025-09-22,2025-09-29,2025-10-08,1330,1291,39,Delivered
SHP-0006982,SUP-040,PRD-00374,2021-01-05,2021-01-10,2021-01-10,786,786,0,Delivered
SHP-0006983,SUP-005,PRD-00555,2026-04-12,2026-04-30,2026-05-02,967,967,0,Delivered
SHP-0006984,SUP-065,PRD-00818,2026-02-19,2026-04-19,2026-04-19,1492,1492,0,Delivered
SHP-0006985,SUP-035,PRD-00464,2024-07-24,2024-08-06,2024-08-09,547,547,0,Delivered
SHP-0006986,SUP-048,PRD-00448,2026-07-16,2026-08-08,2026-08-18,347,347,0,Delivered
SHP-0006987,SUP-018,PRD-00624,2024-05-08,2024-05-21,2024-05-21,567,567,0,Delivered
SHP-0006988,SUP-030,PRD-00728,2021-04-28,2021-05-04,2021-05-16,830,806,24,Late
SHP-0006989,SUP-044,PRD-00297,2026-03-14,2026-03-26,2026-03-31,262,255,7,Delivered
SHP-0006990,SUP-066,PRD-00533,2022-01-12,2022-01-30,2022-02-12,795,772,23,Late
SHP-0006991,SUP-043,PRD-00096,2025-06-16,2025-06-25,2025-06-29,674,674,0,Delivered
SHP-0006992,SUP-030,PRD-00864,2021-10-29,2021-11-16,2021-11-22,663,657,6,Delivered
SHP-0006993,SUP-013,PRD-00898,2023-07-19,2023-08-05,2023-08-10,827,827,0,Delivered
SHP-0006994,SUP-027,PRD-00462,2024-06-23,2024-06-28,2024-07-12,896,896,0,Delivered
SHP-0006995,SUP-019,PRD-00532,2025-05-31,2025-06-20,2025-06-20,908,908,0,Delivered
SHP-0006996,SUP-062,PRD-00432,2026-01-05,2026-01-27,2026-02-06,1025,1015,10,Late
SHP-0006997,SUP-054,PRD-00237,2026-04-02,2026-04-13,2026-04-25,699,699,0,Delivered
SHP-0006998,SUP-062,PRD-00778,2024-12-27,2025-02-26,2025-02-27,192,192,0,Late
SHP-0006999,SUP-021,PRD-00531,2020-09-04,2020-10-24,2020-10-28,371,371,0,Delivered
SHP-0007000,SUP-042,PRD-00472,2026-07-30,2026-08-26,2026-09-02,618,600,18,Late
