review_id,customer_id,product_id,order_item_id,review_date,rating,review_title,review_text,verified_purchase
REV-0000001,CUS-002933,PRD-00556,ITM-000049566,2026-07-19,4,Good quality and exactly ,Good quality and exactly as expected.,True
REV-0000002,CUS-007759,PRD-00679,ITM-000010541,2020-07-05,4,Good quality and exactly ,Good quality and exactly as expected.,True
REV-0000003,CUS-010412,PRD-00521,ITM-000063086,2026-05-10,4,Good quality and exactly ,Good quality and exactly as expected.,True
REV-0000004,CUS-011141,PRD-00035,ITM-000052636,2022-03-20,1,,,True
REV-0000005,CUS-001228,PRD-00044,ITM-000030965,2021-06-30,5,Good quality and exactly ,Good quality and exactly as expected.,True
REV-0000006,CUS-004982,PRD-00033,ITM-000026417,2022-04-28,5,Good quality and exactly ,Good quality and exactly as expected.,True
REV-0000007,CUS-008562,PRD-00350,ITM-000001052,2025-01-04,5,Good quality and exactly ,Good quality and exactly as expected.,True
REV-0000008,CUS-001289,PRD-00684,ITM-000066137,2021-01-12,4,Good quality and exactly ,Good quality and exactly as expected.,True
REV-0000009,CUS-007481,PRD-00434,ITM-000038352,2022-05-05,1,Product quality was disap,Product quality was disappointing.,True
REV-0000010,CUS-008027,PRD-00765,ITM-000053047,2026-07-03,2,Product quality was disap,Product quality was disappointing.,True
REV-0000011,CUS-000137,PRD-00173,ITM-000026099,2023-11-16,3,Good quality and exactly ,Good quality and exactly as expected.,True
REV-0000012,CUS-011831,PRD-00424,ITM-000057117,2020-04-20,4,Good quality and exactly ,Good quality and exactly as expected.,True
REV-0000013,CUS-002481,PRD-00356,ITM-000027730,2023-06-06,4,Good quality and exactly ,Good quality and exactly as expected.,True
REV-0000014,CUS-010244,PRD-00304,ITM-000013085,2021-09-17,5,Good quality and exactly ,Good quality and exactly as expected.,True
REV-0000015,CUS-008872,PRD-00164,ITM-000063826,2021-05-16,3,,,True
REV-0000016,CUS-002673,PRD-00870,ITM-000040849,2026-05-24,3,Good quality and exactly ,Good quality and exactly as expected.,True
REV-0000017,CUS-008479,PRD-00344,ITM-000020788,2022-12-21,4,Good quality and exactly ,Good quality and exactly as expected.,True
REV-0000018,CUS-003658,PRD-00847,ITM-000003946,2023-09-16,4,,,True
REV-0000019,CUS-004352,PRD-00531,ITM-000062108,2021-02-09,3,Good quality and exactly ,Good quality and exactly as expected.,True
REV-0000020,CUS-001709,PRD-00286,ITM-000030865,2023-09-16,5,Good quality and exactly ,Good quality and exactly as expected.,True
REV-0000021,CUS-011247,PRD-00483,ITM-000031496,2021-05-09,4,Good quality and exactly ,Good quality and exactly as expected.,True
REV-0000022,CUS-007746,PRD-00463,ITM-000005612,2022-01-20,2,Product quality was disap,Product quality was disappointing.,True
REV-0000023,CUS-000230,PRD-00066,ITM-000028785,2021-02-03,5,Good quality and exactly ,Good quality and exactly as expected.,True
REV-0000024,CUS-007749,PRD-00866,ITM-000045114,2022-08-31,3,Good quality and exactly ,Good quality and exactly as expected.,True
REV-0000025,CUS-009683,PRD-00711,ITM-000057933,2021-12-02,5,Good quality and exactly ,Good quality and exactly as expected.,True
REV-0000026,CUS-010249,PRD-00557,ITM-000073119,2020-04-05,4,Good quality and exactly ,Good quality and exactly as expected.,True
REV-0000027,CUS-011630,PRD-00834,ITM-000055478,2026-06-30,5,Good quality and exactly ,Good quality and exactly as expected.,True
REV-0000028,CUS-011675,PRD-00681,ITM-000046407,2021-12-04,3,Good quality and exactly ,Good quality and exactly as expected.,True
REV-0000029,CUS-011296,PRD-00665,ITM-000076594,2021-11-11,3,Good quality and exactly ,Good quality and exactly as expected.,True
REV-0000030,CUS-000670,PRD-00155,ITM-000051531,2020-02-28,5,,,True
REV-0000031,CUS-005212,PRD-00687,ITM-000048016,2021-12-03,5,Good quality and exactly ,Good quality and exactly as expected.,True
REV-0000032,CUS-007008,PRD-00789,ITM-000025663,2024-08-13,3,Good quality and exactly ,Good quality and exactly as expected.,True
REV-0000033,CUS-007431,PRD-00177,ITM-000064280,2022-09-03,5,,,True
REV-0000034,CUS-006246,PRD-00543,ITM-000048303,2024-09-11,3,Good quality and exactly ,Good quality and exactly as expected.,True
REV-0000035,CUS-002791,PRD-00674,ITM-000043375,2024-05-02,2,Product quality was disap,Product quality was disappointing.,True
REV-0000036,CUS-011129,PRD-00030,ITM-000054170,2025-01-04,5,Good quality and exactly ,Good quality and exactly as expected.,True
REV-0000037,CUS-002634,PRD-00566,ITM-000017554,2026-04-27,3,Good quality and exactly ,Good quality and exactly as expected.,True
REV-0000038,CUS-005409,PRD-00396,ITM-000021969,2021-09-03,4,Good quality and exactly ,Good quality and exactly as expected.,True
REV-0000039,CUS-005065,PRD-00141,ITM-000002524,2026-09-20,4,Good quality and exactly ,Good quality and exactly as expected.,True
REV-0000040,CUS-010349,PRD-00128,ITM-000066011,2021-09-25,5,Good quality and exactly ,Good quality and exactly as expected.,True
REV-0000041,CUS-007703,PRD-00504,ITM-000014184,2026-04-11,4,,,True
REV-0000042,CUS-001107,PRD-00153,ITM-000055437,2026-06-30,3,Good quality and exactly ,Good quality and exactly as expected.,True
REV-0000043,CUS-007523,PRD-00276,ITM-000015978,2022-05-22,5,Good quality and exactly ,Good quality and exactly as expected.,True
REV-0000044,CUS-003756,PRD-00448,ITM-000054838,2024-11-18,4,Good quality and exactly ,Good quality and exactly as expected.,True
REV-0000045,CUS-008313,PRD-00336,ITM-000015844,2022-10-10,2,,,True
REV-0000046,CUS-000378,PRD-00076,ITM-000024160,2023-10-04,3,Good quality and exactly ,Good quality and exactly as expected.,True
REV-0000047,CUS-002866,PRD-00672,ITM-000040432,2022-06-16,4,Good quality and exactly ,Good quality and exactly as expected.,True
REV-0000048,CUS-000001,PRD-00056,ITM-000040717,2020-08-24,5,Good quality and exactly ,Good quality and exactly as expected.,True
REV-0000049,CUS-005432,PRD-00200,ITM-000019616,2023-06-28,3,Good quality and exactly ,Good quality and exactly as expected.,True
REV-0000050,CUS-003953,PRD-00280,ITM-000055797,2025-03-14,4,Good quality and exactly ,Good quality and exactly as expected.,True
REV-0000051,CUS-002766,PRD-00320,ITM-000069609,2021-11-20,5,Good quality and exactly ,Good quality and exactly as expected.,True
REV-0000052,CUS-002463,PRD-00363,ITM-000075404,2026-08-03,4,Good quality and exactly ,Good quality and exactly as expected.,True
REV-0000053,CUS-008102,PRD-00318,ITM-000040108,2020-08-23,3,Good quality and exactly ,Good quality and exactly as expected.,True
REV-0000054,CUS-003433,PRD-00597,ITM-000043275,2022-08-25,1,Product quality was disap,Product quality was disappointing.,True
REV-0000055,CUS-007134,PRD-00277,ITM-000068504,2026-09-16,4,,,True
REV-0000056,CUS-007194,PRD-00798,ITM-000078613,2023-07-13,1,,,True
REV-0000057,CUS-007949,PRD-00827,ITM-000055667,2025-08-23,3,Good quality and exactly ,Good quality and exactly as expected.,True
REV-0000058,CUS-007198,PRD-00398,ITM-000071496,2025-04-07,5,Good quality and exactly ,Good quality and exactly as expected.,True
REV-0000059,,PRD-00776,ITM-000071780,2021-06-24,1,Product quality was disap,Product quality was disappointing.,True
REV-0000060,CUS-000728,PRD-00354,ITM-000046523,2022-09-22,2,,,True
REV-0000061,CUS-005299,PRD-00353,ITM-000026657,2023-06-04,2,Product quality was disap,Product quality was disappointing.,True
REV-0000062,CUS-000746,PRD-00411,ITM-000063092,2020-04-10,3,Good quality and exactly ,Good quality and exactly as expected.,True
REV-0000063,CUS-010394,PRD-00281,ITM-000011062,2023-03-26,1,,,True
REV-0000064,CUS-011964,PRD-00402,ITM-000054353,2025-11-19,5,Good quality and exactly ,Good quality and exactly as expected.,True
REV-0000065,CUS-004603,PRD-00304,ITM-000015800,2024-02-20,4,Good quality and exactly ,Good quality and exactly as expected.,True
REV-0000066,CUS-006013,PRD-00472,ITM-000052132,2025-07-09,5,Good quality and exactly ,Good quality and exactly as expected.,True
REV-0000067,CUS-008512,PRD-00477,ITM-000073682,2023-06-25,1,Product quality was disap,Product quality was disappointing.,True
REV-0000068,CUS-001106,PRD-00329,ITM-000066516,2025-12-28,5,Good quality and exactly ,Good quality and exactly as expected.,True
REV-0000069,CUS-002380,PRD-00031,ITM-000053317,2024-06-07,4,Good quality and exactly ,Good quality and exactly as expected.,True
REV-0000070,CUS-001668,PRD-00718,ITM-000076995,2022-09-01,2,Product quality was disap,Product quality was disappointing.,True
REV-0000071,CUS-011353,PRD-00737,ITM-000063876,2023-09-07,4,Good quality and exactly ,Good quality and exactly as expected.,True
REV-0000072,CUS-007563,PRD-00748,ITM-000024768,2022-08-19,3,Good quality and exactly ,Good quality and exactly as expected.,True
REV-0000073,CUS-004985,PRD-00282,ITM-000030393,2024-05-01,5,Good quality and exactly ,Good quality and exactly as expected.,True
REV-0000074,CUS-010391,PRD-00860,ITM-000008111,2021-06-10,4,Good quality and exactly ,Good quality and exactly as expected.,True
REV-0000075,CUS-011731,PRD-00206,ITM-000061048,2021-07-03,3,,,True
REV-0000076,CUS-009715,PRD-00227,ITM-000035267,2024-01-31,5,Good quality and exactly ,Good quality and exactly as expected.,True
REV-0000077,CUS-007430,PRD-00063,ITM-000045073,2026-09-28,5,Good quality and exactly ,Good quality and exactly as expected.,True
REV-0000078,CUS-006889,PRD-00716,ITM-000054601,2026-05-25,5,Good quality and exactly ,Good quality and exactly as expected.,True
REV-0000079,CUS-009345,PRD-00625,ITM-000020650,2020-04-24,3,Good quality and exactly ,Good quality and exactly as expected.,True
REV-0000080,CUS-003128,PRD-00724,ITM-000077701,2023-10-29,4,Good quality and exactly ,Good quality and exactly as expected.,True
REV-0000081,CUS-010248,PRD-00470,ITM-000006483,2020-04-22,5,Good quality and exactly ,Good quality and exactly as expected.,True
REV-0000082,CUS-001359,PRD-00628,ITM-000015429,2022-06-25,4,Good quality and exactly ,Good quality and exactly as expected.,True
REV-0000083,CUS-000941,PRD-00417,ITM-000021094,2022-06-30,4,,,True
REV-0000084,CUS-010131,PRD-00596,ITM-000002360,2021-10-01,5,Good quality and exactly ,Good quality and exactly as expected.,True
REV-0000085,CUS-003946,PRD-00321,ITM-000064113,2020-06-29,4,Good quality and exactly ,Good quality and exactly as expected.,True
REV-0000086,CUS-010418,PRD-00285,ITM-000026564,2024-09-15,5,Good quality and exactly ,Good quality and exactly as expected.,True
REV-0000087,CUS-000579,PRD-00501,ITM-000059258,2020-05-02,1,Product quality was disap,Product quality was disappointing.,True
REV-0000088,CUS-002491,PRD-00196,ITM-000045427,2024-01-09,4,Good quality and exactly ,Good quality and exactly as expected.,True
REV-0000089,CUS-002422,PRD-00667,ITM-000005722,2021-01-22,5,,,True
REV-0000090,CUS-003735,PRD-00819,ITM-000076740,2023-11-25,4,Good quality and exactly ,Good quality and exactly as expected.,True
REV-0000091,CUS-001571,PRD-00210,ITM-000025962,2026-04-20,5,Good quality and exactly ,Good quality and exactly as expected.,True
REV-0000092,CUS-006664,PRD-00070,ITM-000007168,2024-04-16,3,Good quality and exactly ,Good quality and exactly as expected.,True
REV-0000093,CUS-008271,PRD-00758,ITM-000020875,2024-01-12,3,,,True
REV-0000094,CUS-000261,PRD-00095,ITM-000049919,2022-11-08,4,,,True
REV-0000095,CUS-010363,PRD-00314,ITM-000024470,2022-05-25,4,Good quality and exactly ,Good quality and exactly as expected.,True
REV-0000096,CUS-003250,PRD-00845,ITM-000039803,2026-09-13,4,,,True
REV-0000097,CUS-003292,PRD-00188,ITM-000036528,2025-02-23,4,Good quality and exactly ,Good quality and exactly as expected.,True
REV-0000098,CUS-002151,PRD-00159,ITM-000064734,2023-02-14,2,Product quality was disap,Product quality was disappointing.,True
REV-0000099,CUS-002392,PRD-00502,ITM-000022794,2021-06-29,4,,,True
REV-0000100,CUS-003538,PRD-00017,ITM-000025817,2025-05-03,5,,,True
REV-0000101,CUS-005621,PRD-00890,ITM-000015603,2025-03-06,4,Good quality and exactly ,Good quality and exactly as expected.,True
REV-0000102,CUS-003106,PRD-00246,ITM-000048100,2025-01-13,5,Good quality and exactly ,Good quality and exactly as expected.,True
REV-0000103,CUS-005104,PRD-00267,ITM-000026858,2024-03-16,3,Good quality and exactly ,Good quality and exactly as expected.,True
REV-0000104,CUS-008295,PRD-00108,ITM-000036639,2025-11-30,3,,,True
REV-0000105,CUS-007197,PRD-00823,ITM-000025933,2022-08-12,5,Good quality and exactly ,Good quality and exactly as expected.,True
REV-0000106,CUS-008846,PRD-00690,ITM-000060038,2024-11-07,3,Good quality and exactly ,Good quality and exactly as expected.,True
REV-0000107,CUS-003554,PRD-00355,ITM-000059492,2021-07-18,3,Good quality and exactly ,Good quality and exactly as expected.,True
REV-0000108,CUS-001085,PRD-00716,ITM-000026294,2024-12-01,5,Good quality and exactly ,Good quality and exactly as expected.,True
REV-0000109,CUS-007597,PRD-00163,ITM-000014776,2021-08-20,2,,,True
REV-0000110,CUS-008402,PRD-00188,ITM-000008835,2020-02-10,5,Good quality and exactly ,Good quality and exactly as expected.,True
REV-0000111,CUS-008721,PRD-00266,ITM-000001990,2025-06-24,5,,,True
REV-0000112,CUS-001262,PRD-00582,ITM-000004924,2024-01-28,2,Product quality was disap,Product quality was disappointing.,True
REV-0000113,,PRD-00816,ITM-000056538,2026-07-20,4,Good quality and exactly ,Good quality and exactly as expected.,True
REV-0000114,CUS-009020,PRD-00807,ITM-000068053,2025-06-21,4,Good quality and exactly ,Good quality and exactly as expected.,True
REV-0000115,CUS-005121,PRD-00561,ITM-000041107,2026-01-15,4,Good quality and exactly ,Good quality and exactly as expected.,True
REV-0000116,CUS-004906,PRD-00669,ITM-000069556,2021-07-24,5,,,True
REV-0000117,CUS-009998,PRD-00208,ITM-000073847,2025-03-17,4,Good quality and exactly ,Good quality and exactly as expected.,True
REV-0000118,CUS-002525,PRD-00199,ITM-000047538,2024-11-02,3,Good quality and exactly ,Good quality and exactly as expected.,True
REV-0000119,CUS-001047,PRD-00304,ITM-000042073,2025-09-03,1,,,True
REV-0000120,CUS-009400,PRD-00762,ITM-000042810,2020-06-11,5,Good quality and exactly ,Good quality and exactly as expected.,True
REV-0000121,CUS-008860,PRD-00749,ITM-000041758,2026-05-17,4,Good quality and exactly ,Good quality and exactly as expected.,True
REV-0000122,CUS-006495,PRD-00626,ITM-000069950,2020-11-08,4,Good quality and exactly ,Good quality and exactly as expected.,True
REV-0000123,CUS-005569,PRD-00877,ITM-000071626,2021-03-08,3,Good quality and exactly ,Good quality and exactly as expected.,True
REV-0000124,CUS-005555,PRD-00543,ITM-000032671,2026-09-23,4,Good quality and exactly ,Good quality and exactly as expected.,True
REV-0000125,CUS-005291,PRD-00067,ITM-000049969,2020-10-26,2,Product quality was disap,Product quality was disappointing.,True
REV-0000126,CUS-011484,PRD-00767,ITM-000061753,2026-09-15,5,,,True
REV-0000127,CUS-002985,PRD-00773,ITM-000026287,2025-01-21,2,Product quality was disap,Product quality was disappointing.,True
REV-0000128,CUS-006503,PRD-00619,ITM-000052261,2022-10-12,5,Good quality and exactly ,Good quality and exactly as expected.,True
REV-0000129,CUS-004679,PRD-00427,ITM-000048585,2024-03-06,3,Good quality and exactly ,Good quality and exactly as expected.,True
REV-0000130,CUS-004876,PRD-00754,ITM-000070490,2021-11-25,5,Good quality and exactly ,Good quality and exactly as expected.,True
REV-0000131,CUS-010288,PRD-00636,ITM-000034229,2024-07-22,5,,,True
REV-0000132,CUS-002646,PRD-00639,ITM-000012266,2023-07-17,3,Good quality and exactly ,Good quality and exactly as expected.,True
REV-0000133,CUS-006237,PRD-00531,ITM-000016941,2025-07-06,3,Good quality and exactly ,Good quality and exactly as expected.,True
REV-0000134,CUS-008100,PRD-00754,ITM-000059698,2024-12-11,4,Good quality and exactly ,Good quality and exactly as expected.,True
REV-0000135,CUS-006215,PRD-00199,ITM-000038473,2022-12-31,5,Good quality and exactly ,Good quality and exactly as expected.,True
REV-0000136,CUS-006830,PRD-00615,ITM-000071730,2021-12-12,4,,,True
REV-0000137,CUS-010446,PRD-00666,ITM-000055464,2026-01-02,2,,,True
REV-0000138,CUS-008995,PRD-00672,ITM-000003612,2020-05-23,3,,,True
REV-0000139,CUS-007284,PRD-00216,ITM-000023582,2021-05-01,5,Good quality and exactly ,Good quality and exactly as expected.,True
REV-0000140,CUS-005783,PRD-00559,ITM-000070967,2024-03-19,1,Product quality was disap,Product quality was disappointing.,True
REV-0000141,CUS-004960,PRD-00422,ITM-000050184,2026-04-25,5,Good quality and exactly ,Good quality and exactly as expected.,True
REV-0000142,CUS-006534,PRD-00423,ITM-000060361,2025-01-25,4,Good quality and exactly ,Good quality and exactly as expected.,True
REV-0000143,CUS-000237,PRD-00767,ITM-000033797,2023-07-29,2,Product quality was disap,Product quality was disappointing.,True
REV-0000144,CUS-005323,PRD-00098,ITM-000007094,2021-08-25,5,Good quality and exactly ,Good quality and exactly as expected.,True
REV-0000145,CUS-000093,PRD-00687,ITM-000074999,2020-05-25,1,Product quality was disap,Product quality was disappointing.,True
REV-0000146,CUS-011090,PRD-00569,ITM-000020112,2024-07-12,2,,,True
REV-0000147,CUS-003832,PRD-00775,ITM-000053170,2022-06-16,4,,,True
REV-0000148,CUS-004882,PRD-00606,ITM-000024560,2020-09-06,5,Good quality and exactly ,Good quality and exactly as expected.,True
REV-0000149,CUS-004961,PRD-00236,ITM-000004959,2020-08-14,5,Good quality and exactly ,Good quality and exactly as expected.,True
REV-0000150,CUS-004052,PRD-00489,ITM-000011999,2021-12-27,5,Good quality and exactly ,Good quality and exactly as expected.,True
REV-0000151,CUS-010355,PRD-00267,ITM-000034110,2020-06-08,4,Good quality and exactly ,Good quality and exactly as expected.,True
REV-0000152,CUS-000366,PRD-00574,ITM-000063907,2026-07-05,2,Product quality was disap,Product quality was disappointing.,True
REV-0000153,CUS-006248,PRD-00596,ITM-000068068,2022-09-07,5,Good quality and exactly ,Good quality and exactly as expected.,True
REV-0000154,,PRD-00406,ITM-000009983,2023-05-22,3,Good quality and exactly ,Good quality and exactly as expected.,True
REV-0000155,CUS-008614,PRD-00704,ITM-000005970,2023-12-22,2,Product quality was disap,Product quality was disappointing.,True
REV-0000156,CUS-010112,PRD-00248,ITM-000027545,2025-04-05,5,,,True
REV-0000157,CUS-006039,PRD-00835,ITM-000055806,2020-07-27,4,Good quality and exactly ,Good quality and exactly as expected.,True
REV-0000158,CUS-010412,PRD-00564,ITM-000078250,2025-10-18,5,Good quality and exactly ,Good quality and exactly as expected.,True
REV-0000159,CUS-008564,PRD-00112,ITM-000054069,2022-03-13,4,Good quality and exactly ,Good quality and exactly as expected.,True
REV-0000160,CUS-002470,PRD-00480,ITM-000010195,2020-04-03,2,Product quality was disap,Product quality was disappointing.,True
REV-0000161,CUS-007454,PRD-00719,ITM-000066239,2022-09-29,5,Good quality and exactly ,Good quality and exactly as expected.,True
REV-0000162,CUS-000202,PRD-00861,ITM-000032239,2024-06-09,2,Product quality was disap,Product quality was disappointing.,True
REV-0000163,CUS-008372,PRD-00665,ITM-000039525,2023-06-01,3,Good quality and exactly ,Good quality and exactly as expected.,True
REV-0000164,CUS-006070,PRD-00126,ITM-000075167,2026-09-03,4,,,True
REV-0000165,CUS-000653,PRD-00587,ITM-000000628,2021-03-20,4,Good quality and exactly ,Good quality and exactly as expected.,True
REV-0000166,CUS-001206,PRD-00316,ITM-000034800,2025-08-29,3,Good quality and exactly ,Good quality and exactly as expected.,True
REV-0000167,CUS-010702,PRD-00640,ITM-000034578,2020-02-04,5,Good quality and exactly ,Good quality and exactly as expected.,True
REV-0000168,CUS-000170,PRD-00673,ITM-000014112,2024-04-02,5,Good quality and exactly ,Good quality and exactly as expected.,True
REV-0000169,CUS-010744,PRD-00524,ITM-000073854,2022-12-19,4,,,True
REV-0000170,CUS-008395,PRD-00666,ITM-000038297,2026-08-24,5,Good quality and exactly ,Good quality and exactly as expected.,True
REV-0000171,CUS-003607,PRD-00133,ITM-000013022,2022-05-15,4,Good quality and exactly ,Good quality and exactly as expected.,True
REV-0000172,CUS-009585,PRD-00436,ITM-000073626,2024-02-06,4,Good quality and exactly ,Good quality and exactly as expected.,True
REV-0000173,CUS-000497,PRD-00844,ITM-000053642,2024-12-20,4,Good quality and exactly ,Good quality and exactly as expected.,True
REV-0000174,CUS-000526,PRD-00158,ITM-000057818,2021-08-18,5,Good quality and exactly ,Good quality and exactly as expected.,True
REV-0000175,CUS-004593,PRD-00213,ITM-000018168,2022-02-11,2,Product quality was disap,Product quality was disappointing.,True
REV-0000176,CUS-006168,PRD-00287,ITM-000053377,2023-01-14,5,Good quality and exactly ,Good quality and exactly as expected.,True
REV-0000177,CUS-006228,PRD-00609,ITM-000037665,2025-05-11,4,Good quality and exactly ,Good quality and exactly as expected.,True
REV-0000178,CUS-002171,PRD-00676,ITM-000079323,2023-01-26,4,,,True
REV-0000179,CUS-004527,PRD-00165,ITM-000044611,2020-03-22,5,Good quality and exactly ,Good quality and exactly as expected.,True
REV-0000180,CUS-009241,PRD-00597,ITM-000031188,2024-06-05,1,Product quality was disap,Product quality was disappointing.,True
REV-0000181,CUS-001228,PRD-00527,ITM-000032066,2025-08-02,4,Good quality and exactly ,Good quality and exactly as expected.,True
REV-0000182,CUS-002274,PRD-00548,ITM-000070609,2025-06-15,2,Product quality was disap,Product quality was disappointing.,True
REV-0000183,CUS-004902,PRD-00643,ITM-000050950,2022-06-05,5,Good quality and exactly ,Good quality and exactly as expected.,True
REV-0000184,CUS-006170,PRD-00021,ITM-000071562,2022-07-26,1,Product quality was disap,Product quality was disappointing.,True
REV-0000185,CUS-005335,PRD-00372,ITM-000052731,2024-07-29,3,Good quality and exactly ,Good quality and exactly as expected.,True
REV-0000186,CUS-003761,PRD-00700,ITM-000068706,2023-05-26,5,Good quality and exactly ,Good quality and exactly as expected.,True
REV-0000187,CUS-005409,PRD-00262,ITM-000064882,2023-01-15,1,Product quality was disap,Product quality was disappointing.,True
REV-0000188,CUS-004891,PRD-00323,ITM-000040031,2020-06-18,5,Good quality and exactly ,Good quality and exactly as expected.,True
REV-0000189,CUS-005548,PRD-00682,ITM-000030353,2025-03-07,4,Good quality and exactly ,Good quality and exactly as expected.,True
REV-0000190,CUS-004578,PRD-00742,ITM-000071695,2025-01-17,5,Good quality and exactly ,Good quality and exactly as expected.,True
REV-0000191,CUS-011170,PRD-00124,ITM-000069395,2026-07-21,4,Good quality and exactly ,Good quality and exactly as expected.,True
REV-0000192,CUS-004125,PRD-00772,ITM-000044671,2020-12-02,5,Good quality and exactly ,Good quality and exactly as expected.,True
REV-0000193,CUS-009086,PRD-00788,ITM-000002626,2026-01-03,4,Good quality and exactly ,Good quality and exactly as expected.,True
REV-0000194,CUS-007021,PRD-00289,ITM-000040650,2022-07-20,5,,,True
REV-0000195,CUS-004994,PRD-00176,ITM-000071815,2025-11-14,4,Good quality and exactly ,Good quality and exactly as expected.,True
REV-0000196,CUS-011961,PRD-00776,ITM-000063515,2022-04-28,2,Product quality was disap,Product quality was disappointing.,True
REV-0000197,CUS-000877,PRD-00077,ITM-000016702,2022-04-17,5,Good quality and exactly ,Good quality and exactly as expected.,True
REV-0000198,CUS-007867,PRD-00875,ITM-000065716,2022-04-11,5,Good quality and exactly ,Good quality and exactly as expected.,True
REV-0000199,CUS-011653,PRD-00377,ITM-000017814,2026-07-08,4,Good quality and exactly ,Good quality and exactly as expected.,True
REV-0000200,CUS-002582,PRD-00163,ITM-000057429,2021-11-11,5,Good quality and exactly ,Good quality and exactly as expected.,True
REV-0000201,CUS-008758,PRD-00475,ITM-000001306,2023-05-06,3,Good quality and exactly ,Good quality and exactly as expected.,True
REV-0000202,CUS-005011,PRD-00245,ITM-000063356,2025-11-07,5,Good quality and exactly ,Good quality and exactly as expected.,True
REV-0000203,CUS-011990,PRD-00874,ITM-000064927,2020-11-26,2,,,True
REV-0000204,CUS-001173,PRD-00813,ITM-000034987,2023-04-18,4,Good quality and exactly ,Good quality and exactly as expected.,True
REV-0000205,CUS-009235,PRD-00533,ITM-000039552,2023-10-23,4,Good quality and exactly ,Good quality and exactly as expected.,True
REV-0000206,CUS-008877,PRD-00830,ITM-000078638,2021-11-04,4,Good quality and exactly ,Good quality and exactly as expected.,True
REV-0000207,CUS-000160,PRD-00203,ITM-000020636,2022-11-07,4,Good quality and exactly ,Good quality and exactly as expected.,True
REV-0000208,CUS-003562,PRD-00180,ITM-000077683,2025-09-30,5,Good quality and exactly ,Good quality and exactly as expected.,True
REV-0000209,CUS-010584,PRD-00144,ITM-000043379,2024-12-09,3,Good quality and exactly ,Good quality and exactly as expected.,True
REV-0000210,CUS-005059,PRD-00603,ITM-000058483,2025-04-07,4,Good quality and exactly ,Good quality and exactly as expected.,True
REV-0000211,CUS-009067,PRD-00865,ITM-000074067,2022-04-28,5,Good quality and exactly ,Good quality and exactly as expected.,True
REV-0000212,CUS-006267,PRD-00583,ITM-000067015,2023-02-15,1,Product quality was disap,Product quality was disappointing.,True
REV-0000213,CUS-009754,PRD-00118,ITM-000074318,2025-01-07,1,Product quality was disap,Product quality was disappointing.,True
REV-0000214,CUS-003513,PRD-00595,ITM-000010880,2022-01-12,4,,,True
REV-0000215,CUS-005445,PRD-00027,ITM-000031831,2026-04-06,4,Good quality and exactly ,Good quality and exactly as expected.,True
REV-0000216,CUS-001556,PRD-00390,ITM-000018173,2025-05-12,5,Good quality and exactly ,Good quality and exactly as expected.,True
REV-0000217,CUS-011499,PRD-00834,ITM-000013595,2020-03-27,4,Good quality and exactly ,Good quality and exactly as expected.,True
REV-0000218,CUS-007475,PRD-00542,ITM-000053494,2023-03-20,5,Good quality and exactly ,Good quality and exactly as expected.,True
REV-0000219,CUS-008682,PRD-00220,ITM-000001149,2026-03-25,5,Good quality and exactly ,Good quality and exactly as expected.,True
REV-0000220,CUS-001702,PRD-00291,ITM-000073219,2026-03-08,3,Good quality and exactly ,Good quality and exactly as expected.,True
REV-0000221,CUS-001974,PRD-00617,ITM-000058403,2023-12-30,4,Good quality and exactly ,Good quality and exactly as expected.,True
REV-0000222,CUS-002568,PRD-00361,ITM-000021381,2024-06-20,5,Good quality and exactly ,Good quality and exactly as expected.,True
REV-0000223,CUS-006919,PRD-00033,ITM-000044954,2025-02-28,5,Good quality and exactly ,Good quality and exactly as expected.,True
REV-0000224,CUS-010495,PRD-00695,ITM-000018922,2021-12-15,5,Good quality and exactly ,Good quality and exactly as expected.,True
REV-0000225,CUS-006331,PRD-00760,ITM-000032566,2025-01-26,4,Good quality and exactly ,Good quality and exactly as expected.,True
REV-0000226,CUS-005306,PRD-00451,ITM-000009550,2026-09-17,4,Good quality and exactly ,Good quality and exactly as expected.,True
REV-0000227,CUS-000609,PRD-00791,ITM-000007590,2025-05-01,5,Good quality and exactly ,Good quality and exactly as expected.,True
REV-0000228,CUS-002329,PRD-00461,ITM-000055817,2021-04-07,4,Good quality and exactly ,Good quality and exactly as expected.,True
REV-0000229,CUS-005955,PRD-00335,ITM-000063598,2023-10-22,5,Good quality and exactly ,Good quality and exactly as expected.,True
REV-0000230,,PRD-00176,ITM-000048422,2026-07-25,5,Good quality and exactly ,Good quality and exactly as expected.,True
REV-0000231,CUS-001579,PRD-00304,ITM-000019295,2021-06-30,5,Good quality and exactly ,Good quality and exactly as expected.,True
REV-0000232,,PRD-00244,ITM-000067524,2020-03-25,4,Good quality and exactly ,Good quality and exactly as expected.,True
REV-0000233,,PRD-00627,ITM-000057014,2021-06-17,4,,,True
REV-0000234,CUS-011519,PRD-00321,ITM-000070056,2026-03-15,4,Good quality and exactly ,Good quality and exactly as expected.,True
REV-0000235,CUS-009294,PRD-00638,ITM-000055843,2021-06-24,4,Good quality and exactly ,Good quality and exactly as expected.,True
REV-0000236,CUS-011847,PRD-00086,ITM-000028735,2020-03-08,5,Good quality and exactly ,Good quality and exactly as expected.,True
REV-0000237,CUS-008192,PRD-00333,ITM-000020910,2021-12-25,4,Good quality and exactly ,Good quality and exactly as expected.,True
REV-0000238,CUS-008421,PRD-00742,ITM-000054603,2020-07-17,2,,,True
REV-0000239,CUS-006658,PRD-00456,ITM-000061789,2021-06-11,1,Product quality was disap,Product quality was disappointing.,True
REV-0000240,CUS-002344,PRD-00011,ITM-000055607,2022-12-31,4,Good quality and exactly ,Good quality and exactly as expected.,True
REV-0000241,CUS-000748,PRD-00272,ITM-000019460,2023-02-03,1,Product quality was disap,Product quality was disappointing.,True
REV-0000242,CUS-005351,PRD-00066,ITM-000061074,2021-07-23,3,Good quality and exactly ,Good quality and exactly as expected.,True
REV-0000243,CUS-002512,PRD-00669,ITM-000066827,2021-07-24,5,Good quality and exactly ,Good quality and exactly as expected.,True
REV-0000244,CUS-007440,PRD-00882,ITM-000034073,2025-05-20,4,Good quality and exactly ,Good quality and exactly as expected.,True
REV-0000245,CUS-008257,PRD-00749,ITM-000033844,2023-07-13,2,Product quality was disap,Product quality was disappointing.,True
REV-0000246,CUS-003135,PRD-00804,ITM-000058064,2022-09-30,1,,,True
REV-0000247,CUS-010953,PRD-00069,ITM-000048242,2023-05-18,5,Good quality and exactly ,Good quality and exactly as expected.,True
REV-0000248,CUS-003328,PRD-00079,ITM-000009696,2021-09-12,4,,,True
REV-0000249,CUS-011242,PRD-00734,ITM-000009887,2024-01-03,2,Product quality was disap,Product quality was disappointing.,True
REV-0000250,CUS-003060,PRD-00435,ITM-000031810,2025-11-09,4,Good quality and exactly ,Good quality and exactly as expected.,True
REV-0000251,CUS-007917,PRD-00332,ITM-000048711,2022-06-01,5,Good quality and exactly ,Good quality and exactly as expected.,True
REV-0000252,CUS-008522,PRD-00130,ITM-000013025,2025-02-25,3,Good quality and exactly ,Good quality and exactly as expected.,True
REV-0000253,CUS-007723,PRD-00169,ITM-000034402,2024-11-21,4,Good quality and exactly ,Good quality and exactly as expected.,True
REV-0000254,CUS-001659,PRD-00701,ITM-000046186,2022-06-17,4,,,True
REV-0000255,CUS-008298,PRD-00194,ITM-000073369,2022-07-23,5,Good quality and exactly ,Good quality and exactly as expected.,True
REV-0000256,CUS-001240,PRD-00395,ITM-000071906,2023-08-05,3,Good quality and exactly ,Good quality and exactly as expected.,True
REV-0000257,CUS-009369,PRD-00342,ITM-000002827,2023-05-20,2,Product quality was disap,Product quality was disappointing.,True
REV-0000258,CUS-002040,PRD-00249,ITM-000038091,2023-09-11,5,Good quality and exactly ,Good quality and exactly as expected.,True
REV-0000259,CUS-010445,PRD-00502,ITM-000034498,2023-01-27,4,Good quality and exactly ,Good quality and exactly as expected.,True
REV-0000260,CUS-005344,PRD-00857,ITM-000026211,2022-05-31,1,Product quality was disap,Product quality was disappointing.,True
REV-0000261,CUS-008050,PRD-00799,ITM-000034018,2024-02-28,4,Good quality and exactly ,Good quality and exactly as expected.,True
REV-0000262,CUS-003363,PRD-00261,ITM-000025636,2026-02-02,4,Good quality and exactly ,Good quality and exactly as expected.,True
REV-0000263,CUS-000166,PRD-00789,ITM-000046019,2025-05-04,4,Good quality and exactly ,Good quality and exactly as expected.,True
REV-0000264,CUS-002144,PRD-00504,ITM-000043810,2023-09-16,5,Good quality and exactly ,Good quality and exactly as expected.,True
REV-0000265,,PRD-00650,ITM-000078909,2025-04-21,3,Good quality and exactly ,Good quality and exactly as expected.,True
REV-0000266,CUS-003589,PRD-00483,ITM-000051642,2024-10-26,5,Good quality and exactly ,Good quality and exactly as expected.,True
REV-0000267,CUS-003716,PRD-00517,ITM-000011270,2023-12-27,3,Good quality and exactly ,Good quality and exactly as expected.,True
REV-0000268,CUS-006397,PRD-00637,ITM-000026239,2025-12-14,5,Good quality and exactly ,Good quality and exactly as expected.,True
REV-0000269,CUS-004879,PRD-00605,ITM-000017310,2025-02-27,1,,,True
REV-0000270,CUS-009724,PRD-00762,ITM-000039315,2026-05-17,5,Good quality and exactly ,Good quality and exactly as expected.,True
REV-0000271,CUS-010890,PRD-00321,ITM-000041377,2021-01-27,4,Good quality and exactly ,Good quality and exactly as expected.,True
REV-0000272,CUS-000721,PRD-00084,ITM-000062660,2022-05-20,2,Product quality was disap,Product quality was disappointing.,True
REV-0000273,CUS-006138,PRD-00866,ITM-000075992,2021-06-27,5,Good quality and exactly ,Good quality and exactly as expected.,True
REV-0000274,,PRD-00454,ITM-000065587,2023-04-25,4,Good quality and exactly ,Good quality and exactly as expected.,True
REV-0000275,CUS-006225,PRD-00427,ITM-000005761,2026-04-10,2,Product quality was disap,Product quality was disappointing.,True
REV-0000276,CUS-007694,PRD-00873,ITM-000047766,2023-10-25,2,Product quality was disap,Product quality was disappointing.,True
REV-0000277,CUS-004173,PRD-00567,ITM-000000243,2023-09-02,5,Good quality and exactly ,Good quality and exactly as expected.,True
REV-0000278,CUS-002294,PRD-00683,ITM-000072062,2025-03-12,5,Good quality and exactly ,Good quality and exactly as expected.,True
REV-0000279,CUS-009644,PRD-00113,ITM-000014976,2023-11-13,5,Good quality and exactly ,Good quality and exactly as expected.,True
REV-0000280,CUS-009619,PRD-00363,ITM-000005669,2022-10-21,4,Good quality and exactly ,Good quality and exactly as expected.,True
REV-0000281,CUS-010161,PRD-00482,ITM-000006042,2026-05-24,3,Good quality and exactly ,Good quality and exactly as expected.,True
REV-0000282,CUS-005286,PRD-00134,ITM-000022818,2024-03-21,3,Good quality and exactly ,Good quality and exactly as expected.,True
REV-0000283,CUS-000881,PRD-00742,ITM-000043663,2025-08-13,5,Good quality and exactly ,Good quality and exactly as expected.,True
REV-0000284,CUS-008227,PRD-00769,ITM-000076897,2024-02-21,5,Good quality and exactly ,Good quality and exactly as expected.,True
REV-0000285,CUS-000187,PRD-00238,ITM-000005107,2023-03-18,5,Good quality and exactly ,Good quality and exactly as expected.,True
REV-0000286,CUS-011941,PRD-00091,ITM-000036990,2022-11-29,5,Good quality and exactly ,Good quality and exactly as expected.,True
REV-0000287,CUS-002083,PRD-00391,ITM-000027515,2023-10-15,5,,,True
REV-0000288,CUS-004242,PRD-00348,ITM-000043353,2026-07-07,4,Good quality and exactly ,Good quality and exactly as expected.,True
REV-0000289,CUS-004606,PRD-00818,ITM-000061996,2022-06-14,2,Product quality was disap,Product quality was disappointing.,True
REV-0000290,CUS-006450,PRD-00231,ITM-000047428,2023-07-26,4,Good quality and exactly ,Good quality and exactly as expected.,True
REV-0000291,CUS-007428,PRD-00114,ITM-000051182,2026-09-21,2,Product quality was disap,Product quality was disappointing.,True
REV-0000292,CUS-003429,PRD-00400,ITM-000021762,2020-05-29,4,Good quality and exactly ,Good quality and exactly as expected.,True
REV-0000293,CUS-001969,PRD-00786,ITM-000067788,2024-02-11,5,Good quality and exactly ,Good quality and exactly as expected.,True
REV-0000294,CUS-011089,PRD-00249,ITM-000076896,2024-07-30,1,Product quality was disap,Product quality was disappointing.,True
REV-0000295,CUS-006054,PRD-00359,ITM-000018768,2026-05-16,4,Good quality and exactly ,Good quality and exactly as expected.,True
REV-0000296,CUS-011211,PRD-00341,ITM-000022356,2020-03-12,5,Good quality and exactly ,Good quality and exactly as expected.,True
REV-0000297,CUS-002092,PRD-00231,ITM-000052965,2026-03-30,4,Good quality and exactly ,Good quality and exactly as expected.,True
REV-0000298,CUS-003598,PRD-00579,ITM-000039626,2021-11-10,4,Good quality and exactly ,Good quality and exactly as expected.,True
REV-0000299,,PRD-00508,ITM-000075608,2021-10-12,1,Product quality was disap,Product quality was disappointing.,True
REV-0000300,CUS-009171,PRD-00455,ITM-000058334,2022-05-01,4,,,True
REV-0000301,CUS-007545,PRD-00074,ITM-000076683,2022-06-16,4,Good quality and exactly ,Good quality and exactly as expected.,True
REV-0000302,CUS-005786,PRD-00555,ITM-000008904,2021-11-12,5,Good quality and exactly ,Good quality and exactly as expected.,True
REV-0000303,CUS-010914,PRD-00166,ITM-000008047,2020-06-09,4,Good quality and exactly ,Good quality and exactly as expected.,True
REV-0000304,CUS-011174,PRD-00661,ITM-000009917,2022-02-12,4,Good quality and exactly ,Good quality and exactly as expected.,True
REV-0000305,CUS-004695,PRD-00001,ITM-000005082,2025-08-22,4,Good quality and exactly ,Good quality and exactly as expected.,True
REV-0000306,CUS-001391,PRD-00577,ITM-000072208,2024-01-20,5,Good quality and exactly ,Good quality and exactly as expected.,True
REV-0000307,,PRD-00815,ITM-000079383,2021-04-18,4,Good quality and exactly ,Good quality and exactly as expected.,True
REV-0000308,CUS-003864,PRD-00854,ITM-000009434,2021-07-11,4,Good quality and exactly ,Good quality and exactly as expected.,True
REV-0000309,CUS-003282,PRD-00226,ITM-000063653,2020-07-07,3,Good quality and exactly ,Good quality and exactly as expected.,True
REV-0000310,CUS-004203,PRD-00398,ITM-000050202,2020-11-16,5,Good quality and exactly ,Good quality and exactly as expected.,True
REV-0000311,CUS-003490,PRD-00324,ITM-000022126,2024-05-02,4,Good quality and exactly ,Good quality and exactly as expected.,True
REV-0000312,CUS-003709,PRD-00522,ITM-000031317,2024-02-04,5,Good quality and exactly ,Good quality and exactly as expected.,True
REV-0000313,CUS-004066,PRD-00767,ITM-000024649,2026-09-02,4,,,True
REV-0000314,CUS-010153,PRD-00317,ITM-000060415,2026-07-03,3,,,True
REV-0000315,CUS-008995,PRD-00184,ITM-000051579,2025-05-24,4,Good quality and exactly ,Good quality and exactly as expected.,True
REV-0000316,,PRD-00418,ITM-000036154,2023-04-03,4,Good quality and exactly ,Good quality and exactly as expected.,True
REV-0000317,CUS-008352,PRD-00519,ITM-000013988,2020-06-24,1,,,True
REV-0000318,CUS-008157,PRD-00509,ITM-000061697,2020-09-13,3,Good quality and exactly ,Good quality and exactly as expected.,True
REV-0000319,CUS-004128,PRD-00890,ITM-000004240,2025-08-09,3,Good quality and exactly ,Good quality and exactly as expected.,True
REV-0000320,CUS-006710,PRD-00203,ITM-000042064,2025-11-25,4,,,True
REV-0000321,CUS-008576,PRD-00401,ITM-000060974,2021-06-10,3,Good quality and exactly ,Good quality and exactly as expected.,True
REV-0000322,CUS-003286,PRD-00328,ITM-000005911,2021-08-16,5,Good quality and exactly ,Good quality and exactly as expected.,True
REV-0000323,CUS-000159,PRD-00777,ITM-000061349,2021-10-05,5,Good quality and exactly ,Good quality and exactly as expected.,True
REV-0000324,CUS-005193,PRD-00456,ITM-000028604,2020-04-26,3,,,True
REV-0000325,CUS-001634,PRD-00848,ITM-000047804,2020-05-15,5,Good quality and exactly ,Good quality and exactly as expected.,True
REV-0000326,CUS-011471,PRD-00496,ITM-000046759,2022-06-23,2,Product quality was disap,Product quality was disappointing.,True
REV-0000327,CUS-006860,PRD-00290,ITM-000014903,2025-10-12,3,Good quality and exactly ,Good quality and exactly as expected.,True
REV-0000328,CUS-011769,PRD-00541,ITM-000078787,2022-06-07,2,Product quality was disap,Product quality was disappointing.,True
REV-0000329,CUS-009719,PRD-00900,ITM-000040190,2023-12-28,3,Good quality and exactly ,Good quality and exactly as expected.,True
REV-0000330,CUS-004342,PRD-00868,ITM-000044062,2026-10-19,5,Good quality and exactly ,Good quality and exactly as expected.,True
REV-0000331,CUS-010777,PRD-00196,ITM-000004301,2023-05-25,5,Good quality and exactly ,Good quality and exactly as expected.,True
REV-0000332,CUS-007462,PRD-00783,ITM-000018654,2020-05-30,4,,,True
REV-0000333,CUS-008209,PRD-00613,ITM-000011916,2020-09-05,4,Good quality and exactly ,Good quality and exactly as expected.,True
REV-0000334,CUS-004187,PRD-00129,ITM-000078533,2022-01-17,4,Good quality and exactly ,Good quality and exactly as expected.,True
REV-0000335,CUS-006325,PRD-00500,ITM-000034464,2020-09-20,4,,,True
REV-0000336,CUS-002318,PRD-00358,ITM-000040419,2026-07-13,4,Good quality and exactly ,Good quality and exactly as expected.,True
REV-0000337,CUS-007310,PRD-00534,ITM-000031471,2021-03-10,2,Product quality was disap,Product quality was disappointing.,True
REV-0000338,CUS-000160,PRD-00100,ITM-000035697,2025-11-05,4,Good quality and exactly ,Good quality and exactly as expected.,True
REV-0000339,CUS-000206,PRD-00483,ITM-000003327,2020-07-16,3,Good quality and exactly ,Good quality and exactly as expected.,True
REV-0000340,CUS-003211,PRD-00216,ITM-000044628,2023-04-11,5,Good quality and exactly ,Good quality and exactly as expected.,True
REV-0000341,CUS-011613,PRD-00392,ITM-000065485,2025-02-28,1,Product quality was disap,Product quality was disappointing.,True
REV-0000342,CUS-005424,PRD-00884,ITM-000001887,2020-11-08,4,Good quality and exactly ,Good quality and exactly as expected.,True
REV-0000343,CUS-005381,PRD-00149,ITM-000076326,2021-03-07,4,Good quality and exactly ,Good quality and exactly as expected.,True
REV-0000344,CUS-008304,PRD-00786,ITM-000062697,2020-07-04,4,Good quality and exactly ,Good quality and exactly as expected.,True
REV-0000345,CUS-003983,PRD-00037,ITM-000007389,2024-02-26,4,Good quality and exactly ,Good quality and exactly as expected.,True
REV-0000346,CUS-005819,PRD-00087,ITM-000027297,2025-08-17,3,Good quality and exactly ,Good quality and exactly as expected.,True
REV-0000347,CUS-009478,PRD-00014,ITM-000011799,2022-04-07,2,Product quality was disap,Product quality was disappointing.,True
REV-0000348,CUS-010896,PRD-00002,ITM-000004727,2023-04-10,5,Good quality and exactly ,Good quality and exactly as expected.,True
REV-0000349,CUS-011510,PRD-00220,ITM-000021976,2024-08-28,4,,,True
REV-0000350,CUS-007595,PRD-00022,ITM-000048721,2021-08-21,4,Good quality and exactly ,Good quality and exactly as expected.,True
REV-0000351,CUS-000825,PRD-00583,ITM-000072810,2026-07-23,1,Product quality was disap,Product quality was disappointing.,True
REV-0000352,CUS-006289,PRD-00030,ITM-000077545,2020-07-05,5,Good quality and exactly ,Good quality and exactly as expected.,True
REV-0000353,CUS-004751,PRD-00337,ITM-000038250,2020-09-24,5,,,True
REV-0000354,CUS-002306,PRD-00814,ITM-000053963,2024-09-06,5,Good quality and exactly ,Good quality and exactly as expected.,True
REV-0000355,CUS-006787,PRD-00563,ITM-000010406,2020-08-19,5,Good quality and exactly ,Good quality and exactly as expected.,True
REV-0000356,CUS-011484,PRD-00660,ITM-000039094,2024-05-09,2,Product quality was disap,Product quality was disappointing.,True
REV-0000357,CUS-001547,PRD-00045,ITM-000032693,2023-05-20,5,Good quality and exactly ,Good quality and exactly as expected.,True
REV-0000358,CUS-010067,PRD-00091,ITM-000052735,2024-04-30,5,Good quality and exactly ,Good quality and exactly as expected.,True
REV-0000359,CUS-007768,PRD-00287,ITM-000009795,2021-10-20,4,Good quality and exactly ,Good quality and exactly as expected.,True
REV-0000360,CUS-002107,PRD-00835,ITM-000061071,2021-08-24,4,Good quality and exactly ,Good quality and exactly as expected.,True
REV-0000361,CUS-004531,PRD-00457,ITM-000050626,2024-01-02,4,Good quality and exactly ,Good quality and exactly as expected.,True
REV-0000362,CUS-001704,PRD-00028,ITM-000046733,2026-08-13,4,,,True
REV-0000363,CUS-008635,PRD-00765,ITM-000052070,2022-05-08,4,Good quality and exactly ,Good quality and exactly as expected.,True
REV-0000364,CUS-002626,PRD-00691,ITM-000000920,2022-03-15,3,Good quality and exactly ,Good quality and exactly as expected.,True
REV-0000365,CUS-002280,PRD-00020,ITM-000062828,2024-05-27,5,Good quality and exactly ,Good quality and exactly as expected.,True
REV-0000366,CUS-001919,PRD-00726,ITM-000052803,2020-10-10,3,Good quality and exactly ,Good quality and exactly as expected.,True
REV-0000367,CUS-004192,PRD-00871,ITM-000052482,2025-01-03,5,Good quality and exactly ,Good quality and exactly as expected.,True
REV-0000368,CUS-008062,PRD-00276,ITM-000067563,2022-01-05,5,Good quality and exactly ,Good quality and exactly as expected.,True
REV-0000369,CUS-007913,PRD-00510,ITM-000068941,2024-03-02,5,Good quality and exactly ,Good quality and exactly as expected.,True
REV-0000370,CUS-002726,PRD-00107,ITM-000010020,2023-08-26,5,Good quality and exactly ,Good quality and exactly as expected.,True
REV-0000371,CUS-001068,PRD-00099,ITM-000034526,2021-04-08,3,Good quality and exactly ,Good quality and exactly as expected.,True
REV-0000372,CUS-006600,PRD-00791,ITM-000069317,2023-08-26,4,Good quality and exactly ,Good quality and exactly as expected.,True
REV-0000373,CUS-006736,PRD-00413,ITM-000068496,2020-11-05,5,Good quality and exactly ,Good quality and exactly as expected.,True
REV-0000374,CUS-000930,PRD-00332,ITM-000005609,2022-07-23,4,,,True
REV-0000375,CUS-005335,PRD-00397,ITM-000003687,2024-02-29,3,Good quality and exactly ,Good quality and exactly as expected.,True
REV-0000376,CUS-008534,PRD-00532,ITM-000055079,2020-09-09,4,Good quality and exactly ,Good quality and exactly as expected.,True
REV-0000377,CUS-001136,PRD-00475,ITM-000025438,2021-10-11,4,Good quality and exactly ,Good quality and exactly as expected.,True
REV-0000378,CUS-009312,PRD-00322,ITM-000032501,2026-01-02,3,Good quality and exactly ,Good quality and exactly as expected.,True
REV-0000379,CUS-006569,PRD-00875,ITM-000024049,2024-10-16,5,Good quality and exactly ,Good quality and exactly as expected.,True
REV-0000380,,PRD-00721,ITM-000061566,2020-11-07,3,,,True
REV-0000381,CUS-011856,PRD-00117,ITM-000054432,2024-05-28,5,,,True
REV-0000382,CUS-010225,PRD-00713,ITM-000069797,2026-01-03,1,Product quality was disap,Product quality was disappointing.,True
REV-0000383,,PRD-00894,ITM-000049312,2026-07-12,5,Good quality and exactly ,Good quality and exactly as expected.,True
REV-0000384,CUS-009681,PRD-00461,ITM-000007211,2021-09-21,5,Good quality and exactly ,Good quality and exactly as expected.,True
REV-0000385,CUS-003061,PRD-00497,ITM-000006410,2024-09-03,3,Good quality and exactly ,Good quality and exactly as expected.,True
REV-0000386,CUS-000426,PRD-00514,ITM-000051835,2025-05-09,3,Good quality and exactly ,Good quality and exactly as expected.,True
REV-0000387,CUS-003679,PRD-00442,ITM-000013783,2025-02-16,3,Good quality and exactly ,Good quality and exactly as expected.,True
REV-0000388,CUS-002676,PRD-00131,ITM-000049652,2021-11-28,5,Good quality and exactly ,Good quality and exactly as expected.,True
REV-0000389,CUS-001826,PRD-00761,ITM-000019807,2020-12-19,1,,,True
REV-0000390,CUS-006642,PRD-00359,ITM-000014474,2022-11-01,5,,,True
REV-0000391,CUS-011886,PRD-00217,ITM-000038561,2020-04-12,1,Product quality was disap,Product quality was disappointing.,True
REV-0000392,CUS-007235,PRD-00364,ITM-000040459,2024-03-07,3,Good quality and exactly ,Good quality and exactly as expected.,True
REV-0000393,CUS-005817,PRD-00741,ITM-000023000,2022-05-02,4,Good quality and exactly ,Good quality and exactly as expected.,True
REV-0000394,CUS-008054,PRD-00613,ITM-000011300,2024-05-08,4,Good quality and exactly ,Good quality and exactly as expected.,True
REV-0000395,CUS-009209,PRD-00606,ITM-000034376,2023-04-17,4,Good quality and exactly ,Good quality and exactly as expected.,True
REV-0000396,CUS-002569,PRD-00088,ITM-000013415,2024-11-01,4,,,True
REV-0000397,CUS-001257,PRD-00182,ITM-000032529,2026-10-03,5,Good quality and exactly ,Good quality and exactly as expected.,True
REV-0000398,CUS-002438,PRD-00850,ITM-000054285,2020-11-17,5,Good quality and exactly ,Good quality and exactly as expected.,True
REV-0000399,CUS-011443,PRD-00566,ITM-000035801,2022-05-03,5,Good quality and exactly ,Good quality and exactly as expected.,True
REV-0000400,CUS-001658,PRD-00261,ITM-000044260,2026-01-19,5,Good quality and exactly ,Good quality and exactly as expected.,True
REV-0000401,CUS-005193,PRD-00745,ITM-000028603,2020-06-14,5,,,True
REV-0000402,CUS-006466,PRD-00597,ITM-000034850,2020-05-10,4,Good quality and exactly ,Good quality and exactly as expected.,True
REV-0000403,CUS-000507,PRD-00400,ITM-000066560,2025-01-20,4,Good quality and exactly ,Good quality and exactly as expected.,True
REV-0000404,CUS-007464,PRD-00552,ITM-000079174,2023-04-25,5,Good quality and exactly ,Good quality and exactly as expected.,True
REV-0000405,CUS-005497,PRD-00304,ITM-000071937,2020-05-06,5,,,True
REV-0000406,CUS-004802,PRD-00188,ITM-000020880,2022-09-18,5,,,True
REV-0000407,CUS-006094,PRD-00128,ITM-000076461,2022-10-24,4,Good quality and exactly ,Good quality and exactly as expected.,True
REV-0000408,CUS-000454,PRD-00114,ITM-000050310,2025-11-30,5,Good quality and exactly ,Good quality and exactly as expected.,True
REV-0000409,CUS-008331,PRD-00681,ITM-000054562,2025-01-29,2,Product quality was disap,Product quality was disappointing.,True
REV-0000410,CUS-008295,PRD-00195,ITM-000025701,2025-10-01,5,Good quality and exactly ,Good quality and exactly as expected.,True
REV-0000411,CUS-002665,PRD-00027,ITM-000052235,2025-08-16,5,Good quality and exactly ,Good quality and exactly as expected.,True
REV-0000412,CUS-011488,PRD-00085,ITM-000033673,2021-12-10,4,,,True
REV-0000413,CUS-010938,PRD-00588,ITM-000064832,2026-08-06,5,Good quality and exactly ,Good quality and exactly as expected.,True
REV-0000414,CUS-007010,PRD-00409,ITM-000043818,2024-10-01,2,Product quality was disap,Product quality was disappointing.,True
REV-0000415,CUS-005285,PRD-00076,ITM-000015326,2021-12-20,5,Good quality and exactly ,Good quality and exactly as expected.,True
REV-0000416,CUS-002526,PRD-00039,ITM-000002030,2026-06-22,4,Good quality and exactly ,Good quality and exactly as expected.,True
REV-0000417,CUS-004240,PRD-00471,ITM-000061896,2020-03-11,5,Good quality and exactly ,Good quality and exactly as expected.,True
REV-0000418,CUS-001280,PRD-00205,ITM-000052831,2024-04-21,2,Product quality was disap,Product quality was disappointing.,True
REV-0000419,CUS-009651,PRD-00703,ITM-000042025,2021-08-31,4,,,True
REV-0000420,CUS-000804,PRD-00871,ITM-000024253,2020-10-07,1,Product quality was disap,Product quality was disappointing.,True
REV-0000421,CUS-000256,PRD-00086,ITM-000025258,2021-01-31,4,Good quality and exactly ,Good quality and exactly as expected.,True
REV-0000422,,PRD-00588,ITM-000055995,2023-12-21,4,Good quality and exactly ,Good quality and exactly as expected.,True
REV-0000423,CUS-003087,PRD-00293,ITM-000042234,2021-01-20,4,Good quality and exactly ,Good quality and exactly as expected.,True
REV-0000424,CUS-002696,PRD-00455,ITM-000074187,2025-05-01,5,Good quality and exactly ,Good quality and exactly as expected.,True
REV-0000425,CUS-004504,PRD-00636,ITM-000016915,2023-02-26,4,Good quality and exactly ,Good quality and exactly as expected.,True
REV-0000426,CUS-005631,PRD-00060,ITM-000049014,2021-07-30,4,Good quality and exactly ,Good quality and exactly as expected.,True
REV-0000427,CUS-000857,PRD-00456,ITM-000036578,2025-09-11,2,,,True
REV-0000428,CUS-008034,PRD-00778,ITM-000066160,2025-08-07,3,Good quality and exactly ,Good quality and exactly as expected.,True
REV-0000429,CUS-008999,PRD-00512,ITM-000015598,2022-11-06,4,Good quality and exactly ,Good quality and exactly as expected.,True
REV-0000430,CUS-002782,PRD-00823,ITM-000032995,2024-07-12,5,Good quality and exactly ,Good quality and exactly as expected.,True
REV-0000431,CUS-005814,PRD-00363,ITM-000005004,2020-05-29,2,Product quality was disap,Product quality was disappointing.,True
REV-0000432,CUS-000004,PRD-00437,ITM-000044779,2021-08-06,4,Good quality and exactly ,Good quality and exactly as expected.,True
REV-0000433,CUS-009552,PRD-00186,ITM-000063022,2021-04-17,3,,,True
REV-0000434,CUS-008360,PRD-00463,ITM-000047086,2023-07-22,5,Good quality and exactly ,Good quality and exactly as expected.,True
REV-0000435,CUS-006569,PRD-00012,ITM-000027522,2022-11-05,5,,,True
REV-0000436,CUS-004077,PRD-00464,ITM-000011187,2021-04-08,4,Good quality and exactly ,Good quality and exactly as expected.,True
REV-0000437,CUS-011365,PRD-00448,ITM-000035860,2023-04-28,5,Good quality and exactly ,Good quality and exactly as expected.,True
REV-0000438,,PRD-00527,ITM-000039263,2025-03-12,3,Good quality and exactly ,Good quality and exactly as expected.,True
REV-0000439,CUS-000038,PRD-00315,ITM-000009819,2025-03-26,3,,,True
REV-0000440,CUS-000618,PRD-00311,ITM-000007046,2021-11-26,1,Product quality was disap,Product quality was disappointing.,True
REV-0000441,CUS-005078,PRD-00110,ITM-000076706,2024-06-06,4,Good quality and exactly ,Good quality and exactly as expected.,True
REV-0000442,CUS-005941,PRD-00680,ITM-000045922,2021-05-31,4,Good quality and exactly ,Good quality and exactly as expected.,True
REV-0000443,CUS-008955,PRD-00345,ITM-000057799,2020-02-23,5,Good quality and exactly ,Good quality and exactly as expected.,True
REV-0000444,CUS-009860,PRD-00800,ITM-000022296,2026-09-10,5,Good quality and exactly ,Good quality and exactly as expected.,True
REV-0000445,CUS-011090,PRD-00013,ITM-000067547,2022-03-31,5,Good quality and exactly ,Good quality and exactly as expected.,True
REV-0000446,CUS-006627,PRD-00612,ITM-000031834,2021-04-16,4,Good quality and exactly ,Good quality and exactly as expected.,True
REV-0000447,CUS-001903,PRD-00132,ITM-000043891,2023-11-19,3,,,True
REV-0000448,CUS-007586,PRD-00136,ITM-000041068,2020-10-08,4,Good quality and exactly ,Good quality and exactly as expected.,True
REV-0000449,CUS-003534,PRD-00863,ITM-000050225,2022-11-17,5,Good quality and exactly ,Good quality and exactly as expected.,True
REV-0000450,CUS-007794,PRD-00714,ITM-000025364,2026-02-01,5,Good quality and exactly ,Good quality and exactly as expected.,True
REV-0000451,CUS-002118,PRD-00171,ITM-000078965,2021-07-30,4,Good quality and exactly ,Good quality and exactly as expected.,True
REV-0000452,CUS-003405,PRD-00598,ITM-000038556,2022-04-20,3,,,True
REV-0000453,CUS-008272,PRD-00338,ITM-000001688,2023-09-08,3,Good quality and exactly ,Good quality and exactly as expected.,True
REV-0000454,CUS-000250,PRD-00463,ITM-000015305,2023-03-02,3,Good quality and exactly ,Good quality and exactly as expected.,True
REV-0000455,CUS-006272,PRD-00195,ITM-000059216,2025-12-07,1,,,True
REV-0000456,CUS-005809,PRD-00831,ITM-000024647,2025-06-27,3,Good quality and exactly ,Good quality and exactly as expected.,True
REV-0000457,CUS-000025,PRD-00327,ITM-000072166,2023-08-21,4,Good quality and exactly ,Good quality and exactly as expected.,True
REV-0000458,,PRD-00617,ITM-000023333,2020-09-08,5,,,True
REV-0000459,CUS-002526,PRD-00025,ITM-000026885,2023-12-27,4,Good quality and exactly ,Good quality and exactly as expected.,True
REV-0000460,CUS-008669,PRD-00525,ITM-000007781,2023-11-16,3,Good quality and exactly ,Good quality and exactly as expected.,True
REV-0000461,CUS-003686,PRD-00163,ITM-000003825,2023-11-19,5,,,True
REV-0000462,CUS-004337,PRD-00868,ITM-000045094,2024-08-20,1,Product quality was disap,Product quality was disappointing.,True
REV-0000463,CUS-001938,PRD-00036,ITM-000066168,2025-08-15,5,Good quality and exactly ,Good quality and exactly as expected.,True
REV-0000464,CUS-009630,PRD-00517,ITM-000072935,2025-08-19,5,Good quality and exactly ,Good quality and exactly as expected.,True
REV-0000465,CUS-002733,PRD-00636,ITM-000012458,2025-04-20,1,Product quality was disap,Product quality was disappointing.,True
REV-0000466,CUS-011184,PRD-00243,ITM-000073931,2023-11-24,4,,,True
REV-0000467,CUS-000823,PRD-00379,ITM-000005018,2024-10-13,3,Good quality and exactly ,Good quality and exactly as expected.,True
REV-0000468,CUS-002366,PRD-00001,ITM-000006421,2026-07-27,2,,,True
REV-0000469,CUS-009497,PRD-00315,ITM-000021255,2026-02-17,3,Good quality and exactly ,Good quality and exactly as expected.,True
REV-0000470,CUS-005854,PRD-00344,ITM-000017535,2021-09-03,1,Product quality was disap,Product quality was disappointing.,True
REV-0000471,CUS-011671,PRD-00232,ITM-000071081,2021-07-21,5,Good quality and exactly ,Good quality and exactly as expected.,True
REV-0000472,CUS-004639,PRD-00415,ITM-000046558,2021-08-05,4,Good quality and exactly ,Good quality and exactly as expected.,True
REV-0000473,CUS-011109,PRD-00235,ITM-000031497,2024-05-23,5,Good quality and exactly ,Good quality and exactly as expected.,True
REV-0000474,CUS-010306,PRD-00129,ITM-000030176,2023-12-25,3,Good quality and exactly ,Good quality and exactly as expected.,True
REV-0000475,CUS-002346,PRD-00100,ITM-000071640,2021-12-04,1,Product quality was disap,Product quality was disappointing.,True
REV-0000476,CUS-003346,PRD-00048,ITM-000077620,2023-06-12,3,Good quality and exactly ,Good quality and exactly as expected.,True
REV-0000477,CUS-001705,PRD-00606,ITM-000067532,2025-11-14,5,Good quality and exactly ,Good quality and exactly as expected.,True
REV-0000478,CUS-010258,PRD-00101,ITM-000029507,2026-05-22,5,Good quality and exactly ,Good quality and exactly as expected.,True
REV-0000479,CUS-010180,PRD-00031,ITM-000053229,2021-03-13,4,Good quality and exactly ,Good quality and exactly as expected.,True
REV-0000480,CUS-007188,PRD-00659,ITM-000069417,2022-04-26,3,,,True
REV-0000481,CUS-008274,PRD-00531,ITM-000047595,2020-08-22,5,Good quality and exactly ,Good quality and exactly as expected.,True
REV-0000482,CUS-010936,PRD-00126,ITM-000050986,2025-10-09,2,Product quality was disap,Product quality was disappointing.,True
REV-0000483,CUS-007485,PRD-00838,ITM-000054598,2024-10-09,4,Good quality and exactly ,Good quality and exactly as expected.,True
REV-0000484,CUS-008331,PRD-00061,ITM-000069930,2020-08-08,5,Good quality and exactly ,Good quality and exactly as expected.,True
REV-0000485,CUS-009532,PRD-00879,ITM-000029099,2024-11-22,4,,,True
REV-0000486,CUS-009972,PRD-00885,ITM-000055055,2021-08-11,5,,,True
REV-0000487,CUS-003878,PRD-00539,ITM-000053548,2024-11-29,5,Good quality and exactly ,Good quality and exactly as expected.,True
REV-0000488,CUS-010266,PRD-00103,ITM-000070394,2026-02-05,5,Good quality and exactly ,Good quality and exactly as expected.,True
REV-0000489,CUS-009951,PRD-00583,ITM-000005900,2026-01-28,5,Good quality and exactly ,Good quality and exactly as expected.,True
REV-0000490,CUS-000928,PRD-00502,ITM-000059017,2022-08-29,4,Good quality and exactly ,Good quality and exactly as expected.,True
REV-0000491,CUS-003451,PRD-00021,ITM-000045131,2021-04-13,3,,,True
REV-0000492,CUS-002365,PRD-00450,ITM-000063475,2023-09-05,5,Good quality and exactly ,Good quality and exactly as expected.,True
REV-0000493,CUS-009527,PRD-00414,ITM-000014370,2025-05-03,1,Product quality was disap,Product quality was disappointing.,True
REV-0000494,CUS-001427,PRD-00575,ITM-000059344,2023-08-10,2,Product quality was disap,Product quality was disappointing.,True
REV-0000495,CUS-003666,PRD-00639,ITM-000076583,2023-09-08,1,Product quality was disap,Product quality was disappointing.,True
REV-0000496,CUS-006683,PRD-00618,ITM-000004256,2025-09-18,5,,,True
REV-0000497,CUS-002590,PRD-00637,ITM-000045239,2022-03-26,5,Good quality and exactly ,Good quality and exactly as expected.,True
REV-0000498,CUS-000152,PRD-00718,ITM-000051879,2021-10-06,5,Good quality and exactly ,Good quality and exactly as expected.,True
REV-0000499,CUS-002324,PRD-00397,ITM-000051928,2025-04-10,5,Good quality and exactly ,Good quality and exactly as expected.,True
REV-0000500,CUS-003477,PRD-00583,ITM-000042376,2022-12-06,4,,,True
REV-0000501,CUS-006286,PRD-00770,ITM-000046420,2021-01-17,3,Good quality and exactly ,Good quality and exactly as expected.,True
REV-0000502,CUS-010318,PRD-00763,ITM-000068818,2023-08-22,5,Good quality and exactly ,Good quality and exactly as expected.,True
REV-0000503,CUS-008870,PRD-00566,ITM-000024059,2024-11-09,1,,,True
REV-0000504,CUS-004222,PRD-00650,ITM-000060857,2020-04-06,5,Good quality and exactly ,Good quality and exactly as expected.,True
REV-0000505,CUS-002850,PRD-00317,ITM-000069647,2020-11-20,5,Good quality and exactly ,Good quality and exactly as expected.,True
REV-0000506,CUS-001942,PRD-00786,ITM-000044645,2025-07-06,3,Good quality and exactly ,Good quality and exactly as expected.,True
REV-0000507,CUS-009593,PRD-00735,ITM-000023519,2024-06-10,4,Good quality and exactly ,Good quality and exactly as expected.,True
REV-0000508,CUS-003784,PRD-00150,ITM-000072164,2022-10-25,4,Good quality and exactly ,Good quality and exactly as expected.,True
REV-0000509,CUS-010611,PRD-00180,ITM-000029797,2020-05-11,5,Good quality and exactly ,Good quality and exactly as expected.,True
REV-0000510,CUS-006093,PRD-00336,ITM-000057708,2025-02-23,5,Good quality and exactly ,Good quality and exactly as expected.,True
REV-0000511,CUS-010219,PRD-00042,ITM-000019641,2023-01-30,3,,,True
REV-0000512,CUS-004168,PRD-00007,ITM-000038885,2021-07-05,4,Good quality and exactly ,Good quality and exactly as expected.,True
REV-0000513,CUS-004656,PRD-00126,ITM-000027461,2025-04-27,5,Good quality and exactly ,Good quality and exactly as expected.,True
REV-0000514,CUS-002165,PRD-00353,ITM-000064935,2026-06-27,5,,,True
REV-0000515,CUS-010350,PRD-00098,ITM-000060990,2023-09-23,5,Good quality and exactly ,Good quality and exactly as expected.,True
REV-0000516,CUS-008957,PRD-00112,ITM-000041730,2021-08-01,1,Product quality was disap,Product quality was disappointing.,True
REV-0000517,CUS-011235,PRD-00345,ITM-000077452,2020-01-14,3,Good quality and exactly ,Good quality and exactly as expected.,True
REV-0000518,CUS-011554,PRD-00029,ITM-000018116,2020-09-24,4,Good quality and exactly ,Good quality and exactly as expected.,True
REV-0000519,CUS-000253,PRD-00847,ITM-000042841,2021-07-27,5,,,True
REV-0000520,CUS-004467,PRD-00889,ITM-000060693,2020-06-22,3,,,True
REV-0000521,CUS-010371,PRD-00207,ITM-000014433,2022-02-03,3,Good quality and exactly ,Good quality and exactly as expected.,True
REV-0000522,CUS-004387,PRD-00007,ITM-000060042,2022-09-13,5,Good quality and exactly ,Good quality and exactly as expected.,True
REV-0000523,CUS-000437,PRD-00641,ITM-000013745,2022-01-11,4,,,True
REV-0000524,CUS-005121,PRD-00597,ITM-000059020,2021-10-17,5,Good quality and exactly ,Good quality and exactly as expected.,True
REV-0000525,CUS-009038,PRD-00712,ITM-000004254,2020-09-23,5,Good quality and exactly ,Good quality and exactly as expected.,True
REV-0000526,CUS-006446,PRD-00685,ITM-000004267,2023-08-02,5,Good quality and exactly ,Good quality and exactly as expected.,True
REV-0000527,CUS-006928,PRD-00880,ITM-000011653,2022-05-11,2,Product quality was disap,Product quality was disappointing.,True
REV-0000528,CUS-009154,PRD-00061,ITM-000025994,2021-03-26,2,Product quality was disap,Product quality was disappointing.,True
REV-0000529,CUS-001896,PRD-00314,ITM-000056893,2025-02-18,5,Good quality and exactly ,Good quality and exactly as expected.,True
REV-0000530,CUS-006948,PRD-00275,ITM-000058282,2022-02-13,5,Good quality and exactly ,Good quality and exactly as expected.,True
REV-0000531,CUS-007909,PRD-00471,ITM-000059588,2025-10-20,4,Good quality and exactly ,Good quality and exactly as expected.,True
REV-0000532,CUS-005880,PRD-00231,ITM-000069449,2025-04-28,2,Product quality was disap,Product quality was disappointing.,True
REV-0000533,CUS-006858,PRD-00467,ITM-000040519,2023-09-27,5,Good quality and exactly ,Good quality and exactly as expected.,True
REV-0000534,CUS-004730,PRD-00554,ITM-000010969,2026-05-17,5,Good quality and exactly ,Good quality and exactly as expected.,True
REV-0000535,CUS-002352,PRD-00769,ITM-000027392,2022-03-05,3,Good quality and exactly ,Good quality and exactly as expected.,True
REV-0000536,CUS-010581,PRD-00809,ITM-000071326,2025-05-15,5,Good quality and exactly ,Good quality and exactly as expected.,True
REV-0000537,CUS-011035,PRD-00598,ITM-000049275,2026-01-04,5,Good quality and exactly ,Good quality and exactly as expected.,True
REV-0000538,CUS-000129,PRD-00367,ITM-000075648,2025-04-17,5,Good quality and exactly ,Good quality and exactly as expected.,True
REV-0000539,CUS-004796,PRD-00661,ITM-000024469,2021-01-23,3,Good quality and exactly ,Good quality and exactly as expected.,True
REV-0000540,CUS-004510,PRD-00887,ITM-000021909,2026-05-29,5,Good quality and exactly ,Good quality and exactly as expected.,True
REV-0000541,CUS-000812,PRD-00768,ITM-000024716,2020-12-18,1,,,True
REV-0000542,CUS-003173,PRD-00513,ITM-000017093,2023-02-20,5,Good quality and exactly ,Good quality and exactly as expected.,True
REV-0000543,CUS-011088,PRD-00767,ITM-000010089,2025-10-02,4,Good quality and exactly ,Good quality and exactly as expected.,True
REV-0000544,,PRD-00499,ITM-000044301,2026-03-10,4,,,True
REV-0000545,CUS-001281,PRD-00857,ITM-000009349,2025-08-23,5,Good quality and exactly ,Good quality and exactly as expected.,True
REV-0000546,CUS-001701,PRD-00794,ITM-000003193,2022-03-05,5,Good quality and exactly ,Good quality and exactly as expected.,True
REV-0000547,CUS-007294,PRD-00436,ITM-000026891,2020-04-27,4,Good quality and exactly ,Good quality and exactly as expected.,True
REV-0000548,CUS-007509,PRD-00652,ITM-000051680,2022-03-30,5,,,True
REV-0000549,CUS-008944,PRD-00453,ITM-000036321,2026-04-01,5,Good quality and exactly ,Good quality and exactly as expected.,True
REV-0000550,CUS-003134,PRD-00558,ITM-000019109,2023-03-07,5,Good quality and exactly ,Good quality and exactly as expected.,True
REV-0000551,CUS-002821,PRD-00292,ITM-000075773,2025-09-28,4,Good quality and exactly ,Good quality and exactly as expected.,True
REV-0000552,CUS-005492,PRD-00013,ITM-000018128,2020-05-26,5,Good quality and exactly ,Good quality and exactly as expected.,True
REV-0000553,CUS-008703,PRD-00769,ITM-000029853,2022-01-07,5,Good quality and exactly ,Good quality and exactly as expected.,True
REV-0000554,CUS-006759,PRD-00654,ITM-000039824,2024-05-16,5,,,True
REV-0000555,,PRD-00254,ITM-000036961,2024-06-02,5,Good quality and exactly ,Good quality and exactly as expected.,True
REV-0000556,CUS-006415,PRD-00452,ITM-000000717,2021-02-26,5,,,True
REV-0000557,CUS-006037,PRD-00222,ITM-000015347,2025-03-04,5,Good quality and exactly ,Good quality and exactly as expected.,True
REV-0000558,CUS-006077,PRD-00527,ITM-000039612,2024-08-10,2,Product quality was disap,Product quality was disappointing.,True
REV-0000559,CUS-004916,PRD-00351,ITM-000025999,2022-06-23,5,,,True
REV-0000560,CUS-008347,PRD-00167,ITM-000023006,2026-06-17,5,,,True
REV-0000561,CUS-009217,PRD-00543,ITM-000022419,2023-07-15,4,Good quality and exactly ,Good quality and exactly as expected.,True
REV-0000562,,PRD-00053,ITM-000035719,2025-10-07,2,Product quality was disap,Product quality was disappointing.,True
REV-0000563,CUS-010704,PRD-00031,ITM-000064503,2021-06-08,5,Good quality and exactly ,Good quality and exactly as expected.,True
REV-0000564,CUS-009755,PRD-00492,ITM-000037175,2021-11-07,3,Good quality and exactly ,Good quality and exactly as expected.,True
REV-0000565,CUS-000047,PRD-00857,ITM-000059687,2023-04-24,5,Good quality and exactly ,Good quality and exactly as expected.,True
REV-0000566,CUS-002225,PRD-00092,ITM-000047266,2023-09-30,4,Good quality and exactly ,Good quality and exactly as expected.,True
REV-0000567,CUS-011993,PRD-00407,ITM-000060015,2020-03-24,5,,,True
REV-0000568,CUS-008587,PRD-00628,ITM-000045799,2021-11-18,5,Good quality and exactly ,Good quality and exactly as expected.,True
REV-0000569,CUS-002043,PRD-00607,ITM-000031140,2021-09-10,5,Good quality and exactly ,Good quality and exactly as expected.,True
REV-0000570,CUS-005891,PRD-00153,ITM-000075520,2026-04-04,5,Good quality and exactly ,Good quality and exactly as expected.,True
REV-0000571,CUS-004381,PRD-00629,ITM-000078910,2024-09-05,4,,,True
REV-0000572,CUS-000686,PRD-00189,ITM-000064761,2025-01-24,5,Good quality and exactly ,Good quality and exactly as expected.,True
REV-0000573,CUS-000828,PRD-00147,ITM-000031654,2025-12-08,1,Product quality was disap,Product quality was disappointing.,True
REV-0000574,CUS-011139,PRD-00252,ITM-000052587,2020-08-25,3,Good quality and exactly ,Good quality and exactly as expected.,True
REV-0000575,CUS-003316,PRD-00586,ITM-000022505,2026-05-09,2,Product quality was disap,Product quality was disappointing.,True
REV-0000576,CUS-006785,PRD-00677,ITM-000064413,2023-03-04,3,Good quality and exactly ,Good quality and exactly as expected.,True
REV-0000577,CUS-005684,PRD-00450,ITM-000071781,2026-06-25,5,Good quality and exactly ,Good quality and exactly as expected.,True
REV-0000578,CUS-001140,PRD-00222,ITM-000040174,2020-03-21,3,,,True
REV-0000579,CUS-010276,PRD-00249,ITM-000018032,2025-07-12,4,Good quality and exactly ,Good quality and exactly as expected.,True
REV-0000580,CUS-001657,PRD-00350,ITM-000014756,2024-11-13,5,Good quality and exactly ,Good quality and exactly as expected.,True
REV-0000581,CUS-006080,PRD-00489,ITM-000040316,2020-12-11,5,Good quality and exactly ,Good quality and exactly as expected.,True
REV-0000582,CUS-001772,PRD-00853,ITM-000004201,2024-07-20,3,,,True
REV-0000583,CUS-009552,PRD-00860,ITM-000020316,2022-01-03,4,Good quality and exactly ,Good quality and exactly as expected.,True
REV-0000584,CUS-000764,PRD-00079,ITM-000067303,2026-02-22,4,,,True
REV-0000585,CUS-009078,PRD-00525,ITM-000029942,2021-05-12,5,Good quality and exactly ,Good quality and exactly as expected.,True
REV-0000586,CUS-000317,PRD-00349,ITM-000078160,2022-01-10,3,Good quality and exactly ,Good quality and exactly as expected.,True
REV-0000587,CUS-005167,PRD-00145,ITM-000029901,2023-05-17,5,,,True
REV-0000588,CUS-002194,PRD-00099,ITM-000016798,2020-11-05,5,,,True
REV-0000589,CUS-000782,PRD-00675,ITM-000065542,2020-09-30,4,,,True
REV-0000590,CUS-001765,PRD-00815,ITM-000004543,2025-12-06,5,,,True
REV-0000591,CUS-008603,PRD-00146,ITM-000074773,2024-10-09,5,Good quality and exactly ,Good quality and exactly as expected.,True
REV-0000592,CUS-011283,PRD-00293,ITM-000056729,2020-09-18,3,Good quality and exactly ,Good quality and exactly as expected.,True
REV-0000593,CUS-000813,PRD-00889,ITM-000056889,2021-07-23,4,,,True
REV-0000594,CUS-007345,PRD-00446,ITM-000017650,2020-03-21,5,Good quality and exactly ,Good quality and exactly as expected.,True
REV-0000595,CUS-009326,PRD-00699,ITM-000001595,2023-07-20,2,Product quality was disap,Product quality was disappointing.,True
REV-0000596,CUS-000306,PRD-00749,ITM-000043711,2025-11-09,5,Good quality and exactly ,Good quality and exactly as expected.,True
REV-0000597,CUS-008696,PRD-00281,ITM-000063062,2021-04-29,3,Good quality and exactly ,Good quality and exactly as expected.,True
REV-0000598,CUS-000906,PRD-00896,ITM-000017832,2021-09-22,4,,,True
REV-0000599,CUS-002272,PRD-00799,ITM-000007689,2026-09-16,4,Good quality and exactly ,Good quality and exactly as expected.,True
REV-0000600,CUS-011147,PRD-00685,ITM-000057565,2024-11-22,5,Good quality and exactly ,Good quality and exactly as expected.,True
REV-0000601,CUS-007127,PRD-00777,ITM-000074224,2023-06-30,4,Good quality and exactly ,Good quality and exactly as expected.,True
REV-0000602,CUS-001152,PRD-00718,ITM-000007971,2020-06-15,5,Good quality and exactly ,Good quality and exactly as expected.,True
REV-0000603,CUS-005481,PRD-00686,ITM-000003495,2021-08-14,3,Good quality and exactly ,Good quality and exactly as expected.,True
REV-0000604,CUS-011458,PRD-00866,ITM-000018701,2026-07-19,3,Good quality and exactly ,Good quality and exactly as expected.,True
REV-0000605,CUS-011325,PRD-00736,ITM-000016384,2022-10-05,1,Product quality was disap,Product quality was disappointing.,True
REV-0000606,CUS-002377,PRD-00757,ITM-000008433,2024-02-20,4,Good quality and exactly ,Good quality and exactly as expected.,True
REV-0000607,CUS-007905,PRD-00660,ITM-000034078,2025-04-13,4,Good quality and exactly ,Good quality and exactly as expected.,True
REV-0000608,CUS-001976,PRD-00541,ITM-000018001,2021-07-18,5,,,True
REV-0000609,CUS-002669,PRD-00199,ITM-000052133,2021-11-04,3,Good quality and exactly ,Good quality and exactly as expected.,True
REV-0000610,CUS-002666,PRD-00056,ITM-000049441,2022-12-21,5,Good quality and exactly ,Good quality and exactly as expected.,True
REV-0000611,CUS-006530,PRD-00641,ITM-000010819,2022-04-21,5,Good quality and exactly ,Good quality and exactly as expected.,True
REV-0000612,,PRD-00318,ITM-000072875,2024-03-13,5,Good quality and exactly ,Good quality and exactly as expected.,True
REV-0000613,CUS-010516,PRD-00160,ITM-000036335,2020-07-09,3,Good quality and exactly ,Good quality and exactly as expected.,True
REV-0000614,CUS-008148,PRD-00377,ITM-000038029,2023-12-20,1,Product quality was disap,Product quality was disappointing.,True
REV-0000615,CUS-010201,PRD-00450,ITM-000029666,2025-05-21,2,Product quality was disap,Product quality was disappointing.,True
REV-0000616,CUS-002425,PRD-00195,ITM-000060135,2020-05-28,5,Good quality and exactly ,Good quality and exactly as expected.,True
REV-0000617,CUS-004357,PRD-00463,ITM-000078746,2022-01-31,3,Good quality and exactly ,Good quality and exactly as expected.,True
REV-0000618,CUS-007310,PRD-00438,ITM-000035905,2020-10-20,5,,,True
REV-0000619,CUS-009928,PRD-00720,ITM-000038380,2026-07-18,4,,,True
REV-0000620,CUS-001708,PRD-00713,ITM-000048246,2021-10-09,4,,,True
REV-0000621,CUS-000168,PRD-00691,ITM-000071687,2024-11-07,5,,,True
REV-0000622,CUS-003733,PRD-00517,ITM-000015468,2025-01-26,4,Good quality and exactly ,Good quality and exactly as expected.,True
REV-0000623,CUS-007588,PRD-00238,ITM-000063936,2021-03-07,3,Good quality and exactly ,Good quality and exactly as expected.,True
REV-0000624,CUS-005633,PRD-00652,ITM-000039649,2020-02-01,4,Good quality and exactly ,Good quality and exactly as expected.,True
REV-0000625,CUS-011370,PRD-00232,ITM-000044286,2024-05-06,3,Good quality and exactly ,Good quality and exactly as expected.,True
REV-0000626,CUS-004407,PRD-00301,ITM-000076224,2021-05-05,5,Good quality and exactly ,Good quality and exactly as expected.,True
REV-0000627,CUS-002164,PRD-00111,ITM-000078759,2024-11-21,5,Good quality and exactly ,Good quality and exactly as expected.,True
REV-0000628,CUS-000881,PRD-00825,ITM-000050771,2026-05-06,5,Good quality and exactly ,Good quality and exactly as expected.,True
REV-0000629,CUS-006110,PRD-00732,ITM-000036638,2026-03-18,4,Good quality and exactly ,Good quality and exactly as expected.,True
REV-0000630,CUS-001609,PRD-00675,ITM-000046673,2025-07-20,4,Good quality and exactly ,Good quality and exactly as expected.,True
REV-0000631,CUS-003989,PRD-00802,ITM-000012996,2025-11-02,4,Good quality and exactly ,Good quality and exactly as expected.,True
REV-0000632,CUS-002417,PRD-00627,ITM-000022213,2020-05-21,3,Good quality and exactly ,Good quality and exactly as expected.,True
REV-0000633,CUS-002889,PRD-00556,ITM-000071839,2023-02-16,4,Good quality and exactly ,Good quality and exactly as expected.,True
REV-0000634,CUS-010817,PRD-00208,ITM-000037081,2025-10-09,5,Good quality and exactly ,Good quality and exactly as expected.,True
REV-0000635,CUS-003918,PRD-00773,ITM-000043178,2020-11-08,5,Good quality and exactly ,Good quality and exactly as expected.,True
REV-0000636,CUS-005824,PRD-00710,ITM-000057598,2022-02-14,5,,,True
REV-0000637,CUS-002517,PRD-00087,ITM-000023300,2024-07-31,4,Good quality and exactly ,Good quality and exactly as expected.,True
REV-0000638,CUS-000886,PRD-00814,ITM-000054292,2021-10-12,3,Good quality and exactly ,Good quality and exactly as expected.,True
REV-0000639,CUS-010149,PRD-00759,ITM-000076095,2026-01-10,2,,,True
REV-0000640,CUS-003724,PRD-00425,ITM-000073681,2020-07-15,5,Good quality and exactly ,Good quality and exactly as expected.,True
REV-0000641,CUS-007471,PRD-00128,ITM-000078506,2020-05-02,3,Good quality and exactly ,Good quality and exactly as expected.,True
REV-0000642,CUS-002381,PRD-00229,ITM-000036795,2021-09-30,4,,,True
REV-0000643,CUS-004424,PRD-00326,ITM-000056033,2022-03-19,5,Good quality and exactly ,Good quality and exactly as expected.,True
REV-0000644,CUS-000736,PRD-00406,ITM-000000511,2025-03-19,5,Good quality and exactly ,Good quality and exactly as expected.,True
REV-0000645,CUS-007851,PRD-00633,ITM-000077371,2025-04-15,5,Good quality and exactly ,Good quality and exactly as expected.,True
REV-0000646,CUS-005182,PRD-00804,ITM-000059273,2025-10-09,4,Good quality and exactly ,Good quality and exactly as expected.,True
REV-0000647,CUS-002569,PRD-00021,ITM-000013414,2024-11-17,5,Good quality and exactly ,Good quality and exactly as expected.,True
REV-0000648,CUS-001845,PRD-00526,ITM-000002969,2024-12-29,5,,,True
REV-0000649,CUS-011401,PRD-00897,ITM-000074864,2023-11-20,4,,,True
REV-0000650,CUS-011649,PRD-00612,ITM-000041181,2020-10-03,4,,,True
REV-0000651,CUS-011633,PRD-00745,ITM-000034903,2022-01-01,5,Good quality and exactly ,Good quality and exactly as expected.,True
REV-0000652,CUS-001898,PRD-00073,ITM-000022817,2025-06-02,4,Good quality and exactly ,Good quality and exactly as expected.,True
REV-0000653,CUS-004860,PRD-00325,ITM-000037573,2024-09-07,4,Good quality and exactly ,Good quality and exactly as expected.,True
REV-0000654,CUS-007655,PRD-00070,ITM-000074857,2026-07-30,5,Good quality and exactly ,Good quality and exactly as expected.,True
REV-0000655,,PRD-00636,ITM-000061318,2020-12-20,4,Good quality and exactly ,Good quality and exactly as expected.,True
REV-0000656,CUS-003621,PRD-00059,ITM-000054214,2022-07-20,4,Good quality and exactly ,Good quality and exactly as expected.,True
REV-0000657,CUS-005378,PRD-00654,ITM-000044356,2024-12-04,4,Good quality and exactly ,Good quality and exactly as expected.,True
REV-0000658,CUS-002160,PRD-00877,ITM-000032589,2024-11-27,1,Product quality was disap,Product quality was disappointing.,True
REV-0000659,CUS-005018,PRD-00657,ITM-000019448,2021-07-30,3,Good quality and exactly ,Good quality and exactly as expected.,True
REV-0000660,CUS-001392,PRD-00409,ITM-000078364,2023-12-08,4,Good quality and exactly ,Good quality and exactly as expected.,True
REV-0000661,CUS-003915,PRD-00482,ITM-000011006,2021-09-15,4,Good quality and exactly ,Good quality and exactly as expected.,True
REV-0000662,CUS-002662,PRD-00353,ITM-000041324,2023-01-13,5,Good quality and exactly ,Good quality and exactly as expected.,True
REV-0000663,CUS-002699,PRD-00738,ITM-000071167,2021-08-02,5,,,True
REV-0000664,CUS-010112,PRD-00621,ITM-000037978,2025-02-20,1,Product quality was disap,Product quality was disappointing.,True
REV-0000665,CUS-008775,PRD-00548,ITM-000062850,2024-12-17,5,,,True
REV-0000666,CUS-011983,PRD-00563,ITM-000019432,2020-12-16,5,Good quality and exactly ,Good quality and exactly as expected.,True
REV-0000667,CUS-000079,PRD-00887,ITM-000014193,2020-12-31,5,Good quality and exactly ,Good quality and exactly as expected.,True
REV-0000668,CUS-008437,PRD-00235,ITM-000020283,2025-06-08,1,,,True
REV-0000669,CUS-006922,PRD-00207,ITM-000009301,2020-11-18,4,Good quality and exactly ,Good quality and exactly as expected.,True
REV-0000670,CUS-006257,PRD-00809,ITM-000039259,2021-12-07,4,Good quality and exactly ,Good quality and exactly as expected.,True
REV-0000671,CUS-004684,PRD-00818,ITM-000030851,2026-06-23,5,Good quality and exactly ,Good quality and exactly as expected.,True
REV-0000672,CUS-011020,PRD-00662,ITM-000070142,2023-01-10,5,Good quality and exactly ,Good quality and exactly as expected.,True
REV-0000673,CUS-011433,PRD-00640,ITM-000010201,2021-12-25,4,,,True
REV-0000674,CUS-002444,PRD-00649,ITM-000075062,2025-12-11,4,Good quality and exactly ,Good quality and exactly as expected.,True
REV-0000675,CUS-008190,PRD-00730,ITM-000029704,2025-04-30,5,Good quality and exactly ,Good quality and exactly as expected.,True
REV-0000676,CUS-011811,PRD-00751,ITM-000048005,2026-03-15,4,Good quality and exactly ,Good quality and exactly as expected.,True
REV-0000677,CUS-000770,PRD-00673,ITM-000016953,2025-03-29,5,,,True
REV-0000678,CUS-002123,PRD-00510,ITM-000022644,2024-09-10,3,Good quality and exactly ,Good quality and exactly as expected.,True
REV-0000679,CUS-006238,PRD-00597,ITM-000052734,2020-07-04,4,Good quality and exactly ,Good quality and exactly as expected.,True
REV-0000680,CUS-011245,PRD-00403,ITM-000015439,2025-10-13,5,Good quality and exactly ,Good quality and exactly as expected.,True
REV-0000681,CUS-000631,PRD-00788,ITM-000058421,2020-08-20,4,Good quality and exactly ,Good quality and exactly as expected.,True
REV-0000682,CUS-006470,PRD-00269,ITM-000064149,2026-01-30,5,Good quality and exactly ,Good quality and exactly as expected.,True
REV-0000683,CUS-009049,PRD-00142,ITM-000077284,2023-10-15,2,Product quality was disap,Product quality was disappointing.,True
REV-0000684,CUS-008745,PRD-00595,ITM-000038707,2024-01-30,5,Good quality and exactly ,Good quality and exactly as expected.,True
REV-0000685,CUS-003196,PRD-00488,ITM-000048950,2021-02-17,4,Good quality and exactly ,Good quality and exactly as expected.,True
REV-0000686,CUS-008804,PRD-00277,ITM-000037593,2024-01-03,4,Good quality and exactly ,Good quality and exactly as expected.,True
REV-0000687,CUS-001932,PRD-00693,ITM-000018957,2026-08-11,2,Product quality was disap,Product quality was disappointing.,True
REV-0000688,CUS-004093,PRD-00428,ITM-000069109,2022-02-13,1,Product quality was disap,Product quality was disappointing.,True
REV-0000689,CUS-008549,PRD-00035,ITM-000075580,2023-05-08,2,,,True
REV-0000690,CUS-008859,PRD-00698,ITM-000037839,2026-08-15,1,Product quality was disap,Product quality was disappointing.,True
REV-0000691,CUS-008412,PRD-00282,ITM-000007050,2022-11-07,4,Good quality and exactly ,Good quality and exactly as expected.,True
REV-0000692,CUS-000570,PRD-00108,ITM-000077634,2021-10-10,4,,,True
REV-0000693,CUS-010425,PRD-00491,ITM-000048803,2023-11-01,5,Good quality and exactly ,Good quality and exactly as expected.,True
REV-0000694,CUS-009926,PRD-00046,ITM-000054392,2022-01-06,4,Good quality and exactly ,Good quality and exactly as expected.,True
REV-0000695,CUS-002308,PRD-00629,ITM-000010543,2025-03-29,5,,,True
REV-0000696,CUS-008367,PRD-00649,ITM-000014344,2022-02-21,2,Product quality was disap,Product quality was disappointing.,True
REV-0000697,CUS-010285,PRD-00182,ITM-000048569,2020-07-31,4,Good quality and exactly ,Good quality and exactly as expected.,True
REV-0000698,,PRD-00484,ITM-000026022,2024-09-17,4,Good quality and exactly ,Good quality and exactly as expected.,True
REV-0000699,CUS-000820,PRD-00213,ITM-000002553,2020-08-04,5,,,True
REV-0000700,CUS-004265,PRD-00017,ITM-000050946,2025-03-05,3,Good quality and exactly ,Good quality and exactly as expected.,True
REV-0000701,CUS-011426,PRD-00567,ITM-000050076,2022-01-25,3,,,True
REV-0000702,CUS-006265,PRD-00539,ITM-000037157,2025-03-23,4,,,True
REV-0000703,CUS-008804,PRD-00011,ITM-000064783,2025-04-11,4,,,True
REV-0000704,CUS-001929,PRD-00445,ITM-000064793,2025-05-28,4,Good quality and exactly ,Good quality and exactly as expected.,True
REV-0000705,CUS-007574,PRD-00068,ITM-000017261,2025-06-13,5,,,True
REV-0000706,CUS-000719,PRD-00191,ITM-000075327,2024-06-26,4,Good quality and exactly ,Good quality and exactly as expected.,True
REV-0000707,CUS-005713,PRD-00335,ITM-000014697,2021-06-10,5,Good quality and exactly ,Good quality and exactly as expected.,True
REV-0000708,CUS-008861,PRD-00800,ITM-000061141,2023-10-27,1,Product quality was disap,Product quality was disappointing.,True
REV-0000709,CUS-007613,PRD-00318,ITM-000005800,2026-05-04,4,Good quality and exactly ,Good quality and exactly as expected.,True
REV-0000710,CUS-010217,PRD-00707,ITM-000071478,2022-01-18,5,Good quality and exactly ,Good quality and exactly as expected.,True
REV-0000711,CUS-002285,PRD-00760,ITM-000046682,2026-07-12,5,Good quality and exactly ,Good quality and exactly as expected.,True
REV-0000712,CUS-001654,PRD-00769,ITM-000066463,2024-08-14,3,Good quality and exactly ,Good quality and exactly as expected.,True
REV-0000713,CUS-001169,PRD-00039,ITM-000014527,2020-04-19,5,,,True
REV-0000714,CUS-000710,PRD-00349,ITM-000029006,2021-12-26,4,Good quality and exactly ,Good quality and exactly as expected.,True
REV-0000715,CUS-011961,PRD-00289,ITM-000072501,2020-03-26,5,Good quality and exactly ,Good quality and exactly as expected.,True
REV-0000716,CUS-010458,PRD-00014,ITM-000038138,2026-07-26,5,Good quality and exactly ,Good quality and exactly as expected.,True
REV-0000717,CUS-001085,PRD-00338,ITM-000026295,2024-10-19,5,Good quality and exactly ,Good quality and exactly as expected.,True
REV-0000718,CUS-004589,PRD-00702,ITM-000077521,2025-06-20,5,,,True
REV-0000719,CUS-003827,PRD-00072,ITM-000038427,2024-09-10,1,Product quality was disap,Product quality was disappointing.,True
REV-0000720,CUS-003813,PRD-00140,ITM-000049612,2023-04-01,4,Good quality and exactly ,Good quality and exactly as expected.,True
REV-0000721,CUS-003848,PRD-00418,ITM-000006938,2020-07-03,1,Product quality was disap,Product quality was disappointing.,True
REV-0000722,CUS-004821,PRD-00135,ITM-000066854,2023-04-02,4,Good quality and exactly ,Good quality and exactly as expected.,True
REV-0000723,CUS-010133,PRD-00849,ITM-000057431,2021-01-25,5,Good quality and exactly ,Good quality and exactly as expected.,True
REV-0000724,CUS-001382,PRD-00864,ITM-000056162,2026-08-10,5,Good quality and exactly ,Good quality and exactly as expected.,True
REV-0000725,CUS-002399,PRD-00673,ITM-000002762,2020-11-25,5,Good quality and exactly ,Good quality and exactly as expected.,True
REV-0000726,CUS-004582,PRD-00040,ITM-000035907,2025-08-16,4,Good quality and exactly ,Good quality and exactly as expected.,True
REV-0000727,CUS-000604,PRD-00868,ITM-000040094,2024-12-23,3,Good quality and exactly ,Good quality and exactly as expected.,True
REV-0000728,CUS-001839,PRD-00141,ITM-000077608,2023-11-10,1,Product quality was disap,Product quality was disappointing.,True
REV-0000729,CUS-006085,PRD-00501,ITM-000034959,2025-11-26,4,Good quality and exactly ,Good quality and exactly as expected.,True
REV-0000730,CUS-003954,PRD-00706,ITM-000037597,2020-08-15,5,Good quality and exactly ,Good quality and exactly as expected.,True
REV-0000731,CUS-002700,PRD-00378,ITM-000058868,2024-06-05,3,Good quality and exactly ,Good quality and exactly as expected.,True
REV-0000732,CUS-002060,PRD-00614,ITM-000005511,2022-09-28,3,Good quality and exactly ,Good quality and exactly as expected.,True
REV-0000733,CUS-002229,PRD-00185,ITM-000049958,2024-05-28,3,,,True
REV-0000734,CUS-003718,PRD-00047,ITM-000072145,2025-08-05,4,Good quality and exactly ,Good quality and exactly as expected.,True
REV-0000735,CUS-002304,PRD-00641,ITM-000032087,2022-08-05,5,,,True
REV-0000736,CUS-004021,PRD-00002,ITM-000047555,2021-04-28,3,Good quality and exactly ,Good quality and exactly as expected.,True
REV-0000737,CUS-001553,PRD-00755,ITM-000008876,2024-05-04,4,Good quality and exactly ,Good quality and exactly as expected.,True
REV-0000738,CUS-002658,PRD-00610,ITM-000025528,2024-11-28,4,Good quality and exactly ,Good quality and exactly as expected.,True
REV-0000739,CUS-011831,PRD-00579,ITM-000005550,2020-11-07,5,Good quality and exactly ,Good quality and exactly as expected.,True
REV-0000740,CUS-001247,PRD-00318,ITM-000001147,2026-03-26,5,Good quality and exactly ,Good quality and exactly as expected.,True
REV-0000741,CUS-011886,PRD-00705,ITM-000052046,2020-05-24,1,Product quality was disap,Product quality was disappointing.,True
REV-0000742,CUS-009678,PRD-00804,ITM-000013236,2022-07-30,4,Good quality and exactly ,Good quality and exactly as expected.,True
REV-0000743,CUS-004458,PRD-00377,ITM-000047589,2020-11-07,4,Good quality and exactly ,Good quality and exactly as expected.,True
REV-0000744,CUS-007517,PRD-00454,ITM-000034194,2024-09-06,5,Good quality and exactly ,Good quality and exactly as expected.,True
REV-0000745,CUS-009732,PRD-00663,ITM-000036744,2025-11-06,4,Good quality and exactly ,Good quality and exactly as expected.,True
REV-0000746,CUS-005000,PRD-00577,ITM-000068146,2025-07-08,5,Good quality and exactly ,Good quality and exactly as expected.,True
REV-0000747,CUS-009573,PRD-00429,ITM-000050175,2026-07-30,3,Good quality and exactly ,Good quality and exactly as expected.,True
REV-0000748,CUS-004816,PRD-00572,ITM-000043399,2021-01-12,5,Good quality and exactly ,Good quality and exactly as expected.,True
REV-0000749,CUS-006419,PRD-00107,ITM-000032007,2024-02-27,5,Good quality and exactly ,Good quality and exactly as expected.,True
REV-0000750,CUS-004024,PRD-00305,ITM-000030743,2021-11-14,2,Product quality was disap,Product quality was disappointing.,True
REV-0000751,CUS-003228,PRD-00496,ITM-000032472,2023-09-01,2,Product quality was disap,Product quality was disappointing.,True
REV-0000752,CUS-004387,PRD-00728,ITM-000013973,2020-07-18,4,Good quality and exactly ,Good quality and exactly as expected.,True
REV-0000753,CUS-000853,PRD-00634,ITM-000004276,2021-05-23,5,,,True
REV-0000754,,PRD-00730,ITM-000066251,2023-11-03,5,Good quality and exactly ,Good quality and exactly as expected.,True
REV-0000755,CUS-010349,PRD-00632,ITM-000078810,2025-12-03,2,Product quality was disap,Product quality was disappointing.,True
REV-0000756,CUS-010978,PRD-00844,ITM-000033842,2024-09-22,5,Good quality and exactly ,Good quality and exactly as expected.,True
REV-0000757,CUS-008823,PRD-00708,ITM-000001511,2020-12-22,4,Good quality and exactly ,Good quality and exactly as expected.,True
REV-0000758,CUS-011133,PRD-00753,ITM-000056513,2021-04-19,3,Good quality and exactly ,Good quality and exactly as expected.,True
REV-0000759,CUS-008494,PRD-00226,ITM-000035135,2024-10-20,4,,,True
REV-0000760,CUS-002250,PRD-00803,ITM-000014560,2022-04-19,5,,,True
REV-0000761,CUS-001603,PRD-00522,ITM-000065483,2020-07-07,5,Good quality and exactly ,Good quality and exactly as expected.,True
REV-0000762,CUS-008458,PRD-00641,ITM-000030581,2026-03-22,3,Good quality and exactly ,Good quality and exactly as expected.,True
REV-0000763,CUS-011799,PRD-00209,ITM-000035243,2024-12-20,4,Good quality and exactly ,Good quality and exactly as expected.,True
REV-0000764,CUS-006856,PRD-00070,ITM-000011054,2021-04-25,3,,,True
REV-0000765,CUS-003926,PRD-00326,ITM-000055088,2020-06-07,5,Good quality and exactly ,Good quality and exactly as expected.,True
REV-0000766,,PRD-00437,ITM-000000434,2024-09-27,3,Good quality and exactly ,Good quality and exactly as expected.,True
REV-0000767,CUS-007165,PRD-00385,ITM-000032819,2022-04-25,5,,,True
REV-0000768,CUS-007046,PRD-00510,ITM-000047892,2024-03-11,4,Good quality and exactly ,Good quality and exactly as expected.,True
REV-0000769,CUS-004032,PRD-00394,ITM-000010741,2023-07-16,4,Good quality and exactly ,Good quality and exactly as expected.,True
REV-0000770,CUS-002646,PRD-00579,ITM-000072345,2026-01-13,4,Good quality and exactly ,Good quality and exactly as expected.,True
REV-0000771,,PRD-00769,ITM-000034954,2020-02-19,5,Good quality and exactly ,Good quality and exactly as expected.,True
REV-0000772,CUS-001686,PRD-00677,ITM-000019778,2025-09-19,5,Good quality and exactly ,Good quality and exactly as expected.,True
REV-0000773,CUS-008018,PRD-00202,ITM-000042880,2021-03-13,2,,,True
REV-0000774,CUS-001370,PRD-00723,ITM-000072190,2022-06-28,5,Good quality and exactly ,Good quality and exactly as expected.,True
REV-0000775,CUS-002350,PRD-00821,ITM-000048749,2024-07-26,4,Good quality and exactly ,Good quality and exactly as expected.,True
REV-0000776,CUS-005084,PRD-00258,ITM-000039077,2025-08-29,5,Good quality and exactly ,Good quality and exactly as expected.,True
REV-0000777,CUS-001799,PRD-00503,ITM-000046208,2025-12-19,4,Good quality and exactly ,Good quality and exactly as expected.,True
REV-0000778,CUS-011675,PRD-00178,ITM-000055187,2023-05-18,4,Good quality and exactly ,Good quality and exactly as expected.,True
REV-0000779,CUS-001514,PRD-00828,ITM-000077537,2020-10-20,1,Product quality was disap,Product quality was disappointing.,True
REV-0000780,CUS-009942,PRD-00039,ITM-000064654,2022-07-21,5,Good quality and exactly ,Good quality and exactly as expected.,True
REV-0000781,,PRD-00697,ITM-000029600,2025-03-17,3,Good quality and exactly ,Good quality and exactly as expected.,True
REV-0000782,CUS-009394,PRD-00550,ITM-000026063,2024-10-31,5,Good quality and exactly ,Good quality and exactly as expected.,True
REV-0000783,CUS-006650,PRD-00859,ITM-000031732,2020-12-08,1,Product quality was disap,Product quality was disappointing.,True
REV-0000784,CUS-000754,PRD-00779,ITM-000059791,2024-01-28,4,,,True
REV-0000785,CUS-000019,PRD-00211,ITM-000070568,2022-04-12,5,Good quality and exactly ,Good quality and exactly as expected.,True
REV-0000786,CUS-004507,PRD-00342,ITM-000067669,2026-07-16,5,Good quality and exactly ,Good quality and exactly as expected.,True
REV-0000787,CUS-001237,PRD-00020,ITM-000070396,2025-03-19,1,,,True
REV-0000788,CUS-009558,PRD-00084,ITM-000055612,2021-01-10,5,Good quality and exactly ,Good quality and exactly as expected.,True
REV-0000789,CUS-011070,PRD-00846,ITM-000053452,2021-05-27,4,Good quality and exactly ,Good quality and exactly as expected.,True
REV-0000790,,PRD-00891,ITM-000073065,2021-06-14,5,Good quality and exactly ,Good quality and exactly as expected.,True
REV-0000791,CUS-000289,PRD-00799,ITM-000069083,2021-05-27,4,Good quality and exactly ,Good quality and exactly as expected.,True
REV-0000792,CUS-002700,PRD-00496,ITM-000020481,2023-12-17,5,Good quality and exactly ,Good quality and exactly as expected.,True
REV-0000793,CUS-011311,PRD-00186,ITM-000030825,2021-09-30,5,Good quality and exactly ,Good quality and exactly as expected.,True
REV-0000794,CUS-010096,PRD-00841,ITM-000005681,2024-07-30,3,Good quality and exactly ,Good quality and exactly as expected.,True
REV-0000795,CUS-001610,PRD-00312,ITM-000072748,2021-06-13,2,,,True
REV-0000796,CUS-005822,PRD-00698,ITM-000061291,2024-07-04,5,Good quality and exactly ,Good quality and exactly as expected.,True
REV-0000797,CUS-001897,PRD-00738,ITM-000046095,2023-08-03,4,Good quality and exactly ,Good quality and exactly as expected.,True
REV-0000798,CUS-003926,PRD-00808,ITM-000067318,2024-06-02,5,Good quality and exactly ,Good quality and exactly as expected.,True
REV-0000799,CUS-006515,PRD-00354,ITM-000033523,2025-09-20,5,Good quality and exactly ,Good quality and exactly as expected.,True
REV-0000800,CUS-006082,PRD-00365,ITM-000048708,2025-01-27,2,Product quality was disap,Product quality was disappointing.,True
REV-0000801,CUS-006807,PRD-00752,ITM-000001288,2024-10-13,2,Product quality was disap,Product quality was disappointing.,True
REV-0000802,CUS-006082,PRD-00620,ITM-000019765,2021-07-20,4,,,True
REV-0000803,CUS-011920,PRD-00860,ITM-000046824,2023-08-09,5,Good quality and exactly ,Good quality and exactly as expected.,True
REV-0000804,CUS-006454,PRD-00850,ITM-000034951,2021-07-13,5,Good quality and exactly ,Good quality and exactly as expected.,True
REV-0000805,CUS-010304,PRD-00597,ITM-000053856,2022-05-23,3,Good quality and exactly ,Good quality and exactly as expected.,True
REV-0000806,CUS-000202,PRD-00120,ITM-000037773,2024-07-22,3,,,True
REV-0000807,CUS-001222,PRD-00480,ITM-000064137,2022-06-02,5,Good quality and exactly ,Good quality and exactly as expected.,True
REV-0000808,CUS-002112,PRD-00691,ITM-000029287,2021-01-17,5,Good quality and exactly ,Good quality and exactly as expected.,True
REV-0000809,CUS-009916,PRD-00614,ITM-000064254,2025-03-11,5,Good quality and exactly ,Good quality and exactly as expected.,True
REV-0000810,CUS-006017,PRD-00183,ITM-000067405,2020-03-08,2,,,True
REV-0000811,CUS-008669,PRD-00508,ITM-000027529,2026-06-23,5,Good quality and exactly ,Good quality and exactly as expected.,True
REV-0000812,CUS-001842,PRD-00332,ITM-000032980,2020-09-13,4,,,True
REV-0000813,CUS-008324,PRD-00400,ITM-000068781,2024-08-06,3,,,True
REV-0000814,CUS-010228,PRD-00611,ITM-000009817,2026-08-05,5,Good quality and exactly ,Good quality and exactly as expected.,True
REV-0000815,CUS-003902,PRD-00862,ITM-000013853,2020-09-04,5,Good quality and exactly ,Good quality and exactly as expected.,True
REV-0000816,CUS-000645,PRD-00152,ITM-000058457,2025-01-13,4,Good quality and exactly ,Good quality and exactly as expected.,True
REV-0000817,CUS-010654,PRD-00510,ITM-000013049,2026-08-02,3,Good quality and exactly ,Good quality and exactly as expected.,True
REV-0000818,CUS-006610,PRD-00886,ITM-000006233,2023-01-19,3,,,True
REV-0000819,CUS-011294,PRD-00251,ITM-000024497,2025-11-24,5,,,True
REV-0000820,CUS-001113,PRD-00729,ITM-000007605,2020-12-17,5,Good quality and exactly ,Good quality and exactly as expected.,True
REV-0000821,CUS-010482,PRD-00026,ITM-000001831,2022-06-08,4,Good quality and exactly ,Good quality and exactly as expected.,True
REV-0000822,CUS-009157,PRD-00472,ITM-000034538,2025-10-04,4,Good quality and exactly ,Good quality and exactly as expected.,True
REV-0000823,CUS-003481,PRD-00587,ITM-000031632,2025-09-03,3,Good quality and exactly ,Good quality and exactly as expected.,True
REV-0000824,CUS-010428,PRD-00045,ITM-000025480,2022-04-05,5,Good quality and exactly ,Good quality and exactly as expected.,True
REV-0000825,CUS-009995,PRD-00283,ITM-000078949,2025-01-20,3,Good quality and exactly ,Good quality and exactly as expected.,True
REV-0000826,CUS-002411,PRD-00340,ITM-000008606,2023-05-30,4,Good quality and exactly ,Good quality and exactly as expected.,True
REV-0000827,CUS-009576,PRD-00037,ITM-000051353,2020-03-09,5,Good quality and exactly ,Good quality and exactly as expected.,True
REV-0000828,CUS-010165,PRD-00821,ITM-000046956,2024-04-14,4,Good quality and exactly ,Good quality and exactly as expected.,True
REV-0000829,CUS-010646,PRD-00740,ITM-000020705,2022-12-07,4,Good quality and exactly ,Good quality and exactly as expected.,True
REV-0000830,CUS-009853,PRD-00545,ITM-000058671,2021-06-10,5,Good quality and exactly ,Good quality and exactly as expected.,True
REV-0000831,CUS-006413,PRD-00453,ITM-000001067,2021-11-18,5,Good quality and exactly ,Good quality and exactly as expected.,True
REV-0000832,CUS-011096,PRD-00446,ITM-000078630,2025-02-27,4,,,True
REV-0000833,CUS-006728,PRD-00866,ITM-000060187,2022-10-24,5,Good quality and exactly ,Good quality and exactly as expected.,True
REV-0000834,CUS-002394,PRD-00657,ITM-000076040,2026-02-15,5,Good quality and exactly ,Good quality and exactly as expected.,True
REV-0000835,CUS-000179,PRD-00619,ITM-000016469,2025-07-16,4,Good quality and exactly ,Good quality and exactly as expected.,True
REV-0000836,CUS-009397,PRD-00337,ITM-000056619,2026-08-12,5,Good quality and exactly ,Good quality and exactly as expected.,True
REV-0000837,CUS-010412,PRD-00355,ITM-000002447,2020-06-02,5,Good quality and exactly ,Good quality and exactly as expected.,True
REV-0000838,CUS-008699,PRD-00502,ITM-000016904,2024-01-06,4,Good quality and exactly ,Good quality and exactly as expected.,True
REV-0000839,CUS-006170,PRD-00823,ITM-000070846,2022-05-25,5,,,True
REV-0000840,CUS-001184,PRD-00770,ITM-000064866,2022-11-03,5,Good quality and exactly ,Good quality and exactly as expected.,True
REV-0000841,CUS-001443,PRD-00437,ITM-000000535,2020-04-01,1,Product quality was disap,Product quality was disappointing.,True
REV-0000842,CUS-003497,PRD-00679,ITM-000027509,2024-09-24,5,Good quality and exactly ,Good quality and exactly as expected.,True
REV-0000843,CUS-010818,PRD-00661,ITM-000052227,2025-05-16,5,Good quality and exactly ,Good quality and exactly as expected.,True
REV-0000844,CUS-002959,PRD-00290,ITM-000049212,2024-08-07,4,Good quality and exactly ,Good quality and exactly as expected.,True
REV-0000845,CUS-005402,PRD-00585,ITM-000047571,2024-08-01,5,Good quality and exactly ,Good quality and exactly as expected.,True
REV-0000846,CUS-005020,PRD-00067,ITM-000059507,2024-12-10,3,Good quality and exactly ,Good quality and exactly as expected.,True
REV-0000847,CUS-003785,PRD-00381,ITM-000032926,2025-05-03,5,Good quality and exactly ,Good quality and exactly as expected.,True
REV-0000848,CUS-010262,PRD-00452,ITM-000020274,2026-03-01,2,,,True
REV-0000849,CUS-006313,PRD-00628,ITM-000062154,2024-04-19,4,Good quality and exactly ,Good quality and exactly as expected.,True
REV-0000850,CUS-010573,PRD-00149,ITM-000028811,2021-05-21,5,,,True
REV-0000851,CUS-009724,PRD-00231,ITM-000043112,2023-09-15,1,,,True
REV-0000852,CUS-007395,PRD-00796,ITM-000036048,2020-10-20,5,Good quality and exactly ,Good quality and exactly as expected.,True
REV-0000853,CUS-006177,PRD-00745,ITM-000019169,2024-01-02,4,Good quality and exactly ,Good quality and exactly as expected.,True
REV-0000854,CUS-003334,PRD-00766,ITM-000074582,2026-02-15,5,Good quality and exactly ,Good quality and exactly as expected.,True
REV-0000855,CUS-004922,PRD-00656,ITM-000021025,2026-01-10,5,Good quality and exactly ,Good quality and exactly as expected.,True
REV-0000856,CUS-002620,PRD-00620,ITM-000001115,2025-01-10,1,,,True
REV-0000857,CUS-011841,PRD-00441,ITM-000009326,2020-04-26,5,Good quality and exactly ,Good quality and exactly as expected.,True
REV-0000858,CUS-005964,PRD-00061,ITM-000040150,2024-06-30,4,Good quality and exactly ,Good quality and exactly as expected.,True
REV-0000859,CUS-011274,PRD-00841,ITM-000006567,2022-07-23,4,Good quality and exactly ,Good quality and exactly as expected.,True
REV-0000860,CUS-008757,PRD-00031,ITM-000051491,2021-07-11,5,Good quality and exactly ,Good quality and exactly as expected.,True
REV-0000861,CUS-000765,PRD-00761,ITM-000076475,2020-05-13,3,Good quality and exactly ,Good quality and exactly as expected.,True
REV-0000862,CUS-000875,PRD-00004,ITM-000017748,2026-07-14,4,Good quality and exactly ,Good quality and exactly as expected.,True
REV-0000863,CUS-001464,PRD-00256,ITM-000074451,2020-09-05,5,Good quality and exactly ,Good quality and exactly as expected.,True
REV-0000864,,PRD-00851,ITM-000068822,2025-09-28,5,Good quality and exactly ,Good quality and exactly as expected.,True
REV-0000865,CUS-005121,PRD-00220,ITM-000034522,2021-12-22,5,Good quality and exactly ,Good quality and exactly as expected.,True
REV-0000866,CUS-000594,PRD-00318,ITM-000010280,2026-02-06,5,Good quality and exactly ,Good quality and exactly as expected.,True
REV-0000867,CUS-002894,PRD-00220,ITM-000078681,2022-06-24,5,Good quality and exactly ,Good quality and exactly as expected.,True
REV-0000868,CUS-006970,PRD-00483,ITM-000059783,2022-07-24,3,Good quality and exactly ,Good quality and exactly as expected.,True
REV-0000869,CUS-006362,PRD-00288,ITM-000045205,2026-05-22,5,Good quality and exactly ,Good quality and exactly as expected.,True
REV-0000870,CUS-007482,PRD-00780,ITM-000005521,2020-11-05,5,Good quality and exactly ,Good quality and exactly as expected.,True
REV-0000871,CUS-010948,PRD-00759,ITM-000075543,2024-05-15,1,,,True
REV-0000872,CUS-005821,PRD-00060,ITM-000033572,2021-04-13,5,Good quality and exactly ,Good quality and exactly as expected.,True
REV-0000873,CUS-010129,PRD-00231,ITM-000033543,2022-02-20,3,Good quality and exactly ,Good quality and exactly as expected.,True
REV-0000874,CUS-011669,PRD-00354,ITM-000048799,2026-03-22,5,Good quality and exactly ,Good quality and exactly as expected.,True
REV-0000875,CUS-010345,PRD-00543,ITM-000064347,2026-06-01,4,Good quality and exactly ,Good quality and exactly as expected.,True
REV-0000876,CUS-004355,PRD-00057,ITM-000039324,2022-10-19,4,Good quality and exactly ,Good quality and exactly as expected.,True
REV-0000877,CUS-003243,PRD-00643,ITM-000008544,2022-12-10,4,Good quality and exactly ,Good quality and exactly as expected.,True
REV-0000878,,PRD-00775,ITM-000007117,2023-10-10,3,Good quality and exactly ,Good quality and exactly as expected.,True
REV-0000879,CUS-003694,PRD-00333,ITM-000062514,2021-03-26,5,Good quality and exactly ,Good quality and exactly as expected.,True
REV-0000880,CUS-002991,PRD-00763,ITM-000050425,2021-11-06,3,,,True
REV-0000881,CUS-006387,PRD-00138,ITM-000030396,2024-12-10,3,Good quality and exactly ,Good quality and exactly as expected.,True
REV-0000882,CUS-002646,PRD-00062,ITM-000063521,2022-02-11,5,,,True
REV-0000883,CUS-011209,PRD-00211,ITM-000043008,2026-03-01,2,Product quality was disap,Product quality was disappointing.,True
REV-0000884,CUS-011784,PRD-00100,ITM-000043551,2020-07-24,5,Good quality and exactly ,Good quality and exactly as expected.,True
REV-0000885,CUS-009183,PRD-00584,ITM-000028268,2020-02-20,2,Product quality was disap,Product quality was disappointing.,True
REV-0000886,CUS-001690,PRD-00208,ITM-000018777,2025-11-01,1,Product quality was disap,Product quality was disappointing.,True
REV-0000887,CUS-011957,PRD-00816,ITM-000036777,2023-03-20,2,Product quality was disap,Product quality was disappointing.,True
REV-0000888,CUS-001159,PRD-00081,ITM-000006887,2022-04-03,3,Good quality and exactly ,Good quality and exactly as expected.,True
REV-0000889,CUS-003950,PRD-00269,ITM-000001415,2023-08-07,5,,,True
REV-0000890,CUS-011941,PRD-00143,ITM-000073250,2023-09-20,5,,,True
REV-0000891,CUS-005307,PRD-00543,ITM-000059981,2026-06-02,3,Good quality and exactly ,Good quality and exactly as expected.,True
REV-0000892,CUS-008300,PRD-00760,ITM-000072377,2024-05-07,3,Good quality and exactly ,Good quality and exactly as expected.,True
REV-0000893,CUS-002957,PRD-00513,ITM-000037384,2023-04-24,3,Good quality and exactly ,Good quality and exactly as expected.,True
REV-0000894,CUS-006751,PRD-00640,ITM-000002396,2022-12-05,2,Product quality was disap,Product quality was disappointing.,True
REV-0000895,CUS-000133,PRD-00289,ITM-000041078,2023-09-07,4,Good quality and exactly ,Good quality and exactly as expected.,True
REV-0000896,CUS-003083,PRD-00489,ITM-000005024,2021-08-19,2,Product quality was disap,Product quality was disappointing.,True
REV-0000897,CUS-010419,PRD-00732,ITM-000012769,2021-12-11,5,Good quality and exactly ,Good quality and exactly as expected.,True
REV-0000898,CUS-003890,PRD-00684,ITM-000024644,2026-02-10,5,Good quality and exactly ,Good quality and exactly as expected.,True
REV-0000899,CUS-011987,PRD-00897,ITM-000000925,2023-07-14,4,,,True
REV-0000900,CUS-010643,PRD-00807,ITM-000024933,2020-02-26,4,Good quality and exactly ,Good quality and exactly as expected.,True
REV-0000901,CUS-004890,PRD-00689,ITM-000029731,2023-02-05,5,,,True
REV-0000902,CUS-005142,PRD-00743,ITM-000018412,2021-09-27,3,Good quality and exactly ,Good quality and exactly as expected.,True
REV-0000903,CUS-000157,PRD-00450,ITM-000011257,2023-11-22,4,Good quality and exactly ,Good quality and exactly as expected.,True
REV-0000904,CUS-001109,PRD-00440,ITM-000048626,2023-06-19,4,Good quality and exactly ,Good quality and exactly as expected.,True
REV-0000905,CUS-007256,PRD-00793,ITM-000022847,2023-06-02,5,Good quality and exactly ,Good quality and exactly as expected.,True
REV-0000906,CUS-008365,PRD-00493,ITM-000061212,2024-02-05,5,,,True
REV-0000907,CUS-006784,PRD-00217,ITM-000034208,2026-03-13,5,Good quality and exactly ,Good quality and exactly as expected.,True
REV-0000908,CUS-010501,PRD-00217,ITM-000048664,2022-08-01,2,Product quality was disap,Product quality was disappointing.,True
REV-0000909,CUS-005738,PRD-00402,ITM-000034424,2025-02-07,5,Good quality and exactly ,Good quality and exactly as expected.,True
REV-0000910,CUS-009773,PRD-00381,ITM-000044109,2024-12-06,4,Good quality and exactly ,Good quality and exactly as expected.,True
REV-0000911,CUS-005026,PRD-00083,ITM-000039700,2024-08-04,4,Good quality and exactly ,Good quality and exactly as expected.,True
REV-0000912,CUS-006704,PRD-00041,ITM-000012742,2022-09-25,5,Good quality and exactly ,Good quality and exactly as expected.,True
REV-0000913,,PRD-00859,ITM-000072000,2024-11-29,3,,,True
REV-0000914,CUS-010676,PRD-00283,ITM-000002088,2025-02-15,3,Good quality and exactly ,Good quality and exactly as expected.,True
REV-0000915,CUS-008280,PRD-00824,ITM-000038269,2021-07-28,3,,,True
REV-0000916,CUS-008108,PRD-00419,ITM-000044201,2024-02-02,3,Good quality and exactly ,Good quality and exactly as expected.,True
REV-0000917,CUS-009486,PRD-00502,ITM-000045528,2024-02-05,4,Good quality and exactly ,Good quality and exactly as expected.,True
REV-0000918,CUS-011197,PRD-00459,ITM-000011058,2025-12-27,4,Good quality and exactly ,Good quality and exactly as expected.,True
REV-0000919,CUS-008109,PRD-00675,ITM-000052701,2023-06-24,5,Good quality and exactly ,Good quality and exactly as expected.,True
REV-0000920,CUS-006511,PRD-00620,ITM-000047809,2025-07-08,3,Good quality and exactly ,Good quality and exactly as expected.,True
REV-0000921,CUS-004814,PRD-00327,ITM-000027983,2021-02-13,5,Good quality and exactly ,Good quality and exactly as expected.,True
REV-0000922,CUS-000636,PRD-00245,ITM-000060347,2021-06-13,4,Good quality and exactly ,Good quality and exactly as expected.,True
REV-0000923,CUS-000580,PRD-00187,ITM-000049526,2021-12-22,5,,,True
REV-0000924,CUS-003662,PRD-00633,ITM-000012828,2025-03-21,5,Good quality and exactly ,Good quality and exactly as expected.,True
REV-0000925,CUS-004504,PRD-00809,ITM-000008524,2025-03-21,2,Product quality was disap,Product quality was disappointing.,True
REV-0000926,CUS-009512,PRD-00191,ITM-000006601,2021-10-29,5,Good quality and exactly ,Good quality and exactly as expected.,True
REV-0000927,CUS-011335,PRD-00232,ITM-000015997,2020-09-13,4,Good quality and exactly ,Good quality and exactly as expected.,True
REV-0000928,CUS-008162,PRD-00696,ITM-000071336,2021-02-20,5,Good quality and exactly ,Good quality and exactly as expected.,True
REV-0000929,CUS-009645,PRD-00723,ITM-000077671,2021-05-25,5,Good quality and exactly ,Good quality and exactly as expected.,True
REV-0000930,CUS-008427,PRD-00827,ITM-000070210,2021-12-20,5,Good quality and exactly ,Good quality and exactly as expected.,True
REV-0000931,CUS-002266,PRD-00321,ITM-000066266,2022-12-11,5,,,True
REV-0000932,CUS-000867,PRD-00272,ITM-000051831,2026-08-03,4,Good quality and exactly ,Good quality and exactly as expected.,True
REV-0000933,CUS-011340,PRD-00274,ITM-000050501,2020-08-02,2,,,True
REV-0000934,CUS-005095,PRD-00203,ITM-000004663,2021-12-14,5,Good quality and exactly ,Good quality and exactly as expected.,True
REV-0000935,CUS-005862,PRD-00619,ITM-000076276,2021-04-01,4,Good quality and exactly ,Good quality and exactly as expected.,True
REV-0000936,CUS-006523,PRD-00500,ITM-000034963,2026-05-05,5,Good quality and exactly ,Good quality and exactly as expected.,True
REV-0000937,CUS-007543,PRD-00625,ITM-000077347,2020-04-02,3,Good quality and exactly ,Good quality and exactly as expected.,True
REV-0000938,CUS-008156,PRD-00055,ITM-000075850,2025-11-23,5,Good quality and exactly ,Good quality and exactly as expected.,True
REV-0000939,CUS-006676,PRD-00696,ITM-000056263,2025-08-29,4,Good quality and exactly ,Good quality and exactly as expected.,True
REV-0000940,CUS-004080,PRD-00709,ITM-000012709,2020-10-03,5,Good quality and exactly ,Good quality and exactly as expected.,True
REV-0000941,CUS-008853,PRD-00041,ITM-000046073,2023-12-13,5,Good quality and exactly ,Good quality and exactly as expected.,True
REV-0000942,CUS-009118,PRD-00735,ITM-000025883,2022-03-22,5,Good quality and exactly ,Good quality and exactly as expected.,True
REV-0000943,CUS-009174,PRD-00628,ITM-000049384,2026-04-02,5,Good quality and exactly ,Good quality and exactly as expected.,True
REV-0000944,CUS-003002,PRD-00461,ITM-000001347,2025-05-15,4,Good quality and exactly ,Good quality and exactly as expected.,True
REV-0000945,CUS-001575,PRD-00759,ITM-000031729,2026-01-26,3,,,True
REV-0000946,CUS-008200,PRD-00569,ITM-000050167,2024-05-03,5,Good quality and exactly ,Good quality and exactly as expected.,True
REV-0000947,CUS-009290,PRD-00251,ITM-000032730,2024-06-13,1,,,True
REV-0000948,CUS-002893,PRD-00596,ITM-000064562,2021-01-03,5,,,True
REV-0000949,CUS-007482,PRD-00662,ITM-000017331,2022-09-22,5,Good quality and exactly ,Good quality and exactly as expected.,True
REV-0000950,CUS-005512,PRD-00472,ITM-000001525,2020-09-03,3,,,True
REV-0000951,CUS-002502,PRD-00242,ITM-000023644,2025-05-28,1,Product quality was disap,Product quality was disappointing.,True
REV-0000952,CUS-001092,PRD-00626,ITM-000000977,2021-11-21,5,Good quality and exactly ,Good quality and exactly as expected.,True
REV-0000953,CUS-001550,PRD-00565,ITM-000014466,2023-03-10,5,Good quality and exactly ,Good quality and exactly as expected.,True
REV-0000954,CUS-007902,PRD-00545,ITM-000007012,2020-04-08,5,Good quality and exactly ,Good quality and exactly as expected.,True
REV-0000955,CUS-004147,PRD-00834,ITM-000021413,2020-03-10,3,Good quality and exactly ,Good quality and exactly as expected.,True
REV-0000956,CUS-010202,PRD-00494,ITM-000005394,2022-02-12,5,Good quality and exactly ,Good quality and exactly as expected.,True
REV-0000957,CUS-000368,PRD-00284,ITM-000024929,2021-03-04,5,Good quality and exactly ,Good quality and exactly as expected.,True
REV-0000958,CUS-006118,PRD-00120,ITM-000059440,2026-02-11,4,Good quality and exactly ,Good quality and exactly as expected.,True
REV-0000959,CUS-005093,PRD-00592,ITM-000059174,2021-12-22,5,Good quality and exactly ,Good quality and exactly as expected.,True
REV-0000960,CUS-004078,PRD-00021,ITM-000055863,2021-12-26,4,Good quality and exactly ,Good quality and exactly as expected.,True
REV-0000961,CUS-000492,PRD-00542,ITM-000076345,2023-02-16,3,Good quality and exactly ,Good quality and exactly as expected.,True
REV-0000962,CUS-003582,PRD-00379,ITM-000010956,2026-07-05,3,Good quality and exactly ,Good quality and exactly as expected.,True
REV-0000963,CUS-011134,PRD-00399,ITM-000024420,2025-10-27,5,,,True
REV-0000964,CUS-000713,PRD-00582,ITM-000003043,2025-09-10,5,Good quality and exactly ,Good quality and exactly as expected.,True
REV-0000965,CUS-005868,PRD-00857,ITM-000004470,2021-08-11,5,,,True
REV-0000966,CUS-002784,PRD-00813,ITM-000014868,2025-05-21,3,Good quality and exactly ,Good quality and exactly as expected.,True
REV-0000967,CUS-000339,PRD-00042,ITM-000002539,2021-10-06,4,Good quality and exactly ,Good quality and exactly as expected.,True
REV-0000968,CUS-006458,PRD-00266,ITM-000013186,2022-12-04,3,Good quality and exactly ,Good quality and exactly as expected.,True
REV-0000969,CUS-006285,PRD-00469,ITM-000050235,2021-06-30,5,Good quality and exactly ,Good quality and exactly as expected.,True
REV-0000970,CUS-005432,PRD-00880,ITM-000040790,2025-09-24,5,Good quality and exactly ,Good quality and exactly as expected.,True
REV-0000971,CUS-002034,PRD-00592,ITM-000027364,2021-01-02,2,Product quality was disap,Product quality was disappointing.,True
REV-0000972,CUS-008129,PRD-00267,ITM-000078476,2020-10-30,3,,,True
REV-0000973,CUS-004511,PRD-00652,ITM-000044326,2020-07-28,3,Good quality and exactly ,Good quality and exactly as expected.,True
REV-0000974,CUS-006195,PRD-00524,ITM-000040617,2023-04-23,1,,,True
REV-0000975,CUS-010328,PRD-00138,ITM-000049198,2020-11-17,5,Good quality and exactly ,Good quality and exactly as expected.,True
REV-0000976,CUS-003622,PRD-00742,ITM-000054551,2026-07-18,4,Good quality and exactly ,Good quality and exactly as expected.,True
REV-0000977,CUS-009679,PRD-00178,ITM-000036746,2025-06-03,3,Good quality and exactly ,Good quality and exactly as expected.,True
REV-0000978,CUS-002509,PRD-00229,ITM-000059781,2024-12-27,5,Good quality and exactly ,Good quality and exactly as expected.,True
REV-0000979,CUS-002404,PRD-00591,ITM-000058523,2023-10-07,3,Good quality and exactly ,Good quality and exactly as expected.,True
REV-0000980,CUS-010288,PRD-00317,ITM-000077589,2022-12-23,5,Good quality and exactly ,Good quality and exactly as expected.,True
REV-0000981,CUS-001694,PRD-00017,ITM-000036441,2020-11-10,4,Good quality and exactly ,Good quality and exactly as expected.,True
REV-0000982,CUS-008804,PRD-00897,ITM-000037592,2024-01-13,4,,,True
REV-0000983,CUS-005875,PRD-00207,ITM-000027131,2020-06-29,3,Good quality and exactly ,Good quality and exactly as expected.,True
REV-0000984,CUS-002254,PRD-00245,ITM-000048605,2025-10-15,4,Good quality and exactly ,Good quality and exactly as expected.,True
REV-0000985,CUS-008802,PRD-00027,ITM-000062613,2022-08-07,2,,,True
REV-0000986,CUS-004917,PRD-00782,ITM-000010910,2024-10-08,5,Good quality and exactly ,Good quality and exactly as expected.,True
REV-0000987,CUS-004085,PRD-00884,ITM-000034258,2024-07-30,5,Good quality and exactly ,Good quality and exactly as expected.,True
REV-0000988,CUS-004974,PRD-00752,ITM-000048494,2020-05-16,4,Good quality and exactly ,Good quality and exactly as expected.,True
REV-0000989,CUS-008645,PRD-00140,ITM-000004821,2024-11-04,5,Good quality and exactly ,Good quality and exactly as expected.,True
REV-0000990,CUS-009908,PRD-00100,ITM-000006533,2021-09-15,4,,,True
REV-0000991,CUS-008934,PRD-00488,ITM-000000161,2021-02-13,1,Product quality was disap,Product quality was disappointing.,True
REV-0000992,CUS-011930,PRD-00580,ITM-000064764,2024-07-01,3,,,True
REV-0000993,CUS-004085,PRD-00188,ITM-000037785,2025-04-14,4,Good quality and exactly ,Good quality and exactly as expected.,True
REV-0000994,CUS-008821,PRD-00840,ITM-000044667,2025-07-21,4,,,True
REV-0000995,CUS-005117,PRD-00126,ITM-000055299,2022-10-16,1,Product quality was disap,Product quality was disappointing.,True
REV-0000996,CUS-008892,PRD-00698,ITM-000052716,2020-10-29,4,Good quality and exactly ,Good quality and exactly as expected.,True
REV-0000997,CUS-001412,PRD-00202,ITM-000050799,2024-06-12,4,Good quality and exactly ,Good quality and exactly as expected.,True
REV-0000998,CUS-002008,PRD-00413,ITM-000073163,2021-01-07,5,,,True
REV-0000999,CUS-001571,PRD-00218,ITM-000042979,2026-03-31,4,,,True
REV-0001000,CUS-005054,PRD-00683,ITM-000013444,2024-12-23,4,Good quality and exactly ,Good quality and exactly as expected.,True
REV-0001001,CUS-001715,PRD-00391,ITM-000051666,2020-03-05,2,Product quality was disap,Product quality was disappointing.,True
REV-0001002,CUS-004295,PRD-00893,ITM-000073316,2021-06-29,3,Good quality and exactly ,Good quality and exactly as expected.,True
REV-0001003,CUS-010800,PRD-00094,ITM-000023713,2020-10-09,2,Product quality was disap,Product quality was disappointing.,True
REV-0001004,CUS-010492,PRD-00695,ITM-000011317,2023-01-31,5,Good quality and exactly ,Good quality and exactly as expected.,True
REV-0001005,CUS-009335,PRD-00489,ITM-000036957,2024-10-04,5,Good quality and exactly ,Good quality and exactly as expected.,True
REV-0001006,CUS-010413,PRD-00303,ITM-000036380,2022-11-18,4,Good quality and exactly ,Good quality and exactly as expected.,True
REV-0001007,CUS-010472,PRD-00270,ITM-000030220,2020-07-09,5,,,True
REV-0001008,CUS-001639,PRD-00612,ITM-000057864,2020-03-16,4,,,True
REV-0001009,CUS-002610,PRD-00724,ITM-000068076,2026-06-29,5,Good quality and exactly ,Good quality and exactly as expected.,True
REV-0001010,CUS-005652,PRD-00293,ITM-000076118,2024-03-23,4,Good quality and exactly ,Good quality and exactly as expected.,True
REV-0001011,CUS-005299,PRD-00865,ITM-000040121,2021-11-06,4,,,True
REV-0001012,CUS-011128,PRD-00131,ITM-000002109,2020-02-15,1,Product quality was disap,Product quality was disappointing.,True
REV-0001013,CUS-000371,PRD-00201,ITM-000018202,2020-09-13,1,Product quality was disap,Product quality was disappointing.,True
REV-0001014,CUS-001049,PRD-00278,ITM-000000745,2020-08-28,4,Good quality and exactly ,Good quality and exactly as expected.,True
REV-0001015,CUS-008292,PRD-00835,ITM-000035060,2023-07-27,2,,,True
REV-0001016,CUS-000841,PRD-00212,ITM-000072992,2020-08-11,5,Good quality and exactly ,Good quality and exactly as expected.,True
REV-0001017,CUS-009432,PRD-00776,ITM-000032786,2022-11-04,5,Good quality and exactly ,Good quality and exactly as expected.,True
REV-0001018,CUS-000041,PRD-00773,ITM-000016103,2025-11-25,5,Good quality and exactly ,Good quality and exactly as expected.,True
REV-0001019,CUS-005558,PRD-00200,ITM-000019756,2025-10-25,1,,,True
REV-0001020,CUS-003475,PRD-00011,ITM-000033834,2026-06-12,4,,,True
REV-0001021,CUS-004218,PRD-00891,ITM-000039876,2020-09-27,5,Good quality and exactly ,Good quality and exactly as expected.,True
REV-0001022,CUS-003361,PRD-00037,ITM-000028022,2021-04-03,3,Good quality and exactly ,Good quality and exactly as expected.,True
REV-0001023,CUS-006689,PRD-00431,ITM-000004862,2026-04-22,3,Good quality and exactly ,Good quality and exactly as expected.,True
REV-0001024,CUS-010882,PRD-00459,ITM-000016714,2025-01-28,5,Good quality and exactly ,Good quality and exactly as expected.,True
REV-0001025,CUS-006836,PRD-00731,ITM-000037868,2022-01-01,4,Good quality and exactly ,Good quality and exactly as expected.,True
REV-0001026,CUS-001970,PRD-00726,ITM-000000698,2024-11-06,5,Good quality and exactly ,Good quality and exactly as expected.,True
REV-0001027,CUS-009978,PRD-00635,ITM-000024450,2020-02-20,3,Good quality and exactly ,Good quality and exactly as expected.,True
REV-0001028,CUS-011563,PRD-00768,ITM-000037215,2025-05-31,4,Good quality and exactly ,Good quality and exactly as expected.,True
REV-0001029,CUS-007023,PRD-00531,ITM-000074357,2025-12-30,3,Good quality and exactly ,Good quality and exactly as expected.,True
REV-0001030,CUS-004792,PRD-00302,ITM-000063765,2021-12-31,3,Good quality and exactly ,Good quality and exactly as expected.,True
REV-0001031,CUS-006344,PRD-00205,ITM-000030705,2026-05-13,5,Good quality and exactly ,Good quality and exactly as expected.,True
REV-0001032,CUS-009019,PRD-00810,ITM-000078006,2025-10-27,2,Product quality was disap,Product quality was disappointing.,True
REV-0001033,CUS-002828,PRD-00396,ITM-000070714,2020-12-05,4,Good quality and exactly ,Good quality and exactly as expected.,True
REV-0001034,CUS-000617,PRD-00263,ITM-000024619,2024-05-15,5,Good quality and exactly ,Good quality and exactly as expected.,True
REV-0001035,CUS-001159,PRD-00661,ITM-000015315,2020-10-25,4,Good quality and exactly ,Good quality and exactly as expected.,True
REV-0001036,,PRD-00221,ITM-000060437,2025-10-28,5,Good quality and exactly ,Good quality and exactly as expected.,True
REV-0001037,CUS-000435,PRD-00008,ITM-000062256,2023-07-24,5,Good quality and exactly ,Good quality and exactly as expected.,True
REV-0001038,CUS-005400,PRD-00734,ITM-000019267,2021-12-19,5,Good quality and exactly ,Good quality and exactly as expected.,True
REV-0001039,CUS-005050,PRD-00422,ITM-000030301,2022-06-26,2,,,True
REV-0001040,CUS-011105,PRD-00391,ITM-000039507,2023-01-19,3,,,True
REV-0001041,CUS-005636,PRD-00617,ITM-000049982,2021-09-19,4,,,True
REV-0001042,CUS-002733,PRD-00058,ITM-000006849,2023-05-08,4,Good quality and exactly ,Good quality and exactly as expected.,True
REV-0001043,CUS-005934,PRD-00490,ITM-000057881,2023-10-01,2,Product quality was disap,Product quality was disappointing.,True
REV-0001044,CUS-001515,PRD-00375,ITM-000026291,2023-12-06,5,Good quality and exactly ,Good quality and exactly as expected.,True
REV-0001045,CUS-007223,PRD-00858,ITM-000051433,2024-03-12,4,Good quality and exactly ,Good quality and exactly as expected.,True
REV-0001046,CUS-000711,PRD-00183,ITM-000061493,2020-06-30,5,Good quality and exactly ,Good quality and exactly as expected.,True
REV-0001047,CUS-000492,PRD-00601,ITM-000039914,2021-04-02,5,,,True
REV-0001048,CUS-007924,PRD-00823,ITM-000043556,2023-05-30,4,,,True
REV-0001049,CUS-010585,PRD-00271,ITM-000036907,2023-05-06,4,Good quality and exactly ,Good quality and exactly as expected.,True
REV-0001050,CUS-001361,PRD-00212,ITM-000013547,2026-02-21,5,Good quality and exactly ,Good quality and exactly as expected.,True
REV-0001051,CUS-008266,PRD-00425,ITM-000062537,2022-11-14,3,Good quality and exactly ,Good quality and exactly as expected.,True
REV-0001052,CUS-005129,PRD-00518,ITM-000020623,2026-07-03,4,Good quality and exactly ,Good quality and exactly as expected.,True
REV-0001053,CUS-006035,PRD-00676,ITM-000005046,2024-02-14,4,Good quality and exactly ,Good quality and exactly as expected.,True
REV-0001054,CUS-002800,PRD-00370,ITM-000046663,2022-09-02,5,Good quality and exactly ,Good quality and exactly as expected.,True
REV-0001055,CUS-009537,PRD-00046,ITM-000047587,2024-02-26,3,,,True
REV-0001056,CUS-010214,PRD-00638,ITM-000011984,2022-01-29,5,Good quality and exactly ,Good quality and exactly as expected.,True
REV-0001057,CUS-006421,PRD-00404,ITM-000047083,2021-12-12,5,,,True
REV-0001058,CUS-000360,PRD-00184,ITM-000009543,2025-09-25,5,Good quality and exactly ,Good quality and exactly as expected.,True
REV-0001059,CUS-011611,PRD-00226,ITM-000054247,2026-05-04,5,Good quality and exactly ,Good quality and exactly as expected.,True
REV-0001060,CUS-007518,PRD-00603,ITM-000069172,2022-12-18,3,Good quality and exactly ,Good quality and exactly as expected.,True
REV-0001061,CUS-000468,PRD-00003,ITM-000036697,2020-07-17,5,Good quality and exactly ,Good quality and exactly as expected.,True
REV-0001062,CUS-002654,PRD-00678,ITM-000020580,2026-04-12,5,Good quality and exactly ,Good quality and exactly as expected.,True
REV-0001063,CUS-005002,PRD-00532,ITM-000060831,2025-11-30,4,,,True
REV-0001064,CUS-004153,PRD-00656,ITM-000029025,2024-10-03,5,Good quality and exactly ,Good quality and exactly as expected.,True
REV-0001065,CUS-005873,PRD-00365,ITM-000023475,2022-02-12,5,Good quality and exactly ,Good quality and exactly as expected.,True
REV-0001066,CUS-010223,PRD-00137,ITM-000062300,2025-05-06,1,Product quality was disap,Product quality was disappointing.,True
REV-0001067,CUS-007043,PRD-00082,ITM-000023523,2026-04-15,1,Product quality was disap,Product quality was disappointing.,True
REV-0001068,CUS-008400,PRD-00020,ITM-000026205,2024-03-02,5,Good quality and exactly ,Good quality and exactly as expected.,True
REV-0001069,CUS-009950,PRD-00401,ITM-000051097,2024-08-06,1,Product quality was disap,Product quality was disappointing.,True
REV-0001070,CUS-003957,PRD-00712,ITM-000064419,2022-08-29,4,Good quality and exactly ,Good quality and exactly as expected.,True
REV-0001071,CUS-006499,PRD-00554,ITM-000038298,2020-04-25,3,,,True
REV-0001072,CUS-006569,PRD-00804,ITM-000027523,2022-12-30,3,Good quality and exactly ,Good quality and exactly as expected.,True
REV-0001073,CUS-009052,PRD-00336,ITM-000051556,2023-05-30,4,Good quality and exactly ,Good quality and exactly as expected.,True
REV-0001074,CUS-002857,PRD-00258,ITM-000015732,2024-09-06,4,Good quality and exactly ,Good quality and exactly as expected.,True
REV-0001075,CUS-007636,PRD-00788,ITM-000019982,2022-04-25,4,,,True
REV-0001076,CUS-004828,PRD-00659,ITM-000021986,2021-10-15,2,Product quality was disap,Product quality was disappointing.,True
REV-0001077,CUS-008200,PRD-00763,ITM-000050166,2024-04-26,5,Good quality and exactly ,Good quality and exactly as expected.,True
REV-0001078,CUS-004726,PRD-00292,ITM-000064493,2026-07-08,5,,,True
REV-0001079,CUS-011181,PRD-00353,ITM-000051394,2022-02-28,4,,,True
REV-0001080,CUS-000148,PRD-00035,ITM-000044480,2025-10-08,5,Good quality and exactly ,Good quality and exactly as expected.,True
REV-0001081,CUS-000337,PRD-00283,ITM-000016058,2021-09-02,5,,,True
REV-0001082,CUS-009862,PRD-00563,ITM-000031991,2020-12-26,5,,,True
REV-0001083,CUS-002507,PRD-00223,ITM-000040124,2021-01-26,4,,,True
REV-0001084,CUS-006236,PRD-00532,ITM-000077027,2026-08-13,2,Product quality was disap,Product quality was disappointing.,True
REV-0001085,CUS-009716,PRD-00790,ITM-000025095,2022-04-19,3,Good quality and exactly ,Good quality and exactly as expected.,True
REV-0001086,CUS-008838,PRD-00310,ITM-000066917,2025-03-15,3,Good quality and exactly ,Good quality and exactly as expected.,True
REV-0001087,CUS-001831,PRD-00052,ITM-000012316,2021-04-02,5,Good quality and exactly ,Good quality and exactly as expected.,True
REV-0001088,CUS-004158,PRD-00812,ITM-000078008,2022-01-28,5,Good quality and exactly ,Good quality and exactly as expected.,True
REV-0001089,CUS-008040,PRD-00099,ITM-000056607,2026-07-19,1,Product quality was disap,Product quality was disappointing.,True
REV-0001090,CUS-003931,PRD-00590,ITM-000005445,2020-10-14,4,Good quality and exactly ,Good quality and exactly as expected.,True
REV-0001091,CUS-010021,PRD-00615,ITM-000059117,2022-01-31,4,Good quality and exactly ,Good quality and exactly as expected.,True
REV-0001092,CUS-002102,PRD-00134,ITM-000006029,2026-02-25,5,Good quality and exactly ,Good quality and exactly as expected.,True
REV-0001093,CUS-003269,PRD-00004,ITM-000070657,2022-03-13,1,Product quality was disap,Product quality was disappointing.,True
REV-0001094,CUS-007150,PRD-00820,ITM-000026874,2023-07-28,4,Good quality and exactly ,Good quality and exactly as expected.,True
REV-0001095,CUS-002387,PRD-00883,ITM-000023637,2023-06-10,4,,,True
REV-0001096,CUS-006908,PRD-00574,ITM-000034274,2022-02-25,5,Good quality and exactly ,Good quality and exactly as expected.,True
REV-0001097,CUS-006280,PRD-00759,ITM-000060196,2023-04-02,2,Product quality was disap,Product quality was disappointing.,True
REV-0001098,CUS-002728,PRD-00413,ITM-000011646,2020-07-01,1,Product quality was disap,Product quality was disappointing.,True
REV-0001099,CUS-010060,PRD-00525,ITM-000073233,2026-01-08,5,Good quality and exactly ,Good quality and exactly as expected.,True
REV-0001100,,PRD-00232,ITM-000066740,2023-03-27,2,Product quality was disap,Product quality was disappointing.,True
REV-0001101,CUS-007808,PRD-00197,ITM-000075597,2024-02-16,4,Good quality and exactly ,Good quality and exactly as expected.,True
REV-0001102,CUS-010040,PRD-00392,ITM-000023235,2021-09-14,3,Good quality and exactly ,Good quality and exactly as expected.,True
REV-0001103,CUS-010402,PRD-00412,ITM-000006549,2021-09-29,1,Product quality was disap,Product quality was disappointing.,True
REV-0001104,CUS-009660,PRD-00005,ITM-000002413,2021-12-07,4,Good quality and exactly ,Good quality and exactly as expected.,True
REV-0001105,CUS-001865,PRD-00498,ITM-000070977,2023-07-07,5,,,True
REV-0001106,CUS-010118,PRD-00465,ITM-000036504,2025-11-06,2,Product quality was disap,Product quality was disappointing.,True
REV-0001107,CUS-001925,PRD-00870,ITM-000045620,2022-06-06,4,Good quality and exactly ,Good quality and exactly as expected.,True
REV-0001108,CUS-003772,PRD-00868,ITM-000022360,2021-09-14,2,Product quality was disap,Product quality was disappointing.,True
REV-0001109,CUS-009015,PRD-00173,ITM-000027150,2025-11-05,5,,,True
REV-0001110,CUS-005726,PRD-00708,ITM-000059636,2025-02-28,4,Good quality and exactly ,Good quality and exactly as expected.,True
REV-0001111,CUS-011041,PRD-00134,ITM-000000680,2020-07-11,4,Good quality and exactly ,Good quality and exactly as expected.,True
REV-0001112,CUS-008598,PRD-00246,ITM-000016076,2025-05-07,5,Good quality and exactly ,Good quality and exactly as expected.,True
REV-0001113,,PRD-00260,ITM-000060509,2024-10-02,5,,,True
REV-0001114,CUS-005519,PRD-00642,ITM-000045802,2022-01-14,4,Good quality and exactly ,Good quality and exactly as expected.,True
REV-0001115,CUS-001665,PRD-00585,ITM-000000784,2026-05-14,5,,,True
REV-0001116,CUS-001418,PRD-00207,ITM-000013932,2024-05-08,5,,,True
REV-0001117,CUS-003982,PRD-00520,ITM-000003524,2025-02-14,4,,,True
REV-0001118,CUS-009047,PRD-00015,ITM-000066589,2020-09-08,5,,,True
REV-0001119,CUS-003974,PRD-00351,ITM-000034339,2020-11-21,5,,,True
REV-0001120,CUS-005323,PRD-00802,ITM-000060386,2025-11-14,2,,,True
REV-0001121,,PRD-00142,ITM-000036526,2026-05-11,2,Product quality was disap,Product quality was disappointing.,True
REV-0001122,CUS-000466,PRD-00608,ITM-000028108,2020-07-08,1,Product quality was disap,Product quality was disappointing.,True
REV-0001123,CUS-000404,PRD-00233,ITM-000067235,2021-12-01,4,Good quality and exactly ,Good quality and exactly as expected.,True
REV-0001124,CUS-000062,PRD-00079,ITM-000021133,2022-05-10,3,,,True
REV-0001125,CUS-002156,PRD-00346,ITM-000016559,2025-07-31,4,Good quality and exactly ,Good quality and exactly as expected.,True
REV-0001126,CUS-006183,PRD-00108,ITM-000063110,2020-08-14,1,Product quality was disap,Product quality was disappointing.,True
REV-0001127,CUS-007782,PRD-00324,ITM-000006003,2024-05-07,1,Product quality was disap,Product quality was disappointing.,True
REV-0001128,CUS-004144,PRD-00364,ITM-000040719,2025-09-30,3,Good quality and exactly ,Good quality and exactly as expected.,True
REV-0001129,CUS-009722,PRD-00182,ITM-000030104,2021-05-02,5,,,True
REV-0001130,CUS-005171,PRD-00810,ITM-000053579,2020-03-08,1,,,True
REV-0001131,CUS-006363,PRD-00768,ITM-000043618,2024-03-29,5,,,True
REV-0001132,CUS-001703,PRD-00103,ITM-000071613,2025-02-11,3,Good quality and exactly ,Good quality and exactly as expected.,True
REV-0001133,CUS-000921,PRD-00836,ITM-000056075,2022-12-09,5,Good quality and exactly ,Good quality and exactly as expected.,True
REV-0001134,CUS-002883,PRD-00739,ITM-000010446,2021-07-06,5,Good quality and exactly ,Good quality and exactly as expected.,True
REV-0001135,CUS-002071,PRD-00231,ITM-000029936,2025-05-12,5,Good quality and exactly ,Good quality and exactly as expected.,True
REV-0001136,CUS-000530,PRD-00663,ITM-000044718,2026-07-01,4,Good quality and exactly ,Good quality and exactly as expected.,True
REV-0001137,CUS-000323,PRD-00563,ITM-000033986,2026-03-09,4,,,True
REV-0001138,CUS-007418,PRD-00093,ITM-000037246,2025-01-06,5,,,True
REV-0001139,CUS-003267,PRD-00785,ITM-000058854,2020-09-05,5,Good quality and exactly ,Good quality and exactly as expected.,True
REV-0001140,CUS-003733,PRD-00588,ITM-000006821,2020-12-02,5,Good quality and exactly ,Good quality and exactly as expected.,True
REV-0001141,CUS-003240,PRD-00342,ITM-000014548,2021-02-08,3,Good quality and exactly ,Good quality and exactly as expected.,True
REV-0001142,CUS-004601,PRD-00721,ITM-000033644,2024-04-28,3,Good quality and exactly ,Good quality and exactly as expected.,True
REV-0001143,CUS-006530,PRD-00597,ITM-000007512,2024-03-21,5,Good quality and exactly ,Good quality and exactly as expected.,True
REV-0001144,CUS-000698,PRD-00264,ITM-000000540,2025-12-04,2,Product quality was disap,Product quality was disappointing.,True
REV-0001145,CUS-002626,PRD-00400,ITM-000067258,2025-07-26,5,Good quality and exactly ,Good quality and exactly as expected.,True
REV-0001146,CUS-010976,PRD-00182,ITM-000045399,2022-12-15,5,Good quality and exactly ,Good quality and exactly as expected.,True
REV-0001147,CUS-009511,PRD-00541,ITM-000031303,2022-07-11,5,Good quality and exactly ,Good quality and exactly as expected.,True
REV-0001148,CUS-011677,PRD-00419,ITM-000069491,2023-09-24,5,Good quality and exactly ,Good quality and exactly as expected.,True
REV-0001149,CUS-006113,PRD-00235,ITM-000078165,2020-02-17,5,Good quality and exactly ,Good quality and exactly as expected.,True
REV-0001150,CUS-000131,PRD-00724,ITM-000000253,2022-03-19,5,,,True
REV-0001151,CUS-001999,PRD-00066,ITM-000042808,2021-06-08,4,Good quality and exactly ,Good quality and exactly as expected.,True
REV-0001152,CUS-010716,PRD-00460,ITM-000008219,2024-11-11,5,Good quality and exactly ,Good quality and exactly as expected.,True
REV-0001153,CUS-001081,PRD-00323,ITM-000057895,2023-02-26,4,,,True
REV-0001154,CUS-009367,PRD-00267,ITM-000009856,2024-08-13,5,Good quality and exactly ,Good quality and exactly as expected.,True
REV-0001155,CUS-004387,PRD-00433,ITM-000074914,2024-09-25,4,Good quality and exactly ,Good quality and exactly as expected.,True
REV-0001156,CUS-003457,PRD-00117,ITM-000079272,2025-06-20,1,Product quality was disap,Product quality was disappointing.,True
REV-0001157,CUS-011968,PRD-00077,ITM-000077550,2024-11-20,4,Good quality and exactly ,Good quality and exactly as expected.,True
REV-0001158,CUS-003567,PRD-00195,ITM-000022663,2021-07-26,4,Good quality and exactly ,Good quality and exactly as expected.,True
REV-0001159,CUS-005052,PRD-00477,ITM-000049820,2024-12-13,4,,,True
REV-0001160,CUS-003145,PRD-00402,ITM-000010940,2025-04-21,5,Good quality and exactly ,Good quality and exactly as expected.,True
REV-0001161,CUS-010285,PRD-00494,ITM-000055075,2022-08-20,4,Good quality and exactly ,Good quality and exactly as expected.,True
REV-0001162,CUS-008430,PRD-00047,ITM-000031726,2025-06-27,5,Good quality and exactly ,Good quality and exactly as expected.,True
REV-0001163,CUS-006784,PRD-00150,ITM-000034207,2026-02-12,5,Good quality and exactly ,Good quality and exactly as expected.,True
REV-0001164,CUS-002020,PRD-00587,ITM-000035171,2020-09-04,4,Good quality and exactly ,Good quality and exactly as expected.,True
REV-0001165,CUS-008485,PRD-00222,ITM-000011978,2020-06-05,5,Good quality and exactly ,Good quality and exactly as expected.,True
REV-0001166,CUS-010220,PRD-00317,ITM-000077593,2022-12-31,2,Product quality was disap,Product quality was disappointing.,True
REV-0001167,CUS-007780,PRD-00013,ITM-000019179,2026-02-14,5,Good quality and exactly ,Good quality and exactly as expected.,True
REV-0001168,,PRD-00054,ITM-000017791,2025-09-29,5,Good quality and exactly ,Good quality and exactly as expected.,True
REV-0001169,CUS-006873,PRD-00436,ITM-000009473,2024-10-02,2,Product quality was disap,Product quality was disappointing.,True
REV-0001170,,PRD-00466,ITM-000071721,2022-04-04,3,Good quality and exactly ,Good quality and exactly as expected.,True
REV-0001171,CUS-006056,PRD-00723,ITM-000059007,2020-03-28,2,,,True
REV-0001172,CUS-011012,PRD-00113,ITM-000074220,2022-01-06,2,Product quality was disap,Product quality was disappointing.,True
REV-0001173,CUS-006938,PRD-00298,ITM-000050118,2022-03-28,5,Good quality and exactly ,Good quality and exactly as expected.,True
REV-0001174,CUS-010734,PRD-00229,ITM-000070670,2025-12-26,3,Good quality and exactly ,Good quality and exactly as expected.,True
REV-0001175,CUS-000045,PRD-00297,ITM-000007355,2026-03-25,2,Product quality was disap,Product quality was disappointing.,True
REV-0001176,CUS-008161,PRD-00308,ITM-000019518,2024-11-25,4,Good quality and exactly ,Good quality and exactly as expected.,True
REV-0001177,CUS-006053,PRD-00684,ITM-000006308,2022-07-23,5,Good quality and exactly ,Good quality and exactly as expected.,True
REV-0001178,CUS-001849,PRD-00416,ITM-000048454,2020-12-04,5,Good quality and exactly ,Good quality and exactly as expected.,True
REV-0001179,CUS-011102,PRD-00518,ITM-000029477,2020-11-11,4,Good quality and exactly ,Good quality and exactly as expected.,True
REV-0001180,CUS-011535,PRD-00214,ITM-000053978,2025-07-09,4,Good quality and exactly ,Good quality and exactly as expected.,True
REV-0001181,CUS-010752,PRD-00887,ITM-000014409,2026-05-02,4,Good quality and exactly ,Good quality and exactly as expected.,True
REV-0001182,CUS-005900,PRD-00872,ITM-000037338,2024-01-29,4,Good quality and exactly ,Good quality and exactly as expected.,True
REV-0001183,CUS-000784,PRD-00151,ITM-000058187,2021-04-20,5,Good quality and exactly ,Good quality and exactly as expected.,True
REV-0001184,CUS-003898,PRD-00807,ITM-000022002,2023-09-01,5,Good quality and exactly ,Good quality and exactly as expected.,True
REV-0001185,CUS-006597,PRD-00532,ITM-000014592,2023-09-06,1,Product quality was disap,Product quality was disappointing.,True
REV-0001186,CUS-006469,PRD-00463,ITM-000015608,2026-08-24,2,Product quality was disap,Product quality was disappointing.,True
REV-0001187,CUS-009676,PRD-00769,ITM-000052332,2021-06-10,4,Good quality and exactly ,Good quality and exactly as expected.,True
REV-0001188,CUS-002051,PRD-00855,ITM-000013478,2024-04-15,1,Product quality was disap,Product quality was disappointing.,True
REV-0001189,CUS-000959,PRD-00205,ITM-000045663,2024-03-06,4,Good quality and exactly ,Good quality and exactly as expected.,True
REV-0001190,CUS-011774,PRD-00696,ITM-000003616,2023-08-06,4,,,True
REV-0001191,CUS-010581,PRD-00690,ITM-000047001,2021-10-23,5,Good quality and exactly ,Good quality and exactly as expected.,True
REV-0001192,CUS-008000,PRD-00175,ITM-000039889,2021-11-27,3,,,True
REV-0001193,,PRD-00341,ITM-000055308,2022-10-16,5,,,True
REV-0001194,CUS-005432,PRD-00282,ITM-000010634,2026-08-14,5,Good quality and exactly ,Good quality and exactly as expected.,True
REV-0001195,,PRD-00317,ITM-000071952,2025-01-17,5,Good quality and exactly ,Good quality and exactly as expected.,True
REV-0001196,CUS-010146,PRD-00464,ITM-000024771,2023-12-16,5,,,True
REV-0001197,CUS-005192,PRD-00318,ITM-000065817,2023-09-20,4,Good quality and exactly ,Good quality and exactly as expected.,True
REV-0001198,,PRD-00196,ITM-000033925,2024-06-15,4,Good quality and exactly ,Good quality and exactly as expected.,True
REV-0001199,CUS-005987,PRD-00688,ITM-000000186,2021-01-09,4,Good quality and exactly ,Good quality and exactly as expected.,True
REV-0001200,CUS-005023,PRD-00833,ITM-000032864,2021-04-15,3,,,True
REV-0001201,CUS-003805,PRD-00510,ITM-000033857,2021-10-04,1,,,True
REV-0001202,CUS-002027,PRD-00163,ITM-000017201,2024-06-27,3,Good quality and exactly ,Good quality and exactly as expected.,True
REV-0001203,CUS-007170,PRD-00770,ITM-000045376,2023-09-14,4,Good quality and exactly ,Good quality and exactly as expected.,True
REV-0001204,CUS-003348,PRD-00898,ITM-000017934,2021-12-20,3,Good quality and exactly ,Good quality and exactly as expected.,True
REV-0001205,CUS-010178,PRD-00750,ITM-000059533,2026-04-23,4,,,True
REV-0001206,CUS-011776,PRD-00204,ITM-000062419,2026-10-01,4,Good quality and exactly ,Good quality and exactly as expected.,True
REV-0001207,CUS-000565,PRD-00107,ITM-000070749,2026-07-11,1,Product quality was disap,Product quality was disappointing.,True
REV-0001208,CUS-005563,PRD-00503,ITM-000015528,2025-08-18,5,Good quality and exactly ,Good quality and exactly as expected.,True
REV-0001209,CUS-010209,PRD-00537,ITM-000065681,2021-06-17,4,Good quality and exactly ,Good quality and exactly as expected.,True
REV-0001210,CUS-007473,PRD-00705,ITM-000055108,2025-04-30,5,,,True
REV-0001211,CUS-003861,PRD-00579,ITM-000003742,2021-02-27,1,Product quality was disap,Product quality was disappointing.,True
REV-0001212,CUS-011014,PRD-00822,ITM-000043438,2024-04-11,5,Good quality and exactly ,Good quality and exactly as expected.,True
REV-0001213,CUS-005092,PRD-00724,ITM-000078072,2021-05-26,3,Good quality and exactly ,Good quality and exactly as expected.,True
REV-0001214,CUS-003761,PRD-00540,ITM-000009855,2022-11-20,5,Good quality and exactly ,Good quality and exactly as expected.,True
REV-0001215,CUS-002963,PRD-00289,ITM-000068150,2020-03-09,4,Good quality and exactly ,Good quality and exactly as expected.,True
REV-0001216,CUS-004722,PRD-00599,ITM-000039941,2024-04-27,2,Product quality was disap,Product quality was disappointing.,True
REV-0001217,CUS-000165,PRD-00431,ITM-000047628,2022-04-12,5,Good quality and exactly ,Good quality and exactly as expected.,True
REV-0001218,CUS-009148,PRD-00266,ITM-000031641,2025-08-06,3,Good quality and exactly ,Good quality and exactly as expected.,True
REV-0001219,CUS-008119,PRD-00572,ITM-000042329,2025-11-25,4,,,True
REV-0001220,CUS-007979,PRD-00749,ITM-000033496,2024-11-05,5,Good quality and exactly ,Good quality and exactly as expected.,True
REV-0001221,CUS-006601,PRD-00596,ITM-000067410,2025-10-06,4,Good quality and exactly ,Good quality and exactly as expected.,True
REV-0001222,CUS-008534,PRD-00129,ITM-000055078,2020-08-06,5,Good quality and exactly ,Good quality and exactly as expected.,True
REV-0001223,CUS-000298,PRD-00679,ITM-000011829,2025-08-16,4,Good quality and exactly ,Good quality and exactly as expected.,True
REV-0001224,CUS-011491,PRD-00722,ITM-000040437,2026-04-06,4,Good quality and exactly ,Good quality and exactly as expected.,True
REV-0001225,CUS-005607,PRD-00235,ITM-000025607,2022-06-25,5,Good quality and exactly ,Good quality and exactly as expected.,True
REV-0001226,CUS-000402,PRD-00604,ITM-000028970,2020-05-04,5,Good quality and exactly ,Good quality and exactly as expected.,True
REV-0001227,,PRD-00691,ITM-000078303,2024-08-10,5,Good quality and exactly ,Good quality and exactly as expected.,True
REV-0001228,CUS-002255,PRD-00736,ITM-000073803,2023-10-17,5,Good quality and exactly ,Good quality and exactly as expected.,True
REV-0001229,CUS-007084,PRD-00005,ITM-000014009,2022-01-21,5,Good quality and exactly ,Good quality and exactly as expected.,True
REV-0001230,CUS-005997,PRD-00197,ITM-000026025,2021-01-20,4,Good quality and exactly ,Good quality and exactly as expected.,True
REV-0001231,CUS-009931,PRD-00001,ITM-000017083,2025-03-21,5,Good quality and exactly ,Good quality and exactly as expected.,True
REV-0001232,CUS-000960,PRD-00226,ITM-000051732,2023-09-22,5,Good quality and exactly ,Good quality and exactly as expected.,True
REV-0001233,CUS-010595,PRD-00156,ITM-000006459,2021-08-16,5,,,True
REV-0001234,CUS-011276,PRD-00098,ITM-000038302,2020-07-26,4,,,True
REV-0001235,CUS-002265,PRD-00738,ITM-000034104,2021-07-17,1,Product quality was disap,Product quality was disappointing.,True
REV-0001236,CUS-003003,PRD-00848,ITM-000021629,2025-08-24,2,Product quality was disap,Product quality was disappointing.,True
REV-0001237,CUS-002668,PRD-00803,ITM-000006646,2021-04-11,5,Good quality and exactly ,Good quality and exactly as expected.,True
REV-0001238,CUS-003934,PRD-00718,ITM-000056869,2024-07-28,4,Good quality and exactly ,Good quality and exactly as expected.,True
REV-0001239,CUS-007836,PRD-00325,ITM-000030286,2026-06-02,4,Good quality and exactly ,Good quality and exactly as expected.,True
REV-0001240,CUS-002055,PRD-00353,ITM-000031749,2021-05-20,4,Good quality and exactly ,Good quality and exactly as expected.,True
REV-0001241,CUS-010569,PRD-00352,ITM-000060561,2025-01-08,2,Product quality was disap,Product quality was disappointing.,True
REV-0001242,CUS-004223,PRD-00298,ITM-000008355,2026-10-21,5,Good quality and exactly ,Good quality and exactly as expected.,True
REV-0001243,CUS-002879,PRD-00581,ITM-000021213,2020-01-06,5,,,True
REV-0001244,CUS-004626,PRD-00357,ITM-000025854,2022-02-01,5,,,True
REV-0001245,CUS-008426,PRD-00074,ITM-000044734,2024-10-29,5,,,True
REV-0001246,,PRD-00829,ITM-000050424,2025-09-29,5,,,True
REV-0001247,CUS-011133,PRD-00435,ITM-000006072,2025-09-23,4,Good quality and exactly ,Good quality and exactly as expected.,True
REV-0001248,CUS-009960,PRD-00426,ITM-000026952,2020-10-27,5,Good quality and exactly ,Good quality and exactly as expected.,True
REV-0001249,CUS-010015,PRD-00308,ITM-000039945,2021-08-02,3,Good quality and exactly ,Good quality and exactly as expected.,True
REV-0001250,CUS-011718,PRD-00472,ITM-000043469,2025-05-05,4,Good quality and exactly ,Good quality and exactly as expected.,True
REV-0001251,CUS-011295,PRD-00295,ITM-000077692,2021-07-18,5,Good quality and exactly ,Good quality and exactly as expected.,True
REV-0001252,CUS-003036,PRD-00254,ITM-000024026,2022-08-27,4,,,True
REV-0001253,CUS-003368,PRD-00194,ITM-000059221,2023-02-06,5,Good quality and exactly ,Good quality and exactly as expected.,True
REV-0001254,CUS-008491,PRD-00191,ITM-000002049,2020-04-27,2,Product quality was disap,Product quality was disappointing.,True
REV-0001255,CUS-007844,PRD-00024,ITM-000077247,2021-03-18,5,Good quality and exactly ,Good quality and exactly as expected.,True
REV-0001256,CUS-001843,PRD-00090,ITM-000069187,2025-06-27,4,Good quality and exactly ,Good quality and exactly as expected.,True
REV-0001257,CUS-007029,PRD-00293,ITM-000033013,2020-05-05,5,Good quality and exactly ,Good quality and exactly as expected.,True
REV-0001258,CUS-003152,PRD-00752,ITM-000059170,2026-01-18,5,Good quality and exactly ,Good quality and exactly as expected.,True
REV-0001259,CUS-010143,PRD-00470,ITM-000025076,2020-08-28,5,,,True
REV-0001260,CUS-003727,PRD-00671,ITM-000000154,2021-05-21,5,Good quality and exactly ,Good quality and exactly as expected.,True
REV-0001261,CUS-005048,PRD-00799,ITM-000020013,2026-05-29,5,,,True
REV-0001262,CUS-010170,PRD-00871,ITM-000008611,2021-08-11,5,Good quality and exactly ,Good quality and exactly as expected.,True
REV-0001263,CUS-006993,PRD-00176,ITM-000049288,2021-02-03,3,Good quality and exactly ,Good quality and exactly as expected.,True
REV-0001264,CUS-004913,PRD-00848,ITM-000024778,2021-01-18,3,Good quality and exactly ,Good quality and exactly as expected.,True
REV-0001265,CUS-008442,PRD-00337,ITM-000061815,2022-06-29,4,,,True
REV-0001266,CUS-010742,PRD-00043,ITM-000078263,2025-04-04,2,Product quality was disap,Product quality was disappointing.,True
REV-0001267,CUS-007475,PRD-00661,ITM-000056124,2021-09-26,1,Product quality was disap,Product quality was disappointing.,True
REV-0001268,CUS-010907,PRD-00028,ITM-000018596,2023-12-05,2,Product quality was disap,Product quality was disappointing.,True
REV-0001269,CUS-011310,PRD-00576,ITM-000065970,2023-12-09,5,Good quality and exactly ,Good quality and exactly as expected.,True
REV-0001270,CUS-003243,PRD-00445,ITM-000001205,2023-11-02,2,Product quality was disap,Product quality was disappointing.,True
REV-0001271,CUS-001045,PRD-00248,ITM-000058098,2022-01-04,5,Good quality and exactly ,Good quality and exactly as expected.,True
REV-0001272,,PRD-00659,ITM-000003913,2024-02-21,5,Good quality and exactly ,Good quality and exactly as expected.,True
REV-0001273,CUS-000228,PRD-00168,ITM-000077261,2025-05-28,3,Good quality and exactly ,Good quality and exactly as expected.,True
REV-0001274,CUS-004065,PRD-00080,ITM-000051964,2025-03-07,4,,,True
REV-0001275,CUS-004301,PRD-00545,ITM-000033409,2023-12-21,1,,,True
REV-0001276,CUS-003759,PRD-00348,ITM-000067060,2020-03-02,3,Good quality and exactly ,Good quality and exactly as expected.,True
REV-0001277,CUS-002532,PRD-00320,ITM-000042119,2024-05-24,3,Good quality and exactly ,Good quality and exactly as expected.,True
REV-0001278,CUS-002829,PRD-00426,ITM-000025081,2024-11-07,3,Good quality and exactly ,Good quality and exactly as expected.,True
REV-0001279,CUS-002838,PRD-00122,ITM-000032328,2024-02-29,2,Product quality was disap,Product quality was disappointing.,True
REV-0001280,CUS-007141,PRD-00481,ITM-000023715,2025-06-22,3,Good quality and exactly ,Good quality and exactly as expected.,True
REV-0001281,CUS-011657,PRD-00252,ITM-000022033,2022-06-08,4,Good quality and exactly ,Good quality and exactly as expected.,True
REV-0001282,CUS-011994,PRD-00751,ITM-000076340,2020-11-04,4,Good quality and exactly ,Good quality and exactly as expected.,True
REV-0001283,CUS-003214,PRD-00179,ITM-000001113,2023-12-14,2,Product quality was disap,Product quality was disappointing.,True
REV-0001284,CUS-006896,PRD-00707,ITM-000044897,2026-08-18,3,,,True
REV-0001285,CUS-003605,PRD-00272,ITM-000063732,2023-12-15,4,Good quality and exactly ,Good quality and exactly as expected.,True
REV-0001286,,PRD-00420,ITM-000003500,2023-06-14,5,Good quality and exactly ,Good quality and exactly as expected.,True
REV-0001287,,PRD-00863,ITM-000065530,2022-05-27,4,Good quality and exactly ,Good quality and exactly as expected.,True
REV-0001288,CUS-002759,PRD-00878,ITM-000002461,2025-03-03,5,Good quality and exactly ,Good quality and exactly as expected.,True
REV-0001289,CUS-003203,PRD-00466,ITM-000013937,2023-08-01,5,Good quality and exactly ,Good quality and exactly as expected.,True
REV-0001290,CUS-008589,PRD-00074,ITM-000063714,2024-05-12,4,Good quality and exactly ,Good quality and exactly as expected.,True
REV-0001291,CUS-003328,PRD-00812,ITM-000017657,2022-01-08,4,Good quality and exactly ,Good quality and exactly as expected.,True
REV-0001292,CUS-007408,PRD-00052,ITM-000028946,2023-06-06,5,Good quality and exactly ,Good quality and exactly as expected.,True
REV-0001293,CUS-008739,PRD-00635,ITM-000044336,2025-01-31,5,Good quality and exactly ,Good quality and exactly as expected.,True
REV-0001294,CUS-008680,PRD-00586,ITM-000030510,2022-03-10,4,Good quality and exactly ,Good quality and exactly as expected.,True
REV-0001295,CUS-000027,PRD-00368,ITM-000025795,2020-09-28,1,Product quality was disap,Product quality was disappointing.,True
REV-0001296,CUS-011190,PRD-00556,ITM-000006683,2024-11-30,4,,,True
REV-0001297,CUS-011955,PRD-00198,ITM-000052438,2026-05-07,5,Good quality and exactly ,Good quality and exactly as expected.,True
REV-0001298,CUS-009172,PRD-00209,ITM-000069132,2021-05-27,5,Good quality and exactly ,Good quality and exactly as expected.,True
REV-0001299,CUS-002449,PRD-00483,ITM-000059925,2025-08-16,3,Good quality and exactly ,Good quality and exactly as expected.,True
REV-0001300,CUS-010165,PRD-00641,ITM-000046955,2024-05-30,4,Good quality and exactly ,Good quality and exactly as expected.,True
REV-0001301,CUS-011969,PRD-00385,ITM-000023767,2023-03-19,2,Product quality was disap,Product quality was disappointing.,True
REV-0001302,CUS-001727,PRD-00027,ITM-000038061,2020-12-26,5,Good quality and exactly ,Good quality and exactly as expected.,True
REV-0001303,CUS-006208,PRD-00506,ITM-000052699,2026-03-08,5,Good quality and exactly ,Good quality and exactly as expected.,True
REV-0001304,CUS-007523,PRD-00769,ITM-000059449,2023-11-12,4,Good quality and exactly ,Good quality and exactly as expected.,True
REV-0001305,CUS-003218,PRD-00894,ITM-000016010,2021-02-07,5,Good quality and exactly ,Good quality and exactly as expected.,True
REV-0001306,CUS-006835,PRD-00357,ITM-000077734,2022-03-29,3,Good quality and exactly ,Good quality and exactly as expected.,True
REV-0001307,CUS-005032,PRD-00702,ITM-000009122,2024-11-20,3,Good quality and exactly ,Good quality and exactly as expected.,True
REV-0001308,CUS-005944,PRD-00302,ITM-000072903,2026-02-14,1,Product quality was disap,Product quality was disappointing.,True
REV-0001309,CUS-008119,PRD-00157,ITM-000011063,2024-11-22,3,Good quality and exactly ,Good quality and exactly as expected.,True
REV-0001310,CUS-005285,PRD-00692,ITM-000027049,2024-08-27,4,Good quality and exactly ,Good quality and exactly as expected.,True
REV-0001311,CUS-002802,PRD-00249,ITM-000034350,2023-03-12,5,,,True
REV-0001312,CUS-004343,PRD-00541,ITM-000071400,2020-09-07,3,Good quality and exactly ,Good quality and exactly as expected.,True
REV-0001313,CUS-006762,PRD-00882,ITM-000026956,2021-12-15,5,Good quality and exactly ,Good quality and exactly as expected.,True
REV-0001314,CUS-005823,PRD-00443,ITM-000005595,2025-05-26,2,Product quality was disap,Product quality was disappointing.,True
REV-0001315,CUS-007244,PRD-00104,ITM-000004162,2023-08-25,4,Good quality and exactly ,Good quality and exactly as expected.,True
REV-0001316,CUS-009396,PRD-00040,ITM-000043125,2020-06-05,5,Good quality and exactly ,Good quality and exactly as expected.,True
REV-0001317,CUS-007964,PRD-00012,ITM-000027902,2022-05-18,5,Good quality and exactly ,Good quality and exactly as expected.,True
REV-0001318,CUS-000517,PRD-00766,ITM-000043825,2022-11-07,5,Good quality and exactly ,Good quality and exactly as expected.,True
REV-0001319,CUS-005096,PRD-00586,ITM-000056624,2021-01-12,2,,,True
REV-0001320,CUS-003120,PRD-00037,ITM-000068910,2023-11-11,4,Good quality and exactly ,Good quality and exactly as expected.,True
REV-0001321,CUS-005666,PRD-00488,ITM-000024430,2022-10-26,5,,,True
REV-0001322,CUS-001717,PRD-00360,ITM-000049593,2023-03-10,5,Good quality and exactly ,Good quality and exactly as expected.,True
REV-0001323,CUS-004506,PRD-00042,ITM-000004328,2026-02-03,5,Good quality and exactly ,Good quality and exactly as expected.,True
REV-0001324,CUS-008389,PRD-00143,ITM-000074755,2021-06-29,5,Good quality and exactly ,Good quality and exactly as expected.,True
REV-0001325,CUS-009578,PRD-00550,ITM-000030850,2021-11-23,1,,,True
REV-0001326,CUS-006390,PRD-00533,ITM-000023113,2022-07-14,4,Good quality and exactly ,Good quality and exactly as expected.,True
REV-0001327,CUS-006929,PRD-00785,ITM-000051703,2021-04-25,5,,,True
REV-0001328,CUS-011681,PRD-00006,ITM-000054888,2020-10-14,5,Good quality and exactly ,Good quality and exactly as expected.,True
REV-0001329,CUS-005299,PRD-00280,ITM-000040122,2021-11-04,2,Product quality was disap,Product quality was disappointing.,True
REV-0001330,CUS-011472,PRD-00477,ITM-000028715,2022-05-22,3,Good quality and exactly ,Good quality and exactly as expected.,True
REV-0001331,CUS-007363,PRD-00452,ITM-000026069,2021-09-13,4,Good quality and exactly ,Good quality and exactly as expected.,True
REV-0001332,CUS-006222,PRD-00800,ITM-000045895,2024-03-13,3,,,True
REV-0001333,CUS-007899,PRD-00328,ITM-000051483,2022-02-19,3,Good quality and exactly ,Good quality and exactly as expected.,True
REV-0001334,CUS-003492,PRD-00615,ITM-000021036,2024-07-10,5,Good quality and exactly ,Good quality and exactly as expected.,True
REV-0001335,CUS-002918,PRD-00483,ITM-000051790,2025-09-04,3,Good quality and exactly ,Good quality and exactly as expected.,True
REV-0001336,CUS-007098,PRD-00336,ITM-000057096,2021-11-28,4,Good quality and exactly ,Good quality and exactly as expected.,True
REV-0001337,CUS-000516,PRD-00776,ITM-000055528,2022-08-10,4,Good quality and exactly ,Good quality and exactly as expected.,True
REV-0001338,CUS-004505,PRD-00131,ITM-000000744,2020-10-29,4,Good quality and exactly ,Good quality and exactly as expected.,True
REV-0001339,CUS-008335,PRD-00087,ITM-000043937,2024-02-18,5,Good quality and exactly ,Good quality and exactly as expected.,True
REV-0001340,CUS-006698,PRD-00375,ITM-000021391,2024-06-23,5,Good quality and exactly ,Good quality and exactly as expected.,True
REV-0001341,CUS-007096,PRD-00696,ITM-000025885,2026-09-02,5,,,True
REV-0001342,CUS-009125,PRD-00106,ITM-000066556,2023-01-25,5,Good quality and exactly ,Good quality and exactly as expected.,True
REV-0001343,CUS-007511,PRD-00473,ITM-000003299,2024-09-30,5,Good quality and exactly ,Good quality and exactly as expected.,True
REV-0001344,CUS-005000,PRD-00341,ITM-000007413,2021-02-03,4,,,True
REV-0001345,CUS-006725,PRD-00680,ITM-000021877,2025-05-12,5,Good quality and exactly ,Good quality and exactly as expected.,True
REV-0001346,CUS-003442,PRD-00190,ITM-000074980,2022-12-18,5,Good quality and exactly ,Good quality and exactly as expected.,True
REV-0001347,CUS-009555,PRD-00214,ITM-000053289,2020-03-14,5,Good quality and exactly ,Good quality and exactly as expected.,True
REV-0001348,CUS-008260,PRD-00017,ITM-000002738,2021-10-12,4,Good quality and exactly ,Good quality and exactly as expected.,True
REV-0001349,CUS-011778,PRD-00861,ITM-000037086,2024-07-05,4,Good quality and exactly ,Good quality and exactly as expected.,True
REV-0001350,CUS-002286,PRD-00020,ITM-000038664,2021-08-27,5,Good quality and exactly ,Good quality and exactly as expected.,True
REV-0001351,CUS-010550,PRD-00088,ITM-000049303,2021-10-25,4,Good quality and exactly ,Good quality and exactly as expected.,True
REV-0001352,CUS-001525,PRD-00140,ITM-000034643,2021-10-20,2,Product quality was disap,Product quality was disappointing.,True
REV-0001353,CUS-004646,PRD-00031,ITM-000049917,2025-01-16,1,Product quality was disap,Product quality was disappointing.,True
REV-0001354,CUS-004492,PRD-00711,ITM-000026347,2020-04-17,5,Good quality and exactly ,Good quality and exactly as expected.,True
REV-0001355,CUS-007411,PRD-00683,ITM-000044113,2021-01-19,3,,,True
REV-0001356,CUS-000038,PRD-00458,ITM-000009647,2021-04-13,4,Good quality and exactly ,Good quality and exactly as expected.,True
REV-0001357,CUS-002411,PRD-00462,ITM-000008608,2023-06-06,5,Good quality and exactly ,Good quality and exactly as expected.,True
REV-0001358,CUS-003171,PRD-00064,ITM-000052147,2026-06-23,3,,,True
REV-0001359,CUS-009492,PRD-00066,ITM-000034670,2024-07-22,5,Good quality and exactly ,Good quality and exactly as expected.,True
REV-0001360,CUS-003756,PRD-00293,ITM-000045712,2022-11-30,5,,,True
REV-0001361,CUS-002929,PRD-00118,ITM-000059719,2021-03-02,3,Good quality and exactly ,Good quality and exactly as expected.,True
REV-0001362,CUS-010408,PRD-00670,ITM-000004802,2021-06-20,4,,,True
REV-0001363,CUS-009759,PRD-00826,ITM-000070982,2026-02-13,4,Good quality and exactly ,Good quality and exactly as expected.,True
REV-0001364,CUS-003613,PRD-00768,ITM-000070316,2023-06-09,5,Good quality and exactly ,Good quality and exactly as expected.,True
REV-0001365,CUS-006279,PRD-00814,ITM-000072148,2025-03-07,4,Good quality and exactly ,Good quality and exactly as expected.,True
REV-0001366,CUS-009279,PRD-00174,ITM-000002138,2024-07-02,5,Good quality and exactly ,Good quality and exactly as expected.,True
REV-0001367,CUS-007469,PRD-00467,ITM-000005029,2024-02-28,5,Good quality and exactly ,Good quality and exactly as expected.,True
REV-0001368,CUS-008468,PRD-00784,ITM-000028312,2023-06-21,5,Good quality and exactly ,Good quality and exactly as expected.,True
REV-0001369,CUS-011006,PRD-00084,ITM-000050536,2024-11-23,5,Good quality and exactly ,Good quality and exactly as expected.,True
REV-0001370,CUS-004803,PRD-00278,ITM-000067439,2022-12-15,5,Good quality and exactly ,Good quality and exactly as expected.,True
REV-0001371,CUS-009061,PRD-00554,ITM-000012216,2021-01-14,5,Good quality and exactly ,Good quality and exactly as expected.,True
REV-0001372,CUS-000493,PRD-00146,ITM-000054779,2023-05-02,5,Good quality and exactly ,Good quality and exactly as expected.,True
REV-0001373,CUS-008219,PRD-00060,ITM-000043063,2026-08-09,5,Good quality and exactly ,Good quality and exactly as expected.,True
REV-0001374,CUS-006087,PRD-00787,ITM-000024899,2025-08-16,5,,,True
REV-0001375,CUS-010441,PRD-00810,ITM-000008199,2020-03-24,5,Good quality and exactly ,Good quality and exactly as expected.,True
REV-0001376,CUS-004691,PRD-00508,ITM-000003515,2022-12-31,5,Good quality and exactly ,Good quality and exactly as expected.,True
REV-0001377,CUS-001435,PRD-00189,ITM-000025058,2023-01-09,5,Good quality and exactly ,Good quality and exactly as expected.,True
REV-0001378,CUS-008881,PRD-00423,ITM-000018131,2022-11-24,4,Good quality and exactly ,Good quality and exactly as expected.,True
REV-0001379,CUS-000607,PRD-00419,ITM-000022964,2025-05-17,5,Good quality and exactly ,Good quality and exactly as expected.,True
REV-0001380,CUS-008268,PRD-00642,ITM-000028724,2022-02-22,3,,,True
REV-0001381,CUS-001211,PRD-00135,ITM-000030373,2023-01-16,3,Good quality and exactly ,Good quality and exactly as expected.,True
REV-0001382,CUS-004626,PRD-00231,ITM-000012098,2025-03-28,4,,,True
REV-0001383,CUS-008155,PRD-00304,ITM-000017677,2022-06-04,4,Good quality and exactly ,Good quality and exactly as expected.,True
REV-0001384,,PRD-00835,ITM-000041868,2020-10-22,3,Good quality and exactly ,Good quality and exactly as expected.,True
REV-0001385,CUS-008446,PRD-00665,ITM-000037694,2023-08-11,3,Good quality and exactly ,Good quality and exactly as expected.,True
REV-0001386,CUS-011157,PRD-00639,ITM-000046991,2025-08-20,5,Good quality and exactly ,Good quality and exactly as expected.,True
REV-0001387,CUS-011517,PRD-00696,ITM-000037020,2022-12-20,3,Good quality and exactly ,Good quality and exactly as expected.,True
REV-0001388,CUS-004831,PRD-00867,ITM-000049126,2023-07-06,3,Good quality and exactly ,Good quality and exactly as expected.,True
REV-0001389,CUS-005443,PRD-00333,ITM-000018755,2021-07-25,5,Good quality and exactly ,Good quality and exactly as expected.,True
REV-0001390,,PRD-00640,ITM-000007912,2024-05-01,1,Product quality was disap,Product quality was disappointing.,True
REV-0001391,CUS-001445,PRD-00123,ITM-000013113,2026-08-26,3,Good quality and exactly ,Good quality and exactly as expected.,True
REV-0001392,CUS-011289,PRD-00556,ITM-000063479,2024-02-01,5,Good quality and exactly ,Good quality and exactly as expected.,True
REV-0001393,CUS-009278,PRD-00041,ITM-000043947,2021-07-04,5,Good quality and exactly ,Good quality and exactly as expected.,True
REV-0001394,CUS-002307,PRD-00216,ITM-000034814,2021-12-21,5,Good quality and exactly ,Good quality and exactly as expected.,True
REV-0001395,CUS-011235,PRD-00223,ITM-000061308,2026-03-14,3,Good quality and exactly ,Good quality and exactly as expected.,True
REV-0001396,CUS-010527,PRD-00384,ITM-000026799,2022-09-22,2,,,True
REV-0001397,CUS-003862,PRD-00899,ITM-000065773,2023-07-20,5,Good quality and exactly ,Good quality and exactly as expected.,True
REV-0001398,CUS-000423,PRD-00124,ITM-000076625,2024-05-19,3,Good quality and exactly ,Good quality and exactly as expected.,True
REV-0001399,CUS-003373,PRD-00773,ITM-000052545,2024-12-11,4,Good quality and exactly ,Good quality and exactly as expected.,True
REV-0001400,CUS-005569,PRD-00067,ITM-000071625,2021-02-20,1,Product quality was disap,Product quality was disappointing.,True
REV-0001401,CUS-001999,PRD-00837,ITM-000025328,2022-01-25,4,,,True
REV-0001402,CUS-008617,PRD-00213,ITM-000063643,2021-03-19,5,Good quality and exactly ,Good quality and exactly as expected.,True
REV-0001403,CUS-001148,PRD-00827,ITM-000059067,2022-07-13,5,Good quality and exactly ,Good quality and exactly as expected.,True
REV-0001404,CUS-007327,PRD-00031,ITM-000036148,2026-09-17,2,Product quality was disap,Product quality was disappointing.,True
REV-0001405,CUS-005884,PRD-00734,ITM-000051193,2022-04-11,5,Good quality and exactly ,Good quality and exactly as expected.,True
REV-0001406,CUS-007616,PRD-00509,ITM-000014552,2025-08-09,4,Good quality and exactly ,Good quality and exactly as expected.,True
REV-0001407,CUS-000534,PRD-00343,ITM-000060393,2024-09-25,5,Good quality and exactly ,Good quality and exactly as expected.,True
REV-0001408,CUS-011974,PRD-00704,ITM-000058016,2021-07-26,4,Good quality and exactly ,Good quality and exactly as expected.,True
REV-0001409,CUS-005873,PRD-00549,ITM-000048318,2024-10-25,3,Good quality and exactly ,Good quality and exactly as expected.,True
REV-0001410,CUS-006011,PRD-00136,ITM-000044191,2021-12-19,5,Good quality and exactly ,Good quality and exactly as expected.,True
REV-0001411,CUS-000911,PRD-00333,ITM-000049091,2022-03-06,5,Good quality and exactly ,Good quality and exactly as expected.,True
REV-0001412,CUS-006594,PRD-00813,ITM-000050045,2024-04-24,3,Good quality and exactly ,Good quality and exactly as expected.,True
REV-0001413,CUS-009874,PRD-00224,ITM-000034210,2025-10-10,4,,,True
REV-0001414,CUS-005841,PRD-00693,ITM-000039486,2025-08-31,4,Good quality and exactly ,Good quality and exactly as expected.,True
REV-0001415,CUS-011772,PRD-00693,ITM-000029871,2020-12-07,5,,,True
REV-0001416,CUS-008872,PRD-00897,ITM-000059080,2023-07-18,4,Good quality and exactly ,Good quality and exactly as expected.,True
REV-0001417,CUS-004413,PRD-00627,ITM-000026007,2024-01-16,4,Good quality and exactly ,Good quality and exactly as expected.,True
REV-0001418,CUS-003870,PRD-00815,ITM-000072576,2025-11-22,4,,,True
REV-0001419,CUS-010634,PRD-00648,ITM-000036110,2026-04-14,5,Good quality and exactly ,Good quality and exactly as expected.,True
REV-0001420,CUS-005721,PRD-00376,ITM-000056468,2024-07-19,1,Product quality was disap,Product quality was disappointing.,True
REV-0001421,CUS-001538,PRD-00052,ITM-000044983,2024-09-06,3,Good quality and exactly ,Good quality and exactly as expected.,True
REV-0001422,CUS-010150,PRD-00370,ITM-000044594,2024-12-01,3,Good quality and exactly ,Good quality and exactly as expected.,True
REV-0001423,CUS-005020,PRD-00376,ITM-000059506,2025-01-08,4,Good quality and exactly ,Good quality and exactly as expected.,True
REV-0001424,CUS-006771,PRD-00463,ITM-000037710,2022-10-02,4,Good quality and exactly ,Good quality and exactly as expected.,True
REV-0001425,CUS-005384,PRD-00298,ITM-000024209,2022-02-05,5,Good quality and exactly ,Good quality and exactly as expected.,True
REV-0001426,CUS-008008,PRD-00519,ITM-000073183,2022-12-29,4,Good quality and exactly ,Good quality and exactly as expected.,True
REV-0001427,CUS-004985,PRD-00356,ITM-000030034,2025-01-20,2,Product quality was disap,Product quality was disappointing.,True
REV-0001428,CUS-009566,PRD-00802,ITM-000010993,2024-09-04,2,Product quality was disap,Product quality was disappointing.,True
REV-0001429,CUS-005052,PRD-00768,ITM-000049821,2024-11-20,5,Good quality and exactly ,Good quality and exactly as expected.,True
REV-0001430,CUS-007893,PRD-00301,ITM-000022790,2022-07-26,4,Good quality and exactly ,Good quality and exactly as expected.,True
REV-0001431,CUS-003776,PRD-00668,ITM-000017752,2022-01-25,5,Good quality and exactly ,Good quality and exactly as expected.,True
REV-0001432,,PRD-00777,ITM-000027788,2022-12-30,3,Good quality and exactly ,Good quality and exactly as expected.,True
REV-0001433,CUS-010797,PRD-00042,ITM-000040541,2026-05-23,4,Good quality and exactly ,Good quality and exactly as expected.,True
REV-0001434,CUS-002426,PRD-00448,ITM-000011372,2023-07-20,1,Product quality was disap,Product quality was disappointing.,True
REV-0001435,CUS-007404,PRD-00613,ITM-000021961,2022-11-30,5,Good quality and exactly ,Good quality and exactly as expected.,True
REV-0001436,CUS-002220,PRD-00544,ITM-000052253,2024-10-25,5,Good quality and exactly ,Good quality and exactly as expected.,True
REV-0001437,CUS-001964,PRD-00337,ITM-000008669,2020-07-29,5,Good quality and exactly ,Good quality and exactly as expected.,True
REV-0001438,CUS-007271,PRD-00595,ITM-000000209,2023-11-16,4,Good quality and exactly ,Good quality and exactly as expected.,True
REV-0001439,CUS-010322,PRD-00424,ITM-000036766,2023-12-31,5,Good quality and exactly ,Good quality and exactly as expected.,True
REV-0001440,CUS-005143,PRD-00259,ITM-000064661,2023-05-02,5,Good quality and exactly ,Good quality and exactly as expected.,True
REV-0001441,CUS-007641,PRD-00662,ITM-000024428,2025-06-17,2,Product quality was disap,Product quality was disappointing.,True
REV-0001442,CUS-003129,PRD-00191,ITM-000059176,2025-02-03,5,Good quality and exactly ,Good quality and exactly as expected.,True
REV-0001443,CUS-010482,PRD-00733,ITM-000067590,2026-02-10,3,Good quality and exactly ,Good quality and exactly as expected.,True
REV-0001444,CUS-010139,PRD-00708,ITM-000042568,2021-12-23,4,Good quality and exactly ,Good quality and exactly as expected.,True
REV-0001445,CUS-004885,PRD-00454,ITM-000004066,2026-07-20,3,Good quality and exactly ,Good quality and exactly as expected.,True
REV-0001446,CUS-006941,PRD-00599,ITM-000012647,2023-12-29,2,Product quality was disap,Product quality was disappointing.,True
REV-0001447,CUS-003733,PRD-00027,ITM-000041976,2025-04-08,4,,,True
REV-0001448,CUS-010431,PRD-00706,ITM-000012122,2023-03-08,4,Good quality and exactly ,Good quality and exactly as expected.,True
REV-0001449,CUS-006557,PRD-00765,ITM-000019981,2024-04-11,5,Good quality and exactly ,Good quality and exactly as expected.,True
REV-0001450,CUS-011806,PRD-00576,ITM-000038106,2022-05-23,5,Good quality and exactly ,Good quality and exactly as expected.,True
REV-0001451,CUS-000268,PRD-00576,ITM-000067188,2023-11-17,5,Good quality and exactly ,Good quality and exactly as expected.,True
REV-0001452,CUS-000009,PRD-00543,ITM-000044070,2023-12-13,1,Product quality was disap,Product quality was disappointing.,True
REV-0001453,CUS-009610,PRD-00663,ITM-000053904,2021-03-10,4,Good quality and exactly ,Good quality and exactly as expected.,True
REV-0001454,CUS-005365,PRD-00423,ITM-000009035,2021-03-27,5,Good quality and exactly ,Good quality and exactly as expected.,True
REV-0001455,CUS-009251,PRD-00261,ITM-000019195,2020-05-29,4,Good quality and exactly ,Good quality and exactly as expected.,True
REV-0001456,CUS-011189,PRD-00376,ITM-000024743,2020-06-07,2,Product quality was disap,Product quality was disappointing.,True
REV-0001457,CUS-009543,PRD-00821,ITM-000019876,2024-01-20,5,Good quality and exactly ,Good quality and exactly as expected.,True
REV-0001458,CUS-011044,PRD-00251,ITM-000077995,2024-11-13,5,Good quality and exactly ,Good quality and exactly as expected.,True
REV-0001459,,PRD-00385,ITM-000075314,2020-08-13,5,Good quality and exactly ,Good quality and exactly as expected.,True
REV-0001460,CUS-001234,PRD-00505,ITM-000048101,2023-06-27,3,Good quality and exactly ,Good quality and exactly as expected.,True
REV-0001461,CUS-006467,PRD-00499,ITM-000038838,2023-03-28,5,Good quality and exactly ,Good quality and exactly as expected.,True
REV-0001462,CUS-003317,PRD-00359,ITM-000078851,2024-07-28,1,Product quality was disap,Product quality was disappointing.,True
REV-0001463,CUS-011081,PRD-00816,ITM-000043095,2023-04-13,4,Good quality and exactly ,Good quality and exactly as expected.,True
REV-0001464,CUS-004300,PRD-00523,ITM-000062287,2021-09-09,2,Product quality was disap,Product quality was disappointing.,True
REV-0001465,CUS-000987,PRD-00326,ITM-000063338,2020-06-26,5,Good quality and exactly ,Good quality and exactly as expected.,True
REV-0001466,CUS-011788,PRD-00740,ITM-000013827,2023-10-25,4,Good quality and exactly ,Good quality and exactly as expected.,True
REV-0001467,CUS-007649,PRD-00404,ITM-000006857,2022-10-31,5,,,True
REV-0001468,CUS-001533,PRD-00107,ITM-000010262,2021-06-23,3,,,True
REV-0001469,CUS-002506,PRD-00109,ITM-000071080,2024-09-05,3,Good quality and exactly ,Good quality and exactly as expected.,True
REV-0001470,CUS-004092,PRD-00879,ITM-000052454,2020-12-27,4,,,True
REV-0001471,CUS-002124,PRD-00854,ITM-000031720,2022-09-19,4,Good quality and exactly ,Good quality and exactly as expected.,True
REV-0001472,CUS-000395,PRD-00541,ITM-000070132,2022-02-13,3,Good quality and exactly ,Good quality and exactly as expected.,True
REV-0001473,CUS-000028,PRD-00866,ITM-000058416,2025-07-29,5,Good quality and exactly ,Good quality and exactly as expected.,True
REV-0001474,CUS-009082,PRD-00369,ITM-000056694,2023-02-27,4,Good quality and exactly ,Good quality and exactly as expected.,True
REV-0001475,CUS-010422,PRD-00319,ITM-000019126,2024-05-14,5,Good quality and exactly ,Good quality and exactly as expected.,True
REV-0001476,CUS-001778,PRD-00519,ITM-000024573,2024-05-23,3,Good quality and exactly ,Good quality and exactly as expected.,True
REV-0001477,CUS-000422,PRD-00451,ITM-000045278,2025-01-20,3,,,True
REV-0001478,CUS-008179,PRD-00571,ITM-000010828,2023-04-09,5,,,True
REV-0001479,CUS-002485,PRD-00886,ITM-000042457,2022-09-21,3,,,True
REV-0001480,CUS-000968,PRD-00864,ITM-000054106,2020-04-12,4,Good quality and exactly ,Good quality and exactly as expected.,True
REV-0001481,CUS-010983,PRD-00839,ITM-000041623,2026-08-27,5,Good quality and exactly ,Good quality and exactly as expected.,True
REV-0001482,CUS-009403,PRD-00280,ITM-000019176,2022-05-12,4,,,True
REV-0001483,CUS-002944,PRD-00432,ITM-000033467,2025-12-08,5,Good quality and exactly ,Good quality and exactly as expected.,True
REV-0001484,CUS-009151,PRD-00452,ITM-000011523,2026-01-09,5,Good quality and exactly ,Good quality and exactly as expected.,True
REV-0001485,CUS-006138,PRD-00707,ITM-000069295,2021-03-07,5,Good quality and exactly ,Good quality and exactly as expected.,True
REV-0001486,CUS-010638,PRD-00275,ITM-000037256,2026-06-07,5,Good quality and exactly ,Good quality and exactly as expected.,True
REV-0001487,CUS-006963,PRD-00637,ITM-000064520,2023-11-19,5,,,True
REV-0001488,CUS-011181,PRD-00491,ITM-000043059,2024-09-07,4,Good quality and exactly ,Good quality and exactly as expected.,True
REV-0001489,CUS-003317,PRD-00371,ITM-000063425,2026-05-24,4,Good quality and exactly ,Good quality and exactly as expected.,True
REV-0001490,,PRD-00360,ITM-000009527,2023-09-24,3,,,True
REV-0001491,CUS-002365,PRD-00676,ITM-000039102,2023-05-23,3,Good quality and exactly ,Good quality and exactly as expected.,True
REV-0001492,CUS-007152,PRD-00764,ITM-000038858,2021-03-06,4,Good quality and exactly ,Good quality and exactly as expected.,True
REV-0001493,CUS-004727,PRD-00734,ITM-000042501,2025-01-08,5,Good quality and exactly ,Good quality and exactly as expected.,True
REV-0001494,CUS-002529,PRD-00124,ITM-000075375,2026-09-03,4,Good quality and exactly ,Good quality and exactly as expected.,True
REV-0001495,CUS-009929,PRD-00503,ITM-000025327,2021-06-29,5,Good quality and exactly ,Good quality and exactly as expected.,True
REV-0001496,CUS-003822,PRD-00334,ITM-000016758,2020-04-20,4,Good quality and exactly ,Good quality and exactly as expected.,True
REV-0001497,CUS-002972,PRD-00350,ITM-000022804,2021-01-15,3,Good quality and exactly ,Good quality and exactly as expected.,True
REV-0001498,CUS-009681,PRD-00408,ITM-000007213,2021-09-11,5,Good quality and exactly ,Good quality and exactly as expected.,True
REV-0001499,CUS-007390,PRD-00239,ITM-000077939,2021-11-01,4,Good quality and exactly ,Good quality and exactly as expected.,True
REV-0001500,CUS-006521,PRD-00630,ITM-000011146,2024-11-22,3,Good quality and exactly ,Good quality and exactly as expected.,True
REV-0001501,CUS-004947,PRD-00020,ITM-000030912,2020-03-15,4,Good quality and exactly ,Good quality and exactly as expected.,True
REV-0001502,CUS-002114,PRD-00090,ITM-000042428,2025-03-28,5,,,True
REV-0001503,CUS-000364,PRD-00218,ITM-000004542,2022-08-23,5,Good quality and exactly ,Good quality and exactly as expected.,True
REV-0001504,CUS-008754,PRD-00825,ITM-000063883,2025-11-08,5,Good quality and exactly ,Good quality and exactly as expected.,True
REV-0001505,CUS-003678,PRD-00342,ITM-000061857,2025-11-14,5,Good quality and exactly ,Good quality and exactly as expected.,True
REV-0001506,CUS-011932,PRD-00137,ITM-000054946,2020-11-10,2,Product quality was disap,Product quality was disappointing.,True
REV-0001507,CUS-007529,PRD-00053,ITM-000044391,2025-07-20,4,Good quality and exactly ,Good quality and exactly as expected.,True
REV-0001508,CUS-006397,PRD-00851,ITM-000025660,2020-08-13,2,Product quality was disap,Product quality was disappointing.,True
REV-0001509,CUS-002012,PRD-00017,ITM-000058547,2024-07-01,4,Good quality and exactly ,Good quality and exactly as expected.,True
REV-0001510,CUS-005059,PRD-00082,ITM-000066968,2025-04-28,3,Good quality and exactly ,Good quality and exactly as expected.,True
REV-0001511,CUS-003223,PRD-00824,ITM-000019709,2025-03-09,5,Good quality and exactly ,Good quality and exactly as expected.,True
REV-0001512,CUS-002365,PRD-00184,ITM-000046326,2023-07-26,5,,,True
REV-0001513,CUS-011813,PRD-00694,ITM-000017822,2022-02-13,4,Good quality and exactly ,Good quality and exactly as expected.,True
REV-0001514,CUS-005928,PRD-00142,ITM-000049339,2020-07-25,5,,,True
REV-0001515,CUS-003130,PRD-00324,ITM-000050788,2024-09-16,4,Good quality and exactly ,Good quality and exactly as expected.,True
REV-0001516,CUS-011181,PRD-00256,ITM-000043060,2024-09-07,3,Good quality and exactly ,Good quality and exactly as expected.,True
REV-0001517,CUS-000011,PRD-00563,ITM-000034169,2023-10-27,3,Good quality and exactly ,Good quality and exactly as expected.,True
REV-0001518,CUS-002930,PRD-00322,ITM-000051046,2026-03-27,5,Good quality and exactly ,Good quality and exactly as expected.,True
REV-0001519,CUS-004675,PRD-00505,ITM-000044956,2021-10-11,3,Good quality and exactly ,Good quality and exactly as expected.,True
REV-0001520,,PRD-00790,ITM-000036434,2021-12-29,4,Good quality and exactly ,Good quality and exactly as expected.,True
REV-0001521,CUS-006304,PRD-00462,ITM-000013728,2023-06-15,4,Good quality and exactly ,Good quality and exactly as expected.,True
REV-0001522,CUS-011776,PRD-00189,ITM-000042999,2022-08-16,4,Good quality and exactly ,Good quality and exactly as expected.,True
REV-0001523,CUS-004296,PRD-00653,ITM-000071156,2020-03-01,5,Good quality and exactly ,Good quality and exactly as expected.,True
REV-0001524,CUS-009791,PRD-00036,ITM-000023723,2020-09-21,3,Good quality and exactly ,Good quality and exactly as expected.,True
REV-0001525,CUS-004835,PRD-00217,ITM-000072363,2022-09-08,4,Good quality and exactly ,Good quality and exactly as expected.,True
REV-0001526,CUS-004109,PRD-00518,ITM-000061910,2020-11-30,5,,,True
REV-0001527,CUS-001679,PRD-00334,ITM-000020518,2021-07-13,4,Good quality and exactly ,Good quality and exactly as expected.,True
REV-0001528,CUS-008556,PRD-00127,ITM-000050059,2025-06-26,4,Good quality and exactly ,Good quality and exactly as expected.,True
REV-0001529,CUS-009437,PRD-00087,ITM-000030072,2026-08-27,3,,,True
REV-0001530,CUS-005162,PRD-00848,ITM-000068975,2021-05-16,1,Product quality was disap,Product quality was disappointing.,True
REV-0001531,CUS-004802,PRD-00590,ITM-000014010,2025-09-12,3,Good quality and exactly ,Good quality and exactly as expected.,True
REV-0001532,CUS-010446,PRD-00893,ITM-000048214,2023-07-20,2,Product quality was disap,Product quality was disappointing.,True
REV-0001533,CUS-010634,PRD-00569,ITM-000029179,2021-12-11,5,,,True
REV-0001534,CUS-001257,PRD-00289,ITM-000020163,2025-05-17,4,Good quality and exactly ,Good quality and exactly as expected.,True
REV-0001535,CUS-005039,PRD-00798,ITM-000013854,2023-06-23,1,Product quality was disap,Product quality was disappointing.,True
REV-0001536,CUS-005386,PRD-00777,ITM-000027091,2022-01-24,4,Good quality and exactly ,Good quality and exactly as expected.,True
REV-0001537,CUS-009393,PRD-00485,ITM-000019958,2021-03-11,5,Good quality and exactly ,Good quality and exactly as expected.,True
REV-0001538,CUS-011181,PRD-00148,ITM-000047496,2023-01-03,5,Good quality and exactly ,Good quality and exactly as expected.,True
REV-0001539,CUS-003393,PRD-00403,ITM-000060615,2024-04-18,5,Good quality and exactly ,Good quality and exactly as expected.,True
REV-0001540,CUS-008193,PRD-00096,ITM-000013349,2024-07-28,4,Good quality and exactly ,Good quality and exactly as expected.,True
REV-0001541,CUS-002884,PRD-00160,ITM-000025006,2025-12-11,5,Good quality and exactly ,Good quality and exactly as expected.,True
REV-0001542,CUS-005552,PRD-00620,ITM-000020691,2026-06-18,3,Good quality and exactly ,Good quality and exactly as expected.,True
REV-0001543,CUS-011612,PRD-00709,ITM-000015785,2024-12-22,4,,,True
REV-0001544,CUS-011159,PRD-00653,ITM-000037056,2021-10-05,5,Good quality and exactly ,Good quality and exactly as expected.,True
REV-0001545,CUS-004039,PRD-00758,ITM-000033928,2024-08-17,2,Product quality was disap,Product quality was disappointing.,True
REV-0001546,CUS-010242,PRD-00511,ITM-000015680,2020-06-10,1,Product quality was disap,Product quality was disappointing.,True
REV-0001547,CUS-002194,PRD-00570,ITM-000016799,2020-11-16,4,,,True
REV-0001548,CUS-001415,PRD-00671,ITM-000028221,2025-04-14,1,Product quality was disap,Product quality was disappointing.,True
REV-0001549,CUS-000698,PRD-00611,ITM-000063893,2022-10-18,5,Good quality and exactly ,Good quality and exactly as expected.,True
REV-0001550,,PRD-00722,ITM-000029530,2022-02-16,3,Good quality and exactly ,Good quality and exactly as expected.,True
REV-0001551,CUS-008930,PRD-00231,ITM-000062668,2021-03-27,4,Good quality and exactly ,Good quality and exactly as expected.,True
REV-0001552,CUS-009071,PRD-00350,ITM-000021220,2022-10-04,5,Good quality and exactly ,Good quality and exactly as expected.,True
REV-0001553,CUS-010866,PRD-00193,ITM-000048312,2022-07-15,3,,,True
REV-0001554,CUS-008335,PRD-00500,ITM-000040802,2021-07-05,4,Good quality and exactly ,Good quality and exactly as expected.,True
REV-0001555,CUS-010916,PRD-00870,ITM-000029086,2022-02-01,5,Good quality and exactly ,Good quality and exactly as expected.,True
REV-0001556,CUS-004412,PRD-00463,ITM-000070323,2021-12-04,5,Good quality and exactly ,Good quality and exactly as expected.,True
REV-0001557,,PRD-00520,ITM-000005389,2025-04-20,4,Good quality and exactly ,Good quality and exactly as expected.,True
REV-0001558,CUS-002099,PRD-00616,ITM-000031904,2020-11-07,5,,,True
REV-0001559,CUS-011661,PRD-00036,ITM-000077553,2022-05-16,5,Good quality and exactly ,Good quality and exactly as expected.,True
REV-0001560,CUS-006110,PRD-00410,ITM-000021692,2022-10-17,4,Good quality and exactly ,Good quality and exactly as expected.,True
REV-0001561,CUS-008468,PRD-00612,ITM-000072871,2022-05-25,5,Good quality and exactly ,Good quality and exactly as expected.,True
REV-0001562,CUS-004387,PRD-00197,ITM-000010176,2025-08-03,5,Good quality and exactly ,Good quality and exactly as expected.,True
REV-0001563,CUS-002060,PRD-00786,ITM-000005510,2022-11-04,3,Good quality and exactly ,Good quality and exactly as expected.,True
REV-0001564,CUS-010586,PRD-00209,ITM-000038684,2025-10-22,4,Good quality and exactly ,Good quality and exactly as expected.,True
REV-0001565,CUS-008102,PRD-00490,ITM-000040109,2020-08-06,5,Good quality and exactly ,Good quality and exactly as expected.,True
REV-0001566,CUS-010075,PRD-00061,ITM-000010140,2022-06-03,4,Good quality and exactly ,Good quality and exactly as expected.,True
REV-0001567,CUS-000760,PRD-00109,ITM-000017887,2022-11-09,4,Good quality and exactly ,Good quality and exactly as expected.,True
REV-0001568,CUS-008465,PRD-00679,ITM-000014218,2021-02-06,1,,,True
REV-0001569,CUS-010891,PRD-00620,ITM-000028153,2025-11-08,4,,,True
REV-0001570,CUS-009415,PRD-00240,ITM-000074184,2022-08-26,4,Good quality and exactly ,Good quality and exactly as expected.,True
REV-0001571,CUS-003832,PRD-00900,ITM-000036458,2020-02-09,3,Good quality and exactly ,Good quality and exactly as expected.,True
REV-0001572,CUS-009873,PRD-00530,ITM-000034340,2024-05-19,5,Good quality and exactly ,Good quality and exactly as expected.,True
REV-0001573,CUS-005515,PRD-00789,ITM-000079126,2023-11-30,2,Product quality was disap,Product quality was disappointing.,True
REV-0001574,CUS-008111,PRD-00641,ITM-000035473,2023-07-06,4,Good quality and exactly ,Good quality and exactly as expected.,True
REV-0001575,CUS-004248,PRD-00582,ITM-000030746,2025-02-04,5,,,True
REV-0001576,CUS-003133,PRD-00291,ITM-000003853,2024-07-24,3,,,True
REV-0001577,CUS-002190,PRD-00416,ITM-000068338,2025-10-04,4,Good quality and exactly ,Good quality and exactly as expected.,True
REV-0001578,CUS-007268,PRD-00300,ITM-000054875,2025-01-04,4,,,True
REV-0001579,CUS-008333,PRD-00861,ITM-000031350,2023-05-25,3,Good quality and exactly ,Good quality and exactly as expected.,True
REV-0001580,CUS-000597,PRD-00135,ITM-000000568,2022-10-16,5,Good quality and exactly ,Good quality and exactly as expected.,True
REV-0001581,CUS-002797,PRD-00419,ITM-000047486,2021-08-30,5,Good quality and exactly ,Good quality and exactly as expected.,True
REV-0001582,CUS-003501,PRD-00428,ITM-000044071,2026-06-09,4,Good quality and exactly ,Good quality and exactly as expected.,True
REV-0001583,CUS-007139,PRD-00646,ITM-000078473,2025-10-28,3,Good quality and exactly ,Good quality and exactly as expected.,True
REV-0001584,CUS-010080,PRD-00196,ITM-000054475,2026-05-04,5,Good quality and exactly ,Good quality and exactly as expected.,True
REV-0001585,CUS-011208,PRD-00009,ITM-000031302,2023-01-30,4,,,True
REV-0001586,CUS-005214,PRD-00134,ITM-000035063,2022-03-09,4,Good quality and exactly ,Good quality and exactly as expected.,True
REV-0001587,CUS-004012,PRD-00441,ITM-000064808,2024-05-06,4,,,True
REV-0001588,CUS-007009,PRD-00375,ITM-000059741,2022-07-14,4,Good quality and exactly ,Good quality and exactly as expected.,True
REV-0001589,CUS-011826,PRD-00271,ITM-000034115,2025-11-29,2,,,True
REV-0001590,CUS-010998,PRD-00783,ITM-000050067,2026-01-12,5,Good quality and exactly ,Good quality and exactly as expected.,True
REV-0001591,CUS-006541,PRD-00371,ITM-000008307,2022-11-14,4,Good quality and exactly ,Good quality and exactly as expected.,True
REV-0001592,CUS-008892,PRD-00031,ITM-000034120,2021-09-26,1,Product quality was disap,Product quality was disappointing.,True
REV-0001593,CUS-004138,PRD-00682,ITM-000007885,2024-07-20,4,Good quality and exactly ,Good quality and exactly as expected.,True
REV-0001594,CUS-011265,PRD-00061,ITM-000017942,2024-05-01,3,Good quality and exactly ,Good quality and exactly as expected.,True
REV-0001595,CUS-002639,PRD-00335,ITM-000074355,2024-07-21,2,Product quality was disap,Product quality was disappointing.,True
REV-0001596,CUS-007269,PRD-00031,ITM-000001307,2024-01-22,4,Good quality and exactly ,Good quality and exactly as expected.,True
REV-0001597,CUS-010429,PRD-00850,ITM-000038351,2024-12-15,3,,,True
REV-0001598,CUS-009170,PRD-00578,ITM-000058074,2025-07-06,5,Good quality and exactly ,Good quality and exactly as expected.,True
REV-0001599,CUS-008003,PRD-00212,ITM-000078080,2020-07-04,4,Good quality and exactly ,Good quality and exactly as expected.,True
REV-0001600,CUS-009223,PRD-00658,ITM-000011988,2026-05-09,3,Good quality and exactly ,Good quality and exactly as expected.,True
REV-0001601,CUS-001801,PRD-00417,ITM-000077327,2021-10-05,3,Good quality and exactly ,Good quality and exactly as expected.,True
REV-0001602,CUS-002094,PRD-00403,ITM-000038314,2021-06-27,4,Good quality and exactly ,Good quality and exactly as expected.,True
REV-0001603,CUS-002512,PRD-00210,ITM-000037025,2026-03-14,5,Good quality and exactly ,Good quality and exactly as expected.,True
REV-0001604,CUS-004442,PRD-00361,ITM-000025068,2020-12-17,3,,,True
REV-0001605,CUS-001016,PRD-00014,ITM-000043689,2025-08-26,2,Product quality was disap,Product quality was disappointing.,True
REV-0001606,CUS-010004,PRD-00767,ITM-000021083,2021-04-07,5,Good quality and exactly ,Good quality and exactly as expected.,True
REV-0001607,,PRD-00423,ITM-000059083,2020-03-27,3,Good quality and exactly ,Good quality and exactly as expected.,True
REV-0001608,CUS-005418,PRD-00145,ITM-000066972,2022-08-01,5,Good quality and exactly ,Good quality and exactly as expected.,True
REV-0001609,CUS-003213,PRD-00359,ITM-000056312,2024-05-22,5,Good quality and exactly ,Good quality and exactly as expected.,True
REV-0001610,CUS-010671,PRD-00021,ITM-000008044,2024-11-21,4,Good quality and exactly ,Good quality and exactly as expected.,True
REV-0001611,CUS-010551,PRD-00340,ITM-000079193,2022-05-14,3,Good quality and exactly ,Good quality and exactly as expected.,True
REV-0001612,,PRD-00036,ITM-000007774,2024-06-29,4,Good quality and exactly ,Good quality and exactly as expected.,True
REV-0001613,CUS-002936,PRD-00739,ITM-000055589,2023-02-12,1,Product quality was disap,Product quality was disappointing.,True
REV-0001614,CUS-008394,PRD-00844,ITM-000055601,2022-12-10,5,Good quality and exactly ,Good quality and exactly as expected.,True
REV-0001615,CUS-009629,PRD-00363,ITM-000079106,2024-02-08,3,Good quality and exactly ,Good quality and exactly as expected.,True
REV-0001616,CUS-005059,PRD-00817,ITM-000046312,2020-10-01,4,Good quality and exactly ,Good quality and exactly as expected.,True
REV-0001617,CUS-006016,PRD-00213,ITM-000055968,2026-06-12,3,Good quality and exactly ,Good quality and exactly as expected.,True
REV-0001618,CUS-009423,PRD-00406,ITM-000046077,2021-04-19,3,,,True
REV-0001619,CUS-011842,PRD-00429,ITM-000062807,2020-02-14,4,Good quality and exactly ,Good quality and exactly as expected.,True
REV-0001620,CUS-007298,PRD-00737,ITM-000034034,2025-01-26,5,Good quality and exactly ,Good quality and exactly as expected.,True
REV-0001621,CUS-004513,PRD-00757,ITM-000048159,2025-08-21,5,Good quality and exactly ,Good quality and exactly as expected.,True
REV-0001622,CUS-005104,PRD-00146,ITM-000007524,2021-07-17,4,Good quality and exactly ,Good quality and exactly as expected.,True
REV-0001623,CUS-007463,PRD-00269,ITM-000001995,2025-07-17,1,Product quality was disap,Product quality was disappointing.,True
REV-0001624,CUS-006589,PRD-00324,ITM-000069409,2023-09-08,1,Product quality was disap,Product quality was disappointing.,True
REV-0001625,CUS-001304,PRD-00637,ITM-000020276,2026-09-09,5,Good quality and exactly ,Good quality and exactly as expected.,True
REV-0001626,CUS-010698,PRD-00480,ITM-000024664,2021-10-03,5,Good quality and exactly ,Good quality and exactly as expected.,True
REV-0001627,CUS-008462,PRD-00741,ITM-000065596,2022-04-01,3,Good quality and exactly ,Good quality and exactly as expected.,True
REV-0001628,CUS-002584,PRD-00614,ITM-000005713,2023-03-30,3,Good quality and exactly ,Good quality and exactly as expected.,True
REV-0001629,CUS-007463,PRD-00671,ITM-000001996,2025-06-14,4,Good quality and exactly ,Good quality and exactly as expected.,True
REV-0001630,CUS-003526,PRD-00287,ITM-000039380,2020-01-26,5,Good quality and exactly ,Good quality and exactly as expected.,True
REV-0001631,CUS-009647,PRD-00858,ITM-000072983,2025-02-18,3,Good quality and exactly ,Good quality and exactly as expected.,True
REV-0001632,CUS-004779,PRD-00711,ITM-000044437,2026-07-18,5,Good quality and exactly ,Good quality and exactly as expected.,True
REV-0001633,CUS-003248,PRD-00369,ITM-000025479,2022-06-12,1,Product quality was disap,Product quality was disappointing.,True
REV-0001634,CUS-002872,PRD-00103,ITM-000072569,2023-10-07,3,Good quality and exactly ,Good quality and exactly as expected.,True
REV-0001635,CUS-010642,PRD-00683,ITM-000058739,2022-08-15,1,Product quality was disap,Product quality was disappointing.,True
REV-0001636,CUS-002807,PRD-00592,ITM-000010440,2026-08-20,4,Good quality and exactly ,Good quality and exactly as expected.,True
REV-0001637,CUS-008152,PRD-00561,ITM-000010409,2021-02-24,4,Good quality and exactly ,Good quality and exactly as expected.,True
REV-0001638,CUS-007248,PRD-00885,ITM-000047515,2025-08-07,5,Good quality and exactly ,Good quality and exactly as expected.,True
REV-0001639,CUS-005108,PRD-00348,ITM-000001942,2025-08-09,4,Good quality and exactly ,Good quality and exactly as expected.,True
REV-0001640,CUS-010545,PRD-00538,ITM-000077031,2021-11-12,1,Product quality was disap,Product quality was disappointing.,True
REV-0001641,CUS-004582,PRD-00411,ITM-000004496,2020-12-19,5,Good quality and exactly ,Good quality and exactly as expected.,True
REV-0001642,CUS-011530,PRD-00077,ITM-000044791,2025-09-28,2,Product quality was disap,Product quality was disappointing.,True
REV-0001643,CUS-005062,PRD-00095,ITM-000014364,2025-04-08,5,,,True
REV-0001644,CUS-006288,PRD-00436,ITM-000072478,2025-06-01,4,Good quality and exactly ,Good quality and exactly as expected.,True
REV-0001645,CUS-008137,PRD-00826,ITM-000012907,2020-11-20,5,Good quality and exactly ,Good quality and exactly as expected.,True
REV-0001646,CUS-006459,PRD-00483,ITM-000027741,2024-11-09,2,Product quality was disap,Product quality was disappointing.,True
REV-0001647,CUS-010643,PRD-00242,ITM-000041892,2023-10-09,3,,,True
REV-0001648,CUS-003481,PRD-00847,ITM-000071726,2023-12-23,5,Good quality and exactly ,Good quality and exactly as expected.,True
REV-0001649,CUS-011070,PRD-00614,ITM-000024171,2021-05-26,5,Good quality and exactly ,Good quality and exactly as expected.,True
REV-0001650,CUS-005353,PRD-00646,ITM-000013924,2024-10-19,5,Good quality and exactly ,Good quality and exactly as expected.,True
REV-0001651,CUS-010502,PRD-00456,ITM-000032841,2024-12-19,3,Good quality and exactly ,Good quality and exactly as expected.,True
REV-0001652,CUS-006826,PRD-00289,ITM-000043357,2026-08-09,4,,,True
REV-0001653,CUS-005772,PRD-00059,ITM-000034099,2023-01-03,5,Good quality and exactly ,Good quality and exactly as expected.,True
REV-0001654,CUS-003884,PRD-00862,ITM-000078672,2022-12-23,2,,,True
REV-0001655,,PRD-00446,ITM-000001385,2025-09-08,4,Good quality and exactly ,Good quality and exactly as expected.,True
REV-0001656,CUS-005102,PRD-00352,ITM-000021997,2021-10-08,5,Good quality and exactly ,Good quality and exactly as expected.,True
REV-0001657,CUS-002061,PRD-00627,ITM-000056691,2020-10-25,5,Good quality and exactly ,Good quality and exactly as expected.,True
REV-0001658,CUS-006815,PRD-00300,ITM-000044915,2022-01-18,3,Good quality and exactly ,Good quality and exactly as expected.,True
REV-0001659,CUS-004871,PRD-00167,ITM-000040982,2022-01-28,2,Product quality was disap,Product quality was disappointing.,True
REV-0001660,CUS-005347,PRD-00287,ITM-000004886,2020-09-18,3,Good quality and exactly ,Good quality and exactly as expected.,True
REV-0001661,CUS-001831,PRD-00211,ITM-000006632,2024-11-27,5,Good quality and exactly ,Good quality and exactly as expected.,True
REV-0001662,CUS-009769,PRD-00074,ITM-000021494,2025-08-04,1,Product quality was disap,Product quality was disappointing.,True
REV-0001663,CUS-001781,PRD-00418,ITM-000028260,2023-08-31,5,Good quality and exactly ,Good quality and exactly as expected.,True
REV-0001664,CUS-004473,PRD-00156,ITM-000053552,2025-04-18,4,Good quality and exactly ,Good quality and exactly as expected.,True
REV-0001665,CUS-002634,PRD-00638,ITM-000017552,2026-03-28,4,Good quality and exactly ,Good quality and exactly as expected.,True
REV-0001666,CUS-011008,PRD-00098,ITM-000058543,2024-01-08,3,Good quality and exactly ,Good quality and exactly as expected.,True
REV-0001667,CUS-006358,PRD-00090,ITM-000044596,2021-05-16,5,Good quality and exactly ,Good quality and exactly as expected.,True
REV-0001668,CUS-007274,PRD-00723,ITM-000009223,2020-06-07,4,Good quality and exactly ,Good quality and exactly as expected.,True
REV-0001669,CUS-008531,PRD-00602,ITM-000036671,2020-05-27,1,Product quality was disap,Product quality was disappointing.,True
REV-0001670,CUS-003720,PRD-00689,ITM-000042640,2025-07-15,3,Good quality and exactly ,Good quality and exactly as expected.,True
REV-0001671,CUS-001990,PRD-00259,ITM-000046113,2020-05-29,4,Good quality and exactly ,Good quality and exactly as expected.,True
REV-0001672,CUS-006814,PRD-00790,ITM-000014141,2025-06-10,3,,,True
REV-0001673,CUS-001963,PRD-00085,ITM-000013496,2021-10-27,5,Good quality and exactly ,Good quality and exactly as expected.,True
REV-0001674,CUS-004961,PRD-00478,ITM-000045760,2020-03-08,1,Product quality was disap,Product quality was disappointing.,True
REV-0001675,,PRD-00027,ITM-000002275,2026-08-06,4,Good quality and exactly ,Good quality and exactly as expected.,True
REV-0001676,CUS-007055,PRD-00289,ITM-000029581,2020-12-01,3,Good quality and exactly ,Good quality and exactly as expected.,True
REV-0001677,CUS-009997,PRD-00792,ITM-000018069,2025-01-27,4,Good quality and exactly ,Good quality and exactly as expected.,True
REV-0001678,CUS-002547,PRD-00511,ITM-000003641,2025-05-18,5,Good quality and exactly ,Good quality and exactly as expected.,True
REV-0001679,CUS-004193,PRD-00257,ITM-000066524,2021-05-04,1,Product quality was disap,Product quality was disappointing.,True
REV-0001680,CUS-004977,PRD-00814,ITM-000010626,2026-03-02,5,,,True
REV-0001681,CUS-007290,PRD-00082,ITM-000005577,2020-07-28,5,Good quality and exactly ,Good quality and exactly as expected.,True
REV-0001682,CUS-004391,PRD-00375,ITM-000001755,2020-08-23,3,Good quality and exactly ,Good quality and exactly as expected.,True
REV-0001683,CUS-000461,PRD-00063,ITM-000055811,2021-05-19,5,Good quality and exactly ,Good quality and exactly as expected.,True
REV-0001684,CUS-008591,PRD-00841,ITM-000022715,2022-06-24,4,Good quality and exactly ,Good quality and exactly as expected.,True
REV-0001685,CUS-004332,PRD-00736,ITM-000038206,2021-09-01,5,Good quality and exactly ,Good quality and exactly as expected.,True
REV-0001686,CUS-009450,PRD-00600,ITM-000016549,2022-09-04,4,Good quality and exactly ,Good quality and exactly as expected.,True
REV-0001687,CUS-008193,PRD-00657,ITM-000073581,2025-08-14,1,Product quality was disap,Product quality was disappointing.,True
REV-0001688,,PRD-00711,ITM-000054754,2025-11-22,5,Good quality and exactly ,Good quality and exactly as expected.,True
REV-0001689,CUS-002000,PRD-00329,ITM-000009442,2025-08-26,5,Good quality and exactly ,Good quality and exactly as expected.,True
REV-0001690,CUS-002412,PRD-00455,ITM-000011429,2025-11-23,4,,,True
REV-0001691,CUS-002817,PRD-00522,ITM-000046404,2025-05-02,3,,,True
REV-0001692,CUS-005376,PRD-00677,ITM-000038364,2025-07-05,4,Good quality and exactly ,Good quality and exactly as expected.,True
REV-0001693,CUS-005573,PRD-00125,ITM-000071601,2022-05-04,4,Good quality and exactly ,Good quality and exactly as expected.,True
REV-0001694,CUS-000996,PRD-00300,ITM-000007333,2023-07-04,4,Good quality and exactly ,Good quality and exactly as expected.,True
REV-0001695,CUS-000298,PRD-00024,ITM-000034632,2022-08-20,4,,,True
REV-0001696,CUS-010813,PRD-00318,ITM-000062775,2021-06-28,4,Good quality and exactly ,Good quality and exactly as expected.,True
REV-0001697,CUS-004741,PRD-00536,ITM-000021097,2021-04-28,3,Good quality and exactly ,Good quality and exactly as expected.,True
REV-0001698,CUS-001040,PRD-00523,ITM-000064591,2022-08-26,4,Good quality and exactly ,Good quality and exactly as expected.,True
REV-0001699,CUS-000950,PRD-00639,ITM-000004575,2021-04-29,3,Good quality and exactly ,Good quality and exactly as expected.,True
REV-0001700,CUS-005977,PRD-00201,ITM-000008243,2024-09-09,1,Product quality was disap,Product quality was disappointing.,True
REV-0001701,CUS-006764,PRD-00873,ITM-000043886,2021-08-08,5,Good quality and exactly ,Good quality and exactly as expected.,True
REV-0001702,CUS-011921,PRD-00402,ITM-000010859,2022-06-22,5,Good quality and exactly ,Good quality and exactly as expected.,True
REV-0001703,CUS-011563,PRD-00417,ITM-000025860,2024-06-09,4,Good quality and exactly ,Good quality and exactly as expected.,True
REV-0001704,CUS-001939,PRD-00293,ITM-000013378,2024-08-06,4,Good quality and exactly ,Good quality and exactly as expected.,True
REV-0001705,,PRD-00153,ITM-000064653,2025-09-21,5,Good quality and exactly ,Good quality and exactly as expected.,True
REV-0001706,CUS-007050,PRD-00608,ITM-000056201,2023-12-13,4,Good quality and exactly ,Good quality and exactly as expected.,True
REV-0001707,CUS-009026,PRD-00347,ITM-000059441,2021-12-28,5,Good quality and exactly ,Good quality and exactly as expected.,True
REV-0001708,CUS-002718,PRD-00874,ITM-000072946,2023-01-29,4,Good quality and exactly ,Good quality and exactly as expected.,True
REV-0001709,CUS-005665,PRD-00736,ITM-000052975,2022-12-12,3,,,True
REV-0001710,CUS-010637,PRD-00245,ITM-000054203,2021-12-25,4,,,True
REV-0001711,CUS-005073,PRD-00783,ITM-000041891,2025-12-05,5,Good quality and exactly ,Good quality and exactly as expected.,True
REV-0001712,CUS-001044,PRD-00858,ITM-000006625,2026-04-15,5,,,True
REV-0001713,CUS-011541,PRD-00508,ITM-000016251,2023-01-07,4,Good quality and exactly ,Good quality and exactly as expected.,True
REV-0001714,CUS-003226,PRD-00292,ITM-000055690,2024-12-13,4,,,True
REV-0001715,CUS-010192,PRD-00531,ITM-000041675,2024-12-29,5,Good quality and exactly ,Good quality and exactly as expected.,True
REV-0001716,CUS-008740,PRD-00858,ITM-000001576,2022-10-26,2,,,True
REV-0001717,CUS-010041,PRD-00892,ITM-000052896,2024-01-23,3,Good quality and exactly ,Good quality and exactly as expected.,True
REV-0001718,CUS-011771,PRD-00409,ITM-000072139,2024-07-20,4,Good quality and exactly ,Good quality and exactly as expected.,True
REV-0001719,CUS-000956,PRD-00677,ITM-000049214,2025-02-02,5,Good quality and exactly ,Good quality and exactly as expected.,True
REV-0001720,CUS-007957,PRD-00483,ITM-000042553,2023-05-08,2,Product quality was disap,Product quality was disappointing.,True
REV-0001721,CUS-003572,PRD-00110,ITM-000024107,2021-04-23,3,Good quality and exactly ,Good quality and exactly as expected.,True
REV-0001722,CUS-011074,PRD-00229,ITM-000006779,2023-06-27,5,Good quality and exactly ,Good quality and exactly as expected.,True
REV-0001723,CUS-003638,PRD-00234,ITM-000007813,2022-02-13,5,Good quality and exactly ,Good quality and exactly as expected.,True
REV-0001724,CUS-008177,PRD-00175,ITM-000070464,2025-09-05,4,,,True
REV-0001725,CUS-007325,PRD-00083,ITM-000077129,2022-11-07,4,Good quality and exactly ,Good quality and exactly as expected.,True
REV-0001726,CUS-008549,PRD-00194,ITM-000005863,2026-03-24,5,,,True
REV-0001727,CUS-001232,PRD-00478,ITM-000054490,2022-03-20,3,Good quality and exactly ,Good quality and exactly as expected.,True
REV-0001728,CUS-007232,PRD-00853,ITM-000015150,2025-01-02,5,Good quality and exactly ,Good quality and exactly as expected.,True
REV-0001729,CUS-000339,PRD-00706,ITM-000002538,2021-10-28,3,Good quality and exactly ,Good quality and exactly as expected.,True
REV-0001730,CUS-006402,PRD-00451,ITM-000075849,2024-07-03,5,,,True
REV-0001731,CUS-010041,PRD-00538,ITM-000052897,2023-12-31,5,,,True
REV-0001732,CUS-004145,PRD-00149,ITM-000026405,2020-07-13,3,Good quality and exactly ,Good quality and exactly as expected.,True
REV-0001733,CUS-009023,PRD-00023,ITM-000030810,2022-03-27,2,Product quality was disap,Product quality was disappointing.,True
REV-0001734,CUS-004932,PRD-00437,ITM-000056822,2023-09-10,5,Good quality and exactly ,Good quality and exactly as expected.,True
REV-0001735,CUS-006420,PRD-00418,ITM-000005841,2026-02-24,5,,,True
REV-0001736,CUS-008984,PRD-00752,ITM-000079377,2020-12-26,4,Good quality and exactly ,Good quality and exactly as expected.,True
REV-0001737,CUS-007199,PRD-00082,ITM-000053933,2025-09-21,3,,,True
REV-0001738,CUS-003646,PRD-00128,ITM-000078065,2025-10-28,5,Good quality and exactly ,Good quality and exactly as expected.,True
REV-0001739,CUS-001529,PRD-00001,ITM-000023843,2023-12-05,3,Good quality and exactly ,Good quality and exactly as expected.,True
REV-0001740,CUS-005368,PRD-00525,ITM-000008272,2024-06-09,5,Good quality and exactly ,Good quality and exactly as expected.,True
REV-0001741,CUS-007179,PRD-00024,ITM-000020070,2025-03-24,4,,,True
REV-0001742,CUS-003284,PRD-00596,ITM-000002281,2023-04-16,4,Good quality and exactly ,Good quality and exactly as expected.,True
REV-0001743,,PRD-00659,ITM-000015791,2026-01-31,5,Good quality and exactly ,Good quality and exactly as expected.,True
REV-0001744,CUS-006917,PRD-00098,ITM-000000256,2024-06-18,5,,,True
REV-0001745,CUS-009380,PRD-00418,ITM-000028701,2023-01-25,5,Good quality and exactly ,Good quality and exactly as expected.,True
REV-0001746,CUS-000246,PRD-00840,ITM-000074277,2022-03-17,4,Good quality and exactly ,Good quality and exactly as expected.,True
REV-0001747,CUS-004936,PRD-00863,ITM-000060199,2024-06-01,1,Product quality was disap,Product quality was disappointing.,True
REV-0001748,CUS-009383,PRD-00201,ITM-000066497,2026-03-10,4,Good quality and exactly ,Good quality and exactly as expected.,True
REV-0001749,CUS-009468,PRD-00317,ITM-000052584,2022-06-24,3,Good quality and exactly ,Good quality and exactly as expected.,True
REV-0001750,CUS-001234,PRD-00036,ITM-000005161,2023-08-12,4,Good quality and exactly ,Good quality and exactly as expected.,True
REV-0001751,CUS-010321,PRD-00331,ITM-000038032,2021-01-12,5,Good quality and exactly ,Good quality and exactly as expected.,True
REV-0001752,CUS-011873,PRD-00065,ITM-000067414,2024-08-14,4,Good quality and exactly ,Good quality and exactly as expected.,True
REV-0001753,CUS-005156,PRD-00291,ITM-000028439,2024-06-19,4,,,True
REV-0001754,CUS-004443,PRD-00223,ITM-000076875,2023-11-06,4,,,True
REV-0001755,CUS-000963,PRD-00064,ITM-000039733,2025-04-30,4,Good quality and exactly ,Good quality and exactly as expected.,True
REV-0001756,CUS-007672,PRD-00070,ITM-000074491,2024-07-04,4,Good quality and exactly ,Good quality and exactly as expected.,True
REV-0001757,CUS-006226,PRD-00064,ITM-000008215,2022-03-26,2,,,True
REV-0001758,CUS-008045,PRD-00750,ITM-000056392,2020-03-06,4,Good quality and exactly ,Good quality and exactly as expected.,True
REV-0001759,CUS-011747,PRD-00631,ITM-000019219,2020-11-30,3,Good quality and exactly ,Good quality and exactly as expected.,True
REV-0001760,CUS-003152,PRD-00690,ITM-000071390,2021-05-16,1,Product quality was disap,Product quality was disappointing.,True
REV-0001761,CUS-003653,PRD-00511,ITM-000064928,2024-11-23,3,,,True
REV-0001762,CUS-003181,PRD-00236,ITM-000017458,2021-11-20,4,Good quality and exactly ,Good quality and exactly as expected.,True
REV-0001763,CUS-003329,PRD-00273,ITM-000027096,2021-11-21,4,Good quality and exactly ,Good quality and exactly as expected.,True
REV-0001764,CUS-006958,PRD-00088,ITM-000066417,2020-08-29,2,Product quality was disap,Product quality was disappointing.,True
REV-0001765,CUS-000839,PRD-00174,ITM-000061968,2025-12-27,3,Good quality and exactly ,Good quality and exactly as expected.,True
REV-0001766,CUS-008270,PRD-00303,ITM-000011656,2021-02-11,4,,,True
REV-0001767,CUS-005293,PRD-00780,ITM-000013767,2025-01-05,4,Good quality and exactly ,Good quality and exactly as expected.,True
REV-0001768,CUS-003506,PRD-00822,ITM-000019184,2025-05-28,5,Good quality and exactly ,Good quality and exactly as expected.,True
REV-0001769,CUS-009077,PRD-00050,ITM-000002180,2021-12-18,5,,,True
REV-0001770,CUS-003959,PRD-00590,ITM-000052114,2025-10-23,2,Product quality was disap,Product quality was disappointing.,True
REV-0001771,CUS-002732,PRD-00071,ITM-000026723,2025-06-11,5,Good quality and exactly ,Good quality and exactly as expected.,True
REV-0001772,CUS-005443,PRD-00234,ITM-000047641,2025-04-10,5,Good quality and exactly ,Good quality and exactly as expected.,True
REV-0001773,CUS-011875,PRD-00873,ITM-000048144,2025-04-27,4,Good quality and exactly ,Good quality and exactly as expected.,True
REV-0001774,CUS-005686,PRD-00276,ITM-000073249,2026-07-03,4,,,True
REV-0001775,CUS-005203,PRD-00781,ITM-000032446,2025-08-14,5,,,True
REV-0001776,CUS-005395,PRD-00183,ITM-000025979,2022-10-10,2,Product quality was disap,Product quality was disappointing.,True
REV-0001777,CUS-006621,PRD-00870,ITM-000074690,2025-12-02,2,Product quality was disap,Product quality was disappointing.,True
REV-0001778,CUS-008999,PRD-00420,ITM-000050830,2024-01-25,3,,,True
REV-0001779,CUS-011088,PRD-00479,ITM-000041673,2025-01-06,2,Product quality was disap,Product quality was disappointing.,True
REV-0001780,CUS-002703,PRD-00697,ITM-000003066,2022-07-11,1,Product quality was disap,Product quality was disappointing.,True
REV-0001781,CUS-001479,PRD-00316,ITM-000041591,2023-05-20,2,,,True
REV-0001782,CUS-002002,PRD-00002,ITM-000016856,2021-12-12,5,Good quality and exactly ,Good quality and exactly as expected.,True
REV-0001783,CUS-007641,PRD-00043,ITM-000031827,2022-06-20,4,Good quality and exactly ,Good quality and exactly as expected.,True
REV-0001784,CUS-002822,PRD-00056,ITM-000046914,2023-12-26,4,Good quality and exactly ,Good quality and exactly as expected.,True
REV-0001785,CUS-010268,PRD-00134,ITM-000036221,2023-01-16,4,,,True
REV-0001786,CUS-005853,PRD-00239,ITM-000018722,2022-06-07,4,,,True
REV-0001787,CUS-008794,PRD-00829,ITM-000035444,2021-10-12,3,Good quality and exactly ,Good quality and exactly as expected.,True
REV-0001788,CUS-001945,PRD-00336,ITM-000008364,2020-02-16,3,,,True
REV-0001789,CUS-001279,PRD-00235,ITM-000062795,2024-06-26,5,Good quality and exactly ,Good quality and exactly as expected.,True
REV-0001790,CUS-000867,PRD-00229,ITM-000051830,2026-07-20,5,Good quality and exactly ,Good quality and exactly as expected.,True
REV-0001791,CUS-000298,PRD-00445,ITM-000077455,2021-10-07,5,Good quality and exactly ,Good quality and exactly as expected.,True
REV-0001792,CUS-002221,PRD-00453,ITM-000056393,2021-09-13,3,Good quality and exactly ,Good quality and exactly as expected.,True
REV-0001793,CUS-008275,PRD-00414,ITM-000057910,2023-01-30,4,Good quality and exactly ,Good quality and exactly as expected.,True
REV-0001794,CUS-010062,PRD-00832,ITM-000047566,2026-03-23,5,Good quality and exactly ,Good quality and exactly as expected.,True
REV-0001795,CUS-011111,PRD-00548,ITM-000062923,2023-07-25,5,Good quality and exactly ,Good quality and exactly as expected.,True
REV-0001796,CUS-003390,PRD-00758,ITM-000030362,2024-04-10,3,Good quality and exactly ,Good quality and exactly as expected.,True
REV-0001797,CUS-011601,PRD-00021,ITM-000038913,2021-10-20,5,Good quality and exactly ,Good quality and exactly as expected.,True
REV-0001798,CUS-006457,PRD-00043,ITM-000048563,2020-02-27,5,Good quality and exactly ,Good quality and exactly as expected.,True
REV-0001799,CUS-001812,PRD-00140,ITM-000079104,2021-03-20,4,Good quality and exactly ,Good quality and exactly as expected.,True
REV-0001800,CUS-004009,PRD-00249,ITM-000051995,2024-05-21,5,Good quality and exactly ,Good quality and exactly as expected.,True
REV-0001801,CUS-008804,PRD-00243,ITM-000017167,2024-08-30,5,Good quality and exactly ,Good quality and exactly as expected.,True
REV-0001802,CUS-003318,PRD-00229,ITM-000044554,2022-08-02,5,Good quality and exactly ,Good quality and exactly as expected.,True
REV-0001803,CUS-005339,PRD-00610,ITM-000034294,2025-10-24,4,Good quality and exactly ,Good quality and exactly as expected.,True
REV-0001804,CUS-011965,PRD-00840,ITM-000057010,2025-12-14,2,Product quality was disap,Product quality was disappointing.,True
REV-0001805,CUS-010415,PRD-00158,ITM-000058902,2023-04-28,2,Product quality was disap,Product quality was disappointing.,True
REV-0001806,CUS-009550,PRD-00143,ITM-000072579,2024-10-04,5,Good quality and exactly ,Good quality and exactly as expected.,True
REV-0001807,CUS-007951,PRD-00449,ITM-000027159,2021-11-06,4,Good quality and exactly ,Good quality and exactly as expected.,True
REV-0001808,,PRD-00484,ITM-000065577,2021-12-17,3,Good quality and exactly ,Good quality and exactly as expected.,True
REV-0001809,CUS-007804,PRD-00281,ITM-000056320,2023-03-30,5,Good quality and exactly ,Good quality and exactly as expected.,True
REV-0001810,CUS-005906,PRD-00092,ITM-000005891,2023-06-09,2,Product quality was disap,Product quality was disappointing.,True
REV-0001811,CUS-001726,PRD-00506,ITM-000032459,2022-10-05,5,Good quality and exactly ,Good quality and exactly as expected.,True
REV-0001812,CUS-008318,PRD-00447,ITM-000011811,2024-11-09,5,,,True
REV-0001813,CUS-008175,PRD-00583,ITM-000068960,2020-03-05,4,Good quality and exactly ,Good quality and exactly as expected.,True
REV-0001814,CUS-006557,PRD-00434,ITM-000036768,2023-01-25,5,Good quality and exactly ,Good quality and exactly as expected.,True
REV-0001815,CUS-000693,PRD-00123,ITM-000077829,2020-07-06,5,,,True
REV-0001816,CUS-002648,PRD-00025,ITM-000014224,2026-06-04,5,Good quality and exactly ,Good quality and exactly as expected.,True
REV-0001817,CUS-003046,PRD-00139,ITM-000043145,2025-07-12,3,,,True
REV-0001818,CUS-005714,PRD-00590,ITM-000023574,2020-05-26,5,Good quality and exactly ,Good quality and exactly as expected.,True
REV-0001819,CUS-006721,PRD-00557,ITM-000046619,2025-01-05,4,Good quality and exactly ,Good quality and exactly as expected.,True
REV-0001820,CUS-006319,PRD-00108,ITM-000021350,2023-02-16,3,Good quality and exactly ,Good quality and exactly as expected.,True
REV-0001821,CUS-002708,PRD-00183,ITM-000068409,2023-10-06,4,Good quality and exactly ,Good quality and exactly as expected.,True
REV-0001822,CUS-000998,PRD-00739,ITM-000009067,2020-06-10,5,Good quality and exactly ,Good quality and exactly as expected.,True
REV-0001823,CUS-000324,PRD-00506,ITM-000007224,2022-04-10,5,,,True
REV-0001824,CUS-004739,PRD-00242,ITM-000012124,2024-11-26,5,,,True
REV-0001825,CUS-002520,PRD-00241,ITM-000041698,2024-01-09,5,,,True
REV-0001826,,PRD-00468,ITM-000025294,2026-01-09,4,Good quality and exactly ,Good quality and exactly as expected.,True
REV-0001827,CUS-004339,PRD-00319,ITM-000031947,2021-09-15,4,Good quality and exactly ,Good quality and exactly as expected.,True
REV-0001828,CUS-006933,PRD-00899,ITM-000068393,2026-03-15,5,Good quality and exactly ,Good quality and exactly as expected.,True
REV-0001829,CUS-010581,PRD-00242,ITM-000059048,2025-03-04,3,Good quality and exactly ,Good quality and exactly as expected.,True
REV-0001830,CUS-007811,PRD-00416,ITM-000033318,2026-01-02,3,Good quality and exactly ,Good quality and exactly as expected.,True
REV-0001831,CUS-007183,PRD-00084,ITM-000017754,2025-11-25,5,,,True
REV-0001832,CUS-002448,PRD-00746,ITM-000002784,2023-03-28,5,Good quality and exactly ,Good quality and exactly as expected.,True
REV-0001833,CUS-004059,PRD-00763,ITM-000051263,2022-04-30,4,Good quality and exactly ,Good quality and exactly as expected.,True
REV-0001834,CUS-005790,PRD-00589,ITM-000036770,2024-01-08,4,Good quality and exactly ,Good quality and exactly as expected.,True
REV-0001835,CUS-010248,PRD-00790,ITM-000006484,2020-04-02,5,,,True
REV-0001836,CUS-006689,PRD-00487,ITM-000004863,2026-03-25,5,Good quality and exactly ,Good quality and exactly as expected.,True
REV-0001837,CUS-007428,PRD-00012,ITM-000035348,2022-03-21,5,Good quality and exactly ,Good quality and exactly as expected.,True
REV-0001838,CUS-010907,PRD-00363,ITM-000065077,2025-02-17,3,,,True
REV-0001839,CUS-002219,PRD-00394,ITM-000021037,2020-11-30,4,Good quality and exactly ,Good quality and exactly as expected.,True
REV-0001840,CUS-010649,PRD-00389,ITM-000006186,2020-09-21,4,Good quality and exactly ,Good quality and exactly as expected.,True
REV-0001841,CUS-010518,PRD-00856,ITM-000064417,2025-06-04,1,Product quality was disap,Product quality was disappointing.,True
REV-0001842,CUS-001898,PRD-00497,ITM-000004676,2022-05-03,5,Good quality and exactly ,Good quality and exactly as expected.,True
REV-0001843,CUS-005763,PRD-00017,ITM-000042309,2021-08-24,2,Product quality was disap,Product quality was disappointing.,True
REV-0001844,CUS-011239,PRD-00446,ITM-000004241,2024-09-09,4,Good quality and exactly ,Good quality and exactly as expected.,True
REV-0001845,CUS-009053,PRD-00727,ITM-000045954,2024-01-21,3,Good quality and exactly ,Good quality and exactly as expected.,True
REV-0001846,CUS-009575,PRD-00490,ITM-000078842,2025-06-11,5,Good quality and exactly ,Good quality and exactly as expected.,True
REV-0001847,CUS-002766,PRD-00048,ITM-000069608,2022-01-06,5,Good quality and exactly ,Good quality and exactly as expected.,True
REV-0001848,CUS-006524,PRD-00081,ITM-000027376,2023-08-04,4,Good quality and exactly ,Good quality and exactly as expected.,True
REV-0001849,CUS-001981,PRD-00509,ITM-000005529,2023-07-31,5,Good quality and exactly ,Good quality and exactly as expected.,True
REV-0001850,CUS-003848,PRD-00313,ITM-000063354,2020-05-16,4,Good quality and exactly ,Good quality and exactly as expected.,True
REV-0001851,CUS-000175,PRD-00883,ITM-000045571,2022-03-01,4,Good quality and exactly ,Good quality and exactly as expected.,True
REV-0001852,CUS-011947,PRD-00393,ITM-000004321,2024-11-06,5,Good quality and exactly ,Good quality and exactly as expected.,True
REV-0001853,CUS-009556,PRD-00366,ITM-000057943,2022-05-22,3,Good quality and exactly ,Good quality and exactly as expected.,True
REV-0001854,CUS-000226,PRD-00597,ITM-000043598,2026-06-16,5,Good quality and exactly ,Good quality and exactly as expected.,True
REV-0001855,CUS-004980,PRD-00103,ITM-000018425,2025-12-08,2,Product quality was disap,Product quality was disappointing.,True
REV-0001856,CUS-011407,PRD-00798,ITM-000074273,2026-06-10,5,,,True
REV-0001857,CUS-003594,PRD-00399,ITM-000005968,2020-03-10,5,Good quality and exactly ,Good quality and exactly as expected.,True
REV-0001858,CUS-002750,PRD-00272,ITM-000004684,2021-10-15,4,Good quality and exactly ,Good quality and exactly as expected.,True
REV-0001859,CUS-011470,PRD-00227,ITM-000034256,2020-12-25,1,,,True
REV-0001860,CUS-004105,PRD-00141,ITM-000022930,2021-02-18,4,Good quality and exactly ,Good quality and exactly as expected.,True
REV-0001861,CUS-007840,PRD-00499,ITM-000057160,2023-07-30,5,Good quality and exactly ,Good quality and exactly as expected.,True
REV-0001862,CUS-004866,PRD-00578,ITM-000064731,2021-11-28,5,Good quality and exactly ,Good quality and exactly as expected.,True
REV-0001863,CUS-007649,PRD-00007,ITM-000035238,2023-08-09,5,,,True
REV-0001864,CUS-010696,PRD-00055,ITM-000078761,2020-05-31,4,Good quality and exactly ,Good quality and exactly as expected.,True
REV-0001865,CUS-009052,PRD-00735,ITM-000006613,2020-05-09,3,,,True
REV-0001866,CUS-010449,PRD-00620,ITM-000038510,2024-04-17,3,Good quality and exactly ,Good quality and exactly as expected.,True
REV-0001867,CUS-004568,PRD-00678,ITM-000019438,2023-12-07,4,Good quality and exactly ,Good quality and exactly as expected.,True
REV-0001868,CUS-003590,PRD-00657,ITM-000004391,2025-11-21,5,Good quality and exactly ,Good quality and exactly as expected.,True
REV-0001869,CUS-000801,PRD-00667,ITM-000067750,2023-01-16,4,,,True
REV-0001870,CUS-007525,PRD-00255,ITM-000061606,2020-08-20,5,Good quality and exactly ,Good quality and exactly as expected.,True
REV-0001871,CUS-004908,PRD-00225,ITM-000005710,2024-07-26,4,Good quality and exactly ,Good quality and exactly as expected.,True
REV-0001872,CUS-009326,PRD-00326,ITM-000001593,2023-06-28,5,Good quality and exactly ,Good quality and exactly as expected.,True
REV-0001873,CUS-009596,PRD-00373,ITM-000024368,2025-04-18,4,Good quality and exactly ,Good quality and exactly as expected.,True
REV-0001874,CUS-005059,PRD-00664,ITM-000058481,2025-05-07,1,Product quality was disap,Product quality was disappointing.,True
REV-0001875,CUS-003626,PRD-00128,ITM-000034721,2020-05-22,5,Good quality and exactly ,Good quality and exactly as expected.,True
REV-0001876,CUS-000468,PRD-00403,ITM-000036696,2020-07-16,5,Good quality and exactly ,Good quality and exactly as expected.,True
REV-0001877,CUS-010277,PRD-00082,ITM-000073036,2022-01-03,4,Good quality and exactly ,Good quality and exactly as expected.,True
REV-0001878,CUS-003780,PRD-00685,ITM-000028227,2024-03-24,2,Product quality was disap,Product quality was disappointing.,True
REV-0001879,CUS-000809,PRD-00889,ITM-000070744,2020-09-11,4,Good quality and exactly ,Good quality and exactly as expected.,True
REV-0001880,CUS-007416,PRD-00105,ITM-000008395,2023-05-02,5,Good quality and exactly ,Good quality and exactly as expected.,True
REV-0001881,CUS-003069,PRD-00019,ITM-000062645,2024-03-17,5,Good quality and exactly ,Good quality and exactly as expected.,True
REV-0001882,CUS-003246,PRD-00362,ITM-000006386,2021-03-03,4,Good quality and exactly ,Good quality and exactly as expected.,True
REV-0001883,CUS-002905,PRD-00640,ITM-000068514,2020-04-15,2,Product quality was disap,Product quality was disappointing.,True
REV-0001884,CUS-005873,PRD-00206,ITM-000048317,2024-10-26,5,Good quality and exactly ,Good quality and exactly as expected.,True
REV-0001885,CUS-007248,PRD-00726,ITM-000018255,2026-03-18,5,,,True
REV-0001886,,PRD-00375,ITM-000064765,2020-05-29,2,Product quality was disap,Product quality was disappointing.,True
REV-0001887,CUS-001547,PRD-00080,ITM-000046551,2022-01-03,4,Good quality and exactly ,Good quality and exactly as expected.,True
REV-0001888,CUS-003466,PRD-00223,ITM-000047380,2025-08-14,2,Product quality was disap,Product quality was disappointing.,True
REV-0001889,CUS-000726,PRD-00754,ITM-000077953,2026-03-07,3,,,True
REV-0001890,CUS-000709,PRD-00274,ITM-000048528,2026-06-22,1,Product quality was disap,Product quality was disappointing.,True
REV-0001891,CUS-005886,PRD-00838,ITM-000026726,2024-07-09,5,Good quality and exactly ,Good quality and exactly as expected.,True
REV-0001892,CUS-008425,PRD-00356,ITM-000002755,2023-01-07,2,Product quality was disap,Product quality was disappointing.,True
REV-0001893,CUS-009680,PRD-00572,ITM-000007723,2021-12-08,2,Product quality was disap,Product quality was disappointing.,True
REV-0001894,,PRD-00639,ITM-000033079,2024-10-11,4,Good quality and exactly ,Good quality and exactly as expected.,True
REV-0001895,CUS-001653,PRD-00052,ITM-000050385,2024-07-16,5,Good quality and exactly ,Good quality and exactly as expected.,True
REV-0001896,CUS-001867,PRD-00447,ITM-000029424,2020-03-12,3,,,True
REV-0001897,CUS-005343,PRD-00699,ITM-000024833,2023-12-21,4,,,True
REV-0001898,CUS-011629,PRD-00728,ITM-000043017,2025-11-19,3,Good quality and exactly ,Good quality and exactly as expected.,True
REV-0001899,CUS-004130,PRD-00727,ITM-000077219,2023-05-28,5,Good quality and exactly ,Good quality and exactly as expected.,True
REV-0001900,CUS-007552,PRD-00404,ITM-000003032,2023-10-13,5,Good quality and exactly ,Good quality and exactly as expected.,True
REV-0001901,CUS-005647,PRD-00406,ITM-000070703,2022-09-06,4,,,True
REV-0001902,CUS-011696,PRD-00835,ITM-000073172,2023-05-15,3,Good quality and exactly ,Good quality and exactly as expected.,True
REV-0001903,CUS-008640,PRD-00843,ITM-000047662,2024-10-14,4,Good quality and exactly ,Good quality and exactly as expected.,True
REV-0001904,CUS-002980,PRD-00301,ITM-000049869,2024-11-08,5,Good quality and exactly ,Good quality and exactly as expected.,True
REV-0001905,CUS-001687,PRD-00102,ITM-000051476,2020-06-24,5,,,True
REV-0001906,,PRD-00657,ITM-000035341,2021-08-29,5,Good quality and exactly ,Good quality and exactly as expected.,True
REV-0001907,CUS-004333,PRD-00195,ITM-000054427,2022-11-12,3,Good quality and exactly ,Good quality and exactly as expected.,True
REV-0001908,CUS-011363,PRD-00747,ITM-000032407,2025-08-16,4,Good quality and exactly ,Good quality and exactly as expected.,True
REV-0001909,CUS-000445,PRD-00852,ITM-000023827,2024-10-26,3,,,True
REV-0001910,CUS-006860,PRD-00049,ITM-000014902,2025-10-04,5,Good quality and exactly ,Good quality and exactly as expected.,True
REV-0001911,CUS-010703,PRD-00068,ITM-000018185,2023-02-05,4,Good quality and exactly ,Good quality and exactly as expected.,True
REV-0001912,CUS-000820,PRD-00374,ITM-000062555,2022-06-14,3,Good quality and exactly ,Good quality and exactly as expected.,True
REV-0001913,CUS-004687,PRD-00751,ITM-000050421,2022-05-14,4,Good quality and exactly ,Good quality and exactly as expected.,True
REV-0001914,CUS-008943,PRD-00464,ITM-000040391,2025-06-24,4,Good quality and exactly ,Good quality and exactly as expected.,True
REV-0001915,CUS-008517,PRD-00567,ITM-000037864,2026-08-21,4,Good quality and exactly ,Good quality and exactly as expected.,True
REV-0001916,CUS-004374,PRD-00834,ITM-000043673,2023-09-25,3,Good quality and exactly ,Good quality and exactly as expected.,True
REV-0001917,CUS-008724,PRD-00558,ITM-000035891,2020-03-16,5,Good quality and exactly ,Good quality and exactly as expected.,True
REV-0001918,CUS-004943,PRD-00794,ITM-000064846,2021-11-04,4,Good quality and exactly ,Good quality and exactly as expected.,True
REV-0001919,CUS-002568,PRD-00898,ITM-000021380,2024-06-28,5,Good quality and exactly ,Good quality and exactly as expected.,True
REV-0001920,CUS-002083,PRD-00889,ITM-000060136,2023-08-11,2,Product quality was disap,Product quality was disappointing.,True
REV-0001921,CUS-002057,PRD-00827,ITM-000055231,2022-07-22,5,Good quality and exactly ,Good quality and exactly as expected.,True
REV-0001922,CUS-002943,PRD-00452,ITM-000070545,2021-02-08,5,Good quality and exactly ,Good quality and exactly as expected.,True
REV-0001923,CUS-003201,PRD-00720,ITM-000021484,2025-03-08,5,Good quality and exactly ,Good quality and exactly as expected.,True
REV-0001924,CUS-010417,PRD-00137,ITM-000029284,2021-02-09,4,Good quality and exactly ,Good quality and exactly as expected.,True
REV-0001925,CUS-005697,PRD-00861,ITM-000070725,2024-08-16,4,Good quality and exactly ,Good quality and exactly as expected.,True
REV-0001926,CUS-009692,PRD-00500,ITM-000068075,2026-07-27,4,Good quality and exactly ,Good quality and exactly as expected.,True
REV-0001927,CUS-009227,PRD-00515,ITM-000009392,2021-11-17,5,,,True
REV-0001928,CUS-002092,PRD-00538,ITM-000003195,2024-10-03,3,Good quality and exactly ,Good quality and exactly as expected.,True
REV-0001929,CUS-009592,PRD-00650,ITM-000066206,2022-04-19,5,Good quality and exactly ,Good quality and exactly as expected.,True
REV-0001930,CUS-000921,PRD-00133,ITM-000057253,2025-04-29,4,,,True
REV-0001931,CUS-007433,PRD-00005,ITM-000044505,2021-10-24,3,,,True
REV-0001932,CUS-006297,PRD-00113,ITM-000001988,2022-06-17,5,Good quality and exactly ,Good quality and exactly as expected.,True
REV-0001933,CUS-009025,PRD-00046,ITM-000016089,2024-11-30,4,Good quality and exactly ,Good quality and exactly as expected.,True
REV-0001934,CUS-005734,PRD-00350,ITM-000033050,2026-01-13,5,Good quality and exactly ,Good quality and exactly as expected.,True
REV-0001935,CUS-000279,PRD-00025,ITM-000013892,2023-06-10,3,Good quality and exactly ,Good quality and exactly as expected.,True
REV-0001936,CUS-011400,PRD-00171,ITM-000033301,2020-08-26,5,Good quality and exactly ,Good quality and exactly as expected.,True
REV-0001937,CUS-007293,PRD-00793,ITM-000005203,2021-05-01,2,Product quality was disap,Product quality was disappointing.,True
REV-0001938,CUS-008055,PRD-00340,ITM-000069271,2022-06-10,3,Good quality and exactly ,Good quality and exactly as expected.,True
REV-0001939,CUS-004630,PRD-00578,ITM-000044474,2023-07-21,5,Good quality and exactly ,Good quality and exactly as expected.,True
REV-0001940,CUS-001357,PRD-00436,ITM-000036507,2024-03-19,5,Good quality and exactly ,Good quality and exactly as expected.,True
REV-0001941,CUS-000661,PRD-00268,ITM-000052947,2023-04-18,3,Good quality and exactly ,Good quality and exactly as expected.,True
REV-0001942,CUS-001940,PRD-00513,ITM-000070494,2024-06-11,3,Good quality and exactly ,Good quality and exactly as expected.,True
REV-0001943,CUS-009940,PRD-00345,ITM-000011737,2024-08-20,3,Good quality and exactly ,Good quality and exactly as expected.,True
REV-0001944,CUS-011142,PRD-00848,ITM-000039105,2020-08-31,3,Good quality and exactly ,Good quality and exactly as expected.,True
REV-0001945,CUS-003089,PRD-00162,ITM-000035716,2021-06-21,5,Good quality and exactly ,Good quality and exactly as expected.,True
REV-0001946,CUS-012000,PRD-00041,ITM-000041431,2026-05-24,4,Good quality and exactly ,Good quality and exactly as expected.,True
REV-0001947,CUS-004968,PRD-00265,ITM-000025386,2021-04-29,5,Good quality and exactly ,Good quality and exactly as expected.,True
REV-0001948,CUS-009156,PRD-00360,ITM-000010243,2023-12-17,4,Good quality and exactly ,Good quality and exactly as expected.,True
REV-0001949,CUS-001308,PRD-00263,ITM-000027386,2020-06-29,2,Product quality was disap,Product quality was disappointing.,True
REV-0001950,CUS-010382,PRD-00357,ITM-000023184,2026-06-30,5,Good quality and exactly ,Good quality and exactly as expected.,True
REV-0001951,CUS-005264,PRD-00293,ITM-000036854,2026-01-05,5,Good quality and exactly ,Good quality and exactly as expected.,True
REV-0001952,CUS-002094,PRD-00351,ITM-000023192,2024-01-19,5,Good quality and exactly ,Good quality and exactly as expected.,True
REV-0001953,CUS-010536,PRD-00765,ITM-000077622,2025-04-06,4,Good quality and exactly ,Good quality and exactly as expected.,True
REV-0001954,CUS-004063,PRD-00360,ITM-000018906,2025-12-30,5,Good quality and exactly ,Good quality and exactly as expected.,True
REV-0001955,CUS-000936,PRD-00834,ITM-000060158,2025-08-14,4,,,True
REV-0001956,CUS-003113,PRD-00619,ITM-000060340,2024-10-03,5,Good quality and exactly ,Good quality and exactly as expected.,True
REV-0001957,CUS-003273,PRD-00728,ITM-000047548,2020-05-28,4,Good quality and exactly ,Good quality and exactly as expected.,True
REV-0001958,CUS-009805,PRD-00577,ITM-000063746,2025-04-07,4,Good quality and exactly ,Good quality and exactly as expected.,True
REV-0001959,CUS-002334,PRD-00407,ITM-000053012,2022-12-02,4,,,True
REV-0001960,CUS-006252,PRD-00183,ITM-000035164,2023-02-01,4,Good quality and exactly ,Good quality and exactly as expected.,True
REV-0001961,CUS-000114,PRD-00448,ITM-000018219,2025-02-18,4,Good quality and exactly ,Good quality and exactly as expected.,True
REV-0001962,CUS-004439,PRD-00419,ITM-000065100,2023-09-09,5,Good quality and exactly ,Good quality and exactly as expected.,True
REV-0001963,CUS-001779,PRD-00196,ITM-000025688,2024-10-07,5,Good quality and exactly ,Good quality and exactly as expected.,True
REV-0001964,CUS-003475,PRD-00129,ITM-000009341,2020-04-23,4,Good quality and exactly ,Good quality and exactly as expected.,True
REV-0001965,CUS-008432,PRD-00658,ITM-000065560,2023-09-07,4,Good quality and exactly ,Good quality and exactly as expected.,True
REV-0001966,CUS-001488,PRD-00852,ITM-000071600,2020-04-03,4,Good quality and exactly ,Good quality and exactly as expected.,True
REV-0001967,CUS-002341,PRD-00888,ITM-000048977,2025-08-04,3,Good quality and exactly ,Good quality and exactly as expected.,True
REV-0001968,CUS-000116,PRD-00857,ITM-000044848,2022-05-03,5,Good quality and exactly ,Good quality and exactly as expected.,True
REV-0001969,CUS-009262,PRD-00169,ITM-000016426,2020-08-09,4,Good quality and exactly ,Good quality and exactly as expected.,True
REV-0001970,CUS-000981,PRD-00001,ITM-000028893,2025-08-11,4,Good quality and exactly ,Good quality and exactly as expected.,True
REV-0001971,CUS-007594,PRD-00579,ITM-000009151,2021-11-20,5,Good quality and exactly ,Good quality and exactly as expected.,True
REV-0001972,CUS-000804,PRD-00544,ITM-000038326,2023-01-17,5,Good quality and exactly ,Good quality and exactly as expected.,True
REV-0001973,CUS-007448,PRD-00807,ITM-000007027,2022-02-19,5,Good quality and exactly ,Good quality and exactly as expected.,True
REV-0001974,CUS-009462,PRD-00157,ITM-000049065,2025-07-08,4,,,True
REV-0001975,CUS-008315,PRD-00124,ITM-000057008,2020-10-17,3,Good quality and exactly ,Good quality and exactly as expected.,True
REV-0001976,CUS-005871,PRD-00533,ITM-000055777,2023-06-10,5,Good quality and exactly ,Good quality and exactly as expected.,True
REV-0001977,CUS-009402,PRD-00830,ITM-000042158,2025-12-26,3,Good quality and exactly ,Good quality and exactly as expected.,True
REV-0001978,CUS-003788,PRD-00470,ITM-000024405,2023-11-24,5,,,True
REV-0001979,CUS-001164,PRD-00461,ITM-000030994,2021-10-24,5,,,True
REV-0001980,CUS-002726,PRD-00081,ITM-000013238,2025-09-20,4,Good quality and exactly ,Good quality and exactly as expected.,True
REV-0001981,CUS-003781,PRD-00228,ITM-000077295,2020-08-11,2,Product quality was disap,Product quality was disappointing.,True
REV-0001982,CUS-002964,PRD-00165,ITM-000031328,2025-12-31,4,Good quality and exactly ,Good quality and exactly as expected.,True
REV-0001983,CUS-008952,PRD-00007,ITM-000002414,2022-11-11,5,Good quality and exactly ,Good quality and exactly as expected.,True
REV-0001984,CUS-010413,PRD-00855,ITM-000012227,2021-08-03,5,Good quality and exactly ,Good quality and exactly as expected.,True
REV-0001985,CUS-010151,PRD-00515,ITM-000053858,2025-08-03,3,Good quality and exactly ,Good quality and exactly as expected.,True
REV-0001986,CUS-010488,PRD-00538,ITM-000060249,2025-03-25,2,Product quality was disap,Product quality was disappointing.,True
REV-0001987,CUS-010482,PRD-00463,ITM-000005566,2022-09-22,5,Good quality and exactly ,Good quality and exactly as expected.,True
REV-0001988,CUS-007265,PRD-00501,ITM-000048240,2026-03-22,3,,,True
REV-0001989,CUS-007530,PRD-00506,ITM-000002016,2024-06-15,5,Good quality and exactly ,Good quality and exactly as expected.,True
REV-0001990,CUS-010784,PRD-00675,ITM-000067390,2024-03-27,5,Good quality and exactly ,Good quality and exactly as expected.,True
REV-0001991,CUS-010101,PRD-00669,ITM-000020806,2024-12-22,4,,,True
REV-0001992,CUS-007315,PRD-00353,ITM-000018776,2020-05-11,5,,,True
REV-0001993,CUS-004909,PRD-00142,ITM-000016566,2021-01-09,5,Good quality and exactly ,Good quality and exactly as expected.,True
REV-0001994,CUS-010741,PRD-00861,ITM-000004102,2022-04-19,2,Product quality was disap,Product quality was disappointing.,True
REV-0001995,CUS-003478,PRD-00773,ITM-000020602,2023-01-07,5,Good quality and exactly ,Good quality and exactly as expected.,True
REV-0001996,CUS-000998,PRD-00770,ITM-000049341,2020-07-24,2,Product quality was disap,Product quality was disappointing.,True
REV-0001997,CUS-007437,PRD-00124,ITM-000076304,2026-02-12,2,,,True
REV-0001998,CUS-002138,PRD-00402,ITM-000073757,2020-12-03,2,Product quality was disap,Product quality was disappointing.,True
REV-0001999,CUS-003582,PRD-00650,ITM-000017779,2024-05-07,4,Good quality and exactly ,Good quality and exactly as expected.,True
REV-0002000,CUS-010534,PRD-00619,ITM-000058477,2022-05-10,5,Good quality and exactly ,Good quality and exactly as expected.,True
REV-0002001,CUS-006825,PRD-00559,ITM-000056256,2023-02-17,4,Good quality and exactly ,Good quality and exactly as expected.,True
REV-0002002,CUS-007581,PRD-00201,ITM-000013230,2021-10-03,5,Good quality and exactly ,Good quality and exactly as expected.,True
REV-0002003,CUS-000653,PRD-00827,ITM-000000627,2021-03-30,1,Product quality was disap,Product quality was disappointing.,True
REV-0002004,CUS-005139,PRD-00372,ITM-000012095,2020-06-15,5,Good quality and exactly ,Good quality and exactly as expected.,True
REV-0002005,CUS-000398,PRD-00078,ITM-000057731,2026-04-10,4,Good quality and exactly ,Good quality and exactly as expected.,True
REV-0002006,,PRD-00374,ITM-000006112,2023-12-17,4,Good quality and exactly ,Good quality and exactly as expected.,True
REV-0002007,CUS-005603,PRD-00825,ITM-000065705,2023-10-25,4,Good quality and exactly ,Good quality and exactly as expected.,True
REV-0002008,CUS-007496,PRD-00285,ITM-000068807,2021-01-14,4,Good quality and exactly ,Good quality and exactly as expected.,True
REV-0002009,CUS-000658,PRD-00322,ITM-000013572,2021-10-02,4,Good quality and exactly ,Good quality and exactly as expected.,True
REV-0002010,CUS-005558,PRD-00656,ITM-000019755,2025-11-05,4,Good quality and exactly ,Good quality and exactly as expected.,True
REV-0002011,CUS-003199,PRD-00057,ITM-000028058,2022-12-19,4,Good quality and exactly ,Good quality and exactly as expected.,True
REV-0002012,CUS-006357,PRD-00145,ITM-000065300,2021-01-30,3,Good quality and exactly ,Good quality and exactly as expected.,True
REV-0002013,CUS-007360,PRD-00026,ITM-000020881,2026-07-07,5,Good quality and exactly ,Good quality and exactly as expected.,True
REV-0002014,CUS-005685,PRD-00804,ITM-000045091,2025-07-28,2,,,True
REV-0002015,,PRD-00178,ITM-000005702,2023-03-29,1,Product quality was disap,Product quality was disappointing.,True
REV-0002016,,PRD-00854,ITM-000073159,2024-12-08,5,Good quality and exactly ,Good quality and exactly as expected.,True
REV-0002017,CUS-005444,PRD-00669,ITM-000075795,2023-06-01,5,Good quality and exactly ,Good quality and exactly as expected.,True
REV-0002018,CUS-005988,PRD-00014,ITM-000022262,2024-11-04,3,Good quality and exactly ,Good quality and exactly as expected.,True
REV-0002019,CUS-004510,PRD-00128,ITM-000009556,2023-02-06,5,Good quality and exactly ,Good quality and exactly as expected.,True
REV-0002020,CUS-006519,PRD-00260,ITM-000020903,2021-01-13,5,Good quality and exactly ,Good quality and exactly as expected.,True
REV-0002021,CUS-003334,PRD-00642,ITM-000030197,2022-05-09,5,Good quality and exactly ,Good quality and exactly as expected.,True
REV-0002022,CUS-011925,PRD-00685,ITM-000054349,2021-12-05,4,Good quality and exactly ,Good quality and exactly as expected.,True
REV-0002023,CUS-009151,PRD-00282,ITM-000028024,2026-01-11,5,Good quality and exactly ,Good quality and exactly as expected.,True
REV-0002024,CUS-004788,PRD-00597,ITM-000008028,2020-05-02,4,Good quality and exactly ,Good quality and exactly as expected.,True
REV-0002025,CUS-001268,PRD-00575,ITM-000013195,2021-01-31,3,Good quality and exactly ,Good quality and exactly as expected.,True
REV-0002026,CUS-003506,PRD-00381,ITM-000036438,2021-06-02,4,Good quality and exactly ,Good quality and exactly as expected.,True
REV-0002027,CUS-011080,PRD-00370,ITM-000059302,2026-07-02,5,Good quality and exactly ,Good quality and exactly as expected.,True
REV-0002028,CUS-002232,PRD-00353,ITM-000005031,2020-07-15,5,,,True
REV-0002029,CUS-011447,PRD-00612,ITM-000064078,2021-09-23,2,Product quality was disap,Product quality was disappointing.,True
REV-0002030,CUS-009861,PRD-00438,ITM-000034191,2021-12-01,3,Good quality and exactly ,Good quality and exactly as expected.,True
REV-0002031,CUS-000962,PRD-00168,ITM-000028454,2022-05-10,2,Product quality was disap,Product quality was disappointing.,True
REV-0002032,CUS-006803,PRD-00882,ITM-000059826,2021-07-24,5,,,True
REV-0002033,CUS-004701,PRD-00448,ITM-000031233,2023-10-21,4,Good quality and exactly ,Good quality and exactly as expected.,True
REV-0002034,CUS-011739,PRD-00165,ITM-000064110,2020-03-20,5,Good quality and exactly ,Good quality and exactly as expected.,True
REV-0002035,CUS-005231,PRD-00497,ITM-000015105,2022-09-28,5,Good quality and exactly ,Good quality and exactly as expected.,True
REV-0002036,CUS-008616,PRD-00666,ITM-000054095,2025-06-21,4,Good quality and exactly ,Good quality and exactly as expected.,True
REV-0002037,CUS-009310,PRD-00020,ITM-000022601,2026-02-10,5,Good quality and exactly ,Good quality and exactly as expected.,True
REV-0002038,CUS-001317,PRD-00079,ITM-000005308,2025-02-08,2,Product quality was disap,Product quality was disappointing.,True
REV-0002039,CUS-002584,PRD-00358,ITM-000005712,2023-03-27,4,,,True
REV-0002040,CUS-008097,PRD-00727,ITM-000021555,2025-02-04,4,,,True
REV-0002041,CUS-003187,PRD-00667,ITM-000063638,2023-11-06,5,,,True
REV-0002042,CUS-008281,PRD-00827,ITM-000073662,2021-09-12,4,,,True
REV-0002043,CUS-011188,PRD-00700,ITM-000031841,2023-01-22,1,Product quality was disap,Product quality was disappointing.,True
REV-0002044,CUS-011367,PRD-00255,ITM-000011190,2026-08-09,4,Good quality and exactly ,Good quality and exactly as expected.,True
REV-0002045,CUS-007199,PRD-00077,ITM-000053931,2025-10-12,5,Good quality and exactly ,Good quality and exactly as expected.,True
REV-0002046,CUS-000656,PRD-00253,ITM-000027005,2024-09-15,4,Good quality and exactly ,Good quality and exactly as expected.,True
REV-0002047,CUS-001063,PRD-00541,ITM-000064278,2020-02-17,5,,,True
REV-0002048,CUS-004890,PRD-00608,ITM-000015069,2022-05-09,3,Good quality and exactly ,Good quality and exactly as expected.,True
REV-0002049,CUS-004808,PRD-00226,ITM-000000650,2026-01-24,5,Good quality and exactly ,Good quality and exactly as expected.,True
REV-0002050,CUS-009092,PRD-00725,ITM-000030541,2025-05-28,5,Good quality and exactly ,Good quality and exactly as expected.,True
REV-0002051,CUS-006646,PRD-00418,ITM-000011597,2024-07-05,4,,,True
REV-0002052,CUS-004625,PRD-00387,ITM-000077718,2025-11-08,5,,,True
REV-0002053,CUS-010383,PRD-00860,ITM-000073085,2025-05-02,4,Good quality and exactly ,Good quality and exactly as expected.,True
REV-0002054,,PRD-00076,ITM-000035720,2025-10-31,1,,,True
REV-0002055,CUS-009665,PRD-00604,ITM-000038696,2020-12-18,5,Good quality and exactly ,Good quality and exactly as expected.,True
REV-0002056,CUS-005351,PRD-00670,ITM-000061296,2024-04-10,4,Good quality and exactly ,Good quality and exactly as expected.,True
REV-0002057,CUS-009630,PRD-00737,ITM-000052816,2022-12-08,3,Good quality and exactly ,Good quality and exactly as expected.,True
REV-0002058,CUS-011787,PRD-00170,ITM-000062903,2022-12-30,4,Good quality and exactly ,Good quality and exactly as expected.,True
REV-0002059,CUS-000534,PRD-00035,ITM-000017454,2025-05-09,5,,,True
REV-0002060,CUS-011569,PRD-00504,ITM-000027182,2022-06-28,5,Good quality and exactly ,Good quality and exactly as expected.,True
REV-0002061,CUS-004586,PRD-00860,ITM-000067958,2020-03-04,5,Good quality and exactly ,Good quality and exactly as expected.,True
REV-0002062,CUS-003947,PRD-00707,ITM-000017174,2021-07-24,4,Good quality and exactly ,Good quality and exactly as expected.,True
REV-0002063,CUS-004680,PRD-00130,ITM-000072973,2025-07-01,5,Good quality and exactly ,Good quality and exactly as expected.,True
REV-0002064,,PRD-00867,ITM-000036384,2026-03-21,3,Good quality and exactly ,Good quality and exactly as expected.,True
REV-0002065,CUS-009844,PRD-00332,ITM-000002502,2023-11-28,1,Product quality was disap,Product quality was disappointing.,True
REV-0002066,CUS-010373,PRD-00317,ITM-000002574,2021-08-15,3,Good quality and exactly ,Good quality and exactly as expected.,True
REV-0002067,CUS-008051,PRD-00203,ITM-000019565,2024-04-09,2,Product quality was disap,Product quality was disappointing.,True
REV-0002068,CUS-000820,PRD-00815,ITM-000061728,2025-11-19,3,Good quality and exactly ,Good quality and exactly as expected.,True
REV-0002069,CUS-002491,PRD-00308,ITM-000048039,2026-07-28,5,,,True
REV-0002070,CUS-008356,PRD-00131,ITM-000004760,2020-10-27,3,Good quality and exactly ,Good quality and exactly as expected.,True
REV-0002071,CUS-003847,PRD-00477,ITM-000006941,2024-12-10,5,Good quality and exactly ,Good quality and exactly as expected.,True
REV-0002072,CUS-000051,PRD-00821,ITM-000023522,2021-07-22,4,Good quality and exactly ,Good quality and exactly as expected.,True
REV-0002073,CUS-003535,PRD-00864,ITM-000045281,2020-05-01,2,Product quality was disap,Product quality was disappointing.,True
REV-0002074,CUS-011451,PRD-00037,ITM-000039149,2025-03-02,2,Product quality was disap,Product quality was disappointing.,True
REV-0002075,CUS-004117,PRD-00362,ITM-000004341,2024-07-07,4,Good quality and exactly ,Good quality and exactly as expected.,True
REV-0002076,CUS-003049,PRD-00711,ITM-000042818,2026-01-22,5,Good quality and exactly ,Good quality and exactly as expected.,True
REV-0002077,CUS-009596,PRD-00085,ITM-000051275,2020-12-17,4,Good quality and exactly ,Good quality and exactly as expected.,True
REV-0002078,CUS-008084,PRD-00360,ITM-000000431,2025-09-07,1,Product quality was disap,Product quality was disappointing.,True
REV-0002079,CUS-003900,PRD-00458,ITM-000053467,2025-11-20,5,Good quality and exactly ,Good quality and exactly as expected.,True
REV-0002080,CUS-002617,PRD-00259,ITM-000001813,2025-04-13,5,Good quality and exactly ,Good quality and exactly as expected.,True
REV-0002081,CUS-003253,PRD-00375,ITM-000049987,2021-05-24,5,Good quality and exactly ,Good quality and exactly as expected.,True
REV-0002082,CUS-003073,PRD-00439,ITM-000042737,2023-02-07,5,Good quality and exactly ,Good quality and exactly as expected.,True
REV-0002083,CUS-011995,PRD-00655,ITM-000008826,2020-11-30,5,Good quality and exactly ,Good quality and exactly as expected.,True
REV-0002084,CUS-009570,PRD-00850,ITM-000018119,2024-07-14,5,,,True
REV-0002085,CUS-001167,PRD-00713,ITM-000015389,2022-05-27,2,Product quality was disap,Product quality was disappointing.,True
REV-0002086,CUS-007223,PRD-00161,ITM-000061024,2026-06-27,5,Good quality and exactly ,Good quality and exactly as expected.,True
REV-0002087,CUS-009527,PRD-00445,ITM-000014371,2025-05-21,4,Good quality and exactly ,Good quality and exactly as expected.,True
REV-0002088,CUS-006050,PRD-00554,ITM-000072933,2020-03-03,5,Good quality and exactly ,Good quality and exactly as expected.,True
REV-0002089,CUS-009313,PRD-00754,ITM-000007873,2024-06-24,5,,,True
REV-0002090,CUS-006575,PRD-00517,ITM-000057238,2020-12-29,4,Good quality and exactly ,Good quality and exactly as expected.,True
REV-0002091,CUS-004905,PRD-00007,ITM-000027695,2025-10-04,5,Good quality and exactly ,Good quality and exactly as expected.,True
REV-0002092,CUS-001674,PRD-00328,ITM-000034590,2023-02-26,4,,,True
REV-0002093,CUS-006481,PRD-00319,ITM-000035629,2023-07-01,3,Good quality and exactly ,Good quality and exactly as expected.,True
REV-0002094,CUS-009050,PRD-00796,ITM-000077147,2020-02-21,5,Good quality and exactly ,Good quality and exactly as expected.,True
REV-0002095,CUS-002803,PRD-00640,ITM-000068838,2026-09-12,4,Good quality and exactly ,Good quality and exactly as expected.,True
REV-0002096,CUS-006256,PRD-00282,ITM-000051785,2026-01-21,3,Good quality and exactly ,Good quality and exactly as expected.,True
REV-0002097,CUS-008425,PRD-00025,ITM-000057059,2020-07-09,5,Good quality and exactly ,Good quality and exactly as expected.,True
REV-0002098,CUS-009679,PRD-00767,ITM-000009767,2021-10-18,5,Good quality and exactly ,Good quality and exactly as expected.,True
REV-0002099,CUS-010527,PRD-00123,ITM-000026798,2022-09-22,5,Good quality and exactly ,Good quality and exactly as expected.,True
REV-0002100,CUS-004587,PRD-00570,ITM-000038098,2024-01-08,5,,,True
REV-0002101,,PRD-00173,ITM-000005382,2022-03-01,4,Good quality and exactly ,Good quality and exactly as expected.,True
REV-0002102,CUS-006725,PRD-00331,ITM-000014212,2021-11-20,5,Good quality and exactly ,Good quality and exactly as expected.,True
REV-0002103,CUS-009560,PRD-00694,ITM-000059114,2022-12-10,4,,,True
REV-0002104,,PRD-00721,ITM-000011935,2026-01-06,5,Good quality and exactly ,Good quality and exactly as expected.,True
REV-0002105,CUS-001594,PRD-00677,ITM-000021388,2020-06-27,5,Good quality and exactly ,Good quality and exactly as expected.,True
REV-0002106,CUS-008469,PRD-00683,ITM-000050588,2025-11-16,4,Good quality and exactly ,Good quality and exactly as expected.,True
REV-0002107,CUS-002458,PRD-00306,ITM-000068363,2023-03-12,5,Good quality and exactly ,Good quality and exactly as expected.,True
REV-0002108,CUS-006212,PRD-00665,ITM-000036162,2022-06-24,2,,,True
REV-0002109,CUS-004844,PRD-00050,ITM-000040298,2026-04-19,5,Good quality and exactly ,Good quality and exactly as expected.,True
REV-0002110,,PRD-00713,ITM-000004989,2024-12-07,5,,,True
REV-0002111,CUS-008080,PRD-00098,ITM-000059862,2024-03-27,5,Good quality and exactly ,Good quality and exactly as expected.,True
REV-0002112,,PRD-00175,ITM-000076888,2023-05-15,4,Good quality and exactly ,Good quality and exactly as expected.,True
REV-0002113,,PRD-00018,ITM-000050189,2020-08-03,4,Good quality and exactly ,Good quality and exactly as expected.,True
REV-0002114,CUS-007543,PRD-00549,ITM-000046361,2023-01-11,5,Good quality and exactly ,Good quality and exactly as expected.,True
REV-0002115,CUS-005423,PRD-00583,ITM-000059521,2020-11-05,4,Good quality and exactly ,Good quality and exactly as expected.,True
REV-0002116,CUS-008811,PRD-00261,ITM-000036297,2025-11-04,5,Good quality and exactly ,Good quality and exactly as expected.,True
REV-0002117,CUS-003384,PRD-00023,ITM-000000751,2025-02-01,5,Good quality and exactly ,Good quality and exactly as expected.,True
REV-0002118,CUS-009817,PRD-00878,ITM-000069719,2025-07-31,1,Product quality was disap,Product quality was disappointing.,True
REV-0002119,CUS-005787,PRD-00151,ITM-000023748,2021-02-19,4,Good quality and exactly ,Good quality and exactly as expected.,True
REV-0002120,CUS-005007,PRD-00727,ITM-000053537,2020-08-11,5,Good quality and exactly ,Good quality and exactly as expected.,True
REV-0002121,CUS-010303,PRD-00258,ITM-000003542,2024-12-21,5,Good quality and exactly ,Good quality and exactly as expected.,True
REV-0002122,CUS-004072,PRD-00058,ITM-000014129,2023-12-22,5,Good quality and exactly ,Good quality and exactly as expected.,True
REV-0002123,CUS-004460,PRD-00283,ITM-000033074,2021-07-27,3,Good quality and exactly ,Good quality and exactly as expected.,True
REV-0002124,CUS-002665,PRD-00573,ITM-000071074,2022-05-13,5,Good quality and exactly ,Good quality and exactly as expected.,True
REV-0002125,CUS-009802,PRD-00033,ITM-000053000,2023-08-19,4,Good quality and exactly ,Good quality and exactly as expected.,True
REV-0002126,CUS-002331,PRD-00280,ITM-000043918,2020-10-15,4,Good quality and exactly ,Good quality and exactly as expected.,True
REV-0002127,CUS-010637,PRD-00873,ITM-000048445,2020-10-25,3,,,True
REV-0002128,CUS-004910,PRD-00799,ITM-000022753,2026-05-05,5,Good quality and exactly ,Good quality and exactly as expected.,True
REV-0002129,CUS-001319,PRD-00738,ITM-000073687,2023-12-25,5,Good quality and exactly ,Good quality and exactly as expected.,True
REV-0002130,CUS-005647,PRD-00604,ITM-000073615,2026-03-10,5,Good quality and exactly ,Good quality and exactly as expected.,True
REV-0002131,CUS-006451,PRD-00642,ITM-000010114,2021-05-10,3,Good quality and exactly ,Good quality and exactly as expected.,True
REV-0002132,CUS-001164,PRD-00276,ITM-000070779,2022-01-07,3,Good quality and exactly ,Good quality and exactly as expected.,True
REV-0002133,CUS-006090,PRD-00374,ITM-000020075,2022-01-20,5,Good quality and exactly ,Good quality and exactly as expected.,True
REV-0002134,CUS-002128,PRD-00338,ITM-000052176,2025-12-25,5,Good quality and exactly ,Good quality and exactly as expected.,True
REV-0002135,CUS-007053,PRD-00575,ITM-000049734,2024-01-22,1,Product quality was disap,Product quality was disappointing.,True
REV-0002136,CUS-011999,PRD-00306,ITM-000075572,2026-03-09,5,Good quality and exactly ,Good quality and exactly as expected.,True
REV-0002137,CUS-003122,PRD-00092,ITM-000003244,2025-06-18,3,Good quality and exactly ,Good quality and exactly as expected.,True
REV-0002138,CUS-002648,PRD-00887,ITM-000014222,2026-05-20,4,,,True
REV-0002139,CUS-007389,PRD-00540,ITM-000020892,2025-02-26,5,,,True
REV-0002140,CUS-011396,PRD-00169,ITM-000060128,2023-08-25,2,Product quality was disap,Product quality was disappointing.,True
REV-0002141,CUS-004400,PRD-00791,ITM-000073688,2023-08-26,5,Good quality and exactly ,Good quality and exactly as expected.,True
REV-0002142,CUS-011471,PRD-00778,ITM-000046742,2024-07-27,4,Good quality and exactly ,Good quality and exactly as expected.,True
REV-0002143,CUS-005185,PRD-00250,ITM-000034263,2023-06-28,5,Good quality and exactly ,Good quality and exactly as expected.,True
REV-0002144,CUS-003733,PRD-00835,ITM-000049099,2020-07-29,4,,,True
REV-0002145,CUS-003006,PRD-00359,ITM-000055938,2023-04-12,2,Product quality was disap,Product quality was disappointing.,True
REV-0002146,CUS-000724,PRD-00348,ITM-000026921,2025-08-30,5,Good quality and exactly ,Good quality and exactly as expected.,True
REV-0002147,CUS-001214,PRD-00566,ITM-000060078,2024-08-02,4,,,True
REV-0002148,CUS-004624,PRD-00021,ITM-000058128,2021-09-25,4,Good quality and exactly ,Good quality and exactly as expected.,True
REV-0002149,,PRD-00170,ITM-000052657,2020-10-01,1,,,True
REV-0002150,CUS-005218,PRD-00570,ITM-000014122,2020-12-26,5,Good quality and exactly ,Good quality and exactly as expected.,True
REV-0002151,CUS-006186,PRD-00029,ITM-000047355,2021-08-27,5,Good quality and exactly ,Good quality and exactly as expected.,True
REV-0002152,CUS-003551,PRD-00791,ITM-000033259,2024-06-25,4,Good quality and exactly ,Good quality and exactly as expected.,True
REV-0002153,CUS-005355,PRD-00530,ITM-000046343,2021-03-17,3,Good quality and exactly ,Good quality and exactly as expected.,True
REV-0002154,CUS-006406,PRD-00217,ITM-000002571,2024-12-25,4,,,True
REV-0002155,CUS-001505,PRD-00389,ITM-000051914,2025-05-01,3,Good quality and exactly ,Good quality and exactly as expected.,True
REV-0002156,CUS-007989,PRD-00721,ITM-000014940,2024-09-05,5,Good quality and exactly ,Good quality and exactly as expected.,True
REV-0002157,,PRD-00627,ITM-000065531,2022-06-10,5,Good quality and exactly ,Good quality and exactly as expected.,True
REV-0002158,CUS-002997,PRD-00839,ITM-000021287,2023-04-26,4,Good quality and exactly ,Good quality and exactly as expected.,True
REV-0002159,CUS-005930,PRD-00303,ITM-000008448,2025-02-11,5,Good quality and exactly ,Good quality and exactly as expected.,True
REV-0002160,CUS-007487,PRD-00376,ITM-000011588,2021-06-28,5,Good quality and exactly ,Good quality and exactly as expected.,True
REV-0002161,CUS-011493,PRD-00473,ITM-000056105,2022-01-13,3,Good quality and exactly ,Good quality and exactly as expected.,True
REV-0002162,CUS-005606,PRD-00179,ITM-000011701,2020-09-25,3,Good quality and exactly ,Good quality and exactly as expected.,True
REV-0002163,CUS-006052,PRD-00097,ITM-000037598,2021-01-13,5,Good quality and exactly ,Good quality and exactly as expected.,True
REV-0002164,CUS-000324,PRD-00390,ITM-000066231,2021-01-03,3,Good quality and exactly ,Good quality and exactly as expected.,True
REV-0002165,,PRD-00581,ITM-000063276,2026-05-23,5,Good quality and exactly ,Good quality and exactly as expected.,True
REV-0002166,CUS-004017,PRD-00126,ITM-000059678,2020-01-26,4,Good quality and exactly ,Good quality and exactly as expected.,True
REV-0002167,CUS-007539,PRD-00596,ITM-000030405,2026-02-08,4,Good quality and exactly ,Good quality and exactly as expected.,True
REV-0002168,CUS-005316,PRD-00762,ITM-000070847,2020-04-08,4,Good quality and exactly ,Good quality and exactly as expected.,True
REV-0002169,CUS-005747,PRD-00139,ITM-000021795,2025-01-28,5,,,True
REV-0002170,CUS-002663,PRD-00422,ITM-000036305,2023-02-03,4,Good quality and exactly ,Good quality and exactly as expected.,True
REV-0002171,CUS-003658,PRD-00665,ITM-000032682,2026-06-28,2,Product quality was disap,Product quality was disappointing.,True
REV-0002172,CUS-003008,PRD-00040,ITM-000078577,2022-11-24,4,Good quality and exactly ,Good quality and exactly as expected.,True
REV-0002173,CUS-005098,PRD-00331,ITM-000060291,2025-06-13,3,Good quality and exactly ,Good quality and exactly as expected.,True
REV-0002174,CUS-010423,PRD-00257,ITM-000026591,2024-06-30,4,Good quality and exactly ,Good quality and exactly as expected.,True
REV-0002175,CUS-003995,PRD-00673,ITM-000069436,2024-06-23,5,Good quality and exactly ,Good quality and exactly as expected.,True
REV-0002176,CUS-009648,PRD-00722,ITM-000010608,2025-07-09,5,Good quality and exactly ,Good quality and exactly as expected.,True
REV-0002177,CUS-004222,PRD-00221,ITM-000060856,2020-03-28,5,Good quality and exactly ,Good quality and exactly as expected.,True
REV-0002178,CUS-008399,PRD-00383,ITM-000016374,2026-06-10,4,Good quality and exactly ,Good quality and exactly as expected.,True
REV-0002179,CUS-005644,PRD-00077,ITM-000065896,2025-09-15,3,Good quality and exactly ,Good quality and exactly as expected.,True
REV-0002180,CUS-011597,PRD-00645,ITM-000075988,2022-01-01,4,Good quality and exactly ,Good quality and exactly as expected.,True
REV-0002181,CUS-002485,PRD-00762,ITM-000017855,2023-05-17,4,Good quality and exactly ,Good quality and exactly as expected.,True
REV-0002182,CUS-007859,PRD-00283,ITM-000001077,2024-02-02,3,,,True
REV-0002183,CUS-000730,PRD-00061,ITM-000014498,2024-05-17,1,Product quality was disap,Product quality was disappointing.,True
REV-0002184,CUS-001356,PRD-00102,ITM-000069094,2023-09-27,4,Good quality and exactly ,Good quality and exactly as expected.,True
REV-0002185,CUS-001488,PRD-00230,ITM-000005927,2025-12-02,1,,,True
REV-0002186,CUS-010499,PRD-00199,ITM-000072050,2021-09-15,4,Good quality and exactly ,Good quality and exactly as expected.,True
REV-0002187,CUS-002196,PRD-00649,ITM-000078988,2025-06-20,5,Good quality and exactly ,Good quality and exactly as expected.,True
REV-0002188,CUS-010584,PRD-00110,ITM-000019691,2020-08-30,5,Good quality and exactly ,Good quality and exactly as expected.,True
REV-0002189,CUS-003258,PRD-00822,ITM-000073666,2022-05-06,5,Good quality and exactly ,Good quality and exactly as expected.,True
REV-0002190,CUS-007518,PRD-00585,ITM-000063074,2024-09-24,5,,,True
REV-0002191,CUS-008642,PRD-00492,ITM-000008424,2020-07-02,4,Good quality and exactly ,Good quality and exactly as expected.,True
REV-0002192,CUS-005799,PRD-00485,ITM-000065980,2025-10-06,3,,,True
REV-0002193,CUS-005850,PRD-00705,ITM-000037991,2023-03-18,5,Good quality and exactly ,Good quality and exactly as expected.,True
REV-0002194,CUS-002959,PRD-00086,ITM-000033263,2022-07-04,5,Good quality and exactly ,Good quality and exactly as expected.,True
REV-0002195,CUS-004501,PRD-00789,ITM-000002812,2020-04-21,4,Good quality and exactly ,Good quality and exactly as expected.,True
REV-0002196,CUS-007768,PRD-00769,ITM-000046592,2023-04-13,5,Good quality and exactly ,Good quality and exactly as expected.,True
REV-0002197,CUS-009880,PRD-00784,ITM-000042964,2020-08-26,5,Good quality and exactly ,Good quality and exactly as expected.,True
REV-0002198,CUS-006807,PRD-00013,ITM-000001289,2024-10-21,1,Product quality was disap,Product quality was disappointing.,True
REV-0002199,CUS-010154,PRD-00346,ITM-000055647,2024-11-04,5,Good quality and exactly ,Good quality and exactly as expected.,True
REV-0002200,CUS-002795,PRD-00470,ITM-000058621,2025-03-06,4,Good quality and exactly ,Good quality and exactly as expected.,True
REV-0002201,CUS-011624,PRD-00512,ITM-000068500,2025-11-10,4,Good quality and exactly ,Good quality and exactly as expected.,True
REV-0002202,CUS-000255,PRD-00473,ITM-000078235,2024-01-30,2,Product quality was disap,Product quality was disappointing.,True
REV-0002203,CUS-000358,PRD-00437,ITM-000003914,2023-07-31,2,Product quality was disap,Product quality was disappointing.,True
REV-0002204,CUS-002083,PRD-00401,ITM-000060138,2023-06-30,5,Good quality and exactly ,Good quality and exactly as expected.,True
REV-0002205,CUS-009647,PRD-00008,ITM-000072984,2025-02-14,4,Good quality and exactly ,Good quality and exactly as expected.,True
REV-0002206,,PRD-00560,ITM-000007237,2022-09-30,3,Good quality and exactly ,Good quality and exactly as expected.,True
REV-0002207,CUS-011623,PRD-00194,ITM-000028389,2023-02-22,1,Product quality was disap,Product quality was disappointing.,True
REV-0002208,CUS-011135,PRD-00174,ITM-000047999,2025-08-26,4,Good quality and exactly ,Good quality and exactly as expected.,True
REV-0002209,,PRD-00213,ITM-000051057,2020-02-25,2,Product quality was disap,Product quality was disappointing.,True
REV-0002210,CUS-007447,PRD-00756,ITM-000006093,2024-12-04,4,Good quality and exactly ,Good quality and exactly as expected.,True
REV-0002211,CUS-007164,PRD-00520,ITM-000054791,2023-12-06,3,,,True
REV-0002212,CUS-002266,PRD-00711,ITM-000037969,2021-08-30,5,Good quality and exactly ,Good quality and exactly as expected.,True
REV-0002213,CUS-000349,PRD-00606,ITM-000028218,2020-09-10,5,Good quality and exactly ,Good quality and exactly as expected.,True
REV-0002214,CUS-005470,PRD-00358,ITM-000054695,2023-03-15,4,Good quality and exactly ,Good quality and exactly as expected.,True
REV-0002215,CUS-009561,PRD-00417,ITM-000035912,2020-04-16,4,Good quality and exactly ,Good quality and exactly as expected.,True
REV-0002216,CUS-011784,PRD-00636,ITM-000016261,2024-11-08,4,Good quality and exactly ,Good quality and exactly as expected.,True
REV-0002217,CUS-008028,PRD-00889,ITM-000077418,2023-01-22,5,,,True
REV-0002218,CUS-002935,PRD-00428,ITM-000028094,2025-08-27,3,,,True
REV-0002219,CUS-004788,PRD-00177,ITM-000079312,2025-08-08,3,,,True
REV-0002220,CUS-005519,PRD-00002,ITM-000003755,2020-10-12,3,Good quality and exactly ,Good quality and exactly as expected.,True
REV-0002221,CUS-011906,PRD-00005,ITM-000069037,2024-10-14,4,,,True
REV-0002222,CUS-002899,PRD-00200,ITM-000003972,2020-12-20,5,Good quality and exactly ,Good quality and exactly as expected.,True
REV-0002223,CUS-001699,PRD-00210,ITM-000075932,2021-09-17,5,,,True
REV-0002224,CUS-001025,PRD-00254,ITM-000044826,2025-09-17,2,Product quality was disap,Product quality was disappointing.,True
REV-0002225,CUS-001796,PRD-00763,ITM-000038954,2025-08-11,4,,,True
REV-0002226,CUS-011295,PRD-00842,ITM-000001426,2024-11-01,2,,,True
REV-0002227,CUS-007276,PRD-00249,ITM-000011968,2020-04-24,5,,,True
REV-0002228,CUS-008582,PRD-00101,ITM-000051553,2026-01-15,5,,,True
REV-0002229,CUS-003404,PRD-00897,ITM-000000514,2026-02-28,5,,,True
REV-0002230,CUS-010579,PRD-00496,ITM-000062910,2025-10-19,4,Good quality and exactly ,Good quality and exactly as expected.,True
REV-0002231,CUS-010906,PRD-00767,ITM-000013986,2026-07-29,5,Good quality and exactly ,Good quality and exactly as expected.,True
REV-0002232,CUS-011484,PRD-00410,ITM-000030607,2020-06-12,3,Good quality and exactly ,Good quality and exactly as expected.,True
REV-0002233,CUS-007353,PRD-00491,ITM-000007896,2022-12-17,4,Good quality and exactly ,Good quality and exactly as expected.,True
REV-0002234,CUS-000134,PRD-00886,ITM-000035191,2024-01-07,2,Product quality was disap,Product quality was disappointing.,True
REV-0002235,CUS-006766,PRD-00532,ITM-000024699,2026-10-10,5,,,True
REV-0002236,CUS-006675,PRD-00543,ITM-000028243,2023-10-30,5,Good quality and exactly ,Good quality and exactly as expected.,True
REV-0002237,CUS-003857,PRD-00283,ITM-000035745,2020-08-12,3,Good quality and exactly ,Good quality and exactly as expected.,True
REV-0002238,CUS-010774,PRD-00035,ITM-000000959,2023-04-18,5,Good quality and exactly ,Good quality and exactly as expected.,True
REV-0002239,CUS-011404,PRD-00359,ITM-000063712,2024-10-14,4,Good quality and exactly ,Good quality and exactly as expected.,True
REV-0002240,CUS-002574,PRD-00508,ITM-000045709,2024-10-27,4,Good quality and exactly ,Good quality and exactly as expected.,True
REV-0002241,CUS-011557,PRD-00217,ITM-000055696,2023-12-07,4,Good quality and exactly ,Good quality and exactly as expected.,True
REV-0002242,CUS-011670,PRD-00008,ITM-000052242,2025-11-12,1,,,True
REV-0002243,CUS-000936,PRD-00052,ITM-000001468,2022-08-04,4,,,True
REV-0002244,CUS-002413,PRD-00409,ITM-000069850,2022-04-27,4,Good quality and exactly ,Good quality and exactly as expected.,True
REV-0002245,CUS-009981,PRD-00770,ITM-000061615,2025-08-01,4,Good quality and exactly ,Good quality and exactly as expected.,True
REV-0002246,CUS-004040,PRD-00828,ITM-000077663,2020-06-11,5,Good quality and exactly ,Good quality and exactly as expected.,True
REV-0002247,CUS-009107,PRD-00433,ITM-000067222,2024-03-27,3,Good quality and exactly ,Good quality and exactly as expected.,True
REV-0002248,CUS-011128,PRD-00320,ITM-000002110,2020-03-23,4,Good quality and exactly ,Good quality and exactly as expected.,True
REV-0002249,CUS-004617,PRD-00551,ITM-000026265,2021-05-22,2,,,True
REV-0002250,CUS-004256,PRD-00710,ITM-000041301,2025-04-15,5,Good quality and exactly ,Good quality and exactly as expected.,True
REV-0002251,CUS-002454,PRD-00616,ITM-000051880,2024-07-25,3,Good quality and exactly ,Good quality and exactly as expected.,True
REV-0002252,CUS-007429,PRD-00313,ITM-000070213,2025-02-12,2,Product quality was disap,Product quality was disappointing.,True
REV-0002253,CUS-010240,PRD-00373,ITM-000065326,2022-11-28,4,,,True
REV-0002254,CUS-005571,PRD-00044,ITM-000041008,2020-11-19,4,Good quality and exactly ,Good quality and exactly as expected.,True
REV-0002255,CUS-009991,PRD-00508,ITM-000054793,2022-11-19,3,Good quality and exactly ,Good quality and exactly as expected.,True
REV-0002256,CUS-008941,PRD-00751,ITM-000060195,2024-01-21,5,Good quality and exactly ,Good quality and exactly as expected.,True
REV-0002257,,PRD-00331,ITM-000043725,2022-05-18,5,Good quality and exactly ,Good quality and exactly as expected.,True
REV-0002258,CUS-011066,PRD-00258,ITM-000048012,2022-04-06,4,Good quality and exactly ,Good quality and exactly as expected.,True
REV-0002259,CUS-003373,PRD-00759,ITM-000034964,2021-09-15,4,Good quality and exactly ,Good quality and exactly as expected.,True
REV-0002260,CUS-008379,PRD-00056,ITM-000035271,2025-12-06,4,Good quality and exactly ,Good quality and exactly as expected.,True
REV-0002261,CUS-007462,PRD-00537,ITM-000059651,2022-10-13,4,Good quality and exactly ,Good quality and exactly as expected.,True
REV-0002262,CUS-009850,PRD-00217,ITM-000073990,2021-02-15,5,,,True
REV-0002263,CUS-003163,PRD-00857,ITM-000041639,2021-05-09,5,Good quality and exactly ,Good quality and exactly as expected.,True
REV-0002264,CUS-008625,PRD-00812,ITM-000068619,2020-11-22,5,Good quality and exactly ,Good quality and exactly as expected.,True
REV-0002265,CUS-000601,PRD-00411,ITM-000001208,2024-05-07,3,Good quality and exactly ,Good quality and exactly as expected.,True
REV-0002266,CUS-006762,PRD-00470,ITM-000019230,2026-07-19,3,,,True
REV-0002267,CUS-001012,PRD-00142,ITM-000078856,2025-02-22,4,Good quality and exactly ,Good quality and exactly as expected.,True
REV-0002268,CUS-001951,PRD-00122,ITM-000063565,2024-09-09,5,Good quality and exactly ,Good quality and exactly as expected.,True
REV-0002269,,PRD-00499,ITM-000068451,2023-02-17,2,Product quality was disap,Product quality was disappointing.,True
REV-0002270,CUS-004963,PRD-00859,ITM-000017862,2026-08-08,3,,,True
REV-0002271,CUS-010407,PRD-00737,ITM-000065956,2023-12-05,4,Good quality and exactly ,Good quality and exactly as expected.,True
REV-0002272,CUS-001199,PRD-00398,ITM-000074413,2020-05-26,1,Product quality was disap,Product quality was disappointing.,True
REV-0002273,CUS-003234,PRD-00387,ITM-000019714,2025-12-11,2,Product quality was disap,Product quality was disappointing.,True
REV-0002274,CUS-004905,PRD-00667,ITM-000071758,2021-05-07,5,,,True
REV-0002275,CUS-002917,PRD-00663,ITM-000037311,2023-09-04,5,Good quality and exactly ,Good quality and exactly as expected.,True
REV-0002276,CUS-007509,PRD-00639,ITM-000012005,2024-04-23,4,Good quality and exactly ,Good quality and exactly as expected.,True
REV-0002277,CUS-008631,PRD-00480,ITM-000029251,2023-09-20,4,Good quality and exactly ,Good quality and exactly as expected.,True
REV-0002278,CUS-006670,PRD-00886,ITM-000015551,2021-11-07,4,,,True
REV-0002279,CUS-011454,PRD-00448,ITM-000079204,2024-06-09,3,Good quality and exactly ,Good quality and exactly as expected.,True
REV-0002280,CUS-000683,PRD-00861,ITM-000020839,2023-01-23,5,,,True
REV-0002281,CUS-007262,PRD-00047,ITM-000017230,2026-04-24,4,Good quality and exactly ,Good quality and exactly as expected.,True
REV-0002282,CUS-008479,PRD-00785,ITM-000044241,2021-06-19,3,Good quality and exactly ,Good quality and exactly as expected.,True
REV-0002283,CUS-001163,PRD-00876,ITM-000054500,2026-08-30,4,Good quality and exactly ,Good quality and exactly as expected.,True
REV-0002284,CUS-011857,PRD-00003,ITM-000018521,2021-11-27,3,Good quality and exactly ,Good quality and exactly as expected.,True
REV-0002285,CUS-003570,PRD-00587,ITM-000055267,2024-02-12,4,Good quality and exactly ,Good quality and exactly as expected.,True
REV-0002286,CUS-006949,PRD-00089,ITM-000079371,2025-04-03,5,Good quality and exactly ,Good quality and exactly as expected.,True
REV-0002287,CUS-007425,PRD-00256,ITM-000078393,2026-07-26,3,Good quality and exactly ,Good quality and exactly as expected.,True
REV-0002288,CUS-007038,PRD-00215,ITM-000047153,2026-01-13,4,Good quality and exactly ,Good quality and exactly as expected.,True
REV-0002289,CUS-011901,PRD-00141,ITM-000044802,2021-05-05,3,,,True
REV-0002290,CUS-003271,PRD-00042,ITM-000072316,2020-11-08,5,Good quality and exactly ,Good quality and exactly as expected.,True
REV-0002291,CUS-006360,PRD-00791,ITM-000029216,2020-04-25,4,Good quality and exactly ,Good quality and exactly as expected.,True
REV-0002292,CUS-002521,PRD-00306,ITM-000016794,2025-04-03,2,,,True
REV-0002293,CUS-007837,PRD-00035,ITM-000002697,2021-01-21,5,Good quality and exactly ,Good quality and exactly as expected.,True
REV-0002294,CUS-004609,PRD-00236,ITM-000042471,2024-10-31,4,Good quality and exactly ,Good quality and exactly as expected.,True
REV-0002295,CUS-009892,PRD-00838,ITM-000038754,2026-05-16,4,Good quality and exactly ,Good quality and exactly as expected.,True
REV-0002296,CUS-000117,PRD-00556,ITM-000023733,2023-03-18,4,Good quality and exactly ,Good quality and exactly as expected.,True
REV-0002297,CUS-005830,PRD-00142,ITM-000024125,2026-03-14,5,Good quality and exactly ,Good quality and exactly as expected.,True
REV-0002298,CUS-008345,PRD-00160,ITM-000023398,2024-07-12,5,Good quality and exactly ,Good quality and exactly as expected.,True
REV-0002299,CUS-009063,PRD-00878,ITM-000009821,2023-02-24,3,Good quality and exactly ,Good quality and exactly as expected.,True
REV-0002300,CUS-005723,PRD-00295,ITM-000015560,2026-04-04,5,Good quality and exactly ,Good quality and exactly as expected.,True
REV-0002301,CUS-011330,PRD-00435,ITM-000055225,2025-04-17,1,,,True
REV-0002302,CUS-002294,PRD-00412,ITM-000046000,2021-04-16,4,Good quality and exactly ,Good quality and exactly as expected.,True
REV-0002303,CUS-004222,PRD-00459,ITM-000068288,2023-12-14,4,,,True
REV-0002304,CUS-007706,PRD-00261,ITM-000000225,2025-07-04,3,,,True
REV-0002305,CUS-001030,PRD-00413,ITM-000022429,2026-01-17,4,Good quality and exactly ,Good quality and exactly as expected.,True
REV-0002306,CUS-006522,PRD-00807,ITM-000073745,2022-08-20,4,Good quality and exactly ,Good quality and exactly as expected.,True
REV-0002307,CUS-006882,PRD-00062,ITM-000021321,2020-07-01,5,Good quality and exactly ,Good quality and exactly as expected.,True
REV-0002308,,PRD-00680,ITM-000031406,2025-02-28,2,Product quality was disap,Product quality was disappointing.,True
REV-0002309,CUS-008005,PRD-00655,ITM-000075305,2022-06-13,4,Good quality and exactly ,Good quality and exactly as expected.,True
REV-0002310,CUS-002494,PRD-00408,ITM-000021920,2024-07-04,5,Good quality and exactly ,Good quality and exactly as expected.,True
REV-0002311,CUS-011621,PRD-00015,ITM-000067466,2022-12-01,4,Good quality and exactly ,Good quality and exactly as expected.,True
REV-0002312,CUS-004817,PRD-00584,ITM-000014177,2021-11-12,5,Good quality and exactly ,Good quality and exactly as expected.,True
REV-0002313,CUS-011178,PRD-00282,ITM-000018098,2021-09-22,4,Good quality and exactly ,Good quality and exactly as expected.,True
REV-0002314,,PRD-00446,ITM-000024388,2023-07-23,3,Good quality and exactly ,Good quality and exactly as expected.,True
REV-0002315,CUS-011880,PRD-00161,ITM-000067394,2023-03-05,4,,,True
REV-0002316,CUS-000420,PRD-00516,ITM-000048361,2025-05-31,5,Good quality and exactly ,Good quality and exactly as expected.,True
REV-0002317,CUS-010519,PRD-00044,ITM-000049599,2022-10-28,3,Good quality and exactly ,Good quality and exactly as expected.,True
REV-0002318,CUS-009185,PRD-00051,ITM-000003323,2023-09-26,4,Good quality and exactly ,Good quality and exactly as expected.,True
REV-0002319,CUS-008268,PRD-00780,ITM-000032489,2020-02-29,5,Good quality and exactly ,Good quality and exactly as expected.,True
REV-0002320,CUS-008361,PRD-00515,ITM-000055431,2021-02-19,5,Good quality and exactly ,Good quality and exactly as expected.,True
REV-0002321,CUS-005425,PRD-00372,ITM-000075484,2023-12-18,2,Product quality was disap,Product quality was disappointing.,True
REV-0002322,CUS-000136,PRD-00476,ITM-000003101,2024-12-21,4,,,True
REV-0002323,CUS-011367,PRD-00064,ITM-000059534,2025-09-23,5,Good quality and exactly ,Good quality and exactly as expected.,True
REV-0002324,CUS-001756,PRD-00436,ITM-000034088,2024-12-29,5,Good quality and exactly ,Good quality and exactly as expected.,True
REV-0002325,CUS-008672,PRD-00662,ITM-000025921,2021-09-01,4,,,True
REV-0002326,CUS-007211,PRD-00834,ITM-000004522,2020-04-15,4,Good quality and exactly ,Good quality and exactly as expected.,True
REV-0002327,CUS-005019,PRD-00796,ITM-000066285,2025-01-29,5,Good quality and exactly ,Good quality and exactly as expected.,True
REV-0002328,CUS-001819,PRD-00051,ITM-000058795,2021-04-18,2,Product quality was disap,Product quality was disappointing.,True
REV-0002329,CUS-006224,PRD-00608,ITM-000059970,2022-08-21,2,Product quality was disap,Product quality was disappointing.,True
REV-0002330,CUS-000803,PRD-00891,ITM-000001645,2025-08-17,4,Good quality and exactly ,Good quality and exactly as expected.,True
REV-0002331,CUS-001057,PRD-00045,ITM-000045904,2026-01-20,3,Good quality and exactly ,Good quality and exactly as expected.,True
REV-0002332,CUS-000298,PRD-00631,ITM-000073169,2021-10-25,4,Good quality and exactly ,Good quality and exactly as expected.,True
REV-0002333,CUS-001548,PRD-00548,ITM-000053305,2024-08-30,4,Good quality and exactly ,Good quality and exactly as expected.,True
REV-0002334,CUS-010634,PRD-00263,ITM-000072650,2026-06-24,2,,,True
REV-0002335,CUS-006563,PRD-00164,ITM-000012778,2023-05-30,4,Good quality and exactly ,Good quality and exactly as expected.,True
REV-0002336,CUS-007163,PRD-00072,ITM-000018271,2020-05-16,5,Good quality and exactly ,Good quality and exactly as expected.,True
REV-0002337,CUS-003670,PRD-00837,ITM-000042187,2025-02-12,4,Good quality and exactly ,Good quality and exactly as expected.,True
REV-0002338,CUS-004660,PRD-00422,ITM-000064102,2020-04-04,5,Good quality and exactly ,Good quality and exactly as expected.,True
REV-0002339,CUS-006177,PRD-00809,ITM-000019171,2024-01-03,4,,,True
REV-0002340,CUS-011317,PRD-00732,ITM-000047841,2020-06-18,3,Good quality and exactly ,Good quality and exactly as expected.,True
REV-0002341,CUS-011321,PRD-00230,ITM-000001003,2025-11-06,3,Good quality and exactly ,Good quality and exactly as expected.,True
REV-0002342,CUS-010249,PRD-00869,ITM-000024565,2026-04-04,4,Good quality and exactly ,Good quality and exactly as expected.,True
REV-0002343,CUS-007768,PRD-00141,ITM-000017595,2025-08-31,4,Good quality and exactly ,Good quality and exactly as expected.,True
REV-0002344,CUS-001538,PRD-00123,ITM-000002455,2023-05-14,5,Good quality and exactly ,Good quality and exactly as expected.,True
REV-0002345,CUS-006465,PRD-00845,ITM-000041498,2024-10-29,4,Good quality and exactly ,Good quality and exactly as expected.,True
REV-0002346,CUS-005379,PRD-00889,ITM-000054733,2022-01-29,4,Good quality and exactly ,Good quality and exactly as expected.,True
REV-0002347,CUS-011460,PRD-00382,ITM-000072005,2025-08-25,4,Good quality and exactly ,Good quality and exactly as expected.,True
REV-0002348,CUS-006573,PRD-00359,ITM-000058205,2021-03-18,2,Product quality was disap,Product quality was disappointing.,True
REV-0002349,CUS-003361,PRD-00559,ITM-000028649,2024-08-26,5,Good quality and exactly ,Good quality and exactly as expected.,True
REV-0002350,CUS-004305,PRD-00135,ITM-000038932,2024-02-20,4,Good quality and exactly ,Good quality and exactly as expected.,True
REV-0002351,CUS-005860,PRD-00664,ITM-000064084,2024-05-25,5,Good quality and exactly ,Good quality and exactly as expected.,True
REV-0002352,CUS-006845,PRD-00234,ITM-000021415,2023-02-18,2,Product quality was disap,Product quality was disappointing.,True
REV-0002353,CUS-010735,PRD-00046,ITM-000043787,2023-07-04,4,Good quality and exactly ,Good quality and exactly as expected.,True
REV-0002354,CUS-010728,PRD-00786,ITM-000035412,2023-02-20,3,Good quality and exactly ,Good quality and exactly as expected.,True
REV-0002355,CUS-001974,PRD-00672,ITM-000071990,2026-03-10,5,Good quality and exactly ,Good quality and exactly as expected.,True
REV-0002356,CUS-010097,PRD-00894,ITM-000040536,2022-02-23,2,Product quality was disap,Product quality was disappointing.,True
REV-0002357,CUS-002453,PRD-00198,ITM-000058211,2020-11-02,4,Good quality and exactly ,Good quality and exactly as expected.,True
REV-0002358,CUS-007718,PRD-00444,ITM-000011472,2022-07-11,3,Good quality and exactly ,Good quality and exactly as expected.,True
REV-0002359,CUS-005188,PRD-00847,ITM-000043561,2020-12-28,5,Good quality and exactly ,Good quality and exactly as expected.,True
REV-0002360,CUS-003021,PRD-00543,ITM-000054449,2020-03-29,4,,,True
REV-0002361,CUS-010035,PRD-00899,ITM-000003089,2021-05-06,4,Good quality and exactly ,Good quality and exactly as expected.,True
REV-0002362,CUS-007868,PRD-00189,ITM-000015987,2023-07-22,5,,,True
REV-0002363,CUS-009456,PRD-00652,ITM-000055263,2025-03-15,5,Good quality and exactly ,Good quality and exactly as expected.,True
REV-0002364,CUS-003303,PRD-00502,ITM-000011287,2020-10-23,5,Good quality and exactly ,Good quality and exactly as expected.,True
REV-0002365,CUS-010047,PRD-00059,ITM-000013812,2023-02-28,5,Good quality and exactly ,Good quality and exactly as expected.,True
REV-0002366,CUS-004359,PRD-00139,ITM-000043424,2021-04-03,4,,,True
REV-0002367,CUS-000038,PRD-00172,ITM-000002845,2021-09-26,3,,,True
REV-0002368,CUS-007168,PRD-00146,ITM-000078367,2024-01-16,3,,,True
REV-0002369,CUS-004789,PRD-00014,ITM-000004845,2021-06-01,5,Good quality and exactly ,Good quality and exactly as expected.,True
REV-0002370,CUS-007243,PRD-00715,ITM-000002536,2026-03-03,2,Product quality was disap,Product quality was disappointing.,True
REV-0002371,CUS-003600,PRD-00482,ITM-000034196,2021-10-21,5,Good quality and exactly ,Good quality and exactly as expected.,True
REV-0002372,CUS-002540,PRD-00192,ITM-000048941,2025-05-01,5,Good quality and exactly ,Good quality and exactly as expected.,True
REV-0002373,CUS-001990,PRD-00066,ITM-000066829,2022-03-08,4,Good quality and exactly ,Good quality and exactly as expected.,True
REV-0002374,CUS-010570,PRD-00835,ITM-000051983,2020-03-02,3,Good quality and exactly ,Good quality and exactly as expected.,True
REV-0002375,CUS-011268,PRD-00787,ITM-000059812,2023-09-29,5,Good quality and exactly ,Good quality and exactly as expected.,True
REV-0002376,CUS-008446,PRD-00042,ITM-000037692,2023-07-30,5,Good quality and exactly ,Good quality and exactly as expected.,True
REV-0002377,CUS-000872,PRD-00122,ITM-000071431,2024-02-26,3,,,True
REV-0002378,CUS-010488,PRD-00075,ITM-000060248,2025-05-09,5,Good quality and exactly ,Good quality and exactly as expected.,True
REV-0002379,CUS-000460,PRD-00821,ITM-000016719,2020-08-30,5,Good quality and exactly ,Good quality and exactly as expected.,True
REV-0002380,CUS-005347,PRD-00263,ITM-000051592,2025-08-07,4,Good quality and exactly ,Good quality and exactly as expected.,True
REV-0002381,CUS-009472,PRD-00312,ITM-000028982,2025-11-04,5,Good quality and exactly ,Good quality and exactly as expected.,True
REV-0002382,CUS-006317,PRD-00528,ITM-000021993,2020-07-22,4,Good quality and exactly ,Good quality and exactly as expected.,True
REV-0002383,CUS-000181,PRD-00181,ITM-000041416,2020-07-05,5,Good quality and exactly ,Good quality and exactly as expected.,True
REV-0002384,CUS-006933,PRD-00444,ITM-000024478,2025-06-13,4,Good quality and exactly ,Good quality and exactly as expected.,True
REV-0002385,CUS-001456,PRD-00052,ITM-000021960,2026-03-05,4,Good quality and exactly ,Good quality and exactly as expected.,True
REV-0002386,CUS-004723,PRD-00634,ITM-000026608,2025-07-31,4,Good quality and exactly ,Good quality and exactly as expected.,True
REV-0002387,CUS-002733,PRD-00690,ITM-000027604,2020-05-07,5,Good quality and exactly ,Good quality and exactly as expected.,True
REV-0002388,CUS-009638,PRD-00226,ITM-000015723,2023-01-07,4,Good quality and exactly ,Good quality and exactly as expected.,True
REV-0002389,CUS-005579,PRD-00561,ITM-000031423,2024-10-10,4,,,True
REV-0002390,CUS-004400,PRD-00326,ITM-000053840,2023-09-07,4,Good quality and exactly ,Good quality and exactly as expected.,True
REV-0002391,CUS-009265,PRD-00189,ITM-000045385,2026-05-25,4,Good quality and exactly ,Good quality and exactly as expected.,True
REV-0002392,CUS-002686,PRD-00248,ITM-000045221,2022-02-03,5,,,True
REV-0002393,CUS-003194,PRD-00444,ITM-000073252,2020-07-30,3,,,True
REV-0002394,CUS-007058,PRD-00373,ITM-000003719,2023-06-21,5,,,True
REV-0002395,CUS-001972,PRD-00533,ITM-000019634,2024-07-28,4,,,True
REV-0002396,CUS-008230,PRD-00427,ITM-000043580,2021-12-21,5,,,True
REV-0002397,CUS-011901,PRD-00109,ITM-000017659,2022-12-12,5,Good quality and exactly ,Good quality and exactly as expected.,True
REV-0002398,CUS-005247,PRD-00862,ITM-000015536,2022-03-17,5,,,True
REV-0002399,CUS-010924,PRD-00831,ITM-000024994,2020-10-30,2,Product quality was disap,Product quality was disappointing.,True
REV-0002400,CUS-008562,PRD-00640,ITM-000012731,2023-03-08,4,Good quality and exactly ,Good quality and exactly as expected.,True
REV-0002401,CUS-005726,PRD-00600,ITM-000063533,2025-05-01,2,Product quality was disap,Product quality was disappointing.,True
REV-0002402,CUS-010316,PRD-00435,ITM-000017155,2021-07-09,4,Good quality and exactly ,Good quality and exactly as expected.,True
REV-0002403,,PRD-00630,ITM-000016140,2020-02-19,4,Good quality and exactly ,Good quality and exactly as expected.,True
REV-0002404,CUS-001191,PRD-00784,ITM-000006167,2022-04-11,5,,,True
REV-0002405,CUS-007304,PRD-00412,ITM-000064725,2020-03-27,5,Good quality and exactly ,Good quality and exactly as expected.,True
REV-0002406,CUS-010444,PRD-00584,ITM-000003569,2024-10-05,3,Good quality and exactly ,Good quality and exactly as expected.,True
REV-0002407,CUS-009125,PRD-00376,ITM-000030525,2021-08-06,5,Good quality and exactly ,Good quality and exactly as expected.,True
REV-0002408,CUS-000549,PRD-00055,ITM-000057880,2026-05-14,4,Good quality and exactly ,Good quality and exactly as expected.,True
REV-0002409,CUS-009143,PRD-00070,ITM-000060371,2025-09-11,4,Good quality and exactly ,Good quality and exactly as expected.,True
REV-0002410,CUS-003233,PRD-00247,ITM-000024129,2021-08-02,5,Good quality and exactly ,Good quality and exactly as expected.,True
REV-0002411,CUS-001892,PRD-00677,ITM-000032283,2025-10-13,5,Good quality and exactly ,Good quality and exactly as expected.,True
REV-0002412,CUS-007109,PRD-00824,ITM-000034417,2024-11-13,5,,,True
REV-0002413,CUS-007859,PRD-00236,ITM-000007008,2024-01-18,5,Good quality and exactly ,Good quality and exactly as expected.,True
REV-0002414,CUS-003682,PRD-00694,ITM-000050415,2021-10-17,5,Good quality and exactly ,Good quality and exactly as expected.,True
REV-0002415,CUS-009759,PRD-00107,ITM-000051076,2020-02-24,5,Good quality and exactly ,Good quality and exactly as expected.,True
REV-0002416,CUS-006748,PRD-00781,ITM-000035609,2023-01-13,3,Good quality and exactly ,Good quality and exactly as expected.,True
REV-0002417,CUS-004085,PRD-00588,ITM-000034259,2024-08-03,5,,,True
REV-0002418,CUS-006954,PRD-00421,ITM-000039018,2021-05-29,5,Good quality and exactly ,Good quality and exactly as expected.,True
REV-0002419,CUS-006245,PRD-00034,ITM-000065831,2021-02-21,5,Good quality and exactly ,Good quality and exactly as expected.,True
REV-0002420,,PRD-00326,ITM-000041355,2023-01-08,5,Good quality and exactly ,Good quality and exactly as expected.,True
REV-0002421,CUS-009653,PRD-00621,ITM-000053849,2021-02-11,4,Good quality and exactly ,Good quality and exactly as expected.,True
REV-0002422,CUS-004210,PRD-00682,ITM-000021673,2025-06-26,2,Product quality was disap,Product quality was disappointing.,True
REV-0002423,CUS-006497,PRD-00549,ITM-000052615,2022-09-02,3,Good quality and exactly ,Good quality and exactly as expected.,True
REV-0002424,CUS-010156,PRD-00566,ITM-000066017,2021-07-25,2,Product quality was disap,Product quality was disappointing.,True
REV-0002425,CUS-007008,PRD-00513,ITM-000025664,2024-07-17,5,Good quality and exactly ,Good quality and exactly as expected.,True
REV-0002426,CUS-008391,PRD-00020,ITM-000005649,2026-05-11,5,Good quality and exactly ,Good quality and exactly as expected.,True
REV-0002427,CUS-011313,PRD-00116,ITM-000006040,2021-07-15,4,Good quality and exactly ,Good quality and exactly as expected.,True
REV-0002428,CUS-004347,PRD-00236,ITM-000018588,2025-12-19,3,Good quality and exactly ,Good quality and exactly as expected.,True
REV-0002429,CUS-005929,PRD-00025,ITM-000033015,2025-12-07,4,,,True
REV-0002430,CUS-004095,PRD-00515,ITM-000030022,2021-10-24,3,Good quality and exactly ,Good quality and exactly as expected.,True
REV-0002431,,PRD-00781,ITM-000048058,2022-10-23,4,Good quality and exactly ,Good quality and exactly as expected.,True
REV-0002432,CUS-006998,PRD-00477,ITM-000015486,2026-02-09,3,Good quality and exactly ,Good quality and exactly as expected.,True
REV-0002433,CUS-003331,PRD-00196,ITM-000048603,2026-03-19,5,,,True
REV-0002434,CUS-004824,PRD-00690,ITM-000042020,2026-03-08,5,Good quality and exactly ,Good quality and exactly as expected.,True
REV-0002435,CUS-005339,PRD-00282,ITM-000023870,2021-01-07,4,Good quality and exactly ,Good quality and exactly as expected.,True
REV-0002436,CUS-005058,PRD-00248,ITM-000040906,2023-05-29,4,Good quality and exactly ,Good quality and exactly as expected.,True
REV-0002437,CUS-003842,PRD-00636,ITM-000003696,2024-01-27,4,,,True
REV-0002438,CUS-001616,PRD-00489,ITM-000034396,2020-12-08,5,Good quality and exactly ,Good quality and exactly as expected.,True
REV-0002439,CUS-003219,PRD-00697,ITM-000062114,2023-09-24,4,Good quality and exactly ,Good quality and exactly as expected.,True
REV-0002440,CUS-008018,PRD-00669,ITM-000060010,2024-08-30,4,Good quality and exactly ,Good quality and exactly as expected.,True
REV-0002441,CUS-005143,PRD-00140,ITM-000027564,2024-05-02,4,Good quality and exactly ,Good quality and exactly as expected.,True
REV-0002442,CUS-008097,PRD-00307,ITM-000021557,2025-03-10,4,Good quality and exactly ,Good quality and exactly as expected.,True
REV-0002443,CUS-011510,PRD-00402,ITM-000054671,2026-07-27,5,Good quality and exactly ,Good quality and exactly as expected.,True
REV-0002444,CUS-008745,PRD-00067,ITM-000038706,2024-01-20,4,Good quality and exactly ,Good quality and exactly as expected.,True
REV-0002445,CUS-008446,PRD-00633,ITM-000035130,2025-11-12,3,Good quality and exactly ,Good quality and exactly as expected.,True
REV-0002446,CUS-010563,PRD-00866,ITM-000014445,2022-08-27,5,Good quality and exactly ,Good quality and exactly as expected.,True
REV-0002447,CUS-006197,PRD-00773,ITM-000063497,2020-12-29,5,Good quality and exactly ,Good quality and exactly as expected.,True
REV-0002448,CUS-008844,PRD-00378,ITM-000036836,2025-10-27,4,Good quality and exactly ,Good quality and exactly as expected.,True
REV-0002449,CUS-001012,PRD-00366,ITM-000018705,2025-11-02,3,,,True
REV-0002450,CUS-006050,PRD-00090,ITM-000013537,2022-09-21,4,Good quality and exactly ,Good quality and exactly as expected.,True
REV-0002451,CUS-009283,PRD-00468,ITM-000079136,2020-07-18,3,Good quality and exactly ,Good quality and exactly as expected.,True
REV-0002452,CUS-002088,PRD-00782,ITM-000009439,2021-06-26,4,Good quality and exactly ,Good quality and exactly as expected.,True
REV-0002453,CUS-000453,PRD-00186,ITM-000026677,2025-08-04,5,Good quality and exactly ,Good quality and exactly as expected.,True
REV-0002454,CUS-004929,PRD-00754,ITM-000016354,2023-09-14,5,Good quality and exactly ,Good quality and exactly as expected.,True
REV-0002455,CUS-009985,PRD-00216,ITM-000073676,2023-07-09,5,Good quality and exactly ,Good quality and exactly as expected.,True
REV-0002456,CUS-008896,PRD-00248,ITM-000014770,2021-01-24,5,Good quality and exactly ,Good quality and exactly as expected.,True
REV-0002457,CUS-005826,PRD-00204,ITM-000012810,2022-09-21,3,Good quality and exactly ,Good quality and exactly as expected.,True
REV-0002458,CUS-009706,PRD-00072,ITM-000051546,2026-02-07,5,Good quality and exactly ,Good quality and exactly as expected.,True
REV-0002459,CUS-001233,PRD-00600,ITM-000016580,2020-12-31,4,,,True
REV-0002460,CUS-000684,PRD-00057,ITM-000023745,2021-11-23,4,,,True
REV-0002461,CUS-004435,PRD-00897,ITM-000040210,2020-11-23,5,Good quality and exactly ,Good quality and exactly as expected.,True
REV-0002462,CUS-005848,PRD-00186,ITM-000059811,2021-10-20,4,,,True
REV-0002463,CUS-007265,PRD-00024,ITM-000048241,2026-04-23,5,Good quality and exactly ,Good quality and exactly as expected.,True
REV-0002464,CUS-008644,PRD-00579,ITM-000074687,2024-02-07,4,,,True
REV-0002465,CUS-000520,PRD-00114,ITM-000006608,2023-10-02,5,Good quality and exactly ,Good quality and exactly as expected.,True
REV-0002466,CUS-001002,PRD-00118,ITM-000071962,2025-12-30,2,Product quality was disap,Product quality was disappointing.,True
REV-0002467,CUS-009707,PRD-00783,ITM-000067163,2025-04-17,5,Good quality and exactly ,Good quality and exactly as expected.,True
REV-0002468,CUS-011125,PRD-00215,ITM-000000646,2022-09-20,2,Product quality was disap,Product quality was disappointing.,True
REV-0002469,CUS-003662,PRD-00405,ITM-000003048,2026-05-02,5,Good quality and exactly ,Good quality and exactly as expected.,True
REV-0002470,CUS-008671,PRD-00558,ITM-000013107,2023-11-05,4,,,True
REV-0002471,CUS-011046,PRD-00415,ITM-000076145,2020-09-30,4,Good quality and exactly ,Good quality and exactly as expected.,True
REV-0002472,CUS-002559,PRD-00691,ITM-000003924,2020-11-10,3,,,True
REV-0002473,CUS-008656,PRD-00622,ITM-000052574,2025-12-22,5,Good quality and exactly ,Good quality and exactly as expected.,True
REV-0002474,CUS-001299,PRD-00269,ITM-000062065,2026-01-11,4,Good quality and exactly ,Good quality and exactly as expected.,True
REV-0002475,CUS-002520,PRD-00131,ITM-000074557,2024-01-04,5,Good quality and exactly ,Good quality and exactly as expected.,True
REV-0002476,CUS-009885,PRD-00210,ITM-000032357,2023-06-04,2,Product quality was disap,Product quality was disappointing.,True
REV-0002477,CUS-005365,PRD-00544,ITM-000009034,2021-03-02,5,Good quality and exactly ,Good quality and exactly as expected.,True
REV-0002478,CUS-005794,PRD-00581,ITM-000073964,2021-04-18,1,,,True
REV-0002479,CUS-001833,PRD-00206,ITM-000052880,2024-03-27,5,Good quality and exactly ,Good quality and exactly as expected.,True
REV-0002480,CUS-008980,PRD-00096,ITM-000015425,2024-06-18,5,Good quality and exactly ,Good quality and exactly as expected.,True
REV-0002481,CUS-000523,PRD-00829,ITM-000056522,2021-11-19,4,Good quality and exactly ,Good quality and exactly as expected.,True
REV-0002482,CUS-010425,PRD-00542,ITM-000048802,2023-10-28,4,Good quality and exactly ,Good quality and exactly as expected.,True
REV-0002483,CUS-000158,PRD-00797,ITM-000003283,2026-05-13,5,Good quality and exactly ,Good quality and exactly as expected.,True
REV-0002484,CUS-009270,PRD-00351,ITM-000010925,2025-09-26,5,Good quality and exactly ,Good quality and exactly as expected.,True
REV-0002485,CUS-009343,PRD-00161,ITM-000010845,2021-04-08,5,Good quality and exactly ,Good quality and exactly as expected.,True
REV-0002486,CUS-002912,PRD-00615,ITM-000029806,2021-05-20,3,Good quality and exactly ,Good quality and exactly as expected.,True
REV-0002487,CUS-003802,PRD-00707,ITM-000038937,2022-05-11,2,Product quality was disap,Product quality was disappointing.,True
REV-0002488,CUS-003456,PRD-00815,ITM-000032166,2020-12-14,4,Good quality and exactly ,Good quality and exactly as expected.,True
REV-0002489,CUS-011147,PRD-00309,ITM-000026724,2020-03-29,3,Good quality and exactly ,Good quality and exactly as expected.,True
REV-0002490,CUS-009528,PRD-00208,ITM-000023204,2020-03-22,4,Good quality and exactly ,Good quality and exactly as expected.,True
REV-0002491,CUS-000517,PRD-00364,ITM-000016595,2025-09-27,4,Good quality and exactly ,Good quality and exactly as expected.,True
REV-0002492,CUS-008832,PRD-00285,ITM-000070521,2022-05-28,5,Good quality and exactly ,Good quality and exactly as expected.,True
REV-0002493,CUS-007522,PRD-00600,ITM-000042785,2025-07-31,3,Good quality and exactly ,Good quality and exactly as expected.,True
REV-0002494,CUS-003264,PRD-00029,ITM-000010184,2020-07-18,5,Good quality and exactly ,Good quality and exactly as expected.,True
REV-0002495,CUS-004011,PRD-00536,ITM-000033850,2021-04-20,1,Product quality was disap,Product quality was disappointing.,True
REV-0002496,CUS-008416,PRD-00202,ITM-000032909,2024-03-07,5,Good quality and exactly ,Good quality and exactly as expected.,True
REV-0002497,CUS-010544,PRD-00738,ITM-000056562,2022-03-31,3,Good quality and exactly ,Good quality and exactly as expected.,True
REV-0002498,CUS-011362,PRD-00796,ITM-000046129,2023-04-23,4,,,True
REV-0002499,CUS-009078,PRD-00280,ITM-000024322,2020-10-10,4,Good quality and exactly ,Good quality and exactly as expected.,True
REV-0002500,CUS-010889,PRD-00499,ITM-000001294,2020-10-02,4,Good quality and exactly ,Good quality and exactly as expected.,True
REV-0002501,CUS-004072,PRD-00668,ITM-000061766,2026-08-16,4,,,True
REV-0002502,CUS-007555,PRD-00823,ITM-000051148,2020-05-16,3,Good quality and exactly ,Good quality and exactly as expected.,True
REV-0002503,CUS-011563,PRD-00474,ITM-000025861,2024-06-26,4,Good quality and exactly ,Good quality and exactly as expected.,True
REV-0002504,CUS-007406,PRD-00506,ITM-000044871,2022-09-27,4,,,True
REV-0002505,CUS-009893,PRD-00651,ITM-000049116,2021-12-16,3,Good quality and exactly ,Good quality and exactly as expected.,True
REV-0002506,CUS-003133,PRD-00402,ITM-000003854,2024-08-25,5,Good quality and exactly ,Good quality and exactly as expected.,True
REV-0002507,CUS-005937,PRD-00006,ITM-000069308,2022-08-10,4,Good quality and exactly ,Good quality and exactly as expected.,True
REV-0002508,CUS-008615,PRD-00375,ITM-000043055,2022-12-03,5,Good quality and exactly ,Good quality and exactly as expected.,True
REV-0002509,CUS-006293,PRD-00850,ITM-000045739,2025-02-13,2,Product quality was disap,Product quality was disappointing.,True
REV-0002510,CUS-007652,PRD-00385,ITM-000014238,2021-03-09,3,,,True
REV-0002511,CUS-005056,PRD-00440,ITM-000009813,2024-01-09,5,Good quality and exactly ,Good quality and exactly as expected.,True
REV-0002512,CUS-006673,PRD-00083,ITM-000077016,2022-11-24,5,Good quality and exactly ,Good quality and exactly as expected.,True
REV-0002513,CUS-008062,PRD-00355,ITM-000067564,2022-02-11,4,Good quality and exactly ,Good quality and exactly as expected.,True
REV-0002514,CUS-003732,PRD-00862,ITM-000078732,2022-02-10,4,Good quality and exactly ,Good quality and exactly as expected.,True
REV-0002515,CUS-004987,PRD-00418,ITM-000034218,2025-06-18,4,,,True
REV-0002516,CUS-001596,PRD-00128,ITM-000078044,2024-10-12,4,Good quality and exactly ,Good quality and exactly as expected.,True
REV-0002517,CUS-007746,PRD-00452,ITM-000030914,2023-04-21,3,Good quality and exactly ,Good quality and exactly as expected.,True
REV-0002518,CUS-006574,PRD-00132,ITM-000073821,2024-02-17,5,Good quality and exactly ,Good quality and exactly as expected.,True
REV-0002519,CUS-004603,PRD-00367,ITM-000049961,2026-01-30,5,Good quality and exactly ,Good quality and exactly as expected.,True
REV-0002520,CUS-009850,PRD-00692,ITM-000054015,2020-06-29,3,Good quality and exactly ,Good quality and exactly as expected.,True
REV-0002521,CUS-008047,PRD-00721,ITM-000051308,2021-03-05,4,Good quality and exactly ,Good quality and exactly as expected.,True
REV-0002522,CUS-003201,PRD-00319,ITM-000050996,2024-05-15,4,Good quality and exactly ,Good quality and exactly as expected.,True
REV-0002523,CUS-001280,PRD-00524,ITM-000045078,2024-12-24,5,Good quality and exactly ,Good quality and exactly as expected.,True
REV-0002524,CUS-000287,PRD-00205,ITM-000031942,2026-03-07,4,Good quality and exactly ,Good quality and exactly as expected.,True
REV-0002525,CUS-011549,PRD-00377,ITM-000010476,2024-02-14,5,Good quality and exactly ,Good quality and exactly as expected.,True
REV-0002526,CUS-008021,PRD-00347,ITM-000050767,2025-11-05,1,Product quality was disap,Product quality was disappointing.,True
REV-0002527,CUS-009492,PRD-00392,ITM-000020981,2022-09-28,5,Good quality and exactly ,Good quality and exactly as expected.,True
REV-0002528,CUS-006637,PRD-00306,ITM-000012790,2020-05-21,5,Good quality and exactly ,Good quality and exactly as expected.,True
REV-0002529,CUS-002794,PRD-00283,ITM-000038350,2020-02-18,5,Good quality and exactly ,Good quality and exactly as expected.,True
REV-0002530,CUS-006573,PRD-00325,ITM-000039846,2024-02-10,1,,,True
REV-0002531,CUS-000566,PRD-00608,ITM-000015198,2026-06-11,5,Good quality and exactly ,Good quality and exactly as expected.,True
REV-0002532,CUS-010982,PRD-00679,ITM-000008911,2020-11-27,5,Good quality and exactly ,Good quality and exactly as expected.,True
REV-0002533,CUS-009438,PRD-00272,ITM-000030473,2023-07-05,4,Good quality and exactly ,Good quality and exactly as expected.,True
REV-0002534,CUS-010293,PRD-00048,ITM-000009847,2025-05-12,3,Good quality and exactly ,Good quality and exactly as expected.,True
REV-0002535,CUS-011788,PRD-00145,ITM-000064200,2022-09-13,4,Good quality and exactly ,Good quality and exactly as expected.,True
REV-0002536,CUS-010743,PRD-00571,ITM-000031225,2026-04-20,4,Good quality and exactly ,Good quality and exactly as expected.,True
REV-0002537,CUS-010517,PRD-00348,ITM-000025846,2022-05-02,5,Good quality and exactly ,Good quality and exactly as expected.,True
REV-0002538,CUS-011716,PRD-00659,ITM-000007647,2025-05-07,2,Product quality was disap,Product quality was disappointing.,True
REV-0002539,CUS-011297,PRD-00840,ITM-000029358,2024-07-12,3,Good quality and exactly ,Good quality and exactly as expected.,True
REV-0002540,CUS-004705,PRD-00213,ITM-000027441,2024-12-26,3,Good quality and exactly ,Good quality and exactly as expected.,True
REV-0002541,CUS-010815,PRD-00436,ITM-000065414,2023-10-11,5,Good quality and exactly ,Good quality and exactly as expected.,True
REV-0002542,,PRD-00198,ITM-000064115,2023-06-12,5,Good quality and exactly ,Good quality and exactly as expected.,True
REV-0002543,CUS-005601,PRD-00712,ITM-000004058,2026-08-16,4,Good quality and exactly ,Good quality and exactly as expected.,True
REV-0002544,CUS-000721,PRD-00201,ITM-000024256,2020-12-29,5,Good quality and exactly ,Good quality and exactly as expected.,True
REV-0002545,CUS-009321,PRD-00541,ITM-000026698,2025-02-08,3,Good quality and exactly ,Good quality and exactly as expected.,True
REV-0002546,CUS-000165,PRD-00501,ITM-000038132,2020-01-21,1,Product quality was disap,Product quality was disappointing.,True
REV-0002547,CUS-008608,PRD-00111,ITM-000030507,2025-05-12,4,Good quality and exactly ,Good quality and exactly as expected.,True
REV-0002548,CUS-004840,PRD-00732,ITM-000050210,2024-10-03,5,Good quality and exactly ,Good quality and exactly as expected.,True
REV-0002549,CUS-005584,PRD-00293,ITM-000036191,2020-10-28,4,Good quality and exactly ,Good quality and exactly as expected.,True
REV-0002550,CUS-006045,PRD-00449,ITM-000037642,2023-02-22,4,Good quality and exactly ,Good quality and exactly as expected.,True
REV-0002551,CUS-004818,PRD-00075,ITM-000024784,2026-05-28,3,Good quality and exactly ,Good quality and exactly as expected.,True
REV-0002552,CUS-001746,PRD-00848,ITM-000022048,2021-11-15,5,Good quality and exactly ,Good quality and exactly as expected.,True
REV-0002553,CUS-004715,PRD-00552,ITM-000040259,2024-09-05,2,Product quality was disap,Product quality was disappointing.,True
REV-0002554,CUS-005287,PRD-00436,ITM-000066575,2026-08-11,3,Good quality and exactly ,Good quality and exactly as expected.,True
REV-0002555,CUS-010926,PRD-00108,ITM-000054103,2020-05-01,5,Good quality and exactly ,Good quality and exactly as expected.,True
REV-0002556,CUS-000267,PRD-00463,ITM-000075409,2025-09-21,1,Product quality was disap,Product quality was disappointing.,True
REV-0002557,CUS-001221,PRD-00012,ITM-000000722,2022-05-27,3,,,True
REV-0002558,CUS-000835,PRD-00731,ITM-000018488,2025-05-11,5,Good quality and exactly ,Good quality and exactly as expected.,True
REV-0002559,CUS-007417,PRD-00027,ITM-000057171,2024-10-25,5,,,True
REV-0002560,CUS-002640,PRD-00219,ITM-000045964,2025-02-19,5,Good quality and exactly ,Good quality and exactly as expected.,True
REV-0002561,,PRD-00480,ITM-000064019,2022-07-18,5,Good quality and exactly ,Good quality and exactly as expected.,True
REV-0002562,CUS-009400,PRD-00633,ITM-000044030,2026-05-27,5,Good quality and exactly ,Good quality and exactly as expected.,True
REV-0002563,CUS-011738,PRD-00098,ITM-000005500,2021-12-03,5,,,True
REV-0002564,CUS-003311,PRD-00183,ITM-000031699,2020-06-24,1,,,True
REV-0002565,CUS-004695,PRD-00398,ITM-000077613,2022-09-05,4,Good quality and exactly ,Good quality and exactly as expected.,True
REV-0002566,CUS-003001,PRD-00517,ITM-000050126,2020-05-29,5,Good quality and exactly ,Good quality and exactly as expected.,True
REV-0002567,CUS-011985,PRD-00779,ITM-000045001,2023-11-06,3,,,True
REV-0002568,CUS-008966,PRD-00369,ITM-000042117,2020-05-04,4,Good quality and exactly ,Good quality and exactly as expected.,True
REV-0002569,CUS-006680,PRD-00067,ITM-000077765,2026-07-26,3,Good quality and exactly ,Good quality and exactly as expected.,True
REV-0002570,CUS-005107,PRD-00026,ITM-000067052,2024-12-23,3,,,True
REV-0002571,CUS-010648,PRD-00499,ITM-000018960,2025-07-16,4,Good quality and exactly ,Good quality and exactly as expected.,True
REV-0002572,CUS-002098,PRD-00266,ITM-000021118,2023-07-27,4,Good quality and exactly ,Good quality and exactly as expected.,True
REV-0002573,CUS-007583,PRD-00677,ITM-000045939,2021-07-04,5,Good quality and exactly ,Good quality and exactly as expected.,True
REV-0002574,CUS-004594,PRD-00760,ITM-000012272,2025-09-10,5,Good quality and exactly ,Good quality and exactly as expected.,True
REV-0002575,,PRD-00248,ITM-000055714,2024-01-21,5,Good quality and exactly ,Good quality and exactly as expected.,True
REV-0002576,CUS-000598,PRD-00317,ITM-000035101,2026-03-05,4,Good quality and exactly ,Good quality and exactly as expected.,True
REV-0002577,CUS-008848,PRD-00426,ITM-000041336,2023-06-28,3,,,True
REV-0002578,CUS-000842,PRD-00338,ITM-000067216,2026-02-18,5,Good quality and exactly ,Good quality and exactly as expected.,True
REV-0002579,CUS-001290,PRD-00645,ITM-000046938,2023-11-30,5,,,True
REV-0002580,CUS-007671,PRD-00456,ITM-000017418,2024-02-28,3,Good quality and exactly ,Good quality and exactly as expected.,True
REV-0002581,CUS-000396,PRD-00877,ITM-000016183,2023-05-17,5,Good quality and exactly ,Good quality and exactly as expected.,True
REV-0002582,CUS-001288,PRD-00606,ITM-000014998,2022-06-16,4,,,True
REV-0002583,,PRD-00345,ITM-000008435,2022-10-28,5,,,True
REV-0002584,CUS-002509,PRD-00115,ITM-000015523,2023-02-18,2,Product quality was disap,Product quality was disappointing.,True
REV-0002585,CUS-011525,PRD-00373,ITM-000001927,2025-08-18,4,Good quality and exactly ,Good quality and exactly as expected.,True
REV-0002586,CUS-003397,PRD-00322,ITM-000012299,2021-07-10,5,Good quality and exactly ,Good quality and exactly as expected.,True
REV-0002587,CUS-006673,PRD-00302,ITM-000034489,2026-05-05,4,Good quality and exactly ,Good quality and exactly as expected.,True
REV-0002588,CUS-002673,PRD-00500,ITM-000002153,2025-01-30,4,Good quality and exactly ,Good quality and exactly as expected.,True
REV-0002589,CUS-003166,PRD-00533,ITM-000058353,2022-10-08,4,Good quality and exactly ,Good quality and exactly as expected.,True
REV-0002590,CUS-006630,PRD-00119,ITM-000037775,2026-02-20,4,Good quality and exactly ,Good quality and exactly as expected.,True
REV-0002591,CUS-003311,PRD-00675,ITM-000034143,2021-09-15,4,Good quality and exactly ,Good quality and exactly as expected.,True
REV-0002592,CUS-000664,PRD-00154,ITM-000025418,2024-09-14,3,Good quality and exactly ,Good quality and exactly as expected.,True
REV-0002593,CUS-008350,PRD-00550,ITM-000036737,2020-12-27,4,Good quality and exactly ,Good quality and exactly as expected.,True
REV-0002594,CUS-009516,PRD-00128,ITM-000010857,2022-05-20,4,Good quality and exactly ,Good quality and exactly as expected.,True
REV-0002595,CUS-005039,PRD-00769,ITM-000009236,2022-09-21,1,Product quality was disap,Product quality was disappointing.,True
REV-0002596,CUS-008214,PRD-00035,ITM-000078939,2024-02-05,2,Product quality was disap,Product quality was disappointing.,True
REV-0002597,CUS-011159,PRD-00460,ITM-000009366,2026-06-14,2,Product quality was disap,Product quality was disappointing.,True
REV-0002598,,PRD-00699,ITM-000016201,2026-01-15,1,Product quality was disap,Product quality was disappointing.,True
REV-0002599,CUS-004686,PRD-00241,ITM-000062289,2025-11-18,5,Good quality and exactly ,Good quality and exactly as expected.,True
REV-0002600,CUS-010424,PRD-00496,ITM-000022430,2023-11-27,5,Good quality and exactly ,Good quality and exactly as expected.,True
REV-0002601,CUS-001571,PRD-00203,ITM-000036649,2021-09-11,2,Product quality was disap,Product quality was disappointing.,True
REV-0002602,,PRD-00090,ITM-000039969,2022-06-27,3,Good quality and exactly ,Good quality and exactly as expected.,True
REV-0002603,CUS-003854,PRD-00331,ITM-000055951,2024-09-04,5,,,True
REV-0002604,CUS-006313,PRD-00394,ITM-000023270,2020-04-16,5,Good quality and exactly ,Good quality and exactly as expected.,True
REV-0002605,CUS-001921,PRD-00415,ITM-000057222,2023-12-04,5,Good quality and exactly ,Good quality and exactly as expected.,True
REV-0002606,CUS-009937,PRD-00282,ITM-000039413,2021-01-23,4,Good quality and exactly ,Good quality and exactly as expected.,True
REV-0002607,CUS-001716,PRD-00755,ITM-000010314,2021-10-22,3,,,True
REV-0002608,CUS-006308,PRD-00060,ITM-000012261,2024-05-15,5,Good quality and exactly ,Good quality and exactly as expected.,True
REV-0002609,CUS-007769,PRD-00352,ITM-000069373,2022-12-02,5,Good quality and exactly ,Good quality and exactly as expected.,True
REV-0002610,CUS-001198,PRD-00429,ITM-000044730,2020-11-05,4,,,True
REV-0002611,CUS-009256,PRD-00645,ITM-000078542,2023-03-31,5,Good quality and exactly ,Good quality and exactly as expected.,True
REV-0002612,CUS-002082,PRD-00234,ITM-000004105,2026-06-30,2,Product quality was disap,Product quality was disappointing.,True
REV-0002613,CUS-005226,PRD-00409,ITM-000001653,2022-05-25,4,Good quality and exactly ,Good quality and exactly as expected.,True
REV-0002614,CUS-002934,PRD-00657,ITM-000054897,2026-04-19,4,Good quality and exactly ,Good quality and exactly as expected.,True
REV-0002615,CUS-005250,PRD-00301,ITM-000064635,2022-12-14,5,,,True
REV-0002616,CUS-010160,PRD-00346,ITM-000008894,2020-04-07,5,Good quality and exactly ,Good quality and exactly as expected.,True
REV-0002617,CUS-010928,PRD-00284,ITM-000044816,2020-09-20,4,Good quality and exactly ,Good quality and exactly as expected.,True
REV-0002618,CUS-011518,PRD-00867,ITM-000074506,2022-11-03,4,,,True
REV-0002619,CUS-005750,PRD-00590,ITM-000076900,2021-11-12,5,,,True
REV-0002620,CUS-000650,PRD-00458,ITM-000062513,2026-04-03,5,Good quality and exactly ,Good quality and exactly as expected.,True
REV-0002621,CUS-003682,PRD-00326,ITM-000001547,2026-05-21,5,,,True
REV-0002622,CUS-003142,PRD-00713,ITM-000059673,2025-07-08,5,Good quality and exactly ,Good quality and exactly as expected.,True
REV-0002623,CUS-002739,PRD-00799,ITM-000062892,2021-05-19,4,Good quality and exactly ,Good quality and exactly as expected.,True
REV-0002624,CUS-001821,PRD-00720,ITM-000005619,2024-05-29,5,,,True
REV-0002625,CUS-011569,PRD-00043,ITM-000027183,2022-06-23,4,,,True
REV-0002626,CUS-006150,PRD-00253,ITM-000038725,2020-06-11,1,Product quality was disap,Product quality was disappointing.,True
REV-0002627,CUS-006620,PRD-00612,ITM-000043852,2023-10-28,5,Good quality and exactly ,Good quality and exactly as expected.,True
REV-0002628,CUS-008507,PRD-00345,ITM-000007120,2026-01-07,3,,,True
REV-0002629,CUS-006294,PRD-00535,ITM-000009345,2023-10-13,2,,,True
REV-0002630,CUS-005022,PRD-00730,ITM-000056919,2020-11-26,4,Good quality and exactly ,Good quality and exactly as expected.,True
REV-0002631,CUS-004843,PRD-00190,ITM-000012589,2026-05-08,4,Good quality and exactly ,Good quality and exactly as expected.,True
REV-0002632,CUS-007241,PRD-00580,ITM-000012315,2026-09-13,5,Good quality and exactly ,Good quality and exactly as expected.,True
REV-0002633,CUS-002158,PRD-00235,ITM-000011340,2020-11-23,5,Good quality and exactly ,Good quality and exactly as expected.,True
REV-0002634,CUS-009009,PRD-00822,ITM-000015317,2022-08-07,4,Good quality and exactly ,Good quality and exactly as expected.,True
REV-0002635,CUS-005471,PRD-00011,ITM-000070789,2021-01-06,4,Good quality and exactly ,Good quality and exactly as expected.,True
REV-0002636,CUS-008645,PRD-00427,ITM-000019450,2021-10-06,5,Good quality and exactly ,Good quality and exactly as expected.,True
REV-0002637,CUS-002392,PRD-00654,ITM-000060057,2023-09-27,3,Good quality and exactly ,Good quality and exactly as expected.,True
REV-0002638,CUS-002271,PRD-00293,ITM-000021495,2023-11-07,1,Product quality was disap,Product quality was disappointing.,True
REV-0002639,CUS-008566,PRD-00308,ITM-000066943,2022-02-22,5,Good quality and exactly ,Good quality and exactly as expected.,True
REV-0002640,CUS-011950,PRD-00499,ITM-000047748,2023-01-06,4,Good quality and exactly ,Good quality and exactly as expected.,True
REV-0002641,CUS-007426,PRD-00136,ITM-000037853,2026-02-21,4,Good quality and exactly ,Good quality and exactly as expected.,True
REV-0002642,CUS-010364,PRD-00525,ITM-000018367,2020-08-05,5,,,True
REV-0002643,CUS-005384,PRD-00442,ITM-000077820,2022-05-12,2,Product quality was disap,Product quality was disappointing.,True
REV-0002644,CUS-011562,PRD-00377,ITM-000060687,2021-05-26,5,Good quality and exactly ,Good quality and exactly as expected.,True
REV-0002645,CUS-005544,PRD-00685,ITM-000006597,2025-03-31,5,Good quality and exactly ,Good quality and exactly as expected.,True
REV-0002646,CUS-007328,PRD-00653,ITM-000046502,2025-04-22,2,Product quality was disap,Product quality was disappointing.,True
REV-0002647,CUS-002112,PRD-00461,ITM-000028608,2025-01-01,4,Good quality and exactly ,Good quality and exactly as expected.,True
REV-0002648,CUS-000889,PRD-00805,ITM-000043811,2023-12-01,4,Good quality and exactly ,Good quality and exactly as expected.,True
REV-0002649,CUS-006133,PRD-00037,ITM-000014584,2024-10-23,3,,,True
REV-0002650,CUS-011339,PRD-00713,ITM-000007187,2021-05-29,5,Good quality and exactly ,Good quality and exactly as expected.,True
REV-0002651,CUS-009177,PRD-00250,ITM-000025270,2025-01-15,4,Good quality and exactly ,Good quality and exactly as expected.,True
REV-0002652,CUS-009981,PRD-00521,ITM-000061616,2025-08-14,4,Good quality and exactly ,Good quality and exactly as expected.,True
REV-0002653,CUS-009038,PRD-00737,ITM-000050148,2026-07-19,5,Good quality and exactly ,Good quality and exactly as expected.,True
REV-0002654,CUS-001313,PRD-00237,ITM-000073642,2026-03-02,4,Good quality and exactly ,Good quality and exactly as expected.,True
REV-0002655,CUS-010623,PRD-00208,ITM-000049676,2022-05-19,2,Product quality was disap,Product quality was disappointing.,True
REV-0002656,CUS-001300,PRD-00020,ITM-000069846,2026-03-19,5,Good quality and exactly ,Good quality and exactly as expected.,True
REV-0002657,CUS-007505,PRD-00417,ITM-000021166,2023-05-29,4,Good quality and exactly ,Good quality and exactly as expected.,True
REV-0002658,CUS-005627,PRD-00154,ITM-000009225,2021-05-11,5,Good quality and exactly ,Good quality and exactly as expected.,True
REV-0002659,CUS-002748,PRD-00164,ITM-000076812,2024-06-03,1,Product quality was disap,Product quality was disappointing.,True
REV-0002660,CUS-009473,PRD-00642,ITM-000010024,2021-07-17,5,Good quality and exactly ,Good quality and exactly as expected.,True
REV-0002661,,PRD-00612,ITM-000075319,2023-02-07,5,,,True
REV-0002662,CUS-006984,PRD-00610,ITM-000002961,2021-05-03,3,Good quality and exactly ,Good quality and exactly as expected.,True
REV-0002663,CUS-000572,PRD-00470,ITM-000005111,2025-08-24,3,,,True
REV-0002664,CUS-000624,PRD-00841,ITM-000009406,2026-03-04,5,Good quality and exactly ,Good quality and exactly as expected.,True
REV-0002665,CUS-002563,PRD-00681,ITM-000025838,2020-09-30,5,,,True
REV-0002666,CUS-004769,PRD-00240,ITM-000034838,2020-03-09,4,Good quality and exactly ,Good quality and exactly as expected.,True
REV-0002667,CUS-005142,PRD-00169,ITM-000060472,2021-03-02,4,Good quality and exactly ,Good quality and exactly as expected.,True
REV-0002668,CUS-003264,PRD-00294,ITM-000044297,2022-02-09,4,Good quality and exactly ,Good quality and exactly as expected.,True
REV-0002669,CUS-005959,PRD-00039,ITM-000029869,2023-06-30,1,Product quality was disap,Product quality was disappointing.,True
REV-0002670,CUS-005238,PRD-00213,ITM-000071845,2020-08-28,5,Good quality and exactly ,Good quality and exactly as expected.,True
REV-0002671,CUS-000872,PRD-00430,ITM-000052881,2021-06-26,5,Good quality and exactly ,Good quality and exactly as expected.,True
REV-0002672,CUS-004880,PRD-00678,ITM-000073669,2026-04-03,5,Good quality and exactly ,Good quality and exactly as expected.,True
REV-0002673,CUS-001919,PRD-00640,ITM-000052804,2020-10-22,5,Good quality and exactly ,Good quality and exactly as expected.,True
REV-0002674,CUS-003423,PRD-00092,ITM-000010738,2025-11-17,4,Good quality and exactly ,Good quality and exactly as expected.,True
REV-0002675,CUS-005732,PRD-00384,ITM-000044028,2024-01-03,3,,,True
REV-0002676,CUS-002739,PRD-00166,ITM-000023367,2023-05-13,3,Good quality and exactly ,Good quality and exactly as expected.,True
REV-0002677,CUS-010260,PRD-00613,ITM-000037938,2023-11-01,5,,,True
REV-0002678,CUS-004504,PRD-00203,ITM-000077821,2022-11-17,3,,,True
REV-0002679,CUS-011638,PRD-00567,ITM-000054027,2024-11-02,4,Good quality and exactly ,Good quality and exactly as expected.,True
REV-0002680,CUS-001211,PRD-00800,ITM-000030374,2022-12-08,5,Good quality and exactly ,Good quality and exactly as expected.,True
REV-0002681,CUS-004657,PRD-00900,ITM-000065887,2022-05-12,5,Good quality and exactly ,Good quality and exactly as expected.,True
REV-0002682,CUS-011291,PRD-00302,ITM-000028736,2024-09-01,5,Good quality and exactly ,Good quality and exactly as expected.,True
REV-0002683,CUS-002681,PRD-00900,ITM-000055131,2022-09-24,3,Good quality and exactly ,Good quality and exactly as expected.,True
REV-0002684,CUS-004996,PRD-00840,ITM-000014570,2021-01-08,4,,,True
REV-0002685,CUS-011247,PRD-00620,ITM-000066092,2023-09-29,4,,,True
REV-0002686,CUS-010339,PRD-00629,ITM-000071430,2021-07-17,4,Good quality and exactly ,Good quality and exactly as expected.,True
REV-0002687,CUS-010132,PRD-00193,ITM-000003077,2024-12-08,5,Good quality and exactly ,Good quality and exactly as expected.,True
REV-0002688,CUS-004935,PRD-00823,ITM-000029093,2024-07-17,4,Good quality and exactly ,Good quality and exactly as expected.,True
REV-0002689,CUS-006564,PRD-00321,ITM-000000005,2024-05-18,3,Good quality and exactly ,Good quality and exactly as expected.,True
REV-0002690,CUS-008479,PRD-00462,ITM-000020789,2023-01-17,4,,,True
REV-0002691,CUS-000643,PRD-00594,ITM-000056471,2025-11-18,1,Product quality was disap,Product quality was disappointing.,True
REV-0002692,CUS-001814,PRD-00557,ITM-000004437,2023-07-16,4,Good quality and exactly ,Good quality and exactly as expected.,True
REV-0002693,CUS-004513,PRD-00114,ITM-000075297,2025-06-23,1,,,True
REV-0002694,CUS-004781,PRD-00312,ITM-000031574,2024-10-19,4,Good quality and exactly ,Good quality and exactly as expected.,True
REV-0002695,CUS-002261,PRD-00879,ITM-000073509,2024-08-20,4,Good quality and exactly ,Good quality and exactly as expected.,True
REV-0002696,CUS-002359,PRD-00845,ITM-000073361,2021-05-26,2,Product quality was disap,Product quality was disappointing.,True
REV-0002697,CUS-010661,PRD-00155,ITM-000023550,2022-05-13,4,Good quality and exactly ,Good quality and exactly as expected.,True
REV-0002698,CUS-007438,PRD-00182,ITM-000021488,2022-10-06,5,Good quality and exactly ,Good quality and exactly as expected.,True
REV-0002699,CUS-001557,PRD-00303,ITM-000037253,2023-02-28,5,Good quality and exactly ,Good quality and exactly as expected.,True
REV-0002700,CUS-006384,PRD-00565,ITM-000031455,2021-04-20,5,Good quality and exactly ,Good quality and exactly as expected.,True
REV-0002701,CUS-008834,PRD-00154,ITM-000019373,2021-03-16,5,Good quality and exactly ,Good quality and exactly as expected.,True
REV-0002702,CUS-007617,PRD-00059,ITM-000029702,2025-07-15,3,Good quality and exactly ,Good quality and exactly as expected.,True
REV-0002703,CUS-002006,PRD-00186,ITM-000054454,2021-02-28,4,Good quality and exactly ,Good quality and exactly as expected.,True
REV-0002704,CUS-011051,PRD-00162,ITM-000077916,2025-04-24,5,Good quality and exactly ,Good quality and exactly as expected.,True
REV-0002705,,PRD-00469,ITM-000019753,2023-08-29,5,Good quality and exactly ,Good quality and exactly as expected.,True
REV-0002706,CUS-008510,PRD-00883,ITM-000074103,2023-07-01,4,Good quality and exactly ,Good quality and exactly as expected.,True
REV-0002707,CUS-003182,PRD-00898,ITM-000051740,2024-04-30,5,Good quality and exactly ,Good quality and exactly as expected.,True
REV-0002708,CUS-000257,PRD-00035,ITM-000075390,2025-10-18,5,,,True
REV-0002709,CUS-000784,PRD-00475,ITM-000058185,2021-03-13,3,Good quality and exactly ,Good quality and exactly as expected.,True
REV-0002710,CUS-007874,PRD-00484,ITM-000029492,2020-07-06,4,Good quality and exactly ,Good quality and exactly as expected.,True
REV-0002711,CUS-001577,PRD-00082,ITM-000017957,2022-09-24,3,Good quality and exactly ,Good quality and exactly as expected.,True
REV-0002712,CUS-000367,PRD-00263,ITM-000048824,2022-05-08,4,Good quality and exactly ,Good quality and exactly as expected.,True
REV-0002713,CUS-002013,PRD-00160,ITM-000069856,2023-03-13,2,Product quality was disap,Product quality was disappointing.,True
REV-0002714,CUS-002701,PRD-00645,ITM-000058337,2023-09-06,2,Product quality was disap,Product quality was disappointing.,True
REV-0002715,CUS-007518,PRD-00558,ITM-000063071,2024-10-18,5,Good quality and exactly ,Good quality and exactly as expected.,True
REV-0002716,,PRD-00033,ITM-000021511,2023-09-23,5,Good quality and exactly ,Good quality and exactly as expected.,True
REV-0002717,CUS-000131,PRD-00149,ITM-000068056,2025-04-21,5,Good quality and exactly ,Good quality and exactly as expected.,True
REV-0002718,CUS-002816,PRD-00438,ITM-000007776,2020-10-04,5,Good quality and exactly ,Good quality and exactly as expected.,True
REV-0002719,CUS-001807,PRD-00084,ITM-000036917,2025-11-26,2,Product quality was disap,Product quality was disappointing.,True
REV-0002720,CUS-007953,PRD-00579,ITM-000011993,2022-08-29,3,,,True
REV-0002721,CUS-008274,PRD-00320,ITM-000047594,2020-09-03,4,Good quality and exactly ,Good quality and exactly as expected.,True
REV-0002722,CUS-001041,PRD-00264,ITM-000070243,2021-08-23,4,Good quality and exactly ,Good quality and exactly as expected.,True
REV-0002723,CUS-000444,PRD-00211,ITM-000068115,2020-02-24,5,,,True
REV-0002724,CUS-001131,PRD-00521,ITM-000020187,2021-10-20,4,Good quality and exactly ,Good quality and exactly as expected.,True
REV-0002725,CUS-011571,PRD-00783,ITM-000068339,2023-12-19,3,Good quality and exactly ,Good quality and exactly as expected.,True
REV-0002726,CUS-000766,PRD-00803,ITM-000001767,2025-09-27,3,Good quality and exactly ,Good quality and exactly as expected.,True
REV-0002727,CUS-005160,PRD-00671,ITM-000065989,2023-09-04,5,Good quality and exactly ,Good quality and exactly as expected.,True
REV-0002728,CUS-002495,PRD-00400,ITM-000026371,2024-02-20,3,Good quality and exactly ,Good quality and exactly as expected.,True
REV-0002729,CUS-011562,PRD-00411,ITM-000076159,2025-08-12,2,Product quality was disap,Product quality was disappointing.,True
REV-0002730,CUS-007549,PRD-00156,ITM-000023477,2021-03-01,3,Good quality and exactly ,Good quality and exactly as expected.,True
REV-0002731,CUS-006275,PRD-00114,ITM-000061859,2025-01-12,3,Good quality and exactly ,Good quality and exactly as expected.,True
REV-0002732,CUS-011862,PRD-00285,ITM-000067507,2026-07-23,4,Good quality and exactly ,Good quality and exactly as expected.,True
REV-0002733,CUS-001862,PRD-00144,ITM-000035969,2026-07-27,3,Good quality and exactly ,Good quality and exactly as expected.,True
REV-0002734,CUS-004804,PRD-00738,ITM-000029257,2023-05-12,5,Good quality and exactly ,Good quality and exactly as expected.,True
REV-0002735,CUS-008301,PRD-00629,ITM-000067897,2023-08-24,4,Good quality and exactly ,Good quality and exactly as expected.,True
REV-0002736,CUS-004009,PRD-00161,ITM-000037998,2023-11-01,5,Good quality and exactly ,Good quality and exactly as expected.,True
REV-0002737,CUS-008226,PRD-00695,ITM-000032435,2022-11-22,5,Good quality and exactly ,Good quality and exactly as expected.,True
REV-0002738,,PRD-00385,ITM-000030283,2023-05-23,4,Good quality and exactly ,Good quality and exactly as expected.,True
REV-0002739,CUS-003121,PRD-00697,ITM-000027759,2021-08-04,3,Good quality and exactly ,Good quality and exactly as expected.,True
REV-0002740,CUS-007618,PRD-00277,ITM-000003677,2024-01-09,3,,,True
REV-0002741,CUS-002264,PRD-00536,ITM-000010984,2020-05-29,1,,,True
REV-0002742,,PRD-00108,ITM-000006935,2024-10-04,5,Good quality and exactly ,Good quality and exactly as expected.,True
REV-0002743,CUS-006694,PRD-00854,ITM-000061652,2022-09-01,3,Good quality and exactly ,Good quality and exactly as expected.,True
REV-0002744,CUS-003230,PRD-00564,ITM-000054724,2026-01-01,5,Good quality and exactly ,Good quality and exactly as expected.,True
REV-0002745,CUS-007969,PRD-00044,ITM-000029689,2026-06-13,2,Product quality was disap,Product quality was disappointing.,True
REV-0002746,CUS-007490,PRD-00615,ITM-000063009,2025-06-20,2,Product quality was disap,Product quality was disappointing.,True
REV-0002747,CUS-011946,PRD-00550,ITM-000051445,2023-04-11,4,Good quality and exactly ,Good quality and exactly as expected.,True
REV-0002748,CUS-000597,PRD-00459,ITM-000001296,2020-07-21,5,Good quality and exactly ,Good quality and exactly as expected.,True
REV-0002749,CUS-010662,PRD-00142,ITM-000009258,2023-09-18,3,Good quality and exactly ,Good quality and exactly as expected.,True
REV-0002750,CUS-009593,PRD-00487,ITM-000038925,2021-10-21,4,,,True
REV-0002751,CUS-000140,PRD-00187,ITM-000076973,2020-08-04,4,Good quality and exactly ,Good quality and exactly as expected.,True
REV-0002752,CUS-010265,PRD-00803,ITM-000031285,2020-03-03,5,Good quality and exactly ,Good quality and exactly as expected.,True
REV-0002753,CUS-011308,PRD-00133,ITM-000022106,2026-07-21,4,,,True
REV-0002754,CUS-000691,PRD-00440,ITM-000009903,2025-06-05,5,Good quality and exactly ,Good quality and exactly as expected.,True
REV-0002755,CUS-011458,PRD-00610,ITM-000019645,2025-02-02,2,Product quality was disap,Product quality was disappointing.,True
REV-0002756,CUS-000247,PRD-00068,ITM-000047295,2024-05-07,5,Good quality and exactly ,Good quality and exactly as expected.,True
REV-0002757,CUS-001587,PRD-00550,ITM-000070153,2024-01-15,5,,,True
REV-0002758,CUS-005624,PRD-00077,ITM-000011840,2023-11-07,3,Good quality and exactly ,Good quality and exactly as expected.,True
REV-0002759,CUS-009350,PRD-00523,ITM-000045211,2023-10-16,5,Good quality and exactly ,Good quality and exactly as expected.,True
REV-0002760,CUS-004504,PRD-00104,ITM-000008525,2025-04-14,3,Good quality and exactly ,Good quality and exactly as expected.,True
REV-0002761,CUS-001646,PRD-00695,ITM-000073947,2022-04-26,3,Good quality and exactly ,Good quality and exactly as expected.,True
REV-0002762,CUS-001885,PRD-00701,ITM-000021863,2024-06-20,1,Product quality was disap,Product quality was disappointing.,True
REV-0002763,CUS-004477,PRD-00282,ITM-000007630,2026-03-23,4,Good quality and exactly ,Good quality and exactly as expected.,True
REV-0002764,CUS-001523,PRD-00042,ITM-000038135,2021-02-11,5,Good quality and exactly ,Good quality and exactly as expected.,True
REV-0002765,CUS-003735,PRD-00749,ITM-000032033,2023-10-27,5,Good quality and exactly ,Good quality and exactly as expected.,True
REV-0002766,CUS-004905,PRD-00199,ITM-000048479,2025-04-24,4,Good quality and exactly ,Good quality and exactly as expected.,True
REV-0002767,CUS-006571,PRD-00597,ITM-000034827,2022-07-18,4,Good quality and exactly ,Good quality and exactly as expected.,True
REV-0002768,CUS-002163,PRD-00435,ITM-000066686,2023-02-21,1,Product quality was disap,Product quality was disappointing.,True
REV-0002769,CUS-008444,PRD-00219,ITM-000036914,2020-07-03,4,,,True
REV-0002770,,PRD-00562,ITM-000057661,2026-09-13,5,Good quality and exactly ,Good quality and exactly as expected.,True
REV-0002771,CUS-010417,PRD-00082,ITM-000038288,2020-10-21,5,,,True
REV-0002772,CUS-001252,PRD-00090,ITM-000070174,2026-05-27,4,Good quality and exactly ,Good quality and exactly as expected.,True
REV-0002773,CUS-002568,PRD-00533,ITM-000002565,2023-05-04,3,Good quality and exactly ,Good quality and exactly as expected.,True
REV-0002774,CUS-007241,PRD-00442,ITM-000012313,2026-09-25,3,Good quality and exactly ,Good quality and exactly as expected.,True
REV-0002775,CUS-001844,PRD-00147,ITM-000020295,2021-03-12,2,Product quality was disap,Product quality was disappointing.,True
REV-0002776,CUS-006037,PRD-00307,ITM-000041469,2024-03-16,5,Good quality and exactly ,Good quality and exactly as expected.,True
REV-0002777,CUS-008986,PRD-00674,ITM-000074844,2026-09-25,4,Good quality and exactly ,Good quality and exactly as expected.,True
REV-0002778,CUS-003009,PRD-00533,ITM-000060205,2020-10-31,1,,,True
REV-0002779,CUS-000802,PRD-00494,ITM-000075210,2026-05-15,2,Product quality was disap,Product quality was disappointing.,True
REV-0002780,CUS-001021,PRD-00463,ITM-000015445,2020-11-07,4,Good quality and exactly ,Good quality and exactly as expected.,True
REV-0002781,CUS-004985,PRD-00237,ITM-000033921,2023-03-18,4,Good quality and exactly ,Good quality and exactly as expected.,True
REV-0002782,,PRD-00273,ITM-000050705,2025-03-17,2,Product quality was disap,Product quality was disappointing.,True
REV-0002783,CUS-007478,PRD-00107,ITM-000036878,2025-10-13,5,Good quality and exactly ,Good quality and exactly as expected.,True
REV-0002784,CUS-009729,PRD-00319,ITM-000030589,2022-01-19,5,Good quality and exactly ,Good quality and exactly as expected.,True
REV-0002785,CUS-003325,PRD-00179,ITM-000024463,2020-02-06,5,Good quality and exactly ,Good quality and exactly as expected.,True
REV-0002786,CUS-008951,PRD-00694,ITM-000016143,2024-03-22,5,Good quality and exactly ,Good quality and exactly as expected.,True
REV-0002787,CUS-006904,PRD-00708,ITM-000000091,2022-02-23,4,,,True
REV-0002788,CUS-002805,PRD-00334,ITM-000025289,2025-06-11,2,,,True
REV-0002789,CUS-001970,PRD-00503,ITM-000000697,2024-10-27,5,Good quality and exactly ,Good quality and exactly as expected.,True
REV-0002790,CUS-005081,PRD-00260,ITM-000012851,2024-04-07,4,Good quality and exactly ,Good quality and exactly as expected.,True
REV-0002791,CUS-000132,PRD-00747,ITM-000007871,2022-03-18,4,Good quality and exactly ,Good quality and exactly as expected.,True
REV-0002792,CUS-005235,PRD-00374,ITM-000012966,2025-01-30,4,Good quality and exactly ,Good quality and exactly as expected.,True
REV-0002793,CUS-007159,PRD-00207,ITM-000070754,2025-03-02,4,Good quality and exactly ,Good quality and exactly as expected.,True
REV-0002794,CUS-004896,PRD-00629,ITM-000067883,2024-01-25,4,Good quality and exactly ,Good quality and exactly as expected.,True
REV-0002795,CUS-011837,PRD-00103,ITM-000068601,2022-04-24,5,Good quality and exactly ,Good quality and exactly as expected.,True
REV-0002796,CUS-005896,PRD-00460,ITM-000033489,2025-08-12,5,,,True
REV-0002797,CUS-007420,PRD-00038,ITM-000069704,2020-04-12,4,Good quality and exactly ,Good quality and exactly as expected.,True
REV-0002798,CUS-011033,PRD-00483,ITM-000032486,2020-01-12,5,Good quality and exactly ,Good quality and exactly as expected.,True
REV-0002799,CUS-008604,PRD-00034,ITM-000030903,2023-05-02,4,Good quality and exactly ,Good quality and exactly as expected.,True
REV-0002800,CUS-003822,PRD-00485,ITM-000043387,2023-03-27,2,Product quality was disap,Product quality was disappointing.,True
REV-0002801,CUS-001674,PRD-00476,ITM-000022042,2023-02-05,4,Good quality and exactly ,Good quality and exactly as expected.,True
REV-0002802,CUS-007239,PRD-00152,ITM-000018225,2024-01-03,2,Product quality was disap,Product quality was disappointing.,True
REV-0002803,CUS-009497,PRD-00664,ITM-000048694,2026-05-22,3,Good quality and exactly ,Good quality and exactly as expected.,True
REV-0002804,CUS-011161,PRD-00572,ITM-000072347,2021-10-15,3,Good quality and exactly ,Good quality and exactly as expected.,True
REV-0002805,CUS-005367,PRD-00153,ITM-000001682,2024-04-10,4,Good quality and exactly ,Good quality and exactly as expected.,True
REV-0002806,CUS-007638,PRD-00821,ITM-000033963,2023-07-12,1,Product quality was disap,Product quality was disappointing.,True
REV-0002807,CUS-008926,PRD-00038,ITM-000000050,2023-09-13,2,,,True
REV-0002808,CUS-000618,PRD-00152,ITM-000060685,2025-12-22,3,Good quality and exactly ,Good quality and exactly as expected.,True
REV-0002809,CUS-009795,PRD-00870,ITM-000034032,2025-11-17,2,Product quality was disap,Product quality was disappointing.,True
REV-0002810,CUS-009858,PRD-00062,ITM-000056353,2021-04-06,5,Good quality and exactly ,Good quality and exactly as expected.,True
REV-0002811,CUS-011295,PRD-00453,ITM-000001427,2024-10-15,4,,,True
REV-0002812,CUS-000014,PRD-00190,ITM-000028164,2023-01-03,5,Good quality and exactly ,Good quality and exactly as expected.,True
REV-0002813,CUS-006232,PRD-00840,ITM-000022393,2022-01-14,3,Good quality and exactly ,Good quality and exactly as expected.,True
REV-0002814,CUS-000828,PRD-00046,ITM-000062675,2022-02-01,3,Good quality and exactly ,Good quality and exactly as expected.,True
REV-0002815,CUS-008904,PRD-00151,ITM-000045034,2021-10-29,5,Good quality and exactly ,Good quality and exactly as expected.,True
REV-0002816,CUS-010431,PRD-00049,ITM-000036559,2023-04-29,5,Good quality and exactly ,Good quality and exactly as expected.,True
REV-0002817,CUS-001045,PRD-00040,ITM-000039786,2025-05-10,5,Good quality and exactly ,Good quality and exactly as expected.,True
REV-0002818,CUS-000458,PRD-00497,ITM-000018248,2021-03-03,1,Product quality was disap,Product quality was disappointing.,True
REV-0002819,CUS-000491,PRD-00305,ITM-000001425,2025-06-03,2,Product quality was disap,Product quality was disappointing.,True
REV-0002820,CUS-008970,PRD-00232,ITM-000034080,2023-07-06,3,Good quality and exactly ,Good quality and exactly as expected.,True
REV-0002821,CUS-007357,PRD-00177,ITM-000076299,2022-09-28,5,,,True
REV-0002822,CUS-009504,PRD-00208,ITM-000052095,2024-06-21,3,Good quality and exactly ,Good quality and exactly as expected.,True
REV-0002823,CUS-007583,PRD-00266,ITM-000045940,2021-07-08,5,Good quality and exactly ,Good quality and exactly as expected.,True
REV-0002824,CUS-007102,PRD-00321,ITM-000034037,2022-07-09,4,Good quality and exactly ,Good quality and exactly as expected.,True
REV-0002825,CUS-006478,PRD-00036,ITM-000024490,2021-03-02,4,,,True
REV-0002826,CUS-000465,PRD-00840,ITM-000038309,2026-02-06,3,Good quality and exactly ,Good quality and exactly as expected.,True
REV-0002827,,PRD-00243,ITM-000057272,2023-04-15,4,Good quality and exactly ,Good quality and exactly as expected.,True
REV-0002828,CUS-000062,PRD-00613,ITM-000017040,2021-03-23,1,Product quality was disap,Product quality was disappointing.,True
REV-0002829,CUS-008441,PRD-00521,ITM-000022230,2023-09-06,1,,,True
REV-0002830,CUS-007743,PRD-00692,ITM-000076988,2020-12-20,5,Good quality and exactly ,Good quality and exactly as expected.,True
REV-0002831,CUS-008690,PRD-00428,ITM-000036351,2023-01-24,4,Good quality and exactly ,Good quality and exactly as expected.,True
REV-0002832,CUS-005217,PRD-00652,ITM-000022959,2024-03-05,3,,,True
REV-0002833,CUS-010218,PRD-00579,ITM-000047181,2021-11-14,4,Good quality and exactly ,Good quality and exactly as expected.,True
REV-0002834,CUS-006162,PRD-00013,ITM-000016647,2025-12-23,3,,,True
REV-0002835,CUS-009722,PRD-00120,ITM-000021453,2021-11-30,3,Good quality and exactly ,Good quality and exactly as expected.,True
REV-0002836,CUS-010746,PRD-00756,ITM-000035782,2023-12-03,2,Product quality was disap,Product quality was disappointing.,True
REV-0002837,CUS-003254,PRD-00445,ITM-000003426,2022-08-25,5,Good quality and exactly ,Good quality and exactly as expected.,True
REV-0002838,CUS-005192,PRD-00805,ITM-000065819,2023-09-24,3,,,True
REV-0002839,CUS-008009,PRD-00395,ITM-000052828,2024-09-20,2,Product quality was disap,Product quality was disappointing.,True
REV-0002840,CUS-005378,PRD-00624,ITM-000016770,2023-08-01,5,Good quality and exactly ,Good quality and exactly as expected.,True
REV-0002841,CUS-004562,PRD-00060,ITM-000078884,2022-03-16,4,Good quality and exactly ,Good quality and exactly as expected.,True
REV-0002842,CUS-006824,PRD-00005,ITM-000057541,2023-01-10,4,,,True
REV-0002843,CUS-005491,PRD-00453,ITM-000053034,2024-08-18,2,Product quality was disap,Product quality was disappointing.,True
REV-0002844,CUS-004023,PRD-00385,ITM-000013800,2022-05-07,5,Good quality and exactly ,Good quality and exactly as expected.,True
REV-0002845,CUS-000713,PRD-00552,ITM-000050048,2026-09-23,3,Good quality and exactly ,Good quality and exactly as expected.,True
REV-0002846,CUS-007301,PRD-00435,ITM-000078572,2023-01-15,4,,,True
REV-0002847,CUS-004476,PRD-00460,ITM-000041587,2020-05-02,3,Good quality and exactly ,Good quality and exactly as expected.,True
REV-0002848,CUS-008776,PRD-00609,ITM-000075469,2022-09-06,5,Good quality and exactly ,Good quality and exactly as expected.,True
REV-0002849,CUS-004017,PRD-00080,ITM-000059189,2026-06-05,4,Good quality and exactly ,Good quality and exactly as expected.,True
REV-0002850,CUS-009078,PRD-00573,ITM-000023675,2020-08-09,4,Good quality and exactly ,Good quality and exactly as expected.,True
REV-0002851,CUS-005921,PRD-00218,ITM-000018145,2025-02-01,4,Good quality and exactly ,Good quality and exactly as expected.,True
REV-0002852,CUS-011357,PRD-00900,ITM-000015138,2020-06-22,5,Good quality and exactly ,Good quality and exactly as expected.,True
REV-0002853,CUS-002316,PRD-00612,ITM-000016789,2021-01-24,4,Good quality and exactly ,Good quality and exactly as expected.,True
REV-0002854,CUS-006550,PRD-00628,ITM-000044938,2022-09-05,4,Good quality and exactly ,Good quality and exactly as expected.,True
REV-0002855,CUS-003588,PRD-00234,ITM-000047506,2026-08-12,5,Good quality and exactly ,Good quality and exactly as expected.,True
REV-0002856,CUS-000443,PRD-00681,ITM-000033747,2022-08-06,4,Good quality and exactly ,Good quality and exactly as expected.,True
REV-0002857,CUS-006456,PRD-00166,ITM-000019505,2026-03-18,5,Good quality and exactly ,Good quality and exactly as expected.,True
REV-0002858,CUS-009541,PRD-00597,ITM-000072618,2025-04-24,4,Good quality and exactly ,Good quality and exactly as expected.,True
REV-0002859,CUS-008556,PRD-00596,ITM-000008019,2026-04-10,3,,,True
REV-0002860,CUS-002281,PRD-00038,ITM-000068061,2020-04-05,5,,,True
REV-0002861,CUS-010442,PRD-00385,ITM-000028020,2023-10-02,4,Good quality and exactly ,Good quality and exactly as expected.,True
REV-0002862,,PRD-00178,ITM-000011093,2023-03-04,5,Good quality and exactly ,Good quality and exactly as expected.,True
REV-0002863,CUS-000537,PRD-00436,ITM-000006852,2021-04-18,5,Good quality and exactly ,Good quality and exactly as expected.,True
REV-0002864,CUS-005251,PRD-00564,ITM-000029462,2020-09-09,2,,,True
REV-0002865,CUS-003389,PRD-00686,ITM-000051366,2024-01-01,1,Product quality was disap,Product quality was disappointing.,True
REV-0002866,CUS-002507,PRD-00569,ITM-000011224,2021-12-31,5,Good quality and exactly ,Good quality and exactly as expected.,True
REV-0002867,CUS-010783,PRD-00459,ITM-000069921,2024-05-17,3,Good quality and exactly ,Good quality and exactly as expected.,True
REV-0002868,CUS-001168,PRD-00529,ITM-000064143,2023-03-26,5,,,True
REV-0002869,CUS-002046,PRD-00313,ITM-000077354,2020-05-29,5,Good quality and exactly ,Good quality and exactly as expected.,True
REV-0002870,CUS-003320,PRD-00368,ITM-000042766,2021-09-11,5,Good quality and exactly ,Good quality and exactly as expected.,True
REV-0002871,CUS-007024,PRD-00127,ITM-000008517,2022-07-25,3,Good quality and exactly ,Good quality and exactly as expected.,True
REV-0002872,CUS-006830,PRD-00380,ITM-000071729,2021-11-08,3,,,True
REV-0002873,CUS-000754,PRD-00368,ITM-000059792,2024-02-17,5,,,True
REV-0002874,CUS-001638,PRD-00192,ITM-000061838,2021-07-19,5,,,True
REV-0002875,CUS-001582,PRD-00404,ITM-000069064,2023-03-15,4,Good quality and exactly ,Good quality and exactly as expected.,True
REV-0002876,CUS-007564,PRD-00243,ITM-000045573,2021-06-06,5,Good quality and exactly ,Good quality and exactly as expected.,True
REV-0002877,CUS-010497,PRD-00039,ITM-000015895,2024-04-07,4,,,True
REV-0002878,CUS-000809,PRD-00762,ITM-000058960,2025-02-14,4,Good quality and exactly ,Good quality and exactly as expected.,True
REV-0002879,CUS-005721,PRD-00674,ITM-000069582,2022-10-21,4,Good quality and exactly ,Good quality and exactly as expected.,True
REV-0002880,CUS-008292,PRD-00698,ITM-000035058,2023-08-06,5,Good quality and exactly ,Good quality and exactly as expected.,True
REV-0002881,CUS-007619,PRD-00133,ITM-000043483,2024-07-19,5,Good quality and exactly ,Good quality and exactly as expected.,True
REV-0002882,CUS-009254,PRD-00208,ITM-000013452,2024-08-05,4,Good quality and exactly ,Good quality and exactly as expected.,True
REV-0002883,CUS-003884,PRD-00335,ITM-000060542,2023-05-10,4,Good quality and exactly ,Good quality and exactly as expected.,True
REV-0002884,CUS-010656,PRD-00159,ITM-000060900,2022-04-09,1,Product quality was disap,Product quality was disappointing.,True
REV-0002885,CUS-008108,PRD-00653,ITM-000013905,2025-10-02,3,Good quality and exactly ,Good quality and exactly as expected.,True
REV-0002886,CUS-001461,PRD-00068,ITM-000028306,2020-05-22,4,Good quality and exactly ,Good quality and exactly as expected.,True
REV-0002887,CUS-002264,PRD-00719,ITM-000069959,2026-04-28,4,Good quality and exactly ,Good quality and exactly as expected.,True
REV-0002888,CUS-006524,PRD-00354,ITM-000016305,2020-05-04,3,Good quality and exactly ,Good quality and exactly as expected.,True
REV-0002889,CUS-010228,PRD-00283,ITM-000053374,2023-04-17,4,Good quality and exactly ,Good quality and exactly as expected.,True
REV-0002890,CUS-006193,PRD-00345,ITM-000058560,2021-02-27,3,Good quality and exactly ,Good quality and exactly as expected.,True
REV-0002891,CUS-004248,PRD-00579,ITM-000056144,2026-03-22,5,,,True
REV-0002892,CUS-004167,PRD-00726,ITM-000035764,2025-02-08,5,Good quality and exactly ,Good quality and exactly as expected.,True
REV-0002893,CUS-009367,PRD-00083,ITM-000027830,2021-04-10,5,Good quality and exactly ,Good quality and exactly as expected.,True
REV-0002894,CUS-001614,PRD-00342,ITM-000044686,2026-01-24,4,Good quality and exactly ,Good quality and exactly as expected.,True
REV-0002895,CUS-008896,PRD-00215,ITM-000028606,2026-07-17,5,Good quality and exactly ,Good quality and exactly as expected.,True
REV-0002896,CUS-002834,PRD-00516,ITM-000027098,2023-10-25,5,Good quality and exactly ,Good quality and exactly as expected.,True
REV-0002897,CUS-004681,PRD-00569,ITM-000026630,2025-05-02,4,Good quality and exactly ,Good quality and exactly as expected.,True
REV-0002898,CUS-005132,PRD-00067,ITM-000071422,2020-06-10,5,,,True
REV-0002899,CUS-004986,PRD-00554,ITM-000015595,2025-05-27,3,,,True
REV-0002900,CUS-006566,PRD-00510,ITM-000055907,2023-05-21,4,Good quality and exactly ,Good quality and exactly as expected.,True
REV-0002901,CUS-007064,PRD-00585,ITM-000051140,2023-08-15,3,Good quality and exactly ,Good quality and exactly as expected.,True
REV-0002902,CUS-007050,PRD-00608,ITM-000008210,2024-11-18,4,Good quality and exactly ,Good quality and exactly as expected.,True
REV-0002903,CUS-007386,PRD-00786,ITM-000047384,2024-07-03,5,Good quality and exactly ,Good quality and exactly as expected.,True
REV-0002904,CUS-006336,PRD-00754,ITM-000038565,2021-07-22,5,Good quality and exactly ,Good quality and exactly as expected.,True
REV-0002905,CUS-005152,PRD-00063,ITM-000044020,2024-02-01,3,Good quality and exactly ,Good quality and exactly as expected.,True
REV-0002906,CUS-010210,PRD-00258,ITM-000055100,2023-05-12,3,Good quality and exactly ,Good quality and exactly as expected.,True
REV-0002907,CUS-011964,PRD-00395,ITM-000072257,2021-04-23,5,Good quality and exactly ,Good quality and exactly as expected.,True
REV-0002908,,PRD-00149,ITM-000035197,2025-07-14,3,Good quality and exactly ,Good quality and exactly as expected.,True
REV-0002909,CUS-009550,PRD-00231,ITM-000035486,2022-02-28,5,Good quality and exactly ,Good quality and exactly as expected.,True
REV-0002910,CUS-005530,PRD-00027,ITM-000027054,2022-01-28,4,,,True
REV-0002911,CUS-004366,PRD-00721,ITM-000069234,2021-12-20,4,Good quality and exactly ,Good quality and exactly as expected.,True
REV-0002912,CUS-009079,PRD-00211,ITM-000013114,2026-02-18,3,Good quality and exactly ,Good quality and exactly as expected.,True
REV-0002913,CUS-006324,PRD-00283,ITM-000037553,2023-03-06,4,,,True
REV-0002914,CUS-006183,PRD-00229,ITM-000063176,2022-05-03,5,Good quality and exactly ,Good quality and exactly as expected.,True
REV-0002915,CUS-004546,PRD-00614,ITM-000033606,2026-05-12,4,Good quality and exactly ,Good quality and exactly as expected.,True
REV-0002916,CUS-003794,PRD-00181,ITM-000027846,2026-06-07,4,Good quality and exactly ,Good quality and exactly as expected.,True
REV-0002917,CUS-003128,PRD-00745,ITM-000026207,2024-05-06,3,Good quality and exactly ,Good quality and exactly as expected.,True
REV-0002918,CUS-011685,PRD-00470,ITM-000070433,2021-05-06,3,Good quality and exactly ,Good quality and exactly as expected.,True
REV-0002919,CUS-005507,PRD-00127,ITM-000025020,2021-02-26,4,,,True
REV-0002920,CUS-011915,PRD-00854,ITM-000042352,2020-04-12,5,Good quality and exactly ,Good quality and exactly as expected.,True
REV-0002921,CUS-000170,PRD-00160,ITM-000035252,2024-03-19,4,Good quality and exactly ,Good quality and exactly as expected.,True
REV-0002922,CUS-010005,PRD-00454,ITM-000004372,2020-05-02,5,,,True
REV-0002923,CUS-001461,PRD-00060,ITM-000027804,2023-12-08,5,Good quality and exactly ,Good quality and exactly as expected.,True
REV-0002924,CUS-002252,PRD-00182,ITM-000017573,2022-07-30,5,Good quality and exactly ,Good quality and exactly as expected.,True
REV-0002925,CUS-000114,PRD-00134,ITM-000018217,2025-01-21,5,Good quality and exactly ,Good quality and exactly as expected.,True
REV-0002926,CUS-001324,PRD-00197,ITM-000005319,2023-09-18,5,Good quality and exactly ,Good quality and exactly as expected.,True
REV-0002927,CUS-002990,PRD-00102,ITM-000049267,2021-04-05,3,,,True
REV-0002928,CUS-010342,PRD-00657,ITM-000034702,2023-06-02,5,Good quality and exactly ,Good quality and exactly as expected.,True
REV-0002929,CUS-007006,PRD-00123,ITM-000010727,2024-12-04,4,Good quality and exactly ,Good quality and exactly as expected.,True
REV-0002930,CUS-009064,PRD-00258,ITM-000012132,2021-06-17,3,Good quality and exactly ,Good quality and exactly as expected.,True
REV-0002931,CUS-005970,PRD-00336,ITM-000070137,2023-04-19,3,Good quality and exactly ,Good quality and exactly as expected.,True
REV-0002932,CUS-000613,PRD-00495,ITM-000062714,2022-03-28,3,,,True
REV-0002933,CUS-000671,PRD-00374,ITM-000003156,2022-05-28,3,Good quality and exactly ,Good quality and exactly as expected.,True
REV-0002934,CUS-001901,PRD-00206,ITM-000006969,2021-07-01,5,Good quality and exactly ,Good quality and exactly as expected.,True
REV-0002935,CUS-011585,PRD-00825,ITM-000026242,2021-06-30,5,Good quality and exactly ,Good quality and exactly as expected.,True
REV-0002936,CUS-008102,PRD-00044,ITM-000043958,2021-06-16,5,Good quality and exactly ,Good quality and exactly as expected.,True
REV-0002937,CUS-008765,PRD-00824,ITM-000037031,2023-08-18,4,Good quality and exactly ,Good quality and exactly as expected.,True
REV-0002938,CUS-005225,PRD-00376,ITM-000017385,2024-10-16,5,,,True
REV-0002939,CUS-007923,PRD-00269,ITM-000028411,2026-06-15,4,Good quality and exactly ,Good quality and exactly as expected.,True
REV-0002940,CUS-006640,PRD-00292,ITM-000040630,2020-04-06,4,Good quality and exactly ,Good quality and exactly as expected.,True
REV-0002941,CUS-005665,PRD-00875,ITM-000062810,2025-11-03,5,Good quality and exactly ,Good quality and exactly as expected.,True
REV-0002942,CUS-000740,PRD-00107,ITM-000075747,2025-04-11,4,Good quality and exactly ,Good quality and exactly as expected.,True
REV-0002943,CUS-000502,PRD-00764,ITM-000033497,2024-01-16,4,Good quality and exactly ,Good quality and exactly as expected.,True
REV-0002944,CUS-008216,PRD-00027,ITM-000067542,2021-01-28,3,Good quality and exactly ,Good quality and exactly as expected.,True
REV-0002945,CUS-006511,PRD-00463,ITM-000055061,2021-01-29,4,Good quality and exactly ,Good quality and exactly as expected.,True
REV-0002946,CUS-004457,PRD-00346,ITM-000026509,2022-06-06,3,Good quality and exactly ,Good quality and exactly as expected.,True
REV-0002947,CUS-010785,PRD-00257,ITM-000047072,2024-12-25,5,Good quality and exactly ,Good quality and exactly as expected.,True
REV-0002948,CUS-003418,PRD-00166,ITM-000056423,2021-09-09,4,Good quality and exactly ,Good quality and exactly as expected.,True
REV-0002949,CUS-004099,PRD-00187,ITM-000074001,2021-02-23,5,Good quality and exactly ,Good quality and exactly as expected.,True
REV-0002950,CUS-003062,PRD-00626,ITM-000072789,2023-05-14,5,Good quality and exactly ,Good quality and exactly as expected.,True
REV-0002951,CUS-010964,PRD-00188,ITM-000027849,2022-01-04,4,Good quality and exactly ,Good quality and exactly as expected.,True
REV-0002952,CUS-005912,PRD-00892,ITM-000017847,2020-09-19,4,Good quality and exactly ,Good quality and exactly as expected.,True
REV-0002953,CUS-004624,PRD-00592,ITM-000077318,2024-08-23,5,Good quality and exactly ,Good quality and exactly as expected.,True
REV-0002954,CUS-006023,PRD-00100,ITM-000036197,2024-10-19,5,Good quality and exactly ,Good quality and exactly as expected.,True
REV-0002955,CUS-006028,PRD-00602,ITM-000075269,2020-10-14,3,Good quality and exactly ,Good quality and exactly as expected.,True
REV-0002956,CUS-008581,PRD-00286,ITM-000026298,2024-05-02,5,Good quality and exactly ,Good quality and exactly as expected.,True
REV-0002957,CUS-006623,PRD-00793,ITM-000065763,2021-01-27,5,,,True
REV-0002958,CUS-007688,PRD-00271,ITM-000067251,2026-02-19,5,Good quality and exactly ,Good quality and exactly as expected.,True
REV-0002959,CUS-011613,PRD-00077,ITM-000025452,2026-03-31,2,Product quality was disap,Product quality was disappointing.,True
REV-0002960,CUS-010465,PRD-00385,ITM-000065745,2020-11-29,5,Good quality and exactly ,Good quality and exactly as expected.,True
REV-0002961,CUS-003925,PRD-00620,ITM-000021031,2026-04-07,4,,,True
REV-0002962,CUS-010239,PRD-00525,ITM-000032612,2023-12-02,5,Good quality and exactly ,Good quality and exactly as expected.,True
REV-0002963,,PRD-00425,ITM-000030066,2022-01-19,5,,,True
REV-0002964,CUS-009004,PRD-00217,ITM-000046497,2023-02-06,5,Good quality and exactly ,Good quality and exactly as expected.,True
REV-0002965,CUS-009420,PRD-00079,ITM-000030123,2021-04-29,1,Product quality was disap,Product quality was disappointing.,True
REV-0002966,CUS-002518,PRD-00346,ITM-000024076,2021-09-18,5,Good quality and exactly ,Good quality and exactly as expected.,True
REV-0002967,CUS-000884,PRD-00320,ITM-000005267,2026-10-01,4,Good quality and exactly ,Good quality and exactly as expected.,True
REV-0002968,CUS-009887,PRD-00670,ITM-000066682,2021-11-22,3,Good quality and exactly ,Good quality and exactly as expected.,True
REV-0002969,CUS-002947,PRD-00696,ITM-000004612,2020-11-24,2,Product quality was disap,Product quality was disappointing.,True
REV-0002970,CUS-001852,PRD-00138,ITM-000053389,2024-06-29,5,Good quality and exactly ,Good quality and exactly as expected.,True
REV-0002971,CUS-005393,PRD-00270,ITM-000016830,2022-06-17,5,,,True
REV-0002972,CUS-004596,PRD-00588,ITM-000061913,2020-04-11,5,Good quality and exactly ,Good quality and exactly as expected.,True
REV-0002973,CUS-000161,PRD-00055,ITM-000004451,2026-07-18,4,Good quality and exactly ,Good quality and exactly as expected.,True
REV-0002974,CUS-009656,PRD-00502,ITM-000079355,2024-11-20,5,Good quality and exactly ,Good quality and exactly as expected.,True
REV-0002975,CUS-005454,PRD-00200,ITM-000054529,2023-06-18,5,Good quality and exactly ,Good quality and exactly as expected.,True
REV-0002976,CUS-008635,PRD-00882,ITM-000033377,2022-11-25,4,,,True
REV-0002977,CUS-008410,PRD-00269,ITM-000020238,2025-10-30,2,,,True
REV-0002978,CUS-011414,PRD-00103,ITM-000050551,2022-12-18,3,Good quality and exactly ,Good quality and exactly as expected.,True
REV-0002979,CUS-000461,PRD-00219,ITM-000044748,2025-01-02,3,Good quality and exactly ,Good quality and exactly as expected.,True
REV-0002980,CUS-006368,PRD-00379,ITM-000059875,2022-08-21,5,Good quality and exactly ,Good quality and exactly as expected.,True
REV-0002981,CUS-011094,PRD-00344,ITM-000002880,2023-12-26,5,,,True
REV-0002982,CUS-011250,PRD-00366,ITM-000040861,2022-02-04,4,Good quality and exactly ,Good quality and exactly as expected.,True
REV-0002983,CUS-000027,PRD-00676,ITM-000034870,2021-02-19,4,Good quality and exactly ,Good quality and exactly as expected.,True
REV-0002984,CUS-008940,PRD-00054,ITM-000052319,2025-09-22,4,Good quality and exactly ,Good quality and exactly as expected.,True
REV-0002985,CUS-011628,PRD-00158,ITM-000061547,2023-04-09,5,Good quality and exactly ,Good quality and exactly as expected.,True
REV-0002986,CUS-011234,PRD-00244,ITM-000020601,2026-05-04,3,Good quality and exactly ,Good quality and exactly as expected.,True
REV-0002987,CUS-008479,PRD-00167,ITM-000058585,2023-07-14,5,Good quality and exactly ,Good quality and exactly as expected.,True
REV-0002988,CUS-009270,PRD-00735,ITM-000023751,2020-12-27,4,Good quality and exactly ,Good quality and exactly as expected.,True
REV-0002989,CUS-008373,PRD-00869,ITM-000030755,2025-10-12,4,Good quality and exactly ,Good quality and exactly as expected.,True
REV-0002990,CUS-008420,PRD-00372,ITM-000070722,2023-09-28,5,,,True
REV-0002991,CUS-002201,PRD-00717,ITM-000012794,2021-02-08,5,Good quality and exactly ,Good quality and exactly as expected.,True
REV-0002992,CUS-003593,PRD-00694,ITM-000053497,2026-07-05,3,Good quality and exactly ,Good quality and exactly as expected.,True
REV-0002993,CUS-004357,PRD-00375,ITM-000039288,2023-09-26,5,Good quality and exactly ,Good quality and exactly as expected.,True
REV-0002994,CUS-003789,PRD-00577,ITM-000004586,2025-07-20,5,Good quality and exactly ,Good quality and exactly as expected.,True
REV-0002995,CUS-001620,PRD-00371,ITM-000075168,2023-04-11,4,,,True
REV-0002996,CUS-005858,PRD-00237,ITM-000059470,2026-03-23,3,Good quality and exactly ,Good quality and exactly as expected.,True
REV-0002997,CUS-003363,PRD-00205,ITM-000021137,2025-05-01,5,Good quality and exactly ,Good quality and exactly as expected.,True
REV-0002998,CUS-000638,PRD-00236,ITM-000051788,2023-03-19,4,Good quality and exactly ,Good quality and exactly as expected.,True
REV-0002999,CUS-000305,PRD-00239,ITM-000072599,2023-02-19,1,Product quality was disap,Product quality was disappointing.,True
REV-0003000,CUS-011963,PRD-00594,ITM-000042444,2020-07-26,4,Good quality and exactly ,Good quality and exactly as expected.,True
REV-0003001,CUS-010258,PRD-00486,ITM-000013761,2023-08-09,4,Good quality and exactly ,Good quality and exactly as expected.,True
REV-0003002,CUS-008294,PRD-00587,ITM-000055095,2026-01-12,3,Good quality and exactly ,Good quality and exactly as expected.,True
REV-0003003,CUS-003279,PRD-00085,ITM-000074026,2026-07-19,1,,,True
REV-0003004,CUS-008023,PRD-00767,ITM-000052817,2025-08-11,4,Good quality and exactly ,Good quality and exactly as expected.,True
REV-0003005,CUS-009275,PRD-00660,ITM-000007742,2021-04-06,1,Product quality was disap,Product quality was disappointing.,True
REV-0003006,CUS-003107,PRD-00689,ITM-000028858,2023-03-12,1,Product quality was disap,Product quality was disappointing.,True
REV-0003007,CUS-003245,PRD-00867,ITM-000075213,2023-12-21,5,Good quality and exactly ,Good quality and exactly as expected.,True
REV-0003008,CUS-011343,PRD-00881,ITM-000056179,2022-04-09,4,Good quality and exactly ,Good quality and exactly as expected.,True
REV-0003009,CUS-009728,PRD-00752,ITM-000013903,2025-09-07,3,Good quality and exactly ,Good quality and exactly as expected.,True
REV-0003010,CUS-003451,PRD-00830,ITM-000045031,2020-03-11,5,Good quality and exactly ,Good quality and exactly as expected.,True
REV-0003011,CUS-008268,PRD-00105,ITM-000013888,2023-04-28,5,Good quality and exactly ,Good quality and exactly as expected.,True
REV-0003012,CUS-008493,PRD-00692,ITM-000060334,2023-08-22,5,,,True
REV-0003013,CUS-005180,PRD-00555,ITM-000020923,2026-02-10,4,Good quality and exactly ,Good quality and exactly as expected.,True
REV-0003014,CUS-001230,PRD-00362,ITM-000015898,2024-10-01,1,,,True
REV-0003015,CUS-008914,PRD-00265,ITM-000043704,2021-04-04,5,Good quality and exactly ,Good quality and exactly as expected.,True
REV-0003016,CUS-011809,PRD-00087,ITM-000029425,2023-04-25,5,Good quality and exactly ,Good quality and exactly as expected.,True
REV-0003017,CUS-010279,PRD-00722,ITM-000019762,2022-06-27,4,,,True
REV-0003018,CUS-006696,PRD-00652,ITM-000007974,2025-05-14,3,Good quality and exactly ,Good quality and exactly as expected.,True
REV-0003019,CUS-000575,PRD-00558,ITM-000046931,2020-12-24,4,Good quality and exactly ,Good quality and exactly as expected.,True
REV-0003020,CUS-003635,PRD-00255,ITM-000002290,2021-11-27,4,Good quality and exactly ,Good quality and exactly as expected.,True
REV-0003021,CUS-010492,PRD-00807,ITM-000066577,2023-09-22,5,Good quality and exactly ,Good quality and exactly as expected.,True
REV-0003022,CUS-004806,PRD-00026,ITM-000048601,2024-04-10,5,Good quality and exactly ,Good quality and exactly as expected.,True
REV-0003023,CUS-002593,PRD-00056,ITM-000030972,2021-10-07,3,,,True
REV-0003024,CUS-002983,PRD-00534,ITM-000065810,2023-03-27,3,Good quality and exactly ,Good quality and exactly as expected.,True
REV-0003025,CUS-007917,PRD-00103,ITM-000063181,2026-01-06,3,,,True
REV-0003026,CUS-009324,PRD-00642,ITM-000059686,2020-12-18,4,Good quality and exactly ,Good quality and exactly as expected.,True
REV-0003027,CUS-000340,PRD-00168,ITM-000075197,2026-01-05,5,,,True
REV-0003028,CUS-006294,PRD-00715,ITM-000061624,2021-10-19,5,,,True
REV-0003029,CUS-006614,PRD-00893,ITM-000071066,2026-05-23,3,,,True
REV-0003030,CUS-007086,PRD-00567,ITM-000070652,2021-10-07,2,Product quality was disap,Product quality was disappointing.,True
REV-0003031,CUS-010225,PRD-00195,ITM-000005486,2020-05-26,5,Good quality and exactly ,Good quality and exactly as expected.,True
REV-0003032,CUS-002750,PRD-00240,ITM-000004974,2022-06-24,5,Good quality and exactly ,Good quality and exactly as expected.,True
REV-0003033,CUS-003375,PRD-00231,ITM-000031258,2025-02-06,1,Product quality was disap,Product quality was disappointing.,True
REV-0003034,CUS-009613,PRD-00862,ITM-000051150,2020-03-06,5,Good quality and exactly ,Good quality and exactly as expected.,True
REV-0003035,CUS-006843,PRD-00374,ITM-000032425,2024-09-29,5,,,True
REV-0003036,CUS-008904,PRD-00421,ITM-000034358,2023-06-06,3,Good quality and exactly ,Good quality and exactly as expected.,True
REV-0003037,CUS-002681,PRD-00528,ITM-000055132,2022-10-29,5,Good quality and exactly ,Good quality and exactly as expected.,True
REV-0003038,CUS-001981,PRD-00467,ITM-000046456,2024-02-14,5,,,True
REV-0003039,CUS-011775,PRD-00071,ITM-000050864,2025-07-05,4,Good quality and exactly ,Good quality and exactly as expected.,True
REV-0003040,CUS-008542,PRD-00061,ITM-000028226,2022-08-02,4,,,True
REV-0003041,CUS-011638,PRD-00706,ITM-000071722,2025-12-26,1,Product quality was disap,Product quality was disappointing.,True
REV-0003042,CUS-009206,PRD-00347,ITM-000014194,2023-01-30,4,Good quality and exactly ,Good quality and exactly as expected.,True
REV-0003043,CUS-010617,PRD-00011,ITM-000042288,2022-12-04,5,Good quality and exactly ,Good quality and exactly as expected.,True
REV-0003044,CUS-011328,PRD-00845,ITM-000024614,2021-09-17,5,Good quality and exactly ,Good quality and exactly as expected.,True
REV-0003045,CUS-002332,PRD-00379,ITM-000028916,2025-02-20,3,Good quality and exactly ,Good quality and exactly as expected.,True
REV-0003046,CUS-010680,PRD-00497,ITM-000010630,2025-08-24,1,,,True
REV-0003047,CUS-011597,PRD-00655,ITM-000073607,2024-10-01,4,Good quality and exactly ,Good quality and exactly as expected.,True
REV-0003048,CUS-010456,PRD-00758,ITM-000072622,2025-02-26,1,Product quality was disap,Product quality was disappointing.,True
REV-0003049,CUS-005505,PRD-00153,ITM-000050143,2022-03-02,5,,,True
REV-0003050,CUS-010403,PRD-00143,ITM-000027311,2026-08-12,2,Product quality was disap,Product quality was disappointing.,True
REV-0003051,CUS-009622,PRD-00100,ITM-000053399,2021-06-10,1,Product quality was disap,Product quality was disappointing.,True
REV-0003052,CUS-006213,PRD-00031,ITM-000075126,2024-06-02,1,Product quality was disap,Product quality was disappointing.,True
REV-0003053,CUS-005062,PRD-00489,ITM-000009419,2026-04-20,5,,,True
REV-0003054,CUS-009597,PRD-00108,ITM-000059129,2020-12-23,4,Good quality and exactly ,Good quality and exactly as expected.,True
REV-0003055,CUS-000495,PRD-00835,ITM-000037627,2024-06-06,5,Good quality and exactly ,Good quality and exactly as expected.,True
REV-0003056,CUS-009446,PRD-00660,ITM-000034995,2020-06-25,3,Good quality and exactly ,Good quality and exactly as expected.,True
REV-0003057,CUS-004566,PRD-00500,ITM-000065230,2025-06-09,4,,,True
REV-0003058,CUS-001953,PRD-00589,ITM-000009070,2023-07-04,4,Good quality and exactly ,Good quality and exactly as expected.,True
REV-0003059,CUS-011838,PRD-00441,ITM-000049260,2023-11-13,4,,,True
REV-0003060,CUS-011661,PRD-00818,ITM-000041154,2025-02-07,1,,,True
REV-0003061,,PRD-00346,ITM-000005737,2023-05-11,5,,,True
REV-0003062,CUS-008298,PRD-00892,ITM-000010533,2026-02-01,5,Good quality and exactly ,Good quality and exactly as expected.,True
REV-0003063,CUS-003716,PRD-00726,ITM-000034046,2024-06-17,5,Good quality and exactly ,Good quality and exactly as expected.,True
REV-0003064,CUS-010494,PRD-00257,ITM-000055987,2020-10-04,5,Good quality and exactly ,Good quality and exactly as expected.,True
REV-0003065,CUS-001846,PRD-00564,ITM-000061635,2026-05-25,4,Good quality and exactly ,Good quality and exactly as expected.,True
REV-0003066,CUS-009422,PRD-00756,ITM-000074697,2022-07-15,5,Good quality and exactly ,Good quality and exactly as expected.,True
REV-0003067,CUS-007490,PRD-00627,ITM-000059447,2025-09-11,3,Good quality and exactly ,Good quality and exactly as expected.,True
REV-0003068,CUS-003287,PRD-00018,ITM-000023761,2020-03-03,5,Good quality and exactly ,Good quality and exactly as expected.,True
REV-0003069,CUS-003325,PRD-00242,ITM-000022184,2024-04-05,4,Good quality and exactly ,Good quality and exactly as expected.,True
REV-0003070,,PRD-00468,ITM-000057945,2022-04-26,4,Good quality and exactly ,Good quality and exactly as expected.,True
REV-0003071,CUS-005846,PRD-00814,ITM-000045615,2023-12-07,3,Good quality and exactly ,Good quality and exactly as expected.,True
REV-0003072,CUS-004120,PRD-00600,ITM-000046924,2024-03-28,5,,,True
REV-0003073,CUS-007113,PRD-00544,ITM-000016393,2024-10-28,4,,,True
REV-0003074,CUS-003306,PRD-00111,ITM-000076606,2023-03-17,5,Good quality and exactly ,Good quality and exactly as expected.,True
REV-0003075,CUS-001437,PRD-00773,ITM-000026472,2021-10-15,5,Good quality and exactly ,Good quality and exactly as expected.,True
REV-0003076,CUS-003039,PRD-00108,ITM-000001811,2023-06-09,4,Good quality and exactly ,Good quality and exactly as expected.,True
REV-0003077,CUS-004392,PRD-00466,ITM-000007225,2021-08-27,3,Good quality and exactly ,Good quality and exactly as expected.,True
REV-0003078,CUS-010341,PRD-00485,ITM-000066813,2026-03-12,4,Good quality and exactly ,Good quality and exactly as expected.,True
REV-0003079,CUS-000594,PRD-00657,ITM-000025143,2021-12-13,5,Good quality and exactly ,Good quality and exactly as expected.,True
REV-0003080,CUS-002718,PRD-00214,ITM-000072947,2023-02-22,5,Good quality and exactly ,Good quality and exactly as expected.,True
REV-0003081,CUS-008312,PRD-00410,ITM-000000392,2021-04-23,4,Good quality and exactly ,Good quality and exactly as expected.,True
REV-0003082,CUS-004695,PRD-00354,ITM-000005083,2025-08-26,1,Product quality was disap,Product quality was disappointing.,True
REV-0003083,CUS-002630,PRD-00139,ITM-000040596,2023-05-14,4,Good quality and exactly ,Good quality and exactly as expected.,True
REV-0003084,CUS-001576,PRD-00714,ITM-000075177,2022-06-11,4,Good quality and exactly ,Good quality and exactly as expected.,True
REV-0003085,CUS-001409,PRD-00845,ITM-000025858,2024-09-08,4,Good quality and exactly ,Good quality and exactly as expected.,True
REV-0003086,CUS-011304,PRD-00587,ITM-000044715,2024-05-22,2,Product quality was disap,Product quality was disappointing.,True
REV-0003087,CUS-008980,PRD-00799,ITM-000035923,2025-03-04,2,Product quality was disap,Product quality was disappointing.,True
REV-0003088,CUS-001245,PRD-00174,ITM-000069282,2022-01-19,3,Good quality and exactly ,Good quality and exactly as expected.,True
REV-0003089,CUS-000571,PRD-00626,ITM-000021967,2025-03-08,5,Good quality and exactly ,Good quality and exactly as expected.,True
REV-0003090,CUS-003095,PRD-00566,ITM-000067377,2022-12-06,5,Good quality and exactly ,Good quality and exactly as expected.,True
REV-0003091,CUS-011432,PRD-00215,ITM-000025809,2022-10-21,3,Good quality and exactly ,Good quality and exactly as expected.,True
REV-0003092,CUS-002147,PRD-00142,ITM-000073577,2021-01-09,4,Good quality and exactly ,Good quality and exactly as expected.,True
REV-0003093,CUS-005495,PRD-00054,ITM-000063303,2021-03-29,5,Good quality and exactly ,Good quality and exactly as expected.,True
REV-0003094,CUS-006772,PRD-00370,ITM-000053956,2023-06-26,5,Good quality and exactly ,Good quality and exactly as expected.,True
REV-0003095,CUS-000408,PRD-00498,ITM-000029851,2024-01-21,4,Good quality and exactly ,Good quality and exactly as expected.,True
REV-0003096,CUS-000361,PRD-00336,ITM-000051798,2020-09-10,4,Good quality and exactly ,Good quality and exactly as expected.,True
REV-0003097,CUS-009768,PRD-00180,ITM-000058608,2023-08-22,5,Good quality and exactly ,Good quality and exactly as expected.,True
REV-0003098,CUS-011396,PRD-00668,ITM-000075338,2022-07-07,5,Good quality and exactly ,Good quality and exactly as expected.,True
REV-0003099,CUS-009274,PRD-00319,ITM-000032503,2024-02-24,4,,,True
REV-0003100,CUS-003657,PRD-00426,ITM-000032609,2026-08-25,4,Good quality and exactly ,Good quality and exactly as expected.,True
REV-0003101,CUS-007163,PRD-00896,ITM-000027948,2024-08-17,5,Good quality and exactly ,Good quality and exactly as expected.,True
REV-0003102,CUS-006360,PRD-00637,ITM-000022196,2026-08-27,1,Product quality was disap,Product quality was disappointing.,True
REV-0003103,CUS-004346,PRD-00688,ITM-000042167,2024-01-12,5,Good quality and exactly ,Good quality and exactly as expected.,True
REV-0003104,CUS-008899,PRD-00301,ITM-000021468,2025-09-24,5,Good quality and exactly ,Good quality and exactly as expected.,True
REV-0003105,CUS-008761,PRD-00447,ITM-000032378,2022-05-15,3,Good quality and exactly ,Good quality and exactly as expected.,True
REV-0003106,CUS-005386,PRD-00297,ITM-000027039,2022-08-18,2,Product quality was disap,Product quality was disappointing.,True
REV-0003107,CUS-000993,PRD-00564,ITM-000073112,2020-10-13,1,Product quality was disap,Product quality was disappointing.,True
REV-0003108,CUS-010889,PRD-00569,ITM-000001293,2020-10-05,4,Good quality and exactly ,Good quality and exactly as expected.,True
REV-0003109,CUS-009823,PRD-00291,ITM-000019533,2026-07-04,5,Good quality and exactly ,Good quality and exactly as expected.,True
REV-0003110,CUS-009138,PRD-00730,ITM-000021013,2026-10-08,3,Good quality and exactly ,Good quality and exactly as expected.,True
REV-0003111,CUS-005599,PRD-00008,ITM-000026707,2024-04-24,4,,,True
REV-0003112,CUS-005654,PRD-00075,ITM-000066106,2024-09-19,2,,,True
REV-0003113,CUS-001781,PRD-00348,ITM-000076775,2023-05-13,5,Good quality and exactly ,Good quality and exactly as expected.,True
REV-0003114,CUS-002158,PRD-00257,ITM-000003437,2023-08-28,4,Good quality and exactly ,Good quality and exactly as expected.,True
REV-0003115,CUS-011476,PRD-00226,ITM-000043129,2023-09-10,5,Good quality and exactly ,Good quality and exactly as expected.,True
REV-0003116,CUS-007271,PRD-00685,ITM-000074113,2022-06-27,1,Product quality was disap,Product quality was disappointing.,True
REV-0003117,CUS-009040,PRD-00888,ITM-000018232,2020-06-30,4,,,True
REV-0003118,CUS-009480,PRD-00211,ITM-000016105,2022-02-14,5,Good quality and exactly ,Good quality and exactly as expected.,True
REV-0003119,CUS-002713,PRD-00178,ITM-000065197,2020-08-06,5,Good quality and exactly ,Good quality and exactly as expected.,True
REV-0003120,CUS-007369,PRD-00660,ITM-000012876,2025-09-11,5,Good quality and exactly ,Good quality and exactly as expected.,True
REV-0003121,CUS-007619,PRD-00628,ITM-000056036,2021-09-02,2,Product quality was disap,Product quality was disappointing.,True
REV-0003122,CUS-000638,PRD-00668,ITM-000029603,2023-07-29,5,Good quality and exactly ,Good quality and exactly as expected.,True
REV-0003123,CUS-009486,PRD-00281,ITM-000045529,2024-01-27,5,Good quality and exactly ,Good quality and exactly as expected.,True
REV-0003124,CUS-005947,PRD-00771,ITM-000019277,2023-06-08,4,Good quality and exactly ,Good quality and exactly as expected.,True
REV-0003125,CUS-004789,PRD-00568,ITM-000004843,2021-05-08,3,,,True
REV-0003126,CUS-001025,PRD-00430,ITM-000053986,2022-02-24,4,Good quality and exactly ,Good quality and exactly as expected.,True
REV-0003127,CUS-002968,PRD-00314,ITM-000049410,2024-05-02,5,Good quality and exactly ,Good quality and exactly as expected.,True
REV-0003128,CUS-009895,PRD-00243,ITM-000022447,2026-05-27,4,Good quality and exactly ,Good quality and exactly as expected.,True
REV-0003129,CUS-002176,PRD-00865,ITM-000001666,2023-07-21,5,Good quality and exactly ,Good quality and exactly as expected.,True
REV-0003130,CUS-006163,PRD-00395,ITM-000035585,2025-08-05,4,,,True
REV-0003131,CUS-007706,PRD-00200,ITM-000026532,2020-05-22,5,Good quality and exactly ,Good quality and exactly as expected.,True
REV-0003132,CUS-001807,PRD-00017,ITM-000056731,2020-06-02,5,Good quality and exactly ,Good quality and exactly as expected.,True
REV-0003133,CUS-010965,PRD-00030,ITM-000052721,2026-07-11,4,,,True
REV-0003134,CUS-010725,PRD-00451,ITM-000006417,2020-12-17,4,,,True
REV-0003135,CUS-003239,PRD-00333,ITM-000041832,2026-02-22,5,Good quality and exactly ,Good quality and exactly as expected.,True
REV-0003136,CUS-005872,PRD-00281,ITM-000010240,2024-11-20,3,,,True
REV-0003137,CUS-002191,PRD-00760,ITM-000022701,2020-01-07,3,,,True
REV-0003138,CUS-002855,PRD-00332,ITM-000053817,2025-05-03,1,,,True
REV-0003139,CUS-000125,PRD-00676,ITM-000059705,2020-04-07,4,,,True
REV-0003140,CUS-005441,PRD-00500,ITM-000077575,2024-11-09,4,Good quality and exactly ,Good quality and exactly as expected.,True
REV-0003141,CUS-010631,PRD-00191,ITM-000079247,2026-01-21,4,Good quality and exactly ,Good quality and exactly as expected.,True
REV-0003142,CUS-002649,PRD-00628,ITM-000022739,2020-10-15,2,Product quality was disap,Product quality was disappointing.,True
REV-0003143,CUS-000004,PRD-00151,ITM-000051619,2021-08-13,5,Good quality and exactly ,Good quality and exactly as expected.,True
REV-0003144,CUS-001845,PRD-00436,ITM-000068189,2026-05-08,4,,,True
REV-0003145,CUS-002119,PRD-00540,ITM-000026036,2021-12-26,4,Good quality and exactly ,Good quality and exactly as expected.,True
REV-0003146,CUS-004029,PRD-00478,ITM-000013386,2024-10-26,5,Good quality and exactly ,Good quality and exactly as expected.,True
REV-0003147,CUS-011899,PRD-00561,ITM-000066050,2026-05-01,4,Good quality and exactly ,Good quality and exactly as expected.,True
REV-0003148,CUS-009609,PRD-00805,ITM-000071328,2021-04-26,5,Good quality and exactly ,Good quality and exactly as expected.,True
REV-0003149,,PRD-00740,ITM-000063761,2023-08-05,4,Good quality and exactly ,Good quality and exactly as expected.,True
REV-0003150,CUS-005375,PRD-00437,ITM-000021843,2021-04-08,1,,,True
REV-0003151,CUS-011276,PRD-00367,ITM-000054496,2025-03-08,5,,,True
REV-0003152,CUS-010571,PRD-00257,ITM-000026340,2024-01-14,5,Good quality and exactly ,Good quality and exactly as expected.,True
REV-0003153,,PRD-00722,ITM-000062469,2024-10-30,5,Good quality and exactly ,Good quality and exactly as expected.,True
REV-0003154,CUS-004109,PRD-00514,ITM-000078733,2023-03-25,4,,,True
REV-0003155,CUS-001491,PRD-00873,ITM-000051499,2026-09-07,4,Good quality and exactly ,Good quality and exactly as expected.,True
REV-0003156,CUS-010176,PRD-00612,ITM-000001152,2022-02-17,4,Good quality and exactly ,Good quality and exactly as expected.,True
REV-0003157,CUS-001105,PRD-00705,ITM-000029442,2022-04-20,5,Good quality and exactly ,Good quality and exactly as expected.,True
REV-0003158,CUS-003428,PRD-00466,ITM-000003204,2026-01-18,2,Product quality was disap,Product quality was disappointing.,True
REV-0003159,CUS-008364,PRD-00373,ITM-000007396,2024-09-30,4,Good quality and exactly ,Good quality and exactly as expected.,True
REV-0003160,CUS-006285,PRD-00364,ITM-000050234,2021-07-25,1,Product quality was disap,Product quality was disappointing.,True
REV-0003161,CUS-002909,PRD-00661,ITM-000059414,2024-05-12,5,Good quality and exactly ,Good quality and exactly as expected.,True
REV-0003162,CUS-007875,PRD-00282,ITM-000001171,2024-09-29,5,Good quality and exactly ,Good quality and exactly as expected.,True
REV-0003163,CUS-006267,PRD-00659,ITM-000007663,2022-11-12,1,Product quality was disap,Product quality was disappointing.,True
REV-0003164,CUS-001748,PRD-00585,ITM-000000323,2020-02-05,3,Good quality and exactly ,Good quality and exactly as expected.,True
REV-0003165,CUS-008940,PRD-00588,ITM-000052321,2025-10-14,5,Good quality and exactly ,Good quality and exactly as expected.,True
REV-0003166,CUS-004638,PRD-00039,ITM-000043927,2022-08-09,4,Good quality and exactly ,Good quality and exactly as expected.,True
REV-0003167,CUS-011628,PRD-00286,ITM-000006791,2023-02-25,5,Good quality and exactly ,Good quality and exactly as expected.,True
REV-0003168,CUS-008557,PRD-00845,ITM-000051313,2023-05-12,3,Good quality and exactly ,Good quality and exactly as expected.,True
REV-0003169,CUS-005075,PRD-00383,ITM-000054711,2026-01-22,5,Good quality and exactly ,Good quality and exactly as expected.,True
REV-0003170,CUS-000577,PRD-00851,ITM-000076961,2020-10-29,4,Good quality and exactly ,Good quality and exactly as expected.,True
REV-0003171,CUS-010279,PRD-00694,ITM-000018113,2026-10-17,5,Good quality and exactly ,Good quality and exactly as expected.,True
REV-0003172,CUS-011509,PRD-00273,ITM-000024018,2021-09-15,4,Good quality and exactly ,Good quality and exactly as expected.,True
REV-0003173,CUS-007199,PRD-00794,ITM-000038485,2021-10-02,3,Good quality and exactly ,Good quality and exactly as expected.,True
REV-0003174,CUS-005396,PRD-00326,ITM-000072921,2020-11-19,5,Good quality and exactly ,Good quality and exactly as expected.,True
REV-0003175,CUS-008798,PRD-00780,ITM-000048339,2026-05-31,3,,,True
REV-0003176,CUS-008913,PRD-00871,ITM-000065310,2020-02-15,5,,,True
REV-0003177,CUS-000472,PRD-00685,ITM-000006261,2024-03-29,4,,,True
REV-0003178,CUS-001864,PRD-00027,ITM-000073725,2021-09-10,5,Good quality and exactly ,Good quality and exactly as expected.,True
REV-0003179,CUS-004213,PRD-00350,ITM-000058032,2026-06-21,3,,,True
REV-0003180,CUS-008958,PRD-00491,ITM-000075013,2026-08-03,1,Product quality was disap,Product quality was disappointing.,True
REV-0003181,CUS-009432,PRD-00595,ITM-000043000,2023-01-07,4,Good quality and exactly ,Good quality and exactly as expected.,True
REV-0003182,CUS-011271,PRD-00396,ITM-000067686,2022-07-17,4,Good quality and exactly ,Good quality and exactly as expected.,True
REV-0003183,CUS-007779,PRD-00705,ITM-000052786,2020-03-15,4,Good quality and exactly ,Good quality and exactly as expected.,True
REV-0003184,CUS-001566,PRD-00640,ITM-000056265,2024-03-07,5,Good quality and exactly ,Good quality and exactly as expected.,True
REV-0003185,CUS-006696,PRD-00861,ITM-000064430,2025-09-25,3,Good quality and exactly ,Good quality and exactly as expected.,True
REV-0003186,CUS-008440,PRD-00171,ITM-000014627,2025-10-29,4,Good quality and exactly ,Good quality and exactly as expected.,True
REV-0003187,CUS-003827,PRD-00267,ITM-000049943,2021-04-03,4,Good quality and exactly ,Good quality and exactly as expected.,True
REV-0003188,CUS-009500,PRD-00418,ITM-000046934,2026-04-12,4,Good quality and exactly ,Good quality and exactly as expected.,True
REV-0003189,CUS-010090,PRD-00583,ITM-000028357,2025-01-08,4,Good quality and exactly ,Good quality and exactly as expected.,True
REV-0003190,CUS-000467,PRD-00418,ITM-000020128,2023-08-12,3,Good quality and exactly ,Good quality and exactly as expected.,True
REV-0003191,CUS-003887,PRD-00006,ITM-000022772,2026-09-18,5,Good quality and exactly ,Good quality and exactly as expected.,True
REV-0003192,CUS-008720,PRD-00202,ITM-000038338,2024-08-25,4,Good quality and exactly ,Good quality and exactly as expected.,True
REV-0003193,CUS-001628,PRD-00449,ITM-000002366,2020-08-23,4,Good quality and exactly ,Good quality and exactly as expected.,True
REV-0003194,CUS-004573,PRD-00407,ITM-000042712,2025-04-12,4,Good quality and exactly ,Good quality and exactly as expected.,True
REV-0003195,CUS-000387,PRD-00321,ITM-000070486,2021-08-17,2,Product quality was disap,Product quality was disappointing.,True
REV-0003196,CUS-006667,PRD-00174,ITM-000023420,2021-11-09,3,Good quality and exactly ,Good quality and exactly as expected.,True
REV-0003197,CUS-005989,PRD-00687,ITM-000034060,2022-05-19,5,Good quality and exactly ,Good quality and exactly as expected.,True
REV-0003198,CUS-002182,PRD-00217,ITM-000015557,2023-08-04,2,Product quality was disap,Product quality was disappointing.,True
REV-0003199,CUS-005914,PRD-00665,ITM-000010288,2021-10-31,4,Good quality and exactly ,Good quality and exactly as expected.,True
REV-0003200,CUS-000152,PRD-00002,ITM-000070736,2024-05-10,5,Good quality and exactly ,Good quality and exactly as expected.,True
REV-0003201,CUS-001498,PRD-00219,ITM-000064660,2022-05-11,5,Good quality and exactly ,Good quality and exactly as expected.,True
REV-0003202,CUS-009473,PRD-00090,ITM-000038887,2025-01-01,5,,,True
REV-0003203,CUS-005941,PRD-00464,ITM-000016965,2025-10-23,4,,,True
REV-0003204,CUS-000407,PRD-00312,ITM-000016866,2020-04-22,2,Product quality was disap,Product quality was disappointing.,True
REV-0003205,CUS-007199,PRD-00342,ITM-000046295,2025-04-20,5,Good quality and exactly ,Good quality and exactly as expected.,True
REV-0003206,CUS-000424,PRD-00117,ITM-000060843,2024-12-05,5,Good quality and exactly ,Good quality and exactly as expected.,True
REV-0003207,CUS-000119,PRD-00736,ITM-000006522,2026-01-13,5,Good quality and exactly ,Good quality and exactly as expected.,True
REV-0003208,CUS-001325,PRD-00168,ITM-000074375,2023-09-11,2,Product quality was disap,Product quality was disappointing.,True
REV-0003209,CUS-003609,PRD-00819,ITM-000031600,2024-11-27,3,,,True
REV-0003210,CUS-008876,PRD-00093,ITM-000052205,2025-11-23,4,Good quality and exactly ,Good quality and exactly as expected.,True
REV-0003211,CUS-010114,PRD-00072,ITM-000013366,2024-01-17,5,Good quality and exactly ,Good quality and exactly as expected.,True
REV-0003212,CUS-000426,PRD-00895,ITM-000027597,2020-08-31,5,,,True
REV-0003213,CUS-011273,PRD-00038,ITM-000040245,2026-05-29,5,Good quality and exactly ,Good quality and exactly as expected.,True
REV-0003214,CUS-004342,PRD-00832,ITM-000038902,2025-01-24,5,Good quality and exactly ,Good quality and exactly as expected.,True
REV-0003215,CUS-000774,PRD-00792,ITM-000076436,2020-11-27,2,Product quality was disap,Product quality was disappointing.,True
REV-0003216,CUS-006908,PRD-00582,ITM-000004179,2023-06-23,5,Good quality and exactly ,Good quality and exactly as expected.,True
REV-0003217,CUS-003267,PRD-00603,ITM-000058855,2020-10-03,2,Product quality was disap,Product quality was disappointing.,True
REV-0003218,CUS-007956,PRD-00383,ITM-000053867,2021-11-10,5,Good quality and exactly ,Good quality and exactly as expected.,True
REV-0003219,CUS-001977,PRD-00297,ITM-000027345,2023-10-28,5,Good quality and exactly ,Good quality and exactly as expected.,True
REV-0003220,CUS-007649,PRD-00786,ITM-000026528,2024-03-25,5,Good quality and exactly ,Good quality and exactly as expected.,True
REV-0003221,CUS-010066,PRD-00727,ITM-000052323,2024-03-16,5,,,True
REV-0003222,CUS-002373,PRD-00456,ITM-000078076,2026-09-03,5,Good quality and exactly ,Good quality and exactly as expected.,True
REV-0003223,CUS-001862,PRD-00827,ITM-000026720,2022-06-30,5,Good quality and exactly ,Good quality and exactly as expected.,True
REV-0003224,CUS-001064,PRD-00831,ITM-000073825,2026-01-01,5,Good quality and exactly ,Good quality and exactly as expected.,True
REV-0003225,CUS-010891,PRD-00432,ITM-000061207,2023-02-18,5,Good quality and exactly ,Good quality and exactly as expected.,True
REV-0003226,CUS-009837,PRD-00008,ITM-000066245,2026-08-30,2,,,True
REV-0003227,CUS-008457,PRD-00448,ITM-000045052,2021-05-14,1,,,True
REV-0003228,CUS-000320,PRD-00136,ITM-000016021,2021-10-04,5,Good quality and exactly ,Good quality and exactly as expected.,True
REV-0003229,CUS-011651,PRD-00404,ITM-000046448,2024-10-06,4,Good quality and exactly ,Good quality and exactly as expected.,True
REV-0003230,CUS-006828,PRD-00399,ITM-000075897,2022-12-08,5,Good quality and exactly ,Good quality and exactly as expected.,True
REV-0003231,CUS-005854,PRD-00746,ITM-000017536,2021-08-10,4,Good quality and exactly ,Good quality and exactly as expected.,True
REV-0003232,CUS-005423,PRD-00817,ITM-000002584,2021-10-29,5,,,True
REV-0003233,CUS-007230,PRD-00023,ITM-000021327,2020-01-14,4,Good quality and exactly ,Good quality and exactly as expected.,True
REV-0003234,CUS-006905,PRD-00228,ITM-000041292,2022-01-23,5,Good quality and exactly ,Good quality and exactly as expected.,True
REV-0003235,CUS-001621,PRD-00504,ITM-000076641,2024-09-12,1,Product quality was disap,Product quality was disappointing.,True
REV-0003236,CUS-004101,PRD-00494,ITM-000072831,2022-03-14,4,,,True
REV-0003237,CUS-010014,PRD-00743,ITM-000043544,2025-09-18,5,Good quality and exactly ,Good quality and exactly as expected.,True
REV-0003238,CUS-010551,PRD-00080,ITM-000024838,2026-02-14,5,,,True
REV-0003239,CUS-004452,PRD-00275,ITM-000075042,2021-12-26,4,Good quality and exactly ,Good quality and exactly as expected.,True
REV-0003240,CUS-005287,PRD-00678,ITM-000066948,2026-07-19,4,Good quality and exactly ,Good quality and exactly as expected.,True
REV-0003241,CUS-000103,PRD-00533,ITM-000030181,2026-04-22,4,Good quality and exactly ,Good quality and exactly as expected.,True
REV-0003242,CUS-008091,PRD-00249,ITM-000049300,2021-12-19,3,Good quality and exactly ,Good quality and exactly as expected.,True
REV-0003243,CUS-000849,PRD-00419,ITM-000071354,2025-12-20,3,Good quality and exactly ,Good quality and exactly as expected.,True
REV-0003244,CUS-008529,PRD-00439,ITM-000036072,2023-06-10,5,Good quality and exactly ,Good quality and exactly as expected.,True
REV-0003245,CUS-005028,PRD-00106,ITM-000069624,2026-02-28,3,,,True
REV-0003246,CUS-002241,PRD-00505,ITM-000016923,2024-09-30,5,Good quality and exactly ,Good quality and exactly as expected.,True
REV-0003247,CUS-001390,PRD-00062,ITM-000002603,2020-04-17,5,Good quality and exactly ,Good quality and exactly as expected.,True
REV-0003248,CUS-010377,PRD-00408,ITM-000044693,2020-01-25,2,Product quality was disap,Product quality was disappointing.,True
REV-0003249,CUS-011578,PRD-00093,ITM-000018622,2022-10-03,4,Good quality and exactly ,Good quality and exactly as expected.,True
REV-0003250,CUS-011590,PRD-00632,ITM-000005890,2026-02-03,3,Good quality and exactly ,Good quality and exactly as expected.,True
REV-0003251,CUS-007596,PRD-00270,ITM-000031292,2024-01-12,5,,,True
REV-0003252,CUS-004407,PRD-00676,ITM-000076226,2021-05-12,5,Good quality and exactly ,Good quality and exactly as expected.,True
REV-0003253,CUS-003588,PRD-00458,ITM-000006620,2025-11-25,3,Good quality and exactly ,Good quality and exactly as expected.,True
REV-0003254,CUS-011372,PRD-00195,ITM-000072235,2026-06-27,4,Good quality and exactly ,Good quality and exactly as expected.,True
REV-0003255,CUS-010041,PRD-00859,ITM-000076494,2023-06-19,1,Product quality was disap,Product quality was disappointing.,True
REV-0003256,CUS-006124,PRD-00539,ITM-000067663,2025-11-24,4,Good quality and exactly ,Good quality and exactly as expected.,True
REV-0003257,CUS-007447,PRD-00589,ITM-000023071,2025-11-24,4,,,True
REV-0003258,CUS-010265,PRD-00034,ITM-000063751,2025-01-09,3,Good quality and exactly ,Good quality and exactly as expected.,True
REV-0003259,CUS-002488,PRD-00757,ITM-000002966,2024-10-11,5,,,True
REV-0003260,,PRD-00746,ITM-000069749,2021-05-15,2,Product quality was disap,Product quality was disappointing.,True
REV-0003261,CUS-001166,PRD-00846,ITM-000043221,2024-05-21,1,Product quality was disap,Product quality was disappointing.,True
REV-0003262,CUS-011283,PRD-00715,ITM-000055653,2024-05-05,5,Good quality and exactly ,Good quality and exactly as expected.,True
REV-0003263,CUS-010312,PRD-00517,ITM-000053177,2020-12-13,3,Good quality and exactly ,Good quality and exactly as expected.,True
REV-0003264,CUS-000872,PRD-00531,ITM-000009490,2020-08-30,4,Good quality and exactly ,Good quality and exactly as expected.,True
REV-0003265,,PRD-00317,ITM-000045076,2020-08-04,4,Good quality and exactly ,Good quality and exactly as expected.,True
REV-0003266,CUS-001690,PRD-00854,ITM-000038772,2023-06-01,4,Good quality and exactly ,Good quality and exactly as expected.,True
REV-0003267,CUS-011057,PRD-00757,ITM-000057208,2021-12-20,4,,,True
REV-0003268,CUS-000227,PRD-00266,ITM-000016501,2021-11-08,4,Good quality and exactly ,Good quality and exactly as expected.,True
REV-0003269,CUS-009021,PRD-00280,ITM-000079413,2022-09-03,4,Good quality and exactly ,Good quality and exactly as expected.,True
REV-0003270,CUS-000131,PRD-00776,ITM-000000255,2022-03-23,1,Product quality was disap,Product quality was disappointing.,True
REV-0003271,CUS-003915,PRD-00716,ITM-000002618,2020-05-27,1,,,True
REV-0003272,CUS-001491,PRD-00374,ITM-000071096,2022-07-10,5,Good quality and exactly ,Good quality and exactly as expected.,True
REV-0003273,CUS-004779,PRD-00070,ITM-000066535,2022-06-11,5,Good quality and exactly ,Good quality and exactly as expected.,True
REV-0003274,CUS-011676,PRD-00354,ITM-000047167,2024-10-21,4,,,True
REV-0003275,CUS-007610,PRD-00086,ITM-000074825,2023-06-21,1,Product quality was disap,Product quality was disappointing.,True
REV-0003276,CUS-004077,PRD-00707,ITM-000008289,2022-03-16,5,Good quality and exactly ,Good quality and exactly as expected.,True
REV-0003277,CUS-006088,PRD-00485,ITM-000055576,2024-10-06,5,Good quality and exactly ,Good quality and exactly as expected.,True
REV-0003278,CUS-006486,PRD-00417,ITM-000003293,2020-02-01,5,Good quality and exactly ,Good quality and exactly as expected.,True
REV-0003279,CUS-005615,PRD-00435,ITM-000056193,2021-05-02,5,Good quality and exactly ,Good quality and exactly as expected.,True
REV-0003280,CUS-001401,PRD-00463,ITM-000043991,2021-12-11,1,,,True
REV-0003281,CUS-007946,PRD-00009,ITM-000020678,2024-06-07,1,,,True
REV-0003282,CUS-007969,PRD-00207,ITM-000017281,2021-08-25,3,Good quality and exactly ,Good quality and exactly as expected.,True
REV-0003283,CUS-007677,PRD-00169,ITM-000055344,2021-02-28,5,Good quality and exactly ,Good quality and exactly as expected.,True
REV-0003284,CUS-009628,PRD-00009,ITM-000035524,2020-02-16,5,Good quality and exactly ,Good quality and exactly as expected.,True
REV-0003285,CUS-005543,PRD-00581,ITM-000003593,2020-12-17,5,Good quality and exactly ,Good quality and exactly as expected.,True
REV-0003286,CUS-011278,PRD-00356,ITM-000052710,2023-07-07,5,Good quality and exactly ,Good quality and exactly as expected.,True
REV-0003287,CUS-011647,PRD-00510,ITM-000028556,2021-03-23,2,Product quality was disap,Product quality was disappointing.,True
REV-0003288,CUS-005857,PRD-00486,ITM-000059756,2022-09-11,5,Good quality and exactly ,Good quality and exactly as expected.,True
REV-0003289,CUS-002458,PRD-00765,ITM-000068361,2023-02-17,4,Good quality and exactly ,Good quality and exactly as expected.,True
REV-0003290,CUS-009315,PRD-00322,ITM-000058479,2020-09-15,5,Good quality and exactly ,Good quality and exactly as expected.,True
REV-0003291,CUS-011229,PRD-00054,ITM-000033833,2022-01-24,5,,,True
REV-0003292,CUS-006395,PRD-00425,ITM-000051889,2025-02-05,1,Product quality was disap,Product quality was disappointing.,True
REV-0003293,CUS-004008,PRD-00057,ITM-000028353,2023-07-14,1,Product quality was disap,Product quality was disappointing.,True
REV-0003294,CUS-009085,PRD-00501,ITM-000025276,2022-06-28,5,Good quality and exactly ,Good quality and exactly as expected.,True
REV-0003295,CUS-009375,PRD-00813,ITM-000053881,2022-02-20,5,,,True
REV-0003296,CUS-000812,PRD-00886,ITM-000073245,2023-10-26,2,Product quality was disap,Product quality was disappointing.,True
REV-0003297,,PRD-00034,ITM-000014727,2023-12-09,5,,,True
REV-0003298,CUS-011859,PRD-00454,ITM-000001823,2020-09-02,4,Good quality and exactly ,Good quality and exactly as expected.,True
REV-0003299,CUS-005440,PRD-00361,ITM-000015626,2021-03-05,4,Good quality and exactly ,Good quality and exactly as expected.,True
REV-0003300,CUS-011209,PRD-00817,ITM-000043007,2026-03-21,5,Good quality and exactly ,Good quality and exactly as expected.,True
REV-0003301,CUS-004259,PRD-00233,ITM-000053906,2025-09-14,3,Good quality and exactly ,Good quality and exactly as expected.,True
REV-0003302,CUS-000144,PRD-00674,ITM-000020968,2024-02-10,5,Good quality and exactly ,Good quality and exactly as expected.,True
REV-0003303,CUS-006867,PRD-00334,ITM-000018976,2024-07-26,3,Good quality and exactly ,Good quality and exactly as expected.,True
REV-0003304,CUS-008336,PRD-00725,ITM-000054300,2022-09-15,5,Good quality and exactly ,Good quality and exactly as expected.,True
REV-0003305,CUS-011459,PRD-00859,ITM-000040381,2025-11-19,5,Good quality and exactly ,Good quality and exactly as expected.,True
REV-0003306,CUS-006351,PRD-00043,ITM-000054616,2025-01-15,4,Good quality and exactly ,Good quality and exactly as expected.,True
REV-0003307,CUS-005478,PRD-00298,ITM-000030711,2021-02-17,4,Good quality and exactly ,Good quality and exactly as expected.,True
REV-0003308,CUS-003611,PRD-00752,ITM-000045957,2020-08-20,2,Product quality was disap,Product quality was disappointing.,True
REV-0003309,CUS-005407,PRD-00555,ITM-000030946,2022-12-15,4,Good quality and exactly ,Good quality and exactly as expected.,True
REV-0003310,CUS-005191,PRD-00752,ITM-000077171,2022-03-24,5,Good quality and exactly ,Good quality and exactly as expected.,True
REV-0003311,CUS-004585,PRD-00266,ITM-000026350,2020-11-15,2,Product quality was disap,Product quality was disappointing.,True
REV-0003312,CUS-002191,PRD-00736,ITM-000054863,2022-02-03,3,,,True
REV-0003313,CUS-011572,PRD-00221,ITM-000026343,2021-12-14,5,,,True
REV-0003314,CUS-006497,PRD-00224,ITM-000006354,2024-10-07,2,Product quality was disap,Product quality was disappointing.,True
REV-0003315,,PRD-00303,ITM-000003498,2023-06-03,5,Good quality and exactly ,Good quality and exactly as expected.,True
REV-0003316,CUS-000185,PRD-00289,ITM-000065167,2023-09-05,1,Product quality was disap,Product quality was disappointing.,True
REV-0003317,CUS-003576,PRD-00420,ITM-000076219,2024-03-07,4,,,True
REV-0003318,CUS-008947,PRD-00329,ITM-000040963,2022-02-19,1,Product quality was disap,Product quality was disappointing.,True
REV-0003319,CUS-002651,PRD-00673,ITM-000071591,2023-12-31,5,Good quality and exactly ,Good quality and exactly as expected.,True
REV-0003320,CUS-009341,PRD-00869,ITM-000061449,2023-01-03,4,,,True
REV-0003321,CUS-007450,PRD-00153,ITM-000034421,2025-06-08,5,Good quality and exactly ,Good quality and exactly as expected.,True
REV-0003322,CUS-001458,PRD-00058,ITM-000069728,2023-11-24,5,Good quality and exactly ,Good quality and exactly as expected.,True
REV-0003323,CUS-005530,PRD-00279,ITM-000070357,2023-04-03,4,Good quality and exactly ,Good quality and exactly as expected.,True
REV-0003324,CUS-004593,PRD-00896,ITM-000034624,2022-10-11,3,Good quality and exactly ,Good quality and exactly as expected.,True
REV-0003325,CUS-009269,PRD-00349,ITM-000023287,2025-08-14,3,Good quality and exactly ,Good quality and exactly as expected.,True
REV-0003326,CUS-003320,PRD-00721,ITM-000042767,2021-08-31,5,Good quality and exactly ,Good quality and exactly as expected.,True
REV-0003327,CUS-002666,PRD-00148,ITM-000004508,2020-02-13,5,Good quality and exactly ,Good quality and exactly as expected.,True
REV-0003328,CUS-000728,PRD-00636,ITM-000001775,2026-07-07,3,Good quality and exactly ,Good quality and exactly as expected.,True
REV-0003329,CUS-005124,PRD-00387,ITM-000017597,2024-02-29,5,,,True
REV-0003330,CUS-007072,PRD-00462,ITM-000024321,2021-05-05,4,Good quality and exactly ,Good quality and exactly as expected.,True
REV-0003331,CUS-002162,PRD-00858,ITM-000074923,2025-12-17,5,,,True
REV-0003332,CUS-002627,PRD-00270,ITM-000017196,2024-01-29,5,Good quality and exactly ,Good quality and exactly as expected.,True
REV-0003333,CUS-005430,PRD-00701,ITM-000020969,2020-08-20,4,Good quality and exactly ,Good quality and exactly as expected.,True
REV-0003334,,PRD-00468,ITM-000012167,2025-05-20,3,Good quality and exactly ,Good quality and exactly as expected.,True
REV-0003335,CUS-002149,PRD-00766,ITM-000003980,2025-02-03,5,Good quality and exactly ,Good quality and exactly as expected.,True
REV-0003336,CUS-003228,PRD-00159,ITM-000058890,2020-11-16,5,,,True
REV-0003337,,PRD-00234,ITM-000052502,2024-12-16,3,Good quality and exactly ,Good quality and exactly as expected.,True
REV-0003338,CUS-011642,PRD-00133,ITM-000041422,2024-12-09,5,Good quality and exactly ,Good quality and exactly as expected.,True
REV-0003339,CUS-011198,PRD-00539,ITM-000036170,2024-10-24,4,,,True
REV-0003340,CUS-006758,PRD-00002,ITM-000021575,2023-06-17,4,Good quality and exactly ,Good quality and exactly as expected.,True
REV-0003341,CUS-001553,PRD-00488,ITM-000008878,2024-04-25,4,Good quality and exactly ,Good quality and exactly as expected.,True
REV-0003342,CUS-002495,PRD-00677,ITM-000053227,2023-10-15,4,Good quality and exactly ,Good quality and exactly as expected.,True
REV-0003343,CUS-006193,PRD-00164,ITM-000058558,2021-03-28,5,,,True
REV-0003344,CUS-004042,PRD-00766,ITM-000042982,2022-02-03,5,Good quality and exactly ,Good quality and exactly as expected.,True
REV-0003345,CUS-000467,PRD-00498,ITM-000033735,2021-04-11,1,Product quality was disap,Product quality was disappointing.,True
REV-0003346,CUS-000366,PRD-00341,ITM-000062517,2020-12-02,4,Good quality and exactly ,Good quality and exactly as expected.,True
REV-0003347,CUS-006109,PRD-00772,ITM-000021202,2022-09-26,1,Product quality was disap,Product quality was disappointing.,True
REV-0003348,CUS-007502,PRD-00599,ITM-000033319,2022-09-07,5,Good quality and exactly ,Good quality and exactly as expected.,True
REV-0003349,CUS-000062,PRD-00222,ITM-000065995,2025-12-02,4,Good quality and exactly ,Good quality and exactly as expected.,True
REV-0003350,CUS-007416,PRD-00898,ITM-000001233,2023-03-10,5,,,True
REV-0003351,CUS-009770,PRD-00050,ITM-000077439,2025-06-04,3,,,True
REV-0003352,CUS-000388,PRD-00551,ITM-000018221,2025-03-25,5,Good quality and exactly ,Good quality and exactly as expected.,True
REV-0003353,CUS-002138,PRD-00802,ITM-000073754,2020-12-01,4,Good quality and exactly ,Good quality and exactly as expected.,True
REV-0003354,CUS-003520,PRD-00344,ITM-000001245,2025-10-27,2,Product quality was disap,Product quality was disappointing.,True
REV-0003355,CUS-011125,PRD-00750,ITM-000009281,2021-12-27,5,,,True
REV-0003356,CUS-005108,PRD-00140,ITM-000025922,2022-07-31,3,Good quality and exactly ,Good quality and exactly as expected.,True
REV-0003357,CUS-011653,PRD-00861,ITM-000054992,2020-05-28,4,Good quality and exactly ,Good quality and exactly as expected.,True
REV-0003358,CUS-002321,PRD-00482,ITM-000043203,2025-07-21,2,Product quality was disap,Product quality was disappointing.,True
REV-0003359,CUS-010772,PRD-00074,ITM-000004149,2021-11-08,4,Good quality and exactly ,Good quality and exactly as expected.,True
REV-0003360,CUS-007963,PRD-00873,ITM-000006011,2020-08-28,1,,,True
REV-0003361,CUS-000515,PRD-00117,ITM-000074389,2020-04-17,1,Product quality was disap,Product quality was disappointing.,True
REV-0003362,CUS-006075,PRD-00656,ITM-000063798,2025-08-19,2,Product quality was disap,Product quality was disappointing.,True
REV-0003363,,PRD-00092,ITM-000058254,2022-06-10,3,Good quality and exactly ,Good quality and exactly as expected.,True
REV-0003364,CUS-010413,PRD-00215,ITM-000036378,2022-11-01,3,,,True
REV-0003365,CUS-011526,PRD-00414,ITM-000033550,2022-02-10,3,Good quality and exactly ,Good quality and exactly as expected.,True
REV-0003366,CUS-003161,PRD-00063,ITM-000027489,2023-06-01,5,Good quality and exactly ,Good quality and exactly as expected.,True
REV-0003367,CUS-000237,PRD-00275,ITM-000033799,2023-08-18,5,,,True
REV-0003368,CUS-010556,PRD-00406,ITM-000022544,2023-01-18,5,Good quality and exactly ,Good quality and exactly as expected.,True
REV-0003369,CUS-009087,PRD-00862,ITM-000056308,2024-07-08,5,,,True
REV-0003370,CUS-006627,PRD-00770,ITM-000027938,2026-03-03,4,Good quality and exactly ,Good quality and exactly as expected.,True
REV-0003371,CUS-011801,PRD-00158,ITM-000069023,2025-03-16,3,Good quality and exactly ,Good quality and exactly as expected.,True
REV-0003372,CUS-011907,PRD-00479,ITM-000032314,2024-08-04,3,Good quality and exactly ,Good quality and exactly as expected.,True
REV-0003373,CUS-011950,PRD-00810,ITM-000034026,2026-03-23,4,Good quality and exactly ,Good quality and exactly as expected.,True
REV-0003374,CUS-005289,PRD-00605,ITM-000042233,2025-09-14,5,Good quality and exactly ,Good quality and exactly as expected.,True
REV-0003375,CUS-001194,PRD-00810,ITM-000012553,2025-10-21,5,Good quality and exactly ,Good quality and exactly as expected.,True
REV-0003376,CUS-007789,PRD-00815,ITM-000033948,2021-01-23,4,Good quality and exactly ,Good quality and exactly as expected.,True
REV-0003377,CUS-001409,PRD-00049,ITM-000050997,2025-03-31,5,Good quality and exactly ,Good quality and exactly as expected.,True
REV-0003378,CUS-006367,PRD-00396,ITM-000072800,2023-02-28,5,Good quality and exactly ,Good quality and exactly as expected.,True
REV-0003379,CUS-011581,PRD-00191,ITM-000011480,2021-09-24,3,Good quality and exactly ,Good quality and exactly as expected.,True
REV-0003380,CUS-007021,PRD-00647,ITM-000040649,2022-08-12,4,Good quality and exactly ,Good quality and exactly as expected.,True
REV-0003381,CUS-003163,PRD-00836,ITM-000044593,2020-02-27,4,Good quality and exactly ,Good quality and exactly as expected.,True
REV-0003382,CUS-000385,PRD-00580,ITM-000027655,2026-08-26,1,Product quality was disap,Product quality was disappointing.,True
REV-0003383,CUS-010542,PRD-00054,ITM-000047287,2020-12-03,5,,,True
REV-0003384,CUS-004953,PRD-00713,ITM-000021235,2022-04-24,5,Good quality and exactly ,Good quality and exactly as expected.,True
REV-0003385,CUS-001947,PRD-00082,ITM-000038841,2022-09-27,5,Good quality and exactly ,Good quality and exactly as expected.,True
REV-0003386,CUS-007527,PRD-00588,ITM-000022521,2024-08-26,4,Good quality and exactly ,Good quality and exactly as expected.,True
REV-0003387,CUS-011666,PRD-00204,ITM-000032850,2020-05-24,4,Good quality and exactly ,Good quality and exactly as expected.,True
REV-0003388,CUS-006617,PRD-00502,ITM-000042039,2026-02-10,5,Good quality and exactly ,Good quality and exactly as expected.,True
REV-0003389,CUS-011024,PRD-00502,ITM-000053010,2025-01-24,5,Good quality and exactly ,Good quality and exactly as expected.,True
REV-0003390,CUS-000324,PRD-00360,ITM-000010890,2022-12-29,5,Good quality and exactly ,Good quality and exactly as expected.,True
REV-0003391,CUS-005913,PRD-00900,ITM-000005634,2022-07-04,3,Good quality and exactly ,Good quality and exactly as expected.,True
REV-0003392,CUS-009681,PRD-00228,ITM-000034778,2020-10-18,3,Good quality and exactly ,Good quality and exactly as expected.,True
REV-0003393,CUS-008198,PRD-00827,ITM-000070746,2026-08-25,4,Good quality and exactly ,Good quality and exactly as expected.,True
REV-0003394,,PRD-00511,ITM-000074205,2022-01-21,4,Good quality and exactly ,Good quality and exactly as expected.,True
REV-0003395,CUS-004246,PRD-00375,ITM-000069027,2022-07-12,5,,,True
REV-0003396,CUS-004469,PRD-00803,ITM-000013335,2026-01-06,5,Good quality and exactly ,Good quality and exactly as expected.,True
REV-0003397,CUS-006777,PRD-00774,ITM-000059786,2020-06-08,5,,,True
REV-0003398,CUS-001774,PRD-00166,ITM-000044116,2021-10-20,2,Product quality was disap,Product quality was disappointing.,True
REV-0003399,CUS-008741,PRD-00877,ITM-000042950,2024-02-04,5,Good quality and exactly ,Good quality and exactly as expected.,True
REV-0003400,CUS-010859,PRD-00797,ITM-000047205,2022-11-11,1,Product quality was disap,Product quality was disappointing.,True
REV-0003401,CUS-004669,PRD-00706,ITM-000077348,2023-04-11,1,Product quality was disap,Product quality was disappointing.,True
REV-0003402,CUS-000868,PRD-00505,ITM-000017851,2020-08-18,4,Good quality and exactly ,Good quality and exactly as expected.,True
REV-0003403,CUS-004985,PRD-00567,ITM-000033923,2023-03-11,4,,,True
REV-0003404,CUS-011671,PRD-00508,ITM-000062351,2024-10-22,5,Good quality and exactly ,Good quality and exactly as expected.,True
REV-0003405,CUS-006317,PRD-00581,ITM-000021992,2020-07-24,4,Good quality and exactly ,Good quality and exactly as expected.,True
REV-0003406,CUS-008914,PRD-00750,ITM-000036448,2025-08-30,5,Good quality and exactly ,Good quality and exactly as expected.,True
REV-0003407,CUS-009316,PRD-00260,ITM-000004634,2024-09-27,4,Good quality and exactly ,Good quality and exactly as expected.,True
REV-0003408,CUS-001373,PRD-00387,ITM-000033734,2023-04-20,5,Good quality and exactly ,Good quality and exactly as expected.,True
REV-0003409,CUS-002232,PRD-00755,ITM-000076426,2025-11-09,5,,,True
REV-0003410,CUS-006025,PRD-00688,ITM-000005411,2020-10-18,4,Good quality and exactly ,Good quality and exactly as expected.,True
REV-0003411,CUS-005155,PRD-00172,ITM-000040083,2021-10-19,4,Good quality and exactly ,Good quality and exactly as expected.,True
REV-0003412,CUS-003963,PRD-00885,ITM-000009708,2021-01-21,4,Good quality and exactly ,Good quality and exactly as expected.,True
REV-0003413,CUS-008441,PRD-00313,ITM-000012006,2025-02-14,4,Good quality and exactly ,Good quality and exactly as expected.,True
REV-0003414,CUS-007976,PRD-00065,ITM-000021419,2023-02-08,5,,,True
REV-0003415,CUS-005203,PRD-00464,ITM-000044446,2023-10-16,3,Good quality and exactly ,Good quality and exactly as expected.,True
REV-0003416,CUS-006166,PRD-00528,ITM-000038982,2024-12-11,3,Good quality and exactly ,Good quality and exactly as expected.,True
REV-0003417,CUS-001912,PRD-00185,ITM-000021420,2025-04-26,5,,,True
REV-0003418,CUS-010169,PRD-00182,ITM-000030305,2023-02-18,3,,,True
REV-0003419,CUS-002553,PRD-00215,ITM-000003389,2025-11-03,4,Good quality and exactly ,Good quality and exactly as expected.,True
REV-0003420,CUS-009034,PRD-00435,ITM-000047604,2022-07-02,5,Good quality and exactly ,Good quality and exactly as expected.,True
REV-0003421,CUS-003202,PRD-00030,ITM-000028531,2025-06-29,5,,,True
REV-0003422,CUS-003863,PRD-00893,ITM-000034896,2024-06-09,4,,,True
REV-0003423,CUS-008741,PRD-00862,ITM-000042450,2026-03-26,3,Good quality and exactly ,Good quality and exactly as expected.,True
REV-0003424,CUS-007660,PRD-00447,ITM-000074707,2022-02-19,5,Good quality and exactly ,Good quality and exactly as expected.,True
REV-0003425,CUS-000421,PRD-00487,ITM-000032141,2022-08-23,4,Good quality and exactly ,Good quality and exactly as expected.,True
REV-0003426,CUS-010363,PRD-00567,ITM-000024471,2022-05-08,4,Good quality and exactly ,Good quality and exactly as expected.,True
REV-0003427,CUS-011661,PRD-00514,ITM-000035185,2020-05-19,5,Good quality and exactly ,Good quality and exactly as expected.,True
REV-0003428,CUS-003186,PRD-00667,ITM-000007065,2026-09-11,3,Good quality and exactly ,Good quality and exactly as expected.,True
REV-0003429,CUS-002691,PRD-00110,ITM-000000519,2026-02-09,1,,,True
REV-0003430,CUS-009897,PRD-00030,ITM-000077834,2025-05-27,5,Good quality and exactly ,Good quality and exactly as expected.,True
REV-0003431,CUS-008502,PRD-00235,ITM-000027498,2021-01-24,2,Product quality was disap,Product quality was disappointing.,True
REV-0003432,CUS-006419,PRD-00394,ITM-000071663,2024-05-20,1,Product quality was disap,Product quality was disappointing.,True
REV-0003433,CUS-008256,PRD-00573,ITM-000063292,2020-11-22,4,Good quality and exactly ,Good quality and exactly as expected.,True
REV-0003434,CUS-009008,PRD-00458,ITM-000017910,2023-05-06,2,Product quality was disap,Product quality was disappointing.,True
REV-0003435,CUS-000811,PRD-00810,ITM-000046217,2023-03-30,4,Good quality and exactly ,Good quality and exactly as expected.,True
REV-0003436,CUS-000551,PRD-00267,ITM-000013297,2024-11-26,4,,,True
REV-0003437,CUS-005212,PRD-00019,ITM-000050411,2024-06-12,3,Good quality and exactly ,Good quality and exactly as expected.,True
REV-0003438,CUS-005220,PRD-00412,ITM-000073415,2024-01-09,4,Good quality and exactly ,Good quality and exactly as expected.,True
REV-0003439,CUS-008294,PRD-00792,ITM-000054219,2021-01-07,5,,,True
REV-0003440,CUS-004569,PRD-00450,ITM-000064146,2025-11-26,4,Good quality and exactly ,Good quality and exactly as expected.,True
REV-0003441,CUS-007843,PRD-00738,ITM-000056163,2021-04-25,4,Good quality and exactly ,Good quality and exactly as expected.,True
REV-0003442,CUS-009892,PRD-00265,ITM-000058863,2020-07-28,5,,,True
REV-0003443,CUS-008628,PRD-00770,ITM-000041282,2021-06-13,4,Good quality and exactly ,Good quality and exactly as expected.,True
REV-0003444,CUS-002212,PRD-00408,ITM-000012622,2021-03-18,4,Good quality and exactly ,Good quality and exactly as expected.,True
REV-0003445,CUS-011418,PRD-00733,ITM-000063417,2022-08-20,5,Good quality and exactly ,Good quality and exactly as expected.,True
REV-0003446,CUS-000063,PRD-00148,ITM-000056686,2026-06-30,3,Good quality and exactly ,Good quality and exactly as expected.,True
REV-0003447,CUS-000324,PRD-00577,ITM-000021270,2026-07-25,4,Good quality and exactly ,Good quality and exactly as expected.,True
REV-0003448,CUS-004337,PRD-00656,ITM-000063283,2025-06-12,5,Good quality and exactly ,Good quality and exactly as expected.,True
REV-0003449,CUS-008897,PRD-00226,ITM-000013774,2023-01-23,3,Good quality and exactly ,Good quality and exactly as expected.,True
REV-0003450,CUS-000598,PRD-00603,ITM-000032300,2026-09-07,5,,,True
REV-0003451,CUS-009663,PRD-00875,ITM-000021879,2024-07-16,4,Good quality and exactly ,Good quality and exactly as expected.,True
REV-0003452,CUS-009800,PRD-00312,ITM-000026103,2022-04-02,4,Good quality and exactly ,Good quality and exactly as expected.,True
REV-0003453,CUS-009817,PRD-00890,ITM-000050324,2020-08-19,5,Good quality and exactly ,Good quality and exactly as expected.,True
REV-0003454,CUS-001654,PRD-00762,ITM-000021268,2021-07-17,5,Good quality and exactly ,Good quality and exactly as expected.,True
REV-0003455,CUS-010329,PRD-00489,ITM-000043281,2020-02-29,3,Good quality and exactly ,Good quality and exactly as expected.,True
REV-0003456,CUS-008076,PRD-00066,ITM-000024711,2023-09-02,5,Good quality and exactly ,Good quality and exactly as expected.,True
REV-0003457,CUS-003301,PRD-00580,ITM-000003794,2022-01-15,3,Good quality and exactly ,Good quality and exactly as expected.,True
REV-0003458,CUS-004938,PRD-00607,ITM-000032509,2025-01-15,4,Good quality and exactly ,Good quality and exactly as expected.,True
REV-0003459,CUS-004559,PRD-00439,ITM-000070346,2021-06-04,5,Good quality and exactly ,Good quality and exactly as expected.,True
REV-0003460,CUS-004772,PRD-00705,ITM-000070126,2024-10-09,2,,,True
REV-0003461,CUS-001963,PRD-00214,ITM-000030864,2021-10-20,4,,,True
REV-0003462,,PRD-00202,ITM-000019328,2022-07-10,2,Product quality was disap,Product quality was disappointing.,True
REV-0003463,CUS-003380,PRD-00112,ITM-000011010,2021-05-20,3,Good quality and exactly ,Good quality and exactly as expected.,True
REV-0003464,CUS-008502,PRD-00813,ITM-000020508,2022-10-05,2,Product quality was disap,Product quality was disappointing.,True
REV-0003465,CUS-011500,PRD-00559,ITM-000022947,2021-03-23,5,Good quality and exactly ,Good quality and exactly as expected.,True
REV-0003466,CUS-009658,PRD-00784,ITM-000027863,2022-02-12,5,,,True
REV-0003467,CUS-006601,PRD-00150,ITM-000034622,2025-05-16,5,Good quality and exactly ,Good quality and exactly as expected.,True
REV-0003468,CUS-005505,PRD-00331,ITM-000049914,2025-02-10,4,Good quality and exactly ,Good quality and exactly as expected.,True
REV-0003469,CUS-003339,PRD-00368,ITM-000055206,2022-01-08,5,Good quality and exactly ,Good quality and exactly as expected.,True
REV-0003470,CUS-000189,PRD-00008,ITM-000055508,2026-09-09,5,Good quality and exactly ,Good quality and exactly as expected.,True
REV-0003471,CUS-009460,PRD-00194,ITM-000071481,2025-09-14,1,Product quality was disap,Product quality was disappointing.,True
REV-0003472,CUS-004688,PRD-00029,ITM-000008933,2023-11-08,4,Good quality and exactly ,Good quality and exactly as expected.,True
REV-0003473,CUS-008173,PRD-00597,ITM-000007373,2023-04-03,4,Good quality and exactly ,Good quality and exactly as expected.,True
REV-0003474,CUS-009523,PRD-00293,ITM-000043512,2023-10-18,5,Good quality and exactly ,Good quality and exactly as expected.,True
REV-0003475,CUS-001814,PRD-00806,ITM-000011145,2025-07-17,3,Good quality and exactly ,Good quality and exactly as expected.,True
REV-0003476,CUS-011248,PRD-00161,ITM-000008683,2024-08-25,5,Good quality and exactly ,Good quality and exactly as expected.,True
REV-0003477,CUS-007084,PRD-00094,ITM-000015685,2024-11-12,5,Good quality and exactly ,Good quality and exactly as expected.,True
REV-0003478,CUS-010060,PRD-00648,ITM-000016767,2024-08-22,5,,,True
REV-0003479,CUS-001384,PRD-00174,ITM-000009512,2021-11-09,4,Good quality and exactly ,Good quality and exactly as expected.,True
REV-0003480,CUS-006144,PRD-00635,ITM-000053679,2023-11-20,2,Product quality was disap,Product quality was disappointing.,True
REV-0003481,CUS-000495,PRD-00102,ITM-000029653,2020-01-19,4,Good quality and exactly ,Good quality and exactly as expected.,True
REV-0003482,CUS-005404,PRD-00841,ITM-000061718,2021-11-06,3,Good quality and exactly ,Good quality and exactly as expected.,True
REV-0003483,CUS-005480,PRD-00278,ITM-000043377,2023-10-12,5,Good quality and exactly ,Good quality and exactly as expected.,True
REV-0003484,CUS-011283,PRD-00356,ITM-000055651,2024-04-25,4,Good quality and exactly ,Good quality and exactly as expected.,True
REV-0003485,CUS-010349,PRD-00280,ITM-000009583,2020-04-27,5,Good quality and exactly ,Good quality and exactly as expected.,True
REV-0003486,CUS-000053,PRD-00606,ITM-000008818,2026-09-22,5,Good quality and exactly ,Good quality and exactly as expected.,True
REV-0003487,CUS-009468,PRD-00132,ITM-000034362,2023-05-10,4,,,True
REV-0003488,CUS-008541,PRD-00341,ITM-000040092,2024-12-08,5,,,True
REV-0003489,CUS-004591,PRD-00479,ITM-000030744,2026-06-08,3,Good quality and exactly ,Good quality and exactly as expected.,True
REV-0003490,CUS-010284,PRD-00713,ITM-000042470,2023-10-07,3,Good quality and exactly ,Good quality and exactly as expected.,True
REV-0003491,CUS-000125,PRD-00163,ITM-000004630,2024-04-13,2,Product quality was disap,Product quality was disappointing.,True
REV-0003492,CUS-010726,PRD-00160,ITM-000020354,2022-01-06,5,,,True
REV-0003493,CUS-010793,PRD-00166,ITM-000041298,2023-02-20,1,Product quality was disap,Product quality was disappointing.,True
REV-0003494,CUS-000876,PRD-00415,ITM-000048716,2024-11-07,4,Good quality and exactly ,Good quality and exactly as expected.,True
REV-0003495,CUS-008758,PRD-00360,ITM-000030612,2022-03-31,5,Good quality and exactly ,Good quality and exactly as expected.,True
REV-0003496,CUS-008393,PRD-00022,ITM-000061564,2024-03-05,4,Good quality and exactly ,Good quality and exactly as expected.,True
REV-0003497,CUS-004765,PRD-00543,ITM-000073916,2026-05-20,3,Good quality and exactly ,Good quality and exactly as expected.,True
REV-0003498,CUS-005335,PRD-00457,ITM-000040288,2021-07-30,5,Good quality and exactly ,Good quality and exactly as expected.,True
REV-0003499,CUS-005742,PRD-00346,ITM-000034982,2026-05-03,5,Good quality and exactly ,Good quality and exactly as expected.,True
REV-0003500,CUS-002857,PRD-00696,ITM-000015733,2024-08-29,1,Product quality was disap,Product quality was disappointing.,True
REV-0003501,CUS-000439,PRD-00387,ITM-000014321,2025-09-19,4,Good quality and exactly ,Good quality and exactly as expected.,True
REV-0003502,CUS-011675,PRD-00756,ITM-000046405,2021-12-20,4,Good quality and exactly ,Good quality and exactly as expected.,True
REV-0003503,,PRD-00712,ITM-000017298,2022-02-02,4,Good quality and exactly ,Good quality and exactly as expected.,True
REV-0003504,CUS-011109,PRD-00086,ITM-000076700,2021-05-12,2,Product quality was disap,Product quality was disappointing.,True
REV-0003505,CUS-000977,PRD-00460,ITM-000079320,2024-01-13,5,Good quality and exactly ,Good quality and exactly as expected.,True
REV-0003506,,PRD-00361,ITM-000077711,2023-04-17,5,Good quality and exactly ,Good quality and exactly as expected.,True
REV-0003507,CUS-010997,PRD-00088,ITM-000039961,2025-10-17,5,Good quality and exactly ,Good quality and exactly as expected.,True
REV-0003508,CUS-002702,PRD-00496,ITM-000013648,2021-06-09,4,Good quality and exactly ,Good quality and exactly as expected.,True
REV-0003509,CUS-009936,PRD-00626,ITM-000010296,2024-05-20,5,Good quality and exactly ,Good quality and exactly as expected.,True
REV-0003510,CUS-005511,PRD-00818,ITM-000033272,2026-03-25,3,Good quality and exactly ,Good quality and exactly as expected.,True
REV-0003511,CUS-000758,PRD-00267,ITM-000001164,2022-02-16,5,Good quality and exactly ,Good quality and exactly as expected.,True
REV-0003512,CUS-001967,PRD-00240,ITM-000038278,2023-06-25,5,Good quality and exactly ,Good quality and exactly as expected.,True
REV-0003513,CUS-007158,PRD-00469,ITM-000020656,2025-09-07,5,Good quality and exactly ,Good quality and exactly as expected.,True
REV-0003514,CUS-007113,PRD-00267,ITM-000070223,2024-10-29,3,Good quality and exactly ,Good quality and exactly as expected.,True
REV-0003515,CUS-001695,PRD-00354,ITM-000046817,2025-02-22,5,Good quality and exactly ,Good quality and exactly as expected.,True
REV-0003516,CUS-005678,PRD-00013,ITM-000057644,2026-01-28,5,Good quality and exactly ,Good quality and exactly as expected.,True
REV-0003517,CUS-010243,PRD-00398,ITM-000063501,2021-01-28,2,Product quality was disap,Product quality was disappointing.,True
REV-0003518,CUS-006235,PRD-00175,ITM-000076655,2020-07-30,4,,,True
REV-0003519,CUS-011811,PRD-00279,ITM-000061851,2025-05-12,3,Good quality and exactly ,Good quality and exactly as expected.,True
REV-0003520,,PRD-00730,ITM-000030078,2026-07-16,5,,,True
REV-0003521,CUS-006070,PRD-00386,ITM-000075166,2026-08-15,5,Good quality and exactly ,Good quality and exactly as expected.,True
REV-0003522,CUS-003771,PRD-00099,ITM-000043253,2022-09-25,3,Good quality and exactly ,Good quality and exactly as expected.,True
REV-0003523,CUS-003048,PRD-00503,ITM-000074377,2023-08-24,5,Good quality and exactly ,Good quality and exactly as expected.,True
REV-0003524,CUS-010368,PRD-00291,ITM-000027455,2022-11-23,2,Product quality was disap,Product quality was disappointing.,True
REV-0003525,CUS-006223,PRD-00326,ITM-000061382,2021-09-16,5,Good quality and exactly ,Good quality and exactly as expected.,True
REV-0003526,CUS-003559,PRD-00052,ITM-000038961,2023-05-30,2,Product quality was disap,Product quality was disappointing.,True
REV-0003527,CUS-003873,PRD-00105,ITM-000025680,2025-08-30,4,Good quality and exactly ,Good quality and exactly as expected.,True
REV-0003528,CUS-004271,PRD-00228,ITM-000030427,2026-09-06,4,Good quality and exactly ,Good quality and exactly as expected.,True
REV-0003529,CUS-009870,PRD-00174,ITM-000050342,2021-03-26,5,Good quality and exactly ,Good quality and exactly as expected.,True
REV-0003530,CUS-004913,PRD-00351,ITM-000024779,2021-02-22,5,Good quality and exactly ,Good quality and exactly as expected.,True
REV-0003531,CUS-007256,PRD-00498,ITM-000033868,2020-06-24,5,Good quality and exactly ,Good quality and exactly as expected.,True
REV-0003532,CUS-007057,PRD-00870,ITM-000036555,2023-05-06,4,Good quality and exactly ,Good quality and exactly as expected.,True
REV-0003533,CUS-000918,PRD-00844,ITM-000014612,2020-07-19,4,,,True
REV-0003534,CUS-003300,PRD-00461,ITM-000012518,2020-08-06,5,,,True
REV-0003535,CUS-004295,PRD-00743,ITM-000034764,2020-06-09,1,Product quality was disap,Product quality was disappointing.,True
REV-0003536,CUS-004775,PRD-00880,ITM-000035847,2023-09-25,1,Product quality was disap,Product quality was disappointing.,True
REV-0003537,CUS-011090,PRD-00737,ITM-000020115,2024-06-29,5,Good quality and exactly ,Good quality and exactly as expected.,True
REV-0003538,CUS-007511,PRD-00539,ITM-000018498,2021-07-28,5,Good quality and exactly ,Good quality and exactly as expected.,True
REV-0003539,CUS-008165,PRD-00101,ITM-000073769,2024-12-05,5,,,True
REV-0003540,CUS-010585,PRD-00742,ITM-000036908,2023-05-20,5,Good quality and exactly ,Good quality and exactly as expected.,True
REV-0003541,CUS-006390,PRD-00790,ITM-000039579,2022-10-08,4,Good quality and exactly ,Good quality and exactly as expected.,True
REV-0003542,CUS-005976,PRD-00775,ITM-000017584,2024-04-30,5,Good quality and exactly ,Good quality and exactly as expected.,True
REV-0003543,CUS-000115,PRD-00057,ITM-000079075,2024-04-24,3,Good quality and exactly ,Good quality and exactly as expected.,True
REV-0003544,CUS-002959,PRD-00242,ITM-000035080,2024-03-10,4,Good quality and exactly ,Good quality and exactly as expected.,True
REV-0003545,CUS-002060,PRD-00791,ITM-000070136,2024-06-27,4,Good quality and exactly ,Good quality and exactly as expected.,True
REV-0003546,CUS-001843,PRD-00481,ITM-000066226,2020-10-27,5,Good quality and exactly ,Good quality and exactly as expected.,True
REV-0003547,CUS-009135,PRD-00529,ITM-000025512,2024-01-28,5,Good quality and exactly ,Good quality and exactly as expected.,True
REV-0003548,CUS-011806,PRD-00330,ITM-000078975,2024-01-04,1,Product quality was disap,Product quality was disappointing.,True
REV-0003549,CUS-005805,PRD-00110,ITM-000018049,2020-12-11,4,Good quality and exactly ,Good quality and exactly as expected.,True
REV-0003550,CUS-005558,PRD-00390,ITM-000012120,2020-09-04,5,Good quality and exactly ,Good quality and exactly as expected.,True
REV-0003551,CUS-010117,PRD-00632,ITM-000035253,2022-08-08,4,Good quality and exactly ,Good quality and exactly as expected.,True
REV-0003552,CUS-005340,PRD-00456,ITM-000043307,2020-08-30,2,,,True
REV-0003553,CUS-001367,PRD-00790,ITM-000027369,2025-01-14,3,Good quality and exactly ,Good quality and exactly as expected.,True
REV-0003554,CUS-005124,PRD-00854,ITM-000056835,2024-05-25,4,Good quality and exactly ,Good quality and exactly as expected.,True
REV-0003555,CUS-000327,PRD-00774,ITM-000022669,2025-06-21,5,Good quality and exactly ,Good quality and exactly as expected.,True
REV-0003556,CUS-004806,PRD-00648,ITM-000030624,2022-09-16,3,Good quality and exactly ,Good quality and exactly as expected.,True
REV-0003557,CUS-008642,PRD-00621,ITM-000030111,2026-04-30,2,,,True
REV-0003558,CUS-006231,PRD-00147,ITM-000054484,2024-08-26,5,Good quality and exactly ,Good quality and exactly as expected.,True
REV-0003559,CUS-004754,PRD-00203,ITM-000014373,2020-07-12,5,,,True
REV-0003560,CUS-009397,PRD-00407,ITM-000000938,2020-12-10,5,Good quality and exactly ,Good quality and exactly as expected.,True
REV-0003561,CUS-003209,PRD-00210,ITM-000029304,2023-05-03,1,Product quality was disap,Product quality was disappointing.,True
REV-0003562,CUS-007283,PRD-00072,ITM-000071475,2023-11-15,2,Product quality was disap,Product quality was disappointing.,True
REV-0003563,CUS-008508,PRD-00515,ITM-000027198,2022-10-18,4,Good quality and exactly ,Good quality and exactly as expected.,True
REV-0003564,CUS-010393,PRD-00043,ITM-000002310,2020-06-19,5,Good quality and exactly ,Good quality and exactly as expected.,True
REV-0003565,CUS-004259,PRD-00495,ITM-000050967,2022-07-19,4,Good quality and exactly ,Good quality and exactly as expected.,True
REV-0003566,CUS-006528,PRD-00708,ITM-000074997,2024-07-12,3,Good quality and exactly ,Good quality and exactly as expected.,True
REV-0003567,CUS-011266,PRD-00845,ITM-000021115,2021-04-19,4,Good quality and exactly ,Good quality and exactly as expected.,True
REV-0003568,CUS-003880,PRD-00699,ITM-000045634,2023-06-23,3,Good quality and exactly ,Good quality and exactly as expected.,True
REV-0003569,CUS-010687,PRD-00143,ITM-000025240,2025-06-11,3,Good quality and exactly ,Good quality and exactly as expected.,True
REV-0003570,CUS-005501,PRD-00830,ITM-000074402,2024-10-27,5,Good quality and exactly ,Good quality and exactly as expected.,True
REV-0003571,CUS-008746,PRD-00129,ITM-000075114,2026-09-24,5,Good quality and exactly ,Good quality and exactly as expected.,True
REV-0003572,CUS-010359,PRD-00071,ITM-000033223,2021-07-27,4,,,True
REV-0003573,CUS-007775,PRD-00053,ITM-000017545,2022-03-02,4,,,True
REV-0003574,CUS-004421,PRD-00191,ITM-000036943,2020-10-25,4,Good quality and exactly ,Good quality and exactly as expected.,True
REV-0003575,CUS-011525,PRD-00412,ITM-000001929,2025-08-15,3,Good quality and exactly ,Good quality and exactly as expected.,True
REV-0003576,CUS-005918,PRD-00846,ITM-000047235,2020-01-25,5,Good quality and exactly ,Good quality and exactly as expected.,True
REV-0003577,CUS-011442,PRD-00319,ITM-000073007,2020-07-20,3,Good quality and exactly ,Good quality and exactly as expected.,True
REV-0003578,CUS-007458,PRD-00854,ITM-000024347,2023-10-23,4,Good quality and exactly ,Good quality and exactly as expected.,True
REV-0003579,CUS-002112,PRD-00620,ITM-000065635,2024-12-26,2,Product quality was disap,Product quality was disappointing.,True
REV-0003580,CUS-007120,PRD-00287,ITM-000063077,2024-10-31,3,Good quality and exactly ,Good quality and exactly as expected.,True
REV-0003581,CUS-009908,PRD-00385,ITM-000028589,2024-11-13,5,Good quality and exactly ,Good quality and exactly as expected.,True
REV-0003582,CUS-010876,PRD-00871,ITM-000015481,2021-10-16,2,Product quality was disap,Product quality was disappointing.,True
REV-0003583,CUS-008513,PRD-00465,ITM-000041937,2022-09-03,5,,,True
REV-0003584,,PRD-00881,ITM-000043313,2025-03-04,4,Good quality and exactly ,Good quality and exactly as expected.,True
REV-0003585,CUS-006803,PRD-00832,ITM-000069767,2020-08-30,5,Good quality and exactly ,Good quality and exactly as expected.,True
REV-0003586,CUS-001909,PRD-00327,ITM-000070860,2021-11-09,5,Good quality and exactly ,Good quality and exactly as expected.,True
REV-0003587,CUS-007087,PRD-00791,ITM-000023803,2025-10-03,5,Good quality and exactly ,Good quality and exactly as expected.,True
REV-0003588,CUS-007976,PRD-00372,ITM-000034232,2022-12-31,3,,,True
REV-0003589,CUS-000538,PRD-00482,ITM-000006060,2025-09-25,4,Good quality and exactly ,Good quality and exactly as expected.,True
REV-0003590,CUS-006911,PRD-00086,ITM-000048250,2021-06-11,5,Good quality and exactly ,Good quality and exactly as expected.,True
REV-0003591,CUS-005886,PRD-00836,ITM-000026727,2024-06-20,1,Product quality was disap,Product quality was disappointing.,True
REV-0003592,CUS-003258,PRD-00307,ITM-000012684,2023-04-22,4,Good quality and exactly ,Good quality and exactly as expected.,True
REV-0003593,CUS-008701,PRD-00173,ITM-000049693,2021-03-05,4,Good quality and exactly ,Good quality and exactly as expected.,True
REV-0003594,CUS-005735,PRD-00858,ITM-000022948,2026-01-24,3,,,True
REV-0003595,CUS-003969,PRD-00632,ITM-000074123,2026-03-08,4,Good quality and exactly ,Good quality and exactly as expected.,True
REV-0003596,CUS-002349,PRD-00551,ITM-000013060,2024-06-21,4,Good quality and exactly ,Good quality and exactly as expected.,True
REV-0003597,CUS-008455,PRD-00015,ITM-000038079,2023-10-13,4,Good quality and exactly ,Good quality and exactly as expected.,True
REV-0003598,CUS-009239,PRD-00661,ITM-000062420,2024-05-22,5,,,True
REV-0003599,CUS-005038,PRD-00141,ITM-000063351,2025-12-31,2,Product quality was disap,Product quality was disappointing.,True
REV-0003600,CUS-010713,PRD-00284,ITM-000026362,2021-12-12,4,,,True
REV-0003601,CUS-003281,PRD-00356,ITM-000008167,2025-06-22,5,Good quality and exactly ,Good quality and exactly as expected.,True
REV-0003602,CUS-002586,PRD-00186,ITM-000012740,2022-03-30,5,,,True
REV-0003603,CUS-003779,PRD-00796,ITM-000076147,2021-12-30,4,Good quality and exactly ,Good quality and exactly as expected.,True
REV-0003604,,PRD-00247,ITM-000027412,2023-05-28,3,Good quality and exactly ,Good quality and exactly as expected.,True
REV-0003605,CUS-000206,PRD-00355,ITM-000034755,2022-02-04,5,,,True
REV-0003606,CUS-004926,PRD-00244,ITM-000032767,2024-12-30,5,Good quality and exactly ,Good quality and exactly as expected.,True
REV-0003607,CUS-004716,PRD-00489,ITM-000076989,2020-04-04,5,Good quality and exactly ,Good quality and exactly as expected.,True
REV-0003608,CUS-011343,PRD-00457,ITM-000000586,2026-04-21,2,Product quality was disap,Product quality was disappointing.,True
REV-0003609,CUS-006923,PRD-00636,ITM-000023389,2023-12-08,4,,,True
REV-0003610,CUS-003989,PRD-00725,ITM-000046350,2024-11-06,3,,,True
REV-0003611,CUS-001822,PRD-00869,ITM-000050505,2023-02-18,3,Good quality and exactly ,Good quality and exactly as expected.,True
REV-0003612,CUS-005386,PRD-00449,ITM-000015570,2020-11-18,4,Good quality and exactly ,Good quality and exactly as expected.,True
REV-0003613,CUS-004413,PRD-00709,ITM-000067106,2020-02-27,5,Good quality and exactly ,Good quality and exactly as expected.,True
REV-0003614,CUS-002531,PRD-00410,ITM-000058445,2023-12-04,5,Good quality and exactly ,Good quality and exactly as expected.,True
REV-0003615,CUS-003165,PRD-00301,ITM-000072484,2020-04-19,5,Good quality and exactly ,Good quality and exactly as expected.,True
REV-0003616,,PRD-00529,ITM-000013862,2021-05-08,4,,,True
REV-0003617,CUS-009207,PRD-00238,ITM-000054961,2025-05-07,5,Good quality and exactly ,Good quality and exactly as expected.,True
REV-0003618,CUS-001447,PRD-00725,ITM-000004703,2020-05-31,3,Good quality and exactly ,Good quality and exactly as expected.,True
REV-0003619,CUS-000281,PRD-00626,ITM-000009811,2022-07-25,5,Good quality and exactly ,Good quality and exactly as expected.,True
REV-0003620,CUS-006659,PRD-00856,ITM-000036635,2025-04-21,4,Good quality and exactly ,Good quality and exactly as expected.,True
REV-0003621,CUS-009535,PRD-00383,ITM-000075970,2021-04-08,5,Good quality and exactly ,Good quality and exactly as expected.,True
REV-0003622,CUS-004282,PRD-00824,ITM-000011356,2021-06-04,3,Good quality and exactly ,Good quality and exactly as expected.,True
REV-0003623,CUS-004760,PRD-00544,ITM-000068213,2024-05-18,3,Good quality and exactly ,Good quality and exactly as expected.,True
REV-0003624,CUS-001611,PRD-00300,ITM-000017237,2021-08-11,5,Good quality and exactly ,Good quality and exactly as expected.,True
REV-0003625,,PRD-00332,ITM-000015706,2026-07-02,5,Good quality and exactly ,Good quality and exactly as expected.,True
REV-0003626,CUS-004483,PRD-00290,ITM-000048776,2022-05-18,5,,,True
REV-0003627,CUS-002275,PRD-00380,ITM-000031037,2024-10-15,4,Good quality and exactly ,Good quality and exactly as expected.,True
REV-0003628,CUS-007316,PRD-00613,ITM-000057087,2026-01-05,5,Good quality and exactly ,Good quality and exactly as expected.,True
REV-0003629,,PRD-00114,ITM-000057568,2021-08-17,1,Product quality was disap,Product quality was disappointing.,True
REV-0003630,CUS-010415,PRD-00390,ITM-000070533,2022-08-13,4,Good quality and exactly ,Good quality and exactly as expected.,True
REV-0003631,CUS-004735,PRD-00724,ITM-000057284,2022-04-06,3,Good quality and exactly ,Good quality and exactly as expected.,True
REV-0003632,CUS-003220,PRD-00144,ITM-000007603,2021-01-16,2,Product quality was disap,Product quality was disappointing.,True
REV-0003633,CUS-011628,PRD-00770,ITM-000006794,2023-02-05,5,Good quality and exactly ,Good quality and exactly as expected.,True
REV-0003634,CUS-009085,PRD-00527,ITM-000041521,2023-11-18,4,Good quality and exactly ,Good quality and exactly as expected.,True
REV-0003635,CUS-001101,PRD-00760,ITM-000005396,2022-11-08,5,Good quality and exactly ,Good quality and exactly as expected.,True
REV-0003636,CUS-008041,PRD-00156,ITM-000056688,2021-12-10,4,Good quality and exactly ,Good quality and exactly as expected.,True
REV-0003637,CUS-007825,PRD-00291,ITM-000062283,2021-07-22,4,Good quality and exactly ,Good quality and exactly as expected.,True
REV-0003638,CUS-004997,PRD-00613,ITM-000044245,2020-03-28,5,Good quality and exactly ,Good quality and exactly as expected.,True
REV-0003639,CUS-001313,PRD-00684,ITM-000004107,2021-05-30,3,Good quality and exactly ,Good quality and exactly as expected.,True
REV-0003640,CUS-004491,PRD-00516,ITM-000019223,2021-11-09,1,Product quality was disap,Product quality was disappointing.,True
REV-0003641,CUS-000169,PRD-00702,ITM-000022095,2020-12-31,3,Good quality and exactly ,Good quality and exactly as expected.,True
REV-0003642,CUS-008707,PRD-00007,ITM-000020638,2024-03-02,4,Good quality and exactly ,Good quality and exactly as expected.,True
REV-0003643,CUS-001132,PRD-00355,ITM-000013880,2025-09-09,5,Good quality and exactly ,Good quality and exactly as expected.,True
REV-0003644,CUS-000403,PRD-00358,ITM-000056239,2026-05-03,5,Good quality and exactly ,Good quality and exactly as expected.,True
REV-0003645,CUS-007108,PRD-00242,ITM-000038583,2024-03-17,3,Good quality and exactly ,Good quality and exactly as expected.,True
REV-0003646,CUS-007706,PRD-00808,ITM-000078289,2024-11-29,5,,,True
REV-0003647,CUS-000925,PRD-00043,ITM-000039951,2021-03-05,5,Good quality and exactly ,Good quality and exactly as expected.,True
REV-0003648,CUS-006253,PRD-00399,ITM-000006160,2024-07-16,4,Good quality and exactly ,Good quality and exactly as expected.,True
REV-0003649,CUS-009287,PRD-00617,ITM-000077125,2026-04-29,3,Good quality and exactly ,Good quality and exactly as expected.,True
REV-0003650,,PRD-00411,ITM-000006395,2026-01-15,5,Good quality and exactly ,Good quality and exactly as expected.,True
REV-0003651,CUS-000426,PRD-00236,ITM-000010278,2021-12-23,5,Good quality and exactly ,Good quality and exactly as expected.,True
REV-0003652,CUS-011796,PRD-00281,ITM-000058715,2023-04-02,5,Good quality and exactly ,Good quality and exactly as expected.,True
REV-0003653,CUS-010698,PRD-00180,ITM-000017191,2026-05-28,4,Good quality and exactly ,Good quality and exactly as expected.,True
REV-0003654,CUS-000901,PRD-00138,ITM-000067201,2021-06-25,4,Good quality and exactly ,Good quality and exactly as expected.,True
REV-0003655,CUS-010865,PRD-00148,ITM-000003556,2026-04-29,5,Good quality and exactly ,Good quality and exactly as expected.,True
REV-0003656,CUS-010016,PRD-00212,ITM-000030910,2021-09-14,5,Good quality and exactly ,Good quality and exactly as expected.,True
REV-0003657,CUS-007971,PRD-00542,ITM-000016131,2020-10-17,5,,,True
REV-0003658,CUS-001604,PRD-00006,ITM-000034907,2025-06-08,4,Good quality and exactly ,Good quality and exactly as expected.,True
REV-0003659,CUS-002787,PRD-00401,ITM-000008764,2021-01-14,4,Good quality and exactly ,Good quality and exactly as expected.,True
REV-0003660,CUS-004515,PRD-00321,ITM-000006890,2026-07-28,3,Good quality and exactly ,Good quality and exactly as expected.,True
REV-0003661,,PRD-00458,ITM-000067801,2022-07-09,5,Good quality and exactly ,Good quality and exactly as expected.,True
REV-0003662,CUS-002855,PRD-00504,ITM-000063811,2022-09-21,5,Good quality and exactly ,Good quality and exactly as expected.,True
REV-0003663,CUS-007366,PRD-00758,ITM-000042176,2024-07-18,5,Good quality and exactly ,Good quality and exactly as expected.,True
REV-0003664,CUS-002126,PRD-00242,ITM-000078042,2023-07-05,4,Good quality and exactly ,Good quality and exactly as expected.,True
REV-0003665,CUS-000655,PRD-00844,ITM-000061756,2024-04-02,4,Good quality and exactly ,Good quality and exactly as expected.,True
REV-0003666,CUS-007386,PRD-00833,ITM-000059212,2024-12-22,5,Good quality and exactly ,Good quality and exactly as expected.,True
REV-0003667,CUS-001906,PRD-00408,ITM-000012619,2024-07-06,5,Good quality and exactly ,Good quality and exactly as expected.,True
REV-0003668,CUS-003815,PRD-00568,ITM-000044290,2021-05-23,4,Good quality and exactly ,Good quality and exactly as expected.,True
REV-0003669,CUS-002252,PRD-00280,ITM-000029313,2024-07-06,4,Good quality and exactly ,Good quality and exactly as expected.,True
REV-0003670,CUS-009091,PRD-00081,ITM-000028959,2022-07-04,5,Good quality and exactly ,Good quality and exactly as expected.,True
REV-0003671,CUS-000511,PRD-00479,ITM-000072598,2024-03-31,2,Product quality was disap,Product quality was disappointing.,True
REV-0003672,CUS-006939,PRD-00518,ITM-000030980,2024-10-29,5,,,True
REV-0003673,CUS-004713,PRD-00209,ITM-000050898,2025-09-24,1,Product quality was disap,Product quality was disappointing.,True
REV-0003674,CUS-003803,PRD-00379,ITM-000057978,2023-04-28,5,Good quality and exactly ,Good quality and exactly as expected.,True
REV-0003675,CUS-007526,PRD-00751,ITM-000077500,2021-10-26,5,Good quality and exactly ,Good quality and exactly as expected.,True
REV-0003676,CUS-003555,PRD-00111,ITM-000013449,2025-10-09,5,Good quality and exactly ,Good quality and exactly as expected.,True
REV-0003677,CUS-001339,PRD-00753,ITM-000053441,2025-03-25,4,,,True
REV-0003678,CUS-006259,PRD-00724,ITM-000074261,2025-12-08,3,Good quality and exactly ,Good quality and exactly as expected.,True
REV-0003679,CUS-004160,PRD-00797,ITM-000056103,2020-08-10,5,Good quality and exactly ,Good quality and exactly as expected.,True
REV-0003680,CUS-010159,PRD-00791,ITM-000077528,2022-05-11,4,Good quality and exactly ,Good quality and exactly as expected.,True
REV-0003681,CUS-009775,PRD-00076,ITM-000056885,2020-07-19,5,Good quality and exactly ,Good quality and exactly as expected.,True
REV-0003682,CUS-008232,PRD-00816,ITM-000070254,2023-07-01,1,Product quality was disap,Product quality was disappointing.,True
REV-0003683,CUS-001357,PRD-00725,ITM-000064856,2021-10-26,4,,,True
REV-0003684,CUS-004302,PRD-00727,ITM-000061703,2024-09-11,4,Good quality and exactly ,Good quality and exactly as expected.,True
REV-0003685,CUS-011734,PRD-00477,ITM-000076685,2023-11-22,3,Good quality and exactly ,Good quality and exactly as expected.,True
REV-0003686,CUS-004999,PRD-00852,ITM-000035832,2020-05-16,5,Good quality and exactly ,Good quality and exactly as expected.,True
REV-0003687,CUS-007684,PRD-00238,ITM-000076380,2021-04-28,1,Product quality was disap,Product quality was disappointing.,True
REV-0003688,CUS-005623,PRD-00885,ITM-000058880,2025-03-25,5,,,True
REV-0003689,CUS-003208,PRD-00148,ITM-000036408,2024-11-02,1,Product quality was disap,Product quality was disappointing.,True
REV-0003690,CUS-000255,PRD-00364,ITM-000078236,2024-02-20,5,Good quality and exactly ,Good quality and exactly as expected.,True
REV-0003691,CUS-009249,PRD-00823,ITM-000066223,2026-03-21,2,Product quality was disap,Product quality was disappointing.,True
REV-0003692,CUS-003535,PRD-00880,ITM-000012757,2020-03-28,4,Good quality and exactly ,Good quality and exactly as expected.,True
REV-0003693,CUS-003334,PRD-00150,ITM-000030662,2026-05-04,5,,,True
REV-0003694,CUS-011078,PRD-00556,ITM-000030502,2023-08-07,4,,,True
REV-0003695,CUS-004867,PRD-00659,ITM-000034828,2026-07-19,4,Good quality and exactly ,Good quality and exactly as expected.,True
REV-0003696,CUS-006891,PRD-00503,ITM-000059184,2026-07-24,5,Good quality and exactly ,Good quality and exactly as expected.,True
REV-0003697,CUS-004666,PRD-00295,ITM-000068418,2022-10-27,5,Good quality and exactly ,Good quality and exactly as expected.,True
REV-0003698,CUS-000285,PRD-00307,ITM-000073525,2020-03-13,3,,,True
REV-0003699,CUS-009771,PRD-00590,ITM-000079183,2021-03-28,5,Good quality and exactly ,Good quality and exactly as expected.,True
REV-0003700,,PRD-00507,ITM-000009052,2022-01-03,1,Product quality was disap,Product quality was disappointing.,True
REV-0003701,CUS-000792,PRD-00293,ITM-000077487,2023-03-13,3,,,True
REV-0003702,CUS-004200,PRD-00390,ITM-000004603,2020-10-20,4,Good quality and exactly ,Good quality and exactly as expected.,True
REV-0003703,CUS-010712,PRD-00688,ITM-000036014,2023-11-04,3,Good quality and exactly ,Good quality and exactly as expected.,True
REV-0003704,CUS-002387,PRD-00763,ITM-000023635,2023-05-04,4,Good quality and exactly ,Good quality and exactly as expected.,True
REV-0003705,CUS-010968,PRD-00173,ITM-000071967,2024-08-22,3,Good quality and exactly ,Good quality and exactly as expected.,True
REV-0003706,CUS-000150,PRD-00425,ITM-000018660,2024-02-21,4,Good quality and exactly ,Good quality and exactly as expected.,True
REV-0003707,CUS-004856,PRD-00443,ITM-000059930,2025-05-13,4,Good quality and exactly ,Good quality and exactly as expected.,True
REV-0003708,CUS-005538,PRD-00171,ITM-000042466,2026-02-14,5,Good quality and exactly ,Good quality and exactly as expected.,True
REV-0003709,CUS-010089,PRD-00167,ITM-000068987,2022-02-06,1,,,True
REV-0003710,CUS-010934,PRD-00326,ITM-000014068,2022-03-16,3,Good quality and exactly ,Good quality and exactly as expected.,True
REV-0003711,CUS-007289,PRD-00865,ITM-000001274,2020-10-14,5,Good quality and exactly ,Good quality and exactly as expected.,True
REV-0003712,CUS-008574,PRD-00842,ITM-000030232,2020-11-01,5,Good quality and exactly ,Good quality and exactly as expected.,True
REV-0003713,CUS-005443,PRD-00387,ITM-000024094,2024-02-20,5,Good quality and exactly ,Good quality and exactly as expected.,True
REV-0003714,CUS-005613,PRD-00360,ITM-000071162,2025-04-30,3,Good quality and exactly ,Good quality and exactly as expected.,True
REV-0003715,CUS-001802,PRD-00605,ITM-000021207,2022-04-05,3,Good quality and exactly ,Good quality and exactly as expected.,True
REV-0003716,CUS-001959,PRD-00062,ITM-000070823,2025-11-18,1,Product quality was disap,Product quality was disappointing.,True
REV-0003717,CUS-001966,PRD-00137,ITM-000030330,2021-02-21,3,Good quality and exactly ,Good quality and exactly as expected.,True
REV-0003718,CUS-006833,PRD-00561,ITM-000030160,2020-09-04,5,Good quality and exactly ,Good quality and exactly as expected.,True
REV-0003719,CUS-001773,PRD-00160,ITM-000077791,2026-06-29,5,Good quality and exactly ,Good quality and exactly as expected.,True
REV-0003720,CUS-000907,PRD-00718,ITM-000064326,2024-09-18,4,Good quality and exactly ,Good quality and exactly as expected.,True
REV-0003721,CUS-004647,PRD-00029,ITM-000001625,2021-07-15,3,Good quality and exactly ,Good quality and exactly as expected.,True
REV-0003722,,PRD-00394,ITM-000044083,2023-12-21,2,,,True
REV-0003723,CUS-008354,PRD-00502,ITM-000040530,2020-10-28,5,,,True
REV-0003724,CUS-009655,PRD-00484,ITM-000004519,2025-06-10,1,Product quality was disap,Product quality was disappointing.,True
REV-0003725,CUS-011604,PRD-00482,ITM-000024243,2023-07-15,5,,,True
REV-0003726,CUS-005657,PRD-00753,ITM-000003004,2025-03-04,5,Good quality and exactly ,Good quality and exactly as expected.,True
REV-0003727,CUS-001586,PRD-00648,ITM-000079090,2022-01-11,5,Good quality and exactly ,Good quality and exactly as expected.,True
REV-0003728,CUS-008603,PRD-00048,ITM-000074774,2024-09-23,1,Product quality was disap,Product quality was disappointing.,True
REV-0003729,CUS-011232,PRD-00713,ITM-000057136,2023-06-07,3,Good quality and exactly ,Good quality and exactly as expected.,True
REV-0003730,CUS-010715,PRD-00581,ITM-000027909,2025-03-02,4,Good quality and exactly ,Good quality and exactly as expected.,True
REV-0003731,CUS-003706,PRD-00521,ITM-000021275,2020-11-13,3,Good quality and exactly ,Good quality and exactly as expected.,True
REV-0003732,CUS-000640,PRD-00465,ITM-000012975,2025-05-04,5,Good quality and exactly ,Good quality and exactly as expected.,True
REV-0003733,,PRD-00491,ITM-000022812,2021-08-07,5,Good quality and exactly ,Good quality and exactly as expected.,True
REV-0003734,CUS-000422,PRD-00501,ITM-000034584,2025-03-15,4,Good quality and exactly ,Good quality and exactly as expected.,True
REV-0003735,CUS-007531,PRD-00655,ITM-000062324,2024-09-06,5,Good quality and exactly ,Good quality and exactly as expected.,True
REV-0003736,,PRD-00705,ITM-000023577,2022-09-03,2,Product quality was disap,Product quality was disappointing.,True
REV-0003737,CUS-011796,PRD-00613,ITM-000075809,2023-06-19,4,Good quality and exactly ,Good quality and exactly as expected.,True
REV-0003738,CUS-005943,PRD-00622,ITM-000042831,2025-01-22,3,Good quality and exactly ,Good quality and exactly as expected.,True
REV-0003739,CUS-008775,PRD-00830,ITM-000053323,2025-11-19,5,Good quality and exactly ,Good quality and exactly as expected.,True
REV-0003740,CUS-008486,PRD-00011,ITM-000037527,2023-12-31,4,Good quality and exactly ,Good quality and exactly as expected.,True
REV-0003741,CUS-007412,PRD-00717,ITM-000038829,2024-01-04,5,,,True
REV-0003742,CUS-009820,PRD-00181,ITM-000013138,2021-03-17,4,Good quality and exactly ,Good quality and exactly as expected.,True
REV-0003743,CUS-003812,PRD-00040,ITM-000030760,2024-09-15,4,Good quality and exactly ,Good quality and exactly as expected.,True
REV-0003744,CUS-001136,PRD-00804,ITM-000049540,2026-03-06,3,,,True
REV-0003745,CUS-002306,PRD-00102,ITM-000048072,2021-08-17,5,Good quality and exactly ,Good quality and exactly as expected.,True
REV-0003746,CUS-011674,PRD-00136,ITM-000023279,2025-04-11,4,,,True
REV-0003747,CUS-006031,PRD-00767,ITM-000074795,2022-11-09,5,Good quality and exactly ,Good quality and exactly as expected.,True
REV-0003748,CUS-001772,PRD-00459,ITM-000073059,2024-02-29,4,Good quality and exactly ,Good quality and exactly as expected.,True
REV-0003749,CUS-000394,PRD-00871,ITM-000073034,2022-09-25,5,,,True
REV-0003750,CUS-003548,PRD-00299,ITM-000068525,2026-01-24,5,Good quality and exactly ,Good quality and exactly as expected.,True
REV-0003751,CUS-007818,PRD-00723,ITM-000018834,2021-01-09,2,Product quality was disap,Product quality was disappointing.,True
REV-0003752,CUS-006451,PRD-00654,ITM-000077198,2024-08-31,4,Good quality and exactly ,Good quality and exactly as expected.,True
REV-0003753,CUS-001674,PRD-00611,ITM-000034591,2023-04-15,4,Good quality and exactly ,Good quality and exactly as expected.,True
REV-0003754,CUS-009182,PRD-00898,ITM-000046627,2020-10-27,4,,,True
REV-0003755,CUS-001282,PRD-00184,ITM-000016701,2020-03-22,5,Good quality and exactly ,Good quality and exactly as expected.,True
REV-0003756,CUS-010389,PRD-00183,ITM-000065016,2025-04-17,4,,,True
REV-0003757,CUS-003670,PRD-00152,ITM-000075503,2020-12-10,4,Good quality and exactly ,Good quality and exactly as expected.,True
REV-0003758,CUS-004130,PRD-00479,ITM-000001024,2026-03-26,2,Product quality was disap,Product quality was disappointing.,True
REV-0003759,CUS-007768,PRD-00652,ITM-000055650,2020-11-15,4,Good quality and exactly ,Good quality and exactly as expected.,True
REV-0003760,CUS-003054,PRD-00759,ITM-000010053,2025-02-13,4,Good quality and exactly ,Good quality and exactly as expected.,True
REV-0003761,CUS-007894,PRD-00719,ITM-000003530,2026-07-03,3,Good quality and exactly ,Good quality and exactly as expected.,True
REV-0003762,CUS-006929,PRD-00021,ITM-000003143,2022-05-11,5,Good quality and exactly ,Good quality and exactly as expected.,True
REV-0003763,CUS-004691,PRD-00582,ITM-000030855,2022-07-07,5,Good quality and exactly ,Good quality and exactly as expected.,True
REV-0003764,CUS-009867,PRD-00504,ITM-000067814,2021-05-26,4,,,True
REV-0003765,CUS-004669,PRD-00342,ITM-000050217,2025-01-09,3,Good quality and exactly ,Good quality and exactly as expected.,True
REV-0003766,CUS-003263,PRD-00675,ITM-000046644,2026-05-12,3,Good quality and exactly ,Good quality and exactly as expected.,True
REV-0003767,CUS-001732,PRD-00074,ITM-000073560,2023-05-04,5,Good quality and exactly ,Good quality and exactly as expected.,True
REV-0003768,CUS-003564,PRD-00763,ITM-000009561,2025-07-26,4,Good quality and exactly ,Good quality and exactly as expected.,True
REV-0003769,CUS-002981,PRD-00245,ITM-000025005,2021-07-08,4,Good quality and exactly ,Good quality and exactly as expected.,True
REV-0003770,CUS-003398,PRD-00026,ITM-000065082,2026-04-05,3,Good quality and exactly ,Good quality and exactly as expected.,True
REV-0003771,CUS-000441,PRD-00409,ITM-000026811,2022-11-14,4,Good quality and exactly ,Good quality and exactly as expected.,True
REV-0003772,CUS-001997,PRD-00213,ITM-000038070,2021-03-09,4,Good quality and exactly ,Good quality and exactly as expected.,True
REV-0003773,,PRD-00888,ITM-000000433,2024-10-05,5,Good quality and exactly ,Good quality and exactly as expected.,True
REV-0003774,CUS-007778,PRD-00137,ITM-000017434,2024-09-10,3,Good quality and exactly ,Good quality and exactly as expected.,True
REV-0003775,CUS-007094,PRD-00667,ITM-000013078,2023-01-12,4,,,True
REV-0003776,CUS-003485,PRD-00880,ITM-000010849,2026-06-24,5,Good quality and exactly ,Good quality and exactly as expected.,True
REV-0003777,CUS-006988,PRD-00663,ITM-000072160,2025-04-23,3,Good quality and exactly ,Good quality and exactly as expected.,True
REV-0003778,CUS-007633,PRD-00809,ITM-000063622,2021-06-18,3,,,True
REV-0003779,CUS-001891,PRD-00590,ITM-000048468,2026-03-01,5,Good quality and exactly ,Good quality and exactly as expected.,True
REV-0003780,CUS-009856,PRD-00095,ITM-000078481,2026-06-27,5,Good quality and exactly ,Good quality and exactly as expected.,True
REV-0003781,CUS-009101,PRD-00777,ITM-000005782,2026-08-28,2,Product quality was disap,Product quality was disappointing.,True
REV-0003782,CUS-011464,PRD-00513,ITM-000017672,2025-10-27,5,Good quality and exactly ,Good quality and exactly as expected.,True
REV-0003783,CUS-009279,PRD-00203,ITM-000011705,2023-05-06,4,,,True
REV-0003784,CUS-004501,PRD-00064,ITM-000048691,2023-05-17,5,Good quality and exactly ,Good quality and exactly as expected.,True
REV-0003785,CUS-001156,PRD-00662,ITM-000009381,2025-08-13,4,Good quality and exactly ,Good quality and exactly as expected.,True
REV-0003786,CUS-005171,PRD-00127,ITM-000028706,2021-01-26,1,,,True
REV-0003787,CUS-004183,PRD-00893,ITM-000033055,2021-07-22,4,Good quality and exactly ,Good quality and exactly as expected.,True
REV-0003788,CUS-000013,PRD-00198,ITM-000022251,2021-09-08,4,Good quality and exactly ,Good quality and exactly as expected.,True
REV-0003789,CUS-007462,PRD-00351,ITM-000037529,2023-03-01,4,Good quality and exactly ,Good quality and exactly as expected.,True
