ticket_id,customer_id,opened_at,closed_at,issue_type,channel,priority,agent_id,resolution_status,satisfaction_score
TKT-0000001,CUS-009096,2024-01-31 21:00:00,2024-02-01 03:00:00,Returns,Chat,Critical,AGT-315,Resolved,5.0
TKT-0000002,CUS-002221,2025-12-17 16:00:00,2025-12-20 05:00:00,Payment,Chat,Low,AGT-252,Resolved,
TKT-0000003,CUS-011324,2023-12-04 18:00:00,2023-12-08 16:00:00,Returns,Email,Low,AGT-092,Resolved,
TKT-0000004,CUS-002213,2024-05-02 23:00:00,2024-05-03 06:00:00,Delivery,Email,Medium,AGT-150,Resolved,
TKT-0000005,CUS-007333,2021-10-15 08:00:00,2021-10-18 20:00:00,Returns,Store,Medium,AGT-020,Resolved,
TKT-0000006,CUS-003074,2020-01-04 08:00:00,2020-01-08 11:00:00,Delivery,Store,Critical,AGT-284,Resolved,5.0
TKT-0000007,CUS-001484,2020-06-26 21:00:00,2020-06-28 00:00:00,Returns,Email,Low,AGT-040,Resolved,
TKT-0000008,CUS-000878,2020-07-25 01:00:00,2020-07-29 08:00:00,Product Quality,Phone,Critical,AGT-044,Resolved,5.0
TKT-0000009,CUS-004415,2020-05-11 01:00:00,2020-05-13 16:00:00,Returns,Store,High,AGT-069,Resolved,4.0
TKT-0000010,CUS-007754,2025-06-17 04:00:00,2025-06-18 00:00:00,Delivery,Chat,Medium,AGT-224,Resolved,4.0
TKT-0000011,CUS-004806,2022-02-28 04:00:00,2022-03-03 20:00:00,Product Quality,Social,Medium,AGT-105,Closed,
TKT-0000012,CUS-008520,2021-10-23 15:00:00,2021-10-25 06:00:00,Account,Chat,Medium,AGT-324,Resolved,3.0
TKT-0000013,CUS-007721,2020-11-18 19:00:00,2020-11-19 23:00:00,Account,Store,Medium,AGT-214,Resolved,
TKT-0000014,CUS-001189,2021-12-16 02:00:00,2021-12-18 16:00:00,Delivery,Social,Medium,AGT-053,Closed,5.0
TKT-0000015,CUS-006960,2024-12-28 14:00:00,2025-01-01 07:00:00,Product Quality,Social,Critical,AGT-025,Resolved,
TKT-0000016,CUS-003729,2023-05-02 21:00:00,,Product Quality,Email,Medium,AGT-037,Open,
TKT-0000017,CUS-004336,2023-12-23 13:00:00,2023-12-26 21:00:00,Product Quality,Chat,Low,AGT-329,Closed,4.0
TKT-0000018,CUS-005960,2025-02-10 12:00:00,,Product Quality,Phone,Medium,AGT-135,Open,
TKT-0000019,CUS-004799,2022-01-13 15:00:00,2022-01-18 14:00:00,Product Quality,Chat,Low,AGT-069,Resolved,
TKT-0000020,CUS-000777,2023-07-11 19:00:00,2023-07-15 17:00:00,Returns,Email,Medium,AGT-307,Closed,
TKT-0000021,CUS-006691,2025-10-12 19:00:00,2025-10-12 20:00:00,Delivery,Phone,Medium,AGT-250,Resolved,
TKT-0000022,CUS-006056,2021-05-22 18:00:00,2021-05-25 05:00:00,Returns,Chat,Medium,AGT-005,Resolved,4.0
TKT-0000023,CUS-007575,2024-08-01 19:00:00,2024-08-03 13:00:00,Delivery,Social,Low,AGT-289,Resolved,4.0
TKT-0000024,CUS-001839,2024-03-15 04:00:00,2024-03-18 03:00:00,Returns,Store,Low,AGT-148,Resolved,4.0
TKT-0000025,CUS-001332,2026-05-16 13:00:00,2026-05-21 01:00:00,Returns,Chat,Low,AGT-292,Resolved,
TKT-0000026,CUS-003490,2020-05-31 17:00:00,2020-05-31 20:00:00,Returns,Phone,Medium,AGT-310,Resolved,4.0
TKT-0000027,CUS-011844,2022-04-14 21:00:00,2022-04-15 13:00:00,Delivery,Email,Low,AGT-072,Resolved,
TKT-0000028,CUS-000701,2025-01-17 11:00:00,2025-01-19 03:00:00,Product Quality,Email,Medium,AGT-099,Resolved,
TKT-0000029,CUS-007648,2022-12-29 09:00:00,2023-01-02 20:00:00,Delivery,Phone,Low,AGT-004,Resolved,
TKT-0000030,CUS-004259,2026-01-15 17:00:00,2026-01-17 21:00:00,Delivery,Chat,Medium,AGT-127,Resolved,4.0
TKT-0000031,CUS-006158,2025-11-21 20:00:00,,Returns,Store,High,AGT-247,Open,
TKT-0000032,CUS-008778,2023-01-09 04:00:00,2023-01-13 05:00:00,Product Quality,Phone,Low,AGT-059,Resolved,5.0
TKT-0000033,CUS-002465,2022-03-10 23:00:00,2022-03-11 16:00:00,Delivery,Chat,High,AGT-296,Resolved,
TKT-0000034,CUS-004731,2026-02-22 00:00:00,2026-02-25 07:00:00,Payment,Store,Medium,AGT-323,Resolved,5.0
TKT-0000035,CUS-000540,2020-02-18 13:00:00,2020-02-20 21:00:00,Account,Phone,Low,AGT-089,Resolved,
TKT-0000036,CUS-006586,2024-09-28 17:00:00,2024-10-03 13:00:00,Delivery,Social,High,AGT-324,Resolved,2.0
TKT-0000037,CUS-005233,2024-04-26 23:00:00,2024-04-28 18:00:00,Payment,Email,Medium,AGT-089,Resolved,5.0
TKT-0000038,CUS-004833,2025-05-02 13:00:00,2025-05-04 11:00:00,Account,Email,Low,AGT-202,Resolved,4.0
TKT-0000039,CUS-007716,2022-01-17 17:00:00,2022-01-21 07:00:00,Delivery,Phone,Medium,AGT-131,Closed,
TKT-0000040,CUS-007671,2024-11-11 16:00:00,2024-11-15 21:00:00,Technical,Social,Medium,AGT-109,Resolved,5.0
TKT-0000041,CUS-009065,2026-06-09 19:00:00,2026-06-10 01:00:00,Delivery,Chat,High,AGT-297,Resolved,
TKT-0000042,CUS-002634,2021-02-20 08:00:00,,Account,Phone,Medium,AGT-032,Open,
TKT-0000043,CUS-009926,2023-12-23 11:00:00,,Promotion,Social,Medium,AGT-047,Open,
TKT-0000044,CUS-002256,2022-05-10 05:00:00,2022-05-14 15:00:00,Technical,Chat,Medium,AGT-246,Resolved,1.0
TKT-0000045,CUS-008499,2025-09-30 10:00:00,2025-09-30 22:00:00,Returns,Store,Low,AGT-274,Resolved,2.0
TKT-0000046,CUS-011246,2025-03-28 08:00:00,2025-03-31 23:00:00,Returns,Chat,High,AGT-076,Resolved,5.0
TKT-0000047,CUS-011557,2023-10-19 17:00:00,2023-10-23 11:00:00,Technical,Social,High,AGT-340,Resolved,
TKT-0000048,CUS-011358,2020-11-02 14:00:00,2020-11-05 05:00:00,Product Quality,Store,Low,AGT-305,Resolved,
TKT-0000049,CUS-001105,2021-12-04 11:00:00,,Returns,Social,Low,AGT-177,Open,
TKT-0000050,CUS-003791,2021-06-06 00:00:00,2021-06-10 19:00:00,Delivery,Email,Low,AGT-144,Resolved,
TKT-0000051,CUS-001552,2022-05-16 19:00:00,2022-05-18 14:00:00,Delivery,Email,Medium,AGT-187,Resolved,
TKT-0000052,CUS-008926,2026-07-18 13:00:00,,Delivery,Chat,Medium,AGT-154,Open,
TKT-0000053,CUS-004023,2022-02-08 12:00:00,2022-02-10 11:00:00,Payment,Phone,High,AGT-240,Resolved,4.0
TKT-0000054,CUS-000850,2024-02-15 04:00:00,2024-02-17 23:00:00,Returns,Email,Medium,AGT-350,Resolved,1.0
TKT-0000055,CUS-006310,2025-03-02 06:00:00,,Technical,Social,High,AGT-169,Open,
TKT-0000056,CUS-002193,2026-05-01 05:00:00,2026-05-03 04:00:00,Payment,Store,Low,AGT-076,Resolved,
TKT-0000057,CUS-011695,2023-10-25 06:00:00,2023-10-26 21:00:00,Delivery,Chat,High,AGT-150,Resolved,
TKT-0000058,CUS-005577,2026-08-05 16:00:00,2026-08-09 00:00:00,Returns,Chat,High,AGT-007,Resolved,5.0
TKT-0000059,CUS-010011,2020-01-18 02:00:00,,Payment,Phone,Low,AGT-250,Open,
TKT-0000060,CUS-006767,2021-07-07 08:00:00,2021-07-10 17:00:00,Delivery,Phone,Critical,AGT-072,Resolved,
TKT-0000061,CUS-001144,2020-04-10 10:00:00,2020-04-12 05:00:00,Delivery,Email,High,AGT-054,Resolved,5.0
TKT-0000062,CUS-006920,2020-01-21 05:00:00,2020-01-22 10:00:00,Returns,Chat,Medium,AGT-227,Resolved,
TKT-0000063,CUS-008171,2025-12-20 04:00:00,2025-12-23 14:00:00,Returns,Email,Low,AGT-125,Closed,
TKT-0000064,CUS-010774,2022-09-01 20:00:00,2022-09-03 17:00:00,Product Quality,Phone,Low,AGT-208,Resolved,5.0
TKT-0000065,CUS-002507,2020-04-13 09:00:00,2020-04-15 00:00:00,Delivery,Email,Medium,AGT-138,Resolved,5.0
TKT-0000066,CUS-008786,2023-06-03 13:00:00,2023-06-05 08:00:00,Delivery,Email,High,AGT-070,Closed,4.0
TKT-0000067,CUS-000152,2021-06-05 10:00:00,2021-06-07 17:00:00,Promotion,Email,Medium,AGT-252,Resolved,2.0
TKT-0000068,CUS-002174,2020-10-23 03:00:00,2020-10-24 08:00:00,Delivery,Store,Medium,AGT-324,Resolved,
TKT-0000069,CUS-001541,2021-06-13 15:00:00,2021-06-17 09:00:00,Payment,Chat,Low,AGT-157,Resolved,4.0
TKT-0000070,CUS-008065,2024-05-25 21:00:00,2024-05-29 02:00:00,Payment,Social,Medium,AGT-248,Resolved,5.0
TKT-0000071,CUS-001212,2021-04-20 02:00:00,2021-04-21 21:00:00,Delivery,Email,Medium,AGT-263,Resolved,5.0
TKT-0000072,CUS-004315,2021-03-15 15:00:00,2021-03-16 19:00:00,Payment,Chat,Low,AGT-078,Resolved,3.0
TKT-0000073,CUS-002048,2023-02-20 01:00:00,2023-02-21 20:00:00,Returns,Chat,Medium,AGT-096,Resolved,
TKT-0000074,CUS-004383,2021-10-01 19:00:00,,Returns,Social,Low,AGT-187,Open,
TKT-0000075,CUS-010085,2022-01-02 03:00:00,2022-01-02 17:00:00,Technical,Social,Medium,AGT-092,Resolved,5.0
TKT-0000076,CUS-007064,2023-03-16 02:00:00,2023-03-20 13:00:00,Account,Store,Low,AGT-279,Resolved,
TKT-0000077,CUS-010062,2023-05-23 01:00:00,2023-05-25 09:00:00,Returns,Email,Low,AGT-090,Resolved,3.0
TKT-0000078,CUS-003205,2024-09-07 10:00:00,2024-09-07 15:00:00,Delivery,Phone,High,AGT-328,Resolved,
TKT-0000079,CUS-005997,2025-07-09 17:00:00,2025-07-13 02:00:00,Product Quality,Phone,Medium,AGT-303,Resolved,2.0
TKT-0000080,CUS-002733,2022-05-03 02:00:00,,Delivery,Phone,Medium,AGT-287,Open,
TKT-0000081,CUS-004623,2020-07-29 23:00:00,2020-07-31 05:00:00,Promotion,Store,Medium,AGT-037,Closed,
TKT-0000082,CUS-002713,2024-12-26 12:00:00,2024-12-29 19:00:00,Product Quality,Social,Medium,AGT-254,Resolved,4.0
TKT-0000083,CUS-010946,2026-08-02 02:00:00,2026-08-04 15:00:00,Technical,Phone,Low,AGT-118,Closed,
TKT-0000084,CUS-001950,2026-04-30 08:00:00,2026-05-01 13:00:00,Account,Phone,Low,AGT-261,Resolved,
TKT-0000085,CUS-010490,2020-03-20 22:00:00,2020-03-25 08:00:00,Payment,Phone,Low,AGT-331,Resolved,5.0
TKT-0000086,CUS-009431,2022-08-06 03:00:00,2022-08-07 02:00:00,Payment,Social,Low,AGT-132,Resolved,2.0
TKT-0000087,CUS-010641,2024-04-20 18:00:00,2024-04-22 23:00:00,Product Quality,Chat,Medium,AGT-190,Resolved,
TKT-0000088,CUS-011594,2026-07-17 14:00:00,2026-07-20 04:00:00,Returns,Social,High,AGT-107,Closed,5.0
TKT-0000089,CUS-000652,2026-06-14 12:00:00,2026-06-16 23:00:00,Delivery,Email,Low,AGT-296,Resolved,
TKT-0000090,CUS-004870,2024-03-04 15:00:00,2024-03-07 08:00:00,Product Quality,Email,High,AGT-289,Resolved,
TKT-0000091,CUS-011584,2021-02-02 03:00:00,2021-02-04 03:00:00,Product Quality,Phone,Medium,AGT-341,Resolved,5.0
TKT-0000092,CUS-000177,2024-05-01 14:00:00,,Technical,Email,Low,AGT-158,Open,
TKT-0000093,CUS-007272,2021-05-03 14:00:00,2021-05-03 15:00:00,Returns,Social,Low,AGT-341,Resolved,5.0
TKT-0000094,CUS-003854,2020-01-12 01:00:00,2020-01-13 14:00:00,Returns,Chat,Medium,AGT-101,Resolved,4.0
TKT-0000095,CUS-007966,2023-10-22 07:00:00,2023-10-24 18:00:00,Delivery,Chat,Medium,AGT-022,Resolved,5.0
TKT-0000096,CUS-011162,2025-08-21 17:00:00,2025-08-25 11:00:00,Returns,Store,Medium,AGT-085,Closed,
TKT-0000097,CUS-010816,2022-07-18 12:00:00,2022-07-22 14:00:00,Delivery,Store,Medium,AGT-284,Resolved,1.0
TKT-0000098,CUS-002576,2021-06-30 05:00:00,2021-07-02 18:00:00,Delivery,Social,Critical,AGT-009,Resolved,
TKT-0000099,CUS-011258,2020-10-06 15:00:00,,Promotion,Social,Low,AGT-016,Open,
TKT-0000100,CUS-010313,2022-01-06 03:00:00,2022-01-09 19:00:00,Delivery,Email,Low,AGT-173,Resolved,
TKT-0000101,CUS-006169,2024-05-05 22:00:00,2024-05-06 11:00:00,Returns,Social,High,AGT-198,Resolved,5.0
TKT-0000102,CUS-003381,2025-10-19 15:00:00,,Technical,Social,High,AGT-082,Open,
TKT-0000103,CUS-003586,2022-10-07 16:00:00,2022-10-08 11:00:00,Delivery,Store,Medium,AGT-174,Resolved,4.0
TKT-0000104,CUS-006388,2025-02-27 03:00:00,2025-02-28 15:00:00,Payment,Store,High,AGT-344,Resolved,
TKT-0000105,CUS-002591,2023-10-15 13:00:00,2023-10-19 14:00:00,Product Quality,Email,Low,AGT-326,Resolved,
TKT-0000106,CUS-011042,2024-01-08 05:00:00,2024-01-12 16:00:00,Delivery,Store,Low,AGT-259,Resolved,5.0
TKT-0000107,CUS-003028,2020-02-27 07:00:00,2020-03-02 14:00:00,Delivery,Store,Low,AGT-306,Resolved,3.0
TKT-0000108,CUS-002906,2024-02-04 00:00:00,2024-02-06 03:00:00,Product Quality,Email,Medium,AGT-015,Resolved,1.0
TKT-0000109,CUS-000860,2024-10-08 09:00:00,2024-10-08 20:00:00,Delivery,Phone,Low,AGT-306,Resolved,5.0
TKT-0000110,CUS-000859,2020-01-30 13:00:00,2020-02-04 02:00:00,Payment,Social,Low,AGT-189,Resolved,
TKT-0000111,CUS-007968,2022-06-01 14:00:00,2022-06-03 17:00:00,Product Quality,Store,Medium,AGT-349,Resolved,4.0
TKT-0000112,CUS-000489,2026-06-13 16:00:00,2026-06-17 03:00:00,Delivery,Social,High,AGT-005,Resolved,
TKT-0000113,CUS-003086,2021-05-28 20:00:00,2021-05-31 15:00:00,Account,Social,Medium,AGT-048,Resolved,4.0
TKT-0000114,CUS-000092,2024-11-23 15:00:00,2024-11-25 05:00:00,Returns,Chat,Medium,AGT-071,Closed,4.0
TKT-0000115,CUS-010110,2025-11-29 04:00:00,2025-11-29 10:00:00,Promotion,Email,Medium,AGT-237,Resolved,
TKT-0000116,CUS-004928,2020-01-13 02:00:00,2020-01-13 10:00:00,Returns,Phone,Medium,AGT-269,Resolved,
TKT-0000117,CUS-000086,2024-11-16 01:00:00,2024-11-20 08:00:00,Account,Email,Low,AGT-323,Resolved,
TKT-0000118,CUS-011079,2023-11-23 16:00:00,2023-11-27 23:00:00,Product Quality,Store,Low,AGT-243,Resolved,
TKT-0000119,CUS-010066,2022-11-05 20:00:00,2022-11-05 21:00:00,Product Quality,Chat,Medium,AGT-316,Resolved,
TKT-0000120,CUS-011390,2025-02-18 22:00:00,2025-02-21 23:00:00,Promotion,Phone,Medium,AGT-180,Resolved,4.0
TKT-0000121,CUS-001384,2022-11-05 19:00:00,2022-11-10 12:00:00,Returns,Phone,High,AGT-300,Resolved,
TKT-0000122,CUS-004561,2024-08-21 13:00:00,2024-08-25 10:00:00,Delivery,Chat,Critical,AGT-177,Resolved,5.0
TKT-0000123,CUS-006280,2020-04-24 20:00:00,2020-04-27 04:00:00,Promotion,Store,Low,AGT-197,Resolved,4.0
TKT-0000124,CUS-009559,2022-05-24 08:00:00,2022-05-25 22:00:00,Technical,Phone,Medium,AGT-263,Resolved,
TKT-0000125,CUS-009191,2021-04-24 19:00:00,2021-04-28 05:00:00,Delivery,Social,Medium,AGT-091,Resolved,5.0
TKT-0000126,CUS-004807,2026-04-18 03:00:00,2026-04-20 00:00:00,Delivery,Email,Low,AGT-190,Resolved,
TKT-0000127,CUS-002626,2022-08-16 08:00:00,2022-08-19 05:00:00,Delivery,Chat,Medium,AGT-119,Resolved,
TKT-0000128,CUS-008938,2022-11-11 21:00:00,2022-11-13 23:00:00,Delivery,Email,Low,AGT-201,Resolved,
TKT-0000129,CUS-004618,2025-10-06 23:00:00,2025-10-08 19:00:00,Payment,Phone,High,AGT-287,Resolved,4.0
TKT-0000130,CUS-010066,2024-07-27 08:00:00,2024-07-30 09:00:00,Promotion,Phone,Medium,AGT-117,Resolved,3.0
TKT-0000131,CUS-007563,2020-04-28 10:00:00,2020-04-30 17:00:00,Returns,Chat,High,AGT-015,Closed,5.0
TKT-0000132,CUS-006537,2025-09-27 03:00:00,2025-10-01 23:00:00,Delivery,Email,Medium,AGT-254,Resolved,
TKT-0000133,CUS-002859,2022-06-22 16:00:00,2022-06-23 12:00:00,Account,Email,Critical,AGT-274,Resolved,5.0
TKT-0000134,CUS-009471,2025-11-13 01:00:00,2025-11-15 06:00:00,Promotion,Phone,Medium,AGT-140,Resolved,
TKT-0000135,CUS-011038,2026-06-10 10:00:00,2026-06-11 01:00:00,Account,Email,Medium,AGT-173,Resolved,3.0
TKT-0000136,CUS-002827,2020-11-11 17:00:00,2020-11-12 17:00:00,Delivery,Email,Low,AGT-205,Resolved,1.0
TKT-0000137,CUS-005830,2021-03-15 15:00:00,,Delivery,Chat,Medium,AGT-022,Open,
TKT-0000138,CUS-007238,2025-08-11 07:00:00,2025-08-12 16:00:00,Returns,Phone,Low,AGT-013,Resolved,
TKT-0000139,CUS-011255,2023-12-17 08:00:00,2023-12-19 03:00:00,Account,Social,High,AGT-134,Resolved,
TKT-0000140,CUS-000355,2025-04-03 15:00:00,2025-04-06 05:00:00,Delivery,Social,Medium,AGT-190,Resolved,5.0
TKT-0000141,CUS-000308,2023-01-05 11:00:00,2023-01-09 11:00:00,Product Quality,Chat,Low,AGT-077,Resolved,
TKT-0000142,CUS-010836,2022-03-31 21:00:00,2022-04-01 06:00:00,Product Quality,Store,High,AGT-051,Resolved,
TKT-0000143,CUS-011113,2024-06-01 17:00:00,2024-06-03 23:00:00,Payment,Chat,Low,AGT-164,Resolved,
TKT-0000144,CUS-003937,2020-02-06 19:00:00,2020-02-10 16:00:00,Product Quality,Chat,Medium,AGT-055,Closed,2.0
TKT-0000145,CUS-000665,2024-03-16 16:00:00,2024-03-20 03:00:00,Account,Chat,Medium,AGT-284,Resolved,
TKT-0000146,CUS-000664,2024-09-26 06:00:00,2024-09-29 21:00:00,Product Quality,Store,Low,AGT-120,Closed,
TKT-0000147,CUS-009412,2024-11-24 11:00:00,,Delivery,Store,High,AGT-320,Open,
TKT-0000148,CUS-007538,2020-10-01 15:00:00,2020-10-06 03:00:00,Delivery,Social,Medium,AGT-131,Closed,
TKT-0000149,CUS-006542,2022-07-26 04:00:00,2022-07-30 09:00:00,Promotion,Social,High,AGT-064,Resolved,5.0
TKT-0000150,CUS-010714,2020-12-23 05:00:00,2020-12-26 03:00:00,Technical,Email,Medium,AGT-345,Closed,4.0
TKT-0000151,CUS-004703,2025-03-02 21:00:00,2025-03-06 09:00:00,Delivery,Phone,Low,AGT-215,Resolved,
TKT-0000152,CUS-001173,2025-07-28 18:00:00,2025-08-01 14:00:00,Product Quality,Chat,Critical,AGT-272,Resolved,
TKT-0000153,CUS-010441,2024-01-09 05:00:00,2024-01-10 21:00:00,Product Quality,Social,Low,AGT-010,Resolved,
TKT-0000154,CUS-002576,2024-03-21 17:00:00,2024-03-23 14:00:00,Product Quality,Phone,Medium,AGT-117,Resolved,2.0
TKT-0000155,CUS-002360,2021-12-03 08:00:00,2021-12-06 23:00:00,Returns,Social,Low,AGT-346,Closed,
TKT-0000156,CUS-009598,2023-06-06 21:00:00,2023-06-09 15:00:00,Promotion,Phone,Low,AGT-209,Resolved,
TKT-0000157,CUS-008205,2020-08-09 04:00:00,2020-08-12 14:00:00,Technical,Phone,Low,AGT-328,Resolved,
TKT-0000158,CUS-000211,2021-11-27 21:00:00,2021-11-28 19:00:00,Product Quality,Phone,Medium,AGT-125,Resolved,
TKT-0000159,CUS-011892,2021-12-30 11:00:00,2022-01-03 05:00:00,Returns,Chat,Medium,AGT-159,Closed,5.0
TKT-0000160,CUS-001274,2026-04-25 23:00:00,2026-04-29 03:00:00,Delivery,Store,Low,AGT-252,Resolved,
TKT-0000161,CUS-002396,2025-03-31 00:00:00,2025-04-04 18:00:00,Account,Email,Low,AGT-122,Resolved,3.0
TKT-0000162,CUS-000316,2024-05-23 19:00:00,2024-05-26 17:00:00,Delivery,Email,Low,AGT-256,Resolved,3.0
TKT-0000163,CUS-004361,2024-02-27 00:00:00,2024-02-28 07:00:00,Delivery,Phone,Medium,AGT-153,Resolved,3.0
TKT-0000164,CUS-011804,2026-07-28 11:00:00,2026-07-30 17:00:00,Delivery,Chat,Critical,AGT-201,Closed,3.0
TKT-0000165,CUS-007471,2023-05-01 05:00:00,2023-05-04 19:00:00,Returns,Store,Low,AGT-183,Resolved,
TKT-0000166,CUS-001859,2022-09-27 22:00:00,2022-09-30 07:00:00,Delivery,Email,Low,AGT-332,Resolved,5.0
TKT-0000167,CUS-002869,2022-07-10 07:00:00,2022-07-11 13:00:00,Returns,Email,High,AGT-211,Resolved,
TKT-0000168,CUS-011482,2021-04-27 13:00:00,2021-04-29 02:00:00,Delivery,Phone,Low,AGT-182,Resolved,4.0
TKT-0000169,CUS-006432,2021-08-11 16:00:00,2021-08-11 18:00:00,Technical,Phone,Low,AGT-283,Resolved,4.0
TKT-0000170,CUS-001730,2024-09-22 02:00:00,2024-09-23 04:00:00,Payment,Store,Critical,AGT-067,Closed,
TKT-0000171,CUS-001155,2024-02-18 16:00:00,2024-02-21 23:00:00,Product Quality,Email,Medium,AGT-347,Resolved,3.0
TKT-0000172,CUS-004064,2026-04-05 07:00:00,,Account,Email,High,AGT-066,Open,
TKT-0000173,CUS-007114,2023-01-19 18:00:00,2023-01-24 10:00:00,Account,Store,Low,AGT-095,Resolved,4.0
TKT-0000174,CUS-011411,2025-11-26 05:00:00,2025-11-28 18:00:00,Returns,Phone,Medium,AGT-319,Resolved,
TKT-0000175,CUS-005157,2022-06-20 18:00:00,2022-06-21 07:00:00,Payment,Phone,Medium,AGT-254,Resolved,
TKT-0000176,CUS-000778,2023-10-11 11:00:00,,Account,Social,Medium,AGT-158,Open,
TKT-0000177,CUS-001318,2026-05-06 14:00:00,2026-05-10 23:00:00,Delivery,Chat,Medium,AGT-049,Resolved,4.0
TKT-0000178,CUS-005380,2021-03-10 06:00:00,2021-03-13 13:00:00,Payment,Chat,Low,AGT-034,Closed,1.0
TKT-0000179,CUS-010649,2020-02-06 04:00:00,2020-02-07 23:00:00,Delivery,Phone,Low,AGT-163,Resolved,
TKT-0000180,CUS-011443,2023-12-05 21:00:00,2023-12-06 19:00:00,Returns,Chat,Low,AGT-300,Closed,3.0
TKT-0000181,CUS-002365,2024-11-22 22:00:00,2024-11-27 17:00:00,Account,Email,Medium,AGT-148,Resolved,
TKT-0000182,CUS-001905,2020-05-03 15:00:00,2020-05-04 03:00:00,Delivery,Chat,Medium,AGT-190,Resolved,
TKT-0000183,CUS-009409,2023-04-14 02:00:00,2023-04-16 07:00:00,Delivery,Phone,Low,AGT-165,Closed,
TKT-0000184,CUS-000622,2021-04-02 04:00:00,,Promotion,Phone,Low,AGT-335,Open,
TKT-0000185,CUS-007360,2022-10-20 17:00:00,2022-10-22 03:00:00,Payment,Phone,Low,AGT-076,Closed,5.0
TKT-0000186,CUS-010011,2021-11-01 20:00:00,2021-11-04 10:00:00,Account,Chat,High,AGT-197,Resolved,
TKT-0000187,CUS-008824,2023-07-25 09:00:00,2023-07-29 03:00:00,Delivery,Store,Low,AGT-206,Resolved,5.0
TKT-0000188,CUS-002908,2025-12-09 14:00:00,2025-12-13 07:00:00,Promotion,Store,Medium,AGT-139,Resolved,3.0
TKT-0000189,CUS-005677,2025-01-02 10:00:00,,Technical,Phone,Medium,AGT-058,Open,
TKT-0000190,CUS-000708,2024-02-12 19:00:00,,Returns,Email,Medium,AGT-166,Open,
TKT-0000191,CUS-009252,2021-04-07 11:00:00,,Delivery,Social,Medium,AGT-152,Open,
TKT-0000192,CUS-006149,2025-06-17 15:00:00,2025-06-19 09:00:00,Delivery,Phone,Medium,AGT-303,Resolved,
TKT-0000193,CUS-000737,2022-10-05 13:00:00,2022-10-06 09:00:00,Payment,Store,Medium,AGT-106,Resolved,5.0
TKT-0000194,CUS-008898,2021-08-26 19:00:00,2021-08-31 06:00:00,Delivery,Social,Medium,AGT-016,Resolved,2.0
TKT-0000195,CUS-005400,2022-12-12 12:00:00,2022-12-12 22:00:00,Returns,Store,Low,AGT-278,Resolved,
TKT-0000196,CUS-008944,2021-03-08 05:00:00,2021-03-10 18:00:00,Technical,Chat,Low,AGT-113,Closed,1.0
TKT-0000197,CUS-000057,2021-08-19 20:00:00,2021-08-23 23:00:00,Delivery,Email,Medium,AGT-057,Resolved,5.0
TKT-0000198,CUS-002435,2024-07-30 12:00:00,2024-07-31 17:00:00,Delivery,Store,Medium,AGT-219,Resolved,
TKT-0000199,CUS-006389,2024-07-20 19:00:00,2024-07-23 18:00:00,Returns,Email,High,AGT-318,Resolved,
TKT-0000200,CUS-011656,2025-10-07 20:00:00,2025-10-09 12:00:00,Account,Store,Medium,AGT-027,Resolved,
TKT-0000201,CUS-000773,2025-01-22 21:00:00,2025-01-24 07:00:00,Delivery,Email,Low,AGT-035,Resolved,4.0
TKT-0000202,CUS-003892,2023-08-25 18:00:00,2023-08-29 12:00:00,Product Quality,Store,Low,AGT-036,Closed,
TKT-0000203,CUS-011767,2020-12-20 17:00:00,2020-12-25 04:00:00,Delivery,Email,Low,AGT-298,Closed,
TKT-0000204,CUS-003924,2022-04-24 20:00:00,2022-04-26 08:00:00,Delivery,Chat,High,AGT-266,Resolved,
TKT-0000205,CUS-003630,2023-01-03 17:00:00,2023-01-04 22:00:00,Product Quality,Social,High,AGT-237,Closed,
TKT-0000206,CUS-008762,2024-03-22 22:00:00,2024-03-23 06:00:00,Technical,Email,Medium,AGT-117,Closed,4.0
TKT-0000207,CUS-005702,2023-08-30 16:00:00,2023-09-02 10:00:00,Payment,Chat,Medium,AGT-326,Resolved,
TKT-0000208,CUS-011598,2024-08-26 08:00:00,2024-08-29 15:00:00,Technical,Social,Medium,AGT-050,Resolved,4.0
TKT-0000209,CUS-010416,2022-07-28 05:00:00,2022-07-30 00:00:00,Delivery,Store,Medium,AGT-174,Resolved,
TKT-0000210,CUS-004753,2021-05-21 18:00:00,2021-05-23 16:00:00,Delivery,Phone,High,AGT-143,Resolved,
TKT-0000211,CUS-003217,2021-05-10 22:00:00,,Returns,Chat,Low,AGT-331,Open,
TKT-0000212,CUS-008986,2020-09-03 00:00:00,2020-09-04 01:00:00,Product Quality,Social,Medium,AGT-168,Resolved,4.0
TKT-0000213,CUS-004319,2021-05-22 09:00:00,2021-05-24 00:00:00,Promotion,Phone,Low,AGT-327,Resolved,
TKT-0000214,CUS-005338,2021-07-17 13:00:00,2021-07-18 05:00:00,Returns,Store,Medium,AGT-235,Closed,4.0
TKT-0000215,CUS-003671,2024-05-28 22:00:00,2024-05-29 04:00:00,Technical,Chat,High,AGT-299,Resolved,
TKT-0000216,CUS-005913,2021-07-25 12:00:00,2021-07-26 13:00:00,Delivery,Email,Low,AGT-278,Resolved,5.0
TKT-0000217,CUS-007380,2024-05-15 23:00:00,2024-05-20 16:00:00,Technical,Store,Medium,AGT-312,Resolved,5.0
TKT-0000218,CUS-007958,2025-11-28 00:00:00,2025-11-30 08:00:00,Promotion,Social,High,AGT-054,Resolved,3.0
TKT-0000219,CUS-008247,2022-09-01 15:00:00,2022-09-06 01:00:00,Payment,Email,Medium,AGT-070,Resolved,
TKT-0000220,CUS-003975,2022-08-16 22:00:00,2022-08-18 15:00:00,Returns,Chat,Medium,AGT-158,Resolved,
TKT-0000221,CUS-011053,2025-11-24 23:00:00,2025-11-26 13:00:00,Product Quality,Store,Medium,AGT-295,Resolved,4.0
TKT-0000222,CUS-007835,2026-05-13 17:00:00,2026-05-14 01:00:00,Product Quality,Email,Medium,AGT-257,Resolved,
TKT-0000223,CUS-011055,2026-05-17 04:00:00,2026-05-20 14:00:00,Account,Email,Medium,AGT-100,Resolved,5.0
TKT-0000224,CUS-008288,2021-11-07 12:00:00,2021-11-09 11:00:00,Product Quality,Store,High,AGT-291,Resolved,4.0
TKT-0000225,CUS-011527,2022-01-07 13:00:00,,Technical,Email,Medium,AGT-159,Open,
TKT-0000226,CUS-000211,2025-11-03 22:00:00,2025-11-06 01:00:00,Delivery,Chat,Low,AGT-039,Resolved,2.0
TKT-0000227,CUS-000073,2024-08-08 03:00:00,2024-08-09 15:00:00,Promotion,Social,Medium,AGT-058,Resolved,
TKT-0000228,CUS-011491,2020-03-22 06:00:00,2020-03-22 11:00:00,Product Quality,Email,Medium,AGT-322,Closed,
TKT-0000229,CUS-008293,2024-11-22 11:00:00,2024-11-25 14:00:00,Returns,Email,Low,AGT-285,Resolved,
TKT-0000230,CUS-007460,2024-02-19 00:00:00,2024-02-23 03:00:00,Returns,Social,Medium,AGT-025,Resolved,4.0
TKT-0000231,CUS-005128,2023-05-16 10:00:00,2023-05-19 09:00:00,Promotion,Phone,Medium,AGT-304,Resolved,5.0
TKT-0000232,CUS-010458,2020-12-16 06:00:00,2020-12-17 19:00:00,Returns,Store,High,AGT-320,Resolved,3.0
TKT-0000233,CUS-008108,2020-11-28 01:00:00,2020-11-28 14:00:00,Delivery,Phone,Medium,AGT-068,Resolved,
TKT-0000234,CUS-002434,2022-10-11 16:00:00,2022-10-12 07:00:00,Delivery,Social,Medium,AGT-211,Resolved,5.0
TKT-0000235,CUS-006295,2021-05-18 16:00:00,2021-05-20 11:00:00,Account,Email,Medium,AGT-076,Closed,5.0
TKT-0000236,CUS-000605,2026-07-18 21:00:00,2026-07-23 16:00:00,Payment,Store,Medium,AGT-140,Resolved,4.0
TKT-0000237,CUS-009756,2024-09-02 05:00:00,2024-09-05 12:00:00,Product Quality,Email,Medium,AGT-322,Closed,
TKT-0000238,CUS-011043,2026-07-19 06:00:00,2026-07-19 15:00:00,Returns,Email,High,AGT-125,Closed,
TKT-0000239,CUS-008008,2021-09-14 11:00:00,2021-09-16 23:00:00,Technical,Email,Medium,AGT-342,Closed,5.0
TKT-0000240,CUS-005449,2026-01-28 22:00:00,2026-02-01 04:00:00,Payment,Social,Low,AGT-098,Closed,1.0
TKT-0000241,CUS-002006,2025-05-31 17:00:00,2025-06-01 06:00:00,Product Quality,Phone,Low,AGT-224,Resolved,5.0
TKT-0000242,CUS-010307,2026-04-18 03:00:00,2026-04-21 03:00:00,Returns,Email,High,AGT-308,Resolved,3.0
TKT-0000243,CUS-008868,2020-10-29 02:00:00,2020-11-03 01:00:00,Returns,Chat,High,AGT-003,Resolved,3.0
TKT-0000244,CUS-007675,2025-02-02 09:00:00,2025-02-05 01:00:00,Product Quality,Email,Medium,AGT-019,Resolved,4.0
TKT-0000245,CUS-002733,2022-08-26 00:00:00,,Product Quality,Email,High,AGT-091,Open,
TKT-0000246,CUS-008842,2021-06-24 19:00:00,2021-06-25 11:00:00,Returns,Store,Low,AGT-167,Resolved,
TKT-0000247,CUS-004734,2021-05-24 06:00:00,2021-05-27 14:00:00,Returns,Social,Low,AGT-119,Resolved,
TKT-0000248,CUS-004183,2021-05-20 21:00:00,2021-05-25 19:00:00,Delivery,Social,Low,AGT-332,Resolved,4.0
TKT-0000249,CUS-004287,2022-10-26 15:00:00,2022-10-28 07:00:00,Delivery,Chat,Low,AGT-044,Resolved,5.0
TKT-0000250,CUS-000589,2025-02-22 17:00:00,2025-02-26 11:00:00,Technical,Social,Medium,AGT-148,Resolved,1.0
TKT-0000251,CUS-004176,2022-04-22 11:00:00,2022-04-23 05:00:00,Delivery,Social,Critical,AGT-268,Resolved,5.0
TKT-0000252,CUS-009981,2022-03-11 08:00:00,2022-03-16 06:00:00,Returns,Chat,Medium,AGT-020,Resolved,5.0
TKT-0000253,CUS-000174,2021-08-25 20:00:00,2021-08-29 06:00:00,Technical,Social,Medium,AGT-149,Resolved,1.0
TKT-0000254,CUS-003261,2024-06-19 12:00:00,2024-06-19 14:00:00,Delivery,Email,Medium,AGT-243,Resolved,
TKT-0000255,CUS-001527,2023-04-23 14:00:00,2023-04-25 06:00:00,Payment,Email,Medium,AGT-178,Resolved,5.0
TKT-0000256,CUS-001380,2024-08-02 04:00:00,2024-08-05 20:00:00,Returns,Store,High,AGT-110,Resolved,5.0
TKT-0000257,CUS-001727,2022-02-19 22:00:00,2022-02-22 15:00:00,Delivery,Phone,Critical,AGT-082,Resolved,
TKT-0000258,CUS-002818,2025-02-13 09:00:00,2025-02-17 15:00:00,Account,Store,High,AGT-130,Resolved,
TKT-0000259,CUS-004823,2022-09-25 21:00:00,2022-09-28 17:00:00,Technical,Email,Medium,AGT-037,Resolved,
TKT-0000260,CUS-011552,2026-04-30 20:00:00,,Account,Phone,Low,AGT-336,Open,
TKT-0000261,CUS-001289,2022-03-11 11:00:00,2022-03-12 22:00:00,Payment,Store,Medium,AGT-277,Resolved,5.0
TKT-0000262,CUS-002538,2024-10-31 09:00:00,2024-11-02 13:00:00,Account,Social,Medium,AGT-093,Resolved,
TKT-0000263,CUS-006008,2023-07-20 10:00:00,2023-07-23 16:00:00,Technical,Phone,Medium,AGT-042,Resolved,5.0
TKT-0000264,CUS-009891,2023-06-21 18:00:00,2023-06-21 21:00:00,Account,Email,High,AGT-163,Resolved,5.0
TKT-0000265,CUS-007390,2025-01-08 19:00:00,2025-01-11 19:00:00,Delivery,Email,Medium,AGT-330,Closed,
TKT-0000266,CUS-005434,2026-01-11 14:00:00,2026-01-11 20:00:00,Product Quality,Email,Medium,AGT-149,Resolved,3.0
TKT-0000267,CUS-002225,2020-09-27 02:00:00,,Returns,Email,Medium,AGT-334,Open,
TKT-0000268,CUS-005467,2025-10-27 15:00:00,,Account,Store,Low,AGT-124,Open,
TKT-0000269,CUS-008899,2021-12-02 13:00:00,,Delivery,Chat,High,AGT-146,Open,
TKT-0000270,CUS-004057,2022-03-30 18:00:00,2022-04-02 17:00:00,Payment,Store,Low,AGT-252,Closed,
TKT-0000271,CUS-003461,2021-11-18 06:00:00,,Returns,Chat,Low,AGT-275,Open,
TKT-0000272,CUS-009801,2021-01-11 18:00:00,2021-01-13 14:00:00,Delivery,Phone,Medium,AGT-292,Resolved,
TKT-0000273,CUS-001340,2022-09-16 06:00:00,2022-09-20 14:00:00,Delivery,Store,Medium,AGT-052,Resolved,
TKT-0000274,CUS-009865,2021-01-16 20:00:00,2021-01-20 09:00:00,Delivery,Chat,Low,AGT-109,Resolved,
TKT-0000275,CUS-000395,2022-03-06 18:00:00,2022-03-07 20:00:00,Returns,Store,Low,AGT-142,Resolved,5.0
TKT-0000276,CUS-006768,2026-01-26 04:00:00,2026-01-30 11:00:00,Delivery,Phone,Low,AGT-003,Resolved,
TKT-0000277,CUS-010616,2021-04-25 04:00:00,2021-04-27 11:00:00,Promotion,Store,Low,AGT-141,Resolved,
TKT-0000278,CUS-009264,2023-07-24 20:00:00,2023-07-25 00:00:00,Delivery,Chat,Medium,AGT-300,Resolved,
TKT-0000279,CUS-005579,2026-02-16 15:00:00,2026-02-19 12:00:00,Delivery,Social,Medium,AGT-302,Resolved,
TKT-0000280,CUS-003753,2022-08-03 13:00:00,2022-08-06 05:00:00,Returns,Store,Medium,AGT-254,Resolved,3.0
TKT-0000281,CUS-000582,2022-10-24 08:00:00,2022-10-26 17:00:00,Technical,Phone,Low,AGT-173,Resolved,
TKT-0000282,CUS-010892,2023-09-13 03:00:00,2023-09-14 17:00:00,Product Quality,Phone,Medium,AGT-177,Resolved,5.0
TKT-0000283,CUS-000110,2026-06-12 04:00:00,2026-06-15 15:00:00,Product Quality,Chat,Medium,AGT-212,Resolved,5.0
TKT-0000284,CUS-001901,2020-11-29 05:00:00,,Returns,Chat,Low,AGT-078,Open,
TKT-0000285,CUS-011312,2024-08-02 20:00:00,2024-08-06 16:00:00,Technical,Chat,Medium,AGT-042,Resolved,1.0
TKT-0000286,CUS-002796,2026-06-16 14:00:00,2026-06-18 23:00:00,Payment,Email,Low,AGT-350,Resolved,
TKT-0000287,CUS-003259,2020-10-26 21:00:00,2020-10-27 20:00:00,Promotion,Store,High,AGT-086,Resolved,
TKT-0000288,CUS-001164,2021-12-30 23:00:00,2022-01-01 17:00:00,Technical,Store,Medium,AGT-300,Closed,2.0
TKT-0000289,CUS-006259,2025-07-09 01:00:00,2025-07-11 12:00:00,Returns,Chat,Medium,AGT-183,Resolved,3.0
TKT-0000290,CUS-001526,2022-03-16 01:00:00,2022-03-19 16:00:00,Account,Chat,Medium,AGT-168,Resolved,4.0
TKT-0000291,CUS-002383,2022-01-25 03:00:00,,Delivery,Email,High,AGT-006,Open,
TKT-0000292,CUS-006419,2024-03-06 09:00:00,2024-03-06 22:00:00,Returns,Email,Low,AGT-050,Resolved,
TKT-0000293,CUS-003939,2025-06-25 01:00:00,2025-06-29 14:00:00,Payment,Chat,Low,AGT-036,Resolved,5.0
TKT-0000294,CUS-007670,2021-09-24 02:00:00,2021-09-27 19:00:00,Returns,Phone,Medium,AGT-314,Resolved,3.0
TKT-0000295,CUS-010063,2024-04-24 16:00:00,2024-04-27 04:00:00,Account,Phone,High,AGT-121,Resolved,
TKT-0000296,CUS-009477,2021-07-26 00:00:00,2021-07-28 16:00:00,Delivery,Social,Medium,AGT-292,Resolved,
TKT-0000297,CUS-003233,2024-02-13 01:00:00,,Returns,Email,Critical,AGT-176,Open,
TKT-0000298,CUS-003083,2023-10-18 22:00:00,2023-10-20 14:00:00,Payment,Store,Low,AGT-153,Resolved,
TKT-0000299,CUS-002777,2024-07-23 17:00:00,2024-07-27 00:00:00,Payment,Social,Critical,AGT-119,Closed,
TKT-0000300,CUS-000684,2024-07-28 21:00:00,2024-08-02 16:00:00,Returns,Store,High,AGT-256,Resolved,4.0
TKT-0000301,CUS-003575,2022-11-12 07:00:00,2022-11-17 00:00:00,Delivery,Email,Low,AGT-297,Resolved,5.0
TKT-0000302,CUS-002926,2020-05-06 21:00:00,2020-05-08 06:00:00,Payment,Store,Medium,AGT-245,Closed,1.0
TKT-0000303,CUS-011730,2020-12-30 22:00:00,2021-01-03 21:00:00,Technical,Phone,Low,AGT-047,Resolved,3.0
TKT-0000304,CUS-007507,2023-06-26 14:00:00,,Delivery,Store,Low,AGT-115,Open,
TKT-0000305,CUS-003802,2023-03-08 21:00:00,2023-03-13 08:00:00,Payment,Email,High,AGT-323,Closed,3.0
TKT-0000306,CUS-010094,2025-11-09 19:00:00,2025-11-13 03:00:00,Returns,Phone,Low,AGT-032,Resolved,5.0
TKT-0000307,CUS-004148,2026-02-28 20:00:00,2026-03-05 02:00:00,Account,Email,Critical,AGT-174,Resolved,5.0
TKT-0000308,CUS-006860,2024-02-18 13:00:00,2024-02-21 16:00:00,Returns,Store,Low,AGT-309,Resolved,
TKT-0000309,CUS-003634,2023-02-03 10:00:00,2023-02-08 04:00:00,Returns,Social,Medium,AGT-063,Resolved,
TKT-0000310,CUS-006636,2021-08-11 11:00:00,2021-08-16 02:00:00,Promotion,Phone,Medium,AGT-162,Resolved,
TKT-0000311,CUS-006202,2024-08-10 11:00:00,2024-08-14 03:00:00,Promotion,Store,Low,AGT-114,Resolved,1.0
TKT-0000312,CUS-001003,2022-09-05 16:00:00,2022-09-07 06:00:00,Returns,Email,Medium,AGT-147,Resolved,5.0
TKT-0000313,CUS-007835,2022-12-21 20:00:00,2022-12-25 17:00:00,Returns,Social,Low,AGT-166,Resolved,3.0
TKT-0000314,CUS-003739,2023-06-01 04:00:00,2023-06-01 10:00:00,Promotion,Store,High,AGT-302,Resolved,
TKT-0000315,CUS-010286,2024-04-14 23:00:00,2024-04-17 22:00:00,Delivery,Chat,Low,AGT-166,Resolved,4.0
TKT-0000316,CUS-005314,2024-07-29 02:00:00,2024-08-01 04:00:00,Delivery,Phone,Critical,AGT-031,Resolved,5.0
TKT-0000317,CUS-005135,2021-01-25 00:00:00,2021-01-25 01:00:00,Payment,Phone,Medium,AGT-043,Resolved,2.0
TKT-0000318,CUS-011723,2026-01-04 17:00:00,2026-01-08 19:00:00,Product Quality,Email,Medium,AGT-025,Resolved,5.0
TKT-0000319,CUS-011010,2024-11-13 15:00:00,2024-11-14 20:00:00,Returns,Email,Medium,AGT-170,Resolved,3.0
TKT-0000320,CUS-001449,2026-04-08 06:00:00,2026-04-09 16:00:00,Promotion,Store,Medium,AGT-318,Resolved,
TKT-0000321,CUS-008488,2024-08-22 01:00:00,2024-08-25 04:00:00,Account,Phone,Medium,AGT-072,Resolved,3.0
TKT-0000322,CUS-003047,2021-12-16 13:00:00,,Product Quality,Social,Low,AGT-325,Open,
TKT-0000323,CUS-009078,2024-03-26 07:00:00,2024-03-29 00:00:00,Product Quality,Store,Medium,AGT-110,Resolved,
TKT-0000324,CUS-010172,2025-10-03 16:00:00,2025-10-06 18:00:00,Returns,Email,Medium,AGT-088,Resolved,4.0
TKT-0000325,CUS-001176,2026-01-08 06:00:00,2026-01-10 03:00:00,Delivery,Chat,Medium,AGT-061,Resolved,
TKT-0000326,CUS-010079,2024-05-09 17:00:00,2024-05-13 20:00:00,Delivery,Chat,Low,AGT-222,Resolved,4.0
TKT-0000327,CUS-005658,2023-07-13 00:00:00,2023-07-17 07:00:00,Delivery,Email,Low,AGT-089,Resolved,4.0
TKT-0000328,CUS-002401,2026-06-29 21:00:00,2026-07-04 06:00:00,Promotion,Social,High,AGT-126,Closed,
TKT-0000329,CUS-000805,2021-03-25 04:00:00,,Delivery,Phone,Medium,AGT-197,Open,
TKT-0000330,CUS-011096,2025-05-23 08:00:00,2025-05-26 01:00:00,Payment,Chat,High,AGT-035,Resolved,
TKT-0000331,CUS-011080,2022-06-17 04:00:00,2022-06-19 18:00:00,Returns,Phone,Low,AGT-200,Resolved,5.0
TKT-0000332,CUS-004898,2026-02-13 03:00:00,2026-02-18 00:00:00,Payment,Phone,Medium,AGT-338,Resolved,3.0
TKT-0000333,CUS-006865,2021-08-03 21:00:00,,Delivery,Chat,High,AGT-057,Open,
TKT-0000334,CUS-010905,2021-08-11 03:00:00,2021-08-13 16:00:00,Payment,Chat,Medium,AGT-344,Resolved,
TKT-0000335,CUS-000614,2022-07-08 08:00:00,2022-07-09 23:00:00,Delivery,Social,High,AGT-272,Closed,
TKT-0000336,CUS-000516,2022-04-11 18:00:00,2022-04-12 05:00:00,Payment,Store,Medium,AGT-131,Resolved,
TKT-0000337,CUS-011482,2020-10-07 15:00:00,2020-10-08 18:00:00,Returns,Store,Medium,AGT-111,Resolved,
TKT-0000338,CUS-001958,2021-07-04 09:00:00,2021-07-06 03:00:00,Promotion,Store,High,AGT-250,Resolved,5.0
TKT-0000339,CUS-010535,2025-07-13 17:00:00,2025-07-14 12:00:00,Account,Store,Low,AGT-053,Resolved,5.0
TKT-0000340,CUS-001019,2024-01-27 17:00:00,2024-02-01 12:00:00,Technical,Phone,Medium,AGT-108,Closed,1.0
TKT-0000341,CUS-005014,2023-02-03 17:00:00,2023-02-07 12:00:00,Delivery,Store,Medium,AGT-217,Resolved,1.0
TKT-0000342,CUS-007249,2024-12-18 19:00:00,2024-12-21 17:00:00,Delivery,Chat,High,AGT-299,Closed,
TKT-0000343,CUS-001804,2024-10-24 08:00:00,2024-10-29 01:00:00,Technical,Store,Low,AGT-322,Resolved,5.0
TKT-0000344,CUS-000735,2024-04-03 04:00:00,2024-04-05 08:00:00,Delivery,Phone,High,AGT-179,Resolved,3.0
TKT-0000345,CUS-008645,2023-04-22 07:00:00,,Payment,Phone,Low,AGT-117,Open,
TKT-0000346,CUS-004991,2021-12-28 00:00:00,2021-12-31 12:00:00,Payment,Email,Medium,AGT-142,Resolved,3.0
TKT-0000347,CUS-000366,2024-12-08 10:00:00,2024-12-08 23:00:00,Payment,Chat,Medium,AGT-095,Resolved,
TKT-0000348,CUS-003296,2024-03-21 14:00:00,2024-03-23 03:00:00,Account,Store,Critical,AGT-211,Resolved,4.0
TKT-0000349,CUS-007493,2023-11-12 05:00:00,2023-11-16 14:00:00,Payment,Store,Medium,AGT-022,Resolved,5.0
TKT-0000350,CUS-000528,2025-06-26 19:00:00,2025-06-29 12:00:00,Delivery,Chat,High,AGT-304,Resolved,5.0
TKT-0000351,CUS-009919,2020-06-04 08:00:00,2020-06-04 10:00:00,Delivery,Store,Medium,AGT-250,Resolved,4.0
TKT-0000352,CUS-000770,2021-09-03 21:00:00,2021-09-06 13:00:00,Product Quality,Chat,Low,AGT-110,Resolved,
TKT-0000353,CUS-005297,2022-05-03 16:00:00,2022-05-08 00:00:00,Delivery,Phone,Low,AGT-153,Resolved,
TKT-0000354,CUS-002888,2024-03-18 21:00:00,2024-03-22 20:00:00,Technical,Email,Medium,AGT-150,Resolved,
TKT-0000355,CUS-010561,2024-01-27 11:00:00,2024-02-01 03:00:00,Delivery,Email,Low,AGT-141,Resolved,4.0
TKT-0000356,CUS-007175,2020-03-06 01:00:00,,Delivery,Phone,Low,AGT-348,Open,
TKT-0000357,CUS-002530,2024-04-14 20:00:00,2024-04-19 09:00:00,Delivery,Chat,High,AGT-041,Resolved,4.0
TKT-0000358,CUS-006215,2021-04-04 04:00:00,2021-04-06 11:00:00,Delivery,Email,Low,AGT-102,Resolved,4.0
TKT-0000359,CUS-009657,2024-11-20 16:00:00,,Payment,Store,Medium,AGT-342,Open,
TKT-0000360,CUS-008012,2020-08-02 02:00:00,2020-08-06 19:00:00,Delivery,Phone,Medium,AGT-158,Resolved,
TKT-0000361,CUS-003338,2023-04-03 14:00:00,,Promotion,Chat,Medium,AGT-128,Open,
TKT-0000362,CUS-009957,2024-04-04 17:00:00,2024-04-06 21:00:00,Returns,Social,Critical,AGT-327,Closed,
TKT-0000363,CUS-000836,2025-12-12 08:00:00,2025-12-12 21:00:00,Product Quality,Phone,Low,AGT-162,Resolved,
TKT-0000364,CUS-009571,2024-02-05 01:00:00,2024-02-08 03:00:00,Delivery,Social,Critical,AGT-314,Resolved,5.0
TKT-0000365,CUS-000753,2024-03-15 12:00:00,2024-03-15 18:00:00,Product Quality,Social,High,AGT-203,Resolved,
TKT-0000366,CUS-005350,2023-07-04 04:00:00,2023-07-05 17:00:00,Delivery,Store,High,AGT-066,Resolved,1.0
TKT-0000367,CUS-003617,2020-01-08 05:00:00,2020-01-10 20:00:00,Delivery,Social,Low,AGT-230,Resolved,5.0
TKT-0000368,CUS-009946,2026-04-09 11:00:00,2026-04-11 08:00:00,Technical,Email,Medium,AGT-291,Resolved,
TKT-0000369,CUS-007824,2023-09-24 01:00:00,2023-09-27 09:00:00,Product Quality,Email,Medium,AGT-196,Resolved,2.0
TKT-0000370,CUS-005363,2025-08-08 16:00:00,2025-08-12 20:00:00,Technical,Phone,Medium,AGT-314,Resolved,3.0
TKT-0000371,CUS-009471,2022-01-16 03:00:00,2022-01-19 11:00:00,Product Quality,Store,Low,AGT-309,Resolved,5.0
TKT-0000372,CUS-009328,2025-12-23 03:00:00,2025-12-23 20:00:00,Technical,Store,Low,AGT-190,Resolved,5.0
TKT-0000373,CUS-011812,2021-05-01 14:00:00,2021-05-05 12:00:00,Delivery,Phone,Low,AGT-309,Resolved,
TKT-0000374,CUS-001575,2020-12-08 20:00:00,2020-12-09 09:00:00,Delivery,Store,Low,AGT-123,Resolved,4.0
TKT-0000375,CUS-005646,2023-10-19 14:00:00,2023-10-23 05:00:00,Returns,Phone,Low,AGT-027,Closed,3.0
TKT-0000376,CUS-009282,2024-08-30 23:00:00,2024-09-02 04:00:00,Technical,Social,Low,AGT-144,Resolved,
TKT-0000377,CUS-000458,2021-04-26 09:00:00,2021-04-29 20:00:00,Delivery,Chat,Medium,AGT-219,Resolved,
TKT-0000378,CUS-006867,2024-06-29 03:00:00,2024-07-03 05:00:00,Delivery,Chat,Medium,AGT-044,Resolved,4.0
TKT-0000379,CUS-009224,2025-06-06 21:00:00,2025-06-08 00:00:00,Account,Email,High,AGT-242,Closed,
TKT-0000380,CUS-001298,2020-05-05 16:00:00,2020-05-07 03:00:00,Promotion,Store,Medium,AGT-058,Closed,3.0
TKT-0000381,CUS-004384,2025-08-18 14:00:00,2025-08-20 07:00:00,Returns,Social,Low,AGT-257,Closed,
TKT-0000382,CUS-006819,2020-07-06 02:00:00,2020-07-09 00:00:00,Account,Phone,Low,AGT-244,Resolved,4.0
TKT-0000383,CUS-005857,2021-01-19 15:00:00,,Delivery,Email,Medium,AGT-350,Open,
TKT-0000384,CUS-007389,2025-03-18 19:00:00,2025-03-20 05:00:00,Delivery,Email,Medium,AGT-147,Resolved,
TKT-0000385,CUS-006299,2021-05-07 01:00:00,2021-05-09 17:00:00,Delivery,Store,Low,AGT-113,Resolved,3.0
TKT-0000386,CUS-009688,2024-04-20 02:00:00,2024-04-23 00:00:00,Account,Chat,Low,AGT-200,Resolved,1.0
TKT-0000387,CUS-001685,2021-02-01 10:00:00,2021-02-05 18:00:00,Returns,Social,Medium,AGT-102,Resolved,
TKT-0000388,CUS-000965,2022-09-09 15:00:00,2022-09-12 13:00:00,Returns,Email,Low,AGT-083,Closed,3.0
TKT-0000389,CUS-009162,2023-02-06 02:00:00,2023-02-07 13:00:00,Returns,Social,Low,AGT-321,Closed,5.0
TKT-0000390,CUS-005861,2023-04-09 06:00:00,2023-04-10 13:00:00,Returns,Store,High,AGT-230,Resolved,
TKT-0000391,CUS-005079,2020-08-27 11:00:00,2020-08-31 17:00:00,Returns,Email,Medium,AGT-224,Resolved,
TKT-0000392,CUS-005168,2021-11-17 01:00:00,2021-11-17 17:00:00,Payment,Social,Low,AGT-078,Closed,
TKT-0000393,CUS-007994,2026-05-10 01:00:00,,Promotion,Chat,High,AGT-109,Open,
TKT-0000394,CUS-008251,2025-10-25 04:00:00,2025-10-29 04:00:00,Product Quality,Phone,Critical,AGT-137,Resolved,
TKT-0000395,CUS-002639,2022-03-27 21:00:00,2022-03-30 05:00:00,Technical,Chat,Low,AGT-148,Resolved,
TKT-0000396,CUS-004281,2023-07-30 18:00:00,2023-08-04 11:00:00,Delivery,Phone,Medium,AGT-303,Resolved,4.0
TKT-0000397,CUS-007691,2025-09-05 05:00:00,2025-09-07 10:00:00,Delivery,Social,Medium,AGT-299,Resolved,
TKT-0000398,CUS-007418,2023-06-27 23:00:00,2023-07-02 22:00:00,Returns,Phone,Medium,AGT-132,Resolved,3.0
TKT-0000399,CUS-004839,2023-09-04 21:00:00,2023-09-09 11:00:00,Promotion,Social,Low,AGT-223,Resolved,
TKT-0000400,CUS-007513,2021-12-20 07:00:00,2021-12-23 01:00:00,Promotion,Phone,Low,AGT-326,Resolved,3.0
TKT-0000401,CUS-008516,2025-08-27 18:00:00,2025-08-29 00:00:00,Technical,Phone,Medium,AGT-016,Closed,5.0
TKT-0000402,CUS-012000,2023-10-14 07:00:00,2023-10-14 15:00:00,Delivery,Email,Low,AGT-021,Resolved,
TKT-0000403,CUS-010941,2025-11-20 06:00:00,,Returns,Chat,Medium,AGT-092,Open,
TKT-0000404,CUS-001884,2020-10-19 17:00:00,,Promotion,Email,Medium,AGT-328,Open,
TKT-0000405,CUS-000802,2023-05-13 19:00:00,2023-05-18 15:00:00,Payment,Email,Medium,AGT-241,Resolved,
TKT-0000406,CUS-011250,2024-08-28 06:00:00,2024-08-31 03:00:00,Product Quality ,Store,Medium,AGT-174,Resolved,
TKT-0000407,CUS-002174,2021-02-22 09:00:00,2021-02-24 09:00:00,Payment,Chat,Medium,AGT-252,Resolved,4.0
TKT-0000408,CUS-009310,2023-09-01 14:00:00,,Technical,Email,High,AGT-208,Open,
TKT-0000409,CUS-008593,2022-01-20 14:00:00,2022-01-21 11:00:00,Product Quality,Phone,Low,AGT-350,Resolved,2.0
TKT-0000410,CUS-004645,2023-07-13 15:00:00,2023-07-15 01:00:00,Promotion,Email,Medium,AGT-144,Resolved,
TKT-0000411,CUS-005122,2022-08-18 05:00:00,2022-08-18 16:00:00,Delivery,Chat,Medium,AGT-260,Resolved,5.0
TKT-0000412,CUS-004456,2020-08-19 08:00:00,,Account ,Social,Low,AGT-143,Open,
TKT-0000413,CUS-000817,2023-05-23 17:00:00,2023-05-27 14:00:00,Product Quality,Email,High,AGT-294,Resolved,5.0
TKT-0000414,CUS-004597,2020-11-01 09:00:00,2020-11-03 01:00:00,Delivery,Store,Medium,AGT-149,Resolved,
TKT-0000415,CUS-011357,2025-05-03 01:00:00,2025-05-04 12:00:00,Product Quality,Phone,Medium,AGT-106,Resolved,4.0
TKT-0000416,CUS-006921,2025-02-23 22:00:00,2025-02-26 01:00:00,Product Quality,Social,Medium,AGT-153,Resolved,1.0
TKT-0000417,CUS-005034,2024-03-09 06:00:00,2024-03-13 02:00:00,Delivery,Social,Low,AGT-062,Closed,
TKT-0000418,CUS-007370,2021-07-02 22:00:00,2021-07-03 21:00:00,Account,Store,High,AGT-027,Resolved,5.0
TKT-0000419,CUS-009847,2024-01-09 19:00:00,2024-01-12 18:00:00,Returns,Chat,Medium,AGT-027,Closed,4.0
TKT-0000420,CUS-007411,2026-07-27 19:00:00,2026-07-31 08:00:00,Returns,Social,Low,AGT-155,Resolved,
TKT-0000421,CUS-009946,2022-09-29 20:00:00,2022-10-04 06:00:00,Delivery,Phone,Low,AGT-339,Resolved,
TKT-0000422,CUS-010062,2025-08-18 20:00:00,2025-08-19 15:00:00,Technical,Phone,High,AGT-064,Resolved,5.0
TKT-0000423,CUS-003843,2023-11-03 16:00:00,2023-11-08 03:00:00,Payment,Chat,Medium,AGT-102,Resolved,5.0
TKT-0000424,CUS-000654,2024-11-02 05:00:00,2024-11-07 02:00:00,Returns,Email,Medium,AGT-082,Resolved,
TKT-0000425,CUS-007519,2023-04-09 17:00:00,2023-04-13 13:00:00,Returns,Store,Medium,AGT-179,Resolved,5.0
TKT-0000426,CUS-004623,2026-06-15 15:00:00,2026-06-15 22:00:00,Technical,Social,Low,AGT-183,Resolved,5.0
TKT-0000427,CUS-005447,2021-07-13 23:00:00,2021-07-17 06:00:00,Product Quality,Email,Medium,AGT-170,Resolved,5.0
TKT-0000428,CUS-009427,2025-07-17 08:00:00,2025-07-17 12:00:00,Promotion,Chat,Medium,AGT-237,Resolved,3.0
TKT-0000429,CUS-006362,2025-07-30 12:00:00,2025-08-01 14:00:00,Account,Store,Low,AGT-210,Resolved,2.0
TKT-0000430,CUS-006223,2025-06-07 23:00:00,2025-06-09 18:00:00,Delivery,Email,Low,AGT-269,Resolved,
TKT-0000431,CUS-006941,2023-06-03 02:00:00,2023-06-05 13:00:00,Returns,Chat,Low,AGT-187,Resolved,
TKT-0000432,CUS-003651,2025-11-20 11:00:00,2025-11-22 09:00:00,Delivery,Store,Medium,AGT-033,Closed,
TKT-0000433,CUS-011577,2026-06-19 00:00:00,2026-06-19 18:00:00,Returns,Email,Low,AGT-077,Resolved,5.0
TKT-0000434,CUS-007455,2023-12-28 23:00:00,2023-12-31 16:00:00,Payment,Chat,Medium,AGT-165,Resolved,5.0
TKT-0000435,CUS-004981,2026-02-07 04:00:00,,Technical,Store,Medium,AGT-306,Open,
TKT-0000436,CUS-001808,2026-04-30 04:00:00,2026-05-01 19:00:00,Returns,Store,High,AGT-350,Closed,4.0
TKT-0000437,CUS-003805,2021-03-30 16:00:00,,Returns,Chat,Medium,AGT-324,Open,
TKT-0000438,CUS-010287,2020-12-23 19:00:00,2020-12-25 12:00:00,Returns,Phone,Low,AGT-265,Resolved,
TKT-0000439,CUS-008653,2020-01-24 01:00:00,2020-01-25 14:00:00,Delivery,Email,Medium,AGT-321,Closed,4.0
TKT-0000440,CUS-010895,2024-03-27 06:00:00,2024-03-28 06:00:00,Returns,Store,Medium,AGT-151,Closed,3.0
TKT-0000441,CUS-004302,2025-03-14 17:00:00,2025-03-14 22:00:00,Delivery,Email,High,AGT-182,Resolved,
TKT-0000442,CUS-005295,2022-05-21 03:00:00,2022-05-22 19:00:00,Payment,Email,Low,AGT-318,Resolved,5.0
TKT-0000443,CUS-010030,2025-11-17 13:00:00,2025-11-19 18:00:00,Delivery,Social,Low,AGT-120,Resolved,
TKT-0000444,CUS-010532,2022-10-20 20:00:00,2022-10-25 03:00:00,Payment,Chat,Low,AGT-194,Resolved,
TKT-0000445,CUS-002939,2021-11-27 12:00:00,2021-12-02 04:00:00,Delivery,Social,Medium,AGT-219,Closed,5.0
TKT-0000446,CUS-000681,2023-10-24 02:00:00,2023-10-25 01:00:00,Promotion,Social,Medium,AGT-024,Resolved,5.0
TKT-0000447,CUS-004222,2023-07-27 21:00:00,2023-07-29 21:00:00,Delivery,Chat,Low,AGT-282,Resolved,3.0
TKT-0000448,CUS-002494,2026-03-28 05:00:00,2026-04-01 17:00:00,Returns,Phone,Medium,AGT-072,Resolved,
TKT-0000449,CUS-004477,2022-01-25 18:00:00,,Returns,Phone,Medium,AGT-056,Open,
TKT-0000450,CUS-000354,2025-05-20 05:00:00,2025-05-23 06:00:00,Technical,Phone,Low,AGT-091,Resolved,
TKT-0000451,CUS-011889,2022-07-02 19:00:00,2022-07-05 09:00:00,Technical,Social,Low,AGT-196,Resolved,
TKT-0000452,CUS-000802,2021-10-17 13:00:00,2021-10-18 13:00:00,Technical,Phone,Medium,AGT-326,Resolved,5.0
TKT-0000453,CUS-010964,2020-07-10 04:00:00,2020-07-10 20:00:00,Product Quality,Phone,Low,AGT-308,Resolved,4.0
TKT-0000454,CUS-000183,2021-01-15 21:00:00,2021-01-19 02:00:00,Promotion,Phone,Medium,AGT-008,Resolved,
TKT-0000455,CUS-006717,2024-09-27 07:00:00,2024-09-30 05:00:00,Product Quality,Social,Low,AGT-162,Resolved,4.0
TKT-0000456,CUS-011335,2024-02-16 12:00:00,2024-02-18 02:00:00,Delivery,Phone,Medium,AGT-008,Resolved,5.0
TKT-0000457,CUS-001727,2020-12-03 03:00:00,,Account,Store,Medium,AGT-003,Open,
TKT-0000458,CUS-003257,2020-08-10 14:00:00,2020-08-11 03:00:00,Returns,Phone,Low,AGT-141,Resolved,
TKT-0000459,CUS-007395,2026-06-16 06:00:00,2026-06-18 22:00:00,Promotion,Email,Medium,AGT-344,Closed,
TKT-0000460,CUS-009881,2022-09-16 13:00:00,2022-09-17 17:00:00,Payment,Phone,Medium,AGT-094,Resolved,5.0
TKT-0000461,CUS-011836,2024-02-21 07:00:00,2024-02-24 02:00:00,Delivery,Phone,Low,AGT-017,Resolved,
TKT-0000462,CUS-005967,2021-10-05 02:00:00,2021-10-07 09:00:00,Returns,Chat,High,AGT-211,Resolved,4.0
TKT-0000463,CUS-011615,2023-09-28 01:00:00,,Product Quality,Email,High,AGT-232,Open,
TKT-0000464,CUS-004274,2023-06-27 07:00:00,2023-06-28 05:00:00,Delivery,Phone,Critical,AGT-276,Resolved,5.0
TKT-0000465,CUS-002292,2025-09-20 10:00:00,2025-09-22 18:00:00,Delivery,Chat,Medium,AGT-117,Resolved,
TKT-0000466,CUS-000194,2022-11-12 22:00:00,2022-11-17 20:00:00,Account,Email,Medium,AGT-302,Resolved,3.0
TKT-0000467,CUS-006705,2022-09-22 14:00:00,2022-09-26 10:00:00,Delivery,Store,Low,AGT-283,Resolved,5.0
TKT-0000468,CUS-004781,2020-06-29 14:00:00,2020-07-01 16:00:00,Account,Chat,Low,AGT-085,Resolved,4.0
TKT-0000469,CUS-003531,2022-06-17 02:00:00,2022-06-17 11:00:00,Returns,Phone,Medium,AGT-158,Resolved,4.0
TKT-0000470,CUS-007340,2024-04-10 03:00:00,2024-04-12 16:00:00,Promotion,Social,High,AGT-264,Resolved,4.0
TKT-0000471,CUS-003627,2024-08-23 21:00:00,2024-08-28 16:00:00,Delivery,Chat,High,AGT-041,Resolved,4.0
TKT-0000472,CUS-004974,2020-06-13 20:00:00,2020-06-17 14:00:00,Technical,Store,Low,AGT-270,Resolved,
TKT-0000473,CUS-010755,2020-04-23 21:00:00,2020-04-28 05:00:00,Payment,Store,Medium,AGT-214,Resolved,1.0
TKT-0000474,CUS-001673,2023-05-13 06:00:00,2023-05-15 19:00:00,Product Quality,Chat,Medium,AGT-269,Resolved,3.0
TKT-0000475,CUS-007669,2026-01-18 12:00:00,2026-01-19 01:00:00,Returns,Store,Low,AGT-239,Resolved,
TKT-0000476,CUS-010985,2025-12-21 21:00:00,2025-12-22 19:00:00,Delivery,Chat,High,AGT-229,Resolved,
TKT-0000477,CUS-005463,2021-12-08 08:00:00,2021-12-11 08:00:00,Payment,Store,Low,AGT-312,Resolved,
TKT-0000478,CUS-010779,2021-02-11 01:00:00,2021-02-14 01:00:00,Account,Phone,Medium,AGT-189,Resolved,5.0
TKT-0000479,CUS-001692,2023-02-06 10:00:00,2023-02-06 14:00:00,Account,Social,Medium,AGT-083,Closed,5.0
TKT-0000480,CUS-001589,2021-01-22 02:00:00,2021-01-24 05:00:00,Delivery,Social,Medium,AGT-046,Resolved,4.0
TKT-0000481,CUS-004977,2024-11-04 02:00:00,2024-11-08 22:00:00,Delivery,Store,Low,AGT-106,Resolved,
TKT-0000482,CUS-010481,2022-12-27 08:00:00,2022-12-28 12:00:00,Product Quality,Social,Medium,AGT-182,Resolved,
TKT-0000483,CUS-001745,2021-07-24 21:00:00,2021-07-29 12:00:00,Returns,Social,High,AGT-203,Resolved,5.0
TKT-0000484,CUS-010136,2023-05-02 07:00:00,,Delivery,Social,Low,AGT-162,Open,
TKT-0000485,CUS-011404,2020-04-17 16:00:00,2020-04-17 18:00:00,Promotion,Store,Low,AGT-113,Resolved,
TKT-0000486,CUS-009352,2023-09-25 01:00:00,2023-09-25 10:00:00,Delivery,Email,Low,AGT-004,Resolved,
TKT-0000487,CUS-007752,2024-02-21 01:00:00,2024-02-24 22:00:00,Payment,Store,Medium,AGT-037,Resolved,5.0
TKT-0000488,CUS-004728,2022-09-22 10:00:00,,Product Quality,Chat,High,AGT-200,Open,
TKT-0000489,CUS-001315,2021-05-24 21:00:00,2021-05-29 18:00:00,Delivery,Store,High,AGT-095,Resolved,1.0
TKT-0000490,CUS-007338,2020-03-14 15:00:00,2020-03-17 13:00:00,Delivery,Social,Low,AGT-055,Resolved,3.0
TKT-0000491,CUS-004385,2023-10-25 10:00:00,2023-10-29 15:00:00,Payment,Email,High,AGT-272,Resolved,5.0
TKT-0000492,CUS-004587,2021-01-05 14:00:00,,Product Quality,Social,Low,AGT-131,Open,
TKT-0000493,CUS-008419,2025-09-10 06:00:00,2025-09-11 07:00:00,Returns,Email,Low,AGT-231,Closed,
TKT-0000494,CUS-006952,2022-07-16 06:00:00,2022-07-19 08:00:00,Returns,Phone,Low,AGT-225,Resolved,5.0
TKT-0000495,CUS-009514,2020-05-11 15:00:00,2020-05-15 14:00:00,Returns,Social,Medium,AGT-158,Resolved,
TKT-0000496,CUS-003300,2025-10-09 18:00:00,2025-10-10 04:00:00,Delivery,Social,Medium,AGT-089,Resolved,5.0
TKT-0000497,CUS-010415,2021-07-05 15:00:00,2021-07-08 09:00:00,Account,Email,Medium,AGT-342,Resolved,
TKT-0000498,CUS-008617,2026-01-06 07:00:00,2026-01-07 20:00:00,Payment,Email,Medium,AGT-073,Resolved,
TKT-0000499,CUS-011153,2023-08-27 06:00:00,2023-08-31 13:00:00,Delivery,Phone,Low,AGT-212,Resolved,5.0
TKT-0000500,CUS-000896,2025-09-15 23:00:00,2025-09-16 16:00:00,Delivery,Chat,Medium,AGT-285,Resolved,5.0
TKT-0000501,CUS-000371,2020-04-17 19:00:00,2020-04-22 01:00:00,Product Quality,Email,Medium,AGT-329,Closed,3.0
TKT-0000502,CUS-007648,2025-08-20 13:00:00,2025-08-24 08:00:00,Technical,Store,Low,AGT-305,Closed,
TKT-0000503,CUS-009545,2020-03-22 01:00:00,2020-03-26 11:00:00,Payment,Chat,Low,AGT-160,Closed,5.0
TKT-0000504,CUS-008531,2021-10-18 17:00:00,2021-10-22 01:00:00,Returns,Chat,Low,AGT-127,Closed,5.0
TKT-0000505,CUS-002517,2022-10-26 03:00:00,,Payment,Social,Medium,AGT-296,Open,
TKT-0000506,CUS-011618,2022-11-16 02:00:00,2022-11-20 16:00:00,Returns,Phone,Medium,AGT-032,Resolved,
TKT-0000507,CUS-007431,2023-09-22 08:00:00,2023-09-23 12:00:00,Delivery,Chat,High,AGT-155,Resolved,
TKT-0000508,CUS-008730,2020-08-31 03:00:00,2020-09-01 17:00:00,Delivery,Chat,Medium,AGT-285,Resolved,
TKT-0000509,CUS-007530,2022-05-30 16:00:00,2022-06-02 14:00:00,Technical,Social,Medium,AGT-242,Resolved,5.0
TKT-0000510,CUS-011245,2021-06-18 16:00:00,2021-06-19 02:00:00,Delivery,Store,Low,AGT-209,Resolved,5.0
TKT-0000511,CUS-000216,2020-12-16 21:00:00,2020-12-18 11:00:00,Delivery,Store,Medium,AGT-125,Resolved,
TKT-0000512,CUS-009656,2023-03-27 02:00:00,2023-03-28 02:00:00,Delivery,Email,Medium,AGT-217,Resolved,
TKT-0000513,CUS-000141,2022-11-05 22:00:00,2022-11-09 09:00:00,Account,Email,Low,AGT-055,Resolved,
TKT-0000514,CUS-010882,2024-04-03 04:00:00,2024-04-03 21:00:00,Returns,Social,Low,AGT-107,Resolved,4.0
TKT-0000515,CUS-002511,2025-05-22 19:00:00,,Returns,Phone,Low,AGT-138,Open,
TKT-0000516,CUS-006548,2024-02-01 05:00:00,2024-02-02 21:00:00,Delivery,Chat,Low,AGT-176,Resolved,4.0
TKT-0000517,CUS-011037,2024-02-02 11:00:00,2024-02-04 08:00:00,Returns,Phone,Low,AGT-223,Resolved,3.0
TKT-0000518,CUS-009246,2022-04-02 22:00:00,2022-04-05 04:00:00,Delivery,Chat,Medium,AGT-094,Resolved,4.0
TKT-0000519,CUS-011541,2023-11-12 03:00:00,2023-11-15 13:00:00,Product Quality,Chat,Low,AGT-076,Resolved,
TKT-0000520,CUS-005336,2023-07-12 14:00:00,2023-07-14 11:00:00,Returns,Chat,Medium,AGT-217,Resolved,5.0
TKT-0000521,CUS-002399,2020-04-27 01:00:00,2020-04-30 23:00:00,Account,Social,Low,AGT-291,Resolved,3.0
TKT-0000522,CUS-001413,2024-01-17 04:00:00,2024-01-17 20:00:00,Technical,Social,Low,AGT-081,Resolved,3.0
TKT-0000523,CUS-000294,2026-05-10 05:00:00,2026-05-13 03:00:00,Payment,Social,Low,AGT-330,Resolved,5.0
TKT-0000524,CUS-010865,2024-02-09 20:00:00,2024-02-12 01:00:00,Technical,Store,Medium,AGT-292,Closed,4.0
TKT-0000525,CUS-008502,2022-11-30 15:00:00,2022-12-04 06:00:00,Promotion,Store,Low,AGT-242,Resolved,5.0
TKT-0000526,CUS-004621,2023-05-05 11:00:00,2023-05-07 08:00:00,Product Quality,Social,Low,AGT-267,Resolved,
TKT-0000527,CUS-002432,2024-09-11 22:00:00,2024-09-16 11:00:00,Product Quality,Store,Medium,AGT-288,Resolved,
TKT-0000528,CUS-006244,2020-05-24 13:00:00,2020-05-25 13:00:00,Returns,Chat,Medium,AGT-292,Resolved,
TKT-0000529,CUS-004516,2025-07-02 18:00:00,2025-07-05 08:00:00,Payment,Store,Low,AGT-193,Closed,
TKT-0000530,CUS-004075,2024-09-09 03:00:00,2024-09-12 17:00:00,Delivery,Chat,Low,AGT-232,Resolved,5.0
TKT-0000531,CUS-007808,2024-07-08 16:00:00,2024-07-12 20:00:00,Product Quality,Chat,Medium,AGT-188,Resolved,3.0
TKT-0000532,CUS-006704,2024-01-11 18:00:00,2024-01-12 13:00:00,Delivery,Phone,Medium,AGT-178,Resolved,
TKT-0000533,CUS-006990,2022-09-22 00:00:00,2022-09-24 11:00:00,Account,Phone,High,AGT-036,Closed,
TKT-0000534,CUS-009676,2025-07-29 13:00:00,2025-08-01 01:00:00,Account,Email,Medium,AGT-158,Resolved,
TKT-0000535,CUS-011686,2023-01-17 08:00:00,2023-01-22 02:00:00,Returns,Social,Medium,AGT-197,Resolved,5.0
TKT-0000536,CUS-000438,2026-07-12 20:00:00,2026-07-15 12:00:00,Delivery,Social,Medium,AGT-052,Resolved,3.0
TKT-0000537,CUS-002431,2022-05-21 18:00:00,2022-05-22 22:00:00,Returns,Chat,Medium,AGT-321,Resolved,3.0
TKT-0000538,CUS-010235,2020-12-12 05:00:00,2020-12-15 07:00:00,Technical,Social,Medium,AGT-332,Resolved,5.0
TKT-0000539,CUS-004036,2023-01-21 19:00:00,2023-01-23 06:00:00,Account,Email,Medium,AGT-126,Resolved,3.0
TKT-0000540,CUS-003346,2022-02-27 17:00:00,2022-03-02 06:00:00,Payment,Social,Low,AGT-083,Resolved,1.0
TKT-0000541,CUS-008050,2025-08-09 15:00:00,2025-08-11 04:00:00,Delivery,Email,Medium,AGT-318,Resolved,
TKT-0000542,CUS-008458,2020-11-18 10:00:00,2020-11-23 05:00:00,Account,Phone,Low,AGT-106,Closed,5.0
TKT-0000543,CUS-007825,2023-04-25 03:00:00,2023-04-28 23:00:00,Delivery,Phone,High,AGT-121,Resolved,
TKT-0000544,CUS-004213,2022-04-17 01:00:00,2022-04-17 17:00:00,Returns,Email,Low,AGT-258,Resolved,
TKT-0000545,CUS-007283,2022-08-16 21:00:00,2022-08-17 22:00:00,Product Quality,Social,Medium,AGT-203,Resolved,4.0
TKT-0000546,CUS-005685,2025-08-13 06:00:00,2025-08-14 23:00:00,Account,Chat,Critical,AGT-119,Resolved,3.0
TKT-0000547,CUS-005869,2025-02-15 20:00:00,2025-02-17 17:00:00,Product Quality,Chat,Low,AGT-085,Resolved,3.0
TKT-0000548,CUS-009743,2026-08-12 20:00:00,,Returns,Email,Medium,AGT-278,Open,
TKT-0000549,CUS-010098,2020-09-22 18:00:00,2020-09-23 06:00:00,Returns,Chat,Critical,AGT-305,Closed,
TKT-0000550,CUS-002808,2024-12-31 05:00:00,2025-01-02 06:00:00,Promotion,Social,High,AGT-124,Closed,5.0
TKT-0000551,CUS-006773,2024-03-30 03:00:00,2024-03-30 09:00:00,Account,Phone,Low,AGT-301,Resolved,5.0
TKT-0000552,CUS-011847,2023-08-27 02:00:00,2023-08-27 03:00:00,Technical,Email,Low,AGT-174,Resolved,5.0
TKT-0000553,CUS-008086,2020-02-11 16:00:00,2020-02-15 18:00:00,Account,Phone,High,AGT-104,Resolved,
TKT-0000554,CUS-000536,2024-11-01 23:00:00,,Product Quality,Social,Medium,AGT-157,Open,
TKT-0000555,CUS-007017,2023-05-10 05:00:00,2023-05-11 15:00:00,Delivery,Chat,Low,AGT-315,Resolved,
TKT-0000556,CUS-005430,2020-05-12 05:00:00,2020-05-16 00:00:00,Product Quality,Phone,Medium,AGT-070,Resolved,4.0
TKT-0000557,CUS-002412,2020-09-06 17:00:00,2020-09-08 08:00:00,Payment,Phone,Medium,AGT-164,Resolved,3.0
TKT-0000558,CUS-003341,2022-12-03 08:00:00,2022-12-04 04:00:00,Technical,Store,Medium,AGT-091,Resolved,3.0
TKT-0000559,CUS-002139,2021-11-24 23:00:00,2021-11-27 05:00:00,Returns,Email,Low,AGT-215,Closed,
TKT-0000560,CUS-001697,2025-09-11 19:00:00,2025-09-13 06:00:00,Payment ,Store,Low,AGT-105,Resolved,5.0
TKT-0000561,CUS-011634,2021-06-12 09:00:00,,Promotion,Phone,Medium,AGT-176,Open,
TKT-0000562,CUS-005646,2020-05-14 15:00:00,2020-05-15 01:00:00,Promotion,Email,Low,AGT-308,Resolved,
TKT-0000563,CUS-001610,2020-09-09 11:00:00,2020-09-13 10:00:00,Technical,Social,Low,AGT-068,Resolved,
TKT-0000564,CUS-010125,2024-05-28 15:00:00,,Payment,Phone,Medium,AGT-260,Open,
TKT-0000565,CUS-010708,2021-12-03 09:00:00,2021-12-07 13:00:00,Delivery,Email,Medium,AGT-067,Closed,
TKT-0000566,CUS-004697,2024-10-24 14:00:00,,Delivery,Phone,Medium,AGT-122,Open,
TKT-0000567,CUS-007603,2023-08-23 09:00:00,2023-08-28 07:00:00,Technical,Email,Low,AGT-226,Closed,5.0
TKT-0000568,CUS-007710,2026-03-06 06:00:00,2026-03-07 04:00:00,Account,Email,Low,AGT-109,Closed,5.0
TKT-0000569,CUS-007392,2020-09-18 07:00:00,2020-09-20 21:00:00,Product Quality,Email,Medium,AGT-078,Closed,4.0
TKT-0000570,CUS-011685,2023-08-24 22:00:00,2023-08-24 23:00:00,Payment,Social,Low,AGT-292,Resolved,
TKT-0000571,CUS-009903,2022-01-18 09:00:00,2022-01-19 03:00:00,Technical,Store,Low,AGT-104,Closed,5.0
TKT-0000572,CUS-008349,2022-05-12 22:00:00,2022-05-17 11:00:00,Delivery,Chat,Low,AGT-001,Resolved,3.0
TKT-0000573,CUS-000424,2021-12-31 00:00:00,2022-01-04 08:00:00,Product Quality,Phone,Low,AGT-014,Closed,
TKT-0000574,CUS-011632,2023-01-21 12:00:00,2023-01-23 22:00:00,Payment,Social,High,AGT-165,Resolved,
TKT-0000575,CUS-005208,2026-05-13 03:00:00,,Delivery,Phone,Low,AGT-038,Open,
TKT-0000576,CUS-009295,2025-06-08 08:00:00,2025-06-10 01:00:00,Returns,Chat,Medium,AGT-225,Resolved,1.0
TKT-0000577,CUS-009969,2022-12-12 14:00:00,2022-12-17 10:00:00,Product Quality,Chat,Medium,AGT-063,Resolved,4.0
TKT-0000578,CUS-007880,2022-05-09 20:00:00,2022-05-12 12:00:00,Product Quality,Email,Medium,AGT-209,Closed,
TKT-0000579,CUS-008024,2021-03-29 18:00:00,2021-04-01 14:00:00,Payment,Store,High,AGT-161,Resolved,1.0
TKT-0000580,CUS-009689,2020-02-21 03:00:00,2020-02-21 14:00:00,Delivery,Phone,Medium,AGT-217,Resolved,1.0
TKT-0000581,CUS-000270,2021-03-13 14:00:00,2021-03-14 17:00:00,Returns,Chat,High,AGT-082,Resolved,4.0
TKT-0000582,CUS-009996,2025-09-21 05:00:00,2025-09-25 08:00:00,Product Quality,Store,Critical,AGT-328,Resolved,
TKT-0000583,CUS-000996,2021-05-07 16:00:00,2021-05-10 15:00:00,Delivery,Email,Low,AGT-159,Resolved,
TKT-0000584,CUS-009368,2022-03-06 15:00:00,2022-03-08 22:00:00,Returns,Phone,Critical,AGT-215,Resolved,1.0
TKT-0000585,CUS-011250,2020-11-04 06:00:00,2020-11-06 08:00:00,Returns,Email,Low,AGT-141,Closed,4.0
TKT-0000586,CUS-006684,2021-07-18 01:00:00,2021-07-22 07:00:00,Returns,Social,Medium,AGT-289,Resolved,5.0
TKT-0000587,CUS-007744,2020-11-06 00:00:00,2020-11-08 11:00:00,Payment,Email,Medium,AGT-058,Closed,
TKT-0000588,CUS-005940,2025-02-10 16:00:00,2025-02-13 19:00:00,Payment,Chat,Medium,AGT-347,Resolved,1.0
TKT-0000589,CUS-009786,2025-08-01 16:00:00,2025-08-04 01:00:00,Delivery,Chat,Low,AGT-218,Resolved,
TKT-0000590,CUS-007052,2020-10-03 04:00:00,2020-10-04 06:00:00,Delivery,Phone,Medium,AGT-099,Resolved,
TKT-0000591,CUS-001039,2023-05-03 08:00:00,2023-05-06 10:00:00,Delivery,Social,Low,AGT-102,Resolved,
TKT-0000592,CUS-007240,2023-08-27 05:00:00,2023-08-30 23:00:00,Delivery,Phone,Low,AGT-184,Resolved,4.0
TKT-0000593,CUS-010112,2021-09-16 21:00:00,2021-09-17 16:00:00,Payment,Chat,Low,AGT-236,Resolved,
TKT-0000594,CUS-006267,2022-08-30 16:00:00,2022-09-03 17:00:00,Delivery,Email,Medium,AGT-128,Resolved,1.0
TKT-0000595,CUS-000189,2025-11-14 01:00:00,2025-11-15 02:00:00,Account,Chat,High,AGT-265,Resolved,4.0
TKT-0000596,CUS-008527,2026-04-22 13:00:00,2026-04-23 00:00:00,Delivery,Chat,Medium,AGT-337,Resolved,4.0
TKT-0000597,CUS-009428,2022-05-30 05:00:00,2022-06-03 21:00:00,Account,Phone,High,AGT-331,Resolved,
TKT-0000598,CUS-005311,2023-07-16 21:00:00,2023-07-17 15:00:00,Delivery,Phone,Medium,AGT-298,Resolved,4.0
TKT-0000599,CUS-011784,2023-09-15 23:00:00,2023-09-19 13:00:00,Promotion,Chat,Low,AGT-319,Resolved,4.0
TKT-0000600,CUS-006880,2021-01-28 18:00:00,2021-02-01 05:00:00,Technical,Phone,Low,AGT-181,Resolved,5.0
TKT-0000601,CUS-008199,2024-05-20 21:00:00,2024-05-23 19:00:00,Promotion,Phone,Low,AGT-192,Resolved,
TKT-0000602,CUS-010763,2024-09-06 01:00:00,2024-09-09 09:00:00,Delivery,Email,Low,AGT-022,Resolved,
TKT-0000603,CUS-007472,2023-01-05 03:00:00,2023-01-09 07:00:00,Delivery,Store,Low,AGT-334,Resolved,4.0
TKT-0000604,CUS-011701,2026-01-28 12:00:00,2026-02-01 15:00:00,Payment,Social,Medium,AGT-284,Resolved,3.0
TKT-0000605,CUS-002154,2021-06-22 01:00:00,2021-06-23 07:00:00,Delivery,Phone,Medium,AGT-277,Resolved,
TKT-0000606,CUS-001548,2024-09-08 14:00:00,2024-09-12 20:00:00,Account,Phone,Medium,AGT-260,Resolved,5.0
TKT-0000607,CUS-003200,2024-02-04 02:00:00,2024-02-05 17:00:00,Account,Email,Medium,AGT-023,Resolved,3.0
TKT-0000608,CUS-001114,2025-07-08 05:00:00,2025-07-12 23:00:00,Product Quality,Email,Low,AGT-115,Resolved,5.0
TKT-0000609,CUS-005131,2022-09-01 22:00:00,2022-09-02 10:00:00,Product Quality,Phone,Low,AGT-002,Closed,
TKT-0000610,CUS-004881,2025-01-18 17:00:00,2025-01-23 01:00:00,Product Quality,Phone,Low,AGT-177,Closed,4.0
TKT-0000611,CUS-003527,2023-11-01 04:00:00,2023-11-04 23:00:00,Product Quality,Social,Medium,AGT-125,Closed,4.0
TKT-0000612,CUS-003476,2025-09-02 10:00:00,,Promotion,Social,Medium,AGT-331,Open,
TKT-0000613,CUS-002519,2023-03-02 14:00:00,2023-03-05 22:00:00,Returns,Store,Medium,AGT-318,Resolved,
TKT-0000614,CUS-010387,2024-08-11 09:00:00,2024-08-11 23:00:00,Returns,Chat,Low,AGT-148,Resolved,
TKT-0000615,CUS-011141,2025-08-31 15:00:00,2025-09-03 14:00:00,Returns,Social,Medium,AGT-139,Resolved,
TKT-0000616,CUS-006411,2020-05-14 12:00:00,2020-05-19 05:00:00,Returns,Social,Medium,AGT-180,Resolved,1.0
TKT-0000617,CUS-008497,2020-03-20 15:00:00,2020-03-21 03:00:00,Payment,Email,Medium,AGT-197,Resolved,5.0
TKT-0000618,CUS-010859,2024-03-10 02:00:00,2024-03-12 14:00:00,Payment,Store,Medium,AGT-215,Resolved,
TKT-0000619,CUS-008862,2020-11-12 20:00:00,2020-11-13 13:00:00,Delivery,Phone,Medium,AGT-179,Resolved,3.0
TKT-0000620,CUS-005937,2020-12-19 10:00:00,2020-12-23 05:00:00,Account,Store,Low,AGT-200,Resolved,
TKT-0000621,CUS-001922,2021-01-04 02:00:00,2021-01-05 08:00:00,Delivery,Store,Low,AGT-102,Resolved,5.0
TKT-0000622,CUS-007583,2025-12-18 05:00:00,2025-12-20 17:00:00,Delivery,Chat,Low,AGT-140,Closed,
TKT-0000623,CUS-002437,2025-07-12 05:00:00,2025-07-16 23:00:00,Delivery,Chat,Low,AGT-283,Resolved,5.0
TKT-0000624,CUS-007330,2021-03-05 22:00:00,2021-03-10 04:00:00,Promotion,Phone,Medium,AGT-210,Resolved,5.0
TKT-0000625,CUS-003193,2022-01-28 02:00:00,2022-01-28 05:00:00,Account,Store,Low,AGT-140,Resolved,
TKT-0000626,CUS-011483,2025-10-21 06:00:00,,Account,Social,Medium,AGT-097,Open,
TKT-0000627,CUS-008527,2025-05-08 03:00:00,2025-05-12 16:00:00,Returns,Phone,Medium,AGT-003,Resolved,5.0
TKT-0000628,CUS-005788,2022-05-08 11:00:00,2022-05-12 01:00:00,Returns,Social,High,AGT-065,Resolved,4.0
TKT-0000629,CUS-001130,2025-03-05 00:00:00,2025-03-05 12:00:00,Returns,Social,High,AGT-098,Resolved,5.0
TKT-0000630,CUS-004405,2025-02-12 02:00:00,2025-02-15 03:00:00,Technical,Phone,Low,AGT-250,Closed,5.0
TKT-0000631,CUS-010877,2022-07-13 20:00:00,2022-07-15 11:00:00,Delivery,Chat,Medium,AGT-140,Closed,
TKT-0000632,CUS-008565,2020-06-01 00:00:00,,Technical,Email,High,AGT-099,Open,
TKT-0000633,CUS-003688,2024-01-24 18:00:00,2024-01-26 16:00:00,Payment,Chat,Low,AGT-272,Resolved,5.0
TKT-0000634,CUS-009873,2021-03-19 23:00:00,2021-03-23 17:00:00,Returns,Chat,Medium,AGT-160,Resolved,
TKT-0000635,CUS-006982,2023-05-12 06:00:00,2023-05-14 21:00:00,Product Quality,Social,High,AGT-168,Resolved,4.0
TKT-0000636,CUS-011982,2025-02-13 03:00:00,2025-02-15 06:00:00,Payment,Social,Low,AGT-139,Resolved,
TKT-0000637,CUS-011989,2020-11-23 09:00:00,2020-11-26 16:00:00,Delivery,Phone,Medium,AGT-093,Resolved,2.0
TKT-0000638,CUS-001280,2020-11-14 16:00:00,2020-11-15 09:00:00,Payment,Chat,Low,AGT-186,Resolved,2.0
TKT-0000639,CUS-010328,2026-03-12 22:00:00,2026-03-13 10:00:00,Delivery,Social,Medium,AGT-335,Resolved,2.0
TKT-0000640,CUS-004554,2026-07-28 18:00:00,2026-08-01 22:00:00,Delivery,Email,Low,AGT-217,Resolved,
TKT-0000641,CUS-000860,2024-06-26 18:00:00,2024-06-27 05:00:00,Returns,Store,High,AGT-110,Resolved,
TKT-0000642,CUS-011238,2024-01-13 09:00:00,2024-01-14 05:00:00,Product Quality,Email,High,AGT-188,Resolved,4.0
TKT-0000643,CUS-006414,2023-04-16 22:00:00,2023-04-18 20:00:00,Product Quality,Chat,Low,AGT-228,Resolved,
TKT-0000644,CUS-011560,2025-04-20 22:00:00,2025-04-23 08:00:00,Product Quality,Store,Critical,AGT-056,Resolved,4.0
TKT-0000645,CUS-010359,2022-07-12 13:00:00,2022-07-14 23:00:00,Delivery,Store,Low,AGT-207,Closed,
TKT-0000646,CUS-008551,2024-08-04 19:00:00,2024-08-04 20:00:00,Account,Email,Medium,AGT-202,Resolved,1.0
TKT-0000647,CUS-006471,2023-11-26 16:00:00,,Returns,Chat,Critical,AGT-138,Open,
TKT-0000648,CUS-003405,2020-08-18 14:00:00,2020-08-22 03:00:00,Delivery,Email,High,AGT-111,Resolved,2.0
TKT-0000649,CUS-011823,2025-01-16 22:00:00,2025-01-19 23:00:00,Technical,Store,Medium,AGT-022,Resolved,2.0
TKT-0000650,CUS-003118,2022-07-06 02:00:00,2022-07-07 04:00:00,Technical,Social,Medium,AGT-304,Closed,
TKT-0000651,CUS-006998,2024-04-26 17:00:00,2024-04-27 15:00:00,Returns,Store,Medium,AGT-334,Resolved,5.0
TKT-0000652,CUS-011219,2020-12-07 05:00:00,2020-12-08 22:00:00,Product Quality,Store,Medium,AGT-247,Resolved,1.0
TKT-0000653,CUS-000633,2022-11-27 14:00:00,2022-11-29 12:00:00,Product Quality,Email,Medium,AGT-333,Closed,5.0
TKT-0000654,CUS-000812,2025-08-29 22:00:00,2025-08-31 19:00:00,Technical,Social,Medium,AGT-143,Resolved,5.0
TKT-0000655,CUS-007596,2022-10-26 16:00:00,2022-10-31 13:00:00,Delivery,Social,Medium,AGT-327,Resolved,
TKT-0000656,CUS-002697,2021-11-01 13:00:00,2021-11-04 07:00:00,Returns,Email,High,AGT-057,Resolved,
TKT-0000657,CUS-000606,2024-03-03 23:00:00,2024-03-06 22:00:00,Product Quality,Chat,Medium,AGT-284,Resolved,
TKT-0000658,CUS-001957,2020-08-15 22:00:00,2020-08-16 16:00:00,Delivery,Chat,Low,AGT-023,Resolved,5.0
TKT-0000659,CUS-005203,2024-07-26 01:00:00,2024-07-29 21:00:00,Payment,Store,Medium,AGT-175,Resolved,
TKT-0000660,CUS-009915,2023-04-23 15:00:00,2023-04-27 19:00:00,Delivery,Phone,Medium,AGT-088,Resolved,4.0
TKT-0000661,CUS-004538,2022-04-11 08:00:00,2022-04-11 11:00:00,Payment,Phone,Medium,AGT-286,Closed,2.0
TKT-0000662,CUS-004383,2022-12-19 09:00:00,2022-12-21 20:00:00,Technical,Chat,Low,AGT-141,Closed,5.0
TKT-0000663,CUS-008163,2021-12-23 14:00:00,2021-12-28 13:00:00,Product Quality,Store,Medium,AGT-050,Resolved,4.0
TKT-0000664,CUS-000692,2025-04-24 09:00:00,2025-04-24 20:00:00,Promotion,Social,Medium,AGT-246,Resolved,4.0
TKT-0000665,CUS-007946,2021-04-14 21:00:00,2021-04-19 13:00:00,Delivery,Chat,Medium,AGT-184,Resolved,4.0
TKT-0000666,CUS-007958,2025-09-18 14:00:00,,Payment,Chat,Low,AGT-313,Open,
TKT-0000667,CUS-001761,2025-05-14 19:00:00,2025-05-16 16:00:00,Delivery,Social,Low,AGT-282,Closed,
TKT-0000668,CUS-000379,2020-07-28 14:00:00,2020-07-30 15:00:00,Payment,Chat,Low,AGT-303,Resolved,
TKT-0000669,CUS-008205,2024-04-03 11:00:00,2024-04-07 03:00:00,Product Quality,Phone,Medium,AGT-140,Resolved,4.0
TKT-0000670,CUS-000982,2024-11-02 04:00:00,2024-11-06 23:00:00,Delivery,Email,Medium,AGT-003,Resolved,5.0
TKT-0000671,CUS-005288,2025-07-02 12:00:00,2025-07-04 10:00:00,Returns,Phone,High,AGT-124,Resolved,1.0
TKT-0000672,CUS-004850,2020-05-14 05:00:00,2020-05-16 11:00:00,Delivery,Email,Medium,AGT-076,Resolved,
TKT-0000673,CUS-002637,2022-09-24 04:00:00,2022-09-27 08:00:00,Product Quality,Chat,Low,AGT-304,Resolved,3.0
TKT-0000674,CUS-004281,2022-02-15 09:00:00,2022-02-20 02:00:00,Delivery,Store,Medium,AGT-073,Resolved,
TKT-0000675,CUS-005722,2026-08-18 03:00:00,2026-08-21 12:00:00,Account,Email,Low,AGT-346,Closed,5.0
TKT-0000676,CUS-004377,2024-11-05 06:00:00,2024-11-07 18:00:00,Returns,Phone,Low,AGT-159,Resolved,
TKT-0000677,CUS-007148,2021-09-01 17:00:00,2021-09-05 06:00:00,Delivery,Phone,Low,AGT-250,Resolved,5.0
TKT-0000678,CUS-000327,2022-04-04 10:00:00,2022-04-05 16:00:00,Returns,Chat,High,AGT-227,Resolved,5.0
TKT-0000679,CUS-006722,2022-04-15 14:00:00,2022-04-19 10:00:00,Payment,Social,Medium,AGT-164,Resolved,4.0
TKT-0000680,CUS-002306,2026-05-11 10:00:00,,Product Quality,Social,Low,AGT-290,Open,
TKT-0000681,CUS-002972,2023-01-09 08:00:00,2023-01-13 09:00:00,Product Quality,Social,Medium,AGT-087,Resolved,5.0
TKT-0000682,CUS-008592,2024-04-17 17:00:00,2024-04-20 23:00:00,Delivery,Social,High,AGT-174,Resolved,
TKT-0000683,CUS-002424,2025-12-03 22:00:00,2025-12-05 04:00:00,Delivery,Chat,Low,AGT-067,Resolved,3.0
TKT-0000684,CUS-002948,2024-05-23 13:00:00,2024-05-26 10:00:00,Delivery,Email,Low,AGT-080,Resolved,
TKT-0000685,CUS-009732,2021-03-28 16:00:00,2021-04-01 19:00:00,Delivery,Chat,Low,AGT-233,Resolved,
TKT-0000686,CUS-003789,2024-05-13 12:00:00,2024-05-18 03:00:00,Technical,Email,Medium,AGT-186,Resolved,
TKT-0000687,CUS-008046,2020-08-29 01:00:00,2020-08-29 08:00:00,Product Quality,Phone,High,AGT-142,Closed,
TKT-0000688,CUS-000081,2020-05-04 23:00:00,2020-05-07 23:00:00,Technical,Phone,Low,AGT-304,Resolved,
TKT-0000689,CUS-010227,2025-09-27 01:00:00,2025-10-01 03:00:00,Promotion,Social,Low,AGT-222,Closed,
TKT-0000690,CUS-010994,2025-05-02 22:00:00,2025-05-05 04:00:00,Payment,Store,Critical,AGT-017,Resolved,4.0
TKT-0000691,CUS-009015,2023-12-20 22:00:00,2023-12-24 09:00:00,Product Quality,Chat,Medium,AGT-307,Resolved,4.0
TKT-0000692,CUS-001832,2024-06-30 15:00:00,2024-07-04 12:00:00,Delivery,Social,Medium,AGT-160,Resolved,1.0
TKT-0000693,CUS-001390,2025-07-01 02:00:00,2025-07-03 05:00:00,Delivery,Email,Medium,AGT-096,Resolved,3.0
TKT-0000694,CUS-010813,2025-07-08 19:00:00,2025-07-09 01:00:00,Payment,Chat,Medium,AGT-116,Resolved,1.0
TKT-0000695,CUS-000552,2021-10-06 08:00:00,2021-10-10 20:00:00,Delivery,Store,Medium,AGT-115,Resolved,4.0
TKT-0000696,CUS-006239,2020-05-11 06:00:00,2020-05-12 15:00:00,Account,Store,Medium,AGT-004,Closed,1.0
TKT-0000697,CUS-001265,2021-10-25 22:00:00,2021-10-29 14:00:00,Delivery,Social,Medium,AGT-275,Resolved,5.0
TKT-0000698,CUS-002952,2020-03-16 01:00:00,2020-03-18 08:00:00,Technical,Email,Medium,AGT-158,Resolved,5.0
TKT-0000699,CUS-000780,2022-01-06 04:00:00,2022-01-10 21:00:00,Returns,Chat,Medium,AGT-069,Resolved,5.0
TKT-0000700,CUS-011168,2023-03-20 02:00:00,,Technical,Chat,Low,AGT-150,Open,
TKT-0000701,CUS-007304,2021-11-09 00:00:00,,Payment,Phone,High,AGT-288,Open,
TKT-0000702,CUS-009161,2024-08-08 07:00:00,2024-08-12 03:00:00,Payment,Phone,Low,AGT-079,Resolved,
TKT-0000703,CUS-007683,2020-04-27 08:00:00,2020-04-29 17:00:00,Delivery,Chat,High,AGT-317,Resolved,5.0
TKT-0000704,CUS-008729,2020-12-19 08:00:00,2020-12-21 18:00:00,Payment,Chat,Medium,AGT-151,Resolved,1.0
TKT-0000705,CUS-010835,2024-08-21 18:00:00,2024-08-23 12:00:00,Technical,Social,Low,AGT-227,Resolved,4.0
TKT-0000706,CUS-005266,2023-09-06 01:00:00,2023-09-08 11:00:00,Payment,Phone,High,AGT-331,Resolved,2.0
TKT-0000707,CUS-011371,2025-08-19 05:00:00,2025-08-23 06:00:00,Returns,Store,Medium,AGT-141,Resolved,
TKT-0000708,CUS-001402,2025-09-26 06:00:00,2025-09-28 17:00:00,Delivery,Store,Medium,AGT-161,Resolved,
TKT-0000709,CUS-003411,2020-04-09 05:00:00,2020-04-12 05:00:00,Returns,Email,Medium,AGT-047,Resolved,3.0
TKT-0000710,CUS-000904,2024-05-13 21:00:00,2024-05-15 11:00:00,Payment,Store,Medium,AGT-329,Resolved,
TKT-0000711,CUS-005509,2021-11-23 02:00:00,2021-11-24 11:00:00,Returns,Store,Low,AGT-318,Resolved,5.0
TKT-0000712,CUS-011406,2021-03-24 01:00:00,2021-03-24 07:00:00,Product Quality,Phone,Low,AGT-030,Resolved,3.0
TKT-0000713,CUS-005274,2022-02-13 22:00:00,2022-02-18 02:00:00,Promotion ,Email,Medium,AGT-187,Closed,5.0
TKT-0000714,CUS-002653,2021-07-10 03:00:00,2021-07-14 08:00:00,Delivery,Social,Medium,AGT-221,Closed,5.0
TKT-0000715,CUS-001368,2024-09-16 09:00:00,2024-09-18 02:00:00,Delivery,Store,Low,AGT-036,Resolved,
TKT-0000716,CUS-005336,2025-01-15 07:00:00,2025-01-18 02:00:00,Payment,Social,High,AGT-090,Resolved,
TKT-0000717,CUS-008280,2022-02-18 01:00:00,2022-02-19 01:00:00,Product Quality,Chat,Medium,AGT-099,Resolved,5.0
TKT-0000718,CUS-000931,2020-02-02 00:00:00,2020-02-06 06:00:00,Delivery,Email,Medium,AGT-321,Resolved,
TKT-0000719,CUS-007784,2025-05-13 08:00:00,2025-05-18 05:00:00,Delivery,Store,High,AGT-139,Closed,4.0
TKT-0000720,CUS-011742,2025-07-06 16:00:00,2025-07-07 22:00:00,Delivery,Store,Low,AGT-104,Resolved,5.0
TKT-0000721,CUS-007686,2021-12-22 00:00:00,2021-12-26 13:00:00,Product Quality,Email,Medium,AGT-266,Resolved,5.0
TKT-0000722,CUS-000207,2026-03-15 21:00:00,2026-03-19 12:00:00,Delivery,Social,Medium,AGT-131,Resolved,5.0
TKT-0000723,CUS-000789,2021-08-30 17:00:00,2021-09-03 04:00:00,Account,Social,Low,AGT-281,Closed,3.0
TKT-0000724,CUS-007318,2025-09-07 08:00:00,2025-09-11 01:00:00,Delivery,Store,High,AGT-343,Resolved,5.0
TKT-0000725,CUS-002925,2020-04-28 21:00:00,2020-04-30 19:00:00,Payment,Chat,Medium,AGT-093,Resolved,
TKT-0000726,CUS-008775,2021-10-05 17:00:00,2021-10-10 05:00:00,Delivery,Chat,Low,AGT-106,Resolved,5.0
TKT-0000727,CUS-001151,2020-03-07 05:00:00,2020-03-08 17:00:00,Product Quality,Social,Low,AGT-230,Resolved,4.0
TKT-0000728,CUS-007580,2023-05-13 22:00:00,2023-05-14 00:00:00,Account,Store,Low,AGT-107,Resolved,5.0
TKT-0000729,CUS-006701,2024-03-14 15:00:00,2024-03-18 09:00:00,Delivery,Phone,High,AGT-218,Resolved,4.0
TKT-0000730,CUS-010305,2021-03-27 00:00:00,2021-03-27 10:00:00,Product Quality,Store,High,AGT-223,Resolved,
TKT-0000731,CUS-010163,2021-11-19 21:00:00,2021-11-20 02:00:00,Payment,Social,Medium,AGT-279,Closed,
TKT-0000732,CUS-004099,2026-07-23 02:00:00,2026-07-23 08:00:00,Product Quality,Social,Medium,AGT-258,Closed,5.0
TKT-0000733,CUS-005496,2024-12-14 03:00:00,2024-12-14 10:00:00,Product Quality,Store,High,AGT-342,Closed,5.0
TKT-0000734,CUS-004075,2026-01-26 06:00:00,2026-01-27 06:00:00,Account,Email,Medium,AGT-221,Resolved,4.0
TKT-0000735,CUS-003653,2024-06-22 02:00:00,2024-06-24 20:00:00,Delivery,Social,Medium,AGT-213,Resolved,
TKT-0000736,CUS-004300,2020-10-16 03:00:00,2020-10-20 19:00:00,Product Quality,Store,Low,AGT-287,Closed,4.0
TKT-0000737,CUS-000334,2024-08-28 12:00:00,,Technical,Social,Low,AGT-210,Open,
TKT-0000738,CUS-008511,2023-04-11 06:00:00,,Returns,Social,Medium,AGT-207,Open,
TKT-0000739,CUS-003769,2023-04-20 05:00:00,2023-04-20 11:00:00,Returns,Store,Low,AGT-023,Resolved,5.0
TKT-0000740,CUS-010625,2023-01-13 06:00:00,2023-01-16 05:00:00,Technical,Phone,Medium,AGT-224,Resolved,4.0
TKT-0000741,CUS-009470,2020-05-03 20:00:00,2020-05-07 08:00:00,Returns,Store,Medium,AGT-096,Resolved,1.0
TKT-0000742,CUS-000047,2023-09-02 21:00:00,2023-09-05 08:00:00,Delivery,Social,Medium,AGT-070,Resolved,3.0
TKT-0000743,CUS-000710,2020-04-05 06:00:00,2020-04-07 23:00:00,Payment,Social,High,AGT-286,Resolved,5.0
TKT-0000744,CUS-010141,2025-07-16 00:00:00,,Account,Phone,Medium,AGT-211,Open,
TKT-0000745,CUS-001708,2025-03-30 02:00:00,2025-04-01 05:00:00,Technical,Store,Low,AGT-079,Resolved,
TKT-0000746,CUS-011857,2026-02-28 05:00:00,2026-03-01 09:00:00,Delivery,Email,Medium,AGT-018,Resolved,3.0
TKT-0000747,CUS-002368,2025-01-23 20:00:00,2025-01-25 11:00:00,Payment,Social,Medium,AGT-291,Resolved,
TKT-0000748,CUS-006324,2021-03-13 00:00:00,2021-03-13 20:00:00,Technical,Store,Low,AGT-300,Resolved,1.0
TKT-0000749,CUS-004902,2025-06-29 18:00:00,2025-06-30 20:00:00,Account,Email,High,AGT-122,Resolved,
TKT-0000750,CUS-003577,2021-05-11 01:00:00,2021-05-15 07:00:00,Account,Phone,Medium,AGT-199,Resolved,
TKT-0000751,CUS-009049,2026-06-08 06:00:00,2026-06-12 01:00:00,Product Quality,Chat,High,AGT-154,Resolved,
TKT-0000752,CUS-005712,2020-11-16 12:00:00,2020-11-19 22:00:00,Returns,Social,Low,AGT-183,Resolved,
TKT-0000753,CUS-011801,2021-09-26 06:00:00,2021-10-01 05:00:00,Product Quality,Chat,Medium,AGT-293,Closed,
TKT-0000754,CUS-010050,2021-04-11 21:00:00,2021-04-14 11:00:00,Delivery,Chat,Medium,AGT-171,Resolved,
TKT-0000755,CUS-010378,2023-10-24 09:00:00,2023-10-26 17:00:00,Delivery,Store,Low,AGT-166,Resolved,
TKT-0000756,CUS-010806,2020-06-25 00:00:00,,Returns,Email,High,AGT-158,Open,
TKT-0000757,CUS-001319,2023-08-10 11:00:00,2023-08-14 01:00:00,Account,Store,Low,AGT-176,Closed,5.0
TKT-0000758,CUS-009339,2021-08-25 16:00:00,2021-08-28 15:00:00,Returns,Store,Low,AGT-105,Resolved,4.0
TKT-0000759,CUS-009297,2023-01-09 13:00:00,2023-01-14 05:00:00,Delivery,Email,High,AGT-083,Resolved,5.0
TKT-0000760,CUS-009311,2026-02-16 03:00:00,,Technical,Phone,Low,AGT-003,Open,
TKT-0000761,CUS-007957,2023-03-07 09:00:00,2023-03-08 08:00:00,Technical,Chat,Medium,AGT-308,Resolved,5.0
TKT-0000762,CUS-000346,2023-11-12 21:00:00,2023-11-16 23:00:00,Delivery,Store,Medium,AGT-338,Resolved,
TKT-0000763,CUS-006273,2023-12-30 20:00:00,2024-01-03 23:00:00,Returns,Store,Low,AGT-279,Resolved,
TKT-0000764,CUS-001275,2025-08-24 17:00:00,2025-08-26 15:00:00,Returns,Phone,Low,AGT-322,Closed,
TKT-0000765,CUS-004841,2024-09-05 23:00:00,2024-09-06 03:00:00,Promotion,Store,High,AGT-048,Resolved,5.0
TKT-0000766,CUS-007584,2023-03-23 05:00:00,2023-03-26 13:00:00,Delivery,Chat,Low,AGT-279,Resolved,
TKT-0000767,CUS-011375,2025-02-27 00:00:00,2025-02-28 18:00:00,Delivery,Chat,Low,AGT-239,Resolved,
TKT-0000768,CUS-000178,2024-03-21 11:00:00,2024-03-21 17:00:00,Payment,Chat,Medium,AGT-232,Resolved,
TKT-0000769,CUS-010047,2022-02-11 22:00:00,2022-02-13 09:00:00,Payment,Phone,Medium,AGT-173,Closed,4.0
TKT-0000770,CUS-006093,2021-06-04 21:00:00,2021-06-07 02:00:00,Payment,Phone,Medium,AGT-319,Resolved,
TKT-0000771,CUS-003809,2021-12-10 06:00:00,2021-12-11 19:00:00,Delivery,Email,Medium,AGT-228,Resolved,4.0
TKT-0000772,CUS-007135,2026-03-01 21:00:00,2026-03-05 18:00:00,Account,Email,Low,AGT-090,Resolved,5.0
TKT-0000773,CUS-010301,2022-09-05 00:00:00,2022-09-08 21:00:00,Delivery,Social,High,AGT-344,Resolved,
TKT-0000774,CUS-007349,2024-03-21 16:00:00,2024-03-23 15:00:00,Delivery,Store,High,AGT-026,Resolved,
TKT-0000775,CUS-004058,2021-05-20 23:00:00,2021-05-23 04:00:00,Returns,Store,Medium,AGT-200,Resolved,3.0
TKT-0000776,CUS-006221,2020-04-08 23:00:00,2020-04-10 00:00:00,Delivery,Social,Medium,AGT-257,Resolved,4.0
TKT-0000777,CUS-009569,2026-01-03 23:00:00,2026-01-05 04:00:00,Delivery,Store,Low,AGT-028,Resolved,4.0
TKT-0000778,CUS-010152,2020-03-23 00:00:00,2020-03-27 14:00:00,Delivery,Social,Medium,AGT-170,Resolved,2.0
TKT-0000779,CUS-007115,2024-07-28 09:00:00,2024-07-29 08:00:00,Payment ,Email,Medium,AGT-308,Resolved,
TKT-0000780,CUS-002257,2020-09-02 16:00:00,,Returns,Phone,Medium,AGT-076,Open,
TKT-0000781,CUS-010531,2021-07-22 00:00:00,2021-07-25 19:00:00,Account,Email,Low,AGT-021,Resolved,1.0
TKT-0000782,CUS-011043,2020-03-20 21:00:00,2020-03-23 20:00:00,Delivery,Phone,Low,AGT-326,Closed,5.0
TKT-0000783,CUS-001504,2025-10-27 19:00:00,,Promotion,Phone,Low,AGT-220,Open,
TKT-0000784,CUS-002023,2020-09-02 11:00:00,2020-09-06 20:00:00,Product Quality,Chat,High,AGT-283,Closed,
TKT-0000785,CUS-010111,2024-03-15 08:00:00,2024-03-17 11:00:00,Payment,Chat,Medium,AGT-228,Resolved,
TKT-0000786,CUS-003951,2025-04-07 16:00:00,2025-04-07 19:00:00,Product Quality,Social,High,AGT-288,Closed,
TKT-0000787,CUS-006989,2020-12-19 09:00:00,2020-12-20 06:00:00,Payment,Social,Medium,AGT-052,Closed,
TKT-0000788,CUS-006074,2026-05-15 13:00:00,2026-05-19 21:00:00,Delivery,Social,Medium,AGT-112,Resolved,
TKT-0000789,CUS-010664,2022-02-17 00:00:00,2022-02-17 09:00:00,Product Quality,Email,High,AGT-062,Resolved,1.0
TKT-0000790,CUS-011663,2023-08-01 11:00:00,2023-08-02 00:00:00,Account,Chat,Medium,AGT-113,Resolved,
TKT-0000791,CUS-011667,2024-07-18 20:00:00,2024-07-23 04:00:00,Account,Social,Medium,AGT-221,Resolved,5.0
TKT-0000792,CUS-001418,2022-11-20 03:00:00,2022-11-21 11:00:00,Returns,Email,Medium,AGT-273,Resolved,5.0
TKT-0000793,CUS-006114,2022-08-08 02:00:00,,Delivery,Phone,Low,AGT-064,Open,
TKT-0000794,CUS-008680,2021-06-30 15:00:00,2021-07-02 17:00:00,Returns,Social,Low,AGT-257,Resolved,
TKT-0000795,CUS-009620,2024-09-27 23:00:00,2024-09-30 03:00:00,Account,Chat,Medium,AGT-064,Resolved,
TKT-0000796,CUS-005443,2021-08-26 01:00:00,2021-08-28 19:00:00,Account,Social,Low,AGT-262,Resolved,4.0
TKT-0000797,CUS-002652,2022-03-19 06:00:00,2022-03-20 10:00:00,Returns,Email,Low,AGT-196,Closed,2.0
TKT-0000798,CUS-004974,2023-06-04 18:00:00,2023-06-08 10:00:00,Account,Social,High,AGT-025,Closed,3.0
TKT-0000799,CUS-002991,2025-09-24 22:00:00,2025-09-29 12:00:00,Technical,Social,Medium,AGT-255,Resolved,4.0
TKT-0000800,CUS-011703,2021-05-24 12:00:00,2021-05-24 16:00:00,Account,Email,Medium,AGT-246,Resolved,4.0
TKT-0000801,CUS-004973,2022-12-28 16:00:00,2022-12-29 01:00:00,Promotion,Store,High,AGT-029,Resolved,
TKT-0000802,CUS-007766,2023-06-04 23:00:00,2023-06-08 14:00:00,Account,Store,High,AGT-164,Resolved,2.0
TKT-0000803,CUS-011989,2022-07-27 14:00:00,2022-08-01 02:00:00,Technical,Social,High,AGT-266,Resolved,3.0
TKT-0000804,CUS-002154,2025-07-28 04:00:00,2025-07-31 03:00:00,Returns,Social,Low,AGT-149,Resolved,5.0
TKT-0000805,CUS-006105,2024-08-05 19:00:00,2024-08-08 03:00:00,Delivery,Chat,Low,AGT-300,Resolved,4.0
TKT-0000806,CUS-009642,2024-01-10 08:00:00,2024-01-14 05:00:00,Returns,Email,Low,AGT-220,Resolved,4.0
TKT-0000807,CUS-010149,2021-05-06 05:00:00,2021-05-08 21:00:00,Delivery,Chat,Low,AGT-285,Resolved,4.0
TKT-0000808,CUS-001645,2020-10-15 07:00:00,2020-10-17 19:00:00,Payment,Chat,Medium,AGT-010,Resolved,4.0
TKT-0000809,CUS-004318,2024-12-22 07:00:00,,Delivery,Phone,Low,AGT-167,Open,
TKT-0000810,CUS-006169,2025-01-18 00:00:00,,Returns,Store,Low,AGT-332,Open,
TKT-0000811,CUS-005073,2020-05-07 00:00:00,2020-05-07 12:00:00,Delivery,Store,Medium,AGT-205,Closed,4.0
TKT-0000812,CUS-004178,2025-10-04 18:00:00,2025-10-09 03:00:00,Product Quality,Store,Low,AGT-252,Resolved,
TKT-0000813,CUS-008910,2025-04-01 14:00:00,2025-04-06 06:00:00,Delivery,Email,Medium,AGT-155,Resolved,5.0
TKT-0000814,CUS-009527,2025-08-21 22:00:00,2025-08-22 05:00:00,Delivery,Chat,Low,AGT-282,Resolved,1.0
TKT-0000815,CUS-011967,2023-11-20 00:00:00,2023-11-21 06:00:00,Product Quality,Social,Low,AGT-127,Closed,
TKT-0000816,CUS-003958,2025-05-03 00:00:00,2025-05-06 08:00:00,Payment,Email,Critical,AGT-190,Resolved,
TKT-0000817,CUS-003430,2020-04-29 03:00:00,,Returns,Chat,Medium,AGT-266,Open,
TKT-0000818,CUS-001840,2023-11-09 21:00:00,2023-11-10 06:00:00,Delivery,Store,Medium,AGT-162,Resolved,5.0
TKT-0000819,CUS-011883,2023-08-02 08:00:00,2023-08-06 09:00:00,Delivery,Chat,Critical,AGT-228,Resolved,5.0
TKT-0000820,CUS-007102,2024-09-14 11:00:00,2024-09-18 18:00:00,Returns,Store,Medium,AGT-124,Resolved,
TKT-0000821,CUS-008078,2021-03-01 01:00:00,2021-03-03 14:00:00,Payment,Email,Low,AGT-337,Resolved,2.0
TKT-0000822,CUS-009018,2025-12-27 08:00:00,2025-12-27 20:00:00,Product Quality,Chat,Critical,AGT-258,Closed,3.0
TKT-0000823,CUS-009561,2022-03-30 16:00:00,2022-04-04 15:00:00,Returns,Phone,Low,AGT-213,Resolved,4.0
TKT-0000824,CUS-007423,2026-02-09 02:00:00,2026-02-13 19:00:00,Payment,Email,Medium,AGT-059,Resolved,4.0
TKT-0000825,CUS-006281,2020-10-14 13:00:00,2020-10-15 16:00:00,Promotion,Chat,Medium,AGT-190,Resolved,
TKT-0000826,CUS-009197,2022-07-20 21:00:00,2022-07-21 02:00:00,Product Quality,Phone,High,AGT-188,Resolved,5.0
TKT-0000827,CUS-010011,2021-11-01 13:00:00,2021-11-03 01:00:00,Returns,Chat,Medium,AGT-305,Resolved,5.0
TKT-0000828,CUS-011564,2026-08-16 22:00:00,2026-08-18 16:00:00,Payment,Store,Low,AGT-296,Resolved,5.0
TKT-0000829,CUS-002671,2020-01-15 23:00:00,2020-01-19 04:00:00,Returns,Phone,Critical,AGT-012,Resolved,3.0
TKT-0000830,CUS-001013,2024-11-05 08:00:00,2024-11-09 09:00:00,Account,Chat,Medium,AGT-333,Resolved,
TKT-0000831,CUS-001116,2025-05-24 21:00:00,2025-05-26 03:00:00,Delivery,Chat,High,AGT-231,Closed,3.0
TKT-0000832,CUS-011208,2025-09-25 15:00:00,2025-09-27 00:00:00,Technical,Phone,Low,AGT-073,Resolved,2.0
TKT-0000833,CUS-002906,2024-10-10 23:00:00,2024-10-11 07:00:00,Returns,Phone,High,AGT-262,Closed,4.0
TKT-0000834,CUS-010958,2024-05-15 18:00:00,2024-05-16 03:00:00,Delivery,Store,Medium,AGT-134,Resolved,
TKT-0000835,CUS-002188,2020-03-20 23:00:00,2020-03-24 16:00:00,Delivery,Phone,Medium,AGT-347,Resolved,4.0
TKT-0000836,CUS-010931,2022-02-02 08:00:00,2022-02-05 07:00:00,Returns,Social,Low,AGT-299,Closed,4.0
TKT-0000837,CUS-008760,2025-01-11 23:00:00,2025-01-12 10:00:00,Promotion,Chat,Low,AGT-349,Resolved,
TKT-0000838,CUS-006804,2024-05-08 15:00:00,2024-05-12 22:00:00,Account,Phone,Medium,AGT-183,Resolved,2.0
TKT-0000839,CUS-008592,2022-11-27 13:00:00,2022-11-28 21:00:00,Delivery,Phone,Medium,AGT-182,Resolved,5.0
TKT-0000840,CUS-005426,2021-11-17 16:00:00,2021-11-18 12:00:00,Payment,Social,Medium,AGT-050,Resolved,5.0
TKT-0000841,CUS-011906,2023-06-16 00:00:00,2023-06-19 07:00:00,Delivery,Phone,Low,AGT-106,Resolved,2.0
TKT-0000842,CUS-000539,2023-05-25 03:00:00,2023-05-26 08:00:00,Promotion,Store,Low,AGT-168,Resolved,
TKT-0000843,CUS-005045,2025-05-31 18:00:00,,Delivery,Social,Low,AGT-128,Open,
TKT-0000844,CUS-008825,2024-01-13 01:00:00,2024-01-17 04:00:00,Account,Social,High,AGT-163,Closed,5.0
TKT-0000845,CUS-007377,2021-12-19 23:00:00,2021-12-23 19:00:00,Delivery,Chat,Low,AGT-030,Resolved,5.0
TKT-0000846,CUS-010467,2022-02-22 09:00:00,2022-02-24 22:00:00,Promotion,Phone,Low,AGT-019,Resolved,4.0
TKT-0000847,CUS-002888,2024-06-12 19:00:00,2024-06-17 08:00:00,Payment,Chat,Low,AGT-059,Resolved,3.0
TKT-0000848,CUS-001153,2023-09-17 09:00:00,2023-09-18 12:00:00,Payment,Email,Medium,AGT-300,Resolved,5.0
TKT-0000849,CUS-004421,2024-06-10 13:00:00,,Delivery,Store,High,AGT-098,Open,
TKT-0000850,CUS-002333,2023-02-04 03:00:00,2023-02-04 20:00:00,Payment,Phone,Low,AGT-201,Resolved,
TKT-0000851,CUS-003397,2025-12-04 18:00:00,,Product Quality,Email,Low,AGT-241,Open,
TKT-0000852,CUS-008675,2026-01-16 14:00:00,2026-01-16 18:00:00,Promotion,Phone,High,AGT-148,Resolved,
TKT-0000853,CUS-011055,2024-04-08 03:00:00,2024-04-10 11:00:00,Delivery,Social,High,AGT-126,Resolved,5.0
TKT-0000854,CUS-002411,2022-11-21 14:00:00,2022-11-25 12:00:00,Returns,Social,Critical,AGT-269,Resolved,5.0
TKT-0000855,CUS-008225,2023-11-11 01:00:00,2023-11-13 21:00:00,Product Quality,Chat,Low,AGT-344,Resolved,
TKT-0000856,CUS-003557,2026-07-17 16:00:00,2026-07-22 05:00:00,Delivery,Social,Medium,AGT-110,Resolved,3.0
TKT-0000857,CUS-008064,2023-06-15 05:00:00,2023-06-16 16:00:00,Payment,Chat,High,AGT-159,Resolved,5.0
TKT-0000858,CUS-003065,2022-01-16 11:00:00,2022-01-18 23:00:00,Delivery,Email,Low,AGT-047,Resolved,
TKT-0000859,CUS-007496,2021-07-30 16:00:00,,Payment,Phone,Medium,AGT-342,Open,
TKT-0000860,CUS-005607,2023-06-24 22:00:00,2023-06-25 06:00:00,Returns,Social,Medium,AGT-052,Resolved,4.0
TKT-0000861,CUS-008694,2021-07-28 17:00:00,2021-07-29 03:00:00,Delivery,Social,Low,AGT-106,Resolved,5.0
TKT-0000862,CUS-009448,2023-03-28 08:00:00,2023-04-01 18:00:00,Payment,Store,Low,AGT-164,Resolved,4.0
TKT-0000863,CUS-003314,2021-12-29 08:00:00,2021-12-31 22:00:00,Delivery,Store,Low,AGT-209,Resolved,
TKT-0000864,CUS-007291,2020-12-07 04:00:00,2020-12-10 02:00:00,Delivery,Chat,High,AGT-275,Resolved,4.0
TKT-0000865,CUS-003744,2024-12-27 13:00:00,2024-12-29 13:00:00,Delivery,Email,Low,AGT-040,Resolved,4.0
TKT-0000866,CUS-007545,2024-05-06 16:00:00,,Delivery,Social,Medium,AGT-082,Open,
TKT-0000867,CUS-004101,2025-08-05 10:00:00,2025-08-09 02:00:00,Payment,Email,Low,AGT-165,Resolved,
TKT-0000868,CUS-011452,2023-09-16 11:00:00,2023-09-18 06:00:00,Promotion,Chat,High,AGT-004,Closed,
TKT-0000869,CUS-002064,2022-07-04 07:00:00,2022-07-07 10:00:00,Returns,Store,Medium,AGT-091,Resolved,1.0
TKT-0000870,CUS-000152,2024-01-24 11:00:00,2024-01-28 00:00:00,Payment,Chat,Medium,AGT-165,Resolved,5.0
TKT-0000871,CUS-005906,2025-09-17 14:00:00,2025-09-19 01:00:00,Delivery ,Email,Low,AGT-032,Resolved,4.0
TKT-0000872,CUS-005637,2025-04-18 13:00:00,2025-04-21 12:00:00,Technical,Store,Medium,AGT-054,Resolved,
TKT-0000873,CUS-001878,2020-06-16 20:00:00,2020-06-18 01:00:00,Delivery,Email,Low,AGT-116,Resolved,
TKT-0000874,CUS-004775,2025-06-19 08:00:00,2025-06-20 15:00:00,Delivery,Chat,Medium,AGT-208,Closed,3.0
TKT-0000875,CUS-004425,2025-02-01 15:00:00,,Promotion,Store,Medium,AGT-173,Open,
TKT-0000876,CUS-006405,2024-04-30 03:00:00,2024-05-01 03:00:00,Delivery,Email,High,AGT-008,Closed,
TKT-0000877,CUS-006123,2024-05-22 13:00:00,2024-05-23 11:00:00,Account,Social,Low,AGT-106,Resolved,4.0
TKT-0000878,CUS-010107,2026-06-30 02:00:00,2026-07-01 05:00:00,Delivery,Phone,Low,AGT-337,Resolved,
TKT-0000879,CUS-010806,2024-02-22 22:00:00,2024-02-23 08:00:00,Delivery,Store,High,AGT-299,Resolved,
TKT-0000880,CUS-004447,2021-10-05 00:00:00,2021-10-05 20:00:00,Delivery,Store,Low,AGT-011,Resolved,
TKT-0000881,CUS-008357,2022-04-26 19:00:00,2022-04-30 22:00:00,Payment,Store,Medium,AGT-218,Closed,
TKT-0000882,CUS-003098,2021-06-15 20:00:00,2021-06-19 12:00:00,Technical,Store,High,AGT-003,Resolved,4.0
TKT-0000883,CUS-002547,2025-12-10 17:00:00,2025-12-13 02:00:00,Returns,Phone,Critical,AGT-123,Resolved,5.0
TKT-0000884,CUS-002685,2021-08-12 16:00:00,2021-08-15 04:00:00,Returns,Social,Medium,AGT-059,Closed,5.0
TKT-0000885,CUS-007937,2021-03-15 13:00:00,,Technical,Phone,High,AGT-312,Open,
TKT-0000886,CUS-009849,2026-08-27 14:00:00,,Technical,Chat,Medium,AGT-188,Open,
TKT-0000887,CUS-010190,2025-06-05 13:00:00,2025-06-09 07:00:00,Product Quality,Email,High,AGT-284,Resolved,4.0
TKT-0000888,CUS-005172,2021-04-08 07:00:00,2021-04-11 20:00:00,Delivery,Chat,High,AGT-230,Resolved,
TKT-0000889,CUS-006516,2025-06-12 22:00:00,2025-06-17 15:00:00,Payment,Phone,Medium,AGT-299,Resolved,
TKT-0000890,CUS-001990,2025-12-10 03:00:00,2025-12-12 03:00:00,Payment,Email,Low,AGT-264,Resolved,5.0
TKT-0000891,CUS-007870,2025-06-25 00:00:00,2025-06-29 06:00:00,Returns,Store,Medium,AGT-247,Resolved,1.0
TKT-0000892,CUS-011025,2024-11-23 21:00:00,2024-11-27 18:00:00,Delivery,Social,Low,AGT-125,Resolved,
TKT-0000893,CUS-011845,2023-08-17 13:00:00,,Delivery,Phone,Medium,AGT-111,Open,
TKT-0000894,CUS-003456,2021-04-25 16:00:00,2021-04-27 16:00:00,Delivery,Social,Medium,AGT-039,Closed,
TKT-0000895,CUS-000783,2021-03-10 07:00:00,2021-03-10 20:00:00,Returns,Store,High,AGT-059,Resolved,1.0
TKT-0000896,CUS-005057,2023-02-01 09:00:00,2023-02-02 02:00:00,Promotion,Social,Low,AGT-064,Resolved,4.0
TKT-0000897,CUS-001457,2026-03-08 18:00:00,2026-03-11 18:00:00,Delivery,Social,Medium,AGT-204,Resolved,5.0
TKT-0000898,CUS-008402,2024-08-26 03:00:00,2024-08-31 02:00:00,Account,Social,Low,AGT-340,Resolved,
TKT-0000899,CUS-001882,2020-03-16 11:00:00,,Product Quality,Chat,Medium,AGT-038,Open,
TKT-0000900,CUS-002708,2024-03-07 17:00:00,2024-03-11 21:00:00,Technical,Store,Medium,AGT-264,Resolved,5.0
TKT-0000901,CUS-010852,2026-05-22 12:00:00,2026-05-25 23:00:00,Delivery,Social,Critical,AGT-220,Resolved,2.0
TKT-0000902,CUS-006451,2023-10-10 00:00:00,2023-10-10 12:00:00,Payment,Email,Medium,AGT-001,Resolved,5.0
TKT-0000903,CUS-008020,2025-10-24 12:00:00,2025-10-27 10:00:00,Returns,Email,Medium,AGT-057,Resolved,
TKT-0000904,CUS-003326,2023-02-12 18:00:00,2023-02-16 14:00:00,Promotion,Social,Medium,AGT-273,Closed,3.0
TKT-0000905,CUS-003427,2020-11-20 13:00:00,2020-11-23 23:00:00,Returns,Social,Low,AGT-044,Resolved,
TKT-0000906,CUS-007472,2024-10-15 21:00:00,2024-10-19 03:00:00,Payment,Store,Low,AGT-319,Closed,
TKT-0000907,CUS-000473,2021-11-17 10:00:00,2021-11-18 19:00:00,Account,Phone,Medium,AGT-308,Resolved,4.0
TKT-0000908,CUS-009014,2024-07-05 21:00:00,2024-07-06 22:00:00,Payment,Social,Medium,AGT-013,Closed,
TKT-0000909,CUS-000781,2021-07-13 20:00:00,,Delivery,Phone,Medium,AGT-345,Open,
TKT-0000910,CUS-006119,2022-04-22 06:00:00,,Returns,Social,Medium,AGT-043,Open,
TKT-0000911,CUS-001554,2024-06-28 23:00:00,2024-06-30 19:00:00,Delivery,Chat,Low,AGT-221,Resolved,
TKT-0000912,CUS-003946,2021-03-19 02:00:00,2021-03-19 12:00:00,Account,Social,High,AGT-007,Resolved,
TKT-0000913,CUS-006482,2023-03-17 17:00:00,2023-03-19 19:00:00,Product Quality,Email,Low,AGT-118,Resolved,
TKT-0000914,CUS-011157,2026-04-05 03:00:00,2026-04-09 19:00:00,Delivery,Social,High,AGT-299,Resolved,
TKT-0000915,CUS-000845,2025-07-29 21:00:00,2025-08-02 19:00:00,Delivery,Store,High,AGT-331,Closed,
TKT-0000916,CUS-005323,2025-11-02 03:00:00,2025-11-06 16:00:00,Delivery,Phone,Low,AGT-098,Resolved,5.0
TKT-0000917,CUS-007576,2024-04-25 10:00:00,2024-04-27 16:00:00,Returns,Chat,Low,AGT-195,Resolved,
TKT-0000918,CUS-003912,2024-06-03 14:00:00,2024-06-05 15:00:00,Delivery,Social,Low,AGT-286,Resolved,4.0
TKT-0000919,CUS-006083,2021-10-23 23:00:00,,Returns,Phone,Medium,AGT-257,Open,
TKT-0000920,CUS-004585,2024-03-10 23:00:00,2024-03-14 05:00:00,Returns,Phone,Low,AGT-117,Resolved,
TKT-0000921,CUS-007914,2022-12-28 04:00:00,,Delivery,Social,Low,AGT-071,Open,
TKT-0000922,CUS-000725,2024-08-13 21:00:00,2024-08-14 16:00:00,Account,Phone,High,AGT-094,Resolved,1.0
TKT-0000923,CUS-009254,2022-04-16 08:00:00,2022-04-17 18:00:00,Technical,Social,Medium,AGT-149,Closed,
TKT-0000924,CUS-009013,2020-05-13 16:00:00,,Payment,Email,High,AGT-332,Open,
TKT-0000925,CUS-010707,2020-03-15 05:00:00,2020-03-20 00:00:00,Delivery,Social,Medium,AGT-163,Resolved,
TKT-0000926,CUS-010582,2025-08-02 14:00:00,,Product Quality,Email,Medium,AGT-266,Open,
TKT-0000927,CUS-010506,2021-07-11 19:00:00,2021-07-14 04:00:00,Delivery,Chat,Medium,AGT-080,Resolved,2.0
TKT-0000928,CUS-001061,2024-11-04 00:00:00,2024-11-07 12:00:00,Payment,Phone,Critical,AGT-031,Resolved,
TKT-0000929,CUS-008154,2024-01-09 08:00:00,2024-01-12 16:00:00,Technical,Email,Medium,AGT-052,Resolved,5.0
TKT-0000930,CUS-009473,2022-10-15 06:00:00,2022-10-18 11:00:00,Product Quality,Store,Low,AGT-236,Resolved,
TKT-0000931,CUS-010911,2024-03-24 15:00:00,2024-03-26 16:00:00,Payment,Store,Medium,AGT-154,Resolved,5.0
TKT-0000932,CUS-005352,2025-03-20 15:00:00,2025-03-23 04:00:00,Returns,Store,High,AGT-140,Resolved,
TKT-0000933,CUS-011505,2021-01-20 03:00:00,2021-01-23 19:00:00,Delivery,Chat,High,AGT-033,Resolved,
TKT-0000934,CUS-007020,2024-12-22 17:00:00,2024-12-27 09:00:00,Payment,Social,Medium,AGT-257,Resolved,3.0
TKT-0000935,CUS-008365,2024-03-20 22:00:00,2024-03-25 06:00:00,Payment,Phone,Medium,AGT-113,Resolved,5.0
TKT-0000936,CUS-005971,2021-06-28 00:00:00,2021-06-28 13:00:00,Account,Store,Medium,AGT-079,Resolved,5.0
TKT-0000937,CUS-009989,2021-08-26 19:00:00,2021-08-29 16:00:00,Account,Chat,Medium,AGT-165,Closed,
TKT-0000938,CUS-003517,2024-04-26 19:00:00,2024-05-01 07:00:00,Product Quality,Social,Low,AGT-345,Closed,4.0
TKT-0000939,CUS-007534,2024-11-01 01:00:00,2024-11-01 14:00:00,Product Quality,Phone,Medium,AGT-315,Resolved,2.0
TKT-0000940,CUS-004556,2023-05-22 19:00:00,2023-05-25 09:00:00,Product Quality,Chat,Medium,AGT-066,Closed,4.0
TKT-0000941,CUS-011246,2022-08-11 09:00:00,2022-08-13 05:00:00,Product Quality,Email,Low,AGT-018,Resolved,2.0
TKT-0000942,CUS-010985,2025-08-03 15:00:00,2025-08-05 22:00:00,Delivery,Email,Medium,AGT-167,Closed,
TKT-0000943,CUS-010900,2024-05-28 17:00:00,2024-06-01 19:00:00,Product Quality,Store,Medium,AGT-217,Closed,5.0
TKT-0000944,CUS-002358,2022-08-13 20:00:00,2022-08-17 14:00:00,Promotion,Chat,Medium,AGT-195,Closed,4.0
TKT-0000945,CUS-011399,2022-09-28 09:00:00,2022-09-29 14:00:00,Delivery,Social,Medium,AGT-109,Resolved,
TKT-0000946,CUS-011972,2024-05-25 01:00:00,,Delivery,Store,Medium,AGT-033,Open,
TKT-0000947,CUS-000185,2022-01-15 15:00:00,2022-01-19 13:00:00,Product Quality,Email,Medium,AGT-275,Resolved,
TKT-0000948,CUS-007905,2024-02-13 03:00:00,2024-02-15 22:00:00,Returns,Chat,Medium,AGT-224,Resolved,
TKT-0000949,CUS-007456,2024-09-11 12:00:00,2024-09-13 02:00:00,Product Quality,Social,Low,AGT-066,Resolved,
TKT-0000950,CUS-008180,2022-01-21 15:00:00,2022-01-25 01:00:00,Delivery,Store,Medium,AGT-059,Closed,1.0
TKT-0000951,CUS-004452,2024-12-23 05:00:00,2024-12-23 20:00:00,Delivery,Phone,Low,AGT-059,Resolved,
TKT-0000952,CUS-011653,2025-07-09 05:00:00,2025-07-12 01:00:00,Account,Store,High,AGT-287,Resolved,
TKT-0000953,CUS-003406,2022-04-15 23:00:00,2022-04-16 14:00:00,Payment,Phone,High,AGT-166,Resolved,3.0
TKT-0000954,CUS-006420,2025-12-12 07:00:00,2025-12-15 21:00:00,Promotion,Store,Medium,AGT-109,Resolved,5.0
TKT-0000955,CUS-000751,2023-11-05 18:00:00,2023-11-05 20:00:00,Product Quality ,Email,Medium,AGT-218,Resolved,5.0
TKT-0000956,CUS-011383,2023-07-01 17:00:00,,Returns,Store,Medium,AGT-233,Open,
TKT-0000957,CUS-004258,2023-10-09 07:00:00,2023-10-13 10:00:00,Product Quality,Store,High,AGT-091,Closed,3.0
TKT-0000958,CUS-002524,2026-06-30 00:00:00,2026-07-03 08:00:00,Promotion,Social,Medium,AGT-215,Resolved,2.0
TKT-0000959,CUS-004344,2025-08-17 18:00:00,2025-08-19 07:00:00,Delivery,Email,High,AGT-294,Resolved,1.0
TKT-0000960,CUS-010574,2024-10-23 18:00:00,2024-10-24 10:00:00,Product Quality,Store,Low,AGT-286,Resolved,3.0
TKT-0000961,CUS-001271,2021-10-19 22:00:00,2021-10-24 05:00:00,Promotion,Social,Low,AGT-340,Resolved,
TKT-0000962,CUS-001184,2024-04-15 23:00:00,2024-04-18 10:00:00,Product Quality,Store,Low,AGT-350,Resolved,5.0
TKT-0000963,CUS-000890,2021-03-14 20:00:00,2021-03-15 19:00:00,Returns,Store,Medium,AGT-229,Resolved,
TKT-0000964,CUS-002283,2022-07-17 16:00:00,2022-07-18 06:00:00,Technical,Social,Medium,AGT-258,Resolved,4.0
TKT-0000965,CUS-009138,2025-10-06 18:00:00,,Product Quality,Store,Medium,AGT-302,Open,
TKT-0000966,CUS-003646,2024-12-21 14:00:00,2024-12-23 08:00:00,Promotion,Email,High,AGT-202,Closed,
TKT-0000967,CUS-003994,2023-07-29 21:00:00,2023-08-01 18:00:00,Delivery,Store,Low,AGT-266,Resolved,4.0
TKT-0000968,CUS-005733,2020-04-18 02:00:00,2020-04-18 21:00:00,Payment,Email,Low,AGT-217,Resolved,
TKT-0000969,CUS-002308,2022-04-07 20:00:00,2022-04-09 10:00:00,Delivery,Store,High,AGT-314,Resolved,
TKT-0000970,CUS-004123,2021-12-18 22:00:00,2021-12-20 00:00:00,Delivery,Email,High,AGT-343,Resolved,2.0
TKT-0000971,CUS-002548,2020-07-09 23:00:00,2020-07-14 21:00:00,Promotion,Store,High,AGT-139,Resolved,
TKT-0000972,CUS-005145,2025-01-13 20:00:00,2025-01-17 05:00:00,Delivery,Store,Medium,AGT-187,Closed,
TKT-0000973,CUS-005954,2023-02-18 00:00:00,2023-02-20 05:00:00,Returns,Store,High,AGT-037,Resolved,
TKT-0000974,CUS-001881,2022-08-31 06:00:00,2022-08-31 09:00:00,Account,Phone,Medium,AGT-125,Resolved,4.0
TKT-0000975,CUS-010856,2025-08-15 15:00:00,2025-08-18 12:00:00,Returns,Phone,Low,AGT-193,Resolved,3.0
TKT-0000976,CUS-008287,2024-08-15 22:00:00,2024-08-20 18:00:00,Returns,Phone,Low,AGT-212,Resolved,5.0
TKT-0000977,CUS-006801,2023-01-07 18:00:00,2023-01-12 14:00:00,Product Quality,Chat,Medium,AGT-095,Resolved,5.0
TKT-0000978,CUS-004564,2024-12-29 14:00:00,2025-01-02 04:00:00,Delivery,Store,Medium,AGT-072,Resolved,
TKT-0000979,CUS-004502,2026-08-17 16:00:00,2026-08-22 10:00:00,Returns,Store,Low,AGT-079,Resolved,4.0
TKT-0000980,CUS-005583,2020-02-20 06:00:00,2020-02-22 20:00:00,Delivery,Store,Medium,AGT-350,Resolved,5.0
TKT-0000981,CUS-011431,2023-08-09 10:00:00,2023-08-13 21:00:00,Returns,Email,Low,AGT-086,Resolved,4.0
TKT-0000982,CUS-000914,2023-08-23 16:00:00,2023-08-25 04:00:00,Product Quality,Email,Medium,AGT-066,Resolved,4.0
TKT-0000983,CUS-004499,2024-05-29 17:00:00,2024-06-02 15:00:00,Payment,Social,Low,AGT-186,Resolved,
TKT-0000984,CUS-003319,2020-10-31 06:00:00,2020-10-31 17:00:00,Delivery,Store,Medium,AGT-011,Resolved,3.0
TKT-0000985,CUS-006288,2025-02-03 23:00:00,2025-02-04 03:00:00,Payment,Phone,Medium,AGT-294,Resolved,
TKT-0000986,CUS-000095,2025-12-28 21:00:00,,Product Quality,Chat,Medium,AGT-008,Open,
TKT-0000987,CUS-004354,2021-10-14 07:00:00,2021-10-14 22:00:00,Returns,Phone,Low,AGT-192,Resolved,
TKT-0000988,CUS-011960,2020-12-01 22:00:00,2020-12-04 09:00:00,Delivery,Chat,High,AGT-078,Resolved,5.0
TKT-0000989,CUS-004209,2025-06-09 09:00:00,2025-06-12 03:00:00,Payment,Phone,Low,AGT-062,Resolved,4.0
TKT-0000990,CUS-010606,2022-12-18 03:00:00,2022-12-18 18:00:00,Product Quality,Phone,Medium,AGT-014,Closed,5.0
TKT-0000991,CUS-007151,2023-08-18 10:00:00,,Returns,Chat,High,AGT-063,Open,
TKT-0000992,CUS-004132,2022-09-04 21:00:00,2022-09-07 12:00:00,Delivery,Chat,Low,AGT-219,Resolved,5.0
TKT-0000993,CUS-005662,2021-07-11 05:00:00,2021-07-15 08:00:00,Payment,Email,Low,AGT-312,Resolved,
TKT-0000994,CUS-004166,2026-01-02 06:00:00,2026-01-03 19:00:00,Returns,Chat,Medium,AGT-084,Resolved,3.0
TKT-0000995,CUS-006591,2023-11-24 16:00:00,2023-11-25 00:00:00,Delivery,Phone,Medium,AGT-137,Resolved,4.0
TKT-0000996,CUS-000436,2020-04-14 16:00:00,2020-04-18 10:00:00,Promotion,Email,Low,AGT-339,Resolved,
TKT-0000997,CUS-005995,2024-10-20 04:00:00,2024-10-22 00:00:00,Account,Store,Low,AGT-063,Resolved,5.0
TKT-0000998,CUS-004335,2025-09-06 06:00:00,2025-09-07 07:00:00,Delivery,Phone,Low,AGT-177,Resolved,4.0
TKT-0000999,CUS-000752,2020-04-10 07:00:00,2020-04-14 23:00:00,Delivery,Chat,Low,AGT-146,Resolved,4.0
TKT-0001000,CUS-007046,2021-12-31 01:00:00,2022-01-01 17:00:00,Technical,Email,Medium,AGT-343,Resolved,
TKT-0001001,CUS-007966,2020-10-17 11:00:00,2020-10-20 01:00:00,Account,Social,Low,AGT-291,Resolved,4.0
TKT-0001002,CUS-000461,2021-01-28 11:00:00,2021-01-31 14:00:00,Returns,Chat,Medium,AGT-062,Resolved,
TKT-0001003,CUS-004138,2021-04-01 10:00:00,2021-04-02 05:00:00,Technical,Store,High,AGT-296,Resolved,4.0
TKT-0001004,CUS-010824,2020-05-03 18:00:00,2020-05-06 21:00:00,Delivery,Email,High,AGT-075,Closed,3.0
TKT-0001005,CUS-003153,2024-02-06 13:00:00,2024-02-11 05:00:00,Returns,Phone,Low,AGT-245,Resolved,
TKT-0001006,CUS-001021,2022-12-05 05:00:00,2022-12-06 21:00:00,Product Quality,Store,Low,AGT-285,Closed,4.0
TKT-0001007,CUS-010803,2022-06-21 00:00:00,2022-06-24 09:00:00,Technical,Email,Medium,AGT-084,Resolved,3.0
TKT-0001008,CUS-011828,2021-05-11 10:00:00,2021-05-14 02:00:00,Payment,Email,Medium,AGT-265,Resolved,
TKT-0001009,CUS-005500,2021-10-18 16:00:00,,Technical,Social,Medium,AGT-207,Open,
TKT-0001010,CUS-009938,2020-04-08 02:00:00,2020-04-12 16:00:00,Product Quality,Store,Medium,AGT-144,Resolved,
TKT-0001011,CUS-001799,2026-03-29 05:00:00,2026-03-31 04:00:00,Account,Chat,Medium,AGT-108,Resolved,5.0
TKT-0001012,CUS-004867,2025-01-20 00:00:00,2025-01-23 18:00:00,Returns,Email,Low,AGT-063,Resolved,
TKT-0001013,CUS-005582,2021-10-10 19:00:00,2021-10-13 04:00:00,Product Quality,Store,Medium,AGT-057,Resolved,3.0
TKT-0001014,CUS-000978,2024-02-11 23:00:00,,Account,Phone,High,AGT-326,Open,
TKT-0001015,CUS-010864,2026-01-13 07:00:00,2026-01-14 16:00:00,Payment,Phone,Medium,AGT-020,Resolved,4.0
TKT-0001016,CUS-003658,2022-10-16 08:00:00,2022-10-20 19:00:00,Delivery,Store,High,AGT-107,Resolved,4.0
TKT-0001017,CUS-004333,2023-07-31 08:00:00,2023-08-04 14:00:00,Technical,Chat,Medium,AGT-199,Resolved,3.0
TKT-0001018,CUS-006402,2024-05-10 11:00:00,2024-05-11 07:00:00,Returns,Phone,Medium,AGT-309,Resolved,4.0
TKT-0001019,CUS-002750,2024-04-22 12:00:00,,Promotion,Chat,Low,AGT-082,Open,
TKT-0001020,CUS-011108,2023-04-10 16:00:00,2023-04-15 04:00:00,Returns,Store,Low,AGT-320,Resolved,3.0
TKT-0001021,CUS-008106,2025-07-05 03:00:00,2025-07-08 17:00:00,Payment,Social,Low,AGT-024,Resolved,
TKT-0001022,CUS-009852,2026-03-30 00:00:00,2026-03-30 03:00:00,Delivery,Store,Low,AGT-195,Resolved,
TKT-0001023,CUS-004169,2025-12-14 18:00:00,2025-12-14 20:00:00,Returns,Social,Medium,AGT-183,Resolved,
TKT-0001024,CUS-006694,2024-08-23 04:00:00,2024-08-28 00:00:00,Payment,Social,Low,AGT-283,Resolved,5.0
TKT-0001025,CUS-005937,2022-08-07 14:00:00,,Returns,Email,Low,AGT-074,Open,
TKT-0001026,CUS-002557,2024-01-20 08:00:00,2024-01-22 20:00:00,Product Quality,Social,Medium,AGT-199,Resolved,5.0
TKT-0001027,CUS-007835,2021-12-24 04:00:00,2021-12-28 01:00:00,Delivery,Email,Low,AGT-247,Resolved,3.0
TKT-0001028,CUS-008610,2022-09-10 23:00:00,2022-09-13 09:00:00,Delivery,Chat,Low,AGT-012,Resolved,
TKT-0001029,CUS-000880,2020-05-20 12:00:00,2020-05-20 19:00:00,Delivery,Email,High,AGT-090,Resolved,3.0
TKT-0001030,CUS-006660,2026-06-28 11:00:00,2026-06-30 12:00:00,Returns,Chat,High,AGT-250,Resolved,5.0
TKT-0001031,CUS-001155,2022-06-12 09:00:00,2022-06-17 02:00:00,Payment,Store,Medium,AGT-335,Resolved,5.0
TKT-0001032,CUS-007801,2021-05-16 19:00:00,2021-05-20 03:00:00,Account,Email,Medium,AGT-153,Closed,
TKT-0001033,CUS-009421,2021-05-02 12:00:00,2021-05-05 09:00:00,Technical,Phone,Low,AGT-347,Closed,
TKT-0001034,CUS-010485,2020-04-02 11:00:00,2020-04-07 09:00:00,Promotion,Chat,Low,AGT-201,Resolved,
TKT-0001035,CUS-009926,2021-07-06 06:00:00,2021-07-09 03:00:00,Delivery,Store,Low,AGT-327,Resolved,5.0
TKT-0001036,CUS-000520,2025-04-29 17:00:00,2025-05-03 21:00:00,Payment,Social,Low,AGT-197,Resolved,4.0
TKT-0001037,CUS-009876,2023-03-13 05:00:00,,Account,Store,Medium,AGT-034,Open,
TKT-0001038,CUS-005750,2024-03-18 10:00:00,2024-03-22 05:00:00,Returns,Email,Low,AGT-005,Resolved,5.0
TKT-0001039,CUS-006790,2025-05-19 06:00:00,,Payment,Phone,Medium,AGT-242,Open,
TKT-0001040,CUS-011645,2020-12-26 16:00:00,,Delivery,Email,Medium,AGT-091,Open,
TKT-0001041,CUS-003180,2023-07-11 02:00:00,2023-07-13 19:00:00,Returns,Email,Low,AGT-154,Resolved,
TKT-0001042,CUS-001404,2023-12-26 16:00:00,2023-12-28 11:00:00,Returns,Social,Medium,AGT-246,Resolved,3.0
TKT-0001043,CUS-002750,2021-03-11 03:00:00,2021-03-13 23:00:00,Returns,Email,Medium,AGT-086,Resolved,2.0
TKT-0001044,CUS-009381,2025-03-06 13:00:00,2025-03-06 20:00:00,Delivery,Phone,High,AGT-067,Resolved,
TKT-0001045,CUS-004136,2020-02-28 12:00:00,2020-03-01 18:00:00,Account,Chat,Medium,AGT-206,Resolved,4.0
TKT-0001046,CUS-005351,2021-12-12 20:00:00,2021-12-17 03:00:00,Delivery,Store,Medium,AGT-008,Resolved,
TKT-0001047,CUS-000065,2020-07-24 01:00:00,2020-07-26 08:00:00,Promotion,Phone,Critical,AGT-050,Resolved,3.0
TKT-0001048,CUS-009606,2025-12-20 18:00:00,2025-12-22 06:00:00,Returns,Store,Medium,AGT-251,Resolved,3.0
TKT-0001049,CUS-009709,2022-01-07 01:00:00,2022-01-09 22:00:00,Product Quality,Store,Low,AGT-138,Resolved,5.0
TKT-0001050,CUS-002613,2022-07-22 21:00:00,2022-07-23 11:00:00,Delivery,Store,Low,AGT-285,Resolved,
TKT-0001051,CUS-010158,2021-03-09 00:00:00,2021-03-11 07:00:00,Technical,Phone,Low,AGT-345,Resolved,4.0
TKT-0001052,CUS-006731,2025-09-25 14:00:00,,Delivery,Phone,High,AGT-264,Open,
TKT-0001053,CUS-011746,2022-09-27 18:00:00,2022-09-28 21:00:00,Account,Phone,Medium,AGT-331,Resolved,4.0
TKT-0001054,CUS-005106,2023-06-02 09:00:00,,Payment,Store,Low,AGT-141,Open,
TKT-0001055,CUS-010670,2020-06-03 02:00:00,2020-06-06 06:00:00,Delivery,Social,Medium,AGT-266,Resolved,5.0
TKT-0001056,CUS-000330,2022-05-27 11:00:00,2022-05-31 04:00:00,Technical,Store,Medium,AGT-036,Resolved,2.0
TKT-0001057,CUS-008865,2025-11-30 14:00:00,2025-12-01 09:00:00,Returns,Store,Medium,AGT-133,Resolved,5.0
TKT-0001058,CUS-001861,2020-05-02 17:00:00,2020-05-05 21:00:00,Account,Chat,Medium,AGT-250,Resolved,2.0
TKT-0001059,CUS-004767,2020-12-18 08:00:00,,Delivery,Phone,Medium,AGT-169,Open,
TKT-0001060,CUS-000137,2024-06-10 12:00:00,2024-06-11 06:00:00,Product Quality,Chat,Medium,AGT-261,Resolved,
TKT-0001061,CUS-004388,2021-05-13 14:00:00,2021-05-18 01:00:00,Account,Chat,High,AGT-110,Resolved,
TKT-0001062,CUS-001531,2023-02-27 01:00:00,2023-03-01 21:00:00,Delivery,Phone,Medium,AGT-083,Resolved,5.0
TKT-0001063,CUS-007715,2024-12-04 15:00:00,2024-12-06 19:00:00,Delivery,Social,Medium,AGT-289,Resolved,5.0
TKT-0001064,CUS-003787,2022-11-04 14:00:00,2022-11-07 23:00:00,Technical,Chat,Critical,AGT-170,Resolved,5.0
TKT-0001065,CUS-006803,2025-08-10 19:00:00,2025-08-14 05:00:00,account,Email,Medium,AGT-179,Closed,4.0
TKT-0001066,CUS-000550,2024-11-24 18:00:00,2024-11-27 22:00:00,Product Quality,Phone,Medium,AGT-019,Resolved,4.0
TKT-0001067,CUS-007553,2022-04-16 01:00:00,2022-04-17 02:00:00,Technical,Phone,Medium,AGT-127,Resolved,5.0
TKT-0001068,CUS-009193,2023-07-22 08:00:00,2023-07-26 20:00:00,Technical,Phone,Low,AGT-196,Resolved,3.0
TKT-0001069,CUS-003139,2024-04-02 05:00:00,2024-04-03 09:00:00,Delivery,Email,Medium,AGT-225,Resolved,
TKT-0001070,CUS-001394,2020-11-28 22:00:00,2020-11-30 16:00:00,Returns,Email,Low,AGT-322,Resolved,
TKT-0001071,CUS-009258,2024-04-13 21:00:00,2024-04-16 11:00:00,Promotion,Email,Critical,AGT-228,Closed,
TKT-0001072,CUS-003343,2020-02-01 16:00:00,2020-02-06 05:00:00,Returns,Email,Critical,AGT-059,Resolved,
TKT-0001073,CUS-009535,2021-12-13 18:00:00,2021-12-14 00:00:00,Account,Chat,Medium,AGT-152,Resolved,2.0
TKT-0001074,CUS-011153,2020-05-02 18:00:00,2020-05-05 18:00:00,Technical,Email,Low,AGT-268,Resolved,4.0
TKT-0001075,CUS-000285,2025-01-12 15:00:00,2025-01-15 09:00:00,Returns,Chat,Medium,AGT-111,Resolved,3.0
TKT-0001076,CUS-000694,2025-10-26 19:00:00,2025-10-27 13:00:00,Delivery,Chat,Low,AGT-303,Resolved,4.0
TKT-0001077,CUS-008728,2022-06-02 07:00:00,2022-06-04 13:00:00,Returns,Chat,Medium,AGT-043,Resolved,
TKT-0001078,CUS-005996,2021-12-28 00:00:00,2021-12-30 07:00:00,Returns,Phone,Medium,AGT-029,Resolved,4.0
TKT-0001079,CUS-004998,2022-06-06 14:00:00,2022-06-06 15:00:00,Delivery,Phone,Medium,AGT-176,Resolved,
TKT-0001080,CUS-005447,2020-11-07 12:00:00,,Product Quality,Social,Medium,AGT-261,Open,
TKT-0001081,CUS-006374,2021-05-01 04:00:00,2021-05-03 00:00:00,Returns,Email,High,AGT-169,Resolved,5.0
TKT-0001082,CUS-004000,2024-04-04 03:00:00,2024-04-08 09:00:00,Delivery,Social,Low,AGT-196,Resolved,4.0
TKT-0001083,CUS-008524,2020-01-18 05:00:00,2020-01-22 05:00:00,Technical,Social,Medium,AGT-147,Resolved,5.0
TKT-0001084,CUS-003912,2024-01-16 00:00:00,2024-01-17 13:00:00,Account,Chat,High,AGT-152,Closed,4.0
TKT-0001085,CUS-005729,2024-08-04 03:00:00,2024-08-07 13:00:00,Delivery,Social,Low,AGT-290,Closed,5.0
TKT-0001086,CUS-003303,2020-05-09 17:00:00,2020-05-14 13:00:00,Delivery,Store,Low,AGT-265,Resolved,
TKT-0001087,CUS-010248,2025-10-02 20:00:00,2025-10-06 15:00:00,Returns,Email,Medium,AGT-153,Resolved,5.0
TKT-0001088,CUS-011275,2020-03-25 13:00:00,2020-03-26 01:00:00,Delivery,Store,Low,AGT-274,Resolved,
TKT-0001089,CUS-005097,2024-01-29 23:00:00,2024-02-01 10:00:00,Returns,Email,Low,AGT-286,Resolved,1.0
TKT-0001090,CUS-002061,2025-11-29 03:00:00,2025-12-02 05:00:00,Returns,Phone,Medium,AGT-183,Resolved,5.0
TKT-0001091,CUS-004342,2024-09-08 12:00:00,2024-09-09 18:00:00,Account,Social,Low,AGT-043,Closed,4.0
TKT-0001092,CUS-001439,2021-10-15 15:00:00,2021-10-18 18:00:00,Delivery,Chat,Medium,AGT-305,Closed,5.0
TKT-0001093,CUS-000240,2024-09-06 05:00:00,2024-09-08 15:00:00,Product Quality,Phone,Medium,AGT-290,Resolved,2.0
TKT-0001094,CUS-004931,2023-03-01 09:00:00,2023-03-05 16:00:00,Returns,Store,Medium,AGT-091,Resolved,
TKT-0001095,CUS-006073,2020-01-21 18:00:00,2020-01-23 09:00:00,Payment,Chat,Medium,AGT-334,Resolved,
TKT-0001096,CUS-001523,2026-01-13 00:00:00,2026-01-15 18:00:00,Returns,Email,Low,AGT-207,Resolved,
TKT-0001097,CUS-005217,2021-09-22 17:00:00,2021-09-27 12:00:00,Product Quality,Email,Low,AGT-338,Resolved,
TKT-0001098,CUS-005091,2020-01-25 22:00:00,2020-01-26 05:00:00,Payment,Phone,Medium,AGT-205,Resolved,5.0
TKT-0001099,CUS-011400,2024-11-19 10:00:00,2024-11-19 17:00:00,Delivery,Social,Low,AGT-343,Resolved,1.0
TKT-0001100,CUS-009795,2021-03-20 09:00:00,2021-03-21 12:00:00,Account,Social,Medium,AGT-160,Resolved,
TKT-0001101,CUS-002192,2022-09-03 20:00:00,2022-09-07 08:00:00,Returns,Email,Medium,AGT-322,Closed,
TKT-0001102,CUS-007116,2024-07-01 18:00:00,2024-07-05 21:00:00,Account,Store,Low,AGT-126,Resolved,
TKT-0001103,CUS-005792,2024-08-28 15:00:00,2024-09-01 05:00:00,Delivery,Email,Medium,AGT-007,Resolved,4.0
TKT-0001104,CUS-001197,2023-11-02 09:00:00,,Delivery,Store,Medium,AGT-142,Open,
TKT-0001105,CUS-010408,2026-04-13 12:00:00,2026-04-18 06:00:00,Account,Store,High,AGT-134,Resolved,
TKT-0001106,CUS-005791,2021-08-10 18:00:00,2021-08-14 18:00:00,Returns,Phone,Medium,AGT-238,Resolved,
TKT-0001107,CUS-007495,2021-01-23 10:00:00,2021-01-23 21:00:00,Delivery,Store,Medium,AGT-159,Resolved,5.0
TKT-0001108,CUS-011419,2020-11-15 06:00:00,2020-11-15 19:00:00,Promotion,Store,Medium,AGT-286,Closed,
TKT-0001109,CUS-004016,2024-02-08 18:00:00,2024-02-12 04:00:00,Product Quality,Store,Medium,AGT-247,Resolved,
TKT-0001110,CUS-004555,2024-11-07 01:00:00,,Promotion,Phone,Low,AGT-135,Open,
TKT-0001111,CUS-003601,2026-03-15 08:00:00,2026-03-16 19:00:00,Technical,Store,Medium,AGT-226,Resolved,4.0
TKT-0001112,CUS-010232,2023-04-11 15:00:00,2023-04-16 02:00:00,Account,Store,Low,AGT-149,Resolved,
TKT-0001113,CUS-001742,2022-09-18 21:00:00,2022-09-21 20:00:00,Delivery,Social,Medium,AGT-044,Resolved,
TKT-0001114,CUS-006799,2021-09-19 05:00:00,2021-09-21 14:00:00,Promotion,Email,High,AGT-122,Resolved,
TKT-0001115,CUS-001884,2025-08-13 01:00:00,2025-08-14 14:00:00,Technical,Email,Low,AGT-053,Resolved,
TKT-0001116,CUS-004491,2022-11-17 08:00:00,2022-11-21 13:00:00,Delivery,Social,Critical,AGT-033,Resolved,4.0
TKT-0001117,CUS-004629,2025-10-05 02:00:00,2025-10-06 01:00:00,Product Quality,Store,Low,AGT-057,Resolved,
TKT-0001118,CUS-011585,2021-04-24 01:00:00,2021-04-24 17:00:00,Delivery,Phone,Medium,AGT-077,Resolved,
TKT-0001119,CUS-005279,2024-04-14 23:00:00,2024-04-16 17:00:00,Returns,Chat,Medium,AGT-323,Closed,
TKT-0001120,CUS-001635,2025-01-15 19:00:00,2025-01-19 16:00:00,Payment,Email,Low,AGT-171,Resolved,4.0
TKT-0001121,CUS-007374,2022-12-09 16:00:00,2022-12-09 19:00:00,Returns,Social,Medium,AGT-119,Resolved,
TKT-0001122,CUS-008792,2024-06-18 23:00:00,2024-06-21 10:00:00,Delivery,Store,Medium,AGT-181,Resolved,5.0
TKT-0001123,CUS-005448,2024-08-28 01:00:00,2024-08-30 11:00:00,Returns,Store,Medium,AGT-045,Resolved,
TKT-0001124,CUS-008163,2020-08-05 11:00:00,2020-08-10 07:00:00,Payment,Store,Medium,AGT-266,Resolved,2.0
TKT-0001125,CUS-010244,2023-08-24 17:00:00,2023-08-27 19:00:00,Technical,Phone,Medium,AGT-057,Resolved,
TKT-0001126,CUS-000203,2023-12-03 22:00:00,2023-12-06 07:00:00,Delivery,Chat,Medium,AGT-028,Resolved,5.0
TKT-0001127,CUS-009296,2023-02-09 14:00:00,2023-02-10 11:00:00,Delivery,Store,Low,AGT-266,Resolved,5.0
TKT-0001128,CUS-004021,2023-01-02 10:00:00,2023-01-05 02:00:00,Delivery,Email,High,AGT-166,Resolved,3.0
TKT-0001129,CUS-002964,2024-01-26 07:00:00,2024-01-26 10:00:00,Product Quality,Social,High,AGT-237,Resolved,4.0
TKT-0001130,CUS-008297,2021-02-03 08:00:00,,Delivery,Phone,Medium,AGT-198,Open,
TKT-0001131,CUS-004644,2026-02-20 02:00:00,2026-02-23 12:00:00,Product Quality,Phone,Low,AGT-278,Closed,
TKT-0001132,CUS-007781,2025-02-17 14:00:00,2025-02-21 04:00:00,Product Quality,Store,High,AGT-243,Resolved,3.0
TKT-0001133,CUS-005639,2022-05-16 06:00:00,2022-05-16 12:00:00,Payment,Chat,High,AGT-196,Resolved,4.0
TKT-0001134,CUS-001369,2022-06-11 23:00:00,2022-06-12 20:00:00,Returns,Store,High,AGT-181,Resolved,
TKT-0001135,CUS-006616,2024-05-01 06:00:00,2024-05-04 11:00:00,Returns,Social,Medium,AGT-132,Resolved,5.0
TKT-0001136,CUS-002276,2020-08-12 02:00:00,,Product Quality,Email,Medium,AGT-032,Open,
TKT-0001137,CUS-004696,2026-03-21 08:00:00,,Returns,Store,High,AGT-262,Open,
TKT-0001138,CUS-003959,2020-02-06 19:00:00,,Promotion,Social,Low,AGT-156,Open,
TKT-0001139,CUS-011015,2020-09-29 01:00:00,2020-10-03 23:00:00,Promotion,Chat,Medium,AGT-136,Resolved,2.0
TKT-0001140,CUS-002242,2022-04-23 14:00:00,2022-04-27 01:00:00,Promotion,Social,High,AGT-222,Closed,
TKT-0001141,CUS-002892,2020-01-04 21:00:00,2020-01-08 07:00:00,Product Quality,Social,Low,AGT-087,Resolved,
TKT-0001142,CUS-006029,2022-12-15 20:00:00,,Product Quality,Chat,High,AGT-141,Open,
TKT-0001143,CUS-003334,2021-09-04 18:00:00,2021-09-05 01:00:00,Delivery,Store,Medium,AGT-003,Closed,4.0
TKT-0001144,CUS-009003,2023-07-29 08:00:00,2023-08-02 09:00:00,Delivery,Phone,Low,AGT-213,Resolved,
TKT-0001145,CUS-005723,2025-04-18 19:00:00,2025-04-19 07:00:00,Payment,Chat,Low,AGT-280,Resolved,2.0
TKT-0001146,CUS-004826,2022-11-10 18:00:00,2022-11-13 06:00:00,Product Quality,Phone,Medium,AGT-110,Resolved,
TKT-0001147,CUS-011333,2023-12-20 17:00:00,2023-12-21 09:00:00,Payment,Social,Medium,AGT-094,Resolved,4.0
TKT-0001148,CUS-010011,2025-08-17 16:00:00,2025-08-18 15:00:00,Promotion,Chat,Medium,AGT-029,Resolved,
TKT-0001149,CUS-005378,2022-03-04 12:00:00,2022-03-05 05:00:00,Returns,Social,Medium,AGT-120,Resolved,3.0
TKT-0001150,CUS-002306,2021-01-30 16:00:00,2021-02-02 12:00:00,Returns,Email,Low,AGT-029,Resolved,3.0
TKT-0001151,CUS-001993,2021-08-09 22:00:00,2021-08-11 01:00:00,Payment,Phone,Low,AGT-155,Resolved,3.0
TKT-0001152,CUS-008254,2026-08-24 10:00:00,2026-08-25 04:00:00,Payment,Chat,Medium,AGT-182,Resolved,4.0
TKT-0001153,CUS-005665,2025-04-26 11:00:00,2025-04-30 09:00:00,Returns,Phone,Medium,AGT-236,Resolved,2.0
TKT-0001154,CUS-004141,2024-01-05 13:00:00,2024-01-06 08:00:00,Technical,Social,Medium,AGT-281,Resolved,
TKT-0001155,CUS-009819,2022-09-07 13:00:00,2022-09-12 12:00:00,Returns,Social,Low,AGT-164,Resolved,2.0
TKT-0001156,CUS-007621,2022-11-24 16:00:00,2022-11-29 14:00:00,Product Quality,Store,Low,AGT-098,Resolved,4.0
TKT-0001157,CUS-001712,2020-09-02 10:00:00,2020-09-03 23:00:00,Product Quality,Chat,Low,AGT-009,Resolved,4.0
TKT-0001158,CUS-000260,2020-02-03 06:00:00,2020-02-03 13:00:00,Product Quality,Email,Low,AGT-120,Resolved,4.0
TKT-0001159,CUS-008363,2025-05-03 05:00:00,2025-05-05 20:00:00,Delivery,Phone,Medium,AGT-028,Resolved,5.0
TKT-0001160,CUS-003197,2026-05-18 09:00:00,2026-05-23 03:00:00,Delivery,Phone,Medium,AGT-274,Resolved,3.0
TKT-0001161,CUS-001897,2025-11-15 09:00:00,2025-11-20 00:00:00,Delivery,Phone,Low,AGT-147,Resolved,3.0
TKT-0001162,CUS-011222,2021-06-15 06:00:00,2021-06-17 04:00:00,Returns,Social,Medium,AGT-310,Resolved,5.0
TKT-0001163,CUS-006844,2022-05-08 08:00:00,2022-05-11 17:00:00,Delivery,Email,Medium,AGT-172,Closed,
TKT-0001164,CUS-010498,2023-12-03 04:00:00,2023-12-04 17:00:00,Delivery,Store,Low,AGT-007,Resolved,4.0
TKT-0001165,CUS-008070,2025-07-24 21:00:00,2025-07-29 18:00:00,Delivery,Phone,Medium,AGT-327,Resolved,
TKT-0001166,CUS-011414,2022-04-20 11:00:00,2022-04-20 13:00:00,Product Quality,Email,Medium,AGT-121,Resolved,
TKT-0001167,CUS-002017,2024-04-28 06:00:00,2024-04-29 18:00:00,Payment,Store,Medium,AGT-246,Resolved,5.0
TKT-0001168,CUS-011868,2026-04-18 01:00:00,2026-04-21 07:00:00,Account,Social,Medium,AGT-275,Closed,
TKT-0001169,CUS-003394,2023-03-22 04:00:00,2023-03-23 09:00:00,Product Quality,Store,Medium,AGT-130,Closed,3.0
TKT-0001170,CUS-001434,2025-04-08 20:00:00,2025-04-11 08:00:00,Returns,Chat,Medium,AGT-033,Resolved,
TKT-0001171,CUS-010118,2026-06-24 11:00:00,,Product Quality,Social,Low,AGT-159,Open,
TKT-0001172,CUS-006950,2020-09-07 08:00:00,2020-09-10 04:00:00,Delivery,Social,Medium,AGT-150,Resolved,
TKT-0001173,CUS-011023,2020-08-12 00:00:00,2020-08-12 07:00:00,Payment,Phone,Low,AGT-078,Resolved,
TKT-0001174,CUS-005150,2022-04-13 11:00:00,2022-04-16 12:00:00,Delivery,Phone,Medium,AGT-350,Resolved,
TKT-0001175,CUS-007833,2021-06-05 03:00:00,2021-06-05 09:00:00,Product Quality,Social,Low,AGT-047,Resolved,
TKT-0001176,CUS-006223,2022-12-13 10:00:00,2022-12-18 08:00:00,Promotion,Email,High,AGT-287,Resolved,
TKT-0001177,CUS-003387,2024-07-28 12:00:00,,Returns,Phone,Medium,AGT-342,Open,
TKT-0001178,CUS-008086,2021-06-07 12:00:00,2021-06-12 03:00:00,Product Quality,Email,Low,AGT-279,Resolved,
TKT-0001179,CUS-002946,2023-02-06 19:00:00,2023-02-10 17:00:00,Returns ,Store,Low,AGT-172,Resolved,
TKT-0001180,CUS-009247,2022-11-23 19:00:00,2022-11-25 21:00:00,Promotion,Store,Medium,AGT-087,Resolved,
TKT-0001181,CUS-008749,2023-06-13 04:00:00,2023-06-16 19:00:00,Delivery,Email,High,AGT-275,Resolved,3.0
TKT-0001182,CUS-007672,2024-12-22 06:00:00,2024-12-25 16:00:00,Payment,Store,Low,AGT-207,Resolved,
TKT-0001183,CUS-001674,2021-04-13 00:00:00,2021-04-13 07:00:00,Returns,Email,High,AGT-088,Closed,3.0
TKT-0001184,CUS-005101,2022-08-12 04:00:00,2022-08-16 10:00:00,Returns,Email,Medium,AGT-116,Resolved,
TKT-0001185,CUS-011368,2024-04-09 09:00:00,2024-04-10 18:00:00,Returns,Email,Medium,AGT-272,Resolved,5.0
TKT-0001186,CUS-003139,2023-12-28 22:00:00,2023-12-31 18:00:00,Product Quality,Email,High,AGT-066,Resolved,5.0
TKT-0001187,CUS-004775,2024-05-05 12:00:00,2024-05-06 21:00:00,Delivery,Phone,High,AGT-159,Resolved,
TKT-0001188,CUS-009389,2022-04-13 17:00:00,2022-04-16 21:00:00,Returns,Store,Medium,AGT-298,Resolved,
TKT-0001189,CUS-002584,2024-06-28 21:00:00,,Product Quality,Social,High,AGT-150,Open,
TKT-0001190,CUS-000464,2026-06-24 17:00:00,2026-06-25 00:00:00,Account,Store,Low,AGT-185,Resolved,
TKT-0001191,CUS-009956,2025-08-23 20:00:00,2025-08-26 10:00:00,Payment,Store,Low,AGT-144,Resolved,3.0
TKT-0001192,CUS-009929,2020-02-06 13:00:00,2020-02-10 11:00:00,Returns,Email,High,AGT-082,Resolved,4.0
TKT-0001193,CUS-006759,2025-03-18 00:00:00,2025-03-22 03:00:00,Account,Social,Medium,AGT-119,Resolved,3.0
TKT-0001194,CUS-009140,2023-07-02 06:00:00,2023-07-02 22:00:00,Payment,Store,Low,AGT-167,Resolved,
TKT-0001195,CUS-009874,2023-05-17 03:00:00,2023-05-18 15:00:00,Delivery,Social,Low,AGT-040,Resolved,4.0
TKT-0001196,CUS-005836,2026-03-06 10:00:00,,Product Quality,Phone,Medium,AGT-202,Open,
TKT-0001197,CUS-005653,2025-05-07 01:00:00,2025-05-08 04:00:00,Delivery,Chat,Medium,AGT-322,Resolved,
TKT-0001198,CUS-008374,2020-11-15 00:00:00,2020-11-19 21:00:00,Delivery,Phone,Medium,AGT-021,Resolved,4.0
TKT-0001199,CUS-004434,2023-08-13 14:00:00,2023-08-15 02:00:00,Returns,Chat,Low,AGT-309,Closed,
TKT-0001200,CUS-008493,2024-06-26 08:00:00,2024-06-27 00:00:00,Technical,Phone,Medium,AGT-176,Resolved,5.0
TKT-0001201,CUS-009252,2026-02-09 12:00:00,2026-02-12 19:00:00,Returns,Phone,Medium,AGT-122,Resolved,
TKT-0001202,CUS-005441,2026-08-29 22:00:00,2026-09-03 12:00:00,Technical,Store,Low,AGT-102,Resolved,
TKT-0001203,CUS-011837,2023-12-16 12:00:00,2023-12-16 19:00:00,Payment,Store,Medium,AGT-215,Resolved,
TKT-0001204,CUS-000223,2021-08-13 01:00:00,,Product Quality,Email,Medium,AGT-285,Open,
TKT-0001205,CUS-005980,2022-03-30 18:00:00,2022-04-02 08:00:00,Product Quality,Social,High,AGT-135,Resolved,4.0
TKT-0001206,CUS-005466,2023-12-07 08:00:00,,Delivery,Email,Low,AGT-141,Open,
TKT-0001207,CUS-011964,2024-08-11 10:00:00,2024-08-11 23:00:00,Payment,Phone,Low,AGT-207,Resolved,5.0
TKT-0001208,CUS-011695,2020-08-28 03:00:00,2020-08-29 20:00:00,Product Quality,Chat,Medium,AGT-042,Resolved,
TKT-0001209,CUS-000123,2024-10-20 18:00:00,2024-10-24 16:00:00,Returns,Email,High,AGT-227,Resolved,4.0
TKT-0001210,CUS-003718,2026-04-28 17:00:00,2026-05-02 06:00:00,Promotion,Email,High,AGT-242,Resolved,4.0
TKT-0001211,CUS-001465,2024-04-30 03:00:00,2024-05-01 07:00:00,Returns,Phone,High,AGT-256,Closed,3.0
TKT-0001212,CUS-007036,2022-05-22 06:00:00,2022-05-26 13:00:00,Product Quality,Social,Low,AGT-009,Resolved,5.0
TKT-0001213,CUS-006424,2025-01-30 05:00:00,2025-02-03 14:00:00,Account,Store,Medium,AGT-224,Resolved,5.0
TKT-0001214,CUS-004729,2020-07-01 09:00:00,2020-07-04 07:00:00,Technical,Phone,High,AGT-162,Resolved,
TKT-0001215,CUS-002409,2022-08-06 12:00:00,2022-08-08 22:00:00,Account,Social,Low,AGT-139,Resolved,4.0
TKT-0001216,CUS-010007,2024-03-16 09:00:00,2024-03-18 06:00:00,Account,Chat,Medium,AGT-099,Resolved,4.0
TKT-0001217,CUS-002909,2021-09-06 10:00:00,2021-09-10 11:00:00,Promotion,Phone,Medium,AGT-079,Resolved,3.0
TKT-0001218,CUS-004897,2020-11-23 07:00:00,2020-11-26 22:00:00,Delivery,Social,Medium,AGT-235,Closed,4.0
TKT-0001219,CUS-006545,2023-08-12 22:00:00,2023-08-14 13:00:00,Delivery,Email,Low,AGT-114,Resolved,4.0
TKT-0001220,CUS-006575,2025-02-27 19:00:00,2025-02-28 20:00:00,Delivery,Chat,Critical,AGT-207,Resolved,3.0
TKT-0001221,CUS-005266,2020-11-01 18:00:00,2020-11-04 16:00:00,Account,Email,Low,AGT-267,Closed,5.0
TKT-0001222,CUS-009658,2026-06-23 19:00:00,2026-06-24 01:00:00,Account,Social,Medium,AGT-129,Resolved,
TKT-0001223,CUS-008591,2025-01-06 21:00:00,2025-01-09 20:00:00,Payment,Chat,Medium,AGT-239,Closed,
TKT-0001224,CUS-001180,2025-11-27 01:00:00,2025-11-28 11:00:00,Payment,Phone,Low,AGT-154,Resolved,
TKT-0001225,CUS-000304,2021-03-17 01:00:00,2021-03-18 04:00:00,Delivery,Phone,Low,AGT-252,Closed,
TKT-0001226,CUS-004680,2023-12-25 18:00:00,2023-12-29 19:00:00,Product Quality,Store,Medium,AGT-002,Resolved,5.0
TKT-0001227,CUS-005175,2024-04-30 16:00:00,2024-05-01 20:00:00,Payment,Phone,Medium,AGT-019,Resolved,
TKT-0001228,CUS-010627,2024-07-21 13:00:00,2024-07-21 17:00:00,Promotion,Social,Low,AGT-230,Resolved,4.0
TKT-0001229,CUS-003883,2020-04-13 02:00:00,2020-04-13 15:00:00,Returns,Phone,Low,AGT-315,Resolved,
TKT-0001230,CUS-010158,2022-07-04 02:00:00,,Returns,Chat,High,AGT-340,Open,
TKT-0001231,CUS-006716,2024-11-25 07:00:00,,Product Quality,Store,Low,AGT-315,Open,
TKT-0001232,CUS-005554,2023-05-07 22:00:00,2023-05-12 08:00:00,Payment,Email,Low,AGT-283,Resolved,
TKT-0001233,CUS-000989,2024-05-19 07:00:00,2024-05-23 15:00:00,Returns,Store,High,AGT-022,Resolved,
TKT-0001234,CUS-000027,2025-03-09 19:00:00,2025-03-12 20:00:00,Product Quality,Social,Medium,AGT-192,Resolved,4.0
TKT-0001235,CUS-009389,2020-07-19 21:00:00,2020-07-20 20:00:00,Delivery,Chat,Critical,AGT-071,Resolved,4.0
TKT-0001236,CUS-011176,2025-03-27 04:00:00,2025-03-29 02:00:00,Account,Store,Low,AGT-219,Resolved,
TKT-0001237,CUS-007140,2022-12-13 01:00:00,2022-12-16 17:00:00,Returns,Social,Medium,AGT-186,Resolved,2.0
TKT-0001238,CUS-003953,2020-07-08 21:00:00,2020-07-09 16:00:00,Returns,Email,Medium,AGT-102,Closed,
TKT-0001239,CUS-008842,2025-03-27 03:00:00,2025-03-31 16:00:00,Product Quality,Email,Medium,AGT-035,Resolved,5.0
TKT-0001240,CUS-001637,2021-09-10 08:00:00,2021-09-11 08:00:00,Returns,Email,Medium,AGT-034,Resolved,
TKT-0001241,CUS-003802,2021-10-23 13:00:00,,Delivery,Email,Medium,AGT-320,Open,
TKT-0001242,CUS-005713,2024-03-08 22:00:00,2024-03-13 07:00:00,Account,Chat,Low,AGT-114,Resolved,5.0
TKT-0001243,CUS-006213,2023-12-17 01:00:00,,Returns,Chat,Low,AGT-244,Open,
TKT-0001244,CUS-003041,2025-04-10 06:00:00,2025-04-12 17:00:00,Delivery,Store,Medium,AGT-168,Resolved,5.0
TKT-0001245,CUS-008202,2021-08-23 01:00:00,2021-08-25 22:00:00,Product Quality,Store,High,AGT-173,Resolved,
TKT-0001246,CUS-001845,2023-09-06 14:00:00,2023-09-10 07:00:00,Delivery,Store,Low,AGT-003,Resolved,4.0
TKT-0001247,CUS-005640,2021-09-14 13:00:00,2021-09-19 02:00:00,Technical,Store,Medium,AGT-253,Closed,5.0
TKT-0001248,CUS-004592,2021-01-27 17:00:00,2021-01-30 18:00:00,Payment,Chat,Medium,AGT-002,Resolved,4.0
TKT-0001249,CUS-005315,2023-05-24 20:00:00,2023-05-26 10:00:00,Account,Social,Medium,AGT-071,Resolved,
TKT-0001250,CUS-002323,2022-06-18 17:00:00,2022-06-22 09:00:00,Returns,Chat,Medium,AGT-217,Resolved,3.0
TKT-0001251,CUS-005161,2025-08-16 04:00:00,2025-08-18 00:00:00,Delivery,Chat,Low,AGT-084,Resolved,4.0
TKT-0001252,CUS-008024,2024-11-28 00:00:00,2024-11-30 20:00:00,Delivery,Email,Low,AGT-222,Resolved,
TKT-0001253,CUS-007382,2021-03-29 09:00:00,2021-03-30 12:00:00,Payment,Store,Medium,AGT-090,Resolved,5.0
TKT-0001254,CUS-006543,2020-07-15 12:00:00,2020-07-15 16:00:00,Returns,Phone,Medium,AGT-011,Resolved,
TKT-0001255,CUS-005503,2022-04-04 05:00:00,2022-04-08 14:00:00,Returns,Phone,Medium,AGT-128,Resolved,
TKT-0001256,CUS-000199,2026-01-07 23:00:00,2026-01-09 13:00:00,Returns,Store,High,AGT-297,Resolved,4.0
TKT-0001257,CUS-011997,2022-12-01 09:00:00,2022-12-04 18:00:00,Returns,Social,Medium,AGT-123,Resolved,5.0
TKT-0001258,CUS-001797,2024-07-11 12:00:00,,Returns,Chat,Low,AGT-026,Open,
TKT-0001259,CUS-003961,2025-05-02 10:00:00,2025-05-02 18:00:00,Product Quality,Phone,Low,AGT-340,Resolved,4.0
TKT-0001260,CUS-004818,2020-03-24 11:00:00,2020-03-28 15:00:00,Product Quality,Store,Low,AGT-189,Closed,2.0
TKT-0001261,CUS-000755,2021-09-05 09:00:00,2021-09-07 12:00:00,Promotion,Social,High,AGT-038,Resolved,1.0
TKT-0001262,CUS-002040,2020-08-23 08:00:00,2020-08-27 00:00:00,Payment,Chat,High,AGT-301,Resolved,2.0
TKT-0001263,CUS-000276,2026-05-28 16:00:00,2026-05-28 19:00:00,Payment,Store,High,AGT-127,Resolved,
TKT-0001264,CUS-008917,2024-10-21 12:00:00,,Delivery,Social,Medium,AGT-018,Open,
TKT-0001265,CUS-009434,2026-01-19 04:00:00,2026-01-20 16:00:00,Promotion,Email,Medium,AGT-015,Resolved,4.0
TKT-0001266,CUS-003807,2025-05-08 12:00:00,,Delivery,Phone,Medium,AGT-018,Open,
TKT-0001267,CUS-009994,2021-12-13 01:00:00,2021-12-15 00:00:00,Account,Social,Medium,AGT-059,Resolved,
TKT-0001268,CUS-011415,2023-08-01 03:00:00,2023-08-05 21:00:00,Delivery,Email,Medium,AGT-071,Resolved,3.0
TKT-0001269,CUS-011191,2021-10-04 18:00:00,2021-10-07 21:00:00,Payment,Chat,Low,AGT-023,Resolved,
TKT-0001270,CUS-002437,2024-12-14 00:00:00,2024-12-16 13:00:00,Delivery,Chat,Low,AGT-208,Resolved,5.0
TKT-0001271,CUS-009663,2023-05-23 07:00:00,2023-05-24 21:00:00,Delivery,Store,Low,AGT-287,Closed,
TKT-0001272,CUS-008991,2020-10-17 00:00:00,2020-10-19 17:00:00,Delivery,Phone,Low,AGT-176,Resolved,2.0
TKT-0001273,CUS-010146,2025-04-07 14:00:00,2025-04-11 11:00:00,Account,Social,Medium,AGT-081,Resolved,4.0
TKT-0001274,CUS-007046,2024-10-30 07:00:00,2024-10-31 08:00:00,Delivery,Email,Low,AGT-017,Resolved,5.0
TKT-0001275,CUS-004290,2022-09-07 06:00:00,2022-09-10 07:00:00,Returns,Store,Medium,AGT-012,Resolved,
TKT-0001276,CUS-002907,2020-07-09 03:00:00,2020-07-10 22:00:00,Payment,Email,Medium,AGT-043,Resolved,5.0
TKT-0001277,CUS-007882,2024-01-03 16:00:00,2024-01-04 12:00:00,Payment,Chat,Medium,AGT-179,Resolved,
TKT-0001278,CUS-005182,2021-04-10 03:00:00,2021-04-11 03:00:00,Payment,Email,High,AGT-154,Closed,
TKT-0001279,CUS-004021,2021-11-24 07:00:00,,Delivery,Store,Medium,AGT-156,Open,
TKT-0001280,CUS-005855,2023-12-23 23:00:00,2023-12-24 09:00:00,Returns,Store,Medium,AGT-091,Resolved,5.0
TKT-0001281,CUS-010919,2021-03-29 16:00:00,2021-03-30 06:00:00,Delivery,Email,Medium,AGT-299,Resolved,
TKT-0001282,CUS-008523,2023-01-15 16:00:00,2023-01-17 20:00:00,Product Quality,Chat,Medium,AGT-347,Resolved,5.0
TKT-0001283,CUS-005874,2025-05-07 18:00:00,2025-05-10 11:00:00,Account,Chat,High,AGT-090,Resolved,4.0
TKT-0001284,CUS-008522,2021-09-07 13:00:00,2021-09-11 13:00:00,Promotion,Phone,Low,AGT-110,Resolved,1.0
TKT-0001285,CUS-010981,2024-06-11 02:00:00,2024-06-13 19:00:00,Returns ,Store,Medium,AGT-280,Resolved,
TKT-0001286,CUS-006612,2024-03-31 09:00:00,2024-03-31 12:00:00,Returns,Chat,Medium,AGT-140,Resolved,3.0
TKT-0001287,CUS-006433,2021-07-22 05:00:00,2021-07-23 18:00:00,Account,Phone,Low,AGT-085,Resolved,
TKT-0001288,CUS-010218,2023-09-01 18:00:00,2023-09-04 05:00:00,Promotion,Phone,Medium,AGT-117,Closed,
TKT-0001289,CUS-005213,2024-08-28 01:00:00,2024-08-30 00:00:00,Delivery,Chat,Medium,AGT-330,Resolved,4.0
TKT-0001290,CUS-010937,2022-03-04 07:00:00,2022-03-04 09:00:00,Returns,Social,Critical,AGT-316,Resolved,
TKT-0001291,CUS-003640,2023-10-12 04:00:00,2023-10-14 06:00:00,Technical,Chat,High,AGT-165,Resolved,
TKT-0001292,CUS-010037,2024-08-21 21:00:00,2024-08-25 02:00:00,Promotion,Email,Low,AGT-172,Resolved,4.0
TKT-0001293,CUS-007535,2020-10-15 13:00:00,2020-10-16 23:00:00,Returns,Phone,Medium,AGT-247,Resolved,4.0
TKT-0001294,CUS-002520,2025-12-10 13:00:00,2025-12-12 11:00:00,Account,Email,Medium,AGT-173,Resolved,3.0
TKT-0001295,CUS-001898,2020-01-10 02:00:00,2020-01-11 22:00:00,Product Quality,Phone,Medium,AGT-177,Resolved,3.0
TKT-0001296,CUS-002679,2022-12-07 18:00:00,2022-12-10 19:00:00,Account,Phone,High,AGT-295,Resolved,5.0
TKT-0001297,CUS-011964,2025-02-04 07:00:00,2025-02-05 10:00:00,Account,Social,Medium,AGT-312,Resolved,
TKT-0001298,CUS-004411,2022-01-27 02:00:00,2022-01-30 15:00:00,Returns,Social,Medium,AGT-110,Resolved,2.0
TKT-0001299,CUS-002698,2025-01-09 00:00:00,2025-01-12 22:00:00,Account,Store,Low,AGT-179,Resolved,
TKT-0001300,CUS-011505,2024-09-01 16:00:00,2024-09-05 13:00:00,Delivery,Chat,Low,AGT-045,Resolved,
TKT-0001301,CUS-010916,2024-08-17 11:00:00,2024-08-20 13:00:00,Returns,Chat,Medium,AGT-319,Closed,4.0
TKT-0001302,CUS-007143,2025-11-20 00:00:00,2025-11-21 15:00:00,Product Quality,Phone,Medium,AGT-110,Resolved,
TKT-0001303,CUS-004773,2026-03-22 18:00:00,2026-03-26 20:00:00,Payment,Social,Low,AGT-035,Resolved,4.0
TKT-0001304,CUS-007269,2021-03-16 13:00:00,2021-03-21 07:00:00,Delivery,Store,Medium,AGT-013,Resolved,
TKT-0001305,CUS-001822,2026-06-19 02:00:00,2026-06-21 13:00:00,Technical,Email,Low,AGT-273,Closed,4.0
TKT-0001306,CUS-004722,2023-03-13 10:00:00,2023-03-18 08:00:00,Payment,Social,Medium,AGT-338,Closed,
TKT-0001307,CUS-003242,2023-02-18 02:00:00,2023-02-22 21:00:00,Delivery,Social,Low,AGT-140,Resolved,
TKT-0001308,CUS-008655,2024-03-04 20:00:00,2024-03-07 11:00:00,Delivery,Chat,Low,AGT-059,Resolved,3.0
TKT-0001309,CUS-007710,2024-11-17 00:00:00,2024-11-20 07:00:00,Product Quality,Chat,Low,AGT-163,Resolved,
TKT-0001310,CUS-002024,2022-02-17 10:00:00,2022-02-18 09:00:00,Promotion,Phone,Critical,AGT-162,Resolved,5.0
TKT-0001311,CUS-007601,2020-11-11 04:00:00,2020-11-14 09:00:00,Delivery,Store,Medium,AGT-066,Resolved,
TKT-0001312,CUS-011693,2021-05-04 08:00:00,2021-05-06 04:00:00,Delivery,Email,Medium,AGT-214,Closed,5.0
TKT-0001313,CUS-005696,2025-11-07 09:00:00,2025-11-11 23:00:00,Returns,Social,Low,AGT-016,Closed,
TKT-0001314,CUS-001627,2025-04-08 13:00:00,2025-04-13 05:00:00,Delivery,Phone,Low,AGT-321,Resolved,5.0
TKT-0001315,CUS-006253,2022-04-05 01:00:00,2022-04-07 08:00:00,Returns,Social,Medium,AGT-230,Closed,5.0
TKT-0001316,CUS-007566,2021-06-11 08:00:00,,Returns,Store,Critical,AGT-145,Open,
TKT-0001317,CUS-010128,2025-08-29 18:00:00,2025-09-01 21:00:00,Delivery,Chat,Low,AGT-018,Resolved,
TKT-0001318,CUS-004299,2025-12-28 16:00:00,2025-12-31 04:00:00,Promotion,Social,Low,AGT-229,Resolved,
TKT-0001319,CUS-007950,2025-06-01 23:00:00,2025-06-06 09:00:00,Delivery,Social,High,AGT-252,Resolved,
TKT-0001320,CUS-007085,2025-02-18 09:00:00,2025-02-20 08:00:00,Delivery,Social,Low,AGT-298,Resolved,5.0
TKT-0001321,CUS-008591,2021-03-22 07:00:00,2021-03-22 15:00:00,Product Quality,Chat,Medium,AGT-272,Resolved,4.0
TKT-0001322,CUS-005277,2021-06-08 13:00:00,2021-06-13 12:00:00,Delivery,Chat,Low,AGT-345,Resolved,5.0
TKT-0001323,CUS-008627,2024-04-04 22:00:00,2024-04-07 13:00:00,Delivery,Email,Medium,AGT-173,Resolved,5.0
TKT-0001324,CUS-002853,2025-07-11 14:00:00,2025-07-13 13:00:00,payment,Email,Medium,AGT-021,Resolved,
TKT-0001325,CUS-001002,2026-01-15 02:00:00,2026-01-19 03:00:00,Returns,Phone,Low,AGT-084,Resolved,1.0
TKT-0001326,CUS-002737,2024-10-19 13:00:00,2024-10-24 07:00:00,Account,Social,Low,AGT-173,Resolved,
TKT-0001327,CUS-005551,2022-12-27 01:00:00,2022-12-31 10:00:00,Technical,Social,High,AGT-121,Resolved,4.0
TKT-0001328,CUS-003434,2022-02-26 12:00:00,2022-03-03 10:00:00,Technical,Chat,Low,AGT-212,Resolved,1.0
TKT-0001329,CUS-004939,2022-05-29 15:00:00,2022-05-30 19:00:00,Promotion,Email,Low,AGT-102,Resolved,
TKT-0001330,CUS-008146,2022-04-03 17:00:00,2022-04-04 06:00:00,Returns,Store,Medium,AGT-285,Resolved,
TKT-0001331,CUS-008097,2025-02-13 12:00:00,2025-02-14 12:00:00,Delivery,Phone,Medium,AGT-052,Resolved,
TKT-0001332,CUS-005239,2025-06-19 00:00:00,2025-06-21 09:00:00,Delivery,Chat,Medium,AGT-343,Resolved,5.0
TKT-0001333,CUS-010193,2020-12-27 01:00:00,2020-12-31 23:00:00,Delivery,Store,Low,AGT-204,Closed,
TKT-0001334,CUS-007576,2025-05-29 06:00:00,2025-05-31 01:00:00,Delivery,Social,Medium,AGT-162,Resolved,
TKT-0001335,CUS-004789,2023-10-19 22:00:00,2023-10-24 03:00:00,Promotion,Email,Low,AGT-281,Resolved,5.0
TKT-0001336,CUS-001299,2022-12-20 20:00:00,2022-12-23 03:00:00,Promotion,Chat,High,AGT-023,Resolved,2.0
TKT-0001337,CUS-004010,2025-09-22 06:00:00,2025-09-25 14:00:00,Product Quality,Chat,High,AGT-061,Resolved,
TKT-0001338,CUS-000834,2026-06-02 02:00:00,2026-06-06 14:00:00,Promotion,Social,Medium,AGT-076,Closed,4.0
TKT-0001339,CUS-001415,2026-07-09 08:00:00,2026-07-10 05:00:00,Delivery,Chat,Low,AGT-011,Resolved,2.0
TKT-0001340,CUS-009566,2020-06-08 19:00:00,2020-06-10 19:00:00,Promotion,Store,Medium,AGT-346,Resolved,2.0
TKT-0001341,CUS-006080,2023-10-29 03:00:00,2023-11-02 08:00:00,Payment,Social,Low,AGT-245,Resolved,4.0
TKT-0001342,CUS-005971,2025-12-06 04:00:00,2025-12-10 04:00:00,Product Quality,Email,Medium,AGT-178,Resolved,
TKT-0001343,CUS-001171,2020-04-26 02:00:00,2020-04-30 00:00:00,Technical,Email,Medium,AGT-142,Resolved,3.0
TKT-0001344,CUS-006512,2022-10-28 15:00:00,2022-11-01 03:00:00,Returns,Email,Medium,AGT-083,Resolved,
TKT-0001345,CUS-002185,2021-06-04 14:00:00,2021-06-09 05:00:00,Delivery,Email,Low,AGT-238,Resolved,5.0
TKT-0001346,CUS-000060,2025-10-08 12:00:00,2025-10-08 23:00:00,Delivery,Chat,High,AGT-317,Closed,2.0
TKT-0001347,CUS-011576,2023-07-01 12:00:00,2023-07-01 18:00:00,Returns,Phone,Low,AGT-082,Resolved,
TKT-0001348,CUS-009587,2021-05-10 10:00:00,,Technical,Chat,Medium,AGT-308,Open,
TKT-0001349,CUS-003919,2022-01-13 01:00:00,2022-01-13 12:00:00,Delivery,Email,High,AGT-307,Closed,3.0
TKT-0001350,CUS-002003,2026-05-18 06:00:00,2026-05-19 12:00:00,Returns,Phone,Low,AGT-340,Resolved,4.0
TKT-0001351,CUS-008284,2025-12-12 15:00:00,2025-12-14 17:00:00,Product Quality,Chat,Medium,AGT-246,Resolved,4.0
TKT-0001352,CUS-005324,2024-10-29 17:00:00,2024-10-30 22:00:00,Delivery,Social,High,AGT-005,Resolved,1.0
TKT-0001353,CUS-009852,2021-02-20 23:00:00,2021-02-21 19:00:00,Technical,Chat,High,AGT-148,Resolved,4.0
TKT-0001354,CUS-001687,2026-05-06 06:00:00,2026-05-11 05:00:00,Returns,Phone,Low,AGT-273,Resolved,1.0
TKT-0001355,CUS-006456,2021-01-22 09:00:00,2021-01-26 14:00:00,Delivery,Email,Medium,AGT-036,Resolved,4.0
TKT-0001356,CUS-000230,2024-06-13 12:00:00,2024-06-15 13:00:00,Account,Store,Medium,AGT-106,Resolved,1.0
TKT-0001357,CUS-002331,2024-05-28 04:00:00,,Technical,Phone,Low,AGT-058,Open,
TKT-0001358,CUS-002218,2024-10-28 09:00:00,2024-11-01 01:00:00,Payment,Phone,Medium,AGT-262,Resolved,5.0
TKT-0001359,CUS-009178,2022-01-25 20:00:00,2022-01-30 13:00:00,Delivery,Chat,Medium,AGT-203,Resolved,3.0
TKT-0001360,CUS-001089,2025-10-25 17:00:00,2025-10-30 01:00:00,Returns,Chat,Critical,AGT-029,Resolved,5.0
TKT-0001361,CUS-000152,2023-03-07 02:00:00,2023-03-09 19:00:00,Delivery,Phone,Medium,AGT-094,Resolved,4.0
TKT-0001362,CUS-002395,2024-07-25 00:00:00,2024-07-25 19:00:00,Product Quality,Social,Low,AGT-245,Resolved,4.0
TKT-0001363,CUS-006642,2024-05-23 18:00:00,2024-05-24 14:00:00,Payment,Social,Low,AGT-031,Resolved,
TKT-0001364,CUS-000658,2021-12-13 23:00:00,2021-12-16 07:00:00,Technical,Email,Medium,AGT-013,Resolved,
TKT-0001365,CUS-009982,2025-02-21 11:00:00,2025-02-22 19:00:00,Promotion,Chat,Medium,AGT-233,Resolved,5.0
TKT-0001366,CUS-001662,2025-10-11 15:00:00,2025-10-12 14:00:00,Returns,Phone,Low,AGT-161,Resolved,4.0
TKT-0001367,CUS-005526,2024-12-21 12:00:00,2024-12-23 19:00:00,Technical,Social,Medium,AGT-275,Resolved,
TKT-0001368,CUS-000780,2024-02-24 06:00:00,2024-02-24 18:00:00,Delivery,Chat,High,AGT-093,Resolved,4.0
TKT-0001369,CUS-002055,2021-03-13 19:00:00,,Product Quality,Chat,Low,AGT-062,Open,
TKT-0001370,CUS-000946,2026-05-15 00:00:00,2026-05-19 15:00:00,Technical,Social,Low,AGT-292,Closed,5.0
TKT-0001371,CUS-010954,2022-10-21 01:00:00,2022-10-23 20:00:00,Account,Store,Medium,AGT-289,Closed,2.0
TKT-0001372,CUS-009990,2023-06-22 10:00:00,2023-06-22 13:00:00,Delivery,Store,Medium,AGT-170,Resolved,4.0
TKT-0001373,CUS-007565,2022-08-04 02:00:00,2022-08-08 06:00:00,Payment,Email,Low,AGT-145,Resolved,3.0
TKT-0001374,CUS-002272,2023-09-25 11:00:00,2023-09-25 16:00:00,Delivery,Phone,Medium,AGT-022,Resolved,5.0
TKT-0001375,CUS-000052,2024-05-01 16:00:00,2024-05-02 21:00:00,Promotion,Phone,Medium,AGT-117,Resolved,
TKT-0001376,CUS-005381,2025-08-10 00:00:00,2025-08-14 19:00:00,Returns,Phone,Low,AGT-295,Resolved,5.0
TKT-0001377,CUS-000425,2024-01-15 16:00:00,2024-01-17 01:00:00,Delivery,Chat,Medium,AGT-055,Resolved,
TKT-0001378,CUS-005017,2024-01-18 16:00:00,2024-01-22 14:00:00,Delivery,Email,High,AGT-090,Resolved,5.0
TKT-0001379,CUS-010663,2024-02-04 18:00:00,2024-02-05 11:00:00,Product Quality,Social,Medium,AGT-144,Resolved,
TKT-0001380,CUS-000312,2021-03-20 08:00:00,2021-03-23 09:00:00,Product Quality,Phone,Medium,AGT-306,Resolved,5.0
TKT-0001381,CUS-009143,2023-04-19 13:00:00,2023-04-23 00:00:00,Returns,Phone,Low,AGT-333,Resolved,1.0
TKT-0001382,CUS-000031,2023-08-12 07:00:00,2023-08-13 20:00:00,Returns,Chat,Medium,AGT-241,Resolved,5.0
TKT-0001383,CUS-009960,2023-11-11 07:00:00,2023-11-15 05:00:00,Delivery,Email,Low,AGT-083,Resolved,
TKT-0001384,CUS-005409,2021-12-30 06:00:00,2021-12-31 00:00:00,Payment,Chat,Medium,AGT-202,Resolved,5.0
TKT-0001385,CUS-009303,2022-02-19 04:00:00,2022-02-23 20:00:00,Account,Phone,Medium,AGT-108,Resolved,3.0
TKT-0001386,CUS-011011,2023-04-29 23:00:00,2023-05-01 18:00:00,Returns,Phone,Low,AGT-074,Resolved,
TKT-0001387,CUS-001421,2026-06-15 06:00:00,,Account,Store,Medium,AGT-304,Open,
TKT-0001388,CUS-002261,2022-10-25 04:00:00,2022-10-26 03:00:00,Returns,Chat,Low,AGT-246,Resolved,3.0
TKT-0001389,CUS-009465,2020-11-03 09:00:00,2020-11-05 16:00:00,Product Quality,Email,Low,AGT-350,Resolved,5.0
TKT-0001390,CUS-005723,2022-04-13 13:00:00,2022-04-14 19:00:00,Delivery,Store,Medium,AGT-170,Resolved,4.0
TKT-0001391,CUS-011763,2022-01-22 18:00:00,2022-01-26 05:00:00,Payment,Phone,Medium,AGT-152,Closed,
TKT-0001392,CUS-007206,2026-04-22 15:00:00,2026-04-27 13:00:00,Account,Phone,Low,AGT-340,Closed,5.0
TKT-0001393,CUS-008564,2022-12-27 15:00:00,2022-12-31 00:00:00,Product Quality,Store,Low,AGT-298,Resolved,3.0
TKT-0001394,CUS-006429,2022-04-04 17:00:00,2022-04-08 01:00:00,Returns,Store,High,AGT-154,Resolved,4.0
TKT-0001395,CUS-009945,2023-04-07 00:00:00,2023-04-10 08:00:00,Delivery,Store,Medium,AGT-350,Resolved,
TKT-0001396,CUS-000514,2021-01-05 10:00:00,2021-01-07 05:00:00,Returns,Chat,Medium,AGT-131,Resolved,
TKT-0001397,CUS-009920,2025-09-09 07:00:00,2025-09-10 22:00:00,Account,Social,Low,AGT-089,Resolved,5.0
TKT-0001398,CUS-000455,2025-07-11 14:00:00,2025-07-14 04:00:00,Payment,Social,Medium,AGT-095,Resolved,5.0
TKT-0001399,CUS-004129,2023-12-14 10:00:00,2023-12-16 16:00:00,Delivery,Store,Medium,AGT-348,Resolved,5.0
TKT-0001400,CUS-000898,2023-09-26 10:00:00,2023-09-29 05:00:00,Returns,Social,Medium,AGT-157,Resolved,4.0
TKT-0001401,CUS-009699,2026-03-12 02:00:00,2026-03-14 22:00:00,Delivery,Store,Low,AGT-033,Closed,3.0
TKT-0001402,CUS-010510,2020-09-30 06:00:00,2020-10-03 16:00:00,Product Quality,Social,Medium,AGT-078,Resolved,
TKT-0001403,CUS-007438,2025-08-29 19:00:00,2025-09-01 20:00:00,Payment,Social,Medium,AGT-176,Resolved,4.0
TKT-0001404,CUS-006082,2020-09-08 22:00:00,2020-09-11 14:00:00,Product Quality,Email,Low,AGT-200,Resolved,1.0
TKT-0001405,CUS-006743,2025-08-17 18:00:00,2025-08-19 20:00:00,Product Quality,Email,High,AGT-129,Resolved,4.0
TKT-0001406,CUS-008141,2021-04-25 15:00:00,,Promotion,Social,Medium,AGT-329,Open,
TKT-0001407,CUS-002209,2020-02-08 16:00:00,2020-02-10 06:00:00,Technical,Phone,Medium,AGT-045,Resolved,3.0
TKT-0001408,CUS-003492,2025-12-29 04:00:00,2026-01-01 08:00:00,Delivery,Email,Low,AGT-002,Resolved,5.0
TKT-0001409,CUS-001434,2022-10-11 13:00:00,2022-10-15 02:00:00,Delivery,Phone,High,AGT-211,Closed,
TKT-0001410,CUS-003756,2025-04-25 23:00:00,2025-04-26 18:00:00,Delivery,Email,High,AGT-236,Resolved,
TKT-0001411,CUS-011886,2020-12-30 13:00:00,2021-01-04 05:00:00,Returns,Store,High,AGT-271,Resolved,5.0
TKT-0001412,CUS-009704,2024-12-05 08:00:00,2024-12-06 01:00:00,Payment,Social,Medium,AGT-305,Resolved,
TKT-0001413,CUS-006328,2025-01-10 22:00:00,2025-01-12 23:00:00,Delivery,Social,Low,AGT-156,Resolved,
TKT-0001414,CUS-006991,2020-03-18 17:00:00,2020-03-22 19:00:00,Returns,Phone,Medium,AGT-213,Resolved,2.0
TKT-0001415,CUS-009892,2020-07-30 04:00:00,2020-07-31 12:00:00,Product Quality,Chat,Medium,AGT-346,Resolved,3.0
TKT-0001416,CUS-005921,2023-08-02 14:00:00,2023-08-05 16:00:00,Returns,Store,Low,AGT-091,Resolved,
TKT-0001417,CUS-007784,2023-09-02 23:00:00,2023-09-05 17:00:00,Delivery,Chat,Critical,AGT-103,Closed,
TKT-0001418,CUS-001628,2023-11-24 17:00:00,2023-11-27 12:00:00,Payment,Email,Medium,AGT-118,Resolved,4.0
TKT-0001419,CUS-009411,2021-03-31 19:00:00,2021-04-02 14:00:00,Returns,Social,Low,AGT-139,Resolved,5.0
TKT-0001420,CUS-002818,2024-08-27 23:00:00,2024-08-28 04:00:00,Delivery,Social,Low,AGT-299,Resolved,
TKT-0001421,CUS-000021,2023-11-30 05:00:00,2023-12-01 19:00:00,Product Quality,Phone,Medium,AGT-195,Resolved,5.0
TKT-0001422,CUS-001484,2024-09-18 02:00:00,2024-09-18 13:00:00,Technical,Social,Low,AGT-250,Resolved,4.0
TKT-0001423,CUS-005256,2025-04-09 10:00:00,2025-04-12 11:00:00,Delivery,Email,High,AGT-291,Resolved,4.0
TKT-0001424,CUS-003438,2025-05-28 20:00:00,2025-05-29 05:00:00,Payment,Social,High,AGT-072,Resolved,3.0
TKT-0001425,CUS-008323,2022-02-25 13:00:00,2022-02-28 03:00:00,Returns,Social,Low,AGT-198,Resolved,
TKT-0001426,CUS-009858,2025-06-15 13:00:00,,Returns,Store,Medium,AGT-226,Open,
TKT-0001427,CUS-004392,2023-08-03 05:00:00,2023-08-03 12:00:00,Delivery,Chat,High,AGT-244,Resolved,5.0
TKT-0001428,CUS-008533,2022-06-21 00:00:00,2022-06-24 06:00:00,Product Quality,Chat,Medium,AGT-124,Resolved,5.0
TKT-0001429,CUS-005149,2020-12-11 07:00:00,2020-12-14 02:00:00,Technical,Chat,Low,AGT-275,Resolved,3.0
TKT-0001430,CUS-006718,2023-05-31 02:00:00,2023-06-02 19:00:00,Promotion,Store,Medium,AGT-298,Resolved,
TKT-0001431,CUS-010809,2021-12-21 19:00:00,2021-12-25 15:00:00,Returns,Email,Medium,AGT-209,Resolved,
TKT-0001432,CUS-011792,2024-08-30 21:00:00,2024-08-31 15:00:00,Account,Store,Medium,AGT-239,Resolved,5.0
TKT-0001433,CUS-009422,2025-08-21 01:00:00,2025-08-23 14:00:00,Payment,Email,Low,AGT-268,Resolved,5.0
TKT-0001434,CUS-010327,2021-03-17 22:00:00,2021-03-20 16:00:00,Delivery,Store,Medium,AGT-220,Resolved,2.0
TKT-0001435,CUS-007088,2024-10-09 00:00:00,2024-10-12 02:00:00,Returns,Store,Low,AGT-067,Resolved,4.0
TKT-0001436,CUS-000332,2020-04-24 17:00:00,2020-04-27 21:00:00,Product Quality,Store,Critical,AGT-340,Resolved,4.0
TKT-0001437,CUS-011563,2025-04-01 11:00:00,2025-04-04 06:00:00,Technical,Chat,High,AGT-075,Resolved,5.0
TKT-0001438,CUS-005915,2026-03-11 20:00:00,2026-03-12 10:00:00,Returns,Phone,Medium,AGT-319,Resolved,5.0
TKT-0001439,CUS-005359,2026-03-11 02:00:00,2026-03-11 21:00:00,Returns,Email,Low,AGT-045,Resolved,3.0
TKT-0001440,CUS-006842,2025-05-06 16:00:00,2025-05-08 23:00:00,Account,Chat,High,AGT-088,Resolved,3.0
TKT-0001441,CUS-002220,2024-11-28 05:00:00,,Product Quality,Phone,High,AGT-227,Open,
TKT-0001442,CUS-002020,2021-02-20 20:00:00,2021-02-23 20:00:00,Delivery,Email,Low,AGT-344,Resolved,
TKT-0001443,CUS-001254,2023-02-24 21:00:00,,Promotion,Store,Low,AGT-064,Open,
TKT-0001444,CUS-000613,2025-06-29 19:00:00,2025-07-02 21:00:00,Delivery,Chat,High,AGT-291,Resolved,3.0
TKT-0001445,CUS-006322,2023-04-22 13:00:00,2023-04-27 10:00:00,Delivery,Chat,Medium,AGT-045,Closed,
TKT-0001446,CUS-009290,2020-04-08 03:00:00,2020-04-10 21:00:00,Payment,Phone,Medium,AGT-306,Closed,3.0
TKT-0001447,CUS-000095,2024-12-01 16:00:00,2024-12-05 07:00:00,Technical,Phone,High,AGT-303,Closed,4.0
TKT-0001448,CUS-008266,2020-04-12 11:00:00,2020-04-13 06:00:00,Product Quality,Phone,Low,AGT-093,Resolved,5.0
TKT-0001449,CUS-002663,2020-02-19 00:00:00,2020-02-20 08:00:00,Delivery,Social,Low,AGT-322,Resolved,
TKT-0001450,CUS-004276,2024-08-20 20:00:00,2024-08-22 11:00:00,Payment,Phone,High,AGT-120,Resolved,
TKT-0001451,CUS-001295,2022-02-26 20:00:00,2022-02-28 13:00:00,Product Quality,Store,Medium,AGT-088,Closed,4.0
TKT-0001452,CUS-006953,2023-02-27 15:00:00,2023-02-28 01:00:00,Technical,Chat,Low,AGT-122,Resolved,
TKT-0001453,CUS-000996,2021-03-13 18:00:00,2021-03-14 10:00:00,Delivery,Phone,Low,AGT-015,Resolved,5.0
TKT-0001454,CUS-010349,2022-10-05 18:00:00,2022-10-10 04:00:00,Delivery,Social,Medium,AGT-268,Resolved,
TKT-0001455,CUS-008844,2022-06-03 16:00:00,2022-06-06 14:00:00,Delivery,Email,Medium,AGT-126,Resolved,
TKT-0001456,CUS-008771,2022-08-19 17:00:00,2022-08-22 11:00:00,Returns,Chat,Medium,AGT-052,Resolved,
TKT-0001457,CUS-006906,2021-09-06 21:00:00,2021-09-10 01:00:00,Delivery,Chat,High,AGT-103,Closed,5.0
TKT-0001458,CUS-001803,2025-10-15 11:00:00,2025-10-17 18:00:00,Delivery,Chat,Medium,AGT-132,Closed,
TKT-0001459,CUS-003307,2025-11-24 21:00:00,2025-11-28 13:00:00,Product Quality,Phone,Low,AGT-242,Resolved,
TKT-0001460,CUS-005978,2025-02-07 05:00:00,,Delivery,Email,Medium,AGT-279,Open,
TKT-0001461,CUS-006883,2026-08-05 01:00:00,2026-08-05 14:00:00,Delivery,Phone,High,AGT-322,Resolved,4.0
TKT-0001462,CUS-010783,2021-04-27 15:00:00,2021-04-28 17:00:00,Payment,Social,Medium,AGT-046,Closed,
TKT-0001463,CUS-008222,2022-03-15 01:00:00,2022-03-18 06:00:00,Product Quality,Email,Low,AGT-143,Resolved,5.0
TKT-0001464,CUS-004833,2023-04-29 11:00:00,2023-05-03 15:00:00,Account,Email,Low,AGT-306,Resolved,4.0
TKT-0001465,CUS-004312,2024-12-27 12:00:00,2024-12-30 06:00:00,Returns,Chat,Low,AGT-147,Closed,4.0
TKT-0001466,CUS-000534,2021-05-03 04:00:00,2021-05-05 22:00:00,Product Quality,Social,Medium,AGT-266,Resolved,
TKT-0001467,CUS-003769,2020-07-16 14:00:00,,Product Quality,Email,Medium,AGT-211,Open,
TKT-0001468,CUS-001073,2022-04-03 14:00:00,2022-04-05 17:00:00,Account,Store,High,AGT-313,Resolved,
TKT-0001469,CUS-001984,2025-01-23 08:00:00,2025-01-26 03:00:00,Product Quality,Social,Medium,AGT-121,Resolved,5.0
TKT-0001470,CUS-002677,2020-03-27 19:00:00,2020-03-29 14:00:00,Returns,Social,Low,AGT-284,Resolved,3.0
TKT-0001471,CUS-010713,2021-06-21 11:00:00,2021-06-25 08:00:00,Returns,Email,High,AGT-288,Resolved,5.0
TKT-0001472,CUS-002535,2023-07-13 11:00:00,2023-07-17 06:00:00,Delivery,Social,Medium,AGT-102,Resolved,
TKT-0001473,CUS-008331,2025-12-15 07:00:00,2025-12-19 07:00:00,Returns,Phone,Medium,AGT-075,Resolved,
TKT-0001474,CUS-004384,2021-12-20 02:00:00,2021-12-24 06:00:00,Promotion,Store,Medium,AGT-180,Resolved,4.0
TKT-0001475,CUS-004239,2020-07-13 14:00:00,2020-07-15 17:00:00,Returns,Phone,Medium,AGT-256,Resolved,3.0
TKT-0001476,CUS-004797,2022-09-04 08:00:00,2022-09-07 03:00:00,Returns,Store,Low,AGT-204,Resolved,4.0
TKT-0001477,CUS-003017,2021-05-31 09:00:00,2021-06-04 04:00:00,Product Quality,Phone,Medium,AGT-273,Resolved,5.0
TKT-0001478,CUS-007313,2025-04-03 15:00:00,,Account,Email,Medium,AGT-062,Open,
TKT-0001479,CUS-001633,2023-01-03 04:00:00,2023-01-04 11:00:00,Delivery,Store,Medium,AGT-138,Closed,
TKT-0001480,CUS-011977,2025-04-07 14:00:00,2025-04-10 23:00:00,Delivery,Phone,Low,AGT-330,Closed,
TKT-0001481,CUS-004497,2025-03-09 08:00:00,2025-03-13 03:00:00,Returns,Chat,Low,AGT-307,Resolved,
TKT-0001482,CUS-005968,2026-02-13 02:00:00,2026-02-15 14:00:00,Payment,Chat,Low,AGT-129,Resolved,5.0
TKT-0001483,CUS-000311,2026-01-17 11:00:00,2026-01-18 05:00:00,Product Quality,Store,Low,AGT-012,Closed,
TKT-0001484,CUS-006824,2023-04-05 22:00:00,2023-04-07 08:00:00,Product Quality,Phone,Low,AGT-160,Resolved,4.0
TKT-0001485,CUS-004479,2024-09-03 12:00:00,2024-09-04 21:00:00,Payment,Chat,High,AGT-078,Closed,2.0
TKT-0001486,CUS-008892,2020-05-26 12:00:00,,Technical,Phone,Medium,AGT-006,Open,
TKT-0001487,CUS-005083,2024-10-26 13:00:00,2024-10-28 12:00:00,Product Quality,Chat,Medium,AGT-208,Resolved,4.0
TKT-0001488,CUS-003262,2023-03-09 05:00:00,,Product Quality,Social,Medium,AGT-094,Open,
TKT-0001489,CUS-010689,2022-08-19 11:00:00,2022-08-20 19:00:00,Payment,Store,Low,AGT-055,Resolved,5.0
TKT-0001490,CUS-009177,2024-10-16 22:00:00,2024-10-19 16:00:00,Delivery,Store,Medium,AGT-132,Closed,5.0
TKT-0001491,CUS-005744,2023-07-13 11:00:00,2023-07-17 08:00:00,Product Quality,Social,Medium,AGT-056,Resolved,5.0
TKT-0001492,CUS-001321,2025-10-01 23:00:00,2025-10-04 21:00:00,Delivery,Chat,Low,AGT-073,Resolved,3.0
TKT-0001493,CUS-010394,2021-10-16 00:00:00,2021-10-17 18:00:00,Account,Social,Low,AGT-250,Resolved,5.0
TKT-0001494,CUS-002144,2026-04-11 14:00:00,,Delivery,Store,Low,AGT-057,Open,
TKT-0001495,CUS-011275,2020-07-24 19:00:00,2020-07-28 11:00:00,Product Quality,Store,Medium,AGT-266,Resolved,4.0
TKT-0001496,CUS-006720,2024-04-17 20:00:00,2024-04-18 21:00:00,Returns,Email,Low,AGT-082,Resolved,5.0
TKT-0001497,CUS-000365,2024-03-25 04:00:00,2024-03-28 00:00:00,Delivery,Social,Medium,AGT-303,Resolved,1.0
TKT-0001498,CUS-002485,2026-07-04 19:00:00,2026-07-07 21:00:00,Promotion,Chat,Low,AGT-030,Resolved,
TKT-0001499,CUS-007007,2022-06-03 06:00:00,2022-06-07 12:00:00,Delivery,Email,High,AGT-037,Resolved,4.0
TKT-0001500,CUS-009324,2021-08-30 08:00:00,2021-09-02 06:00:00,Product Quality,Chat,Low,AGT-121,Resolved,4.0
TKT-0001501,CUS-011255,2022-11-29 04:00:00,2022-12-02 13:00:00,Returns,Social,Medium,AGT-049,Resolved,
TKT-0001502,CUS-005009,2021-01-20 18:00:00,2021-01-21 08:00:00,Delivery,Email,Medium,AGT-241,Resolved,
TKT-0001503,CUS-004969,2021-03-08 14:00:00,,Returns,Social,High,AGT-135,Open,
TKT-0001504,CUS-008429,2025-05-23 11:00:00,2025-05-26 16:00:00,Delivery,Email,Low,AGT-176,Resolved,
TKT-0001505,CUS-005985,2025-12-17 02:00:00,2025-12-17 05:00:00,Product Quality,Email,High,AGT-151,Closed,
TKT-0001506,CUS-005270,2025-04-16 01:00:00,2025-04-16 22:00:00,Promotion,Phone,Low,AGT-070,Resolved,5.0
TKT-0001507,CUS-009936,2022-07-31 09:00:00,2022-08-01 06:00:00,Product Quality,Store,Medium,AGT-176,Resolved,1.0
TKT-0001508,CUS-006162,2022-12-09 21:00:00,2022-12-09 22:00:00,Delivery,Email,Medium,AGT-062,Resolved,
TKT-0001509,CUS-006106,2024-12-24 07:00:00,,Promotion,Chat,Medium,AGT-214,Open,
TKT-0001510,CUS-003730,2021-09-19 14:00:00,2021-09-20 22:00:00,Delivery,Chat,Medium,AGT-178,Resolved,4.0
TKT-0001511,CUS-011756,2023-05-11 21:00:00,2023-05-12 20:00:00,Returns,Store,Medium,AGT-003,Resolved,
TKT-0001512,CUS-005532,2021-10-10 08:00:00,2021-10-13 01:00:00,Returns,Email,Medium,AGT-148,Resolved,
TKT-0001513,CUS-008317,2025-05-09 01:00:00,2025-05-10 08:00:00,Payment,Store,Medium,AGT-312,Closed,4.0
TKT-0001514,CUS-003923,2025-08-15 15:00:00,2025-08-20 07:00:00,Returns,Phone,Low,AGT-152,Resolved,3.0
TKT-0001515,CUS-006949,2025-09-13 13:00:00,2025-09-13 16:00:00,Payment,Email,Medium,AGT-151,Resolved,2.0
TKT-0001516,CUS-004122,2022-10-04 04:00:00,,Product Quality,Chat,Low,AGT-061,Open,
TKT-0001517,CUS-008980,2024-11-05 21:00:00,2024-11-09 18:00:00,Payment,Social,High,AGT-140,Resolved,
TKT-0001518,CUS-000115,2021-03-30 00:00:00,,Payment,Email,Low,AGT-016,Open,
TKT-0001519,CUS-005599,2023-08-29 18:00:00,2023-09-03 12:00:00,Product Quality,Phone,High,AGT-083,Resolved,
TKT-0001520,CUS-002193,2024-11-03 01:00:00,2024-11-05 13:00:00,Returns,Store,Medium,AGT-216,Resolved,
TKT-0001521,CUS-001585,2020-03-18 09:00:00,2020-03-19 20:00:00,Account,Chat,Low,AGT-300,Resolved,4.0
TKT-0001522,CUS-009136,2025-07-26 00:00:00,2025-07-29 16:00:00,Returns,Store,High,AGT-152,Resolved,3.0
TKT-0001523,CUS-004130,2020-11-17 08:00:00,2020-11-18 09:00:00,Delivery,Phone,Medium,AGT-055,Resolved,5.0
TKT-0001524,CUS-009494,2025-01-01 20:00:00,2025-01-05 18:00:00,Delivery,Email,Medium,AGT-313,Closed,4.0
TKT-0001525,CUS-005207,2025-11-20 16:00:00,2025-11-24 14:00:00,Account,Phone,High,AGT-169,Resolved,5.0
TKT-0001526,CUS-002511,2023-10-30 04:00:00,2023-11-01 05:00:00,Returns,Store,Medium,AGT-324,Resolved,
TKT-0001527,CUS-010995,2024-02-28 13:00:00,2024-03-04 04:00:00,Delivery,Store,Medium,AGT-040,Resolved,
TKT-0001528,CUS-001305,2021-04-21 18:00:00,2021-04-23 10:00:00,Returns,Email,Low,AGT-244,Resolved,
TKT-0001529,CUS-003289,2022-04-13 00:00:00,2022-04-13 20:00:00,Delivery,Phone,Medium,AGT-112,Resolved,5.0
TKT-0001530,CUS-003127,2026-05-21 14:00:00,2026-05-26 13:00:00,Promotion,Email,High,AGT-106,Closed,3.0
TKT-0001531,CUS-002236,2025-01-18 13:00:00,2025-01-22 09:00:00,Product Quality,Social,High,AGT-222,Resolved,
TKT-0001532,CUS-009245,2024-06-11 03:00:00,2024-06-11 04:00:00,Delivery,Store,Medium,AGT-314,Resolved,
TKT-0001533,CUS-000248,2025-06-05 20:00:00,2025-06-09 10:00:00,Delivery,Store,Medium,AGT-138,Resolved,
TKT-0001534,CUS-001221,2022-11-26 20:00:00,2022-11-29 05:00:00,Payment,Email,Low,AGT-321,Closed,
TKT-0001535,CUS-006011,2020-04-17 00:00:00,,Technical,Email,Medium,AGT-069,Open,
TKT-0001536,CUS-002643,2020-04-19 13:00:00,2020-04-24 02:00:00,Delivery,Email,High,AGT-349,Resolved,4.0
TKT-0001537,CUS-001830,2025-10-06 13:00:00,,Account,Phone,Low,AGT-125,Open,
TKT-0001538,CUS-008022,2020-01-16 15:00:00,2020-01-18 15:00:00,Payment,Social,High,AGT-181,Resolved,4.0
TKT-0001539,CUS-000945,2022-03-01 17:00:00,2022-03-06 00:00:00,Product Quality,Store,Medium,AGT-053,Resolved,5.0
TKT-0001540,CUS-008437,2020-03-13 00:00:00,2020-03-15 16:00:00,Delivery,Phone,Low,AGT-310,Closed,3.0
TKT-0001541,CUS-003585,2020-12-09 00:00:00,2020-12-12 07:00:00,Payment,Store,Low,AGT-017,Resolved,
TKT-0001542,CUS-006190,2026-03-05 10:00:00,2026-03-09 18:00:00,Product Quality,Store,Medium,AGT-035,Resolved,
TKT-0001543,CUS-008331,2026-03-05 07:00:00,2026-03-05 19:00:00,Account,Store,Low,AGT-214,Resolved,3.0
TKT-0001544,CUS-006938,2022-03-14 23:00:00,2022-03-18 00:00:00,Payment,Social,Medium,AGT-098,Resolved,3.0
TKT-0001545,CUS-005179,2025-11-02 17:00:00,2025-11-03 09:00:00,Returns,Email,Medium,AGT-275,Resolved,5.0
TKT-0001546,CUS-006896,2021-12-26 12:00:00,2021-12-29 21:00:00,Delivery,Email,Medium,AGT-268,Resolved,2.0
TKT-0001547,CUS-007220,2022-02-08 14:00:00,2022-02-10 10:00:00,Payment,Phone,High,AGT-029,Closed,5.0
TKT-0001548,CUS-011074,2021-07-23 03:00:00,2021-07-27 18:00:00,Returns,Social,Low,AGT-188,Resolved,
TKT-0001549,CUS-006427,2021-12-01 05:00:00,2021-12-02 03:00:00,Returns,Phone,Medium,AGT-092,Resolved,
TKT-0001550,CUS-001224,2022-08-25 01:00:00,2022-08-25 20:00:00,Returns,Store,Low,AGT-019,Resolved,4.0
TKT-0001551,CUS-004558,2020-08-24 16:00:00,2020-08-27 14:00:00,Returns,Phone,Low,AGT-219,Resolved,
TKT-0001552,CUS-005346,2024-05-27 23:00:00,2024-05-29 08:00:00,Product Quality,Email,High,AGT-278,Resolved,
TKT-0001553,CUS-001377,2022-09-09 06:00:00,2022-09-10 17:00:00,Payment,Store,Low,AGT-348,Resolved,
TKT-0001554,CUS-005787,2020-03-26 20:00:00,2020-03-27 07:00:00,Technical,Store,Low,AGT-028,Resolved,
TKT-0001555,CUS-007556,2024-03-03 00:00:00,2024-03-07 04:00:00,Returns,Chat,Medium,AGT-340,Resolved,4.0
TKT-0001556,CUS-009898,2021-03-29 18:00:00,2021-03-31 20:00:00,Promotion,Social,Medium,AGT-262,Resolved,5.0
TKT-0001557,CUS-003639,2020-05-20 12:00:00,2020-05-21 05:00:00,Account,Store,Medium,AGT-299,Resolved,
TKT-0001558,CUS-006922,2026-05-08 19:00:00,2026-05-12 09:00:00,Delivery,Phone,High,AGT-098,Closed,5.0
TKT-0001559,CUS-011806,2023-09-26 07:00:00,,Delivery,Social,Low,AGT-287,Open,
TKT-0001560,CUS-005117,2023-12-23 10:00:00,,Account,Email,Low,AGT-032,Open,
TKT-0001561,CUS-003585,2022-08-27 16:00:00,2022-08-30 18:00:00,Returns,Email,Medium,AGT-046,Resolved,4.0
TKT-0001562,CUS-006088,2020-06-05 20:00:00,2020-06-07 16:00:00,Product Quality,Chat,Low,AGT-157,Resolved,
TKT-0001563,CUS-001243,2025-10-21 18:00:00,2025-10-22 23:00:00,Delivery,Social,Medium,AGT-258,Resolved,
TKT-0001564,CUS-006556,2022-10-06 21:00:00,2022-10-07 21:00:00,Account,Phone,Medium,AGT-163,Resolved,
TKT-0001565,CUS-009978,2020-03-05 06:00:00,2020-03-05 19:00:00,Delivery,Phone,Medium,AGT-083,Resolved,4.0
TKT-0001566,CUS-008590,2020-09-16 08:00:00,2020-09-20 23:00:00,Delivery,Social,Low,AGT-052,Closed,
TKT-0001567,CUS-009879,2022-05-13 16:00:00,2022-05-17 06:00:00,Promotion,Email,Low,AGT-082,Resolved,
TKT-0001568,CUS-009641,2025-01-25 04:00:00,2025-01-29 01:00:00,Product Quality,Social,Medium,AGT-131,Resolved,5.0
TKT-0001569,CUS-001066,2020-08-27 18:00:00,2020-08-31 11:00:00,Returns,Chat,Medium,AGT-100,Resolved,3.0
TKT-0001570,CUS-008129,2024-05-21 16:00:00,2024-05-22 23:00:00,Technical,Email,High,AGT-050,Resolved,4.0
TKT-0001571,CUS-002606,2022-10-25 14:00:00,2022-10-29 23:00:00,Delivery,Social,Medium,AGT-146,Closed,
TKT-0001572,CUS-000972,2026-01-14 06:00:00,2026-01-18 00:00:00,Delivery,Phone,Low,AGT-173,Resolved,5.0
TKT-0001573,CUS-008970,2026-07-16 01:00:00,,Returns,Social,Low,AGT-072,Open,
TKT-0001574,CUS-002271,2022-12-17 09:00:00,2022-12-18 07:00:00,Technical,Email,Medium,AGT-186,Resolved,
TKT-0001575,CUS-010953,2026-03-24 19:00:00,,Delivery,Phone,Low,AGT-074,Open,
TKT-0001576,CUS-002477,2021-07-12 17:00:00,2021-07-16 13:00:00,Delivery,Store,Low,AGT-020,Resolved,4.0
TKT-0001577,CUS-002839,2026-06-21 21:00:00,2026-06-22 01:00:00,Product Quality,Email,Low,AGT-153,Resolved,5.0
TKT-0001578,CUS-010314,2023-10-06 18:00:00,2023-10-08 13:00:00,Returns,Social,Low,AGT-333,Resolved,4.0
TKT-0001579,CUS-007379,2026-08-27 04:00:00,2026-08-27 14:00:00,Account,Email,High,AGT-058,Resolved,4.0
TKT-0001580,CUS-007639,2020-05-28 13:00:00,2020-05-31 07:00:00,Product Quality,Chat,Medium,AGT-008,Resolved,
TKT-0001581,CUS-002667,2025-02-12 20:00:00,,Product Quality,Store,Medium,AGT-267,Open,
TKT-0001582,CUS-011396,2022-02-01 05:00:00,2022-02-05 14:00:00,Delivery,Chat,High,AGT-138,Resolved,4.0
TKT-0001583,CUS-004989,2024-05-11 16:00:00,2024-05-13 13:00:00,Delivery,Social,High,AGT-061,Resolved,5.0
TKT-0001584,CUS-003029,2024-10-16 20:00:00,2024-10-18 04:00:00,Technical,Chat,Low,AGT-098,Resolved,
TKT-0001585,CUS-000969,2025-04-30 18:00:00,2025-05-02 20:00:00,Delivery,Phone,Low,AGT-226,Resolved,5.0
TKT-0001586,CUS-011417,2021-06-11 21:00:00,2021-06-16 10:00:00,Delivery,Phone,Low,AGT-156,Resolved,4.0
TKT-0001587,CUS-000746,2023-03-07 03:00:00,2023-03-08 06:00:00,Delivery,Social,High,AGT-169,Resolved,2.0
TKT-0001588,CUS-011300,2024-08-15 04:00:00,2024-08-18 05:00:00,Delivery,Email,Low,AGT-209,Resolved,5.0
TKT-0001589,CUS-006763,2024-04-01 15:00:00,2024-04-02 06:00:00,Payment,Social,High,AGT-155,Closed,3.0
TKT-0001590,CUS-001658,2023-11-11 01:00:00,2023-11-13 17:00:00,Returns,Email,Low,AGT-081,Resolved,4.0
TKT-0001591,CUS-008703,2022-07-11 06:00:00,,Payment,Social,Medium,AGT-068,Open,
TKT-0001592,CUS-006943,2022-11-25 03:00:00,2022-11-28 15:00:00,Promotion,Chat,Medium,AGT-057,Resolved,
TKT-0001593,CUS-000825,2024-12-04 21:00:00,2024-12-06 04:00:00,Product Quality,Email,Medium,AGT-222,Resolved,4.0
TKT-0001594,CUS-010967,2024-06-16 12:00:00,2024-06-18 12:00:00,Payment,Email,Critical,AGT-345,Resolved,5.0
TKT-0001595,CUS-004993,2024-03-12 07:00:00,2024-03-15 06:00:00,Returns,Phone,Medium,AGT-106,Resolved,5.0
TKT-0001596,CUS-006419,2026-03-31 06:00:00,2026-04-01 11:00:00,Returns,Store,Medium,AGT-205,Resolved,5.0
TKT-0001597,CUS-011309,2024-11-01 21:00:00,2024-11-02 07:00:00,Account,Phone,Low,AGT-051,Resolved,
TKT-0001598,CUS-005720,2024-12-01 08:00:00,2024-12-05 22:00:00,Delivery,Phone,Medium,AGT-079,Resolved,
TKT-0001599,CUS-002440,2025-02-18 23:00:00,2025-02-23 01:00:00,Product Quality,Phone,Medium,AGT-206,Resolved,2.0
TKT-0001600,CUS-003317,2023-07-21 03:00:00,2023-07-24 14:00:00,Product Quality,Chat,Medium,AGT-331,Resolved,
TKT-0001601,CUS-010408,2025-06-01 19:00:00,2025-06-05 11:00:00,Delivery,Chat,Low,AGT-217,Resolved,
TKT-0001602,CUS-007349,2025-07-07 06:00:00,2025-07-08 09:00:00,Returns,Social,High,AGT-190,Resolved,4.0
TKT-0001603,CUS-011438,2025-10-24 16:00:00,2025-10-25 09:00:00,Returns,Phone,Critical,AGT-192,Resolved,5.0
TKT-0001604,CUS-009726,2021-03-03 05:00:00,2021-03-06 04:00:00,Returns,Social,Critical,AGT-216,Resolved,3.0
TKT-0001605,CUS-005312,2025-11-05 14:00:00,2025-11-07 19:00:00,Delivery,Phone,Medium,AGT-002,Resolved,
TKT-0001606,CUS-009709,2022-01-17 03:00:00,2022-01-17 12:00:00,Account,Store,Medium,AGT-204,Resolved,
TKT-0001607,CUS-004601,2023-08-08 17:00:00,,Returns,Chat,Medium,AGT-288,Open,
TKT-0001608,CUS-006696,2020-11-07 10:00:00,,Delivery,Chat,Low,AGT-277,Open,
TKT-0001609,CUS-002876,2024-06-09 05:00:00,2024-06-11 23:00:00,Delivery,Social,Low,AGT-065,Closed,
TKT-0001610,CUS-007041,2024-05-02 04:00:00,2024-05-06 22:00:00,Promotion,Phone,Low,AGT-257,Resolved,
TKT-0001611,CUS-002621,2023-06-21 14:00:00,2023-06-22 18:00:00,Returns,Chat,Medium,AGT-310,Closed,2.0
TKT-0001612,CUS-000056,2020-07-21 22:00:00,2020-07-22 12:00:00,Delivery,Store,Low,AGT-068,Resolved,
TKT-0001613,CUS-007886,2024-07-04 14:00:00,2024-07-05 12:00:00,Delivery,Email,Critical,AGT-113,Resolved,4.0
TKT-0001614,CUS-002176,2026-04-19 10:00:00,2026-04-24 04:00:00,Technical,Store,Medium,AGT-025,Resolved,1.0
TKT-0001615,CUS-003670,2020-11-08 12:00:00,2020-11-08 18:00:00,Delivery,Email,Medium,AGT-329,Resolved,
TKT-0001616,CUS-002878,2020-04-29 02:00:00,2020-05-02 13:00:00,Returns,Store,Medium,AGT-120,Resolved,
TKT-0001617,CUS-002677,2024-12-15 18:00:00,2024-12-20 01:00:00,Promotion,Store,High,AGT-136,Closed,
TKT-0001618,CUS-010954,2020-06-16 23:00:00,2020-06-21 18:00:00,Returns,Store,Low,AGT-309,Resolved,
TKT-0001619,CUS-000096,2020-03-13 23:00:00,2020-03-16 22:00:00,Delivery,Email,Low,AGT-340,Resolved,4.0
TKT-0001620,CUS-006292,2023-03-15 11:00:00,2023-03-15 12:00:00,Payment,Phone,High,AGT-232,Resolved,
TKT-0001621,CUS-010008,2020-06-12 18:00:00,2020-06-13 16:00:00,Delivery,Store,High,AGT-236,Closed,
TKT-0001622,CUS-008266,2024-08-13 18:00:00,2024-08-14 06:00:00,Delivery,Chat,Critical,AGT-071,Resolved,
TKT-0001623,CUS-009127,2020-11-30 17:00:00,2020-12-05 10:00:00,Product Quality,Chat,Low,AGT-320,Resolved,1.0
TKT-0001624,CUS-005758,2025-11-07 16:00:00,2025-11-08 12:00:00,Returns,Store,Low,AGT-217,Resolved,4.0
TKT-0001625,CUS-005871,2025-05-04 15:00:00,2025-05-04 18:00:00,Delivery,Store,Low,AGT-305,Closed,
TKT-0001626,CUS-000772,2024-09-22 19:00:00,2024-09-23 09:00:00,Returns,Chat,Low,AGT-310,Resolved,5.0
TKT-0001627,CUS-006458,2020-02-25 23:00:00,2020-03-01 04:00:00,Promotion,Chat,Medium,AGT-046,Resolved,
TKT-0001628,CUS-002400,2022-01-29 15:00:00,2022-01-30 15:00:00,Payment,Email,Medium,AGT-167,Resolved,4.0
TKT-0001629,CUS-004291,2025-02-01 03:00:00,2025-02-01 09:00:00,Returns,Social,Critical,AGT-153,Resolved,
TKT-0001630,CUS-009140,2021-10-13 07:00:00,,Delivery,Phone,Low,AGT-256,Open,
TKT-0001631,CUS-003154,2023-03-28 02:00:00,2023-03-29 01:00:00,Delivery,Chat,Medium,AGT-237,Resolved,
TKT-0001632,CUS-009790,2025-05-05 21:00:00,2025-05-07 10:00:00,Account,Chat,Low,AGT-038,Closed,
TKT-0001633,CUS-005048,2024-01-15 19:00:00,,Payment,Email,High,AGT-209,Open,
TKT-0001634,CUS-002821,2024-06-28 09:00:00,,Technical,Email,Medium,AGT-060,Open,
TKT-0001635,CUS-000111,2022-05-25 20:00:00,2022-05-30 09:00:00,Account,Store,Low,AGT-295,Resolved,
TKT-0001636,CUS-005926,2026-03-29 14:00:00,2026-03-31 22:00:00,Product Quality,Social,Medium,AGT-211,Resolved,
TKT-0001637,CUS-007175,2026-07-06 07:00:00,2026-07-08 19:00:00,Promotion,Store,Low,AGT-170,Resolved,5.0
TKT-0001638,CUS-011652,2020-05-23 22:00:00,2020-05-24 01:00:00,Technical,Store,High,AGT-341,Resolved,3.0
TKT-0001639,CUS-005218,2024-05-11 12:00:00,2024-05-13 16:00:00,Returns,Social,Medium,AGT-074,Resolved,
TKT-0001640,CUS-004678,2020-01-21 14:00:00,2020-01-22 05:00:00,Account,Social,High,AGT-016,Resolved,
TKT-0001641,CUS-006992,2026-04-23 16:00:00,2026-04-24 04:00:00,Payment,Store,Medium,AGT-092,Resolved,1.0
TKT-0001642,CUS-002276,2024-09-12 19:00:00,2024-09-15 01:00:00,Product Quality,Phone,Low,AGT-020,Resolved,4.0
TKT-0001643,CUS-004375,2021-07-23 09:00:00,2021-07-28 01:00:00,Returns,Chat,Medium,AGT-112,Closed,
TKT-0001644,CUS-001055,2020-05-13 18:00:00,2020-05-16 02:00:00,Technical,Email,High,AGT-255,Resolved,4.0
TKT-0001645,CUS-004893,2022-05-30 11:00:00,2022-05-31 16:00:00,Product Quality,Email,High,AGT-340,Resolved,5.0
TKT-0001646,CUS-000954,2022-02-05 17:00:00,2022-02-08 06:00:00,Payment,Phone,Low,AGT-326,Resolved,
TKT-0001647,CUS-006122,2026-04-20 01:00:00,2026-04-22 13:00:00,Payment,Chat,High,AGT-342,Resolved,4.0
TKT-0001648,CUS-009590,2021-08-28 09:00:00,2021-08-31 15:00:00,Returns,Phone,Low,AGT-113,Closed,3.0
TKT-0001649,CUS-007561,2023-10-28 10:00:00,,Returns,Social,Low,AGT-120,Open,
TKT-0001650,CUS-001987,2023-06-10 09:00:00,,Product Quality,Chat,Low,AGT-324,Open,
TKT-0001651,CUS-007325,2026-07-12 11:00:00,2026-07-13 13:00:00,Payment,Social,Low,AGT-281,Resolved,4.0
TKT-0001652,CUS-003354,2024-12-21 19:00:00,2024-12-23 11:00:00,Returns,Social,Low,AGT-262,Closed,4.0
TKT-0001653,CUS-003937,2026-08-05 05:00:00,2026-08-08 13:00:00,Delivery,Social,Medium,AGT-273,Resolved,
TKT-0001654,CUS-009078,2021-04-02 07:00:00,2021-04-05 04:00:00,Promotion,Phone,Medium,AGT-170,Resolved,5.0
TKT-0001655,CUS-002952,2021-07-06 03:00:00,2021-07-08 06:00:00,Promotion,Email,High,AGT-161,Resolved,5.0
TKT-0001656,CUS-000258,2025-02-24 02:00:00,2025-02-24 22:00:00,Delivery,Phone,Low,AGT-034,Resolved,4.0
TKT-0001657,CUS-002786,2021-12-07 15:00:00,2021-12-11 20:00:00,Delivery,Store,Medium,AGT-322,Resolved,3.0
TKT-0001658,CUS-011655,2024-09-30 06:00:00,2024-10-03 15:00:00,Delivery,Email,Low,AGT-219,Resolved,4.0
TKT-0001659,CUS-001431,2026-07-05 12:00:00,,Product Quality,Email,Low,AGT-154,Open,
TKT-0001660,CUS-000812,2023-11-26 13:00:00,2023-11-29 01:00:00,Delivery,Store,Medium,AGT-261,Resolved,5.0
TKT-0001661,CUS-004364,2020-07-08 16:00:00,2020-07-10 12:00:00,Product Quality,Chat,Medium,AGT-071,Resolved,
TKT-0001662,CUS-001587,2020-03-21 23:00:00,2020-03-24 14:00:00,Technical,Store,Low,AGT-338,Closed,4.0
TKT-0001663,CUS-006852,2024-03-23 13:00:00,2024-03-27 04:00:00,Promotion,Chat,High,AGT-125,Resolved,4.0
TKT-0001664,CUS-011583,2026-05-19 19:00:00,2026-05-23 00:00:00,Delivery,Chat,Low,AGT-039,Resolved,5.0
TKT-0001665,CUS-004996,2024-02-19 01:00:00,,Technical,Email,Low,AGT-122,Open,
TKT-0001666,CUS-005009,2025-12-05 23:00:00,,Product Quality,Phone,Low,AGT-172,Open,
TKT-0001667,CUS-011955,2025-04-06 11:00:00,2025-04-08 20:00:00,Returns,Email,Medium,AGT-246,Resolved,
TKT-0001668,CUS-007679,2023-06-06 23:00:00,2023-06-09 16:00:00,Product Quality,Social,Medium,AGT-224,Resolved,
TKT-0001669,CUS-010281,2020-06-14 05:00:00,2020-06-16 02:00:00,Product Quality,Phone,High,AGT-275,Resolved,
TKT-0001670,CUS-010983,2020-11-17 10:00:00,2020-11-19 19:00:00,Account,Social,Medium,AGT-041,Closed,
TKT-0001671,CUS-007280,2021-08-10 23:00:00,2021-08-15 08:00:00,Returns,Social,Medium,AGT-072,Resolved,
TKT-0001672,CUS-011686,2025-10-10 21:00:00,2025-10-11 21:00:00,Delivery,Phone,Medium,AGT-025,Resolved,3.0
TKT-0001673,CUS-011226,2024-02-17 19:00:00,2024-02-20 17:00:00,Delivery,Chat,Low,AGT-275,Resolved,
TKT-0001674,CUS-010529,2026-05-25 13:00:00,2026-05-25 18:00:00,Returns,Store,Medium,AGT-079,Resolved,
TKT-0001675,CUS-009354,2021-12-23 05:00:00,2021-12-27 13:00:00,Delivery,Email,Medium,AGT-340,Resolved,5.0
TKT-0001676,CUS-007274,2022-08-14 12:00:00,2022-08-18 02:00:00,Product Quality,Email,Critical,AGT-286,Resolved,2.0
TKT-0001677,CUS-008001,2024-12-11 11:00:00,,Technical,Email,High,AGT-208,Open,
TKT-0001678,CUS-004324,2020-11-27 08:00:00,,Payment,Phone,High,AGT-199,Open,
TKT-0001679,CUS-002953,2020-08-10 02:00:00,2020-08-14 12:00:00,Delivery,Phone,Medium,AGT-270,Resolved,2.0
TKT-0001680,CUS-004545,2024-05-18 08:00:00,2024-05-19 23:00:00,Delivery,Store,Low,AGT-331,Resolved,
TKT-0001681,CUS-000680,2022-11-27 02:00:00,2022-11-30 03:00:00,Payment,Social,Low,AGT-231,Resolved,
TKT-0001682,CUS-011516,2022-09-20 04:00:00,2022-09-22 04:00:00,Delivery,Store,Low,AGT-141,Resolved,4.0
TKT-0001683,CUS-005511,2023-07-06 09:00:00,2023-07-09 22:00:00,Account,Social,Low,AGT-242,Closed,4.0
TKT-0001684,CUS-005002,2022-03-22 07:00:00,2022-03-24 17:00:00,Account,Social,Low,AGT-143,Resolved,
TKT-0001685,CUS-004024,2024-06-21 12:00:00,2024-06-22 18:00:00,Technical,Chat,Low,AGT-298,Resolved,4.0
TKT-0001686,CUS-000579,2021-03-31 04:00:00,2021-04-01 18:00:00,Returns,Chat,Medium,AGT-269,Resolved,2.0
TKT-0001687,CUS-001504,2022-08-08 17:00:00,2022-08-09 03:00:00,Returns,Phone,High,AGT-341,Resolved,
TKT-0001688,CUS-008155,2024-02-20 09:00:00,2024-02-23 10:00:00,Delivery,Store,Low,AGT-097,Resolved,4.0
TKT-0001689,CUS-003092,2025-10-15 04:00:00,,Delivery,Social,Low,AGT-001,Open,
TKT-0001690,CUS-011280,2021-07-18 05:00:00,2021-07-21 07:00:00,Delivery,Chat,Medium,AGT-150,Resolved,5.0
TKT-0001691,CUS-006199,2025-11-29 00:00:00,,Product Quality,Social,Medium,AGT-015,Open,
TKT-0001692,CUS-011256,2020-02-25 07:00:00,2020-02-26 13:00:00,Promotion,Store,Medium,AGT-038,Resolved,3.0
TKT-0001693,CUS-008544,2021-06-07 02:00:00,2021-06-11 09:00:00,Product Quality,Email,High,AGT-065,Resolved,3.0
TKT-0001694,CUS-010453,2020-07-30 21:00:00,2020-08-01 23:00:00,Returns,Email,Low,AGT-309,Closed,4.0
TKT-0001695,CUS-010209,2023-02-17 18:00:00,2023-02-22 15:00:00,Delivery,Chat,Low,AGT-143,Resolved,4.0
TKT-0001696,CUS-008320,2025-09-13 07:00:00,2025-09-17 01:00:00,Returns,Phone,Medium,AGT-036,Resolved,4.0
TKT-0001697,CUS-001477,2024-06-08 04:00:00,2024-06-10 01:00:00,Account,Social,High,AGT-094,Resolved,5.0
TKT-0001698,CUS-003259,2024-05-15 07:00:00,2024-05-17 05:00:00,Delivery,Email,Low,AGT-062,Resolved,
TKT-0001699,CUS-003018,2020-04-07 09:00:00,2020-04-09 04:00:00,Delivery,Chat,Low,AGT-091,Resolved,
TKT-0001700,CUS-000156,2024-05-10 17:00:00,2024-05-13 10:00:00,Delivery,Chat,Medium,AGT-122,Resolved,
TKT-0001701,CUS-009034,2020-12-14 12:00:00,2020-12-16 01:00:00,Delivery,Phone,Medium,AGT-243,Resolved,5.0
TKT-0001702,CUS-005122,2024-03-11 12:00:00,2024-03-12 23:00:00,Returns,Email,Medium,AGT-170,Resolved,4.0
TKT-0001703,CUS-001324,2021-02-17 01:00:00,2021-02-20 16:00:00,Returns,Email,Low,AGT-156,Resolved,5.0
TKT-0001704,CUS-003279,2024-09-04 15:00:00,2024-09-08 07:00:00,Payment,Store,Low,AGT-281,Closed,
TKT-0001705,CUS-008479,2021-04-05 00:00:00,2021-04-07 06:00:00,Technical,Chat,High,AGT-067,Resolved,4.0
TKT-0001706,CUS-010367,2024-04-21 13:00:00,2024-04-22 02:00:00,Returns,Chat,Medium,AGT-162,Resolved,
TKT-0001707,CUS-007609,2023-09-03 15:00:00,,Payment,Email,Low,AGT-119,Open,
TKT-0001708,CUS-004900,2022-07-28 04:00:00,2022-07-29 08:00:00,Delivery,Social,Critical,AGT-243,Resolved,5.0
TKT-0001709,CUS-002468,2023-03-15 01:00:00,2023-03-16 19:00:00,Account,Store,Low,AGT-299,Resolved,3.0
TKT-0001710,CUS-009730,2026-04-21 05:00:00,2026-04-22 15:00:00,Account,Email,Medium,AGT-060,Resolved,
TKT-0001711,CUS-009359,2020-12-15 04:00:00,2020-12-16 23:00:00,Returns,Chat,Low,AGT-017,Resolved,5.0
TKT-0001712,CUS-004775,2024-05-30 12:00:00,2024-06-01 10:00:00,Delivery,Email,High,AGT-214,Resolved,3.0
TKT-0001713,CUS-003263,2020-12-25 16:00:00,,Delivery,Phone,Medium,AGT-050,Open,
TKT-0001714,CUS-005459,2023-08-31 11:00:00,2023-09-02 17:00:00,Delivery,Chat,High,AGT-275,Resolved,5.0
TKT-0001715,CUS-001462,2025-01-06 09:00:00,2025-01-07 21:00:00,Returns,Social,Medium,AGT-134,Resolved,2.0
TKT-0001716,CUS-007667,2025-08-20 03:00:00,2025-08-23 17:00:00,Account,Email,Low,AGT-032,Resolved,
TKT-0001717,CUS-005775,2025-01-14 20:00:00,2025-01-17 21:00:00,Returns,Social,High,AGT-322,Resolved,5.0
TKT-0001718,CUS-009916,2022-09-19 22:00:00,2022-09-20 23:00:00,Technical,Email,Medium,AGT-035,Resolved,
TKT-0001719,CUS-003416,2020-03-22 16:00:00,2020-03-25 04:00:00,Delivery,Social,Medium,AGT-087,Closed,2.0
TKT-0001720,CUS-001725,2024-07-22 20:00:00,2024-07-25 10:00:00,Returns,Social,High,AGT-130,Resolved,
TKT-0001721,CUS-009130,2026-02-28 10:00:00,,Delivery,Chat,Low,AGT-178,Open,
TKT-0001722,CUS-002967,2020-02-03 08:00:00,2020-02-07 02:00:00,Product Quality,Social,Medium,AGT-005,Resolved,3.0
TKT-0001723,CUS-007163,2023-11-10 20:00:00,2023-11-11 00:00:00,Payment,Email,Critical,AGT-104,Closed,2.0
TKT-0001724,CUS-009560,2022-09-24 06:00:00,2022-09-24 23:00:00,Account,Email,Critical,AGT-027,Resolved,4.0
TKT-0001725,CUS-011752,2020-12-22 04:00:00,2020-12-23 17:00:00,Product Quality,Social,Low,AGT-294,Resolved,5.0
TKT-0001726,CUS-007750,2020-01-07 17:00:00,2020-01-09 09:00:00,Returns,Email,Low,AGT-058,Resolved,2.0
TKT-0001727,CUS-008477,2022-01-05 17:00:00,2022-01-09 04:00:00,Payment,Phone,Critical,AGT-198,Closed,
TKT-0001728,CUS-007103,2025-08-28 05:00:00,2025-08-29 16:00:00,Payment,Chat,Low,AGT-316,Resolved,5.0
TKT-0001729,CUS-009611,2021-01-22 12:00:00,,Delivery,Store,High,AGT-188,Open,
TKT-0001730,CUS-001970,2020-12-02 07:00:00,2020-12-06 20:00:00,Product Quality,Store,Medium,AGT-081,Closed,
TKT-0001731,CUS-001329,2026-07-29 16:00:00,2026-08-03 11:00:00,Product Quality,Phone,Medium,AGT-035,Resolved,3.0
TKT-0001732,CUS-003136,2024-08-26 11:00:00,2024-08-29 03:00:00,Returns,Phone,Medium,AGT-320,Resolved,3.0
TKT-0001733,CUS-010217,2024-11-09 20:00:00,2024-11-12 20:00:00,Returns,Chat,Low,AGT-036,Resolved,2.0
TKT-0001734,CUS-000072,2024-07-10 13:00:00,2024-07-13 12:00:00,Technical,Phone,Medium,AGT-056,Resolved,
TKT-0001735,CUS-004395,2026-01-04 06:00:00,,Returns,Email,Low,AGT-102,Open,
TKT-0001736,CUS-010214,2023-09-07 19:00:00,2023-09-09 22:00:00,Product Quality,Social,Medium,AGT-175,Closed,5.0
TKT-0001737,CUS-000994,2021-05-31 11:00:00,2021-06-01 07:00:00,Delivery,Phone,Low,AGT-032,Closed,
TKT-0001738,CUS-008766,2026-03-24 20:00:00,2026-03-25 12:00:00,Payment,Social,Medium,AGT-159,Resolved,
TKT-0001739,CUS-009773,2021-08-14 20:00:00,2021-08-16 14:00:00,Delivery,Phone,Low,AGT-333,Resolved,4.0
TKT-0001740,CUS-002978,2021-03-29 21:00:00,2021-03-31 16:00:00,Delivery,Email,Medium,AGT-244,Resolved,4.0
TKT-0001741,CUS-000636,2026-08-07 05:00:00,2026-08-09 21:00:00,Returns,Phone,Medium,AGT-198,Resolved,4.0
TKT-0001742,CUS-004295,2023-11-21 16:00:00,2023-11-25 12:00:00,Delivery,Chat,Medium,AGT-176,Closed,
TKT-0001743,CUS-010002,2022-09-12 09:00:00,2022-09-16 23:00:00,Technical,Phone,Medium,AGT-232,Resolved,
TKT-0001744,CUS-003054,2025-03-28 01:00:00,2025-03-29 20:00:00,Payment,Social,Low,AGT-178,Resolved,
TKT-0001745,CUS-001917,2024-08-30 22:00:00,2024-09-02 22:00:00,Product Quality,Store,Low,AGT-012,Resolved,5.0
TKT-0001746,CUS-007751,2022-07-04 13:00:00,2022-07-04 18:00:00,Account,Social,Low,AGT-336,Resolved,2.0
TKT-0001747,CUS-004334,2021-03-08 14:00:00,2021-03-11 13:00:00,Product Quality,Social,Medium,AGT-092,Resolved,5.0
TKT-0001748,CUS-002357,2026-04-09 13:00:00,2026-04-13 19:00:00,Delivery,Social,Medium,AGT-282,Resolved,
TKT-0001749,CUS-008946,2022-08-22 08:00:00,2022-08-22 16:00:00,Product Quality,Phone,Low,AGT-245,Resolved,4.0
TKT-0001750,CUS-002514,2026-07-16 05:00:00,,Delivery,Chat,High,AGT-117,Open,
TKT-0001751,CUS-003498,2021-08-08 02:00:00,2021-08-12 15:00:00,Technical,Store,Low,AGT-194,Resolved,
TKT-0001752,CUS-010093,2025-04-09 17:00:00,2025-04-13 10:00:00,Payment,Social,Low,AGT-258,Closed,
TKT-0001753,CUS-003015,2025-09-01 02:00:00,,Returns,Phone,Medium,AGT-130,Open,
TKT-0001754,CUS-009915,2025-02-23 08:00:00,2025-02-23 16:00:00,Payment,Email,Medium,AGT-047,Resolved,3.0
TKT-0001755,CUS-010117,2025-05-16 13:00:00,2025-05-20 17:00:00,Delivery,Store,Medium,AGT-008,Closed,
TKT-0001756,CUS-003429,2025-03-07 08:00:00,2025-03-09 08:00:00,Account,Email,Medium,AGT-311,Closed,4.0
TKT-0001757,CUS-009587,2022-05-18 17:00:00,2022-05-23 04:00:00,Promotion,Chat,Low,AGT-035,Resolved,5.0
TKT-0001758,CUS-001380,2025-02-18 15:00:00,2025-02-20 23:00:00,Returns,Store,Medium,AGT-130,Resolved,
TKT-0001759,CUS-008114,2022-09-26 14:00:00,2022-09-29 09:00:00,Technical,Phone,Medium,AGT-135,Closed,5.0
TKT-0001760,CUS-005271,2024-09-10 14:00:00,2024-09-14 09:00:00,Payment,Email,Medium,AGT-146,Resolved,3.0
TKT-0001761,CUS-003792,2021-04-17 18:00:00,2021-04-19 15:00:00,Product Quality,Store,Low,AGT-103,Resolved,5.0
TKT-0001762,CUS-008289,2025-11-26 12:00:00,,Returns,Chat,Low,AGT-187,Open,
TKT-0001763,CUS-002450,2021-07-12 03:00:00,2021-07-16 00:00:00,Product Quality,Phone,Medium,AGT-250,Resolved,
TKT-0001764,CUS-011537,2026-05-29 06:00:00,2026-06-03 03:00:00,Delivery,Chat,Low,AGT-057,Resolved,
TKT-0001765,CUS-000535,2022-03-26 08:00:00,2022-03-31 02:00:00,Returns,Social,Low,AGT-178,Resolved,5.0
TKT-0001766,CUS-000179,2021-07-20 19:00:00,2021-07-25 03:00:00,Account,Store,High,AGT-085,Resolved,4.0
TKT-0001767,CUS-008754,2025-08-07 03:00:00,2025-08-10 20:00:00,Promotion,Store,Low,AGT-224,Resolved,5.0
TKT-0001768,CUS-005084,2025-12-29 14:00:00,2026-01-02 09:00:00,Technical,Email,High,AGT-030,Closed,4.0
TKT-0001769,CUS-007432,2025-11-06 04:00:00,2025-11-10 07:00:00,Payment,Chat,Medium,AGT-076,Resolved,
TKT-0001770,CUS-010607,2026-07-18 16:00:00,2026-07-21 00:00:00,Returns,Chat,Low,AGT-138,Closed,
TKT-0001771,CUS-008732,2020-10-22 12:00:00,2020-10-25 14:00:00,Promotion,Social,Low,AGT-301,Resolved,4.0
TKT-0001772,CUS-008275,2023-11-10 00:00:00,2023-11-11 01:00:00,Delivery,Chat,Medium,AGT-143,Closed,5.0
TKT-0001773,CUS-000583,2023-11-16 11:00:00,,Payment,Store,Low,AGT-079,Open,
TKT-0001774,CUS-008654,2023-08-12 20:00:00,2023-08-15 21:00:00,Account,Phone,Medium,AGT-072,Closed,3.0
TKT-0001775,CUS-007271,2020-08-15 00:00:00,,Promotion,Email,Low,AGT-344,Open,
TKT-0001776,CUS-003257,2026-01-23 22:00:00,2026-01-27 22:00:00,Returns,Phone,Medium,AGT-323,Resolved,
TKT-0001777,CUS-006184,2020-12-27 17:00:00,2020-12-27 23:00:00,Technical,Chat,Medium,AGT-005,Resolved,3.0
TKT-0001778,CUS-000494,2022-06-06 01:00:00,2022-06-10 00:00:00,Payment,Social,Medium,AGT-301,Resolved,4.0
TKT-0001779,CUS-009763,2025-01-20 07:00:00,2025-01-23 17:00:00,Returns,Email,Low,AGT-177,Resolved,4.0
TKT-0001780,CUS-009013,2023-10-20 16:00:00,2023-10-23 17:00:00,Delivery,Email,Low,AGT-207,Closed,4.0
TKT-0001781,CUS-002242,2023-05-30 21:00:00,2023-06-03 10:00:00,Product Quality,Email,Medium,AGT-221,Resolved,5.0
TKT-0001782,CUS-005032,2024-11-20 05:00:00,2024-11-23 15:00:00,Promotion,Chat,Low,AGT-181,Resolved,5.0
TKT-0001783,CUS-009651,2025-04-10 09:00:00,2025-04-10 10:00:00,Payment,Social,Low,AGT-224,Resolved,5.0
TKT-0001784,CUS-011817,2020-08-17 06:00:00,2020-08-21 17:00:00,Returns,Email,Medium,AGT-131,Closed,4.0
TKT-0001785,CUS-003755,2020-02-27 01:00:00,2020-03-01 16:00:00,Delivery,Phone,Medium,AGT-049,Resolved,
TKT-0001786,CUS-004498,2020-12-01 01:00:00,2020-12-04 05:00:00,Returns,Phone,Medium,AGT-194,Resolved,
TKT-0001787,CUS-003029,2020-10-14 14:00:00,2020-10-17 10:00:00,Payment,Email,Low,AGT-341,Resolved,3.0
TKT-0001788,CUS-009847,2026-01-15 09:00:00,2026-01-17 17:00:00,Returns,Phone,Medium,AGT-088,Resolved,
TKT-0001789,CUS-001030,2026-06-09 06:00:00,2026-06-10 08:00:00,Returns,Social,Medium,AGT-141,Resolved,
TKT-0001790,CUS-003705,2021-12-14 00:00:00,2021-12-17 18:00:00,Payment,Chat,High,AGT-019,Resolved,
TKT-0001791,CUS-011807,2021-06-20 22:00:00,2021-06-24 02:00:00,Promotion,Email,Medium,AGT-029,Resolved,
TKT-0001792,CUS-004862,2026-02-13 23:00:00,2026-02-17 13:00:00,Technical,Chat,Low,AGT-139,Resolved,4.0
TKT-0001793,CUS-006258,2021-06-04 09:00:00,2021-06-08 05:00:00,Account,Chat,Medium,AGT-076,Resolved,5.0
TKT-0001794,CUS-000784,2025-12-23 01:00:00,,Product Quality,Store,Medium,AGT-196,Open,
TKT-0001795,CUS-007448,2025-11-15 14:00:00,2025-11-20 02:00:00,Returns,Social,Medium,AGT-198,Resolved,
TKT-0001796,CUS-005869,2022-12-26 21:00:00,2022-12-30 09:00:00,Product Quality,Phone,Medium,AGT-252,Resolved,3.0
TKT-0001797,CUS-011255,2021-04-01 10:00:00,2021-04-02 04:00:00,Returns,Email,Low,AGT-057,Resolved,5.0
TKT-0001798,CUS-003691,2026-06-10 10:00:00,2026-06-13 08:00:00,Account,Social,High,AGT-332,Closed,
TKT-0001799,CUS-002731,2023-09-22 04:00:00,2023-09-24 11:00:00,Account,Store,Low,AGT-092,Closed,3.0
TKT-0001800,CUS-010552,2025-03-30 11:00:00,2025-04-03 09:00:00,Delivery,Email,Medium,AGT-010,Resolved,3.0
TKT-0001801,CUS-009256,2025-12-24 17:00:00,2025-12-29 14:00:00,Account,Store,Medium,AGT-099,Resolved,5.0
TKT-0001802,CUS-006208,2022-08-08 14:00:00,2022-08-10 16:00:00,Account,Chat,Medium,AGT-188,Resolved,
TKT-0001803,CUS-001215,2024-10-23 21:00:00,2024-10-26 19:00:00,Delivery,Phone,High,AGT-260,Resolved,5.0
TKT-0001804,CUS-001726,2022-01-18 13:00:00,2022-01-22 17:00:00,Account,Phone,High,AGT-311,Resolved,5.0
TKT-0001805,CUS-005548,2024-07-15 20:00:00,2024-07-19 04:00:00,Product Quality,Email,Low,AGT-175,Resolved,4.0
TKT-0001806,CUS-011122,2020-01-01 00:00:00,2020-01-01 22:00:00,Delivery,Chat,Low,AGT-086,Resolved,5.0
TKT-0001807,CUS-009046,2020-11-16 08:00:00,,Product Quality,Store,Medium,AGT-283,Open,
TKT-0001808,CUS-009484,2022-07-02 15:00:00,,Technical,Phone,Low,AGT-103,Open,
TKT-0001809,CUS-002570,2022-02-05 22:00:00,2022-02-06 05:00:00,Product Quality,Store,Medium,AGT-254,Resolved,5.0
TKT-0001810,CUS-001181,2025-07-10 19:00:00,2025-07-13 12:00:00,Payment,Social,Low,AGT-201,Resolved,4.0
TKT-0001811,CUS-001330,2020-04-28 09:00:00,2020-05-01 16:00:00,Technical,Phone,Medium,AGT-062,Resolved,5.0
TKT-0001812,CUS-002449,2022-10-14 20:00:00,2022-10-17 19:00:00,Delivery,Phone,High,AGT-303,Resolved,
TKT-0001813,CUS-008828,2020-12-31 19:00:00,2021-01-03 00:00:00,Returns,Email,Medium,AGT-327,Resolved,4.0
TKT-0001814,CUS-008391,2022-11-04 11:00:00,2022-11-05 09:00:00,Payment,Social,Low,AGT-038,Closed,
TKT-0001815,CUS-002410,2021-10-29 19:00:00,2021-11-02 10:00:00,Payment,Chat,Medium,AGT-177,Resolved,
TKT-0001816,CUS-009818,2025-01-30 08:00:00,,Account,Social,High,AGT-201,Open,
TKT-0001817,CUS-010260,2023-01-09 06:00:00,2023-01-13 20:00:00,Delivery,Phone,Medium,AGT-339,Closed,
TKT-0001818,CUS-002779,2026-03-13 07:00:00,2026-03-17 14:00:00,Payment,Email,Low,AGT-228,Resolved,2.0
TKT-0001819,CUS-008579,2021-09-27 07:00:00,2021-09-28 23:00:00,Product Quality,Phone,Medium,AGT-089,Resolved,4.0
TKT-0001820,CUS-003721,2024-06-15 04:00:00,2024-06-18 02:00:00,Delivery,Chat,Critical,AGT-142,Resolved,
TKT-0001821,CUS-003352,2023-08-14 08:00:00,2023-08-17 18:00:00,Account,Store,Low,AGT-135,Closed,4.0
TKT-0001822,CUS-006529,2024-08-11 15:00:00,2024-08-15 04:00:00,Delivery,Social,Medium,AGT-332,Closed,1.0
TKT-0001823,CUS-005445,2020-05-29 13:00:00,2020-05-31 20:00:00,Returns,Social,Medium,AGT-330,Resolved,1.0
TKT-0001824,CUS-011056,2021-02-01 16:00:00,2021-02-03 07:00:00,Returns,Chat,Medium,AGT-245,Resolved,5.0
TKT-0001825,CUS-000049,2020-08-23 08:00:00,2020-08-24 23:00:00,Product Quality,Email,Medium,AGT-140,Closed,3.0
TKT-0001826,CUS-006519,2026-05-23 13:00:00,2026-05-28 09:00:00,Delivery,Social,High,AGT-014,Resolved,
TKT-0001827,CUS-007876,2022-04-22 00:00:00,2022-04-23 05:00:00,Delivery,Chat,High,AGT-142,Resolved,
TKT-0001828,CUS-010510,2024-02-16 07:00:00,2024-02-19 08:00:00,Delivery,Chat,Low,AGT-336,Closed,
TKT-0001829,CUS-007005,2022-11-13 01:00:00,,Delivery,Social,High,AGT-283,Open,
TKT-0001830,CUS-011948,2023-01-06 09:00:00,2023-01-09 02:00:00,Returns,Phone,Low,AGT-089,Resolved,
TKT-0001831,CUS-006957,2025-09-27 01:00:00,,Returns,Chat,Medium,AGT-291,Open,
TKT-0001832,CUS-011165,2023-09-16 04:00:00,2023-09-19 06:00:00,Account,Email,Medium,AGT-335,Closed,5.0
TKT-0001833,CUS-003569,2026-03-02 22:00:00,2026-03-05 02:00:00,Delivery,Social,Medium,AGT-258,Resolved,3.0
TKT-0001834,CUS-011304,2022-10-19 08:00:00,2022-10-21 21:00:00,Delivery,Store,High,AGT-278,Resolved,
TKT-0001835,CUS-006443,2024-12-02 14:00:00,2024-12-03 23:00:00,Delivery,Email,Medium,AGT-188,Resolved,5.0
TKT-0001836,CUS-009225,2020-03-02 16:00:00,2020-03-07 12:00:00,Returns,Phone,Low,AGT-001,Resolved,
TKT-0001837,CUS-004333,2021-04-04 00:00:00,2021-04-05 14:00:00,Delivery,Email,Medium,AGT-053,Resolved,
TKT-0001838,CUS-002923,2023-08-17 05:00:00,2023-08-20 12:00:00,Technical,Store,Medium,AGT-282,Closed,
TKT-0001839,CUS-000888,2020-12-22 20:00:00,2020-12-26 12:00:00,Returns,Store,Low,AGT-146,Resolved,
TKT-0001840,CUS-008475,2024-03-12 03:00:00,2024-03-15 11:00:00,Delivery,Email,Low,AGT-281,Resolved,4.0
TKT-0001841,CUS-002238,2026-07-02 12:00:00,2026-07-05 12:00:00,Payment,Store,Low,AGT-071,Resolved,5.0
TKT-0001842,CUS-000550,2024-11-01 02:00:00,2024-11-03 19:00:00,Returns,Email,Medium,AGT-154,Resolved,4.0
TKT-0001843,CUS-010787,2020-08-02 20:00:00,2020-08-03 15:00:00,Returns,Store,High,AGT-263,Resolved,5.0
TKT-0001844,CUS-011022,2020-07-25 18:00:00,2020-07-28 19:00:00,Delivery,Social,Low,AGT-348,Resolved,2.0
TKT-0001845,CUS-004914,2022-09-17 17:00:00,2022-09-19 10:00:00,Product Quality,Social,Low,AGT-235,Closed,4.0
TKT-0001846,CUS-011702,2026-07-09 10:00:00,2026-07-12 04:00:00,Product Quality,Store,Low,AGT-195,Resolved,
TKT-0001847,CUS-008213,2025-04-21 17:00:00,,Delivery,Phone,Low,AGT-343,Open,
TKT-0001848,CUS-002996,2025-10-20 04:00:00,2025-10-21 05:00:00,Delivery,Store,Medium,AGT-278,Resolved,2.0
TKT-0001849,CUS-001098,2022-11-22 19:00:00,2022-11-24 01:00:00,Returns,Email,Medium,AGT-258,Resolved,5.0
TKT-0001850,CUS-002059,2020-06-02 23:00:00,2020-06-06 13:00:00,Product Quality,Email,Medium,AGT-342,Resolved,5.0
TKT-0001851,CUS-007662,2024-02-26 23:00:00,2024-03-01 23:00:00,Product Quality,Social,Low,AGT-169,Resolved,
TKT-0001852,CUS-007117,2025-08-23 04:00:00,2025-08-25 21:00:00,Returns,Email,High,AGT-269,Resolved,2.0
TKT-0001853,CUS-008346,2024-05-25 14:00:00,2024-05-27 02:00:00,Product Quality,Store,Critical,AGT-015,Closed,2.0
TKT-0001854,CUS-001918,2021-05-14 16:00:00,2021-05-14 19:00:00,Promotion,Chat,Medium,AGT-323,Closed,5.0
TKT-0001855,CUS-008309,2020-05-04 19:00:00,2020-05-05 10:00:00,Product Quality,Phone,High,AGT-211,Resolved,5.0
TKT-0001856,CUS-008122,2023-11-12 22:00:00,2023-11-17 21:00:00,Delivery,Chat,Medium,AGT-091,Resolved,4.0
TKT-0001857,CUS-006742,2024-07-07 02:00:00,2024-07-10 23:00:00,Delivery,Social,Low,AGT-307,Resolved,5.0
TKT-0001858,CUS-011843,2023-03-23 13:00:00,2023-03-27 01:00:00,Payment,Phone,Low,AGT-261,Resolved,
TKT-0001859,CUS-010268,2023-08-23 18:00:00,2023-08-26 20:00:00,Promotion,Email,Low,AGT-339,Resolved,
TKT-0001860,CUS-011857,2021-02-24 19:00:00,2021-02-28 03:00:00,Returns,Phone,Medium,AGT-163,Resolved,5.0
TKT-0001861,CUS-006998,2021-03-18 20:00:00,2021-03-22 14:00:00,Returns,Email,Medium,AGT-105,Closed,
TKT-0001862,CUS-008121,2025-04-22 08:00:00,2025-04-23 05:00:00,Delivery,Social,Low,AGT-344,Closed,3.0
TKT-0001863,CUS-004359,2021-12-04 21:00:00,2021-12-07 08:00:00,Promotion,Email,Low,AGT-110,Resolved,4.0
TKT-0001864,CUS-008527,2025-01-14 13:00:00,2025-01-18 18:00:00,Delivery,Social,High,AGT-183,Resolved,5.0
TKT-0001865,CUS-002311,2021-03-18 04:00:00,2021-03-18 15:00:00,Delivery,Chat,Low,AGT-138,Resolved,2.0
TKT-0001866,CUS-008758,2024-02-02 20:00:00,2024-02-07 15:00:00,Delivery,Phone,High,AGT-212,Resolved,2.0
TKT-0001867,CUS-008690,2024-01-18 09:00:00,2024-01-20 17:00:00,Product Quality,Store,Medium,AGT-014,Resolved,
TKT-0001868,CUS-000595,2024-07-08 21:00:00,2024-07-10 12:00:00,Promotion,Phone,Medium,AGT-102,Resolved,
TKT-0001869,CUS-008160,2021-11-09 16:00:00,2021-11-11 06:00:00,Payment,Chat,Low,AGT-302,Resolved,4.0
TKT-0001870,CUS-006206,2023-05-05 13:00:00,2023-05-09 21:00:00,Delivery,Phone,High,AGT-318,Resolved,2.0
TKT-0001871,CUS-005113,2025-08-08 01:00:00,2025-08-12 04:00:00,Returns,Phone,High,AGT-292,Resolved,
TKT-0001872,CUS-011056,2022-03-03 00:00:00,2022-03-03 05:00:00,Product Quality,Phone,High,AGT-227,Closed,4.0
TKT-0001873,CUS-008606,2020-04-22 08:00:00,2020-04-23 00:00:00,Account,Social,Medium,AGT-035,Resolved,4.0
TKT-0001874,CUS-000859,2022-01-17 18:00:00,2022-01-21 05:00:00,Delivery,Social,High,AGT-310,Resolved,
TKT-0001875,CUS-004592,2021-04-01 23:00:00,2021-04-04 13:00:00,Technical,Social,Critical,AGT-215,Resolved,
TKT-0001876,CUS-002509,2022-09-10 18:00:00,2022-09-12 01:00:00,Technical,Store,High,AGT-097,Closed,
TKT-0001877,CUS-003710,2024-05-01 13:00:00,2024-05-03 10:00:00,Account,Phone,Medium,AGT-336,Resolved,
TKT-0001878,CUS-010285,2022-03-12 23:00:00,2022-03-16 19:00:00,Delivery,Social,High,AGT-266,Resolved,5.0
TKT-0001879,CUS-011741,2021-02-15 21:00:00,2021-02-17 10:00:00,Technical,Phone,Low,AGT-116,Resolved,
TKT-0001880,CUS-006506,2026-07-19 08:00:00,2026-07-21 02:00:00,Returns,Phone,Low,AGT-096,Resolved,4.0
TKT-0001881,CUS-005512,2024-07-24 11:00:00,2024-07-25 22:00:00,Product Quality,Phone,Low,AGT-088,Resolved,5.0
TKT-0001882,CUS-004576,2026-07-02 17:00:00,2026-07-05 21:00:00,Returns,Chat,Low,AGT-045,Resolved,4.0
TKT-0001883,CUS-008348,2026-06-04 06:00:00,2026-06-07 01:00:00,Delivery,Store,High,AGT-126,Resolved,
TKT-0001884,CUS-008615,2020-04-03 14:00:00,2020-04-07 22:00:00,Account,Chat,Medium,AGT-070,Resolved,1.0
TKT-0001885,CUS-001909,2023-02-03 06:00:00,2023-02-05 08:00:00,Promotion,Store,Low,AGT-058,Resolved,5.0
TKT-0001886,CUS-003671,2024-05-02 11:00:00,2024-05-03 07:00:00,Promotion,Chat,Low,AGT-074,Resolved,1.0
TKT-0001887,CUS-000546,2022-10-25 22:00:00,,Account,Phone,Low,AGT-104,Open,
TKT-0001888,CUS-008084,2021-06-16 12:00:00,2021-06-21 01:00:00,Delivery,Chat,Critical,AGT-254,Resolved,4.0
TKT-0001889,CUS-000399,2022-04-04 05:00:00,2022-04-07 20:00:00,Returns,Email,High,AGT-297,Closed,3.0
TKT-0001890,CUS-009961,2021-02-28 21:00:00,2021-03-05 02:00:00,Delivery,Phone,Medium,AGT-006,Resolved,
TKT-0001891,CUS-001950,2025-07-11 17:00:00,2025-07-15 06:00:00,Payment,Social,Medium,AGT-051,Resolved,3.0
TKT-0001892,CUS-009182,2024-08-25 10:00:00,2024-08-30 08:00:00,Returns,Email,Medium,AGT-211,Resolved,2.0
TKT-0001893,CUS-004763,2026-06-24 19:00:00,2026-06-26 18:00:00,Delivery,Email,Medium,AGT-221,Resolved,
TKT-0001894,CUS-007235,2026-03-27 21:00:00,2026-03-28 16:00:00,Delivery,Phone,Low,AGT-184,Resolved,1.0
TKT-0001895,CUS-007721,2022-08-28 03:00:00,2022-08-30 14:00:00,Promotion,Chat,Low,AGT-269,Resolved,4.0
TKT-0001896,CUS-008433,2026-02-02 10:00:00,2026-02-05 12:00:00,Promotion,Store,Medium,AGT-269,Resolved,
TKT-0001897,CUS-004359,2023-12-27 05:00:00,2023-12-28 09:00:00,Returns,Email,Medium,AGT-178,Resolved,
TKT-0001898,CUS-009607,2023-08-17 11:00:00,2023-08-20 08:00:00,Delivery,Phone,Low,AGT-272,Resolved,3.0
TKT-0001899,CUS-001181,2022-08-17 10:00:00,2022-08-18 08:00:00,Delivery,Email,Critical,AGT-109,Closed,3.0
TKT-0001900,CUS-005349,2020-09-08 01:00:00,,Account,Store,Medium,AGT-052,Open,
TKT-0001901,CUS-005137,2026-04-11 06:00:00,2026-04-13 10:00:00,Delivery,Phone,Low,AGT-161,Resolved,3.0
TKT-0001902,CUS-008490,2024-11-22 06:00:00,2024-11-24 13:00:00,Payment,Chat,Medium,AGT-116,Resolved,
TKT-0001903,CUS-007279,2025-10-20 08:00:00,2025-10-24 13:00:00,Promotion,Phone,Medium,AGT-064,Closed,5.0
TKT-0001904,CUS-007673,2022-03-22 06:00:00,2022-03-24 04:00:00,Returns,Social,High,AGT-062,Closed,5.0
TKT-0001905,CUS-000859,2026-03-18 15:00:00,2026-03-23 05:00:00,Delivery,Email,Medium,AGT-179,Resolved,5.0
TKT-0001906,CUS-006781,2021-11-23 11:00:00,,Delivery,Email,Critical,AGT-226,Open,
TKT-0001907,CUS-009452,2024-03-01 16:00:00,,Product Quality,Store,Medium,AGT-104,Open,
TKT-0001908,CUS-001968,2025-10-05 20:00:00,2025-10-09 19:00:00,Payment,Chat,Medium,AGT-092,Closed,3.0
TKT-0001909,CUS-005836,2025-05-19 19:00:00,2025-05-20 05:00:00,Delivery,Store,High,AGT-264,Resolved,4.0
TKT-0001910,CUS-000744,2021-06-09 02:00:00,2021-06-12 07:00:00,Returns,Email,Medium,AGT-040,Resolved,
TKT-0001911,CUS-002820,2024-04-09 00:00:00,2024-04-13 16:00:00,Payment,Chat,Low,AGT-024,Resolved,
TKT-0001912,CUS-007640,2024-07-04 22:00:00,2024-07-09 18:00:00,Product Quality,Chat,High,AGT-311,Resolved,
TKT-0001913,CUS-004757,2025-11-23 03:00:00,2025-11-25 07:00:00,Returns,Email,Medium,AGT-203,Resolved,
TKT-0001914,CUS-006861,2020-01-15 07:00:00,2020-01-20 05:00:00,Payment,Email,Low,AGT-048,Resolved,5.0
TKT-0001915,CUS-006805,2023-06-04 22:00:00,2023-06-08 08:00:00,Payment,Phone,High,AGT-313,Resolved,5.0
TKT-0001916,CUS-010091,2025-01-04 04:00:00,2025-01-09 00:00:00,Delivery,Phone,Low,AGT-057,Closed,4.0
TKT-0001917,CUS-001975,2025-06-17 06:00:00,2025-06-17 11:00:00,Product Quality,Store,Medium,AGT-131,Resolved,5.0
TKT-0001918,CUS-005522,2026-05-01 17:00:00,2026-05-06 08:00:00,Returns,Store,Medium,AGT-025,Resolved,4.0
TKT-0001919,CUS-001999,2021-08-24 18:00:00,2021-08-26 11:00:00,Delivery,Store,Medium,AGT-148,Resolved,5.0
TKT-0001920,CUS-007970,2021-04-21 23:00:00,2021-04-24 05:00:00,Payment,Social,Low,AGT-027,Closed,2.0
TKT-0001921,CUS-004835,2025-08-04 18:00:00,2025-08-06 03:00:00,Delivery,Store,Medium,AGT-114,Resolved,3.0
TKT-0001922,CUS-000692,2022-12-26 23:00:00,2022-12-31 05:00:00,Delivery,Phone,Medium,AGT-320,Resolved,2.0
TKT-0001923,CUS-005197,2020-12-14 18:00:00,2020-12-19 13:00:00,Payment,Social,Low,AGT-243,Resolved,
TKT-0001924,CUS-006700,2020-09-10 06:00:00,2020-09-12 02:00:00,Delivery,Phone,High,AGT-107,Resolved,4.0
TKT-0001925,CUS-004947,2025-05-01 05:00:00,2025-05-06 03:00:00,Technical,Phone,Low,AGT-242,Resolved,5.0
TKT-0001926,CUS-001876,2020-04-16 20:00:00,2020-04-20 19:00:00,Delivery,Chat,Low,AGT-145,Resolved,3.0
TKT-0001927,CUS-011630,2025-04-11 22:00:00,2025-04-13 07:00:00,Delivery,Social,Medium,AGT-346,Closed,4.0
TKT-0001928,CUS-004868,2024-07-08 14:00:00,2024-07-10 12:00:00,Delivery,Email,Low,AGT-054,Resolved,
TKT-0001929,CUS-005315,2022-08-08 16:00:00,2022-08-09 02:00:00,Technical,Chat,Medium,AGT-207,Closed,4.0
TKT-0001930,CUS-005329,2021-04-21 15:00:00,2021-04-22 11:00:00,Product Quality,Chat,Critical,AGT-209,Resolved,4.0
TKT-0001931,CUS-010338,2021-05-26 22:00:00,2021-05-28 09:00:00,Returns,Chat,Low,AGT-042,Resolved,
TKT-0001932,CUS-010840,2022-01-05 21:00:00,,Payment,Chat,High,AGT-164,Open,
TKT-0001933,CUS-000734,2025-05-16 01:00:00,2025-05-16 21:00:00,Product Quality,Phone,Medium,AGT-011,Resolved,3.0
TKT-0001934,CUS-011715,2025-06-24 00:00:00,2025-06-27 11:00:00,Payment,Store,Medium,AGT-021,Closed,3.0
TKT-0001935,CUS-006998,2021-07-12 05:00:00,2021-07-13 11:00:00,Delivery,Store,High,AGT-093,Resolved,
TKT-0001936,CUS-003491,2024-08-25 19:00:00,2024-08-26 17:00:00,Delivery,Phone,Medium,AGT-187,Resolved,4.0
TKT-0001937,CUS-009065,2024-04-29 12:00:00,2024-05-02 06:00:00,Promotion,Phone,Low,AGT-052,Resolved,
TKT-0001938,CUS-011470,2025-10-25 03:00:00,2025-10-29 15:00:00,Account,Email,Low,AGT-249,Resolved,3.0
TKT-0001939,CUS-008232,2026-03-26 16:00:00,2026-03-27 01:00:00,Payment,Phone,High,AGT-166,Resolved,4.0
TKT-0001940,CUS-008904,2022-12-19 16:00:00,2022-12-23 22:00:00,Product Quality,Store,High,AGT-300,Resolved,
TKT-0001941,CUS-004968,2025-12-10 01:00:00,2025-12-12 01:00:00,Delivery,Store,Medium,AGT-333,Resolved,
TKT-0001942,CUS-009322,2025-08-06 04:00:00,2025-08-07 12:00:00,Delivery,Email,Low,AGT-013,Resolved,5.0
TKT-0001943,CUS-003263,2020-01-28 18:00:00,2020-01-29 23:00:00,Promotion,Phone,Low,AGT-346,Resolved,
TKT-0001944,CUS-001810,2021-07-04 11:00:00,2021-07-06 13:00:00,Account,Phone,Medium,AGT-065,Resolved,3.0
TKT-0001945,CUS-010499,2022-06-28 22:00:00,2022-06-29 20:00:00,Technical,Social,Medium,AGT-168,Resolved,1.0
TKT-0001946,CUS-006994,2026-08-13 02:00:00,2026-08-16 15:00:00,Payment,Chat,Medium,AGT-225,Resolved,3.0
TKT-0001947,CUS-008972,2024-08-15 13:00:00,2024-08-19 04:00:00,Delivery,Social,Medium,AGT-294,Resolved,
TKT-0001948,CUS-004971,2023-05-05 03:00:00,2023-05-09 12:00:00,Promotion,Store,High,AGT-290,Resolved,
TKT-0001949,CUS-011080,2025-01-09 20:00:00,2025-01-11 10:00:00,Delivery,Phone,Medium,AGT-264,Resolved,4.0
TKT-0001950,CUS-001128,2020-08-15 05:00:00,2020-08-15 23:00:00,Returns,Store,Medium,AGT-143,Resolved,5.0
TKT-0001951,CUS-002430,2022-07-08 11:00:00,2022-07-09 16:00:00,Delivery,Phone,Medium,AGT-188,Resolved,4.0
TKT-0001952,CUS-008199,2022-01-20 08:00:00,2022-01-20 13:00:00,Delivery,Store,Low,AGT-031,Resolved,
TKT-0001953,CUS-010195,2026-07-22 09:00:00,2026-07-24 13:00:00,Delivery,Phone,Medium,AGT-336,Resolved,
TKT-0001954,CUS-002659,2020-06-30 22:00:00,2020-07-05 06:00:00,Product Quality,Email,Medium,AGT-284,Resolved,4.0
TKT-0001955,CUS-010866,2024-12-12 05:00:00,2024-12-15 00:00:00,Delivery,Email,Medium,AGT-110,Resolved,4.0
TKT-0001956,CUS-004926,2020-06-29 04:00:00,2020-07-02 09:00:00,Product Quality,Store,Medium,AGT-263,Resolved,1.0
TKT-0001957,CUS-006048,2024-06-08 00:00:00,2024-06-08 06:00:00,Technical,Store,Low,AGT-242,Resolved,2.0
TKT-0001958,CUS-009766,2020-10-08 18:00:00,2020-10-13 14:00:00,Delivery,Store,Low,AGT-182,Resolved,2.0
TKT-0001959,CUS-004454,2024-07-31 21:00:00,2024-08-01 12:00:00,Delivery,Store,High,AGT-333,Resolved,4.0
TKT-0001960,CUS-009670,2021-10-08 13:00:00,2021-10-08 21:00:00,Returns,Email,Critical,AGT-299,Resolved,
TKT-0001961,CUS-006261,2026-07-03 07:00:00,2026-07-07 05:00:00,Product Quality,Store,Medium,AGT-173,Resolved,3.0
TKT-0001962,CUS-005137,2021-07-25 05:00:00,,Returns,Email,Medium,AGT-311,Open,
TKT-0001963,CUS-009480,2021-12-24 16:00:00,2021-12-26 13:00:00,Returns,Social,Low,AGT-302,Resolved,
TKT-0001964,CUS-007615,2021-02-19 12:00:00,2021-02-23 08:00:00,Delivery,Email,Low,AGT-291,Resolved,3.0
TKT-0001965,CUS-011053,2022-07-14 19:00:00,2022-07-19 11:00:00,Promotion,Store,Medium,AGT-180,Closed,4.0
TKT-0001966,CUS-004364,2026-03-06 08:00:00,2026-03-09 20:00:00,Returns,Social,Medium,AGT-129,Resolved,
TKT-0001967,CUS-008935,2024-08-11 20:00:00,2024-08-14 18:00:00,Account,Store,Medium,AGT-237,Resolved,
TKT-0001968,CUS-003345,2026-05-12 12:00:00,2026-05-13 14:00:00,Promotion,Social,Low,AGT-047,Resolved,4.0
TKT-0001969,CUS-011559,2024-08-02 17:00:00,2024-08-06 12:00:00,Payment,Chat,Low,AGT-342,Resolved,
TKT-0001970,CUS-005709,2021-09-15 10:00:00,2021-09-16 13:00:00,Delivery,Email,Medium,AGT-321,Closed,
TKT-0001971,CUS-008427,2026-05-18 04:00:00,,Promotion,Phone,Low,AGT-133,Open,
TKT-0001972,CUS-010357,2023-11-30 11:00:00,2023-12-01 16:00:00,Delivery,Phone,Medium,AGT-255,Resolved,
TKT-0001973,CUS-007440,2021-05-20 10:00:00,2021-05-21 20:00:00,Account,Social,High,AGT-292,Resolved,5.0
TKT-0001974,CUS-006068,2025-09-25 07:00:00,2025-09-28 20:00:00,Delivery,Phone,Low,AGT-126,Resolved,5.0
TKT-0001975,CUS-011772,2025-09-11 14:00:00,2025-09-12 08:00:00,Delivery,Chat,High,AGT-208,Resolved,
TKT-0001976,CUS-000044,2021-08-08 10:00:00,2021-08-09 15:00:00,Account,Social,Medium,AGT-235,Resolved,4.0
TKT-0001977,CUS-003251,2024-11-11 01:00:00,2024-11-11 03:00:00,Returns,Email,Medium,AGT-001,Closed,
TKT-0001978,CUS-009017,2024-01-30 11:00:00,2024-01-31 16:00:00,Payment,Phone,High,AGT-285,Resolved,4.0
TKT-0001979,CUS-004412,2022-01-29 10:00:00,2022-02-03 06:00:00,Promotion,Store,High,AGT-302,Resolved,
TKT-0001980,CUS-004872,2024-09-28 13:00:00,2024-10-01 22:00:00,Returns,Email,High,AGT-065,Resolved,
TKT-0001981,CUS-010563,2020-05-04 13:00:00,2020-05-05 15:00:00,Account,Phone,Low,AGT-310,Resolved,2.0
TKT-0001982,CUS-000383,2020-11-30 07:00:00,2020-12-03 04:00:00,Payment,Phone,High,AGT-242,Resolved,
TKT-0001983,CUS-006643,2025-03-03 06:00:00,2025-03-05 17:00:00,Account,Chat,Low,AGT-313,Closed,
TKT-0001984,CUS-000985,2021-06-26 22:00:00,2021-06-27 13:00:00,Product Quality,Phone,Medium,AGT-034,Closed,4.0
TKT-0001985,CUS-009289,2022-07-13 17:00:00,2022-07-16 17:00:00,Delivery,Store,Low,AGT-046,Resolved,
TKT-0001986,CUS-008842,2022-09-11 10:00:00,2022-09-15 22:00:00,Delivery,Chat,Critical,AGT-024,Closed,
TKT-0001987,CUS-011782,2022-06-02 09:00:00,2022-06-06 07:00:00,Product Quality,Social,Low,AGT-316,Resolved,3.0
TKT-0001988,CUS-003299,2020-12-13 20:00:00,2020-12-15 02:00:00,Delivery,Email,Low,AGT-225,Resolved,
TKT-0001989,CUS-008743,2026-03-16 12:00:00,2026-03-16 17:00:00,Returns,Social,High,AGT-078,Resolved,
TKT-0001990,CUS-002655,2021-01-16 01:00:00,2021-01-17 12:00:00,Account,Phone,Medium,AGT-133,Resolved,
TKT-0001991,CUS-010545,2025-09-12 20:00:00,2025-09-14 01:00:00,promotion,Chat,Medium,AGT-309,Resolved,
TKT-0001992,CUS-009744,2020-06-28 21:00:00,2020-07-03 20:00:00,Returns,Social,Low,AGT-310,Closed,
TKT-0001993,CUS-007397,2023-07-25 04:00:00,2023-07-29 11:00:00,Promotion,Chat,High,AGT-288,Resolved,5.0
TKT-0001994,CUS-000792,2023-01-17 10:00:00,2023-01-19 15:00:00,Returns,Chat,Medium,AGT-044,Resolved,4.0
TKT-0001995,CUS-010534,2025-06-12 22:00:00,2025-06-17 17:00:00,Account,Email,Low,AGT-304,Resolved,4.0
TKT-0001996,CUS-005581,2024-12-26 21:00:00,2024-12-28 08:00:00,Technical,Store,Low,AGT-095,Resolved,3.0
TKT-0001997,CUS-001979,2022-05-29 04:00:00,2022-06-02 11:00:00,Account,Social,Medium,AGT-251,Resolved,
TKT-0001998,CUS-010695,2021-10-29 05:00:00,2021-11-03 03:00:00,Returns,Social,Medium,AGT-010,Resolved,5.0
TKT-0001999,CUS-009038,2026-06-21 17:00:00,2026-06-24 05:00:00,Delivery,Social,Medium,AGT-032,Resolved,
TKT-0002000,CUS-002883,2022-05-07 00:00:00,2022-05-07 05:00:00,Returns,Phone,High,AGT-298,Resolved,5.0
TKT-0002001,CUS-004263,2024-10-12 10:00:00,2024-10-14 20:00:00,Product Quality,Chat,Medium,AGT-250,Resolved,5.0
TKT-0002002,CUS-009610,2021-12-23 04:00:00,2021-12-24 01:00:00,Returns,Store,Medium,AGT-162,Resolved,1.0
TKT-0002003,CUS-006953,2024-09-10 00:00:00,2024-09-10 13:00:00,Account,Store,Medium,AGT-189,Resolved,
TKT-0002004,CUS-009503,2022-10-17 11:00:00,2022-10-20 02:00:00,Product Quality,Store,Medium,AGT-172,Resolved,3.0
TKT-0002005,CUS-010498,2020-09-05 09:00:00,,Delivery,Phone,Medium,AGT-022,Open,
TKT-0002006,CUS-003828,2024-11-23 12:00:00,2024-11-24 05:00:00,Account,Chat,High,AGT-299,Resolved,
TKT-0002007,CUS-002919,2023-09-29 00:00:00,2023-09-30 19:00:00,Promotion,Social,Medium,AGT-158,Closed,5.0
TKT-0002008,CUS-008740,2025-04-29 06:00:00,2025-05-01 11:00:00,Technical,Chat,Medium,AGT-005,Resolved,
TKT-0002009,CUS-005101,2026-01-17 03:00:00,2026-01-17 07:00:00,Delivery,Phone,Medium,AGT-060,Resolved,5.0
TKT-0002010,CUS-001453,2022-04-24 07:00:00,,Product Quality,Phone,Low,AGT-134,Open,
TKT-0002011,CUS-002302,2020-06-15 15:00:00,2020-06-20 04:00:00,Delivery,Chat,Medium,AGT-173,Closed,
TKT-0002012,CUS-004781,2024-11-09 07:00:00,2024-11-09 18:00:00,Delivery,Chat,Medium,AGT-186,Resolved,5.0
TKT-0002013,CUS-004621,2023-11-13 08:00:00,,Product Quality,Phone,Medium,AGT-279,Open,
TKT-0002014,CUS-008470,2021-09-09 06:00:00,2021-09-09 09:00:00,Account,Social,Low,AGT-073,Resolved,
TKT-0002015,CUS-003049,2020-05-21 02:00:00,2020-05-24 16:00:00,Delivery,Store,Low,AGT-091,Resolved,4.0
TKT-0002016,CUS-009058,2023-06-09 16:00:00,2023-06-12 20:00:00,Delivery,Email,Low,AGT-335,Resolved,4.0
TKT-0002017,CUS-010017,2024-06-02 13:00:00,2024-06-07 07:00:00,Returns,Chat,Medium,AGT-105,Resolved,5.0
TKT-0002018,CUS-006636,2023-10-16 04:00:00,2023-10-17 01:00:00,Returns,Chat,Low,AGT-210,Resolved,4.0
TKT-0002019,CUS-009731,2020-09-11 11:00:00,2020-09-14 14:00:00,product quality,Social,Low,AGT-207,Resolved,
TKT-0002020,CUS-001693,2020-12-09 17:00:00,2020-12-12 14:00:00,Delivery,Social,Low,AGT-109,Resolved,
TKT-0002021,CUS-009540,2025-07-28 06:00:00,2025-07-30 21:00:00,Delivery,Store,Medium,AGT-001,Resolved,4.0
TKT-0002022,CUS-009144,2022-12-20 10:00:00,2022-12-22 05:00:00,Returns,Social,Medium,AGT-127,Closed,4.0
TKT-0002023,CUS-003210,2023-02-17 22:00:00,2023-02-21 20:00:00,Returns,Email,High,AGT-081,Resolved,5.0
TKT-0002024,CUS-010689,2026-01-25 22:00:00,2026-01-27 02:00:00,Delivery,Chat,Medium,AGT-026,Closed,
TKT-0002025,CUS-006316,2021-12-05 01:00:00,,Returns,Chat,Medium,AGT-118,Open,
TKT-0002026,CUS-005558,2022-10-17 09:00:00,2022-10-19 02:00:00,Delivery,Store,Medium,AGT-285,Closed,4.0
TKT-0002027,CUS-010010,2021-03-29 10:00:00,2021-03-31 23:00:00,Product Quality,Chat,High,AGT-064,Closed,2.0
TKT-0002028,CUS-010037,2020-01-26 22:00:00,,Returns,Social,High,AGT-175,Open,
TKT-0002029,CUS-003372,2021-10-15 09:00:00,2021-10-19 09:00:00,Delivery,Phone,Medium,AGT-249,Resolved,4.0
TKT-0002030,CUS-011555,2023-01-23 19:00:00,2023-01-24 14:00:00,Product Quality,Phone,Low,AGT-134,Resolved,1.0
TKT-0002031,CUS-009231,2024-03-22 22:00:00,2024-03-27 12:00:00,Product Quality,Phone,High,AGT-286,Closed,
TKT-0002032,CUS-002980,2023-05-19 10:00:00,2023-05-21 02:00:00,Payment,Email,Low,AGT-253,Resolved,5.0
TKT-0002033,CUS-000792,2025-01-24 09:00:00,2025-01-25 10:00:00,Payment,Social,Medium,AGT-009,Closed,3.0
TKT-0002034,CUS-011105,2021-11-26 23:00:00,2021-11-30 16:00:00,Returns,Social,Medium,AGT-129,Resolved,4.0
TKT-0002035,CUS-006330,2020-01-30 14:00:00,2020-01-31 14:00:00,Delivery,Store,Medium,AGT-312,Resolved,4.0
TKT-0002036,CUS-000128,2020-02-20 22:00:00,2020-02-21 08:00:00,Delivery,Social,Medium,AGT-225,Resolved,1.0
TKT-0002037,CUS-005710,2022-02-11 06:00:00,2022-02-13 03:00:00,Account,Chat,High,AGT-254,Resolved,
TKT-0002038,CUS-006283,2022-05-01 17:00:00,2022-05-03 14:00:00,Technical,Chat,Medium,AGT-039,Resolved,4.0
TKT-0002039,CUS-000985,2021-11-16 04:00:00,2021-11-20 21:00:00,Account,Social,Medium,AGT-160,Resolved,1.0
TKT-0002040,CUS-004724,2022-08-19 13:00:00,,Returns,Chat,Medium,AGT-333,Open,
TKT-0002041,CUS-001504,2026-06-11 10:00:00,2026-06-12 03:00:00,Account,Chat,Low,AGT-265,Resolved,1.0
TKT-0002042,CUS-004972,2023-05-05 19:00:00,2023-05-08 06:00:00,Returns,Chat,High,AGT-031,Resolved,5.0
TKT-0002043,CUS-007765,2022-04-27 12:00:00,,Returns,Phone,Low,AGT-197,Open,
TKT-0002044,CUS-000319,2023-05-16 19:00:00,,Account,Store,Medium,AGT-285,Open,
TKT-0002045,CUS-010461,2026-05-07 20:00:00,2026-05-12 05:00:00,Delivery,Store,Low,AGT-028,Closed,
TKT-0002046,CUS-003566,2026-02-12 02:00:00,2026-02-16 11:00:00,Delivery,Phone,Medium,AGT-202,Resolved,3.0
TKT-0002047,CUS-007776,2026-02-18 05:00:00,,Account,Email,Low,AGT-210,Open,
TKT-0002048,CUS-003714,2026-04-06 03:00:00,2026-04-09 10:00:00,Account,Social,Medium,AGT-308,Resolved,
TKT-0002049,CUS-000025,2020-05-13 17:00:00,2020-05-14 13:00:00,Payment,Email,Low,AGT-114,Resolved,5.0
TKT-0002050,CUS-001015,2021-09-24 21:00:00,2021-09-26 17:00:00,Account,Store,Low,AGT-032,Resolved,4.0
TKT-0002051,CUS-003509,2025-08-05 17:00:00,,Product Quality,Chat,Low,AGT-097,Open,
TKT-0002052,CUS-011867,2022-03-29 21:00:00,2022-04-02 14:00:00,Delivery,Email,Medium,AGT-156,Resolved,
TKT-0002053,CUS-006426,2020-03-24 21:00:00,2020-03-26 12:00:00,Delivery,Email,Medium,AGT-300,Resolved,5.0
TKT-0002054,CUS-002645,2022-10-10 07:00:00,2022-10-13 15:00:00,Returns,Phone,Low,AGT-257,Resolved,5.0
TKT-0002055,CUS-010273,2022-12-03 07:00:00,2022-12-05 19:00:00,Returns,Email,Medium,AGT-052,Resolved,4.0
TKT-0002056,CUS-004714,2026-08-09 19:00:00,2026-08-11 05:00:00,Product Quality,Store,Low,AGT-253,Resolved,
TKT-0002057,CUS-009900,2022-12-10 18:00:00,2022-12-14 16:00:00,Payment,Phone,Medium,AGT-169,Closed,
TKT-0002058,CUS-006600,2022-01-18 17:00:00,2022-01-23 07:00:00,Delivery,Store,Medium,AGT-079,Resolved,3.0
TKT-0002059,CUS-010026,2022-07-31 22:00:00,2022-08-04 19:00:00,Delivery,Chat,Low,AGT-248,Closed,5.0
TKT-0002060,CUS-005281,2022-04-17 04:00:00,2022-04-21 23:00:00,Promotion,Phone,Low,AGT-228,Closed,2.0
TKT-0002061,CUS-002562,2024-04-21 14:00:00,2024-04-23 09:00:00,Returns,Store,Low,AGT-238,Closed,5.0
TKT-0002062,CUS-008573,2020-11-03 04:00:00,2020-11-04 21:00:00,Technical,Store,High,AGT-270,Resolved,4.0
TKT-0002063,CUS-000200,2022-04-29 04:00:00,2022-05-01 03:00:00,Delivery,Chat,Low,AGT-167,Closed,
TKT-0002064,CUS-004289,2023-05-25 10:00:00,2023-05-29 19:00:00,Technical,Phone,High,AGT-305,Resolved,4.0
TKT-0002065,CUS-005650,2020-02-20 08:00:00,2020-02-21 12:00:00,Technical,Chat,Low,AGT-185,Resolved,
TKT-0002066,CUS-000606,2022-11-30 05:00:00,2022-11-30 18:00:00,Technical,Phone,High,AGT-341,Resolved,5.0
TKT-0002067,CUS-009240,2021-11-09 04:00:00,,Product Quality,Social,Medium,AGT-342,Open,
TKT-0002068,CUS-010439,2025-08-13 07:00:00,,Payment,Phone,Medium,AGT-291,Open,
TKT-0002069,CUS-005364,2025-06-17 09:00:00,,Product Quality,Store,Low,AGT-310,Open,
TKT-0002070,CUS-003583,2023-02-23 03:00:00,2023-02-26 15:00:00,Delivery,Phone,Low,AGT-194,Resolved,
TKT-0002071,CUS-007547,2025-12-27 18:00:00,2025-12-29 08:00:00,Payment,Chat,Medium,AGT-097,Resolved,5.0
TKT-0002072,CUS-000114,2021-11-14 13:00:00,2021-11-15 17:00:00,Account,Store,Medium,AGT-062,Resolved,3.0
TKT-0002073,CUS-001403,2022-07-23 15:00:00,2022-07-26 04:00:00,Delivery,Chat,High,AGT-245,Closed,
TKT-0002074,CUS-001588,2023-04-17 06:00:00,2023-04-19 11:00:00,Delivery,Email,Low,AGT-197,Resolved,
TKT-0002075,CUS-004444,2026-03-01 10:00:00,2026-03-02 20:00:00,Promotion,Social,Medium,AGT-268,Resolved,5.0
TKT-0002076,CUS-008417,2023-08-12 07:00:00,2023-08-17 00:00:00,Delivery,Email,Critical,AGT-156,Resolved,5.0
TKT-0002077,CUS-005936,2020-08-09 01:00:00,2020-08-12 00:00:00,Promotion,Phone,High,AGT-146,Resolved,2.0
TKT-0002078,CUS-009060,2020-11-21 20:00:00,2020-11-22 06:00:00,Delivery,Phone,High,AGT-211,Resolved,
TKT-0002079,CUS-011284,2025-12-17 14:00:00,2025-12-18 15:00:00,Delivery,Email,Critical,AGT-269,Resolved,3.0
TKT-0002080,CUS-009468,2021-02-23 07:00:00,2021-02-27 15:00:00,Product Quality,Social,Medium,AGT-228,Closed,4.0
TKT-0002081,CUS-005224,2021-12-10 05:00:00,2021-12-12 17:00:00,Returns,Chat,High,AGT-082,Resolved,
TKT-0002082,CUS-004719,2024-12-02 17:00:00,2024-12-03 23:00:00,Product Quality,Phone,Medium,AGT-135,Resolved,4.0
TKT-0002083,CUS-008503,2025-09-11 16:00:00,2025-09-13 21:00:00,Delivery,Phone,High,AGT-191,Resolved,1.0
TKT-0002084,CUS-002222,2020-01-29 12:00:00,2020-02-01 15:00:00,Delivery,Store,High,AGT-341,Closed,
TKT-0002085,CUS-002080,2023-08-01 10:00:00,,Payment,Email,Medium,AGT-313,Open,
TKT-0002086,CUS-000418,2023-07-28 01:00:00,2023-07-28 19:00:00,Product Quality,Store,Medium,AGT-102,Resolved,3.0
TKT-0002087,CUS-002763,2021-11-05 07:00:00,2021-11-09 14:00:00,Payment,Email,Medium,AGT-011,Resolved,
TKT-0002088,CUS-007674,2024-01-04 11:00:00,2024-01-05 18:00:00,Returns,Phone,High,AGT-272,Resolved,5.0
TKT-0002089,CUS-010798,2024-02-25 09:00:00,2024-02-29 03:00:00,Delivery,Email,Medium,AGT-051,Resolved,
TKT-0002090,CUS-001746,2023-01-09 17:00:00,2023-01-14 13:00:00,Returns,Email,Low,AGT-280,Resolved,
TKT-0002091,CUS-002892,2022-02-24 07:00:00,2022-02-24 18:00:00,Product Quality,Email,High,AGT-209,Closed,4.0
TKT-0002092,CUS-002910,2024-01-18 08:00:00,2024-01-20 01:00:00,Payment,Chat,Low,AGT-090,Closed,
TKT-0002093,CUS-009949,2024-08-10 16:00:00,2024-08-12 22:00:00,Account,Store,Low,AGT-163,Resolved,
TKT-0002094,CUS-004414,2022-03-20 18:00:00,2022-03-22 15:00:00,Delivery,Chat,Medium,AGT-147,Resolved,5.0
TKT-0002095,CUS-007203,2020-05-25 01:00:00,2020-05-25 05:00:00,Returns,Store,Medium,AGT-329,Resolved,
TKT-0002096,CUS-010954,2022-08-31 13:00:00,,Delivery,Social,Critical,AGT-243,Open,
TKT-0002097,CUS-009408,2020-10-18 15:00:00,2020-10-22 04:00:00,Account,Store,Medium,AGT-026,Closed,4.0
TKT-0002098,CUS-006682,2024-06-06 12:00:00,2024-06-10 09:00:00,Delivery,Phone,Low,AGT-349,Resolved,5.0
TKT-0002099,CUS-001162,2020-09-08 23:00:00,2020-09-11 09:00:00,Delivery,Email,Critical,AGT-194,Closed,
TKT-0002100,CUS-004487,2023-10-15 08:00:00,2023-10-16 11:00:00,Delivery,Store,Low,AGT-189,Resolved,
TKT-0002101,CUS-007673,2022-07-25 15:00:00,2022-07-29 23:00:00,Payment,Chat,Low,AGT-192,Resolved,
TKT-0002102,CUS-000984,2020-02-22 02:00:00,2020-02-22 08:00:00,Returns,Chat,Medium,AGT-021,Resolved,
TKT-0002103,CUS-007310,2023-10-16 05:00:00,,Product Quality,Chat,High,AGT-314,Open,
TKT-0002104,CUS-004175,2020-09-18 20:00:00,2020-09-21 18:00:00,Payment,Social,Low,AGT-324,Resolved,5.0
TKT-0002105,CUS-009088,2020-04-24 08:00:00,2020-04-28 12:00:00,Product Quality,Phone,Medium,AGT-300,Resolved,
TKT-0002106,CUS-000929,2026-05-20 04:00:00,2026-05-24 06:00:00,Returns,Chat,Low,AGT-349,Closed,3.0
TKT-0002107,CUS-008431,2024-07-10 16:00:00,2024-07-14 10:00:00,Delivery,Store,Medium,AGT-206,Closed,
TKT-0002108,CUS-007540,2022-05-25 07:00:00,2022-05-28 23:00:00,Delivery,Chat,Medium,AGT-257,Closed,
TKT-0002109,CUS-000187,2024-07-15 17:00:00,2024-07-16 19:00:00,Account,Store,Medium,AGT-126,Resolved,
TKT-0002110,CUS-000092,2020-09-02 01:00:00,,Account,Social,High,AGT-275,Open,
TKT-0002111,CUS-008974,2020-03-10 04:00:00,2020-03-10 11:00:00,Product Quality,Phone,Low,AGT-299,Resolved,
TKT-0002112,CUS-011938,2026-01-12 06:00:00,2026-01-13 11:00:00,Returns,Email,Medium,AGT-203,Resolved,5.0
TKT-0002113,CUS-009154,2021-06-12 09:00:00,2021-06-12 21:00:00,Returns,Phone,Low,AGT-339,Closed,
TKT-0002114,CUS-006628,2020-04-29 07:00:00,,Delivery,Chat,High,AGT-186,Open,
TKT-0002115,CUS-004292,2026-03-23 20:00:00,2026-03-25 07:00:00,Product Quality,Phone,Medium,AGT-034,Resolved,
TKT-0002116,CUS-003764,2025-03-08 05:00:00,2025-03-12 23:00:00,Product Quality,Social,Low,AGT-319,Closed,5.0
TKT-0002117,CUS-003771,2023-08-28 17:00:00,2023-08-31 15:00:00,Delivery,Phone,Low,AGT-302,Resolved,5.0
TKT-0002118,CUS-011034,2022-07-19 12:00:00,2022-07-23 21:00:00,Product Quality,Chat,High,AGT-190,Resolved,
TKT-0002119,CUS-010321,2021-03-03 18:00:00,2021-03-03 21:00:00,Returns,Phone,Low,AGT-065,Closed,2.0
TKT-0002120,CUS-000258,2022-01-25 22:00:00,2022-01-27 17:00:00,Promotion,Social,Medium,AGT-143,Resolved,5.0
TKT-0002121,CUS-004533,2021-08-31 13:00:00,2021-09-01 17:00:00,Returns,Social,Medium,AGT-165,Resolved,4.0
TKT-0002122,CUS-005933,2020-10-23 08:00:00,2020-10-24 21:00:00,Product Quality,Chat,Medium,AGT-288,Resolved,4.0
TKT-0002123,CUS-002823,2021-09-10 20:00:00,2021-09-14 02:00:00,Returns,Store,Low,AGT-065,Resolved,5.0
TKT-0002124,CUS-007484,2020-12-29 02:00:00,2021-01-01 18:00:00,Payment,Store,Medium,AGT-187,Resolved,4.0
TKT-0002125,CUS-009882,2020-10-27 03:00:00,2020-10-27 18:00:00,Payment,Phone,Low,AGT-349,Resolved,
TKT-0002126,CUS-006028,2021-03-23 17:00:00,2021-03-24 02:00:00,Product Quality,Chat,Low,AGT-269,Resolved,2.0
TKT-0002127,CUS-004617,2026-05-07 11:00:00,2026-05-12 02:00:00,Account,Chat,High,AGT-080,Resolved,3.0
TKT-0002128,CUS-007248,2022-11-20 12:00:00,2022-11-24 01:00:00,Product Quality,Social,Low,AGT-253,Resolved,
TKT-0002129,CUS-009717,2025-05-26 08:00:00,2025-05-30 10:00:00,Returns,Email,Medium,AGT-341,Resolved,1.0
TKT-0002130,CUS-003567,2024-04-20 21:00:00,2024-04-22 06:00:00,Delivery,Store,Medium,AGT-007,Resolved,5.0
TKT-0002131,CUS-008805,2020-10-30 11:00:00,2020-11-04 00:00:00,Technical,Phone,High,AGT-202,Closed,5.0
TKT-0002132,CUS-006973,2021-09-20 15:00:00,2021-09-21 19:00:00,Delivery,Social,Low,AGT-297,Resolved,
TKT-0002133,CUS-007021,2022-07-24 13:00:00,2022-07-28 06:00:00,Returns,Phone,Medium,AGT-114,Closed,2.0
TKT-0002134,CUS-006463,2025-02-06 23:00:00,2025-02-07 18:00:00,Product Quality,Email,Medium,AGT-169,Resolved,3.0
TKT-0002135,CUS-007351,2023-11-04 12:00:00,2023-11-05 09:00:00,Promotion,Social,Low,AGT-315,Resolved,
TKT-0002136,CUS-006877,2023-11-02 20:00:00,2023-11-05 11:00:00,Payment,Social,Medium,AGT-271,Resolved,4.0
TKT-0002137,CUS-008671,2025-12-10 16:00:00,2025-12-13 05:00:00,Account,Store,Low,AGT-307,Resolved,
TKT-0002138,CUS-000325,2021-09-16 21:00:00,2021-09-19 16:00:00,Payment,Phone,Medium,AGT-270,Resolved,4.0
TKT-0002139,CUS-004175,2024-07-19 03:00:00,2024-07-22 02:00:00,Product Quality,Social,Low,AGT-349,Resolved,3.0
TKT-0002140,CUS-001192,2022-10-12 09:00:00,2022-10-12 23:00:00,Product Quality,Email,Low,AGT-259,Resolved,5.0
TKT-0002141,CUS-004217,2023-07-16 11:00:00,2023-07-19 16:00:00,Technical,Store,Low,AGT-336,Closed,3.0
TKT-0002142,CUS-000353,2023-11-22 12:00:00,2023-11-27 06:00:00,Delivery,Store,Low,AGT-341,Resolved,2.0
TKT-0002143,CUS-004131,2020-11-16 12:00:00,2020-11-18 15:00:00,Promotion,Chat,Critical,AGT-040,Resolved,
TKT-0002144,CUS-011678,2022-05-16 20:00:00,,Returns,Store,Medium,AGT-185,Open,
TKT-0002145,CUS-002431,2020-07-29 18:00:00,2020-08-01 19:00:00,Product Quality,Social,High,AGT-209,Resolved,
TKT-0002146,CUS-011415,2025-06-02 19:00:00,2025-06-06 19:00:00,Delivery,Chat,Low,AGT-220,Closed,1.0
TKT-0002147,CUS-003321,2020-01-07 22:00:00,2020-01-08 05:00:00,Product Quality,Chat,Low,AGT-018,Resolved,
TKT-0002148,CUS-008922,2023-03-06 07:00:00,2023-03-06 09:00:00,Account,Chat,Medium,AGT-192,Resolved,1.0
TKT-0002149,CUS-010101,2025-02-19 22:00:00,2025-02-21 13:00:00,Product Quality,Chat,Low,AGT-118,Resolved,4.0
TKT-0002150,CUS-006589,2025-09-19 21:00:00,2025-09-22 13:00:00,Product Quality,Store,Medium,AGT-210,Resolved,4.0
TKT-0002151,CUS-000056,2023-05-24 15:00:00,2023-05-25 00:00:00,Delivery,Store,Medium,AGT-171,Resolved,
TKT-0002152,CUS-002312,2020-09-23 17:00:00,2020-09-26 00:00:00,Returns,Email,High,AGT-108,Resolved,
TKT-0002153,CUS-006944,2025-09-25 11:00:00,2025-09-29 20:00:00,Delivery,Phone,Low,AGT-019,Resolved,4.0
TKT-0002154,CUS-004211,2023-06-26 10:00:00,2023-06-27 12:00:00,Payment,Chat,Medium,AGT-094,Resolved,5.0
TKT-0002155,CUS-009561,2021-12-24 01:00:00,2021-12-25 22:00:00,Returns,Chat,Medium,AGT-166,Resolved,
TKT-0002156,CUS-009928,2021-10-06 19:00:00,2021-10-09 11:00:00,Technical,Phone,Medium,AGT-161,Resolved,2.0
TKT-0002157,CUS-004689,2024-05-22 01:00:00,2024-05-23 03:00:00,Delivery,Phone,Low,AGT-244,Resolved,5.0
TKT-0002158,CUS-011297,2023-02-09 01:00:00,2023-02-13 20:00:00,Product Quality,Chat,Low,AGT-045,Resolved,4.0
TKT-0002159,CUS-000278,2026-01-24 13:00:00,2026-01-26 20:00:00,Promotion,Email,Medium,AGT-229,Resolved,
TKT-0002160,CUS-010492,2024-06-24 13:00:00,2024-06-29 01:00:00,Promotion,Social,Low,AGT-120,Closed,
TKT-0002161,CUS-003676,2020-08-17 06:00:00,2020-08-17 08:00:00,Promotion,Phone,Low,AGT-119,Closed,4.0
TKT-0002162,CUS-007113,2021-01-08 19:00:00,,Payment,Email,High,AGT-047,Open,
TKT-0002163,CUS-003491,2023-01-28 22:00:00,2023-02-01 05:00:00,Returns,Phone,Medium,AGT-220,Resolved,5.0
TKT-0002164,CUS-004937,2020-02-21 15:00:00,2020-02-22 23:00:00,Returns,Phone,Medium,AGT-334,Resolved,2.0
TKT-0002165,CUS-009847,2021-01-11 10:00:00,2021-01-13 10:00:00,Delivery,Social,Low,AGT-077,Resolved,3.0
TKT-0002166,CUS-011974,2023-05-22 20:00:00,2023-05-27 17:00:00,Technical,Social,High,AGT-285,Resolved,
TKT-0002167,CUS-000687,2021-03-05 22:00:00,2021-03-07 00:00:00,Returns,Email,High,AGT-279,Resolved,4.0
TKT-0002168,CUS-011588,2022-02-20 21:00:00,2022-02-24 20:00:00,Delivery,Phone,Medium,AGT-216,Closed,4.0
TKT-0002169,CUS-005144,2024-04-12 02:00:00,2024-04-16 04:00:00,Product Quality,Store,Low,AGT-063,Resolved,5.0
TKT-0002170,CUS-009286,2025-12-18 15:00:00,,Technical,Email,Low,AGT-167,Open,
TKT-0002171,CUS-010116,2020-07-13 17:00:00,2020-07-17 06:00:00,Promotion ,Phone,Low,AGT-331,Resolved,3.0
TKT-0002172,CUS-010887,2021-10-06 09:00:00,2021-10-08 10:00:00,Delivery,Social,Medium,AGT-296,Resolved,
TKT-0002173,CUS-004298,2024-01-15 21:00:00,2024-01-16 12:00:00,Account,Email,Low,AGT-123,Resolved,5.0
TKT-0002174,CUS-004984,2021-07-17 21:00:00,2021-07-20 04:00:00,Product Quality,Chat,High,AGT-038,Resolved,
TKT-0002175,CUS-004763,2023-08-19 20:00:00,,Returns,Phone,High,AGT-128,Open,
TKT-0002176,CUS-007290,2022-02-14 15:00:00,2022-02-18 08:00:00,Technical,Social,High,AGT-064,Resolved,5.0
TKT-0002177,CUS-006440,2021-12-14 17:00:00,2021-12-19 16:00:00,Returns,Email,Low,AGT-237,Resolved,5.0
TKT-0002178,CUS-000834,2026-03-19 14:00:00,2026-03-21 23:00:00,Delivery,Social,Low,AGT-295,Resolved,
TKT-0002179,CUS-005106,2026-01-24 23:00:00,2026-01-25 19:00:00,Delivery,Email,Low,AGT-090,Resolved,3.0
TKT-0002180,CUS-009060,2021-09-10 13:00:00,2021-09-11 11:00:00,Promotion,Phone,Medium,AGT-260,Resolved,3.0
TKT-0002181,CUS-004412,2024-04-03 08:00:00,2024-04-03 16:00:00,Promotion,Email,Low,AGT-314,Resolved,4.0
TKT-0002182,CUS-006939,2022-09-29 23:00:00,2022-10-03 18:00:00,Product Quality,Phone,Medium,AGT-083,Resolved,2.0
TKT-0002183,CUS-004165,2020-12-10 20:00:00,2020-12-13 18:00:00,Technical,Social,Low,AGT-314,Resolved,
TKT-0002184,CUS-003543,2023-09-12 13:00:00,2023-09-15 04:00:00,Account,Store,Medium,AGT-234,Resolved,
TKT-0002185,CUS-008687,2021-10-27 17:00:00,2021-10-30 19:00:00,Payment,Chat,High,AGT-036,Resolved,4.0
TKT-0002186,CUS-004112,2023-09-27 00:00:00,2023-10-01 16:00:00,Payment,Store,Low,AGT-196,Resolved,
TKT-0002187,CUS-009620,2023-02-16 15:00:00,2023-02-19 09:00:00,Payment,Social,Low,AGT-209,Resolved,
TKT-0002188,CUS-008674,2021-03-07 12:00:00,,Technical,Social,Low,AGT-016,Open,
TKT-0002189,CUS-007401,2025-01-30 19:00:00,2025-02-01 21:00:00,Returns,Store,High,AGT-277,Resolved,2.0
TKT-0002190,CUS-004299,2023-06-07 03:00:00,2023-06-10 15:00:00,Account,Store,Medium,AGT-144,Resolved,
TKT-0002191,CUS-009972,2023-11-20 16:00:00,2023-11-20 19:00:00,Delivery,Store,Low,AGT-107,Closed,
TKT-0002192,CUS-001919,2024-04-06 14:00:00,2024-04-08 16:00:00,Delivery,Phone,Medium,AGT-301,Resolved,
TKT-0002193,CUS-002334,2021-07-23 19:00:00,,Promotion,Social,High,AGT-198,Open,
TKT-0002194,CUS-002616,2026-01-22 12:00:00,2026-01-25 01:00:00,Account,Social,Medium,AGT-248,Resolved,4.0
TKT-0002195,CUS-011777,2022-09-15 20:00:00,2022-09-16 00:00:00,Returns,Chat,High,AGT-342,Closed,3.0
TKT-0002196,CUS-005151,2020-02-23 09:00:00,2020-02-26 19:00:00,Delivery,Chat,Medium,AGT-115,Resolved,
TKT-0002197,CUS-001364,2025-06-11 18:00:00,2025-06-12 07:00:00,Delivery,Chat,Low,AGT-031,Resolved,
TKT-0002198,CUS-004370,2020-08-31 23:00:00,2020-09-02 05:00:00,Promotion,Email,Medium,AGT-168,Closed,4.0
TKT-0002199,CUS-007829,2020-08-16 03:00:00,2020-08-19 03:00:00,Delivery,Email,Low,AGT-146,Resolved,
TKT-0002200,CUS-002579,2023-02-27 03:00:00,2023-03-01 14:00:00,Payment,Phone,Low,AGT-186,Resolved,4.0
TKT-0002201,CUS-010623,2026-01-13 09:00:00,2026-01-17 04:00:00,Promotion,Phone,Low,AGT-341,Resolved,
TKT-0002202,CUS-004027,2023-03-17 20:00:00,,Delivery,Chat,Medium,AGT-170,Open,
TKT-0002203,CUS-000301,2021-09-15 21:00:00,2021-09-19 20:00:00,Product Quality,Store,Low,AGT-272,Closed,5.0
TKT-0002204,CUS-010444,2025-09-14 17:00:00,,Product Quality,Chat,Low,AGT-330,Open,
TKT-0002205,CUS-005679,2021-02-19 21:00:00,2021-02-20 03:00:00,Promotion,Store,Medium,AGT-197,Resolved,
TKT-0002206,CUS-009194,2024-11-07 19:00:00,,Account,Chat,Medium,AGT-311,Open,
TKT-0002207,CUS-003968,2025-07-13 00:00:00,2025-07-15 16:00:00,Delivery,Store,Medium,AGT-297,Resolved,5.0
TKT-0002208,CUS-002389,2023-02-21 04:00:00,2023-02-21 22:00:00,Payment,Email,High,AGT-299,Resolved,
TKT-0002209,CUS-010814,2025-08-09 16:00:00,,Delivery,Phone,Low,AGT-278,Open,
TKT-0002210,CUS-010091,2025-03-03 14:00:00,2025-03-08 03:00:00,Returns,Social,High,AGT-010,Closed,
TKT-0002211,CUS-004949,2025-09-27 18:00:00,2025-09-27 22:00:00,Product Quality,Phone,Low,AGT-207,Resolved,
TKT-0002212,CUS-010236,2023-08-16 05:00:00,2023-08-16 10:00:00,Delivery,Email,Low,AGT-051,Resolved,5.0
TKT-0002213,CUS-009681,2020-01-05 13:00:00,2020-01-06 19:00:00,Returns,Chat,Low,AGT-308,Resolved,
TKT-0002214,CUS-007209,2026-03-22 02:00:00,2026-03-25 01:00:00,Returns,Chat,Medium,AGT-130,Resolved,
TKT-0002215,CUS-000586,2024-02-20 18:00:00,2024-02-25 05:00:00,Delivery,Store,Medium,AGT-052,Resolved,
TKT-0002216,CUS-009247,2021-02-05 17:00:00,2021-02-08 08:00:00,Returns,Social,Medium,AGT-342,Resolved,4.0
TKT-0002217,CUS-006291,2021-10-11 19:00:00,2021-10-15 03:00:00,Returns,Social,Medium,AGT-254,Resolved,5.0
TKT-0002218,CUS-005676,2021-12-25 13:00:00,2021-12-29 07:00:00,Account,Email,High,AGT-249,Resolved,4.0
TKT-0002219,CUS-002641,2022-03-16 06:00:00,2022-03-18 08:00:00,Payment,Social,Medium,AGT-024,Resolved,3.0
TKT-0002220,CUS-010919,2020-10-03 11:00:00,2020-10-08 07:00:00,Delivery,Social,Low,AGT-202,Resolved,
TKT-0002221,CUS-000561,2023-06-07 08:00:00,2023-06-09 05:00:00,Delivery,Chat,Low,AGT-065,Resolved,
TKT-0002222,CUS-009960,2024-09-24 04:00:00,2024-09-28 00:00:00,Delivery,Chat,Low,AGT-213,Resolved,
TKT-0002223,CUS-008528,2023-06-08 03:00:00,2023-06-11 13:00:00,Delivery,Chat,Medium,AGT-174,Resolved,3.0
TKT-0002224,CUS-006962,2021-02-21 01:00:00,2021-02-25 20:00:00,Technical,Phone,Low,AGT-018,Resolved,
TKT-0002225,CUS-008190,2022-04-10 00:00:00,2022-04-13 09:00:00,Delivery,Email,Low,AGT-128,Resolved,
TKT-0002226,CUS-011618,2026-01-05 14:00:00,2026-01-10 00:00:00,Account,Chat,Critical,AGT-081,Resolved,
TKT-0002227,CUS-002356,2026-04-06 17:00:00,2026-04-10 18:00:00,Technical,Store,Low,AGT-240,Resolved,4.0
TKT-0002228,CUS-008422,2023-05-07 15:00:00,2023-05-08 05:00:00,Account,Store,Low,AGT-187,Resolved,
TKT-0002229,CUS-009188,2024-02-29 06:00:00,2024-02-29 10:00:00,Promotion,Store,Low,AGT-220,Closed,4.0
TKT-0002230,CUS-004933,2020-07-11 16:00:00,2020-07-16 00:00:00,Delivery,Store,Low,AGT-146,Resolved,4.0
TKT-0002231,CUS-001496,2022-03-04 06:00:00,2022-03-04 08:00:00,Technical,Chat,Low,AGT-181,Resolved,3.0
TKT-0002232,CUS-008508,2022-02-19 04:00:00,2022-02-23 09:00:00,Returns,Store,Medium,AGT-288,Resolved,4.0
TKT-0002233,CUS-008567,2020-10-03 17:00:00,2020-10-08 00:00:00,Returns,Phone,Low,AGT-344,Resolved,
TKT-0002234,CUS-010681,2022-10-03 08:00:00,2022-10-08 06:00:00,Promotion,Email,High,AGT-015,Resolved,
TKT-0002235,CUS-005454,2021-03-17 06:00:00,2021-03-19 16:00:00,Account,Chat,Low,AGT-264,Resolved,4.0
TKT-0002236,CUS-005375,2020-08-12 07:00:00,,Delivery,Store,Medium,AGT-021,Open,
TKT-0002237,CUS-004162,2020-11-17 02:00:00,2020-11-18 13:00:00,Account,Store,Low,AGT-291,Resolved,5.0
TKT-0002238,CUS-000396,2026-06-11 15:00:00,2026-06-15 00:00:00,Account,Email,High,AGT-335,Resolved,1.0
TKT-0002239,CUS-006842,2026-07-16 11:00:00,,Technical,Store,Low,AGT-137,Open,
TKT-0002240,CUS-010363,2020-03-14 20:00:00,2020-03-14 23:00:00,Delivery,Social,Low,AGT-192,Resolved,3.0
TKT-0002241,CUS-003470,2024-09-27 07:00:00,2024-09-29 22:00:00,Account,Phone,Low,AGT-185,Resolved,
TKT-0002242,CUS-010619,2022-10-30 05:00:00,2022-11-01 05:00:00,Payment,Phone,Low,AGT-313,Resolved,3.0
TKT-0002243,CUS-006620,2023-12-23 18:00:00,2023-12-28 01:00:00,Delivery,Social,Low,AGT-156,Resolved,
TKT-0002244,CUS-002502,2024-07-27 11:00:00,2024-07-28 05:00:00,Returns,Email,Low,AGT-243,Resolved,
TKT-0002245,CUS-001465,2024-12-29 23:00:00,2025-01-01 12:00:00,Account,Chat,Low,AGT-021,Resolved,4.0
TKT-0002246,CUS-010193,2021-02-12 17:00:00,2021-02-15 21:00:00,Promotion,Email,Medium,AGT-189,Resolved,4.0
TKT-0002247,CUS-010977,2023-04-09 15:00:00,2023-04-11 01:00:00,Payment,Store,Low,AGT-303,Resolved,1.0
TKT-0002248,CUS-001911,2021-12-08 22:00:00,2021-12-09 15:00:00,Delivery,Social,Low,AGT-125,Resolved,5.0
TKT-0002249,CUS-008206,2025-12-16 20:00:00,,Delivery,Email,Medium,AGT-018,Open,
TKT-0002250,CUS-005985,2021-06-09 05:00:00,2021-06-12 17:00:00,Payment,Store,Low,AGT-338,Resolved,
TKT-0002251,CUS-003573,2022-04-20 21:00:00,2022-04-24 19:00:00,Delivery,Social,Low,AGT-040,Resolved,5.0
TKT-0002252,CUS-006363,2021-03-04 13:00:00,2021-03-04 20:00:00,Delivery,Store,Medium,AGT-209,Closed,
TKT-0002253,CUS-009233,2025-02-23 00:00:00,2025-02-25 02:00:00,Product Quality,Social,Low,AGT-172,Resolved,
TKT-0002254,CUS-000909,2022-06-12 11:00:00,2022-06-16 01:00:00,Promotion,Email,Medium,AGT-074,Resolved,
TKT-0002255,CUS-011520,2020-07-28 22:00:00,2020-07-31 13:00:00,Product Quality,Phone,Low,AGT-268,Resolved,
TKT-0002256,CUS-009833,2021-04-17 20:00:00,2021-04-21 02:00:00,Delivery,Email,Medium,AGT-239,Closed,4.0
TKT-0002257,CUS-007553,2021-10-05 15:00:00,2021-10-09 18:00:00,Product Quality,Chat,Low,AGT-013,Resolved,4.0
TKT-0002258,CUS-000295,2023-09-01 07:00:00,2023-09-05 21:00:00,Delivery,Phone,Medium,AGT-146,Resolved,
TKT-0002259,CUS-007058,2023-03-27 15:00:00,2023-03-28 08:00:00,Returns,Chat,Medium,AGT-329,Resolved,4.0
TKT-0002260,CUS-000038,2023-04-11 03:00:00,2023-04-14 04:00:00,Delivery,Email,Medium,AGT-127,Resolved,
TKT-0002261,CUS-003111,2022-05-26 18:00:00,2022-05-27 18:00:00,Delivery,Store,Medium,AGT-062,Resolved,4.0
TKT-0002262,CUS-008656,2025-09-07 05:00:00,2025-09-09 11:00:00,Technical,Social,Medium,AGT-245,Resolved,
TKT-0002263,CUS-009284,2024-06-22 00:00:00,2024-06-23 21:00:00,Account,Email,Low,AGT-269,Resolved,4.0
TKT-0002264,CUS-006667,2020-02-13 14:00:00,2020-02-15 20:00:00,Returns ,Store,Low,AGT-068,Resolved,
TKT-0002265,CUS-000938,2025-02-13 15:00:00,,Delivery,Phone,Medium,AGT-020,Open,
TKT-0002266,CUS-000937,2024-04-30 15:00:00,2024-04-30 23:00:00,Delivery,Phone,Medium,AGT-031,Resolved,
TKT-0002267,CUS-005381,2023-09-18 13:00:00,2023-09-19 00:00:00,Returns,Email,High,AGT-021,Resolved,5.0
TKT-0002268,CUS-001918,2024-06-06 17:00:00,2024-06-08 19:00:00,Technical,Social,High,AGT-214,Resolved,3.0
TKT-0002269,CUS-002176,2020-01-10 19:00:00,,Product Quality,Social,Medium,AGT-325,Open,
TKT-0002270,CUS-009751,2021-10-04 01:00:00,2021-10-05 23:00:00,Account,Store,Medium,AGT-154,Resolved,5.0
TKT-0002271,CUS-003057,2024-07-16 09:00:00,2024-07-20 01:00:00,Delivery,Phone,Low,AGT-281,Resolved,
TKT-0002272,CUS-006485,2024-12-09 10:00:00,2024-12-09 18:00:00,Returns,Email,High,AGT-017,Resolved,3.0
TKT-0002273,CUS-000222,2023-07-01 09:00:00,,Returns,Social,Medium,AGT-264,Open,
TKT-0002274,CUS-007820,2021-06-09 18:00:00,2021-06-14 11:00:00,Returns,Phone,Low,AGT-226,Resolved,5.0
TKT-0002275,CUS-004795,2022-11-07 11:00:00,2022-11-07 21:00:00,Payment,Store,Medium,AGT-013,Resolved,5.0
TKT-0002276,CUS-004642,2021-08-11 16:00:00,2021-08-15 09:00:00,Promotion,Store,Medium,AGT-009,Resolved,5.0
TKT-0002277,CUS-004649,2025-11-22 14:00:00,2025-11-26 23:00:00,Delivery,Store,Low,AGT-126,Closed,
TKT-0002278,CUS-011670,2020-09-16 07:00:00,2020-09-17 02:00:00,Product Quality,Chat,Low,AGT-215,Resolved,4.0
TKT-0002279,CUS-004757,2020-06-27 12:00:00,2020-06-30 17:00:00,Delivery,Email,High,AGT-074,Resolved,5.0
TKT-0002280,CUS-004816,2025-08-03 11:00:00,2025-08-03 13:00:00,Delivery,Store,Low,AGT-341,Closed,1.0
TKT-0002281,CUS-011913,2020-01-14 23:00:00,2020-01-17 20:00:00,Returns,Store,Low,AGT-152,Resolved,
TKT-0002282,CUS-004264,2024-04-17 01:00:00,2024-04-18 06:00:00,Returns,Phone,Low,AGT-030,Resolved,5.0
TKT-0002283,CUS-011307,2020-06-02 22:00:00,2020-06-04 16:00:00,Returns,Email,Low,AGT-059,Resolved,
TKT-0002284,CUS-002869,2020-02-08 22:00:00,2020-02-11 17:00:00,Product Quality,Social,Medium,AGT-092,Resolved,3.0
TKT-0002285,CUS-005015,2026-08-13 00:00:00,2026-08-16 19:00:00,Delivery,Social,Medium,AGT-205,Resolved,5.0
TKT-0002286,CUS-003922,2020-11-19 05:00:00,2020-11-22 09:00:00,Product Quality,Email,Medium,AGT-326,Closed,
TKT-0002287,CUS-010627,2025-12-04 07:00:00,2025-12-05 00:00:00,Returns,Store,Low,AGT-121,Resolved,4.0
TKT-0002288,CUS-003797,2022-09-10 17:00:00,2022-09-13 01:00:00,Returns,Chat,Medium,AGT-050,Resolved,4.0
TKT-0002289,CUS-008317,2020-09-10 14:00:00,2020-09-10 23:00:00,Returns,Email,Medium,AGT-173,Resolved,2.0
TKT-0002290,CUS-000842,2024-02-13 19:00:00,2024-02-17 03:00:00,Promotion,Social,Low,AGT-286,Resolved,5.0
TKT-0002291,CUS-006612,2025-10-16 20:00:00,2025-10-16 22:00:00,Payment,Chat,Medium,AGT-143,Resolved,
TKT-0002292,CUS-008835,2020-10-24 10:00:00,2020-10-27 08:00:00,Delivery,Email,Medium,AGT-287,Resolved,
TKT-0002293,CUS-006714,2024-06-27 13:00:00,2024-06-30 08:00:00,account,Social,Medium,AGT-308,Closed,2.0
TKT-0002294,CUS-009483,2026-01-01 17:00:00,2026-01-03 08:00:00,Returns,Phone,Medium,AGT-043,Resolved,
TKT-0002295,CUS-005978,2022-08-01 08:00:00,2022-08-05 17:00:00,Returns,Store,Medium,AGT-253,Resolved,
TKT-0002296,CUS-011937,2025-04-01 19:00:00,2025-04-04 23:00:00,Delivery,Email,Medium,AGT-191,Resolved,4.0
TKT-0002297,CUS-007335,2026-06-18 08:00:00,2026-06-19 08:00:00,Delivery,Email,Medium,AGT-303,Resolved,4.0
TKT-0002298,CUS-009705,2022-08-04 02:00:00,2022-08-05 06:00:00,Account,Social,Medium,AGT-041,Resolved,
TKT-0002299,CUS-011718,2020-06-24 14:00:00,2020-06-25 09:00:00,Technical,Phone,Low,AGT-221,Resolved,
TKT-0002300,CUS-000393,2026-01-29 01:00:00,2026-01-30 21:00:00,Product Quality,Store,Medium,AGT-024,Resolved,5.0
TKT-0002301,CUS-010966,2021-01-19 11:00:00,2021-01-23 20:00:00,Delivery,Chat,Low,AGT-267,Resolved,3.0
TKT-0002302,CUS-001739,2022-01-23 17:00:00,2022-01-24 21:00:00,Technical,Store,Low,AGT-214,Resolved,
TKT-0002303,CUS-007852,2026-08-21 08:00:00,2026-08-24 18:00:00,Delivery,Email,Low,AGT-274,Resolved,4.0
TKT-0002304,CUS-004042,2021-07-14 14:00:00,2021-07-19 00:00:00,Delivery,Store,Medium,AGT-254,Resolved,1.0
TKT-0002305,CUS-002302,2023-09-01 08:00:00,2023-09-02 17:00:00,Returns,Email,Low,AGT-146,Resolved,
TKT-0002306,CUS-008571,2023-05-11 16:00:00,2023-05-12 01:00:00,Product Quality,Store,Medium,AGT-184,Resolved,5.0
TKT-0002307,CUS-011470,2024-02-11 22:00:00,2024-02-12 07:00:00,Delivery,Chat,High,AGT-230,Resolved,4.0
TKT-0002308,CUS-009711,2024-07-18 07:00:00,2024-07-23 05:00:00,Delivery,Store,High,AGT-290,Resolved,3.0
TKT-0002309,CUS-000726,2026-05-14 14:00:00,2026-05-17 18:00:00,Delivery,Chat,High,AGT-135,Resolved,
TKT-0002310,CUS-001010,2021-12-25 18:00:00,2021-12-28 17:00:00,Delivery,Phone,High,AGT-045,Resolved,
TKT-0002311,CUS-006799,2023-04-15 12:00:00,2023-04-16 22:00:00,Delivery,Phone,High,AGT-155,Resolved,4.0
TKT-0002312,CUS-010329,2020-10-29 03:00:00,2020-11-01 16:00:00,Delivery,Chat,Low,AGT-300,Closed,
TKT-0002313,CUS-007590,2026-07-08 12:00:00,2026-07-12 11:00:00,Delivery,Phone,Low,AGT-219,Resolved,4.0
TKT-0002314,CUS-002056,2022-11-12 20:00:00,2022-11-16 23:00:00,Product Quality,Social,Medium,AGT-226,Closed,
TKT-0002315,CUS-002560,2026-07-11 04:00:00,2026-07-13 02:00:00,Returns,Social,Low,AGT-257,Resolved,5.0
TKT-0002316,CUS-007730,2026-04-02 05:00:00,2026-04-05 16:00:00,Returns,Store,Medium,AGT-150,Resolved,4.0
TKT-0002317,CUS-011254,2020-12-03 23:00:00,2020-12-05 03:00:00,Payment,Phone,Critical,AGT-275,Resolved,1.0
TKT-0002318,CUS-006637,2026-01-25 17:00:00,2026-01-26 14:00:00,Account,Social,Medium,AGT-337,Resolved,4.0
TKT-0002319,CUS-004220,2021-06-21 11:00:00,2021-06-24 21:00:00,Account,Phone,High,AGT-183,Resolved,5.0
TKT-0002320,CUS-002358,2024-01-31 17:00:00,2024-02-03 11:00:00,Product Quality,Social,Medium,AGT-071,Resolved,5.0
TKT-0002321,CUS-004155,2021-09-12 03:00:00,2021-09-15 01:00:00,Technical,Store,Medium,AGT-163,Resolved,
TKT-0002322,CUS-001352,2025-10-30 16:00:00,2025-11-02 02:00:00,Payment,Chat,Low,AGT-328,Resolved,
TKT-0002323,CUS-008337,2025-04-12 18:00:00,2025-04-16 21:00:00,Returns,Social,High,AGT-314,Closed,4.0
TKT-0002324,CUS-009845,2020-02-01 17:00:00,2020-02-04 14:00:00,Account,Phone,Low,AGT-030,Resolved,4.0
TKT-0002325,CUS-005684,2020-12-18 01:00:00,2020-12-21 13:00:00,Delivery,Email,Low,AGT-111,Closed,5.0
TKT-0002326,CUS-007542,2026-08-09 02:00:00,2026-08-11 14:00:00,Returns,Social,Medium,AGT-272,Resolved,4.0
TKT-0002327,CUS-007828,2023-11-30 08:00:00,2023-12-03 03:00:00,Payment,Phone,Medium,AGT-304,Resolved,4.0
TKT-0002328,CUS-006021,2023-02-06 10:00:00,2023-02-09 11:00:00,Payment,Chat,Low,AGT-141,Resolved,
TKT-0002329,CUS-010350,2026-04-04 00:00:00,2026-04-04 20:00:00,Returns,Phone,Medium,AGT-167,Resolved,
TKT-0002330,CUS-003454,2025-09-28 00:00:00,2025-10-01 17:00:00,Account,Social,Low,AGT-282,Resolved,3.0
TKT-0002331,CUS-011225,2021-04-03 16:00:00,2021-04-07 20:00:00,Product Quality,Social,Medium,AGT-259,Closed,5.0
TKT-0002332,CUS-005459,2025-03-05 08:00:00,2025-03-09 10:00:00,Technical,Chat,Low,AGT-302,Resolved,
TKT-0002333,CUS-004436,2023-09-01 21:00:00,,Technical,Store,Medium,AGT-166,Open,
TKT-0002334,CUS-000603,2020-10-09 23:00:00,2020-10-11 04:00:00,Delivery,Social,High,AGT-287,Resolved,
TKT-0002335,CUS-004244,2023-07-09 12:00:00,2023-07-10 23:00:00,Product Quality,Email,Medium,AGT-203,Resolved,4.0
TKT-0002336,CUS-003669,2024-03-12 08:00:00,2024-03-12 12:00:00,Delivery,Store,Medium,AGT-260,Resolved,4.0
TKT-0002337,CUS-010636,2024-12-27 21:00:00,,Account,Social,Low,AGT-227,Open,
TKT-0002338,CUS-007170,2020-02-27 12:00:00,2020-03-03 00:00:00,Account,Phone,Medium,AGT-191,Resolved,
TKT-0002339,CUS-007833,2021-11-11 02:00:00,2021-11-12 02:00:00,Promotion,Chat,Medium,AGT-035,Resolved,5.0
TKT-0002340,CUS-002142,2024-09-17 09:00:00,2024-09-21 11:00:00,Delivery,Store,Low,AGT-220,Resolved,5.0
TKT-0002341,CUS-000097,2024-02-26 11:00:00,,Delivery,Chat,Medium,AGT-341,Open,
TKT-0002342,CUS-009986,2026-02-22 07:00:00,2026-02-27 02:00:00,Account,Store,Low,AGT-070,Closed,
TKT-0002343,CUS-007833,2025-10-30 10:00:00,2025-11-01 23:00:00,Returns,Social,Low,AGT-150,Resolved,5.0
TKT-0002344,CUS-010857,2020-08-23 06:00:00,2020-08-23 22:00:00,Account,Chat,Medium,AGT-236,Resolved,2.0
TKT-0002345,CUS-011640,2022-05-02 21:00:00,2022-05-06 13:00:00,Returns,Social,Low,AGT-278,Closed,
TKT-0002346,CUS-010913,2025-02-21 06:00:00,2025-02-24 01:00:00,Returns,Social,Medium,AGT-007,Resolved,4.0
TKT-0002347,CUS-008162,2022-02-27 09:00:00,2022-03-03 08:00:00,Promotion,Store,Medium,AGT-066,Resolved,
TKT-0002348,CUS-008349,2022-04-29 10:00:00,2022-04-29 19:00:00,Account,Store,High,AGT-103,Resolved,5.0
TKT-0002349,CUS-009870,2024-09-22 04:00:00,2024-09-23 05:00:00,Product Quality,Chat,Low,AGT-035,Closed,
TKT-0002350,CUS-010301,2025-08-16 17:00:00,2025-08-21 16:00:00,Promotion,Social,Low,AGT-079,Resolved,
TKT-0002351,CUS-010898,2025-08-05 04:00:00,,Payment,Phone,Low,AGT-349,Open,
TKT-0002352,CUS-008813,2021-07-29 23:00:00,2021-07-31 17:00:00,Account,Store,Low,AGT-054,Resolved,2.0
TKT-0002353,CUS-003284,2020-09-13 14:00:00,,Delivery,Phone,Medium,AGT-291,Open,
TKT-0002354,CUS-009033,2022-06-05 23:00:00,2022-06-10 08:00:00,Technical,Social,Low,AGT-317,Resolved,5.0
TKT-0002355,CUS-007370,2020-06-06 19:00:00,2020-06-10 15:00:00,Product Quality,Email,Medium,AGT-022,Resolved,4.0
TKT-0002356,CUS-011651,2024-05-28 05:00:00,2024-05-28 12:00:00,Delivery,Chat,Low,AGT-294,Resolved,5.0
TKT-0002357,CUS-006544,2026-05-05 08:00:00,2026-05-08 12:00:00,Delivery,Store,Low,AGT-058,Resolved,5.0
TKT-0002358,CUS-001163,2022-02-26 05:00:00,2022-03-01 05:00:00,Product Quality,Phone,Medium,AGT-174,Closed,
TKT-0002359,CUS-001620,2022-01-14 16:00:00,2022-01-19 03:00:00,Product Quality,Store,Medium,AGT-308,Closed,
TKT-0002360,CUS-009955,2023-04-22 16:00:00,2023-04-25 15:00:00,Product Quality,Store,Low,AGT-078,Resolved,3.0
TKT-0002361,CUS-004893,2021-06-05 14:00:00,2021-06-10 13:00:00,Delivery,Social,Medium,AGT-214,Resolved,
TKT-0002362,CUS-006132,2025-04-04 14:00:00,2025-04-08 03:00:00,Payment,Store,Medium,AGT-331,Resolved,
TKT-0002363,CUS-008383,2023-06-20 03:00:00,2023-06-22 08:00:00,Account,Store,High,AGT-127,Resolved,
TKT-0002364,CUS-000126,2020-08-11 17:00:00,2020-08-13 12:00:00,Returns,Social,Low,AGT-009,Resolved,5.0
TKT-0002365,CUS-005703,2025-05-28 11:00:00,,Delivery,Phone,Medium,AGT-295,Open,
TKT-0002366,CUS-010129,2022-10-31 16:00:00,2022-11-05 02:00:00,Returns,Chat,Medium,AGT-133,Resolved,3.0
TKT-0002367,CUS-008603,2022-03-31 12:00:00,2022-04-02 11:00:00,Delivery,Social,Medium,AGT-094,Resolved,
TKT-0002368,CUS-011088,2025-03-20 01:00:00,2025-03-21 23:00:00,Account,Email,High,AGT-238,Closed,
TKT-0002369,CUS-010394,2021-01-25 19:00:00,2021-01-26 22:00:00,Delivery,Email,Low,AGT-051,Resolved,2.0
TKT-0002370,CUS-003341,2020-07-14 01:00:00,2020-07-17 00:00:00,Promotion,Chat,Low,AGT-006,Resolved,5.0
TKT-0002371,CUS-009594,2023-09-15 16:00:00,2023-09-18 04:00:00,Delivery,Email,Medium,AGT-305,Closed,5.0
TKT-0002372,CUS-000780,2025-02-03 15:00:00,2025-02-06 10:00:00,Technical,Chat,Medium,AGT-063,Resolved,
TKT-0002373,CUS-003507,2024-04-21 16:00:00,2024-04-22 19:00:00,Technical,Store,High,AGT-001,Resolved,5.0
TKT-0002374,CUS-005780,2024-05-07 07:00:00,2024-05-10 08:00:00,Delivery,Phone,High,AGT-271,Resolved,
TKT-0002375,CUS-006795,2025-09-13 18:00:00,2025-09-16 06:00:00,Promotion,Social,Medium,AGT-149,Resolved,
TKT-0002376,CUS-007858,2021-08-25 21:00:00,2021-08-27 11:00:00,Account,Chat,High,AGT-111,Resolved,4.0
TKT-0002377,CUS-003008,2021-05-14 23:00:00,2021-05-18 15:00:00,Returns,Store,High,AGT-111,Resolved,5.0
TKT-0002378,CUS-008477,2020-01-04 11:00:00,2020-01-08 04:00:00,Product Quality,Store,Medium,AGT-155,Resolved,5.0
TKT-0002379,CUS-006599,2026-03-10 08:00:00,,Delivery,Phone,Low,AGT-306,Open,
TKT-0002380,CUS-000747,2026-02-19 16:00:00,2026-02-22 18:00:00,Returns,Social,Medium,AGT-096,Resolved,
TKT-0002381,CUS-002794,2023-04-06 13:00:00,2023-04-06 16:00:00,Payment,Social,Medium,AGT-240,Closed,
TKT-0002382,CUS-010095,2022-04-21 23:00:00,2022-04-22 15:00:00,Returns,Store,Low,AGT-143,Resolved,
TKT-0002383,CUS-005326,2020-04-12 19:00:00,,Returns,Social,Medium,AGT-030,Open,
TKT-0002384,CUS-010205,2022-02-22 11:00:00,2022-02-24 08:00:00,Returns,Phone,High,AGT-055,Resolved,4.0
TKT-0002385,CUS-010162,2023-03-31 15:00:00,2023-04-03 10:00:00,Delivery,Email,High,AGT-205,Resolved,
TKT-0002386,CUS-001548,2022-03-26 14:00:00,2022-03-30 21:00:00,Returns,Store,Low,AGT-028,Resolved,
TKT-0002387,CUS-010706,2024-02-14 05:00:00,2024-02-14 16:00:00,Promotion,Store,Medium,AGT-017,Resolved,2.0
TKT-0002388,CUS-008652,2022-07-28 04:00:00,2022-08-01 23:00:00,Product Quality,Phone,Medium,AGT-053,Closed,5.0
TKT-0002389,CUS-001840,2023-11-02 20:00:00,2023-11-07 02:00:00,Delivery,Social,Medium,AGT-137,Resolved,5.0
TKT-0002390,CUS-002006,2020-12-14 18:00:00,2020-12-19 12:00:00,Returns,Social,Medium,AGT-262,Resolved,4.0
TKT-0002391,CUS-011218,2022-12-12 01:00:00,2022-12-15 19:00:00,Returns,Chat,Medium,AGT-264,Resolved,4.0
TKT-0002392,CUS-009015,2020-06-25 07:00:00,2020-06-26 16:00:00,Product Quality,Email,High,AGT-094,Resolved,1.0
TKT-0002393,CUS-004791,2025-06-08 06:00:00,2025-06-10 16:00:00,Product Quality,Social,High,AGT-096,Resolved,
TKT-0002394,CUS-005949,2024-09-25 16:00:00,2024-09-29 22:00:00,Delivery,Phone,Medium,AGT-115,Resolved,5.0
TKT-0002395,CUS-007612,2024-07-19 21:00:00,2024-07-23 07:00:00,promotion,Email,High,AGT-306,Resolved,3.0
TKT-0002396,CUS-010439,2025-06-27 13:00:00,2025-06-28 06:00:00,Delivery,Email,Low,AGT-162,Resolved,
TKT-0002397,CUS-006322,2024-04-16 04:00:00,2024-04-16 08:00:00,Technical,Phone,Medium,AGT-323,Resolved,
TKT-0002398,CUS-000440,2026-05-22 04:00:00,2026-05-27 01:00:00,Delivery,Phone,Medium,AGT-218,Resolved,
TKT-0002399,CUS-002115,2021-08-18 20:00:00,2021-08-22 09:00:00,Payment,Phone,Medium,AGT-256,Resolved,3.0
TKT-0002400,CUS-007223,2026-04-13 04:00:00,,Delivery,Chat,High,AGT-177,Open,
TKT-0002401,CUS-007979,2022-01-06 00:00:00,2022-01-07 05:00:00,Technical,Email,Medium,AGT-303,Resolved,4.0
TKT-0002402,CUS-004580,2025-02-13 08:00:00,2025-02-15 01:00:00,Product Quality,Email,Medium,AGT-206,Resolved,
TKT-0002403,CUS-002590,2026-06-04 15:00:00,2026-06-07 03:00:00,Delivery,Store,Medium,AGT-258,Resolved,
TKT-0002404,CUS-004428,2026-07-25 22:00:00,2026-07-28 03:00:00,Returns,Store,Low,AGT-243,Resolved,
TKT-0002405,CUS-009277,2020-05-12 13:00:00,2020-05-14 11:00:00,Product Quality,Email,Medium,AGT-312,Resolved,1.0
TKT-0002406,CUS-010975,2025-03-07 04:00:00,2025-03-08 12:00:00,Returns,Phone,Low,AGT-238,Resolved,5.0
TKT-0002407,CUS-008304,2026-07-24 15:00:00,2026-07-28 14:00:00,Account,Social,High,AGT-260,Resolved,4.0
TKT-0002408,CUS-004557,2024-07-11 15:00:00,,Delivery,Chat,Low,AGT-012,Open,
TKT-0002409,CUS-010967,2022-11-23 14:00:00,2022-11-25 17:00:00,Product Quality,Social,Critical,AGT-252,Resolved,4.0
TKT-0002410,CUS-002354,2024-10-30 02:00:00,2024-10-31 15:00:00,Account,Social,Medium,AGT-266,Resolved,4.0
TKT-0002411,CUS-004169,2025-04-02 13:00:00,2025-04-04 04:00:00,Technical,Social,Medium,AGT-229,Resolved,5.0
TKT-0002412,CUS-001804,2023-08-27 17:00:00,2023-09-01 14:00:00,Payment,Store,Low,AGT-333,Resolved,3.0
TKT-0002413,CUS-010619,2025-12-06 21:00:00,2025-12-11 06:00:00,Delivery,Email,Low,AGT-056,Resolved,5.0
TKT-0002414,CUS-002106,2022-02-02 13:00:00,2022-02-04 23:00:00,Payment,Chat,Medium,AGT-276,Resolved,1.0
TKT-0002415,CUS-011415,2025-05-06 03:00:00,2025-05-08 09:00:00,Account,Store,Medium,AGT-072,Resolved,
TKT-0002416,CUS-011567,2020-04-09 16:00:00,2020-04-13 17:00:00,Promotion,Store,Medium,AGT-137,Resolved,3.0
TKT-0002417,CUS-011422,2020-07-14 10:00:00,2020-07-17 00:00:00,Returns,Chat,Low,AGT-150,Closed,
TKT-0002418,CUS-007265,2024-09-04 11:00:00,2024-09-08 04:00:00,Returns,Store,Medium,AGT-067,Resolved,4.0
TKT-0002419,CUS-011325,2022-11-20 23:00:00,2022-11-23 08:00:00,Payment,Store,Medium,AGT-187,Resolved,3.0
TKT-0002420,CUS-006339,2020-10-29 14:00:00,2020-10-29 20:00:00,Returns,Social,Low,AGT-076,Resolved,1.0
TKT-0002421,CUS-001707,2020-10-20 02:00:00,2020-10-21 07:00:00,Payment,Social,Medium,AGT-275,Closed,3.0
TKT-0002422,CUS-008605,2023-06-01 19:00:00,,Payment,Social,Medium,AGT-320,Open,
TKT-0002423,CUS-008853,2020-08-28 12:00:00,2020-09-01 04:00:00,Technical,Social,Low,AGT-188,Resolved,4.0
TKT-0002424,CUS-008595,2024-10-18 06:00:00,,Returns,Social,High,AGT-133,Open,
TKT-0002425,CUS-005675,2020-02-16 07:00:00,,Delivery,Store,Medium,AGT-103,Open,
TKT-0002426,CUS-007345,2021-10-31 15:00:00,2021-11-02 19:00:00,Payment,Chat,Low,AGT-320,Resolved,5.0
TKT-0002427,CUS-003450,2022-04-20 19:00:00,2022-04-23 08:00:00,Delivery,Chat,Low,AGT-199,Resolved,3.0
TKT-0002428,CUS-000144,2020-11-27 06:00:00,2020-11-27 09:00:00,Payment,Chat,Low,AGT-273,Resolved,4.0
TKT-0002429,CUS-004478,2023-06-24 22:00:00,2023-06-27 22:00:00,Delivery,Chat,Medium,AGT-192,Resolved,
TKT-0002430,CUS-001997,2020-08-11 06:00:00,2020-08-15 20:00:00,Delivery,Phone,Low,AGT-315,Closed,4.0
TKT-0002431,CUS-010316,2023-04-05 21:00:00,2023-04-07 06:00:00,Delivery,Email,Medium,AGT-063,Resolved,
TKT-0002432,CUS-011444,2024-04-13 19:00:00,2024-04-16 01:00:00,Returns,Email,High,AGT-082,Resolved,5.0
TKT-0002433,CUS-001081,2021-03-11 00:00:00,2021-03-13 12:00:00,Returns,Store,High,AGT-179,Resolved,
TKT-0002434,CUS-009778,2020-09-29 17:00:00,2020-10-04 16:00:00,Product Quality,Store,Low,AGT-274,Resolved,1.0
TKT-0002435,CUS-007350,2021-05-30 02:00:00,2021-05-30 22:00:00,Product Quality,Email,Medium,AGT-207,Resolved,4.0
TKT-0002436,CUS-009045,2024-08-08 11:00:00,,Payment,Email,Medium,AGT-113,Open,
TKT-0002437,CUS-005869,2024-05-24 13:00:00,,Delivery,Phone,Low,AGT-288,Open,
TKT-0002438,CUS-000438,2021-03-29 01:00:00,2021-03-29 18:00:00,Payment,Chat,Medium,AGT-075,Closed,
TKT-0002439,CUS-011323,2025-05-09 15:00:00,2025-05-09 22:00:00,Delivery,Store,Medium,AGT-044,Resolved,5.0
TKT-0002440,CUS-009349,2024-05-23 13:00:00,2024-05-24 03:00:00,Payment,Email,Medium,AGT-070,Closed,
TKT-0002441,CUS-009997,2020-04-05 08:00:00,2020-04-07 02:00:00,Payment,Social,Low,AGT-322,Resolved,
TKT-0002442,CUS-010028,2025-06-17 20:00:00,2025-06-22 03:00:00,Returns,Email,Low,AGT-028,Closed,4.0
TKT-0002443,CUS-004107,2022-08-06 20:00:00,2022-08-08 08:00:00,Product Quality,Chat,Low,AGT-021,Resolved,3.0
TKT-0002444,CUS-006281,2026-02-17 21:00:00,2026-02-20 23:00:00,Delivery,Chat,High,AGT-044,Resolved,
TKT-0002445,CUS-006454,2024-06-12 03:00:00,2024-06-16 20:00:00,Technical,Email,Low,AGT-079,Resolved,
TKT-0002446,CUS-007586,2026-04-17 18:00:00,2026-04-20 23:00:00,Returns,Email,Low,AGT-098,Resolved,4.0
TKT-0002447,CUS-003166,2026-06-03 02:00:00,2026-06-03 22:00:00,Delivery,Phone,Low,AGT-340,Resolved,
TKT-0002448,CUS-002422,2021-01-31 00:00:00,2021-02-04 21:00:00,Account,Social,Medium,AGT-307,Resolved,3.0
TKT-0002449,CUS-009097,2025-05-10 13:00:00,2025-05-14 08:00:00,Product Quality,Email,Low,AGT-323,Resolved,4.0
TKT-0002450,CUS-000765,2020-10-03 02:00:00,2020-10-04 23:00:00,Delivery,Store,Low,AGT-336,Resolved,
TKT-0002451,CUS-000005,2020-08-07 20:00:00,2020-08-09 19:00:00,Delivery,Phone,Medium,AGT-228,Resolved,
TKT-0002452,CUS-002486,2020-04-21 10:00:00,2020-04-25 21:00:00,Returns,Chat,Low,AGT-090,Resolved,4.0
TKT-0002453,CUS-006863,2023-06-28 18:00:00,2023-06-29 10:00:00,Promotion,Chat,High,AGT-063,Resolved,2.0
TKT-0002454,CUS-004293,2020-03-20 00:00:00,2020-03-22 22:00:00,Payment,Email,High,AGT-263,Resolved,3.0
TKT-0002455,CUS-007731,2022-09-22 10:00:00,2022-09-25 19:00:00,Account,Store,Medium,AGT-141,Resolved,1.0
TKT-0002456,CUS-007701,2023-10-28 21:00:00,2023-11-02 19:00:00,Product Quality,Social,Medium,AGT-030,Resolved,4.0
TKT-0002457,CUS-003514,2022-12-14 06:00:00,2022-12-16 00:00:00,Returns,Social,Low,AGT-109,Closed,
TKT-0002458,CUS-009670,2021-09-25 18:00:00,2021-09-25 20:00:00,Product Quality,Social,Medium,AGT-011,Resolved,3.0
TKT-0002459,CUS-000829,2026-05-16 06:00:00,2026-05-17 06:00:00,Account,Social,Low,AGT-290,Resolved,5.0
TKT-0002460,CUS-009737,2023-03-14 05:00:00,2023-03-17 01:00:00,Delivery,Store,Low,AGT-322,Resolved,
TKT-0002461,CUS-009600,2020-01-20 15:00:00,2020-01-20 18:00:00,Delivery,Phone,High,AGT-055,Closed,5.0
TKT-0002462,CUS-002983,2020-11-25 03:00:00,2020-11-25 12:00:00,Returns,Chat,Medium,AGT-131,Resolved,
TKT-0002463,CUS-008793,2023-05-16 21:00:00,2023-05-21 13:00:00,Delivery,Store,Medium,AGT-329,Resolved,
TKT-0002464,CUS-005001,2024-11-11 00:00:00,2024-11-11 01:00:00,Returns,Phone,High,AGT-320,Resolved,4.0
TKT-0002465,CUS-009244,2024-10-07 06:00:00,2024-10-11 12:00:00,Account,Phone,Medium,AGT-004,Resolved,5.0
TKT-0002466,CUS-001991,2026-03-17 03:00:00,2026-03-19 10:00:00,Product Quality,Social,High,AGT-046,Resolved,
TKT-0002467,CUS-010763,2025-03-30 09:00:00,,Returns,Email,High,AGT-036,Open,
TKT-0002468,CUS-010681,2022-01-07 00:00:00,2022-01-08 17:00:00,Returns,Social,Low,AGT-036,Resolved,4.0
TKT-0002469,CUS-008717,2024-10-27 09:00:00,2024-10-30 21:00:00,Technical,Email,Low,AGT-041,Resolved,1.0
TKT-0002470,CUS-000307,2024-04-10 18:00:00,2024-04-11 16:00:00,Returns,Store,Low,AGT-129,Resolved,5.0
TKT-0002471,CUS-004793,2026-01-10 05:00:00,2026-01-15 01:00:00,Account,Chat,Medium,AGT-203,Resolved,
TKT-0002472,CUS-011009,2023-06-17 03:00:00,2023-06-18 16:00:00,Payment,Email,Medium,AGT-161,Resolved,
TKT-0002473,CUS-003639,2025-10-26 08:00:00,2025-10-28 04:00:00,Product Quality,Chat,High,AGT-017,Resolved,
TKT-0002474,CUS-009193,2025-03-22 20:00:00,2025-03-26 08:00:00,Product Quality,Social,High,AGT-079,Resolved,4.0
TKT-0002475,CUS-004142,2022-06-30 02:00:00,2022-06-30 21:00:00,Delivery,Phone,Medium,AGT-249,Resolved,5.0
TKT-0002476,CUS-011020,2021-12-10 08:00:00,2021-12-11 03:00:00,Account,Social,Medium,AGT-256,Resolved,
TKT-0002477,CUS-007219,2020-09-05 22:00:00,,Delivery,Email,Medium,AGT-099,Open,
TKT-0002478,CUS-005677,2021-05-10 10:00:00,2021-05-12 00:00:00,Product Quality,Store,Medium,AGT-337,Resolved,3.0
TKT-0002479,CUS-007075,2026-06-22 15:00:00,2026-06-26 12:00:00,Technical,Chat,Low,AGT-269,Resolved,
TKT-0002480,CUS-000959,2025-09-22 01:00:00,2025-09-25 01:00:00,Payment,Store,High,AGT-244,Resolved,5.0
TKT-0002481,CUS-008939,2023-04-16 05:00:00,2023-04-20 11:00:00,Payment,Email,High,AGT-106,Resolved,5.0
TKT-0002482,CUS-000812,2020-06-18 02:00:00,2020-06-22 13:00:00,Payment,Chat,Low,AGT-309,Resolved,
TKT-0002483,CUS-005933,2025-09-09 19:00:00,2025-09-14 05:00:00,Delivery,Social,Medium,AGT-206,Resolved,
TKT-0002484,CUS-010129,2020-02-25 02:00:00,,Delivery,Social,Low,AGT-239,Open,
TKT-0002485,CUS-005757,2021-06-05 11:00:00,,Returns,Social,Medium,AGT-209,Open,
TKT-0002486,CUS-008343,2025-12-22 06:00:00,2025-12-24 10:00:00,Account,Email,Low,AGT-284,Closed,
TKT-0002487,CUS-011029,2021-12-21 15:00:00,2021-12-25 10:00:00,Delivery,Chat,High,AGT-171,Resolved,
TKT-0002488,CUS-005636,2025-11-23 18:00:00,2025-11-27 12:00:00,Payment,Store,Low,AGT-076,Resolved,4.0
TKT-0002489,CUS-010645,2026-04-05 23:00:00,2026-04-08 08:00:00,Payment,Email,Medium,AGT-174,Resolved,
TKT-0002490,CUS-008084,2022-07-17 05:00:00,2022-07-17 21:00:00,Returns,Chat,Low,AGT-115,Resolved,
TKT-0002491,CUS-004648,2024-07-20 03:00:00,2024-07-21 07:00:00,Delivery,Store,Medium,AGT-134,Resolved,3.0
TKT-0002492,CUS-000966,2021-01-22 22:00:00,2021-01-23 03:00:00,Promotion,Chat,Low,AGT-346,Resolved,1.0
TKT-0002493,CUS-002403,2025-11-25 20:00:00,2025-11-26 17:00:00,Promotion,Email,Low,AGT-213,Resolved,5.0
TKT-0002494,CUS-004371,2020-05-02 15:00:00,2020-05-03 21:00:00,Returns,Store,Medium,AGT-197,Resolved,5.0
TKT-0002495,CUS-005777,2022-05-01 15:00:00,2022-05-05 06:00:00,Product Quality,Phone,Low,AGT-214,Resolved,
TKT-0002496,CUS-002915,2023-02-21 16:00:00,2023-02-23 07:00:00,Returns,Social,Medium,AGT-152,Resolved,2.0
TKT-0002497,CUS-005750,2022-05-30 00:00:00,2022-06-03 17:00:00,Delivery,Social,High,AGT-279,Resolved,3.0
TKT-0002498,CUS-009442,2024-08-23 22:00:00,,Delivery,Store,Medium,AGT-067,Open,
TKT-0002499,CUS-010052,2020-11-30 13:00:00,2020-12-03 19:00:00,Account,Chat,Low,AGT-256,Resolved,
TKT-0002500,CUS-005402,2023-10-15 16:00:00,2023-10-19 21:00:00,Delivery,Chat,Medium,AGT-328,Closed,
TKT-0002501,CUS-006755,2024-10-13 15:00:00,2024-10-14 08:00:00,Delivery,Email,Low,AGT-116,Resolved,
TKT-0002502,CUS-008379,2024-07-06 00:00:00,2024-07-08 20:00:00,Delivery,Store,Low,AGT-315,Resolved,5.0
TKT-0002503,CUS-005464,2024-05-21 09:00:00,,Delivery,Chat,Low,AGT-077,Open,
TKT-0002504,CUS-005596,2023-02-25 22:00:00,2023-03-02 11:00:00,Returns,Email,Low,AGT-182,Resolved,
TKT-0002505,CUS-001473,2021-02-12 23:00:00,2021-02-15 23:00:00,Product Quality,Store,High,AGT-005,Closed,4.0
TKT-0002506,CUS-001891,2024-11-19 03:00:00,2024-11-22 17:00:00,Product Quality,Store,Medium,AGT-049,Resolved,5.0
TKT-0002507,CUS-008661,2021-06-13 17:00:00,2021-06-17 20:00:00,Returns,Chat,Low,AGT-319,Resolved,
TKT-0002508,CUS-004264,2022-04-21 13:00:00,2022-04-21 15:00:00,Delivery,Social,Critical,AGT-151,Closed,5.0
TKT-0002509,CUS-008365,2026-04-19 16:00:00,2026-04-23 18:00:00,Account,Chat,Low,AGT-025,Resolved,3.0
TKT-0002510,CUS-002439,2025-11-10 15:00:00,2025-11-11 00:00:00,Account,Chat,High,AGT-188,Resolved,
TKT-0002511,CUS-003058,2021-02-06 00:00:00,2021-02-10 16:00:00,Payment,Email,Low,AGT-242,Resolved,
TKT-0002512,CUS-005081,2024-10-07 01:00:00,2024-10-09 09:00:00,Product Quality,Email,High,AGT-063,Closed,
TKT-0002513,CUS-007617,2022-03-08 12:00:00,,Product Quality,Phone,Low,AGT-100,Open,
TKT-0002514,CUS-002180,2022-09-12 07:00:00,2022-09-13 13:00:00,Payment,Social,Medium,AGT-054,Resolved,5.0
TKT-0002515,CUS-010410,2023-06-21 09:00:00,2023-06-22 06:00:00,Returns ,Social,Medium,AGT-205,Resolved,
TKT-0002516,CUS-007065,2023-08-14 08:00:00,2023-08-15 16:00:00,Account,Email,Medium,AGT-265,Resolved,
TKT-0002517,CUS-005828,2023-01-09 02:00:00,2023-01-09 04:00:00,Delivery,Chat,Medium,AGT-266,Resolved,4.0
TKT-0002518,CUS-003223,2020-01-17 17:00:00,2020-01-20 04:00:00,Product Quality,Store,Medium,AGT-041,Resolved,
TKT-0002519,CUS-007841,2023-10-02 21:00:00,2023-10-04 05:00:00,Delivery,Store,Low,AGT-267,Closed,
TKT-0002520,CUS-005483,2023-05-30 14:00:00,2023-06-02 07:00:00,Delivery,Store,Low,AGT-125,Closed,1.0
TKT-0002521,CUS-004098,2026-04-21 20:00:00,2026-04-22 10:00:00,Returns,Social,Medium,AGT-176,Resolved,
TKT-0002522,CUS-004706,2020-12-19 13:00:00,,Payment,Phone,Low,AGT-253,Open,
TKT-0002523,CUS-005116,2024-10-27 00:00:00,2024-10-30 03:00:00,Delivery,Store,Medium,AGT-051,Resolved,
TKT-0002524,CUS-004989,2023-11-21 05:00:00,,Returns,Store,Low,AGT-184,Open,
TKT-0002525,CUS-001619,2023-09-18 15:00:00,2023-09-21 21:00:00,Payment,Email,Low,AGT-048,Resolved,4.0
TKT-0002526,CUS-002006,2023-06-15 06:00:00,2023-06-19 20:00:00,Delivery,Social,Medium,AGT-171,Resolved,4.0
TKT-0002527,CUS-001000,2022-01-31 00:00:00,2022-01-31 11:00:00,Delivery,Store,High,AGT-032,Resolved,1.0
TKT-0002528,CUS-001737,2026-08-05 18:00:00,,Delivery,Chat,High,AGT-293,Open,
TKT-0002529,CUS-005468,2024-06-22 13:00:00,2024-06-22 19:00:00,Payment,Phone,Medium,AGT-144,Resolved,
TKT-0002530,CUS-011826,2025-10-16 06:00:00,,Payment,Social,Medium,AGT-123,Open,
TKT-0002531,CUS-011337,2026-01-08 17:00:00,,Payment,Chat,Medium,AGT-219,Open,
TKT-0002532,CUS-004684,2022-10-15 09:00:00,2022-10-16 03:00:00,Account,Email,Low,AGT-040,Resolved,5.0
TKT-0002533,CUS-002009,2022-12-02 23:00:00,2022-12-07 19:00:00,Product Quality,Store,High,AGT-071,Resolved,
TKT-0002534,CUS-006590,2020-04-03 05:00:00,2020-04-04 21:00:00,Delivery,Email,Low,AGT-233,Closed,
TKT-0002535,CUS-009490,2022-09-03 09:00:00,2022-09-07 10:00:00,Delivery,Email,High,AGT-321,Resolved,5.0
TKT-0002536,CUS-001625,2022-11-24 14:00:00,2022-11-25 01:00:00,Promotion,Phone,Medium,AGT-010,Resolved,
TKT-0002537,CUS-007875,2025-12-09 18:00:00,2025-12-11 17:00:00,Returns,Social,High,AGT-109,Resolved,
TKT-0002538,CUS-005974,2023-01-26 08:00:00,2023-01-30 17:00:00,Delivery,Phone,Medium,AGT-102,Resolved,
TKT-0002539,CUS-002867,2021-02-07 21:00:00,2021-02-12 02:00:00,Product Quality,Email,Low,AGT-016,Resolved,
TKT-0002540,CUS-010648,2026-08-03 16:00:00,2026-08-05 23:00:00,Delivery,Social,Low,AGT-126,Resolved,
TKT-0002541,CUS-010338,2025-09-23 18:00:00,2025-09-25 23:00:00,Returns,Phone,Low,AGT-075,Resolved,5.0
TKT-0002542,CUS-004253,2025-01-12 17:00:00,2025-01-13 16:00:00,Delivery,Store,Low,AGT-246,Resolved,4.0
TKT-0002543,CUS-001227,2020-06-16 13:00:00,2020-06-20 14:00:00,Delivery,Chat,High,AGT-303,Resolved,5.0
TKT-0002544,CUS-001220,2020-01-29 21:00:00,2020-02-03 03:00:00,Product Quality,Store,Medium,AGT-198,Resolved,4.0
TKT-0002545,CUS-009127,2023-06-09 16:00:00,2023-06-10 15:00:00,Product Quality,Store,Medium,AGT-071,Resolved,4.0
TKT-0002546,CUS-009499,2023-01-30 09:00:00,2023-02-02 06:00:00,Payment,Email,Low,AGT-183,Closed,4.0
TKT-0002547,CUS-010387,2022-10-15 21:00:00,2022-10-17 22:00:00,Technical,Email,High,AGT-026,Resolved,
TKT-0002548,CUS-001797,2023-12-10 14:00:00,2023-12-14 20:00:00,Account,Chat,High,AGT-244,Resolved,
TKT-0002549,CUS-011156,2022-11-17 21:00:00,2022-11-19 17:00:00,Payment,Phone,Medium,AGT-032,Resolved,5.0
TKT-0002550,CUS-011594,2022-05-26 12:00:00,2022-05-29 12:00:00,Returns,Phone,High,AGT-020,Resolved,
TKT-0002551,CUS-007477,2025-01-21 06:00:00,2025-01-25 00:00:00,Returns,Chat,Low,AGT-184,Resolved,3.0
TKT-0002552,CUS-001667,2023-10-15 23:00:00,2023-10-20 21:00:00,Delivery,Store,Medium,AGT-244,Resolved,2.0
TKT-0002553,CUS-005139,2022-02-08 16:00:00,2022-02-11 05:00:00,Account,Email,Low,AGT-161,Resolved,3.0
TKT-0002554,CUS-008833,2021-02-26 07:00:00,,Delivery,Social,Low,AGT-062,Open,
TKT-0002555,CUS-008369,2020-11-10 02:00:00,2020-11-10 07:00:00,Delivery,Phone,Medium,AGT-301,Resolved,
TKT-0002556,CUS-000686,2024-09-20 04:00:00,2024-09-22 04:00:00,Returns,Chat,Medium,AGT-219,Resolved,3.0
TKT-0002557,CUS-001938,2024-06-17 08:00:00,2024-06-17 18:00:00,Account,Chat,High,AGT-101,Resolved,2.0
TKT-0002558,CUS-006774,2026-01-03 07:00:00,,Payment,Store,Medium,AGT-278,Open,
TKT-0002559,CUS-009396,2021-01-07 16:00:00,2021-01-09 22:00:00,Product Quality,Social,Medium,AGT-068,Resolved,
TKT-0002560,CUS-010865,2023-02-22 01:00:00,2023-02-23 00:00:00,Delivery,Email,Low,AGT-158,Resolved,5.0
TKT-0002561,CUS-001424,2020-04-22 16:00:00,2020-04-25 12:00:00,Delivery,Email,Low,AGT-188,Resolved,
TKT-0002562,CUS-008727,2025-08-25 11:00:00,2025-08-27 12:00:00,Delivery,Store,Low,AGT-057,Resolved,
TKT-0002563,CUS-005040,2025-08-04 04:00:00,2025-08-07 10:00:00,Delivery,Social,Low,AGT-183,Resolved,3.0
TKT-0002564,CUS-009653,2023-08-15 19:00:00,2023-08-19 21:00:00,Payment ,Chat,Medium,AGT-328,Resolved,
TKT-0002565,CUS-011470,2022-03-03 10:00:00,2022-03-05 18:00:00,Returns,Phone,Low,AGT-165,Resolved,
TKT-0002566,CUS-007914,2023-02-20 19:00:00,2023-02-25 15:00:00,Product Quality,Phone,Medium,AGT-099,Resolved,
TKT-0002567,CUS-005572,2024-07-08 20:00:00,2024-07-09 18:00:00,Account,Phone,Low,AGT-157,Resolved,
TKT-0002568,CUS-004681,2026-04-05 04:00:00,2026-04-07 09:00:00,Delivery,Social,Low,AGT-327,Resolved,
TKT-0002569,CUS-005405,2021-07-27 19:00:00,2021-07-30 00:00:00,Promotion,Social,Medium,AGT-216,Closed,5.0
TKT-0002570,CUS-001277,2024-09-21 00:00:00,2024-09-21 08:00:00,Technical,Social,Critical,AGT-341,Resolved,4.0
TKT-0002571,CUS-010156,2024-04-20 22:00:00,2024-04-22 17:00:00,Product Quality,Social,Low,AGT-087,Closed,
TKT-0002572,CUS-002764,2020-07-13 02:00:00,2020-07-16 02:00:00,Payment,Chat,Medium,AGT-263,Resolved,5.0
TKT-0002573,CUS-002364,2023-08-29 15:00:00,2023-09-01 06:00:00,Product Quality,Store,Medium,AGT-032,Resolved,4.0
TKT-0002574,CUS-006547,2026-06-29 02:00:00,2026-06-30 04:00:00,Product Quality,Social,Medium,AGT-151,Closed,5.0
TKT-0002575,CUS-000232,2020-02-09 02:00:00,2020-02-13 21:00:00,Payment,Email,High,AGT-326,Resolved,
TKT-0002576,CUS-004763,2025-06-08 03:00:00,2025-06-08 12:00:00,Payment,Social,Medium,AGT-074,Resolved,
TKT-0002577,CUS-003277,2023-01-08 11:00:00,2023-01-10 11:00:00,Product Quality,Store,Medium,AGT-263,Resolved,2.0
TKT-0002578,CUS-003546,2024-03-12 02:00:00,,Product Quality,Chat,Low,AGT-005,Open,
TKT-0002579,CUS-010800,2026-02-23 20:00:00,2026-02-27 05:00:00,Delivery,Chat,Medium,AGT-322,Resolved,
TKT-0002580,CUS-001546,2025-07-14 14:00:00,2025-07-15 15:00:00,Delivery,Store,High,AGT-062,Resolved,
TKT-0002581,CUS-002537,2026-03-24 05:00:00,2026-03-25 20:00:00,Delivery,Chat,High,AGT-254,Resolved,4.0
TKT-0002582,CUS-004623,2026-08-03 09:00:00,2026-08-04 00:00:00,Account,Social,Critical,AGT-282,Resolved,
TKT-0002583,CUS-005260,2022-10-21 07:00:00,2022-10-24 03:00:00,Payment,Store,Low,AGT-277,Closed,5.0
TKT-0002584,CUS-007933,2025-04-05 17:00:00,2025-04-09 09:00:00,Returns,Email,Low,AGT-109,Resolved,
TKT-0002585,CUS-009583,2020-06-26 02:00:00,2020-06-27 13:00:00,Product Quality,Email,Medium,AGT-229,Resolved,3.0
TKT-0002586,CUS-004022,2024-09-03 06:00:00,,Returns,Chat,Medium,AGT-160,Open,
TKT-0002587,CUS-000102,2020-05-16 21:00:00,2020-05-17 05:00:00,Promotion,Store,Medium,AGT-011,Resolved,4.0
TKT-0002588,CUS-002350,2024-08-02 14:00:00,2024-08-06 10:00:00,Delivery,Phone,Low,AGT-181,Resolved,
TKT-0002589,CUS-002763,2023-06-06 21:00:00,2023-06-08 18:00:00,Account,Phone,Medium,AGT-014,Resolved,1.0
TKT-0002590,CUS-006992,2026-04-19 05:00:00,2026-04-23 14:00:00,Delivery,Phone,Low,AGT-241,Resolved,
TKT-0002591,CUS-010169,2021-10-10 02:00:00,2021-10-10 15:00:00,Returns,Email,Low,AGT-242,Resolved,
TKT-0002592,CUS-004741,2021-01-03 01:00:00,2021-01-07 08:00:00,Returns,Store,Medium,AGT-117,Resolved,
TKT-0002593,CUS-004046,2022-08-12 14:00:00,2022-08-13 23:00:00,Promotion,Social,Low,AGT-250,Resolved,
TKT-0002594,CUS-004032,2026-05-21 08:00:00,2026-05-24 19:00:00,Payment,Email,Medium,AGT-316,Resolved,5.0
TKT-0002595,CUS-001811,2022-12-26 09:00:00,,Delivery,Chat,Medium,AGT-037,Open,
TKT-0002596,CUS-005987,2022-09-29 11:00:00,2022-10-04 09:00:00,Promotion,Phone,Medium,AGT-197,Resolved,5.0
TKT-0002597,CUS-002199,2024-03-18 07:00:00,2024-03-23 00:00:00,Technical,Email,Low,AGT-120,Closed,
TKT-0002598,CUS-003580,2021-12-22 12:00:00,2021-12-26 10:00:00,Promotion,Social,High,AGT-099,Resolved,5.0
TKT-0002599,CUS-006787,2022-01-05 06:00:00,2022-01-06 23:00:00,Product Quality,Social,High,AGT-294,Closed,
TKT-0002600,CUS-000337,2023-09-18 01:00:00,2023-09-21 16:00:00,Promotion,Chat,Low,AGT-323,Resolved,2.0
TKT-0002601,CUS-006309,2026-05-28 02:00:00,2026-05-31 07:00:00,Technical,Store,Low,AGT-117,Closed,3.0
TKT-0002602,CUS-010259,2021-04-29 15:00:00,2021-05-03 12:00:00,Returns,Phone,Medium,AGT-270,Resolved,
TKT-0002603,CUS-004998,2024-01-27 19:00:00,2024-01-28 05:00:00,Payment,Chat,Low,AGT-129,Resolved,4.0
TKT-0002604,CUS-003261,2026-01-10 22:00:00,2026-01-11 12:00:00,Delivery,Social,Medium,AGT-231,Resolved,4.0
TKT-0002605,CUS-007001,2024-04-17 22:00:00,2024-04-19 05:00:00,Returns,Phone,High,AGT-031,Resolved,
TKT-0002606,CUS-003451,2021-02-17 11:00:00,2021-02-20 04:00:00,Returns,Email,Medium,AGT-047,Resolved,3.0
TKT-0002607,CUS-004524,2026-07-28 14:00:00,2026-07-31 21:00:00,Product Quality,Email,Medium,AGT-124,Resolved,4.0
TKT-0002608,CUS-010860,2020-11-15 21:00:00,2020-11-15 22:00:00,Delivery,Email,High,AGT-238,Resolved,4.0
TKT-0002609,CUS-007304,2022-09-09 21:00:00,2022-09-09 22:00:00,Product Quality,Chat,High,AGT-096,Resolved,5.0
TKT-0002610,CUS-000674,2025-07-05 15:00:00,2025-07-05 23:00:00,Technical,Social,Low,AGT-023,Closed,5.0
TKT-0002611,CUS-001892,2023-07-23 06:00:00,,Delivery,Store,Medium,AGT-287,Open,
TKT-0002612,CUS-006728,2026-02-19 07:00:00,2026-02-20 13:00:00,Payment,Store,High,AGT-011,Resolved,5.0
TKT-0002613,CUS-001963,2026-01-23 04:00:00,,Product Quality,Social,Medium,AGT-200,Open,
TKT-0002614,CUS-002848,2020-02-29 04:00:00,,Delivery,Store,Low,AGT-160,Open,
TKT-0002615,CUS-010487,2020-06-21 04:00:00,2020-06-23 18:00:00,Technical,Email,Low,AGT-220,Resolved,3.0
TKT-0002616,CUS-010672,2026-05-27 04:00:00,2026-05-29 08:00:00,Product Quality,Store,Medium,AGT-264,Resolved,
TKT-0002617,CUS-001768,2023-05-28 08:00:00,2023-05-31 15:00:00,Account,Email,Low,AGT-046,Resolved,
TKT-0002618,CUS-002533,2023-09-04 14:00:00,2023-09-04 22:00:00,Returns,Social,Low,AGT-240,Resolved,2.0
TKT-0002619,CUS-006956,2025-06-30 16:00:00,2025-07-05 12:00:00,Product Quality,Store,High,AGT-189,Resolved,
TKT-0002620,CUS-010729,2022-07-27 23:00:00,2022-07-31 16:00:00,Returns,Social,Low,AGT-004,Resolved,3.0
TKT-0002621,CUS-001083,2022-05-23 23:00:00,2022-05-24 22:00:00,Product Quality,Email,High,AGT-022,Resolved,4.0
TKT-0002622,CUS-000458,2024-07-19 11:00:00,,Returns,Email,Medium,AGT-299,Open,
TKT-0002623,CUS-001461,2022-04-04 09:00:00,2022-04-08 12:00:00,Promotion,Chat,Medium,AGT-145,Resolved,5.0
TKT-0002624,CUS-005350,2020-01-14 10:00:00,2020-01-19 00:00:00,Delivery,Chat,Medium,AGT-015,Resolved,4.0
TKT-0002625,CUS-011474,2020-12-01 06:00:00,2020-12-02 13:00:00,Returns,Chat,Medium,AGT-010,Resolved,4.0
TKT-0002626,CUS-002887,2022-05-14 14:00:00,,Payment,Social,Medium,AGT-107,Open,
TKT-0002627,CUS-000245,2020-06-05 10:00:00,2020-06-09 18:00:00,Product Quality,Phone,Low,AGT-017,Resolved,4.0
TKT-0002628,CUS-000261,2025-09-10 10:00:00,2025-09-13 23:00:00,Delivery,Social,High,AGT-142,Resolved,3.0
TKT-0002629,CUS-000320,2023-05-13 19:00:00,2023-05-17 16:00:00,Returns,Phone,Low,AGT-125,Closed,
TKT-0002630,CUS-006705,2025-02-16 12:00:00,,Payment,Store,Low,AGT-004,Open,
TKT-0002631,CUS-000730,2026-02-20 11:00:00,2026-02-22 02:00:00,Returns,Phone,Medium,AGT-292,Resolved,5.0
TKT-0002632,CUS-000641,2023-06-22 11:00:00,2023-06-23 07:00:00,Payment,Chat,Low,AGT-308,Resolved,
TKT-0002633,CUS-002180,2020-07-12 20:00:00,,Delivery,Email,Medium,AGT-082,Open,
TKT-0002634,CUS-004681,2022-03-20 01:00:00,2022-03-20 17:00:00,Returns,Phone,Low,AGT-290,Resolved,
TKT-0002635,CUS-011834,2024-08-10 05:00:00,2024-08-10 10:00:00,Promotion,Store,High,AGT-046,Resolved,2.0
TKT-0002636,CUS-011308,2025-05-05 20:00:00,2025-05-08 17:00:00,Delivery,Chat,Medium,AGT-173,Resolved,4.0
TKT-0002637,CUS-007480,2022-02-14 23:00:00,2022-02-17 09:00:00,Payment,Email,Medium,AGT-238,Resolved,
TKT-0002638,CUS-000587,2026-04-04 04:00:00,2026-04-05 20:00:00,Promotion,Store,High,AGT-097,Closed,
TKT-0002639,CUS-003258,2025-01-23 00:00:00,2025-01-24 05:00:00,Delivery,Chat,High,AGT-070,Resolved,5.0
TKT-0002640,CUS-002665,2020-12-23 09:00:00,2020-12-24 05:00:00,Account,Store,High,AGT-065,Resolved,4.0
TKT-0002641,CUS-002783,2022-11-02 02:00:00,2022-11-06 15:00:00,Product Quality,Chat,Low,AGT-291,Resolved,5.0
TKT-0002642,CUS-002136,2020-11-30 20:00:00,2020-12-02 06:00:00,Returns,Email,High,AGT-052,Resolved,
TKT-0002643,CUS-004967,2020-07-19 13:00:00,2020-07-20 22:00:00,Product Quality,Email,High,AGT-230,Resolved,4.0
TKT-0002644,CUS-003818,2024-10-16 22:00:00,2024-10-20 20:00:00,Delivery,Store,Medium,AGT-233,Resolved,3.0
TKT-0002645,CUS-002497,2024-09-14 21:00:00,2024-09-15 02:00:00,Delivery,Email,Medium,AGT-115,Resolved,1.0
TKT-0002646,CUS-002554,2024-12-01 15:00:00,2024-12-04 05:00:00,Delivery,Email,Medium,AGT-141,Closed,2.0
TKT-0002647,CUS-000185,2020-09-17 11:00:00,2020-09-18 22:00:00,Delivery,Store,Critical,AGT-261,Resolved,
TKT-0002648,CUS-008780,2022-03-28 16:00:00,2022-04-02 14:00:00,Delivery,Chat,High,AGT-154,Resolved,3.0
TKT-0002649,CUS-004500,2026-07-07 11:00:00,,Returns,Store,Low,AGT-217,Open,
TKT-0002650,CUS-011912,2022-07-01 08:00:00,,Returns,Store,Critical,AGT-235,Open,
TKT-0002651,CUS-002953,2021-01-16 03:00:00,2021-01-19 17:00:00,Product Quality,Chat,Low,AGT-064,Resolved,
TKT-0002652,CUS-003107,2021-02-24 22:00:00,2021-02-27 11:00:00,Technical,Social,Low,AGT-086,Resolved,
TKT-0002653,CUS-008224,2021-03-10 22:00:00,2021-03-11 10:00:00,Returns,Chat,Critical,AGT-306,Resolved,4.0
TKT-0002654,CUS-007605,2020-04-27 20:00:00,2020-04-28 13:00:00,Returns,Social,High,AGT-327,Resolved,5.0
TKT-0002655,CUS-001763,2020-01-08 06:00:00,2020-01-09 03:00:00,Account,Phone,Low,AGT-094,Resolved,3.0
TKT-0002656,CUS-001855,2022-07-03 06:00:00,2022-07-06 04:00:00,Returns,Email,Low,AGT-152,Closed,5.0
TKT-0002657,CUS-007184,2025-06-24 19:00:00,2025-06-27 16:00:00,Delivery,Chat,Medium,AGT-107,Resolved,4.0
TKT-0002658,CUS-002978,2024-10-20 19:00:00,2024-10-23 00:00:00,Delivery,Store,Low,AGT-029,Resolved,
TKT-0002659,CUS-000177,2021-01-09 16:00:00,2021-01-12 23:00:00,Payment,Store,Low,AGT-280,Resolved,3.0
TKT-0002660,CUS-002228,2024-10-05 04:00:00,2024-10-06 12:00:00,Product Quality,Store,Low,AGT-046,Resolved,
TKT-0002661,CUS-001868,2026-03-13 19:00:00,2026-03-16 12:00:00,Account,Email,Medium,AGT-173,Resolved,5.0
TKT-0002662,CUS-006619,2026-03-14 11:00:00,2026-03-16 12:00:00,Returns,Email,Medium,AGT-155,Resolved,5.0
TKT-0002663,CUS-000013,2020-10-18 02:00:00,2020-10-19 03:00:00,Returns,Social,Medium,AGT-154,Resolved,5.0
TKT-0002664,CUS-008119,2023-04-20 03:00:00,2023-04-21 14:00:00,Returns,Email,Medium,AGT-139,Resolved,4.0
TKT-0002665,CUS-010401,2022-09-16 18:00:00,2022-09-20 01:00:00,Returns,Social,Medium,AGT-297,Resolved,5.0
TKT-0002666,CUS-006532,2024-09-08 09:00:00,2024-09-13 08:00:00,Delivery,Store,High,AGT-285,Resolved,
TKT-0002667,CUS-005878,2020-05-19 23:00:00,2020-05-22 06:00:00,Technical,Social,Medium,AGT-296,Resolved,
TKT-0002668,CUS-004602,2024-09-02 12:00:00,2024-09-03 10:00:00,Returns,Email,Medium,AGT-328,Resolved,
TKT-0002669,CUS-002721,2026-08-11 06:00:00,2026-08-13 08:00:00,Product Quality,Chat,High,AGT-296,Resolved,2.0
TKT-0002670,CUS-011356,2023-11-11 06:00:00,2023-11-13 00:00:00,Product Quality,Store,Medium,AGT-228,Resolved,
TKT-0002671,CUS-002300,2025-03-10 22:00:00,2025-03-12 16:00:00,Delivery,Email,Medium,AGT-297,Closed,
TKT-0002672,CUS-004408,2021-11-23 10:00:00,2021-11-23 19:00:00,Returns,Phone,Medium,AGT-180,Closed,5.0
TKT-0002673,CUS-005217,2022-12-23 22:00:00,2022-12-24 22:00:00,Delivery,Social,High,AGT-143,Resolved,4.0
TKT-0002674,CUS-011272,2025-12-01 06:00:00,2025-12-04 00:00:00,Product Quality,Phone,Medium,AGT-179,Resolved,
TKT-0002675,CUS-001627,2021-05-24 15:00:00,2021-05-29 14:00:00,Delivery,Chat,Medium,AGT-258,Resolved,4.0
TKT-0002676,CUS-009366,2023-04-24 22:00:00,2023-04-29 21:00:00,Technical,Email,High,AGT-224,Resolved,4.0
TKT-0002677,CUS-003006,2020-12-06 02:00:00,2020-12-08 09:00:00,Returns,Store,Medium,AGT-027,Resolved,
TKT-0002678,CUS-010673,2020-03-09 13:00:00,2020-03-11 00:00:00,Payment,Phone,Low,AGT-077,Closed,
TKT-0002679,CUS-007955,2021-01-08 00:00:00,,Payment,Phone,Critical,AGT-022,Open,
TKT-0002680,CUS-001468,2024-11-28 00:00:00,2024-12-02 19:00:00,Product Quality,Email,Medium,AGT-176,Resolved,
TKT-0002681,CUS-010188,2020-12-30 21:00:00,2021-01-03 06:00:00,Account,Email,Medium,AGT-255,Resolved,3.0
TKT-0002682,CUS-007681,2022-08-22 16:00:00,2022-08-26 01:00:00,Product Quality,Store,Critical,AGT-091,Resolved,3.0
TKT-0002683,CUS-002246,2023-12-22 10:00:00,2023-12-23 16:00:00,Technical,Social,Low,AGT-165,Resolved,
TKT-0002684,CUS-009566,2021-01-29 13:00:00,2021-02-02 11:00:00,Returns,Email,High,AGT-028,Resolved,5.0
TKT-0002685,CUS-005377,2023-05-08 01:00:00,2023-05-08 20:00:00,Technical,Phone,Low,AGT-210,Resolved,
TKT-0002686,CUS-009060,2022-05-09 12:00:00,,Payment,Chat,Low,AGT-278,Open,
TKT-0002687,CUS-006725,2020-09-18 06:00:00,2020-09-20 02:00:00,Returns,Chat,Medium,AGT-288,Closed,
TKT-0002688,CUS-009183,2021-10-12 13:00:00,2021-10-14 15:00:00,Payment,Social,High,AGT-097,Resolved,3.0
TKT-0002689,CUS-004215,2022-02-20 19:00:00,2022-02-22 08:00:00,Technical,Store,Low,AGT-319,Resolved,3.0
TKT-0002690,CUS-000681,2023-01-10 03:00:00,2023-01-10 13:00:00,Account,Chat,Low,AGT-102,Closed,
TKT-0002691,CUS-004731,2024-08-15 14:00:00,,Delivery,Social,Low,AGT-341,Open,
TKT-0002692,CUS-001509,2021-10-12 08:00:00,2021-10-12 16:00:00,Technical,Social,High,AGT-080,Closed,3.0
TKT-0002693,CUS-002026,2022-10-13 22:00:00,2022-10-18 20:00:00,Payment,Phone,Medium,AGT-135,Resolved,2.0
TKT-0002694,CUS-002448,2023-05-20 02:00:00,2023-05-22 07:00:00,Delivery,Phone,Low,AGT-047,Resolved,
TKT-0002695,CUS-002584,2023-01-29 01:00:00,2023-02-01 16:00:00,Delivery,Store,Low,AGT-346,Closed,3.0
TKT-0002696,CUS-010883,2020-02-18 05:00:00,2020-02-21 14:00:00,Promotion,Phone,Medium,AGT-179,Resolved,3.0
TKT-0002697,CUS-002438,2020-03-12 00:00:00,2020-03-16 20:00:00,Account,Store,High,AGT-217,Resolved,5.0
TKT-0002698,CUS-002520,2024-06-12 17:00:00,2024-06-17 08:00:00,Product Quality,Phone,High,AGT-150,Resolved,3.0
TKT-0002699,CUS-006000,2024-12-19 13:00:00,,Returns,Store,High,AGT-076,Open,
TKT-0002700,CUS-005462,2024-05-20 11:00:00,2024-05-24 18:00:00,Product Quality,Chat,Low,AGT-104,Closed,3.0
TKT-0002701,CUS-010817,2022-12-04 17:00:00,2022-12-06 14:00:00,Returns,Store,Low,AGT-126,Resolved,5.0
TKT-0002702,CUS-000870,2021-09-18 11:00:00,2021-09-20 18:00:00,Product Quality,Store,Medium,AGT-059,Resolved,5.0
TKT-0002703,CUS-011023,2023-11-19 21:00:00,2023-11-20 09:00:00,Delivery,Social,Medium,AGT-236,Resolved,3.0
TKT-0002704,CUS-003414,2022-06-27 09:00:00,2022-06-30 15:00:00,Product Quality,Chat,Medium,AGT-199,Resolved,4.0
TKT-0002705,CUS-004038,2020-01-08 05:00:00,2020-01-09 19:00:00,Technical,Email,Low,AGT-039,Closed,
TKT-0002706,CUS-010880,2025-02-13 03:00:00,2025-02-16 11:00:00,Promotion,Social,High,AGT-240,Closed,
TKT-0002707,CUS-004820,2023-06-13 19:00:00,2023-06-16 07:00:00,Payment,Phone,Medium,AGT-292,Closed,3.0
TKT-0002708,CUS-009783,2021-05-18 03:00:00,2021-05-21 21:00:00,Product Quality,Phone,Medium,AGT-230,Resolved,5.0
TKT-0002709,CUS-007703,2024-06-12 10:00:00,2024-06-14 21:00:00,Delivery,Store,Low,AGT-126,Resolved,1.0
TKT-0002710,CUS-010089,2024-08-08 13:00:00,2024-08-12 09:00:00,Payment,Store,Medium,AGT-021,Resolved,
TKT-0002711,CUS-006994,2022-10-05 11:00:00,2022-10-08 10:00:00,Delivery,Phone,Low,AGT-222,Resolved,3.0
TKT-0002712,CUS-005973,2022-03-15 05:00:00,2022-03-18 11:00:00,Returns,Email,Low,AGT-297,Resolved,4.0
TKT-0002713,CUS-010556,2022-08-07 23:00:00,2022-08-08 04:00:00,Delivery,Chat,Low,AGT-272,Resolved,3.0
TKT-0002714,CUS-010603,2021-05-27 11:00:00,,account,Email,High,AGT-063,Open,
TKT-0002715,CUS-005391,2023-01-17 10:00:00,2023-01-17 14:00:00,Promotion,Chat,Medium,AGT-299,Resolved,
TKT-0002716,CUS-001272,2026-02-07 07:00:00,2026-02-08 21:00:00,Delivery,Phone,Low,AGT-145,Closed,
TKT-0002717,CUS-006852,2020-12-16 19:00:00,2020-12-17 14:00:00,Returns,Social,Medium,AGT-094,Resolved,
TKT-0002718,CUS-007272,2020-07-24 10:00:00,,Delivery,Social,High,AGT-033,Open,
TKT-0002719,CUS-006459,2021-04-17 13:00:00,2021-04-21 10:00:00,Product Quality,Store,Medium,AGT-049,Resolved,5.0
TKT-0002720,CUS-002900,2023-07-18 14:00:00,2023-07-23 00:00:00,Returns,Social,High,AGT-005,Resolved,5.0
TKT-0002721,CUS-008966,2020-04-17 08:00:00,2020-04-17 23:00:00,Payment,Phone,Medium,AGT-043,Closed,
TKT-0002722,CUS-008300,2025-05-12 05:00:00,,Delivery,Social,Low,AGT-240,Open,
TKT-0002723,CUS-009810,2022-10-07 18:00:00,2022-10-09 07:00:00,Product Quality,Social,Low,AGT-289,Resolved,4.0
TKT-0002724,CUS-007721,2024-07-13 02:00:00,2024-07-15 00:00:00,Delivery,Store,High,AGT-221,Resolved,
TKT-0002725,CUS-000290,2023-03-02 21:00:00,2023-03-06 05:00:00,Account,Email,Low,AGT-244,Closed,5.0
TKT-0002726,CUS-009630,2024-08-04 11:00:00,2024-08-08 20:00:00,Promotion,Chat,Low,AGT-331,Resolved,
TKT-0002727,CUS-006696,2021-01-28 02:00:00,2021-01-30 18:00:00,Account,Chat,Medium,AGT-152,Resolved,4.0
TKT-0002728,CUS-007600,2023-07-12 14:00:00,2023-07-13 16:00:00,Returns,Email,Low,AGT-028,Closed,3.0
TKT-0002729,CUS-003762,2025-01-19 09:00:00,,Payment,Chat,High,AGT-167,Open,
TKT-0002730,CUS-009178,2021-05-21 18:00:00,2021-05-25 06:00:00,Product Quality,Chat,High,AGT-148,Resolved,4.0
TKT-0002731,CUS-011249,2024-05-15 03:00:00,2024-05-16 23:00:00,Account,Phone,Low,AGT-308,Resolved,3.0
TKT-0002732,CUS-005854,2024-10-29 03:00:00,2024-10-30 04:00:00,Account,Chat,Low,AGT-077,Resolved,3.0
TKT-0002733,CUS-009718,2024-03-05 03:00:00,2024-03-08 04:00:00,Promotion,Phone,Medium,AGT-005,Resolved,
TKT-0002734,CUS-010433,2026-05-22 00:00:00,,Payment,Email,Low,AGT-196,Open,
TKT-0002735,CUS-003788,2020-07-22 14:00:00,2020-07-25 05:00:00,Payment,Social,Medium,AGT-312,Resolved,
TKT-0002736,CUS-006243,2026-07-12 01:00:00,2026-07-14 05:00:00,Account,Social,Low,AGT-001,Resolved,4.0
TKT-0002737,CUS-010605,2025-04-30 15:00:00,2025-05-02 03:00:00,Delivery,Chat,Critical,AGT-293,Resolved,4.0
TKT-0002738,CUS-010831,2020-04-21 05:00:00,2020-04-22 13:00:00,Delivery,Email,Medium,AGT-193,Resolved,
TKT-0002739,CUS-004621,2025-09-18 01:00:00,2025-09-21 06:00:00,Product Quality,Store,Medium,AGT-009,Resolved,2.0
TKT-0002740,CUS-006926,2025-08-20 06:00:00,2025-08-22 22:00:00,Returns,Chat,Critical,AGT-053,Resolved,4.0
TKT-0002741,CUS-008299,2025-05-27 11:00:00,2025-05-29 09:00:00,Product Quality,Store,Medium,AGT-150,Resolved,3.0
TKT-0002742,CUS-003531,2020-10-21 17:00:00,2020-10-25 00:00:00,Returns,Email,Low,AGT-157,Resolved,4.0
TKT-0002743,CUS-006834,2025-03-07 14:00:00,2025-03-10 03:00:00,Payment,Email,High,AGT-110,Closed,4.0
TKT-0002744,CUS-011107,2020-08-29 19:00:00,2020-08-31 02:00:00,Delivery,Social,Medium,AGT-297,Resolved,
TKT-0002745,CUS-001503,2020-07-24 15:00:00,2020-07-25 00:00:00,Technical,Store,High,AGT-272,Resolved,
TKT-0002746,CUS-008964,2025-06-17 02:00:00,2025-06-18 23:00:00,Payment,Chat,Medium,AGT-180,Resolved,4.0
TKT-0002747,CUS-000587,2023-01-24 01:00:00,2023-01-26 20:00:00,Product Quality,Chat,High,AGT-193,Resolved,
TKT-0002748,CUS-011151,2025-03-28 09:00:00,2025-03-31 16:00:00,Promotion,Email,Low,AGT-246,Resolved,5.0
TKT-0002749,CUS-010255,2020-05-13 10:00:00,2020-05-17 05:00:00,Account,Chat,Low,AGT-011,Resolved,
TKT-0002750,CUS-010628,2026-07-14 05:00:00,2026-07-19 01:00:00,Delivery,Email,Medium,AGT-349,Closed,
TKT-0002751,CUS-004420,2025-01-22 14:00:00,2025-01-24 05:00:00,Delivery,Phone,Low,AGT-013,Resolved,5.0
TKT-0002752,CUS-009955,2025-01-29 08:00:00,2025-02-03 04:00:00,Technical,Store,Low,AGT-070,Closed,1.0
TKT-0002753,CUS-009381,2024-03-01 21:00:00,,Returns,Phone,Low,AGT-062,Open,
TKT-0002754,CUS-002648,2025-05-07 19:00:00,2025-05-11 01:00:00,Returns,Email,Low,AGT-152,Resolved,
TKT-0002755,CUS-011396,2021-06-16 03:00:00,2021-06-18 10:00:00,Technical,Email,Low,AGT-004,Resolved,3.0
TKT-0002756,CUS-006037,2021-03-29 09:00:00,2021-04-02 03:00:00,Returns,Chat,Low,AGT-319,Resolved,5.0
TKT-0002757,CUS-007245,2021-05-17 11:00:00,2021-05-22 02:00:00,Delivery,Chat,Medium,AGT-030,Resolved,
TKT-0002758,CUS-004219,2026-01-02 19:00:00,2026-01-04 14:00:00,Account,Email,Low,AGT-081,Resolved,5.0
TKT-0002759,CUS-002789,2021-10-07 22:00:00,2021-10-12 20:00:00,Product Quality,Social,Medium,AGT-272,Resolved,4.0
TKT-0002760,CUS-011455,2025-02-14 22:00:00,2025-02-17 17:00:00,Returns,Email,Medium,AGT-332,Resolved,1.0
TKT-0002761,CUS-010108,2022-11-25 17:00:00,2022-11-30 13:00:00,Payment,Email,Low,AGT-095,Resolved,4.0
TKT-0002762,CUS-006205,2022-04-25 10:00:00,2022-04-29 12:00:00,Delivery,Store,Low,AGT-322,Resolved,
TKT-0002763,CUS-006608,2023-10-10 03:00:00,2023-10-11 22:00:00,Delivery,Phone,High,AGT-241,Resolved,4.0
TKT-0002764,CUS-011020,2025-11-16 08:00:00,,Delivery,Social,Low,AGT-132,Open,
TKT-0002765,CUS-005014,2021-09-09 11:00:00,2021-09-10 08:00:00,Account,Social,Medium,AGT-033,Resolved,
TKT-0002766,CUS-010204,2026-05-24 10:00:00,2026-05-27 00:00:00,Delivery,Phone,Medium,AGT-325,Resolved,
TKT-0002767,CUS-001077,2023-10-23 21:00:00,2023-10-24 02:00:00,Returns,Chat,Low,AGT-034,Resolved,2.0
TKT-0002768,CUS-011153,2024-04-16 11:00:00,2024-04-16 20:00:00,Account,Social,High,AGT-190,Resolved,2.0
TKT-0002769,CUS-007761,2023-11-09 02:00:00,2023-11-09 04:00:00,Delivery,Social,Medium,AGT-148,Resolved,3.0
TKT-0002770,CUS-007783,2025-12-25 19:00:00,2025-12-30 18:00:00,Technical,Store,Low,AGT-193,Resolved,
TKT-0002771,CUS-008759,2022-12-06 20:00:00,2022-12-08 17:00:00,Account,Email,Low,AGT-299,Resolved,
TKT-0002772,CUS-011286,2020-08-30 01:00:00,2020-09-01 06:00:00,Returns,Chat,High,AGT-190,Resolved,
TKT-0002773,CUS-005964,2024-07-28 00:00:00,2024-07-31 10:00:00,Delivery,Phone,Low,AGT-215,Resolved,4.0
TKT-0002774,CUS-007862,2024-06-24 20:00:00,2024-06-29 10:00:00,Delivery,Store,High,AGT-096,Resolved,3.0
TKT-0002775,CUS-003228,2021-11-23 14:00:00,2021-11-26 21:00:00,Technical,Social,Critical,AGT-305,Resolved,
TKT-0002776,CUS-001099,2026-06-04 04:00:00,2026-06-05 00:00:00,Payment,Email,Low,AGT-189,Resolved,4.0
TKT-0002777,CUS-010647,2023-03-15 04:00:00,2023-03-16 12:00:00,Delivery,Email,Low,AGT-339,Resolved,
TKT-0002778,CUS-009658,2024-10-23 17:00:00,2024-10-27 16:00:00,Account,Phone,Medium,AGT-175,Resolved,
TKT-0002779,CUS-003652,2026-02-04 07:00:00,2026-02-07 19:00:00,Product Quality,Social,Medium,AGT-166,Resolved,
TKT-0002780,CUS-004939,2020-03-02 18:00:00,2020-03-04 05:00:00,Product Quality,Phone,Medium,AGT-202,Resolved,
TKT-0002781,CUS-006491,2022-10-20 02:00:00,2022-10-24 20:00:00,Product Quality,Chat,High,AGT-072,Resolved,3.0
TKT-0002782,CUS-000712,2023-05-15 22:00:00,2023-05-16 20:00:00,Account,Email,Low,AGT-345,Resolved,5.0
TKT-0002783,CUS-011397,2024-03-26 09:00:00,2024-03-28 09:00:00,Account,Chat,Low,AGT-341,Resolved,4.0
TKT-0002784,CUS-009865,2021-05-22 02:00:00,2021-05-25 18:00:00,Delivery,Email,High,AGT-160,Resolved,2.0
TKT-0002785,CUS-001801,2020-01-01 12:00:00,2020-01-03 04:00:00,Delivery,Social,High,AGT-049,Resolved,4.0
TKT-0002786,CUS-010827,2025-01-25 16:00:00,2025-01-29 09:00:00,Returns,Social,High,AGT-120,Closed,
TKT-0002787,CUS-001145,2022-06-28 17:00:00,2022-06-29 02:00:00,Payment,Chat,Low,AGT-261,Resolved,
TKT-0002788,CUS-005036,2020-10-13 19:00:00,,Technical,Social,High,AGT-292,Open,
TKT-0002789,CUS-008614,2022-02-13 17:00:00,2022-02-17 23:00:00,Promotion,Email,High,AGT-002,Closed,
TKT-0002790,CUS-002773,2022-01-19 01:00:00,,Product Quality,Phone,Low,AGT-132,Open,
TKT-0002791,CUS-001884,2025-09-24 21:00:00,2025-09-27 04:00:00,Delivery,Social,Medium,AGT-048,Resolved,
TKT-0002792,CUS-007289,2022-04-18 02:00:00,,Product Quality,Chat,High,AGT-200,Open,
TKT-0002793,CUS-007789,2022-10-13 22:00:00,2022-10-18 03:00:00,Promotion,Phone,High,AGT-224,Resolved,4.0
TKT-0002794,CUS-004306,2021-12-12 15:00:00,2021-12-17 03:00:00,Product Quality,Store,Critical,AGT-211,Resolved,
TKT-0002795,CUS-011449,2024-10-22 18:00:00,2024-10-26 04:00:00,Delivery,Email,Medium,AGT-320,Resolved,
TKT-0002796,CUS-010551,2025-11-24 15:00:00,2025-11-29 06:00:00,Delivery,Store,High,AGT-258,Closed,
TKT-0002797,CUS-004976,2021-11-13 21:00:00,2021-11-17 03:00:00,Delivery,Chat,Low,AGT-172,Resolved,4.0
TKT-0002798,CUS-002209,2020-11-30 22:00:00,2020-12-02 02:00:00,Product Quality,Email,Low,AGT-279,Resolved,
TKT-0002799,CUS-003912,2023-08-03 06:00:00,2023-08-03 23:00:00,Returns,Social,Medium,AGT-141,Resolved,
TKT-0002800,CUS-002097,2024-07-01 22:00:00,2024-07-04 03:00:00,Returns,Email,Low,AGT-278,Resolved,
TKT-0002801,CUS-001512,2021-07-22 11:00:00,2021-07-26 16:00:00,Promotion,Store,Medium,AGT-251,Resolved,
TKT-0002802,CUS-001279,2021-01-22 10:00:00,2021-01-26 07:00:00,Technical,Phone,Medium,AGT-348,Resolved,4.0
TKT-0002803,CUS-011887,2020-03-30 21:00:00,2020-03-31 22:00:00,Delivery,Store,Low,AGT-299,Resolved,
TKT-0002804,CUS-002569,2025-11-02 09:00:00,2025-11-02 23:00:00,Promotion,Social,Low,AGT-182,Resolved,
TKT-0002805,CUS-009805,2024-04-13 02:00:00,2024-04-15 18:00:00,Technical ,Email,Low,AGT-255,Resolved,5.0
TKT-0002806,CUS-010418,2022-01-20 18:00:00,2022-01-24 06:00:00,Payment,Social,Medium,AGT-237,Resolved,5.0
TKT-0002807,CUS-002155,2026-02-04 12:00:00,2026-02-06 09:00:00,Promotion,Store,Medium,AGT-236,Resolved,2.0
TKT-0002808,CUS-009877,2022-12-18 19:00:00,,Returns,Email,Low,AGT-262,Open,
TKT-0002809,CUS-000759,2023-11-12 08:00:00,2023-11-14 21:00:00,Returns,Chat,High,AGT-176,Resolved,4.0
TKT-0002810,CUS-011054,2021-06-15 08:00:00,2021-06-18 10:00:00,Delivery,Social,Low,AGT-092,Resolved,4.0
TKT-0002811,CUS-007838,2022-02-05 03:00:00,2022-02-07 09:00:00,Returns,Chat,High,AGT-080,Closed,
TKT-0002812,CUS-001304,2022-07-19 18:00:00,2022-07-22 17:00:00,Payment,Store,Low,AGT-121,Resolved,
TKT-0002813,CUS-003961,2024-09-09 10:00:00,2024-09-12 06:00:00,Payment,Phone,Medium,AGT-156,Resolved,3.0
TKT-0002814,CUS-010560,2020-03-01 06:00:00,2020-03-05 21:00:00,Product Quality,Email,Critical,AGT-187,Resolved,5.0
TKT-0002815,CUS-006477,2025-11-17 08:00:00,2025-11-17 23:00:00,Delivery,Chat,Low,AGT-014,Resolved,5.0
TKT-0002816,CUS-002605,2025-02-09 10:00:00,2025-02-13 07:00:00,Technical,Store,Low,AGT-168,Resolved,1.0
TKT-0002817,CUS-004970,2024-06-22 22:00:00,2024-06-25 13:00:00,Delivery,Chat,Medium,AGT-050,Resolved,
TKT-0002818,CUS-004819,2021-06-09 03:00:00,,Technical,Chat,Low,AGT-210,Open,
TKT-0002819,CUS-005581,2020-12-08 18:00:00,2020-12-11 09:00:00,Technical,Store,Low,AGT-232,Resolved,
TKT-0002820,CUS-003807,2024-09-21 21:00:00,2024-09-23 07:00:00,Payment,Phone,Low,AGT-002,Resolved,1.0
TKT-0002821,CUS-009159,2025-12-17 02:00:00,,Payment,Phone,Low,AGT-095,Open,
TKT-0002822,CUS-009339,2024-01-06 05:00:00,2024-01-07 17:00:00,Product Quality,Store,Medium,AGT-241,Resolved,5.0
TKT-0002823,CUS-009262,2023-07-06 10:00:00,,Payment,Store,Low,AGT-139,Open,
TKT-0002824,CUS-000819,2020-10-24 09:00:00,2020-10-28 08:00:00,Delivery,Chat,High,AGT-148,Resolved,
TKT-0002825,CUS-004410,2022-10-17 00:00:00,2022-10-21 23:00:00,Delivery,Phone,Low,AGT-292,Resolved,
TKT-0002826,CUS-005492,2022-02-14 22:00:00,2022-02-19 05:00:00,Technical,Chat,High,AGT-174,Resolved,1.0
TKT-0002827,CUS-004930,2026-05-13 08:00:00,2026-05-14 09:00:00,Account,Email,Medium,AGT-073,Resolved,2.0
TKT-0002828,CUS-003627,2020-03-29 14:00:00,2020-03-30 16:00:00,Payment,Email,Low,AGT-137,Closed,
TKT-0002829,CUS-001476,2021-02-19 16:00:00,2021-02-22 06:00:00,Delivery,Email,Medium,AGT-061,Resolved,
TKT-0002830,CUS-000141,2022-02-10 01:00:00,,Product Quality,Chat,Low,AGT-105,Open,
TKT-0002831,CUS-000249,2020-02-17 00:00:00,2020-02-19 21:00:00,Account,Social,Medium,AGT-052,Resolved,4.0
TKT-0002832,CUS-005881,2022-12-16 00:00:00,2022-12-17 23:00:00,Returns,Social,High,AGT-261,Resolved,
TKT-0002833,CUS-007258,2024-04-01 16:00:00,2024-04-04 12:00:00,Payment,Phone,Medium,AGT-111,Resolved,
TKT-0002834,CUS-009110,2020-01-02 02:00:00,,Account,Email,Medium,AGT-031,Open,
TKT-0002835,CUS-007538,2020-06-14 14:00:00,2020-06-18 14:00:00,Payment,Chat,Low,AGT-238,Closed,4.0
TKT-0002836,CUS-000057,2022-11-18 22:00:00,2022-11-23 19:00:00,Product Quality,Email,High,AGT-153,Resolved,
TKT-0002837,CUS-006445,2025-08-10 18:00:00,2025-08-11 00:00:00,Delivery,Phone,Medium,AGT-101,Resolved,3.0
TKT-0002838,CUS-007191,2026-04-09 21:00:00,2026-04-14 11:00:00,Returns,Email,Medium,AGT-007,Resolved,
TKT-0002839,CUS-000167,2020-02-14 15:00:00,2020-02-16 15:00:00,Payment,Phone,Medium,AGT-087,Resolved,5.0
TKT-0002840,CUS-008293,2024-09-16 08:00:00,2024-09-21 02:00:00,Product Quality,Email,Low,AGT-189,Closed,4.0
TKT-0002841,CUS-000496,2025-09-17 13:00:00,,Account,Phone,Medium,AGT-188,Open,
TKT-0002842,CUS-011352,2020-01-11 02:00:00,2020-01-11 11:00:00,Returns,Phone,High,AGT-288,Resolved,
TKT-0002843,CUS-004107,2022-07-30 11:00:00,2022-08-01 04:00:00,Product Quality,Email,High,AGT-018,Closed,
TKT-0002844,CUS-009136,2024-01-31 05:00:00,2024-02-02 06:00:00,Product Quality,Chat,Low,AGT-099,Closed,
TKT-0002845,CUS-011548,2020-05-30 12:00:00,2020-06-01 19:00:00,Delivery,Social,Low,AGT-280,Resolved,
TKT-0002846,CUS-001394,2022-02-08 02:00:00,2022-02-08 23:00:00,Delivery,Phone,High,AGT-090,Resolved,
TKT-0002847,CUS-000048,2023-07-03 00:00:00,2023-07-06 17:00:00,Product Quality,Social,Low,AGT-331,Resolved,1.0
TKT-0002848,CUS-004240,2020-07-02 01:00:00,2020-07-03 19:00:00,Promotion,Social,Low,AGT-134,Closed,4.0
TKT-0002849,CUS-006345,2024-02-10 01:00:00,2024-02-12 21:00:00,Delivery,Store,Medium,AGT-220,Resolved,
TKT-0002850,CUS-008515,2025-07-25 01:00:00,,Payment,Social,Medium,AGT-083,Open,
TKT-0002851,CUS-000600,2020-10-31 20:00:00,2020-11-04 02:00:00,Delivery,Email,Critical,AGT-217,Resolved,3.0
TKT-0002852,CUS-006459,2025-05-01 12:00:00,2025-05-06 06:00:00,Delivery,Social,Low,AGT-152,Resolved,5.0
TKT-0002853,CUS-009004,2024-04-24 12:00:00,2024-04-27 18:00:00,Returns,Store,High,AGT-073,Resolved,
TKT-0002854,CUS-008194,2023-04-19 16:00:00,2023-04-21 08:00:00,Technical,Email,Low,AGT-147,Resolved,5.0
TKT-0002855,CUS-007550,2025-09-06 21:00:00,,Product Quality,Store,Low,AGT-237,Open,
TKT-0002856,CUS-010763,2024-08-13 23:00:00,2024-08-14 03:00:00,Technical,Social,Medium,AGT-204,Resolved,5.0
TKT-0002857,CUS-011638,2022-04-02 13:00:00,2022-04-07 06:00:00,Delivery,Chat,Medium,AGT-117,Resolved,
TKT-0002858,CUS-004231,2021-05-02 15:00:00,2021-05-03 09:00:00,Product Quality,Social,Medium,AGT-125,Resolved,5.0
TKT-0002859,CUS-011202,2026-02-18 05:00:00,,Product Quality,Email,Low,AGT-026,Open,
TKT-0002860,CUS-003039,2025-07-15 15:00:00,2025-07-15 20:00:00,Product Quality,Email,Critical,AGT-175,Resolved,5.0
TKT-0002861,CUS-007848,2023-04-13 04:00:00,,Delivery,Store,High,AGT-152,Open,
TKT-0002862,CUS-001891,2025-12-17 21:00:00,2025-12-21 00:00:00,Delivery,Phone,Medium,AGT-114,Resolved,
TKT-0002863,CUS-008050,2024-09-25 03:00:00,2024-09-26 12:00:00,Payment,Chat,High,AGT-123,Resolved,3.0
TKT-0002864,CUS-003141,2025-06-14 12:00:00,2025-06-17 09:00:00,Technical,Email,Low,AGT-127,Resolved,5.0
TKT-0002865,CUS-011472,2024-05-03 12:00:00,2024-05-06 17:00:00,Payment,Phone,Medium,AGT-115,Resolved,5.0
TKT-0002866,CUS-004001,2024-10-14 22:00:00,2024-10-17 11:00:00,Delivery,Social,Medium,AGT-044,Resolved,3.0
TKT-0002867,CUS-003007,2023-11-15 14:00:00,2023-11-20 02:00:00,Returns,Chat,Medium,AGT-046,Resolved,
TKT-0002868,CUS-009284,2021-07-22 23:00:00,,Account,Chat,Low,AGT-196,Open,
TKT-0002869,CUS-011744,2020-01-29 19:00:00,2020-02-03 09:00:00,Returns,Social,High,AGT-033,Resolved,
TKT-0002870,CUS-009465,2024-08-02 09:00:00,2024-08-04 05:00:00,Returns,Social,Low,AGT-143,Resolved,
TKT-0002871,CUS-009660,2023-10-19 04:00:00,2023-10-23 15:00:00,Delivery,Chat,Medium,AGT-314,Resolved,
TKT-0002872,CUS-011966,2021-09-20 05:00:00,2021-09-23 23:00:00,Delivery,Store,Low,AGT-333,Closed,
TKT-0002873,CUS-002471,2023-09-01 19:00:00,2023-09-02 09:00:00,payment,Phone,Medium,AGT-087,Resolved,4.0
TKT-0002874,CUS-005769,2023-05-22 10:00:00,2023-05-25 15:00:00,Technical,Email,High,AGT-169,Resolved,1.0
TKT-0002875,CUS-003799,2023-05-20 12:00:00,2023-05-22 02:00:00,Returns,Chat,Low,AGT-348,Resolved,4.0
TKT-0002876,CUS-001556,2025-05-30 20:00:00,2025-06-01 08:00:00,Returns,Social,Medium,AGT-059,Resolved,
TKT-0002877,CUS-006249,2023-11-10 01:00:00,2023-11-15 00:00:00,Payment,Social,Low,AGT-141,Resolved,
TKT-0002878,CUS-005455,2023-11-27 22:00:00,2023-11-29 16:00:00,Returns,Email,Medium,AGT-081,Closed,
TKT-0002879,CUS-004419,2024-12-26 00:00:00,2024-12-27 17:00:00,Technical,Social,Low,AGT-114,Resolved,
TKT-0002880,CUS-000815,2026-06-03 17:00:00,,Returns,Chat,Medium,AGT-047,Open,
TKT-0002881,CUS-010107,2022-05-27 00:00:00,2022-05-31 10:00:00,Product Quality,Store,Low,AGT-013,Resolved,4.0
TKT-0002882,CUS-004206,2023-05-02 15:00:00,,Returns,Social,Low,AGT-272,Open,
TKT-0002883,CUS-002249,2022-11-10 07:00:00,2022-11-14 07:00:00,Product Quality,Social,Medium,AGT-100,Resolved,
TKT-0002884,CUS-000027,2020-11-03 06:00:00,,Returns,Phone,Medium,AGT-081,Open,
TKT-0002885,CUS-006267,2020-02-07 21:00:00,2020-02-10 08:00:00,Account,Social,Low,AGT-273,Resolved,
TKT-0002886,CUS-000226,2024-01-29 03:00:00,2024-02-02 02:00:00,Payment,Store,Low,AGT-030,Resolved,5.0
TKT-0002887,CUS-005238,2024-10-17 17:00:00,,Delivery,Phone,High,AGT-129,Open,
TKT-0002888,CUS-006235,2020-06-04 17:00:00,2020-06-06 06:00:00,Promotion,Email,Low,AGT-320,Resolved,5.0
TKT-0002889,CUS-002282,2025-06-10 18:00:00,2025-06-13 05:00:00,Technical,Email,Medium,AGT-319,Closed,5.0
TKT-0002890,CUS-002000,2022-04-23 10:00:00,2022-04-28 00:00:00,Delivery,Store,Low,AGT-146,Resolved,
TKT-0002891,CUS-002277,2022-10-16 08:00:00,2022-10-20 14:00:00,Returns,Email,Medium,AGT-113,Resolved,
TKT-0002892,CUS-003205,2020-12-25 13:00:00,2020-12-27 20:00:00,Returns,Store,Medium,AGT-232,Resolved,3.0
TKT-0002893,CUS-004389,2023-09-06 00:00:00,2023-09-09 09:00:00,Delivery,Email,Medium,AGT-095,Resolved,1.0
TKT-0002894,CUS-001441,2021-10-01 05:00:00,2021-10-05 23:00:00,Account,Store,Medium,AGT-234,Resolved,5.0
TKT-0002895,CUS-002951,2023-03-17 16:00:00,2023-03-21 12:00:00,Delivery,Store,Low,AGT-152,Resolved,4.0
TKT-0002896,CUS-010022,2025-01-18 09:00:00,2025-01-19 05:00:00,Returns,Store,Medium,AGT-006,Resolved,3.0
TKT-0002897,CUS-005266,2022-01-03 22:00:00,2022-01-04 11:00:00,Returns,Email,Low,AGT-112,Resolved,4.0
TKT-0002898,CUS-009492,2020-11-08 05:00:00,2020-11-13 03:00:00,Returns,Email,Medium,AGT-056,Resolved,
TKT-0002899,CUS-001578,2021-10-12 15:00:00,2021-10-17 10:00:00,Returns,Chat,Medium,AGT-271,Closed,4.0
TKT-0002900,CUS-009407,2020-12-29 19:00:00,2020-12-29 20:00:00,Product Quality,Email,Low,AGT-008,Resolved,
TKT-0002901,CUS-000078,2021-01-26 05:00:00,2021-01-28 06:00:00,Promotion,Chat,Medium,AGT-029,Resolved,
TKT-0002902,CUS-004535,2020-10-14 04:00:00,2020-10-15 20:00:00,Technical,Phone,Low,AGT-009,Resolved,
TKT-0002903,CUS-010938,2026-08-14 11:00:00,2026-08-17 09:00:00,Payment,Store,Low,AGT-288,Resolved,
TKT-0002904,CUS-001670,2020-01-08 04:00:00,2020-01-13 02:00:00,Returns,Phone,Medium,AGT-003,Resolved,
TKT-0002905,CUS-007232,2025-11-25 02:00:00,2025-11-26 17:00:00,Payment,Social,Critical,AGT-102,Resolved,4.0
TKT-0002906,CUS-011458,2023-07-05 19:00:00,2023-07-10 01:00:00,Technical,Social,Medium,AGT-257,Resolved,
TKT-0002907,CUS-010746,2024-06-18 04:00:00,2024-06-20 07:00:00,Returns,Social,Medium,AGT-115,Resolved,5.0
TKT-0002908,CUS-001759,2026-07-26 01:00:00,2026-07-27 09:00:00,Product Quality,Store,Low,AGT-078,Resolved,
TKT-0002909,CUS-004488,2020-10-16 04:00:00,2020-10-19 01:00:00,Payment,Chat,High,AGT-122,Resolved,4.0
TKT-0002910,CUS-004500,2023-04-10 23:00:00,2023-04-11 04:00:00,Delivery,Social,Medium,AGT-108,Closed,4.0
TKT-0002911,CUS-007617,2026-05-12 21:00:00,2026-05-13 10:00:00,Delivery,Chat,Medium,AGT-272,Resolved,
TKT-0002912,CUS-011421,2026-07-04 23:00:00,2026-07-08 22:00:00,Delivery,Chat,Medium,AGT-152,Resolved,5.0
TKT-0002913,CUS-006149,2025-04-12 10:00:00,2025-04-14 23:00:00,Promotion,Phone,Low,AGT-294,Resolved,4.0
TKT-0002914,CUS-004549,2020-02-06 16:00:00,2020-02-07 02:00:00,Technical,Chat,Low,AGT-262,Resolved,4.0
TKT-0002915,CUS-001200,2022-06-09 12:00:00,,Technical,Email,Medium,AGT-154,Open,
TKT-0002916,CUS-001919,2024-10-10 23:00:00,2024-10-15 08:00:00,Account,Chat,Low,AGT-313,Resolved,2.0
TKT-0002917,CUS-000544,2021-11-11 20:00:00,2021-11-14 04:00:00,Payment,Store,Critical,AGT-292,Resolved,
TKT-0002918,CUS-005518,2024-08-31 12:00:00,2024-09-04 14:00:00,Delivery,Social,Low,AGT-143,Resolved,5.0
TKT-0002919,CUS-010952,2024-10-18 00:00:00,2024-10-21 07:00:00,Delivery,Phone,Medium,AGT-339,Resolved,5.0
TKT-0002920,CUS-006766,2021-11-15 05:00:00,2021-11-18 07:00:00,Delivery,Email,Critical,AGT-163,Resolved,5.0
TKT-0002921,CUS-002965,2026-01-25 07:00:00,2026-01-28 07:00:00,Product Quality,Phone,Medium,AGT-126,Resolved,5.0
TKT-0002922,CUS-009817,2025-10-16 22:00:00,2025-10-17 03:00:00,Delivery,Email,Medium,AGT-146,Resolved,
TKT-0002923,CUS-007580,2020-08-29 09:00:00,2020-09-01 11:00:00,Payment,Phone,Medium,AGT-188,Resolved,2.0
TKT-0002924,CUS-001829,2023-04-18 09:00:00,2023-04-23 01:00:00,Product Quality,Social,High,AGT-039,Closed,3.0
TKT-0002925,CUS-002869,2025-04-05 19:00:00,2025-04-06 03:00:00,Delivery,Phone,Low,AGT-249,Closed,3.0
TKT-0002926,CUS-010695,2022-02-03 08:00:00,2022-02-03 14:00:00,Product Quality,Email,Low,AGT-192,Resolved,3.0
TKT-0002927,CUS-006004,2026-08-07 09:00:00,2026-08-08 19:00:00,Delivery,Chat,High,AGT-175,Resolved,5.0
TKT-0002928,CUS-008188,2023-11-26 04:00:00,2023-11-29 09:00:00,Returns,Social,Low,AGT-158,Resolved,5.0
TKT-0002929,CUS-004464,2020-07-18 04:00:00,2020-07-18 06:00:00,Delivery,Email,Low,AGT-138,Closed,
TKT-0002930,CUS-008029,2022-11-08 14:00:00,2022-11-09 05:00:00,Promotion,Email,Medium,AGT-271,Resolved,
TKT-0002931,CUS-011882,2021-09-11 12:00:00,2021-09-12 13:00:00,Technical,Email,High,AGT-065,Resolved,
TKT-0002932,CUS-005139,2021-03-19 04:00:00,2021-03-23 00:00:00,Payment,Social,Critical,AGT-163,Closed,5.0
TKT-0002933,CUS-005968,2024-05-17 00:00:00,2024-05-17 20:00:00,Product Quality,Store,Low,AGT-276,Resolved,
TKT-0002934,CUS-005311,2022-10-29 14:00:00,2022-11-01 13:00:00,Delivery,Store,Low,AGT-174,Resolved,3.0
TKT-0002935,CUS-009547,2021-12-21 08:00:00,2021-12-22 04:00:00,Returns,Social,Low,AGT-208,Closed,3.0
TKT-0002936,CUS-001941,2022-02-13 09:00:00,2022-02-15 12:00:00,Product Quality,Social,Low,AGT-079,Resolved,
TKT-0002937,CUS-011873,2021-03-24 09:00:00,2021-03-26 21:00:00,Payment,Email,Medium,AGT-250,Resolved,
TKT-0002938,CUS-000082,2023-10-26 00:00:00,2023-10-27 12:00:00,Returns,Store,Low,AGT-154,Resolved,
TKT-0002939,CUS-006836,2022-10-05 14:00:00,2022-10-09 13:00:00,Delivery,Chat,Low,AGT-089,Closed,4.0
TKT-0002940,CUS-005456,2025-05-12 08:00:00,2025-05-15 22:00:00,Account,Store,Medium,AGT-299,Resolved,
TKT-0002941,CUS-004818,2024-12-02 11:00:00,2024-12-05 18:00:00,Returns,Store,Low,AGT-211,Resolved,5.0
TKT-0002942,CUS-004180,2025-07-23 04:00:00,2025-07-24 04:00:00,Delivery,Social,Medium,AGT-012,Resolved,
TKT-0002943,CUS-000702,2021-03-06 08:00:00,2021-03-06 15:00:00,Technical,Email,Medium,AGT-094,Resolved,5.0
TKT-0002944,CUS-004805,2026-07-09 19:00:00,2026-07-11 05:00:00,Account,Phone,Low,AGT-012,Resolved,5.0
TKT-0002945,CUS-004176,2024-04-27 11:00:00,2024-05-02 10:00:00,Product Quality,Phone,Medium,AGT-230,Resolved,5.0
TKT-0002946,CUS-003514,2022-01-25 10:00:00,2022-01-26 18:00:00,Delivery,Social,Low,AGT-059,Resolved,
TKT-0002947,CUS-009474,2026-08-28 15:00:00,2026-09-02 09:00:00,Technical,Store,Low,AGT-064,Resolved,
TKT-0002948,CUS-008316,2025-01-05 05:00:00,2025-01-05 22:00:00,Product Quality,Store,Medium,AGT-109,Closed,5.0
TKT-0002949,CUS-004083,2022-12-04 20:00:00,2022-12-09 14:00:00,Product Quality,Email,Medium,AGT-063,Resolved,4.0
TKT-0002950,CUS-002038,2026-01-21 18:00:00,2026-01-25 13:00:00,Delivery,Phone,Critical,AGT-131,Resolved,5.0
TKT-0002951,CUS-002331,2020-10-05 07:00:00,2020-10-09 11:00:00,Returns,Phone,High,AGT-137,Closed,
TKT-0002952,CUS-007734,2023-06-23 18:00:00,2023-06-23 20:00:00,Account,Chat,Low,AGT-103,Closed,
TKT-0002953,CUS-007985,2022-09-05 08:00:00,,Promotion,Store,Critical,AGT-349,Open,
TKT-0002954,CUS-010036,2021-09-18 12:00:00,2021-09-21 10:00:00,Account,Social,Low,AGT-154,Resolved,4.0
TKT-0002955,CUS-001434,2025-01-12 02:00:00,2025-01-13 22:00:00,Account,Store,Medium,AGT-157,Resolved,2.0
TKT-0002956,CUS-003898,2020-10-01 08:00:00,2020-10-04 20:00:00,Product Quality,Store,Medium,AGT-124,Resolved,
TKT-0002957,CUS-000370,2022-08-28 20:00:00,2022-08-30 22:00:00,Delivery,Phone,Low,AGT-196,Resolved,1.0
TKT-0002958,CUS-003161,2022-03-14 16:00:00,2022-03-17 02:00:00,Returns,Chat,High,AGT-343,Resolved,5.0
TKT-0002959,CUS-007461,2022-06-04 08:00:00,2022-06-08 23:00:00,Returns,Phone,Medium,AGT-178,Resolved,4.0
TKT-0002960,CUS-010439,2020-06-18 13:00:00,,Technical,Social,Medium,AGT-218,Open,
TKT-0002961,CUS-003584,2020-03-14 21:00:00,2020-03-16 21:00:00,Account,Phone,Low,AGT-272,Resolved,4.0
TKT-0002962,CUS-000583,2022-08-08 00:00:00,2022-08-08 19:00:00,Account,Phone,Medium,AGT-083,Resolved,1.0
TKT-0002963,CUS-010448,2021-07-31 00:00:00,2021-08-03 16:00:00,Returns,Store,Low,AGT-191,Resolved,
TKT-0002964,CUS-004505,2021-02-21 20:00:00,2021-02-24 14:00:00,Delivery,Phone,Low,AGT-063,Resolved,5.0
TKT-0002965,CUS-005258,2024-01-12 01:00:00,2024-01-16 20:00:00,Product Quality,Social,Medium,AGT-347,Resolved,
TKT-0002966,CUS-005979,2020-01-20 17:00:00,2020-01-22 03:00:00,Returns,Email,Medium,AGT-158,Resolved,5.0
TKT-0002967,CUS-001021,2021-10-08 11:00:00,2021-10-09 01:00:00,Delivery,Store,Low,AGT-052,Resolved,3.0
TKT-0002968,CUS-002156,2025-08-10 18:00:00,2025-08-12 10:00:00,Technical,Phone,Low,AGT-330,Resolved,
TKT-0002969,CUS-011091,2023-06-23 21:00:00,2023-06-26 03:00:00,Promotion,Phone,Low,AGT-075,Resolved,
TKT-0002970,CUS-011544,2021-10-31 12:00:00,2021-11-02 19:00:00,Payment,Social,Medium,AGT-205,Closed,
TKT-0002971,CUS-008342,2024-12-07 09:00:00,2024-12-11 01:00:00,Account,Store,High,AGT-314,Resolved,3.0
TKT-0002972,CUS-001863,2022-09-09 23:00:00,,Product Quality ,Phone,Medium,AGT-310,Open,
TKT-0002973,CUS-010124,2025-08-01 14:00:00,2025-08-04 09:00:00,Technical,Social,Low,AGT-232,Resolved,2.0
TKT-0002974,CUS-009286,2020-12-29 03:00:00,2021-01-01 21:00:00,Product Quality,Store,Medium,AGT-028,Resolved,5.0
TKT-0002975,CUS-007238,2024-10-04 07:00:00,2024-10-06 00:00:00,Payment,Phone,Medium,AGT-186,Resolved,
TKT-0002976,CUS-011849,2022-04-21 12:00:00,2022-04-23 07:00:00,Delivery,Social,Medium,AGT-031,Resolved,
TKT-0002977,CUS-003340,2020-08-21 22:00:00,2020-08-22 00:00:00,Delivery,Social,Medium,AGT-028,Closed,5.0
TKT-0002978,CUS-000780,2023-11-25 00:00:00,2023-11-29 01:00:00,Returns,Social,High,AGT-285,Closed,
TKT-0002979,CUS-002059,2023-07-16 19:00:00,2023-07-17 22:00:00,Product Quality,Social,Medium,AGT-053,Resolved,5.0
TKT-0002980,CUS-002719,2021-06-07 05:00:00,2021-06-11 03:00:00,Payment,Email,Medium,AGT-092,Closed,
TKT-0002981,CUS-000219,2020-04-26 11:00:00,2020-04-29 16:00:00,Delivery,Social,Medium,AGT-255,Resolved,5.0
TKT-0002982,CUS-002659,2026-01-11 13:00:00,2026-01-12 17:00:00,Payment,Store,High,AGT-126,Resolved,
TKT-0002983,CUS-011764,2022-07-31 16:00:00,2022-08-01 20:00:00,Returns,Chat,Medium,AGT-237,Resolved,
TKT-0002984,CUS-008316,2025-01-22 03:00:00,2025-01-22 11:00:00,Delivery,Social,Low,AGT-249,Resolved,3.0
TKT-0002985,CUS-003795,2026-02-06 21:00:00,2026-02-10 11:00:00,Technical,Chat,High,AGT-102,Resolved,5.0
TKT-0002986,CUS-004679,2025-10-08 19:00:00,2025-10-11 05:00:00,Product Quality,Chat,Low,AGT-336,Resolved,
TKT-0002987,CUS-000743,2024-06-02 09:00:00,2024-06-07 04:00:00,Delivery,Social,High,AGT-229,Resolved,4.0
TKT-0002988,CUS-004523,2026-07-30 03:00:00,,Delivery,Store,Critical,AGT-168,Open,
TKT-0002989,CUS-001476,2024-09-24 09:00:00,2024-09-28 05:00:00,Product Quality,Social,Low,AGT-183,Resolved,5.0
TKT-0002990,CUS-009447,2021-12-16 18:00:00,2021-12-17 10:00:00,Payment,Chat,High,AGT-296,Resolved,
TKT-0002991,CUS-011433,2023-11-15 16:00:00,,Returns,Chat,Medium,AGT-286,Open,
TKT-0002992,CUS-001649,2022-12-24 22:00:00,2022-12-27 22:00:00,Returns,Phone,Medium,AGT-034,Resolved,5.0
TKT-0002993,CUS-004621,2023-04-23 21:00:00,2023-04-28 12:00:00,Delivery,Social,High,AGT-327,Resolved,2.0
TKT-0002994,CUS-003339,2021-03-06 07:00:00,2021-03-11 04:00:00,Promotion,Phone,Medium,AGT-290,Resolved,
TKT-0002995,CUS-001872,2022-05-10 20:00:00,2022-05-15 05:00:00,Payment,Email,High,AGT-338,Resolved,5.0
TKT-0002996,CUS-011884,2022-02-25 00:00:00,2022-03-01 17:00:00,Payment,Chat,Medium,AGT-039,Resolved,4.0
TKT-0002997,CUS-005959,2025-09-17 05:00:00,2025-09-20 10:00:00,Promotion,Phone,Low,AGT-138,Closed,
TKT-0002998,CUS-009412,2023-01-24 18:00:00,2023-01-28 01:00:00,Delivery,Social,Low,AGT-154,Resolved,
TKT-0002999,CUS-004306,2021-05-19 23:00:00,2021-05-20 14:00:00,Delivery,Store,Medium,AGT-272,Resolved,5.0
TKT-0003000,CUS-006902,2025-10-07 02:00:00,2025-10-11 11:00:00,Returns,Chat,Low,AGT-246,Resolved,
TKT-0003001,CUS-001350,2024-12-16 11:00:00,2024-12-17 23:00:00,account,Email,Low,AGT-139,Closed,3.0
TKT-0003002,CUS-005288,2020-11-06 02:00:00,2020-11-07 02:00:00,Delivery,Social,Medium,AGT-250,Resolved,4.0
TKT-0003003,CUS-000841,2026-03-21 13:00:00,2026-03-24 06:00:00,Returns,Phone,Medium,AGT-232,Resolved,3.0
TKT-0003004,CUS-000182,2025-10-23 19:00:00,2025-10-25 15:00:00,Returns,Email,Medium,AGT-166,Resolved,4.0
TKT-0003005,CUS-001375,2024-08-13 23:00:00,2024-08-17 12:00:00,Product Quality,Phone,Medium,AGT-114,Resolved,3.0
TKT-0003006,CUS-010092,2026-07-09 03:00:00,2026-07-10 03:00:00,Returns,Email,High,AGT-153,Resolved,3.0
TKT-0003007,CUS-005821,2024-01-09 06:00:00,2024-01-09 17:00:00,Account,Store,Medium,AGT-201,Resolved,
TKT-0003008,CUS-008186,2023-03-15 09:00:00,2023-03-18 10:00:00,Delivery,Phone,Medium,AGT-307,Resolved,4.0
TKT-0003009,CUS-004181,2021-06-17 00:00:00,2021-06-18 22:00:00,Payment,Phone,Low,AGT-020,Resolved,
TKT-0003010,CUS-006236,2024-06-21 21:00:00,2024-06-25 01:00:00,Account,Chat,Low,AGT-107,Resolved,5.0
TKT-0003011,CUS-002219,2026-01-20 19:00:00,2026-01-21 20:00:00,Delivery,Store,Medium,AGT-099,Resolved,1.0
TKT-0003012,CUS-010406,2020-01-21 07:00:00,2020-01-22 23:00:00,Technical,Chat,Medium,AGT-041,Closed,5.0
TKT-0003013,CUS-008225,2020-09-13 16:00:00,2020-09-14 18:00:00,Product Quality,Chat,Medium,AGT-337,Resolved,
TKT-0003014,CUS-003829,2025-10-17 15:00:00,2025-10-22 13:00:00,Technical,Social,Low,AGT-051,Resolved,5.0
TKT-0003015,CUS-000187,2025-12-22 01:00:00,2025-12-26 08:00:00,Returns,Phone,Low,AGT-189,Resolved,5.0
TKT-0003016,CUS-011030,2024-02-05 05:00:00,2024-02-06 00:00:00,Returns,Email,High,AGT-247,Resolved,4.0
TKT-0003017,CUS-004719,2024-10-27 08:00:00,2024-10-31 19:00:00,Promotion,Chat,Medium,AGT-216,Resolved,
TKT-0003018,CUS-002389,2023-08-08 05:00:00,2023-08-12 00:00:00,Technical,Chat,Medium,AGT-211,Closed,5.0
TKT-0003019,CUS-007148,2021-07-19 16:00:00,2021-07-22 08:00:00,Product Quality,Social,Medium,AGT-293,Resolved,3.0
TKT-0003020,CUS-003036,2022-06-02 09:00:00,2022-06-04 16:00:00,Returns,Store,Medium,AGT-030,Resolved,
TKT-0003021,CUS-006747,2024-07-26 06:00:00,2024-07-29 08:00:00,Delivery,Phone,Low,AGT-178,Resolved,
TKT-0003022,CUS-009389,2020-09-19 18:00:00,2020-09-21 09:00:00,Delivery,Store,Low,AGT-219,Closed,
TKT-0003023,CUS-007161,2023-05-20 15:00:00,2023-05-24 01:00:00,Delivery,Email,Medium,AGT-305,Resolved,5.0
TKT-0003024,CUS-002934,2021-09-27 00:00:00,,Technical,Social,High,AGT-325,Open,
TKT-0003025,CUS-002382,2022-05-25 20:00:00,2022-05-30 08:00:00,Payment,Store,Medium,AGT-136,Resolved,3.0
TKT-0003026,CUS-006257,2022-07-26 20:00:00,,Returns,Social,Medium,AGT-342,Open,
TKT-0003027,CUS-002539,2021-01-13 06:00:00,2021-01-16 08:00:00,Returns,Email,High,AGT-037,Resolved,
TKT-0003028,CUS-010729,2024-06-05 13:00:00,2024-06-09 08:00:00,Account,Chat,Medium,AGT-103,Resolved,5.0
TKT-0003029,CUS-006696,2026-08-25 08:00:00,2026-08-28 13:00:00,Delivery,Store,Medium,AGT-178,Resolved,
TKT-0003030,CUS-007826,2026-01-06 22:00:00,2026-01-09 14:00:00,Payment,Social,Low,AGT-323,Resolved,5.0
TKT-0003031,CUS-005687,2026-02-14 05:00:00,2026-02-15 06:00:00,Returns,Email,Low,AGT-041,Resolved,
TKT-0003032,CUS-011246,2022-10-19 13:00:00,2022-10-21 13:00:00,Technical,Email,Medium,AGT-039,Resolved,
TKT-0003033,CUS-011370,2026-03-14 07:00:00,2026-03-17 05:00:00,Delivery,Phone,Low,AGT-233,Resolved,4.0
TKT-0003034,CUS-006846,2021-08-04 12:00:00,2021-08-09 09:00:00,Payment,Social,Medium,AGT-309,Closed,
TKT-0003035,CUS-000608,2021-01-21 19:00:00,2021-01-26 18:00:00,Product Quality,Phone,High,AGT-278,Resolved,
TKT-0003036,CUS-000708,2021-03-22 14:00:00,2021-03-25 15:00:00,Delivery,Social,Medium,AGT-344,Resolved,3.0
TKT-0003037,CUS-009449,2020-03-05 19:00:00,2020-03-09 20:00:00,Delivery,Store,Medium,AGT-056,Resolved,5.0
TKT-0003038,CUS-003031,2026-01-29 15:00:00,2026-01-31 14:00:00,Delivery,Social,Low,AGT-196,Resolved,4.0
TKT-0003039,CUS-005409,2020-07-04 17:00:00,2020-07-06 19:00:00,Returns,Store,Medium,AGT-084,Resolved,
TKT-0003040,CUS-001932,2022-02-01 09:00:00,2022-02-03 09:00:00,Account,Store,Medium,AGT-091,Resolved,
TKT-0003041,CUS-005252,2022-08-03 22:00:00,2022-08-06 08:00:00,Account,Store,Medium,AGT-159,Resolved,5.0
TKT-0003042,CUS-000800,2021-08-13 15:00:00,2021-08-16 04:00:00,Delivery,Phone,Low,AGT-144,Resolved,4.0
TKT-0003043,CUS-011763,2024-05-26 16:00:00,,Returns,Email,Medium,AGT-104,Open,
TKT-0003044,CUS-011623,2020-11-15 10:00:00,,Returns,Phone,Low,AGT-267,Open,
TKT-0003045,CUS-009914,2022-02-21 20:00:00,2022-02-22 01:00:00,Product Quality,Chat,Medium,AGT-143,Closed,5.0
TKT-0003046,CUS-006535,2022-11-23 05:00:00,2022-11-23 10:00:00,Account,Email,Low,AGT-173,Resolved,5.0
TKT-0003047,CUS-005027,2021-09-02 21:00:00,2021-09-07 17:00:00,Promotion,Store,Low,AGT-285,Resolved,3.0
TKT-0003048,CUS-010155,2023-01-02 15:00:00,2023-01-02 22:00:00,Account,Phone,Low,AGT-306,Resolved,3.0
TKT-0003049,CUS-003885,2021-02-17 04:00:00,2021-02-19 14:00:00,Promotion,Social,High,AGT-130,Resolved,
TKT-0003050,CUS-001869,2022-06-10 10:00:00,2022-06-13 21:00:00,Product Quality,Social,Low,AGT-347,Resolved,
TKT-0003051,CUS-002493,2026-04-23 20:00:00,2026-04-26 19:00:00,Promotion,Email,High,AGT-059,Resolved,4.0
TKT-0003052,CUS-002265,2022-07-11 16:00:00,2022-07-15 19:00:00,Returns,Social,Medium,AGT-077,Resolved,
TKT-0003053,CUS-003766,2020-11-01 16:00:00,2020-11-03 02:00:00,Account,Phone,Low,AGT-018,Resolved,1.0
TKT-0003054,CUS-007638,2025-12-04 07:00:00,2025-12-06 08:00:00,Returns,Chat,Medium,AGT-060,Resolved,5.0
TKT-0003055,CUS-007612,2023-01-22 06:00:00,2023-01-26 21:00:00,Product Quality,Social,Medium,AGT-185,Resolved,
TKT-0003056,CUS-007015,2025-06-06 09:00:00,2025-06-10 17:00:00,Product Quality,Chat,Low,AGT-193,Resolved,4.0
TKT-0003057,CUS-010073,2026-03-30 16:00:00,2026-04-04 10:00:00,Payment,Email,Critical,AGT-109,Resolved,5.0
TKT-0003058,CUS-005266,2024-10-13 21:00:00,2024-10-14 23:00:00,Delivery,Social,High,AGT-041,Resolved,
TKT-0003059,CUS-005851,2025-08-18 20:00:00,2025-08-22 14:00:00,Technical,Social,Low,AGT-242,Resolved,4.0
TKT-0003060,CUS-001447,2021-06-08 08:00:00,2021-06-08 18:00:00,Account,Social,Low,AGT-234,Resolved,5.0
TKT-0003061,CUS-001733,2021-06-02 11:00:00,2021-06-06 01:00:00,Delivery,Social,Low,AGT-042,Resolved,
TKT-0003062,CUS-004323,2024-07-20 23:00:00,2024-07-25 03:00:00,Payment,Store,Low,AGT-001,Resolved,
TKT-0003063,CUS-005523,2023-08-25 22:00:00,2023-08-30 18:00:00,Product Quality,Phone,Low,AGT-344,Closed,4.0
TKT-0003064,CUS-005167,2025-11-28 03:00:00,2025-11-29 23:00:00,Delivery,Social,Medium,AGT-176,Resolved,4.0
TKT-0003065,CUS-009415,2026-06-10 05:00:00,2026-06-14 23:00:00,Product Quality,Email,Medium,AGT-108,Resolved,2.0
TKT-0003066,CUS-008167,2025-08-08 22:00:00,2025-08-13 17:00:00,Promotion,Phone,Critical,AGT-272,Resolved,3.0
TKT-0003067,CUS-008032,2023-02-20 02:00:00,2023-02-23 06:00:00,Delivery,Phone,High,AGT-336,Resolved,4.0
TKT-0003068,CUS-010658,2024-08-17 16:00:00,2024-08-21 10:00:00,Returns,Social,High,AGT-080,Resolved,
TKT-0003069,CUS-001578,2022-02-22 11:00:00,2022-02-23 16:00:00,Payment,Chat,Medium,AGT-331,Resolved,5.0
TKT-0003070,CUS-010400,2024-07-27 18:00:00,2024-07-28 10:00:00,Delivery,Phone,Low,AGT-159,Resolved,4.0
TKT-0003071,CUS-008325,2025-08-09 11:00:00,2025-08-10 04:00:00,Delivery,Email,Medium,AGT-191,Closed,5.0
TKT-0003072,CUS-004600,2025-05-23 06:00:00,2025-05-26 09:00:00,Product Quality,Social,Medium,AGT-347,Resolved,2.0
TKT-0003073,CUS-000757,2020-02-27 13:00:00,2020-03-02 17:00:00,Payment,Phone,Low,AGT-112,Resolved,5.0
TKT-0003074,CUS-011894,2021-06-27 11:00:00,2021-06-28 21:00:00,Delivery,Phone,Low,AGT-307,Resolved,3.0
TKT-0003075,CUS-011249,2020-11-26 22:00:00,2020-11-27 06:00:00,Product Quality,Email,Medium,AGT-113,Resolved,
TKT-0003076,CUS-004253,2021-06-29 18:00:00,2021-07-04 02:00:00,Payment,Email,Medium,AGT-256,Resolved,
TKT-0003077,CUS-007228,2023-05-23 16:00:00,2023-05-28 14:00:00,Product Quality,Social,Low,AGT-034,Closed,
TKT-0003078,CUS-007756,2026-04-11 10:00:00,,Product Quality,Store,Medium,AGT-335,Open,
TKT-0003079,CUS-006001,2023-09-01 13:00:00,,Delivery,Social,Medium,AGT-190,Open,
TKT-0003080,CUS-011397,2020-02-13 15:00:00,2020-02-16 12:00:00,Technical,Phone,Medium,AGT-287,Resolved,
TKT-0003081,CUS-008265,2021-05-10 13:00:00,2021-05-11 16:00:00,Returns,Email,Low,AGT-292,Resolved,
TKT-0003082,CUS-002073,2024-03-07 06:00:00,2024-03-07 21:00:00,Technical,Social,Medium,AGT-126,Resolved,5.0
TKT-0003083,CUS-004852,2026-03-21 04:00:00,2026-03-26 03:00:00,Delivery,Phone,Medium,AGT-327,Resolved,3.0
TKT-0003084,CUS-001589,2025-07-16 09:00:00,2025-07-20 07:00:00,Delivery,Social,Critical,AGT-132,Resolved,4.0
TKT-0003085,CUS-010075,2024-11-12 19:00:00,2024-11-16 23:00:00,Payment,Chat,Medium,AGT-182,Resolved,5.0
TKT-0003086,CUS-008104,2021-12-18 02:00:00,2021-12-21 11:00:00,Payment,Phone,Critical,AGT-279,Closed,2.0
TKT-0003087,CUS-009027,2024-02-26 16:00:00,2024-03-01 08:00:00,Payment,Social,Medium,AGT-058,Resolved,
TKT-0003088,CUS-004439,2020-08-30 10:00:00,2020-08-31 04:00:00,Promotion,Store,Low,AGT-162,Closed,5.0
TKT-0003089,CUS-010510,2021-09-12 11:00:00,2021-09-15 11:00:00,Payment,Email,Low,AGT-198,Resolved,
TKT-0003090,CUS-010671,2025-08-26 17:00:00,2025-08-29 00:00:00,Technical,Chat,Medium,AGT-314,Resolved,5.0
TKT-0003091,CUS-004199,2025-08-11 04:00:00,2025-08-13 02:00:00,Account,Social,Low,AGT-242,Resolved,
TKT-0003092,CUS-010945,2023-02-18 05:00:00,2023-02-22 12:00:00,Payment,Chat,High,AGT-095,Resolved,
TKT-0003093,CUS-011276,2024-01-27 19:00:00,2024-02-01 18:00:00,Account,Chat,Low,AGT-320,Resolved,
TKT-0003094,CUS-011059,2022-07-15 11:00:00,2022-07-18 05:00:00,Product Quality,Email,Medium,AGT-177,Closed,
TKT-0003095,CUS-010322,2023-07-28 23:00:00,2023-07-30 10:00:00,Returns,Social,Medium,AGT-208,Resolved,4.0
TKT-0003096,CUS-009992,2024-05-07 21:00:00,2024-05-11 06:00:00,Account,Phone,High,AGT-031,Resolved,3.0
TKT-0003097,CUS-011259,2021-02-17 13:00:00,2021-02-20 07:00:00,Promotion,Social,Medium,AGT-126,Resolved,5.0
TKT-0003098,CUS-003051,2023-02-06 04:00:00,2023-02-06 14:00:00,Payment,Email,Low,AGT-187,Resolved,
TKT-0003099,CUS-011375,2020-08-10 05:00:00,2020-08-12 21:00:00,Delivery,Phone,Critical,AGT-305,Resolved,4.0
TKT-0003100,CUS-002500,2026-04-09 02:00:00,2026-04-10 22:00:00,Delivery,Phone,High,AGT-279,Resolved,
TKT-0003101,CUS-000184,2022-02-12 06:00:00,2022-02-16 10:00:00,Returns,Chat,Low,AGT-214,Resolved,
TKT-0003102,CUS-001903,2023-07-16 09:00:00,2023-07-19 02:00:00,Technical,Email,High,AGT-136,Closed,
TKT-0003103,CUS-001340,2024-12-01 22:00:00,2024-12-03 04:00:00,Account,Email,High,AGT-094,Resolved,
TKT-0003104,CUS-004407,2020-07-11 23:00:00,2020-07-15 11:00:00,Promotion,Chat,Low,AGT-284,Resolved,5.0
TKT-0003105,CUS-009902,2023-09-12 03:00:00,2023-09-12 04:00:00,Product Quality,Phone,Low,AGT-321,Resolved,1.0
TKT-0003106,CUS-011558,2020-01-30 01:00:00,2020-02-02 21:00:00,Delivery,Chat,High,AGT-153,Closed,2.0
TKT-0003107,CUS-004478,2021-10-20 22:00:00,2021-10-24 22:00:00,Promotion,Social,Medium,AGT-230,Resolved,
TKT-0003108,CUS-002622,2025-07-31 00:00:00,2025-08-01 15:00:00,Returns,Store,Medium,AGT-166,Resolved,2.0
TKT-0003109,CUS-001935,2022-01-14 15:00:00,2022-01-16 16:00:00,Product Quality,Store,Low,AGT-239,Resolved,3.0
TKT-0003110,CUS-003803,2020-02-01 18:00:00,2020-02-05 09:00:00,Account,Chat,Medium,AGT-057,Resolved,
TKT-0003111,CUS-005415,2024-07-22 05:00:00,2024-07-24 15:00:00,Promotion,Social,Low,AGT-084,Resolved,
TKT-0003112,CUS-006946,2021-12-20 19:00:00,2021-12-21 03:00:00,Account,Chat,High,AGT-220,Resolved,
TKT-0003113,CUS-010519,2025-10-11 09:00:00,2025-10-15 15:00:00,Returns,Chat,Critical,AGT-103,Resolved,4.0
TKT-0003114,CUS-001230,2023-03-03 19:00:00,2023-03-04 14:00:00,Delivery,Phone,High,AGT-023,Closed,
TKT-0003115,CUS-003684,2020-03-07 09:00:00,2020-03-09 07:00:00,Payment,Chat,Medium,AGT-039,Resolved,5.0
TKT-0003116,CUS-009725,2025-07-30 06:00:00,2025-07-30 12:00:00,Delivery,Store,Medium,AGT-132,Resolved,
TKT-0003117,CUS-004517,2022-01-27 21:00:00,2022-02-01 19:00:00,Account,Email,High,AGT-111,Resolved,4.0
TKT-0003118,CUS-010751,2020-09-06 02:00:00,2020-09-10 05:00:00,Product Quality,Email,Medium,AGT-245,Resolved,5.0
TKT-0003119,CUS-001529,2022-03-27 22:00:00,2022-03-29 19:00:00,Delivery,Email,Medium,AGT-200,Resolved,
TKT-0003120,CUS-008244,2021-11-19 01:00:00,2021-11-20 13:00:00,Payment,Email,Medium,AGT-133,Resolved,4.0
TKT-0003121,CUS-008916,2021-07-22 05:00:00,2021-07-23 03:00:00,Promotion,Chat,Medium,AGT-290,Resolved,4.0
TKT-0003122,CUS-008549,2021-05-16 22:00:00,2021-05-19 18:00:00,Payment,Chat,High,AGT-132,Resolved,2.0
TKT-0003123,CUS-001977,2020-12-02 05:00:00,,Delivery,Email,High,AGT-216,Open,
TKT-0003124,CUS-011734,2023-02-08 00:00:00,2023-02-12 19:00:00,Returns,Social,Medium,AGT-088,Resolved,
TKT-0003125,CUS-007312,2025-12-08 19:00:00,2025-12-11 02:00:00,Product Quality,Store,Medium,AGT-035,Resolved,
TKT-0003126,CUS-001186,2023-06-22 23:00:00,2023-06-27 14:00:00,Returns,Chat,Medium,AGT-021,Resolved,4.0
TKT-0003127,CUS-009985,2022-06-18 19:00:00,2022-06-19 03:00:00,Payment,Social,Low,AGT-078,Resolved,1.0
TKT-0003128,CUS-006518,2024-12-14 21:00:00,2024-12-15 00:00:00,Delivery,Store,Low,AGT-297,Resolved,5.0
TKT-0003129,CUS-006875,2025-03-10 11:00:00,2025-03-11 14:00:00,Returns,Store,Low,AGT-059,Resolved,
TKT-0003130,CUS-004991,2026-06-26 13:00:00,2026-06-29 14:00:00,Delivery,Chat,High,AGT-079,Resolved,4.0
TKT-0003131,CUS-000110,2023-05-12 18:00:00,2023-05-16 16:00:00,Technical,Social,Medium,AGT-039,Resolved,
TKT-0003132,CUS-007909,2020-07-17 06:00:00,,Returns,Email,Medium,AGT-205,Open,
TKT-0003133,CUS-010422,2020-08-10 19:00:00,2020-08-12 16:00:00,Payment,Social,High,AGT-234,Resolved,
TKT-0003134,CUS-000742,2024-07-18 13:00:00,2024-07-23 09:00:00,Promotion,Chat,Medium,AGT-075,Resolved,5.0
TKT-0003135,CUS-004749,2026-07-22 05:00:00,,Delivery,Chat,Medium,AGT-237,Open,
TKT-0003136,CUS-005145,2026-07-13 14:00:00,2026-07-14 10:00:00,Returns,Chat,Low,AGT-331,Closed,
TKT-0003137,CUS-009534,2024-02-09 00:00:00,2024-02-12 15:00:00,Returns,Phone,High,AGT-020,Resolved,1.0
TKT-0003138,CUS-002188,2020-03-20 22:00:00,2020-03-25 01:00:00,Delivery,Email,Medium,AGT-340,Resolved,4.0
TKT-0003139,CUS-001464,2024-11-20 19:00:00,2024-11-21 23:00:00,Delivery,Phone,Low,AGT-028,Resolved,
TKT-0003140,CUS-009074,2024-01-06 07:00:00,2024-01-07 03:00:00,Delivery,Social,Medium,AGT-120,Resolved,3.0
TKT-0003141,CUS-006893,2022-01-13 22:00:00,2022-01-15 03:00:00,Returns,Phone,Low,AGT-240,Resolved,
TKT-0003142,CUS-010445,2024-09-03 14:00:00,2024-09-04 07:00:00,Returns,Email,Low,AGT-039,Resolved,3.0
TKT-0003143,CUS-005680,2020-12-30 13:00:00,2021-01-04 00:00:00,Account,Chat,Low,AGT-239,Resolved,3.0
TKT-0003144,CUS-007333,2020-06-09 01:00:00,2020-06-12 03:00:00,Account,Social,High,AGT-316,Closed,5.0
TKT-0003145,CUS-000827,2020-08-14 12:00:00,2020-08-17 10:00:00,Delivery,Store,Low,AGT-300,Resolved,5.0
TKT-0003146,CUS-005912,2024-08-17 07:00:00,2024-08-21 02:00:00,Technical,Email,Low,AGT-103,Resolved,5.0
TKT-0003147,CUS-010450,2024-05-05 05:00:00,2024-05-09 00:00:00,Technical,Email,Medium,AGT-106,Resolved,4.0
TKT-0003148,CUS-008390,2025-07-23 04:00:00,2025-07-25 00:00:00,Payment,Phone,Low,AGT-214,Resolved,2.0
TKT-0003149,CUS-006968,2020-03-31 00:00:00,2020-04-04 06:00:00,Promotion,Phone,Medium,AGT-264,Resolved,4.0
TKT-0003150,CUS-001242,2024-09-11 18:00:00,2024-09-16 05:00:00,Product Quality,Chat,Low,AGT-101,Resolved,
TKT-0003151,CUS-011029,2023-03-09 12:00:00,2023-03-11 22:00:00,Promotion,Phone,Medium,AGT-129,Closed,
TKT-0003152,CUS-007342,2025-04-21 04:00:00,2025-04-23 14:00:00,Account,Social,Medium,AGT-152,Resolved,5.0
TKT-0003153,CUS-003422,2024-01-15 18:00:00,2024-01-18 19:00:00,Product Quality,Email,Medium,AGT-251,Resolved,4.0
TKT-0003154,CUS-010641,2021-03-03 13:00:00,2021-03-04 08:00:00,Delivery,Social,Medium,AGT-187,Resolved,1.0
TKT-0003155,CUS-006392,2025-07-08 12:00:00,2025-07-10 07:00:00,Payment,Chat,Medium,AGT-264,Resolved,
TKT-0003156,CUS-003101,2024-11-23 01:00:00,2024-11-27 03:00:00,Account,Phone,High,AGT-318,Closed,2.0
TKT-0003157,CUS-001432,2026-02-04 21:00:00,2026-02-09 05:00:00,Returns,Social,Critical,AGT-209,Resolved,
TKT-0003158,CUS-003558,2021-05-08 06:00:00,2021-05-10 04:00:00,Returns,Social,High,AGT-065,Closed,
TKT-0003159,CUS-004079,2024-06-07 18:00:00,2024-06-12 13:00:00,Delivery,Chat,High,AGT-230,Resolved,
TKT-0003160,CUS-010153,2022-10-01 22:00:00,2022-10-05 07:00:00,Product Quality,Store,Medium,AGT-227,Resolved,5.0
TKT-0003161,CUS-007748,2026-02-14 22:00:00,2026-02-19 08:00:00,Returns,Phone,High,AGT-140,Resolved,4.0
TKT-0003162,CUS-011223,2026-08-13 03:00:00,2026-08-16 14:00:00,Account,Email,Medium,AGT-172,Resolved,5.0
TKT-0003163,CUS-003903,2026-03-18 22:00:00,2026-03-21 13:00:00,Product Quality,Email,Low,AGT-080,Closed,3.0
TKT-0003164,CUS-008863,2024-08-12 08:00:00,2024-08-14 17:00:00,Returns,Phone,Low,AGT-230,Resolved,5.0
TKT-0003165,CUS-006108,2022-12-02 22:00:00,2022-12-06 01:00:00,Product Quality,Phone,Low,AGT-207,Resolved,4.0
TKT-0003166,CUS-000470,2023-04-15 00:00:00,2023-04-16 09:00:00,Product Quality,Email,Medium,AGT-109,Resolved,5.0
TKT-0003167,CUS-000215,2025-11-13 02:00:00,2025-11-14 20:00:00,Product Quality,Email,Medium,AGT-341,Resolved,
TKT-0003168,CUS-010150,2023-01-28 01:00:00,2023-02-01 21:00:00,Delivery,Phone,Low,AGT-304,Resolved,5.0
TKT-0003169,CUS-001246,2025-04-05 12:00:00,,Returns,Store,High,AGT-127,Open,
TKT-0003170,CUS-008761,2020-02-01 01:00:00,2020-02-02 12:00:00,Product Quality,Email,Medium,AGT-109,Resolved,
TKT-0003171,CUS-009433,2024-07-03 14:00:00,2024-07-07 04:00:00,Delivery,Phone,Medium,AGT-349,Resolved,4.0
TKT-0003172,CUS-010024,2023-02-06 21:00:00,2023-02-07 23:00:00,Technical,Phone,Low,AGT-015,Resolved,3.0
TKT-0003173,CUS-001382,2024-06-26 17:00:00,2024-06-29 04:00:00,Delivery,Email,High,AGT-073,Resolved,
TKT-0003174,CUS-007444,2025-11-27 20:00:00,2025-11-28 17:00:00,Returns,Email,Medium,AGT-287,Resolved,4.0
TKT-0003175,CUS-008415,2020-04-23 13:00:00,2020-04-28 09:00:00,Delivery,Email,Medium,AGT-139,Resolved,3.0
TKT-0003176,CUS-000402,2022-05-25 15:00:00,,Delivery,Phone,Medium,AGT-162,Open,
TKT-0003177,CUS-008181,2023-01-26 05:00:00,2023-01-30 19:00:00,Technical,Email,Medium,AGT-015,Resolved,
TKT-0003178,CUS-011329,2020-03-19 23:00:00,2020-03-22 13:00:00,Payment,Chat,Low,AGT-255,Closed,
TKT-0003179,CUS-010852,2023-10-12 23:00:00,2023-10-17 11:00:00,Payment,Email,Low,AGT-218,Resolved,5.0
TKT-0003180,CUS-005578,2024-07-31 00:00:00,2024-07-31 20:00:00,Returns,Store,Medium,AGT-019,Resolved,4.0
TKT-0003181,CUS-007358,2021-11-15 13:00:00,2021-11-20 10:00:00,Account,Email,Medium,AGT-084,Resolved,
TKT-0003182,CUS-004561,2026-04-21 00:00:00,2026-04-23 11:00:00,Product Quality,Phone,High,AGT-271,Closed,
TKT-0003183,CUS-002238,2020-12-21 14:00:00,2020-12-26 05:00:00,Returns,Store,High,AGT-072,Resolved,
TKT-0003184,CUS-005267,2020-04-20 03:00:00,2020-04-23 22:00:00,Returns,Social,Low,AGT-153,Resolved,
TKT-0003185,CUS-007822,2025-03-14 19:00:00,2025-03-16 03:00:00,Promotion,Social,High,AGT-307,Resolved,
TKT-0003186,CUS-011532,2022-08-30 09:00:00,2022-08-31 20:00:00,Account,Email,Low,AGT-263,Resolved,
TKT-0003187,CUS-004958,2024-03-04 14:00:00,2024-03-07 09:00:00,Returns,Email,Low,AGT-193,Resolved,5.0
TKT-0003188,CUS-006778,2021-10-09 03:00:00,2021-10-13 04:00:00,Delivery,Social,Low,AGT-239,Resolved,5.0
TKT-0003189,CUS-002674,2023-07-28 22:00:00,,Promotion,Email,Medium,AGT-149,Open,
TKT-0003190,CUS-009782,2026-06-07 07:00:00,2026-06-07 18:00:00,Account,Email,Low,AGT-117,Resolved,
TKT-0003191,CUS-006296,2026-03-22 22:00:00,2026-03-26 22:00:00,Promotion,Store,Low,AGT-178,Resolved,4.0
TKT-0003192,CUS-004888,2024-12-06 03:00:00,2024-12-07 05:00:00,Product Quality,Store,High,AGT-103,Resolved,
TKT-0003193,CUS-005558,2026-07-10 15:00:00,2026-07-10 19:00:00,Technical,Phone,Medium,AGT-034,Closed,5.0
TKT-0003194,CUS-004729,2021-05-06 20:00:00,2021-05-09 19:00:00,Delivery,Phone,Medium,AGT-322,Resolved,4.0
TKT-0003195,CUS-000450,2022-10-21 05:00:00,2022-10-22 08:00:00,Product Quality,Chat,Low,AGT-019,Resolved,2.0
TKT-0003196,CUS-009656,2022-06-10 12:00:00,2022-06-11 21:00:00,Payment,Email,Medium,AGT-110,Resolved,5.0
TKT-0003197,CUS-011746,2020-12-19 18:00:00,2020-12-21 13:00:00,Technical,Chat,Low,AGT-008,Resolved,5.0
TKT-0003198,CUS-007388,2022-02-08 07:00:00,,Returns,Chat,Low,AGT-307,Open,
TKT-0003199,CUS-005238,2020-07-03 10:00:00,2020-07-04 19:00:00,Account,Social,Medium,AGT-263,Resolved,
TKT-0003200,CUS-005550,2020-07-29 15:00:00,2020-07-30 15:00:00,Delivery,Social,Medium,AGT-088,Closed,1.0
TKT-0003201,CUS-009981,2026-02-20 07:00:00,2026-02-23 10:00:00,Delivery,Phone,Low,AGT-094,Resolved,
TKT-0003202,CUS-005332,2026-08-25 14:00:00,2026-08-26 14:00:00,Product Quality,Phone,Medium,AGT-079,Resolved,
TKT-0003203,CUS-001610,2021-05-22 20:00:00,,Product Quality,Store,Low,AGT-202,Open,
TKT-0003204,CUS-005364,2021-06-09 13:00:00,2021-06-10 01:00:00,Delivery,Chat,Medium,AGT-135,Resolved,
TKT-0003205,CUS-005229,2025-06-21 08:00:00,2025-06-24 22:00:00,Delivery,Chat,Medium,AGT-009,Resolved,3.0
TKT-0003206,CUS-007282,2020-07-12 16:00:00,2020-07-16 17:00:00,Returns,Social,Medium,AGT-099,Resolved,
TKT-0003207,CUS-004105,2022-01-20 01:00:00,2022-01-21 16:00:00,Payment,Social,Medium,AGT-083,Resolved,
TKT-0003208,CUS-010970,2023-09-19 22:00:00,2023-09-24 03:00:00,Delivery,Social,Medium,AGT-041,Closed,1.0
TKT-0003209,CUS-011064,2022-02-17 03:00:00,,Payment,Store,Medium,AGT-049,Open,
TKT-0003210,CUS-002114,2024-11-23 00:00:00,2024-11-23 02:00:00,Account,Store,Low,AGT-324,Resolved,4.0
TKT-0003211,CUS-008384,2022-09-10 03:00:00,2022-09-11 17:00:00,Payment,Phone,High,AGT-341,Resolved,
TKT-0003212,CUS-002694,2022-05-25 18:00:00,2022-05-29 23:00:00,Product Quality,Store,Low,AGT-306,Resolved,
TKT-0003213,CUS-009235,2024-11-11 06:00:00,2024-11-14 12:00:00,Payment,Store,High,AGT-228,Closed,3.0
TKT-0003214,CUS-010784,2022-03-20 21:00:00,2022-03-22 12:00:00,Technical,Phone,Low,AGT-238,Resolved,
TKT-0003215,CUS-011167,2023-07-28 05:00:00,2023-07-29 23:00:00,Returns,Chat,High,AGT-304,Closed,5.0
TKT-0003216,CUS-000742,2026-08-13 14:00:00,2026-08-15 02:00:00,Account,Phone,Low,AGT-034,Resolved,5.0
TKT-0003217,CUS-010649,2025-01-23 19:00:00,2025-01-28 18:00:00,Product Quality,Chat,Medium,AGT-098,Resolved,4.0
TKT-0003218,CUS-003478,2026-08-13 13:00:00,2026-08-16 16:00:00,Payment,Social,Low,AGT-079,Resolved,3.0
TKT-0003219,CUS-003638,2021-07-23 01:00:00,,Promotion,Social,Critical,AGT-165,Open,
TKT-0003220,CUS-007095,2025-05-12 17:00:00,2025-05-13 06:00:00,Product Quality,Chat,Medium,AGT-150,Closed,4.0
TKT-0003221,CUS-010037,2021-10-26 11:00:00,,Delivery,Email,Low,AGT-286,Open,
TKT-0003222,CUS-002641,2025-05-28 20:00:00,2025-06-02 00:00:00,Technical,Social,Medium,AGT-080,Resolved,5.0
TKT-0003223,CUS-010523,2025-03-25 21:00:00,2025-03-29 19:00:00,Delivery,Social,Low,AGT-127,Resolved,
TKT-0003224,CUS-001232,2024-06-05 05:00:00,2024-06-08 22:00:00,Delivery,Store,Low,AGT-114,Resolved,
TKT-0003225,CUS-006034,2025-12-15 22:00:00,,Delivery,Phone,Medium,AGT-123,Open,
TKT-0003226,CUS-003951,2026-07-12 07:00:00,2026-07-15 05:00:00,Returns,Email,Medium,AGT-165,Resolved,
TKT-0003227,CUS-009862,2023-02-21 05:00:00,2023-02-22 09:00:00,Account,Chat,Medium,AGT-022,Closed,3.0
TKT-0003228,CUS-003546,2021-01-07 06:00:00,2021-01-09 12:00:00,Payment,Social,Medium,AGT-174,Resolved,5.0
TKT-0003229,CUS-005330,2025-08-15 18:00:00,2025-08-15 19:00:00,Promotion,Social,Medium,AGT-013,Resolved,4.0
TKT-0003230,CUS-001550,2026-04-09 15:00:00,2026-04-14 00:00:00,Delivery,Email,High,AGT-176,Resolved,4.0
TKT-0003231,CUS-009872,2026-01-03 23:00:00,2026-01-07 13:00:00,Product Quality,Email,Medium,AGT-170,Resolved,
TKT-0003232,CUS-000384,2024-10-21 16:00:00,2024-10-22 12:00:00,Promotion,Chat,Low,AGT-002,Resolved,4.0
TKT-0003233,CUS-009157,2022-10-03 10:00:00,2022-10-07 19:00:00,Payment,Email,High,AGT-252,Resolved,
TKT-0003234,CUS-007280,2023-10-05 14:00:00,2023-10-06 09:00:00,Payment,Email,Medium,AGT-105,Closed,4.0
TKT-0003235,CUS-008973,2021-12-10 14:00:00,2021-12-12 17:00:00,Product Quality,Email,Medium,AGT-005,Resolved,
TKT-0003236,CUS-009830,2023-04-13 21:00:00,2023-04-18 08:00:00,Delivery,Phone,Low,AGT-237,Closed,4.0
TKT-0003237,CUS-002881,2021-12-15 23:00:00,2021-12-20 21:00:00,delivery,Social,Medium,AGT-261,Closed,
TKT-0003238,CUS-002547,2021-09-19 21:00:00,2021-09-24 19:00:00,Technical,Store,Medium,AGT-004,Closed,
TKT-0003239,CUS-003706,2023-10-23 03:00:00,2023-10-26 20:00:00,Returns,Chat,Medium,AGT-221,Resolved,
TKT-0003240,CUS-004244,2025-04-26 12:00:00,2025-04-30 02:00:00,Returns,Phone,Medium,AGT-289,Resolved,5.0
TKT-0003241,CUS-007242,2022-07-07 17:00:00,2022-07-11 12:00:00,Account,Email,Medium,AGT-061,Resolved,4.0
TKT-0003242,CUS-005269,2024-04-01 05:00:00,2024-04-04 20:00:00,Delivery,Email,High,AGT-058,Resolved,4.0
TKT-0003243,CUS-009178,2025-10-01 21:00:00,2025-10-06 03:00:00,Delivery,Phone,Medium,AGT-040,Resolved,5.0
TKT-0003244,CUS-011895,2024-04-09 22:00:00,2024-04-11 01:00:00,Account,Phone,Medium,AGT-273,Resolved,
TKT-0003245,CUS-004883,2025-03-01 14:00:00,2025-03-05 18:00:00,Account,Social,Low,AGT-109,Resolved,5.0
TKT-0003246,CUS-008813,2021-03-24 20:00:00,2021-03-28 13:00:00,Account,Store,Medium,AGT-121,Resolved,4.0
TKT-0003247,CUS-011205,2021-08-11 17:00:00,2021-08-12 04:00:00,Delivery,Social,Low,AGT-261,Resolved,5.0
TKT-0003248,CUS-008511,2020-09-10 22:00:00,2020-09-15 10:00:00,Returns,Phone,Medium,AGT-324,Resolved,5.0
TKT-0003249,CUS-010074,2025-02-19 07:00:00,2025-02-20 21:00:00,Delivery,Chat,Critical,AGT-347,Resolved,4.0
TKT-0003250,CUS-008676,2020-08-25 05:00:00,,Returns,Chat,Medium,AGT-323,Open,
TKT-0003251,CUS-005695,2024-03-24 20:00:00,2024-03-29 03:00:00,Returns,Email,Low,AGT-156,Resolved,3.0
TKT-0003252,CUS-001885,2023-01-05 12:00:00,,Delivery,Phone,Low,AGT-278,Open,
TKT-0003253,CUS-010539,2022-01-15 09:00:00,2022-01-18 09:00:00,Delivery,Store,Low,AGT-100,Closed,5.0
TKT-0003254,CUS-008206,2026-04-05 04:00:00,2026-04-08 11:00:00,Delivery,Store,Low,AGT-141,Closed,
TKT-0003255,CUS-002471,2025-11-04 06:00:00,2025-11-05 05:00:00,Returns,Social,Critical,AGT-281,Resolved,2.0
TKT-0003256,CUS-005254,2021-03-14 08:00:00,2021-03-14 16:00:00,Payment,Store,Medium,AGT-058,Resolved,2.0
TKT-0003257,CUS-004873,2020-01-21 10:00:00,2020-01-22 14:00:00,Technical,Email,Medium,AGT-236,Closed,5.0
TKT-0003258,CUS-000570,2021-09-27 10:00:00,2021-09-30 22:00:00,Returns,Phone,Medium,AGT-185,Resolved,2.0
TKT-0003259,CUS-002897,2026-02-17 08:00:00,2026-02-18 18:00:00,Returns,Social,Low,AGT-277,Resolved,
TKT-0003260,CUS-002718,2020-01-27 14:00:00,2020-01-31 09:00:00,Delivery,Social,High,AGT-040,Resolved,4.0
TKT-0003261,CUS-000398,2024-11-28 11:00:00,2024-11-30 18:00:00,Product Quality,Store,Medium,AGT-189,Closed,
TKT-0003262,CUS-000128,2025-11-22 16:00:00,2025-11-25 21:00:00,Payment,Social,Low,AGT-194,Resolved,4.0
TKT-0003263,CUS-003783,2026-05-12 10:00:00,2026-05-14 14:00:00,Returns,Social,Medium,AGT-128,Resolved,
TKT-0003264,CUS-002118,2021-09-22 01:00:00,2021-09-23 17:00:00,Product Quality,Store,Medium,AGT-272,Closed,
TKT-0003265,CUS-002300,2021-03-11 03:00:00,2021-03-16 00:00:00,Delivery,Email,Low,AGT-018,Resolved,
TKT-0003266,CUS-006477,2023-04-26 14:00:00,2023-04-27 18:00:00,Account,Phone,High,AGT-009,Resolved,2.0
TKT-0003267,CUS-004414,2026-04-07 07:00:00,2026-04-10 02:00:00,Delivery,Phone,Low,AGT-168,Resolved,
TKT-0003268,CUS-009215,2024-10-14 11:00:00,2024-10-15 17:00:00,Delivery,Store,High,AGT-181,Resolved,3.0
TKT-0003269,CUS-006628,2024-10-02 14:00:00,2024-10-03 03:00:00,Product Quality,Phone,Low,AGT-176,Closed,
TKT-0003270,CUS-000897,2020-04-30 15:00:00,2020-05-01 09:00:00,Payment,Chat,Low,AGT-061,Resolved,5.0
TKT-0003271,CUS-010167,2024-05-24 11:00:00,2024-05-24 16:00:00,Returns,Chat,Low,AGT-189,Resolved,5.0
TKT-0003272,CUS-000693,2021-06-30 00:00:00,2021-06-30 15:00:00,Returns,Store,Medium,AGT-269,Resolved,5.0
TKT-0003273,CUS-009101,2024-07-20 16:00:00,2024-07-22 11:00:00,Delivery,Chat,Medium,AGT-140,Closed,3.0
TKT-0003274,CUS-003362,2022-04-12 00:00:00,2022-04-14 23:00:00,Payment,Email,Low,AGT-153,Resolved,
TKT-0003275,CUS-007815,2025-12-28 05:00:00,2025-12-31 15:00:00,Promotion,Social,Medium,AGT-150,Closed,4.0
TKT-0003276,CUS-001927,2022-06-22 21:00:00,2022-06-25 07:00:00,Account,Phone,Low,AGT-043,Resolved,
TKT-0003277,CUS-000381,2022-12-16 18:00:00,2022-12-18 13:00:00,Product Quality,Phone,High,AGT-251,Resolved,5.0
TKT-0003278,CUS-001182,2020-05-25 23:00:00,2020-05-26 21:00:00,Payment,Social,Low,AGT-052,Resolved,
TKT-0003279,CUS-010948,2021-05-22 11:00:00,2021-05-23 08:00:00,Delivery,Social,Medium,AGT-095,Closed,
TKT-0003280,CUS-006910,2022-08-02 16:00:00,2022-08-06 10:00:00,Account,Phone,High,AGT-141,Resolved,5.0
TKT-0003281,CUS-010527,2025-04-15 18:00:00,,Delivery,Store,Medium,AGT-093,Open,
TKT-0003282,CUS-004360,2024-04-13 15:00:00,2024-04-15 09:00:00,Returns,Chat,Low,AGT-169,Closed,4.0
TKT-0003283,CUS-008189,2021-12-15 19:00:00,2021-12-19 08:00:00,Delivery,Phone,Low,AGT-204,Resolved,
TKT-0003284,CUS-011426,2022-10-26 07:00:00,2022-10-27 17:00:00,Returns,Phone,Medium,AGT-079,Resolved,
TKT-0003285,CUS-004813,2020-01-19 09:00:00,2020-01-21 11:00:00,Delivery,Email,Low,AGT-162,Resolved,
TKT-0003286,CUS-000240,2026-08-16 20:00:00,2026-08-18 18:00:00,Returns,Store,High,AGT-248,Resolved,
TKT-0003287,CUS-000804,2020-06-06 22:00:00,2020-06-11 16:00:00,Delivery,Store,Medium,AGT-102,Resolved,5.0
TKT-0003288,CUS-003374,2025-11-17 02:00:00,2025-11-20 19:00:00,Delivery,Social,Medium,AGT-001,Resolved,
TKT-0003289,CUS-008728,2026-05-04 06:00:00,2026-05-07 22:00:00,Technical,Chat,Low,AGT-266,Resolved,4.0
TKT-0003290,CUS-008386,2023-02-04 21:00:00,2023-02-08 08:00:00,Payment,Phone,Low,AGT-012,Resolved,
TKT-0003291,CUS-001983,2025-11-20 10:00:00,2025-11-21 15:00:00,Product Quality,Email,Low,AGT-192,Closed,2.0
TKT-0003292,CUS-003478,2021-12-02 10:00:00,2021-12-05 12:00:00,Account,Phone,Medium,AGT-308,Resolved,
TKT-0003293,CUS-009646,2026-05-02 14:00:00,2026-05-03 11:00:00,Product Quality,Email,Low,AGT-158,Resolved,
TKT-0003294,CUS-005926,2022-09-05 23:00:00,2022-09-10 11:00:00,Delivery,Store,Low,AGT-220,Resolved,
TKT-0003295,CUS-011005,2021-09-17 01:00:00,2021-09-18 06:00:00,Promotion,Chat,Low,AGT-344,Resolved,
TKT-0003296,CUS-007601,2024-06-04 02:00:00,2024-06-05 08:00:00,Returns,Social,Medium,AGT-002,Closed,4.0
TKT-0003297,CUS-007573,2026-03-03 04:00:00,2026-03-03 11:00:00,Product Quality,Store,Low,AGT-192,Resolved,
TKT-0003298,CUS-000438,2026-04-02 11:00:00,2026-04-03 17:00:00,Returns,Store,Low,AGT-209,Closed,
TKT-0003299,CUS-007957,2021-09-02 21:00:00,2021-09-02 22:00:00,Payment,Store,Medium,AGT-159,Resolved,
TKT-0003300,CUS-005451,2020-04-14 17:00:00,2020-04-19 14:00:00,Returns,Email,High,AGT-315,Resolved,2.0
TKT-0003301,CUS-008140,2021-07-08 16:00:00,2021-07-09 16:00:00,Delivery,Email,Medium,AGT-256,Resolved,5.0
TKT-0003302,CUS-004820,2021-08-03 00:00:00,2021-08-05 04:00:00,Product Quality,Social,High,AGT-138,Resolved,3.0
TKT-0003303,CUS-010389,2024-07-09 05:00:00,2024-07-11 20:00:00,Technical,Phone,Medium,AGT-326,Resolved,3.0
TKT-0003304,CUS-011810,2021-02-17 18:00:00,2021-02-18 00:00:00,Returns,Chat,Medium,AGT-338,Resolved,
TKT-0003305,CUS-006475,2024-10-18 22:00:00,2024-10-23 09:00:00,Returns,Phone,Low,AGT-280,Resolved,2.0
TKT-0003306,CUS-001558,2021-11-27 03:00:00,2021-12-01 04:00:00,Delivery,Social,Low,AGT-306,Resolved,2.0
TKT-0003307,CUS-000572,2024-10-18 20:00:00,2024-10-19 21:00:00,Product Quality,Phone,Medium,AGT-047,Resolved,
TKT-0003308,CUS-009022,2020-04-03 20:00:00,2020-04-04 13:00:00,Delivery,Store,High,AGT-259,Resolved,4.0
TKT-0003309,CUS-006069,2022-05-04 03:00:00,2022-05-06 16:00:00,Account,Phone,Medium,AGT-201,Resolved,4.0
TKT-0003310,CUS-006691,2023-03-18 05:00:00,2023-03-18 08:00:00,Returns,Store,Medium,AGT-261,Resolved,
TKT-0003311,CUS-000304,2020-11-09 17:00:00,2020-11-12 20:00:00,Promotion,Email,Medium,AGT-182,Resolved,2.0
TKT-0003312,CUS-009731,2025-01-02 06:00:00,2025-01-02 14:00:00,Delivery,Email,High,AGT-250,Resolved,5.0
TKT-0003313,CUS-001295,2023-07-21 22:00:00,2023-07-23 02:00:00,Delivery,Social,Medium,AGT-231,Resolved,
TKT-0003314,CUS-008926,2022-10-29 00:00:00,2022-10-30 18:00:00,Product Quality,Store,Medium,AGT-305,Closed,3.0
TKT-0003315,CUS-006630,2020-10-11 02:00:00,2020-10-15 22:00:00,Payment,Store,Medium,AGT-289,Resolved,4.0
TKT-0003316,CUS-007520,2023-04-27 12:00:00,2023-04-30 10:00:00,technical,Social,Low,AGT-071,Resolved,
TKT-0003317,CUS-002110,2023-01-26 05:00:00,2023-01-26 11:00:00,Technical,Chat,Low,AGT-054,Resolved,5.0
TKT-0003318,CUS-007254,2021-04-01 08:00:00,2021-04-05 09:00:00,Delivery,Store,Low,AGT-011,Resolved,4.0
TKT-0003319,CUS-007380,2020-01-10 05:00:00,2020-01-10 12:00:00,Promotion,Phone,Medium,AGT-132,Resolved,3.0
TKT-0003320,CUS-007515,2026-05-23 17:00:00,2026-05-24 00:00:00,Returns,Phone,Medium,AGT-345,Resolved,
TKT-0003321,CUS-011487,2021-03-04 16:00:00,2021-03-05 17:00:00,Product Quality,Store,Low,AGT-162,Resolved,2.0
TKT-0003322,CUS-002307,2023-08-06 23:00:00,2023-08-09 02:00:00,Returns,Social,High,AGT-078,Resolved,3.0
TKT-0003323,CUS-008016,2026-07-01 20:00:00,,Account,Chat,Low,AGT-169,Open,
TKT-0003324,CUS-011652,2023-10-19 14:00:00,2023-10-23 23:00:00,Product Quality,Social,Medium,AGT-243,Resolved,5.0
TKT-0003325,CUS-009833,2025-07-20 08:00:00,2025-07-21 18:00:00,Delivery,Social,Low,AGT-043,Closed,5.0
TKT-0003326,CUS-005881,2024-04-16 05:00:00,2024-04-18 10:00:00,Returns,Email,Medium,AGT-002,Closed,
TKT-0003327,CUS-011315,2024-11-09 00:00:00,2024-11-13 15:00:00,Delivery,Email,Medium,AGT-078,Resolved,
TKT-0003328,CUS-007680,2025-03-22 13:00:00,2025-03-24 11:00:00,Delivery,Social,High,AGT-129,Resolved,5.0
TKT-0003329,CUS-002854,2022-09-28 08:00:00,2022-10-02 02:00:00,Technical,Social,Low,AGT-221,Resolved,3.0
TKT-0003330,CUS-002746,2023-09-16 00:00:00,2023-09-19 02:00:00,Delivery,Social,Medium,AGT-060,Resolved,
TKT-0003331,CUS-002863,2021-08-12 20:00:00,2021-08-13 02:00:00,Returns,Phone,Low,AGT-141,Resolved,3.0
TKT-0003332,CUS-008735,2025-08-10 00:00:00,2025-08-13 20:00:00,Account,Email,Low,AGT-012,Resolved,5.0
TKT-0003333,CUS-005855,2026-03-26 07:00:00,2026-03-28 17:00:00,Returns,Social,Low,AGT-217,Resolved,
TKT-0003334,CUS-006845,2023-07-11 14:00:00,2023-07-15 17:00:00,Delivery,Store,Medium,AGT-296,Closed,
TKT-0003335,CUS-005365,2025-04-19 03:00:00,2025-04-22 16:00:00,Delivery,Store,Medium,AGT-088,Resolved,
TKT-0003336,CUS-008337,2024-03-05 10:00:00,2024-03-05 14:00:00,Returns,Chat,Medium,AGT-349,Resolved,3.0
TKT-0003337,CUS-000828,2020-03-03 14:00:00,2020-03-07 19:00:00,Account,Social,Medium,AGT-041,Resolved,
TKT-0003338,CUS-003170,2023-06-21 01:00:00,2023-06-24 12:00:00,Product Quality,Email,Low,AGT-003,Resolved,2.0
TKT-0003339,CUS-004370,2025-10-27 20:00:00,2025-10-29 02:00:00,Delivery,Email,Medium,AGT-103,Resolved,
TKT-0003340,CUS-001736,2021-04-25 00:00:00,2021-04-26 13:00:00,Returns,Chat,Medium,AGT-147,Resolved,5.0
TKT-0003341,CUS-004698,2025-12-22 14:00:00,2025-12-26 08:00:00,Returns,Social,Low,AGT-112,Resolved,2.0
TKT-0003342,CUS-010220,2020-06-21 18:00:00,2020-06-22 19:00:00,Delivery,Store,High,AGT-123,Resolved,
TKT-0003343,CUS-008003,2026-08-18 23:00:00,2026-08-21 10:00:00,Returns,Store,Medium,AGT-059,Resolved,
TKT-0003344,CUS-005068,2020-11-29 20:00:00,2020-11-29 23:00:00,Payment,Phone,Low,AGT-228,Closed,
TKT-0003345,CUS-010680,2020-10-29 08:00:00,2020-10-30 15:00:00,Payment,Store,High,AGT-068,Resolved,
TKT-0003346,CUS-005510,2020-01-15 05:00:00,2020-01-17 02:00:00,Promotion,Social,Critical,AGT-081,Resolved,
TKT-0003347,CUS-005742,2026-04-05 10:00:00,2026-04-07 15:00:00,Delivery,Social,Medium,AGT-272,Resolved,
TKT-0003348,CUS-009430,2022-09-25 23:00:00,2022-09-28 12:00:00,Returns,Phone,Low,AGT-046,Resolved,4.0
TKT-0003349,CUS-004401,2023-08-03 03:00:00,2023-08-07 03:00:00,Product Quality,Chat,Medium,AGT-302,Closed,3.0
TKT-0003350,CUS-001458,2023-02-18 06:00:00,2023-02-18 14:00:00,Technical,Chat,Medium,AGT-175,Closed,1.0
TKT-0003351,CUS-009266,2021-08-04 19:00:00,,Account,Chat,Medium,AGT-298,Open,
TKT-0003352,CUS-006117,2021-04-02 04:00:00,2021-04-03 22:00:00,Delivery,Social,Medium,AGT-228,Resolved,1.0
TKT-0003353,CUS-011708,2021-03-12 15:00:00,2021-03-12 16:00:00,Payment,Phone,Medium,AGT-343,Resolved,5.0
TKT-0003354,CUS-002747,2025-01-04 16:00:00,2025-01-06 00:00:00,Returns,Chat,Low,AGT-268,Resolved,
TKT-0003355,CUS-006612,2025-08-10 13:00:00,2025-08-12 13:00:00,Technical,Social,Medium,AGT-103,Resolved,5.0
TKT-0003356,CUS-006722,2025-09-09 09:00:00,2025-09-11 17:00:00,Delivery,Email,Medium,AGT-196,Resolved,3.0
TKT-0003357,CUS-006798,2023-11-27 15:00:00,2023-11-30 05:00:00,Product Quality,Chat,Low,AGT-058,Resolved,
TKT-0003358,CUS-010055,2026-05-31 07:00:00,2026-06-03 10:00:00,Payment,Social,Medium,AGT-262,Resolved,5.0
TKT-0003359,CUS-011501,2024-08-30 14:00:00,2024-09-01 16:00:00,Technical,Chat,Medium,AGT-184,Resolved,
TKT-0003360,CUS-001540,2025-08-10 05:00:00,2025-08-13 18:00:00,Product Quality,Social,Low,AGT-245,Closed,
TKT-0003361,CUS-007403,2022-04-29 06:00:00,,Delivery,Chat,Low,AGT-181,Open,
TKT-0003362,CUS-003328,2023-04-12 21:00:00,2023-04-17 20:00:00,Delivery,Store,Low,AGT-178,Closed,4.0
TKT-0003363,CUS-011831,2023-09-15 09:00:00,2023-09-17 06:00:00,Delivery,Chat,High,AGT-075,Resolved,
TKT-0003364,CUS-004217,2023-07-24 11:00:00,2023-07-27 15:00:00,Account,Chat,Low,AGT-013,Resolved,
TKT-0003365,CUS-010780,2020-03-22 22:00:00,2020-03-24 07:00:00,Delivery,Store,High,AGT-016,Resolved,
TKT-0003366,CUS-009053,2022-05-04 09:00:00,2022-05-08 22:00:00,Technical,Social,Low,AGT-111,Resolved,4.0
TKT-0003367,CUS-004797,2025-10-29 19:00:00,2025-10-30 20:00:00,Product Quality,Chat,Low,AGT-185,Resolved,5.0
TKT-0003368,CUS-003045,2022-03-20 13:00:00,2022-03-21 20:00:00,Returns,Email,Medium,AGT-150,Resolved,4.0
TKT-0003369,CUS-006718,2025-03-05 02:00:00,2025-03-05 04:00:00,Payment,Email,High,AGT-075,Resolved,
TKT-0003370,CUS-003317,2021-11-11 17:00:00,2021-11-12 00:00:00,Delivery,Email,Medium,AGT-030,Resolved,
TKT-0003371,CUS-004870,2022-12-21 23:00:00,,Promotion,Chat,Medium,AGT-047,Open,
TKT-0003372,CUS-006692,2025-10-29 00:00:00,,Account,Email,High,AGT-015,Open,
TKT-0003373,CUS-005801,2025-03-09 00:00:00,2025-03-09 13:00:00,Promotion,Store,Critical,AGT-074,Resolved,1.0
TKT-0003374,CUS-008308,2023-02-01 14:00:00,2023-02-04 08:00:00,Delivery,Email,Medium,AGT-155,Resolved,4.0
TKT-0003375,CUS-010255,2020-03-17 15:00:00,2020-03-19 19:00:00,Technical,Email,Medium,AGT-209,Resolved,
TKT-0003376,CUS-009064,2023-10-01 14:00:00,2023-10-04 23:00:00,Returns,Chat,Medium,AGT-045,Resolved,5.0
TKT-0003377,CUS-002963,2020-11-08 10:00:00,2020-11-11 20:00:00,Delivery,Email,Low,AGT-044,Closed,
TKT-0003378,CUS-007887,2022-04-27 02:00:00,2022-05-01 20:00:00,Delivery,Email,Medium,AGT-076,Resolved,4.0
TKT-0003379,CUS-007510,2024-02-07 22:00:00,2024-02-07 23:00:00,Payment,Store,High,AGT-126,Resolved,4.0
TKT-0003380,CUS-008329,2026-06-11 12:00:00,2026-06-13 04:00:00,Returns,Store,Low,AGT-331,Resolved,5.0
TKT-0003381,CUS-000150,2023-10-15 07:00:00,2023-10-16 15:00:00,Delivery,Chat,Low,AGT-309,Resolved,3.0
TKT-0003382,CUS-004100,2021-08-04 23:00:00,2021-08-06 16:00:00,Account,Store,Low,AGT-256,Resolved,5.0
TKT-0003383,CUS-001890,2024-01-10 12:00:00,2024-01-11 02:00:00,Returns,Chat,Low,AGT-018,Resolved,
TKT-0003384,CUS-011524,2020-11-26 04:00:00,2020-11-26 11:00:00,Returns,Social,Medium,AGT-155,Closed,
TKT-0003385,CUS-000962,2021-06-28 11:00:00,2021-07-02 01:00:00,Payment,Email,Medium,AGT-091,Resolved,
TKT-0003386,CUS-002212,2021-06-30 02:00:00,2021-07-03 17:00:00,Returns,Store,High,AGT-203,Resolved,
TKT-0003387,CUS-011191,2020-04-11 16:00:00,,Product Quality,Email,Low,AGT-040,Open,
TKT-0003388,CUS-003349,2021-04-29 14:00:00,2021-05-03 17:00:00,Delivery,Store,Medium,AGT-290,Resolved,5.0
TKT-0003389,CUS-004069,2020-07-23 04:00:00,,Promotion,Store,High,AGT-317,Open,
TKT-0003390,CUS-003666,2024-03-05 18:00:00,2024-03-10 08:00:00,Delivery,Phone,Low,AGT-263,Closed,
TKT-0003391,CUS-007277,2025-02-24 04:00:00,2025-02-25 14:00:00,Product Quality,Store,Medium,AGT-338,Resolved,
TKT-0003392,CUS-003554,2025-06-10 11:00:00,2025-06-12 17:00:00,Delivery,Phone,Low,AGT-260,Resolved,4.0
TKT-0003393,CUS-011909,2021-02-02 21:00:00,2021-02-07 18:00:00,Delivery,Store,Low,AGT-115,Resolved,
TKT-0003394,CUS-006859,2023-04-29 22:00:00,2023-04-30 01:00:00,Delivery,Email,Low,AGT-293,Closed,5.0
TKT-0003395,CUS-007718,2026-05-12 20:00:00,2026-05-13 16:00:00,Delivery,Chat,Medium,AGT-122,Closed,4.0
TKT-0003396,CUS-008680,2022-07-06 11:00:00,2022-07-07 13:00:00,Delivery,Phone,Low,AGT-305,Resolved,4.0
TKT-0003397,CUS-004318,2023-05-22 04:00:00,2023-05-24 20:00:00,Product Quality,Social,Medium,AGT-245,Resolved,
TKT-0003398,CUS-003594,2024-09-03 04:00:00,2024-09-05 05:00:00,Returns,Store,Medium,AGT-243,Resolved,3.0
TKT-0003399,CUS-006728,2022-02-11 01:00:00,2022-02-13 18:00:00,Product Quality ,Email,Medium,AGT-095,Resolved,
TKT-0003400,CUS-007400,2023-02-23 16:00:00,2023-02-25 06:00:00,Promotion,Chat,Medium,AGT-107,Resolved,
TKT-0003401,CUS-002499,2024-03-31 13:00:00,2024-04-01 10:00:00,Product Quality,Store,High,AGT-248,Closed,5.0
TKT-0003402,CUS-007513,2024-02-03 02:00:00,2024-02-04 05:00:00,Payment,Chat,Medium,AGT-154,Resolved,
TKT-0003403,CUS-000040,2020-03-03 05:00:00,2020-03-07 07:00:00,Payment,Store,Medium,AGT-250,Resolved,4.0
TKT-0003404,CUS-009908,2022-05-08 03:00:00,2022-05-11 00:00:00,Delivery,Phone,High,AGT-263,Resolved,5.0
TKT-0003405,CUS-009580,2020-08-27 05:00:00,2020-08-30 13:00:00,Product Quality,Social,Medium,AGT-201,Resolved,4.0
TKT-0003406,CUS-010691,2023-12-01 23:00:00,2023-12-04 00:00:00,Returns,Social,Low,AGT-279,Resolved,
TKT-0003407,CUS-006422,2025-02-26 09:00:00,2025-02-28 23:00:00,Technical,Email,Low,AGT-323,Closed,2.0
TKT-0003408,CUS-010421,2025-12-12 15:00:00,2025-12-14 12:00:00,Returns,Social,Low,AGT-058,Resolved,
TKT-0003409,CUS-000506,2025-05-06 03:00:00,2025-05-06 12:00:00,Promotion,Social,Low,AGT-261,Resolved,
TKT-0003410,CUS-005495,2021-09-14 20:00:00,2021-09-15 04:00:00,Returns,Email,High,AGT-178,Resolved,
TKT-0003411,CUS-001122,2020-02-18 16:00:00,2020-02-22 23:00:00,Product Quality,Email,High,AGT-307,Closed,4.0
TKT-0003412,CUS-006795,2024-02-05 22:00:00,2024-02-08 08:00:00,Product Quality,Store,Low,AGT-199,Closed,
TKT-0003413,CUS-003097,2024-09-18 17:00:00,2024-09-21 04:00:00,Returns,Chat,Medium,AGT-103,Closed,
TKT-0003414,CUS-009883,2025-08-08 21:00:00,,Payment,Email,Medium,AGT-064,Open,
TKT-0003415,CUS-004018,2021-12-05 08:00:00,2021-12-07 03:00:00,Returns,Phone,Medium,AGT-318,Resolved,4.0
TKT-0003416,CUS-001353,2022-12-13 19:00:00,2022-12-14 13:00:00,Product Quality,Phone,Medium,AGT-090,Resolved,
TKT-0003417,CUS-009141,2020-04-02 21:00:00,2020-04-05 14:00:00,Returns,Chat,Medium,AGT-165,Closed,
TKT-0003418,CUS-003780,2022-06-05 08:00:00,2022-06-09 21:00:00,Returns,Chat,Low,AGT-003,Closed,
TKT-0003419,CUS-008626,2021-01-25 09:00:00,,Technical,Phone,Low,AGT-021,Open,
TKT-0003420,CUS-002829,2022-10-03 11:00:00,2022-10-03 17:00:00,Account,Store,Low,AGT-107,Resolved,
TKT-0003421,CUS-006694,2025-12-31 20:00:00,2026-01-05 03:00:00,Delivery,Chat,Medium,AGT-341,Closed,2.0
TKT-0003422,CUS-005706,2023-07-08 11:00:00,2023-07-11 17:00:00,Delivery,Email,Low,AGT-183,Resolved,4.0
TKT-0003423,CUS-004095,2021-03-18 05:00:00,2021-03-21 11:00:00,Delivery,Chat,Low,AGT-110,Resolved,2.0
TKT-0003424,CUS-003818,2021-10-22 13:00:00,,Product Quality,Social,Low,AGT-223,Open,
TKT-0003425,CUS-004484,2026-03-24 23:00:00,2026-03-26 00:00:00,Delivery,Email,Medium,AGT-040,Closed,4.0
TKT-0003426,CUS-004904,2024-03-22 04:00:00,2024-03-22 08:00:00,Payment,Email,Medium,AGT-171,Resolved,2.0
TKT-0003427,CUS-003154,2021-06-07 10:00:00,2021-06-08 18:00:00,Product Quality,Social,High,AGT-035,Resolved,4.0
TKT-0003428,CUS-008502,2021-09-22 15:00:00,2021-09-22 21:00:00,Delivery,Email,High,AGT-124,Resolved,4.0
TKT-0003429,CUS-005699,2020-01-24 19:00:00,2020-01-26 11:00:00,Delivery,Store,High,AGT-310,Closed,4.0
TKT-0003430,CUS-009897,2025-07-17 10:00:00,2025-07-18 14:00:00,Product Quality,Email,Low,AGT-259,Resolved,
TKT-0003431,CUS-002642,2023-05-25 23:00:00,2023-05-26 17:00:00,Payment,Chat,High,AGT-282,Closed,3.0
TKT-0003432,CUS-006215,2022-02-04 00:00:00,2022-02-07 20:00:00,Promotion,Store,Medium,AGT-202,Resolved,3.0
TKT-0003433,CUS-003306,2025-07-05 16:00:00,2025-07-07 07:00:00,Product Quality,Social,Medium,AGT-237,Resolved,4.0
TKT-0003434,CUS-005237,2024-04-13 14:00:00,2024-04-16 07:00:00,Product Quality,Chat,Medium,AGT-119,Resolved,
TKT-0003435,CUS-007609,2020-12-03 02:00:00,2020-12-07 20:00:00,Payment,Email,Low,AGT-342,Resolved,5.0
TKT-0003436,CUS-005992,2022-01-25 04:00:00,2022-01-26 10:00:00,Product Quality,Chat,High,AGT-326,Resolved,
TKT-0003437,CUS-003597,2023-09-27 17:00:00,2023-10-01 07:00:00,Technical,Social,Medium,AGT-235,Resolved,3.0
TKT-0003438,CUS-003970,2021-09-09 23:00:00,2021-09-12 15:00:00,Product Quality,Chat,Medium,AGT-289,Resolved,5.0
TKT-0003439,CUS-001312,2021-11-06 17:00:00,,Product Quality,Store,Low,AGT-301,Open,
TKT-0003440,CUS-011188,2023-06-06 01:00:00,,Returns,Chat,Medium,AGT-262,Open,
TKT-0003441,CUS-009768,2026-07-24 02:00:00,2026-07-28 12:00:00,Delivery,Chat,Medium,AGT-322,Resolved,5.0
TKT-0003442,CUS-011317,2024-01-11 01:00:00,2024-01-11 18:00:00,Promotion,Phone,Medium,AGT-219,Resolved,
TKT-0003443,CUS-009438,2025-11-15 01:00:00,2025-11-15 19:00:00,Delivery,Phone,Medium,AGT-076,Resolved,5.0
TKT-0003444,CUS-003524,2025-08-27 07:00:00,2025-08-28 12:00:00,Delivery,Email,Medium,AGT-086,Resolved,
TKT-0003445,CUS-011122,2020-03-05 23:00:00,,Delivery,Social,Medium,AGT-271,Open,
TKT-0003446,CUS-005708,2025-12-30 04:00:00,2025-12-31 13:00:00,Technical,Store,Medium,AGT-009,Resolved,
TKT-0003447,CUS-011212,2022-06-12 17:00:00,,Returns,Email,Medium,AGT-068,Open,
TKT-0003448,CUS-009223,2026-03-30 01:00:00,2026-04-03 20:00:00,Delivery,Store,Low,AGT-252,Resolved,
TKT-0003449,CUS-001442,2020-10-16 12:00:00,2020-10-19 03:00:00,Delivery,Store,Medium,AGT-128,Resolved,4.0
TKT-0003450,CUS-005156,2024-12-01 20:00:00,2024-12-06 06:00:00,Technical,Chat,Low,AGT-059,Resolved,5.0
TKT-0003451,CUS-008037,2021-06-08 01:00:00,2021-06-10 08:00:00,Payment,Social,Low,AGT-257,Resolved,
TKT-0003452,CUS-002842,2020-08-02 17:00:00,2020-08-07 02:00:00,Delivery,Social,Medium,AGT-223,Resolved,5.0
TKT-0003453,CUS-004027,2021-11-26 14:00:00,2021-11-27 08:00:00,Returns,Social,Medium,AGT-238,Resolved,
TKT-0003454,CUS-005432,2024-01-09 17:00:00,2024-01-12 10:00:00,Product Quality,Phone,Medium,AGT-341,Resolved,2.0
TKT-0003455,CUS-005107,2022-06-09 00:00:00,,Technical,Email,High,AGT-169,Open,
TKT-0003456,CUS-010640,2021-06-03 08:00:00,2021-06-05 13:00:00,Delivery,Email,Medium,AGT-141,Resolved,5.0
TKT-0003457,CUS-000894,2025-02-14 00:00:00,2025-02-16 22:00:00,Delivery,Chat,Medium,AGT-116,Closed,
TKT-0003458,CUS-005471,2020-03-25 22:00:00,2020-03-25 23:00:00,Returns,Social,Low,AGT-212,Resolved,
TKT-0003459,CUS-011707,2020-09-04 21:00:00,2020-09-07 21:00:00,Returns,Store,Medium,AGT-117,Resolved,
TKT-0003460,CUS-006446,2021-06-20 02:00:00,2021-06-23 16:00:00,Account,Email,Medium,AGT-304,Resolved,
TKT-0003461,CUS-010724,2025-12-27 00:00:00,2025-12-28 19:00:00,Payment,Email,High,AGT-277,Resolved,5.0
TKT-0003462,CUS-001533,2021-07-10 05:00:00,2021-07-14 08:00:00,Account,Email,Medium,AGT-064,Resolved,
TKT-0003463,CUS-003563,2025-06-19 15:00:00,2025-06-23 14:00:00,Delivery,Store,Medium,AGT-350,Resolved,3.0
TKT-0003464,CUS-001116,2020-08-26 13:00:00,,Returns,Chat,Medium,AGT-154,Open,
TKT-0003465,CUS-001421,2024-07-05 07:00:00,2024-07-08 00:00:00,Account,Store,Low,AGT-084,Closed,5.0
TKT-0003466,CUS-005192,2021-09-22 07:00:00,2021-09-24 18:00:00,Delivery,Phone,Low,AGT-065,Resolved,
TKT-0003467,CUS-001217,2020-09-08 04:00:00,,Promotion,Email,Low,AGT-278,Open,
TKT-0003468,CUS-008149,2022-11-27 10:00:00,2022-11-29 04:00:00,Account,Phone,High,AGT-056,Closed,4.0
TKT-0003469,CUS-003900,2025-11-10 06:00:00,2025-11-11 11:00:00,Account,Store,Medium,AGT-341,Resolved,
TKT-0003470,CUS-003962,2023-10-09 06:00:00,2023-10-13 18:00:00,Payment,Phone,Low,AGT-079,Resolved,
TKT-0003471,CUS-001370,2021-09-06 15:00:00,2021-09-10 21:00:00,Returns,Social,Medium,AGT-211,Resolved,5.0
TKT-0003472,CUS-008124,2021-11-12 09:00:00,2021-11-13 13:00:00,Returns,Store,Medium,AGT-042,Resolved,4.0
TKT-0003473,CUS-000522,2021-08-13 00:00:00,2021-08-13 05:00:00,Payment,Social,Low,AGT-132,Resolved,4.0
TKT-0003474,CUS-005760,2021-01-31 15:00:00,2021-02-01 20:00:00,Payment,Store,High,AGT-221,Resolved,5.0
TKT-0003475,CUS-008645,2023-10-10 13:00:00,,Technical,Store,Critical,AGT-286,Open,
TKT-0003476,CUS-005204,2023-09-12 18:00:00,2023-09-17 12:00:00,Returns,Phone,Medium,AGT-204,Resolved,1.0
TKT-0003477,CUS-002769,2021-03-02 07:00:00,2021-03-02 15:00:00,Returns,Email,Medium,AGT-106,Resolved,5.0
TKT-0003478,CUS-001022,2020-05-09 03:00:00,2020-05-10 03:00:00,Payment,Email,Critical,AGT-299,Resolved,
TKT-0003479,CUS-002060,2025-03-28 06:00:00,2025-03-29 22:00:00,Delivery,Social,Low,AGT-079,Resolved,
TKT-0003480,CUS-007999,2021-01-08 19:00:00,2021-01-09 11:00:00,Returns,Email,Low,AGT-081,Resolved,5.0
TKT-0003481,CUS-006757,2023-08-03 16:00:00,2023-08-06 02:00:00,Product Quality,Chat,High,AGT-205,Resolved,
TKT-0003482,CUS-007637,2025-09-19 02:00:00,,Product Quality,Phone,Medium,AGT-074,Open,
TKT-0003483,CUS-003336,2020-09-29 07:00:00,2020-09-30 23:00:00,Delivery,Store,Medium,AGT-163,Resolved,5.0
TKT-0003484,CUS-002409,2026-06-23 02:00:00,2026-06-24 16:00:00,Delivery,Email,High,AGT-225,Resolved,
TKT-0003485,CUS-006804,2023-09-29 21:00:00,,Technical,Email,Medium,AGT-183,Open,
TKT-0003486,CUS-000542,2022-02-07 11:00:00,2022-02-07 17:00:00,Payment,Email,Medium,AGT-103,Resolved,2.0
TKT-0003487,CUS-011383,2023-10-10 13:00:00,2023-10-13 17:00:00,Delivery,Phone,Low,AGT-030,Resolved,
TKT-0003488,CUS-005148,2024-09-23 00:00:00,2024-09-27 23:00:00,Product Quality,Social,Medium,AGT-044,Resolved,3.0
TKT-0003489,CUS-007911,2024-01-18 14:00:00,2024-01-22 15:00:00,Account,Social,Medium,AGT-326,Resolved,2.0
TKT-0003490,CUS-002307,2022-11-24 04:00:00,2022-11-26 22:00:00,Delivery,Social,Medium,AGT-226,Closed,
TKT-0003491,CUS-004848,2020-08-12 05:00:00,2020-08-16 15:00:00,Delivery,Chat,Medium,AGT-098,Resolved,
TKT-0003492,CUS-009819,2025-04-22 19:00:00,2025-04-25 05:00:00,Product Quality,Store,Low,AGT-328,Resolved,4.0
TKT-0003493,CUS-011345,2026-06-15 17:00:00,2026-06-19 18:00:00,Promotion,Chat,Critical,AGT-030,Closed,
TKT-0003494,CUS-010661,2025-04-24 02:00:00,2025-04-25 22:00:00,Delivery,Chat,Low,AGT-149,Resolved,5.0
TKT-0003495,CUS-010717,2022-03-06 19:00:00,2022-03-09 16:00:00,Account,Email,Low,AGT-156,Resolved,4.0
TKT-0003496,CUS-002291,2022-03-10 20:00:00,2022-03-11 17:00:00,Technical,Social,Medium,AGT-319,Resolved,
TKT-0003497,CUS-006781,2020-01-13 14:00:00,,Payment,Phone,Low,AGT-315,Open,
TKT-0003498,CUS-003273,2023-02-15 21:00:00,2023-02-18 11:00:00,Delivery,Social,Medium,AGT-021,Closed,4.0
TKT-0003499,CUS-000158,2022-10-02 11:00:00,2022-10-07 05:00:00,Delivery,Social,High,AGT-345,Closed,3.0
TKT-0003500,CUS-006162,2023-03-08 17:00:00,2023-03-12 17:00:00,Payment,Chat,Low,AGT-024,Resolved,4.0
TKT-0003501,CUS-001966,2024-07-26 01:00:00,2024-07-26 14:00:00,Product Quality,Store,Low,AGT-111,Resolved,
TKT-0003502,CUS-001714,2025-03-19 09:00:00,2025-03-22 08:00:00,Payment,Email,Low,AGT-032,Resolved,3.0
TKT-0003503,CUS-006404,2020-12-23 07:00:00,2020-12-25 05:00:00,Returns,Chat,Low,AGT-170,Resolved,5.0
TKT-0003504,CUS-003915,2024-09-26 07:00:00,2024-09-30 12:00:00,Returns,Phone,Medium,AGT-312,Closed,3.0
TKT-0003505,CUS-000731,2022-06-14 00:00:00,2022-06-15 06:00:00,Returns,Chat,Medium,AGT-127,Closed,4.0
TKT-0003506,CUS-009194,2020-02-12 05:00:00,2020-02-16 23:00:00,Delivery ,Store,Medium,AGT-216,Resolved,3.0
TKT-0003507,CUS-000120,2025-10-05 08:00:00,2025-10-05 15:00:00,Delivery,Phone,Low,AGT-231,Resolved,
TKT-0003508,CUS-005736,2021-05-18 17:00:00,2021-05-21 20:00:00,Returns,Chat,Low,AGT-233,Closed,4.0
TKT-0003509,CUS-009430,2022-08-16 17:00:00,2022-08-18 17:00:00,Delivery,Phone,Medium,AGT-088,Closed,
TKT-0003510,CUS-000828,2022-02-05 21:00:00,2022-02-08 17:00:00,Payment,Social,Low,AGT-320,Resolved,3.0
TKT-0003511,CUS-010130,2024-09-04 07:00:00,,Product Quality,Social,High,AGT-285,Open,
TKT-0003512,CUS-004408,2022-04-02 00:00:00,,Delivery,Email,Medium,AGT-089,Open,
TKT-0003513,CUS-011809,2025-06-10 04:00:00,2025-06-11 13:00:00,Returns,Social,Low,AGT-259,Closed,5.0
TKT-0003514,CUS-001679,2021-12-03 22:00:00,2021-12-07 07:00:00,Product Quality,Chat,Low,AGT-300,Resolved,
TKT-0003515,CUS-008053,2023-10-27 11:00:00,2023-10-31 03:00:00,Product Quality,Email,Medium,AGT-045,Closed,4.0
TKT-0003516,CUS-001710,2026-02-02 01:00:00,2026-02-05 03:00:00,Delivery,Phone,Medium,AGT-045,Resolved,5.0
TKT-0003517,CUS-009995,2023-07-08 02:00:00,2023-07-12 01:00:00,Promotion,Social,Low,AGT-046,Resolved,
TKT-0003518,CUS-003354,2023-04-05 12:00:00,2023-04-07 07:00:00,Product Quality,Email,Medium,AGT-212,Resolved,4.0
TKT-0003519,CUS-003406,2024-07-02 18:00:00,2024-07-06 23:00:00,Product Quality,Phone,Low,AGT-161,Resolved,3.0
TKT-0003520,CUS-004331,2022-01-16 17:00:00,2022-01-20 12:00:00,Product Quality,Store,Low,AGT-140,Resolved,
TKT-0003521,CUS-000347,2020-04-14 17:00:00,2020-04-17 01:00:00,Account,Phone,Medium,AGT-227,Resolved,
TKT-0003522,CUS-009410,2022-10-25 21:00:00,2022-10-28 13:00:00,Delivery,Email,Medium,AGT-118,Closed,1.0
TKT-0003523,CUS-005431,2026-05-18 11:00:00,2026-05-23 10:00:00,Payment,Social,Medium,AGT-269,Resolved,
TKT-0003524,CUS-001934,2022-11-03 20:00:00,2022-11-07 09:00:00,Payment,Phone,Medium,AGT-245,Resolved,
TKT-0003525,CUS-007438,2022-08-21 22:00:00,2022-08-22 04:00:00,Payment,Phone,High,AGT-272,Resolved,5.0
TKT-0003526,CUS-000098,2026-01-25 02:00:00,,Delivery,Email,Low,AGT-217,Open,
TKT-0003527,CUS-010115,2023-04-12 03:00:00,2023-04-15 16:00:00,Returns,Store,Low,AGT-129,Resolved,
TKT-0003528,CUS-005993,2024-10-06 02:00:00,2024-10-10 19:00:00,Returns,Email,Low,AGT-018,Resolved,4.0
TKT-0003529,CUS-000513,2024-06-08 15:00:00,2024-06-11 18:00:00,Delivery,Store,Medium,AGT-059,Resolved,
TKT-0003530,CUS-002023,2026-01-07 08:00:00,2026-01-12 04:00:00,Returns,Email,Low,AGT-195,Resolved,
TKT-0003531,CUS-009513,2021-08-11 23:00:00,,Product Quality,Email,Medium,AGT-115,Open,
TKT-0003532,CUS-003763,2023-09-02 06:00:00,2023-09-04 06:00:00,Product Quality,Chat,Low,AGT-330,Resolved,3.0
TKT-0003533,CUS-009401,2023-09-09 11:00:00,2023-09-13 12:00:00,Delivery,Social,Medium,AGT-171,Resolved,5.0
TKT-0003534,CUS-009783,2024-01-10 11:00:00,2024-01-11 08:00:00,Returns,Social,Medium,AGT-266,Closed,5.0
TKT-0003535,CUS-004403,2023-03-30 10:00:00,,Delivery,Store,Medium,AGT-125,Open,
TKT-0003536,CUS-005839,2021-07-31 04:00:00,2021-08-01 20:00:00,Product Quality,Email,Medium,AGT-113,Resolved,3.0
TKT-0003537,CUS-001627,2023-04-26 07:00:00,,Delivery,Store,Medium,AGT-086,Open,
TKT-0003538,CUS-007237,2022-08-06 23:00:00,2022-08-07 09:00:00,Delivery,Phone,Medium,AGT-033,Resolved,3.0
TKT-0003539,CUS-001767,2023-02-23 04:00:00,2023-02-27 18:00:00,Technical,Store,High,AGT-073,Resolved,
TKT-0003540,CUS-004396,2020-02-22 17:00:00,2020-02-27 09:00:00,Product Quality,Phone,Medium,AGT-313,Resolved,4.0
TKT-0003541,CUS-004239,2024-06-08 11:00:00,2024-06-10 09:00:00,Delivery,Social,Medium,AGT-281,Resolved,5.0
TKT-0003542,CUS-003868,2026-02-12 17:00:00,2026-02-13 16:00:00,Product Quality,Store,Low,AGT-194,Resolved,4.0
TKT-0003543,CUS-003810,2023-01-08 04:00:00,2023-01-10 15:00:00,Product Quality,Phone,Low,AGT-119,Resolved,
TKT-0003544,CUS-007420,2021-03-03 14:00:00,2021-03-05 19:00:00,Product Quality,Social,Low,AGT-334,Closed,3.0
TKT-0003545,CUS-002749,2025-07-06 01:00:00,2025-07-07 07:00:00,Returns,Chat,Medium,AGT-085,Resolved,
TKT-0003546,CUS-000352,2022-04-16 23:00:00,2022-04-21 15:00:00,Delivery,Chat,Low,AGT-003,Resolved,1.0
TKT-0003547,CUS-000463,2025-05-10 10:00:00,2025-05-14 15:00:00,Delivery,Email,Low,AGT-010,Resolved,
TKT-0003548,CUS-010002,2025-10-27 07:00:00,2025-10-31 20:00:00,Payment,Social,Low,AGT-205,Resolved,5.0
TKT-0003549,CUS-010751,2023-11-29 07:00:00,2023-12-03 13:00:00,Delivery,Phone,Medium,AGT-130,Resolved,
TKT-0003550,CUS-010118,2023-10-23 08:00:00,2023-10-23 21:00:00,Returns,Email,Medium,AGT-329,Resolved,
TKT-0003551,CUS-006707,2020-12-30 10:00:00,,Delivery,Email,Medium,AGT-070,Open,
TKT-0003552,CUS-007641,2023-10-06 18:00:00,2023-10-10 20:00:00,Delivery,Social,Low,AGT-061,Resolved,4.0
TKT-0003553,CUS-003533,2021-12-17 23:00:00,2021-12-21 23:00:00,Returns,Phone,Medium,AGT-117,Resolved,
TKT-0003554,CUS-003316,2021-07-15 18:00:00,2021-07-16 16:00:00,Payment,Chat,Medium,AGT-250,Resolved,5.0
TKT-0003555,CUS-007031,2020-12-04 23:00:00,2020-12-09 05:00:00,Delivery,Social,Low,AGT-333,Resolved,3.0
TKT-0003556,CUS-005867,2024-11-15 10:00:00,2024-11-15 20:00:00,Account,Store,Low,AGT-117,Resolved,4.0
TKT-0003557,CUS-005687,2026-06-19 08:00:00,2026-06-20 10:00:00,Delivery,Store,Medium,AGT-134,Resolved,4.0
TKT-0003558,CUS-007149,2024-07-05 20:00:00,2024-07-06 04:00:00,Product Quality,Email,Low,AGT-283,Closed,
TKT-0003559,CUS-006088,2023-06-05 19:00:00,2023-06-09 19:00:00,Delivery,Social,High,AGT-240,Resolved,
TKT-0003560,CUS-000722,2023-07-09 12:00:00,2023-07-14 06:00:00,Product Quality,Email,High,AGT-249,Closed,
TKT-0003561,CUS-002367,2021-02-23 11:00:00,2021-02-26 10:00:00,Delivery,Chat,High,AGT-254,Resolved,
TKT-0003562,CUS-006634,2024-05-19 08:00:00,2024-05-21 10:00:00,Payment,Store,Medium,AGT-196,Resolved,4.0
TKT-0003563,CUS-000398,2025-01-14 02:00:00,2025-01-18 02:00:00,Delivery,Store,Low,AGT-260,Closed,5.0
TKT-0003564,CUS-009568,2025-12-21 23:00:00,2025-12-22 19:00:00,Promotion,Email,Medium,AGT-114,Resolved,
TKT-0003565,CUS-004340,2026-05-09 03:00:00,2026-05-09 07:00:00,Promotion,Chat,Medium,AGT-141,Closed,4.0
TKT-0003566,CUS-007786,2020-10-25 08:00:00,2020-10-29 04:00:00,Delivery,Social,Medium,AGT-084,Resolved,
TKT-0003567,CUS-007038,2025-10-28 19:00:00,,Promotion,Chat,Low,AGT-195,Open,
TKT-0003568,CUS-005409,2025-03-27 03:00:00,2025-03-27 18:00:00,Payment,Store,Medium,AGT-102,Resolved,
TKT-0003569,CUS-002191,2023-02-21 03:00:00,2023-02-23 08:00:00,Returns,Store,Medium,AGT-288,Resolved,4.0
TKT-0003570,CUS-007081,2026-06-24 00:00:00,2026-06-24 17:00:00,Returns,Chat,High,AGT-243,Resolved,
TKT-0003571,CUS-002564,2022-02-18 18:00:00,2022-02-23 00:00:00,Returns,Chat,Medium,AGT-331,Closed,
TKT-0003572,CUS-007536,2024-12-04 13:00:00,2024-12-04 14:00:00,Delivery,Social,Low,AGT-147,Resolved,
TKT-0003573,CUS-002735,2021-08-26 17:00:00,2021-08-29 22:00:00,Technical,Email,Medium,AGT-092,Resolved,
TKT-0003574,CUS-011981,2022-10-04 21:00:00,2022-10-09 01:00:00,Delivery,Store,Low,AGT-015,Resolved,
TKT-0003575,CUS-007780,2023-06-20 12:00:00,2023-06-22 04:00:00,Payment,Phone,High,AGT-144,Resolved,4.0
TKT-0003576,CUS-008634,2024-01-24 17:00:00,,Returns,Store,High,AGT-269,Open,
TKT-0003577,CUS-005693,2023-11-21 05:00:00,2023-11-24 06:00:00,Delivery,Phone,Low,AGT-293,Resolved,3.0
TKT-0003578,CUS-008866,2022-08-17 06:00:00,2022-08-21 05:00:00,Delivery,Social,Low,AGT-338,Resolved,5.0
TKT-0003579,CUS-007884,2025-03-30 06:00:00,2025-03-31 13:00:00,Returns,Chat,Medium,AGT-050,Resolved,
TKT-0003580,CUS-007031,2020-10-27 13:00:00,2020-10-31 09:00:00,Delivery,Email,Medium,AGT-122,Resolved,5.0
TKT-0003581,CUS-011042,2020-05-21 15:00:00,2020-05-26 08:00:00,Returns,Social,Medium,AGT-089,Resolved,4.0
TKT-0003582,CUS-000832,2024-08-14 09:00:00,2024-08-15 02:00:00,Account,Chat,Low,AGT-247,Resolved,
TKT-0003583,CUS-001898,2020-10-28 10:00:00,2020-10-31 13:00:00,Product Quality,Chat,Medium,AGT-300,Resolved,5.0
TKT-0003584,CUS-003638,2025-07-17 08:00:00,,Delivery,Social,Medium,AGT-268,Open,
TKT-0003585,CUS-009094,2021-04-14 00:00:00,2021-04-17 13:00:00,Account,Chat,Low,AGT-034,Closed,
TKT-0003586,CUS-002989,2026-01-05 05:00:00,2026-01-06 20:00:00,Payment,Store,Critical,AGT-189,Resolved,4.0
TKT-0003587,CUS-009214,2022-06-23 21:00:00,2022-06-25 03:00:00,Delivery,Email,Low,AGT-341,Resolved,1.0
TKT-0003588,CUS-007513,2022-10-24 22:00:00,2022-10-28 11:00:00,Promotion,Store,Low,AGT-229,Resolved,4.0
TKT-0003589,CUS-006763,2024-07-11 10:00:00,2024-07-13 05:00:00,Promotion,Email,Medium,AGT-186,Resolved,5.0
TKT-0003590,CUS-007764,2024-02-13 22:00:00,2024-02-16 22:00:00,Account,Email,Medium,AGT-258,Resolved,
TKT-0003591,CUS-004779,2022-05-31 21:00:00,,Delivery,Store,Low,AGT-189,Open,
TKT-0003592,CUS-009348,2021-12-13 00:00:00,2021-12-15 10:00:00,Returns,Chat,Medium,AGT-214,Resolved,
TKT-0003593,CUS-004660,2026-04-06 06:00:00,,Promotion,Chat,Medium,AGT-096,Open,
TKT-0003594,CUS-003122,2020-02-22 05:00:00,2020-02-26 05:00:00,Product Quality,Email,Medium,AGT-079,Closed,
TKT-0003595,CUS-001077,2026-06-15 10:00:00,2026-06-20 01:00:00,Delivery,Email,Low,AGT-024,Resolved,5.0
TKT-0003596,CUS-000376,2022-09-16 23:00:00,2022-09-21 12:00:00,Payment,Phone,Medium,AGT-246,Resolved,4.0
TKT-0003597,CUS-008737,2024-06-15 20:00:00,2024-06-15 23:00:00,Technical,Chat,Medium,AGT-209,Resolved,4.0
TKT-0003598,CUS-005743,2024-03-03 12:00:00,2024-03-08 01:00:00,Delivery,Phone,Low,AGT-135,Closed,5.0
TKT-0003599,CUS-001173,2026-01-17 08:00:00,2026-01-21 21:00:00,Product Quality,Email,Medium,AGT-293,Resolved,5.0
TKT-0003600,CUS-011832,2021-07-13 08:00:00,2021-07-16 03:00:00,Technical,Store,Low,AGT-223,Resolved,3.0
TKT-0003601,CUS-004941,2021-06-29 01:00:00,2021-06-29 12:00:00,Payment,Store,Medium,AGT-137,Resolved,
TKT-0003602,CUS-001324,2024-09-20 18:00:00,2024-09-21 18:00:00,Delivery,Email,Medium,AGT-268,Resolved,
TKT-0003603,CUS-002178,2024-05-31 13:00:00,2024-06-05 06:00:00,Returns,Social,Medium,AGT-041,Resolved,
TKT-0003604,CUS-002368,2023-09-27 18:00:00,2023-10-02 05:00:00,Promotion,Chat,High,AGT-130,Resolved,2.0
TKT-0003605,CUS-007538,2021-03-29 21:00:00,2021-03-31 15:00:00,Promotion,Email,Medium,AGT-053,Resolved,5.0
TKT-0003606,CUS-011221,2025-08-03 08:00:00,2025-08-07 18:00:00,Returns,Phone,Medium,AGT-218,Resolved,4.0
TKT-0003607,CUS-011324,2025-10-22 09:00:00,2025-10-25 19:00:00,Delivery,Store,Medium,AGT-230,Resolved,2.0
TKT-0003608,CUS-008321,2025-11-02 04:00:00,,Technical,Chat,Medium,AGT-184,Open,
TKT-0003609,CUS-003473,2021-03-10 15:00:00,2021-03-10 20:00:00,Promotion,Store,Low,AGT-016,Resolved,
TKT-0003610,CUS-011856,2022-02-08 04:00:00,2022-02-11 01:00:00,Delivery,Chat,Low,AGT-333,Resolved,1.0
TKT-0003611,CUS-008774,2026-07-04 17:00:00,2026-07-07 17:00:00,Delivery,Email,High,AGT-343,Resolved,1.0
TKT-0003612,CUS-004997,2021-09-27 03:00:00,2021-09-29 14:00:00,Delivery,Social,Medium,AGT-332,Resolved,
TKT-0003613,CUS-008122,2023-02-23 21:00:00,2023-02-27 13:00:00,Product Quality,Phone,Low,AGT-238,Resolved,5.0
TKT-0003614,CUS-000912,2025-11-25 10:00:00,2025-11-27 20:00:00,Account,Chat,Medium,AGT-181,Resolved,
TKT-0003615,CUS-002073,2020-07-17 17:00:00,2020-07-17 19:00:00,Product Quality,Phone,Medium,AGT-272,Resolved,5.0
TKT-0003616,CUS-002288,2020-10-16 15:00:00,2020-10-19 01:00:00,Account,Store,Low,AGT-153,Resolved,3.0
TKT-0003617,CUS-010386,2023-07-09 21:00:00,2023-07-11 19:00:00,Account,Chat,Low,AGT-188,Resolved,3.0
TKT-0003618,CUS-002864,2024-03-24 15:00:00,2024-03-28 18:00:00,Returns,Store,Low,AGT-329,Closed,4.0
TKT-0003619,CUS-009170,2024-10-30 22:00:00,2024-11-02 14:00:00,Payment,Phone,Low,AGT-087,Resolved,
TKT-0003620,CUS-000715,2022-11-30 02:00:00,2022-12-02 03:00:00,Returns,Store,Medium,AGT-172,Resolved,
TKT-0003621,CUS-004853,2026-07-02 12:00:00,2026-07-04 00:00:00,Delivery,Email,Medium,AGT-212,Resolved,
TKT-0003622,CUS-003620,2026-08-21 06:00:00,2026-08-22 20:00:00,Delivery,Social,High,AGT-062,Resolved,
TKT-0003623,CUS-009942,2023-02-21 18:00:00,2023-02-21 23:00:00,Technical,Store,Low,AGT-167,Resolved,5.0
TKT-0003624,CUS-001844,2020-04-12 05:00:00,2020-04-16 11:00:00,Delivery,Email,Low,AGT-345,Closed,5.0
TKT-0003625,CUS-006443,2022-02-08 17:00:00,,Product Quality,Store,Medium,AGT-272,Open,
TKT-0003626,CUS-011200,2024-02-27 15:00:00,2024-02-28 19:00:00,Returns,Social,Low,AGT-134,Resolved,
TKT-0003627,CUS-006299,2023-04-06 13:00:00,2023-04-08 00:00:00,Account,Email,Low,AGT-205,Resolved,
TKT-0003628,CUS-003625,2020-03-19 13:00:00,2020-03-20 00:00:00,Promotion,Store,Medium,AGT-134,Closed,4.0
TKT-0003629,CUS-009508,2026-05-30 03:00:00,,Product Quality,Chat,Medium,AGT-084,Open,
TKT-0003630,CUS-008433,2021-01-02 14:00:00,2021-01-05 20:00:00,Payment,Store,Medium,AGT-032,Closed,
TKT-0003631,CUS-005737,2023-03-04 23:00:00,2023-03-06 06:00:00,Returns,Store,Medium,AGT-180,Resolved,4.0
TKT-0003632,CUS-008731,2025-01-12 14:00:00,2025-01-13 06:00:00,Returns,Store,Low,AGT-225,Resolved,2.0
TKT-0003633,CUS-007276,2021-02-20 11:00:00,2021-02-23 19:00:00,Returns,Phone,Medium,AGT-261,Resolved,
TKT-0003634,CUS-003571,2023-05-26 10:00:00,,Payment,Store,Low,AGT-285,Open,
TKT-0003635,CUS-009128,2023-01-08 20:00:00,,Returns,Email,Low,AGT-148,Open,
TKT-0003636,CUS-001896,2022-04-24 04:00:00,2022-04-29 03:00:00,Delivery,Chat,Critical,AGT-214,Resolved,
TKT-0003637,CUS-005038,2020-03-26 12:00:00,2020-03-29 11:00:00,Product Quality,Social,High,AGT-138,Closed,2.0
TKT-0003638,CUS-000984,2026-04-20 14:00:00,2026-04-23 07:00:00,Payment,Email,High,AGT-252,Closed,2.0
TKT-0003639,CUS-002340,2023-04-29 16:00:00,2023-05-04 03:00:00,Returns,Social,Low,AGT-184,Closed,
TKT-0003640,CUS-002290,2021-05-03 04:00:00,,Returns,Store,High,AGT-211,Open,
TKT-0003641,CUS-001154,2024-10-12 10:00:00,,Delivery,Phone,High,AGT-322,Open,
TKT-0003642,CUS-006087,2020-01-03 14:00:00,2020-01-06 14:00:00,Product Quality,Phone,Low,AGT-015,Closed,5.0
TKT-0003643,CUS-008772,2020-01-18 09:00:00,2020-01-22 02:00:00,Delivery,Store,High,AGT-011,Resolved,4.0
TKT-0003644,CUS-001629,2022-10-27 23:00:00,2022-10-28 16:00:00,Payment,Store,Medium,AGT-254,Resolved,
TKT-0003645,CUS-001328,2025-02-17 12:00:00,2025-02-22 05:00:00,Returns,Chat,Medium,AGT-304,Resolved,5.0
TKT-0003646,CUS-003514,2026-01-09 14:00:00,2026-01-12 11:00:00,Returns,Phone,Low,AGT-220,Closed,4.0
TKT-0003647,CUS-007688,2026-03-23 08:00:00,2026-03-28 02:00:00,Payment,Email,Critical,AGT-111,Resolved,
TKT-0003648,CUS-007258,2022-07-31 08:00:00,2022-08-01 14:00:00,Product Quality,Phone,Low,AGT-198,Resolved,4.0
TKT-0003649,CUS-011731,2023-03-01 23:00:00,,Returns,Social,Medium,AGT-286,Open,
TKT-0003650,CUS-009785,2021-02-13 23:00:00,2021-02-16 00:00:00,Product Quality,Chat,Low,AGT-205,Resolved,
TKT-0003651,CUS-001034,2021-05-02 11:00:00,2021-05-05 22:00:00,Product Quality,Chat,Medium,AGT-157,Resolved,4.0
TKT-0003652,CUS-003937,2025-09-21 16:00:00,2025-09-22 22:00:00,Delivery,Chat,Medium,AGT-064,Resolved,5.0
TKT-0003653,CUS-000149,2024-03-15 08:00:00,2024-03-15 19:00:00,Product Quality,Social,Critical,AGT-011,Resolved,4.0
TKT-0003654,CUS-007585,2025-01-27 11:00:00,2025-01-27 15:00:00,Promotion,Social,Medium,AGT-286,Resolved,4.0
TKT-0003655,CUS-005506,2026-04-24 18:00:00,2026-04-26 01:00:00,Delivery,Store,High,AGT-165,Resolved,5.0
TKT-0003656,CUS-007973,2023-12-22 23:00:00,2023-12-27 09:00:00,Account,Chat,Medium,AGT-009,Resolved,
TKT-0003657,CUS-005228,2024-11-25 09:00:00,2024-11-26 12:00:00,Returns,Email,Low,AGT-228,Closed,4.0
TKT-0003658,CUS-001002,2023-01-20 22:00:00,2023-01-23 22:00:00,Payment,Email,Low,AGT-038,Resolved,3.0
TKT-0003659,CUS-010645,2024-12-27 03:00:00,2024-12-29 04:00:00,Product Quality,Store,Medium,AGT-089,Closed,3.0
TKT-0003660,CUS-005568,2026-01-16 07:00:00,,Account,Phone,Low,AGT-131,Open,
TKT-0003661,CUS-009568,2025-09-24 00:00:00,2025-09-25 04:00:00,Delivery,Phone,High,AGT-186,Resolved,
TKT-0003662,CUS-010600,2025-11-20 05:00:00,,Payment,Phone,Medium,AGT-235,Open,
TKT-0003663,CUS-009601,2026-08-19 14:00:00,2026-08-19 22:00:00,Technical,Store,High,AGT-344,Resolved,
TKT-0003664,CUS-003651,2020-07-24 10:00:00,2020-07-28 19:00:00,Delivery,Email,Medium,AGT-158,Resolved,4.0
TKT-0003665,CUS-010003,2023-04-04 14:00:00,2023-04-05 15:00:00,Promotion,Phone,Medium,AGT-169,Resolved,5.0
TKT-0003666,CUS-000763,2022-09-18 15:00:00,2022-09-19 19:00:00,Product Quality,Chat,Low,AGT-133,Resolved,5.0
TKT-0003667,CUS-007750,2023-08-26 13:00:00,2023-08-26 15:00:00,Promotion,Chat,Low,AGT-247,Resolved,
TKT-0003668,CUS-010146,2022-03-29 01:00:00,2022-04-01 08:00:00,Returns,Email,Medium,AGT-001,Resolved,
TKT-0003669,CUS-000811,2023-07-29 23:00:00,2023-07-31 13:00:00,Product Quality,Social,Medium,AGT-254,Resolved,5.0
TKT-0003670,CUS-011354,2020-11-02 10:00:00,2020-11-03 20:00:00,Product Quality,Store,Medium,AGT-350,Closed,
TKT-0003671,CUS-008692,2021-07-11 15:00:00,2021-07-12 11:00:00,Promotion,Social,High,AGT-004,Resolved,
TKT-0003672,CUS-011531,2026-08-18 10:00:00,2026-08-22 17:00:00,Delivery,Phone,Low,AGT-071,Closed,4.0
TKT-0003673,CUS-000857,2024-11-09 15:00:00,2024-11-11 17:00:00,Promotion,Email,High,AGT-174,Resolved,
TKT-0003674,CUS-000525,2020-04-15 12:00:00,2020-04-16 11:00:00,Delivery,Store,Medium,AGT-042,Resolved,4.0
TKT-0003675,CUS-003106,2024-12-25 19:00:00,2024-12-29 22:00:00,Product Quality,Store,Low,AGT-016,Resolved,
TKT-0003676,CUS-009753,2021-04-01 09:00:00,2021-04-05 15:00:00,Account,Phone,Critical,AGT-249,Closed,4.0
TKT-0003677,CUS-000349,2021-12-15 11:00:00,2021-12-18 19:00:00,Delivery,Phone,Low,AGT-015,Closed,
TKT-0003678,CUS-009946,2022-11-01 00:00:00,2022-11-01 19:00:00,Delivery,Chat,Low,AGT-295,Resolved,3.0
TKT-0003679,CUS-009651,2025-01-30 21:00:00,2025-02-04 16:00:00,Payment,Phone,Medium,AGT-027,Resolved,
TKT-0003680,CUS-000454,2024-07-22 08:00:00,2024-07-24 08:00:00,Product Quality,Social,Medium,AGT-279,Resolved,
TKT-0003681,CUS-011286,2023-08-10 09:00:00,2023-08-14 12:00:00,Account,Chat,Low,AGT-124,Closed,4.0
TKT-0003682,CUS-004393,2023-04-28 09:00:00,2023-04-30 19:00:00,Delivery,Phone,High,AGT-075,Resolved,
TKT-0003683,CUS-002707,2021-11-01 18:00:00,2021-11-05 20:00:00,Delivery,Social,Low,AGT-220,Resolved,
TKT-0003684,CUS-010473,2026-08-09 07:00:00,2026-08-10 07:00:00,Account,Email,Medium,AGT-176,Resolved,
TKT-0003685,CUS-004764,2021-05-19 17:00:00,2021-05-21 22:00:00,Returns,Email,Low,AGT-280,Resolved,
TKT-0003686,CUS-001665,2025-05-23 23:00:00,2025-05-25 00:00:00,Delivery,Social,Low,AGT-315,Resolved,3.0
TKT-0003687,CUS-000214,2020-07-18 12:00:00,2020-07-21 21:00:00,Account,Phone,Medium,AGT-145,Resolved,3.0
TKT-0003688,CUS-008227,2023-05-31 20:00:00,2023-06-04 21:00:00,Promotion,Social,Medium,AGT-181,Resolved,
TKT-0003689,CUS-011202,2021-04-08 09:00:00,2021-04-10 00:00:00,Delivery,Email,Medium,AGT-273,Resolved,
TKT-0003690,CUS-001841,2023-06-09 12:00:00,2023-06-09 16:00:00,Returns,Phone,Low,AGT-283,Resolved,
TKT-0003691,CUS-005496,2021-10-18 19:00:00,2021-10-21 08:00:00,Payment,Email,Medium,AGT-262,Resolved,4.0
TKT-0003692,CUS-001858,2023-05-04 18:00:00,2023-05-05 01:00:00,Account,Chat,High,AGT-343,Closed,5.0
TKT-0003693,CUS-005354,2026-01-22 18:00:00,2026-01-24 17:00:00,Product Quality,Store,Medium,AGT-004,Resolved,5.0
TKT-0003694,CUS-003647,2021-02-28 19:00:00,,Delivery,Email,High,AGT-129,Open,
TKT-0003695,CUS-004257,2023-11-14 23:00:00,2023-11-19 22:00:00,Technical,Phone,High,AGT-302,Resolved,3.0
TKT-0003696,CUS-003797,2020-07-30 23:00:00,,Delivery,Social,Low,AGT-023,Open,
TKT-0003697,CUS-007257,2020-09-29 18:00:00,2020-10-01 20:00:00,Returns,Chat,Medium,AGT-318,Resolved,3.0
TKT-0003698,CUS-000153,2021-05-22 21:00:00,2021-05-27 19:00:00,Technical,Social,High,AGT-172,Resolved,2.0
TKT-0003699,CUS-007791,2025-07-28 07:00:00,2025-07-29 16:00:00,Delivery,Phone,Medium,AGT-023,Resolved,
TKT-0003700,CUS-006249,2024-04-19 11:00:00,2024-04-21 01:00:00,Product Quality,Phone,High,AGT-039,Resolved,5.0
TKT-0003701,CUS-000292,2022-02-17 10:00:00,,Payment,Social,Medium,AGT-177,Open,
TKT-0003702,CUS-002279,2023-06-22 14:00:00,2023-06-22 15:00:00,Delivery,Social,High,AGT-100,Resolved,5.0
TKT-0003703,CUS-009660,2026-02-23 13:00:00,2026-02-26 21:00:00,Delivery,Email,Medium,AGT-190,Resolved,5.0
TKT-0003704,CUS-008833,2022-03-19 08:00:00,2022-03-20 02:00:00,Payment,Phone,Medium,AGT-200,Resolved,4.0
TKT-0003705,CUS-002527,2024-11-03 23:00:00,2024-11-05 06:00:00,Technical,Chat,High,AGT-213,Resolved,
TKT-0003706,CUS-003052,2020-09-29 05:00:00,2020-09-30 00:00:00,Product Quality,Phone,High,AGT-173,Resolved,5.0
TKT-0003707,CUS-008489,2023-04-12 06:00:00,2023-04-13 19:00:00,Payment,Social,Medium,AGT-204,Resolved,3.0
TKT-0003708,CUS-010082,2023-08-07 09:00:00,2023-08-07 13:00:00,Returns,Email,Medium,AGT-321,Resolved,4.0
TKT-0003709,CUS-008134,2020-12-31 18:00:00,2021-01-02 20:00:00,Payment,Social,Low,AGT-299,Closed,
TKT-0003710,CUS-003095,2022-10-08 00:00:00,2022-10-11 02:00:00,Payment,Phone,Low,AGT-140,Resolved,4.0
TKT-0003711,CUS-008757,2023-09-01 01:00:00,2023-09-04 13:00:00,Payment,Email,Low,AGT-013,Resolved,3.0
TKT-0003712,CUS-006686,2023-04-03 12:00:00,2023-04-06 17:00:00,Promotion,Chat,High,AGT-214,Resolved,5.0
TKT-0003713,CUS-008966,2021-10-21 12:00:00,2021-10-24 13:00:00,Delivery,Store,Low,AGT-091,Resolved,4.0
TKT-0003714,CUS-000346,2022-01-03 16:00:00,2022-01-05 02:00:00,Product Quality,Phone,Medium,AGT-058,Resolved,5.0
TKT-0003715,CUS-006239,2024-08-26 14:00:00,,Delivery,Chat,Low,AGT-131,Open,
TKT-0003716,CUS-006101,2025-07-20 03:00:00,2025-07-23 23:00:00,Delivery,Email,Medium,AGT-095,Closed,
TKT-0003717,CUS-004040,2026-04-30 10:00:00,2026-05-01 20:00:00,Payment,Chat,Medium,AGT-146,Resolved,5.0
TKT-0003718,CUS-000855,2021-11-22 07:00:00,2021-11-22 12:00:00,Technical,Social,Medium,AGT-318,Resolved,5.0
TKT-0003719,CUS-007701,2025-04-12 21:00:00,2025-04-14 02:00:00,Delivery,Email,High,AGT-328,Resolved,5.0
TKT-0003720,CUS-000497,2021-09-22 15:00:00,2021-09-27 00:00:00,Returns,Chat,Medium,AGT-100,Resolved,
TKT-0003721,CUS-001513,2024-11-27 10:00:00,,Payment,Email,High,AGT-270,Open,
TKT-0003722,CUS-000566,2021-02-05 14:00:00,2021-02-07 23:00:00,Payment,Chat,Low,AGT-194,Closed,4.0
TKT-0003723,CUS-009088,2024-07-02 02:00:00,2024-07-05 05:00:00,Account,Social,Medium,AGT-230,Resolved,
TKT-0003724,CUS-001498,2026-08-04 10:00:00,2026-08-07 23:00:00,Returns,Phone,Low,AGT-186,Closed,
TKT-0003725,CUS-001597,2020-05-27 19:00:00,2020-05-29 03:00:00,Payment,Social,Low,AGT-237,Resolved,5.0
TKT-0003726,CUS-007057,2024-03-16 01:00:00,2024-03-20 09:00:00,Payment,Social,Low,AGT-267,Resolved,
TKT-0003727,CUS-008592,2020-01-09 03:00:00,2020-01-09 08:00:00,Product Quality,Social,Medium,AGT-286,Resolved,
TKT-0003728,CUS-004817,2025-04-03 13:00:00,2025-04-04 04:00:00,Delivery,Chat,Low,AGT-288,Resolved,4.0
TKT-0003729,CUS-010805,2023-09-24 10:00:00,2023-09-25 09:00:00,Delivery,Phone,Medium,AGT-237,Closed,
TKT-0003730,CUS-002953,2020-12-26 18:00:00,2020-12-27 10:00:00,Account,Chat,Medium,AGT-335,Resolved,
TKT-0003731,CUS-000005,2024-01-13 03:00:00,2024-01-17 18:00:00,Delivery,Email,Medium,AGT-141,Resolved,4.0
TKT-0003732,CUS-010655,2021-11-17 01:00:00,2021-11-19 20:00:00,Returns,Chat,High,AGT-115,Resolved,5.0
TKT-0003733,CUS-008812,2025-01-02 02:00:00,2025-01-06 04:00:00,Delivery,Social,Low,AGT-056,Resolved,5.0
TKT-0003734,CUS-000435,2026-08-21 14:00:00,2026-08-24 22:00:00,Returns,Store,Low,AGT-085,Resolved,5.0
TKT-0003735,CUS-011547,2026-04-07 12:00:00,2026-04-11 22:00:00,Payment,Phone,High,AGT-246,Resolved,1.0
TKT-0003736,CUS-011269,2023-06-05 00:00:00,2023-06-08 13:00:00,Delivery,Chat,Medium,AGT-173,Resolved,
TKT-0003737,CUS-010317,2020-09-09 23:00:00,2020-09-10 03:00:00,Delivery,Phone,Low,AGT-340,Resolved,
TKT-0003738,CUS-000383,2025-11-21 09:00:00,2025-11-22 18:00:00,Product Quality,Store,Medium,AGT-004,Resolved,2.0
TKT-0003739,CUS-011283,2023-06-15 12:00:00,2023-06-17 22:00:00,Product Quality,Chat,High,AGT-111,Resolved,5.0
TKT-0003740,CUS-005482,2021-02-16 06:00:00,2021-02-19 19:00:00,Delivery,Social,Low,AGT-067,Resolved,5.0
TKT-0003741,CUS-005293,2021-08-11 04:00:00,,Product Quality,Email,Low,AGT-300,Open,
TKT-0003742,CUS-004072,2022-06-03 13:00:00,2022-06-05 18:00:00,Technical,Email,High,AGT-317,Resolved,5.0
TKT-0003743,CUS-010757,2023-11-13 10:00:00,,Returns,Email,High,AGT-061,Open,
TKT-0003744,CUS-007455,2026-04-14 08:00:00,2026-04-18 23:00:00,Delivery,Store,Low,AGT-348,Resolved,5.0
TKT-0003745,CUS-002298,2022-07-30 13:00:00,2022-08-02 22:00:00,Product Quality,Email,High,AGT-273,Resolved,5.0
TKT-0003746,CUS-008256,2025-04-19 11:00:00,,Delivery,Chat,Medium,AGT-268,Open,
TKT-0003747,CUS-007667,2021-11-11 02:00:00,2021-11-12 04:00:00,Delivery,Chat,Low,AGT-179,Resolved,4.0
TKT-0003748,CUS-001854,2022-09-24 13:00:00,2022-09-28 15:00:00,Account,Store,Medium,AGT-347,Closed,
TKT-0003749,CUS-010864,2023-03-30 01:00:00,2023-04-01 08:00:00,Delivery,Social,Medium,AGT-115,Closed,
TKT-0003750,CUS-011438,2026-01-28 13:00:00,2026-01-29 02:00:00,Account,Email,Medium,AGT-012,Resolved,
TKT-0003751,CUS-002082,2022-09-22 12:00:00,2022-09-24 00:00:00,Product Quality,Chat,High,AGT-129,Closed,5.0
TKT-0003752,CUS-003688,2021-06-09 14:00:00,2021-06-12 15:00:00,Technical,Email,Low,AGT-327,Resolved,5.0
TKT-0003753,CUS-010226,2021-01-02 09:00:00,2021-01-03 02:00:00,Account,Phone,Medium,AGT-246,Resolved,5.0
TKT-0003754,CUS-009513,2020-10-09 16:00:00,2020-10-13 10:00:00,Promotion,Email,Medium,AGT-041,Resolved,
TKT-0003755,CUS-000947,2025-11-10 13:00:00,2025-11-13 17:00:00,Returns,Phone,High,AGT-094,Resolved,4.0
TKT-0003756,CUS-007253,2024-02-18 11:00:00,2024-02-21 18:00:00,Returns,Email,Medium,AGT-080,Resolved,3.0
TKT-0003757,CUS-003983,2026-04-26 04:00:00,2026-04-28 05:00:00,Account,Chat,Medium,AGT-329,Resolved,4.0
TKT-0003758,CUS-007819,2021-04-22 17:00:00,2021-04-23 16:00:00,Product Quality,Email,High,AGT-056,Closed,5.0
TKT-0003759,CUS-005688,2022-08-18 22:00:00,2022-08-19 11:00:00,Delivery,Social,Medium,AGT-029,Resolved,4.0
TKT-0003760,CUS-002113,2025-01-28 09:00:00,2025-01-31 01:00:00,Returns,Social,Medium,AGT-301,Resolved,3.0
TKT-0003761,CUS-010041,2022-03-06 01:00:00,2022-03-06 22:00:00,Payment,Chat,Medium,AGT-043,Resolved,4.0
TKT-0003762,CUS-004174,2026-06-23 02:00:00,,Product Quality,Social,High,AGT-090,Open,
TKT-0003763,CUS-007198,2020-04-29 09:00:00,2020-05-02 07:00:00,Account,Social,Medium,AGT-207,Closed,5.0
TKT-0003764,CUS-011330,2024-04-20 02:00:00,2024-04-20 06:00:00,Delivery,Chat,Low,AGT-310,Resolved,5.0
TKT-0003765,CUS-007704,2020-10-24 15:00:00,2020-10-25 07:00:00,Delivery,Phone,Low,AGT-036,Closed,1.0
TKT-0003766,CUS-006711,2024-04-04 01:00:00,2024-04-04 20:00:00,Delivery,Phone,Medium,AGT-199,Closed,
TKT-0003767,CUS-006103,2021-07-16 11:00:00,2021-07-17 08:00:00,Technical,Email,Medium,AGT-202,Resolved,5.0
TKT-0003768,CUS-005643,2022-11-26 21:00:00,2022-11-27 20:00:00,Payment,Social,Low,AGT-276,Closed,5.0
TKT-0003769,CUS-005575,2024-10-14 06:00:00,2024-10-17 06:00:00,Product Quality,Store,Low,AGT-093,Resolved,4.0
TKT-0003770,CUS-002320,2024-05-25 14:00:00,2024-05-28 08:00:00,Delivery,Chat,High,AGT-019,Resolved,
TKT-0003771,CUS-010272,2025-03-22 06:00:00,,Delivery,Chat,Medium,AGT-204,Open,
TKT-0003772,CUS-004823,2020-05-05 01:00:00,2020-05-05 22:00:00,Returns,Email,Critical,AGT-342,Resolved,5.0
TKT-0003773,CUS-000893,2022-10-15 23:00:00,2022-10-17 03:00:00,Product Quality,Phone,Low,AGT-035,Resolved,3.0
TKT-0003774,CUS-005279,2020-10-17 20:00:00,2020-10-18 12:00:00,Delivery,Email,High,AGT-002,Resolved,4.0
TKT-0003775,CUS-006815,2024-03-11 17:00:00,2024-03-14 00:00:00,Delivery,Phone,Medium,AGT-086,Resolved,
TKT-0003776,CUS-004229,2022-02-21 00:00:00,2022-02-23 17:00:00,Returns,Social,High,AGT-178,Resolved,
TKT-0003777,CUS-005535,2025-01-19 20:00:00,2025-01-23 18:00:00,Product Quality,Store,Medium,AGT-070,Resolved,5.0
TKT-0003778,CUS-009547,2020-02-09 08:00:00,2020-02-13 16:00:00,Account,Email,Low,AGT-069,Resolved,5.0
TKT-0003779,CUS-004538,2023-07-23 05:00:00,2023-07-26 11:00:00,Delivery,Chat,Medium,AGT-011,Resolved,
TKT-0003780,CUS-005066,2021-03-27 14:00:00,2021-03-27 21:00:00,Returns,Social,High,AGT-141,Closed,4.0
TKT-0003781,CUS-004724,2020-06-23 17:00:00,2020-06-28 09:00:00,Returns,Store,Medium,AGT-285,Resolved,5.0
TKT-0003782,CUS-005797,2022-08-27 09:00:00,2022-08-31 17:00:00,Account,Phone,Medium,AGT-022,Resolved,5.0
TKT-0003783,CUS-003717,2021-01-09 11:00:00,2021-01-10 15:00:00,Product Quality,Chat,Medium,AGT-039,Resolved,5.0
TKT-0003784,CUS-008958,2021-02-02 03:00:00,2021-02-03 15:00:00,Returns,Phone,Medium,AGT-349,Resolved,4.0
TKT-0003785,CUS-001198,2026-05-20 08:00:00,2026-05-21 14:00:00,Technical,Chat,Medium,AGT-224,Resolved,
TKT-0003786,CUS-010515,2022-05-17 01:00:00,,Delivery,Chat,Medium,AGT-271,Open,
TKT-0003787,CUS-003647,2022-02-02 23:00:00,2022-02-05 06:00:00,Delivery,Chat,Medium,AGT-165,Resolved,4.0
TKT-0003788,CUS-001082,2024-09-26 23:00:00,2024-09-29 13:00:00,Returns,Phone,High,AGT-103,Resolved,5.0
TKT-0003789,CUS-005397,2022-10-11 10:00:00,2022-10-11 14:00:00,Product Quality,Store,Medium,AGT-340,Resolved,5.0
TKT-0003790,CUS-008648,2024-12-27 06:00:00,2024-12-31 01:00:00,Product Quality,Email,Low,AGT-147,Resolved,4.0
TKT-0003791,CUS-007580,2025-02-02 21:00:00,2025-02-04 03:00:00,Returns,Phone,Medium,AGT-151,Resolved,
TKT-0003792,CUS-007050,2025-09-21 16:00:00,2025-09-23 21:00:00,Account,Phone,Medium,AGT-235,Resolved,5.0
TKT-0003793,CUS-010892,2023-11-09 15:00:00,2023-11-12 21:00:00,Product Quality,Email,Low,AGT-131,Resolved,2.0
TKT-0003794,CUS-006302,2024-04-25 18:00:00,2024-04-27 22:00:00,Returns,Phone,Low,AGT-190,Resolved,2.0
TKT-0003795,CUS-005812,2022-12-10 18:00:00,2022-12-14 13:00:00,Returns,Chat,High,AGT-026,Resolved,
TKT-0003796,CUS-005521,2021-03-20 16:00:00,,Delivery,Phone,Medium,AGT-313,Open,
TKT-0003797,CUS-004585,2026-02-22 15:00:00,,Promotion,Chat,High,AGT-070,Open,
TKT-0003798,CUS-009861,2023-01-24 17:00:00,2023-01-26 09:00:00,Returns,Social,High,AGT-132,Resolved,4.0
TKT-0003799,CUS-003140,2020-01-07 13:00:00,2020-01-11 11:00:00,Product Quality,Store,Medium,AGT-076,Resolved,
TKT-0003800,CUS-001846,2023-05-27 04:00:00,2023-05-31 04:00:00,Delivery,Email,Medium,AGT-034,Resolved,4.0
TKT-0003801,CUS-001060,2024-09-24 23:00:00,,Technical,Phone,Medium,AGT-275,Open,
TKT-0003802,CUS-007475,2023-05-27 07:00:00,2023-05-28 14:00:00,Product Quality,Social,Medium,AGT-073,Resolved,
TKT-0003803,CUS-005937,2023-01-29 05:00:00,2023-01-31 07:00:00,Technical,Phone,High,AGT-007,Closed,
TKT-0003804,CUS-008746,2023-09-17 18:00:00,,Technical,Phone,Low,AGT-024,Open,
TKT-0003805,CUS-008920,2026-04-21 04:00:00,2026-04-23 17:00:00,Returns,Social,Medium,AGT-047,Resolved,
TKT-0003806,CUS-011516,2021-11-07 02:00:00,2021-11-09 00:00:00,Delivery,Chat,Medium,AGT-349,Resolved,
TKT-0003807,CUS-006560,2021-07-01 19:00:00,2021-07-05 20:00:00,Delivery,Email,Low,AGT-236,Resolved,5.0
TKT-0003808,CUS-004835,2023-09-19 13:00:00,2023-09-20 09:00:00,Delivery,Email,Medium,AGT-311,Resolved,4.0
TKT-0003809,CUS-003246,2023-06-12 06:00:00,2023-06-14 00:00:00,Product Quality,Social,Low,AGT-155,Resolved,
TKT-0003810,CUS-004034,2022-02-05 21:00:00,2022-02-10 14:00:00,Delivery,Chat,High,AGT-105,Resolved,5.0
TKT-0003811,CUS-006749,2022-06-11 20:00:00,2022-06-13 00:00:00,Returns,Chat,Critical,AGT-205,Resolved,
TKT-0003812,CUS-007013,2021-02-26 04:00:00,2021-02-26 08:00:00,Payment,Email,Medium,AGT-114,Closed,
TKT-0003813,CUS-009619,2021-06-03 19:00:00,2021-06-06 20:00:00,Product Quality,Social,Medium,AGT-220,Resolved,5.0
TKT-0003814,CUS-008776,2024-02-23 03:00:00,2024-02-24 00:00:00,Product Quality,Store,Medium,AGT-162,Resolved,1.0
TKT-0003815,CUS-005695,2021-07-05 22:00:00,2021-07-06 20:00:00,Account,Social,Low,AGT-098,Resolved,4.0
TKT-0003816,CUS-006974,2025-11-08 21:00:00,2025-11-10 21:00:00,Product Quality,Email,Low,AGT-034,Closed,5.0
TKT-0003817,CUS-001617,2024-06-11 13:00:00,2024-06-15 04:00:00,Payment,Phone,High,AGT-165,Resolved,
TKT-0003818,CUS-008699,2026-07-19 19:00:00,2026-07-23 00:00:00,Product Quality,Email,Medium,AGT-144,Closed,
TKT-0003819,CUS-011415,2025-01-02 18:00:00,2025-01-04 15:00:00,Returns,Social,Low,AGT-133,Resolved,5.0
TKT-0003820,CUS-003083,2025-10-29 18:00:00,2025-10-31 21:00:00,Returns,Phone,Medium,AGT-216,Resolved,5.0
TKT-0003821,CUS-003636,2025-07-28 16:00:00,2025-08-01 20:00:00,Payment,Store,Low,AGT-293,Resolved,
TKT-0003822,CUS-002049,2023-07-31 00:00:00,2023-08-04 13:00:00,Product Quality,Store,Low,AGT-250,Resolved,
TKT-0003823,CUS-006118,2025-01-01 18:00:00,2025-01-04 21:00:00,Product Quality,Email,Medium,AGT-063,Resolved,
TKT-0003824,CUS-002278,2025-11-24 03:00:00,2025-11-28 16:00:00,Returns,Chat,Low,AGT-056,Resolved,1.0
TKT-0003825,CUS-006569,2025-03-28 08:00:00,2025-04-01 15:00:00,Product Quality,Store,Medium,AGT-248,Resolved,
TKT-0003826,CUS-010393,2020-01-25 05:00:00,2020-01-26 22:00:00,Payment,Chat,Low,AGT-303,Resolved,5.0
TKT-0003827,CUS-001797,2024-05-24 19:00:00,2024-05-29 08:00:00,Promotion,Email,Low,AGT-295,Resolved,5.0
TKT-0003828,CUS-005332,2026-05-07 05:00:00,2026-05-09 08:00:00,Delivery,Social,Low,AGT-059,Resolved,4.0
TKT-0003829,CUS-002981,2026-07-27 02:00:00,2026-07-29 11:00:00,Promotion,Social,Medium,AGT-036,Resolved,5.0
TKT-0003830,CUS-003974,2023-10-07 23:00:00,2023-10-09 06:00:00,Payment,Chat,Medium,AGT-341,Resolved,
TKT-0003831,CUS-010019,2022-11-23 04:00:00,2022-11-24 12:00:00,Returns,Social,High,AGT-303,Resolved,4.0
TKT-0003832,CUS-004415,2023-10-16 10:00:00,2023-10-17 22:00:00,Technical,Social,Low,AGT-187,Resolved,5.0
TKT-0003833,CUS-000821,2023-12-28 11:00:00,2023-12-30 11:00:00,Delivery,Chat,Medium,AGT-161,Resolved,
TKT-0003834,CUS-011277,2020-12-04 06:00:00,2020-12-06 20:00:00,Promotion,Store,Low,AGT-292,Resolved,4.0
TKT-0003835,CUS-004981,2025-09-14 11:00:00,2025-09-15 08:00:00,Payment,Phone,Low,AGT-120,Resolved,
TKT-0003836,CUS-007529,2022-12-18 08:00:00,2022-12-19 17:00:00,Payment,Phone,Medium,AGT-119,Resolved,
TKT-0003837,CUS-007431,2020-12-11 06:00:00,,Account,Store,Low,AGT-259,Open,
TKT-0003838,CUS-003419,2024-01-30 17:00:00,2024-02-01 17:00:00,Promotion,Social,High,AGT-292,Resolved,2.0
TKT-0003839,CUS-001024,2023-07-21 19:00:00,2023-07-23 14:00:00,Delivery,Email,Medium,AGT-141,Resolved,3.0
TKT-0003840,CUS-010431,2022-03-13 08:00:00,,Returns,Phone,Medium,AGT-096,Open,
TKT-0003841,CUS-004079,2024-01-16 05:00:00,2024-01-17 21:00:00,Technical,Email,Low,AGT-300,Resolved,
TKT-0003842,CUS-003539,2022-12-11 14:00:00,2022-12-12 00:00:00,Promotion,Store,Low,AGT-036,Closed,
TKT-0003843,CUS-002633,2022-06-22 02:00:00,,Delivery,Store,Low,AGT-039,Open,
TKT-0003844,CUS-000476,2023-09-08 15:00:00,,Payment,Social,Low,AGT-042,Open,
TKT-0003845,CUS-010813,2025-12-08 07:00:00,2025-12-09 09:00:00,Delivery,Phone,Low,AGT-301,Resolved,4.0
TKT-0003846,CUS-009844,2020-12-27 20:00:00,2020-12-30 18:00:00,Payment,Store,Low,AGT-295,Resolved,4.0
TKT-0003847,CUS-007368,2023-05-17 22:00:00,2023-05-20 08:00:00,Returns,Chat,Low,AGT-030,Resolved,4.0
TKT-0003848,CUS-010290,2022-09-29 15:00:00,2022-10-01 02:00:00,Promotion,Email,Medium,AGT-005,Resolved,
TKT-0003849,CUS-006673,2026-04-08 19:00:00,2026-04-13 07:00:00,Technical,Chat,High,AGT-040,Resolved,4.0
TKT-0003850,CUS-000182,2025-12-26 04:00:00,,Technical,Email,Medium,AGT-133,Open,
TKT-0003851,CUS-004814,2023-08-31 03:00:00,2023-09-02 15:00:00,Delivery,Store,Medium,AGT-059,Closed,4.0
TKT-0003852,CUS-000509,2025-03-29 12:00:00,2025-03-30 06:00:00,Product Quality,Email,Medium,AGT-272,Closed,5.0
TKT-0003853,CUS-004494,2021-10-11 07:00:00,2021-10-11 17:00:00,Promotion,Social,Low,AGT-231,Resolved,2.0
TKT-0003854,CUS-006798,2024-09-22 05:00:00,2024-09-25 06:00:00,Delivery,Social,High,AGT-117,Resolved,
TKT-0003855,CUS-002833,2020-04-22 22:00:00,2020-04-24 10:00:00,Technical,Social,Medium,AGT-240,Resolved,
TKT-0003856,CUS-004767,2022-11-14 13:00:00,2022-11-18 17:00:00,Delivery,Phone,Medium,AGT-132,Resolved,
TKT-0003857,CUS-001311,2022-02-16 06:00:00,2022-02-19 08:00:00,Returns,Chat,Low,AGT-137,Resolved,3.0
TKT-0003858,CUS-006217,2026-02-21 05:00:00,2026-02-23 06:00:00,Product Quality,Social,Low,AGT-161,Resolved,2.0
TKT-0003859,CUS-003271,2023-01-25 05:00:00,,Delivery,Store,High,AGT-209,Open,
TKT-0003860,CUS-001204,2025-06-14 00:00:00,2025-06-15 05:00:00,Account,Email,Low,AGT-289,Resolved,5.0
TKT-0003861,CUS-007948,2023-04-17 18:00:00,,Delivery,Store,Low,AGT-007,Open,
TKT-0003862,CUS-004134,2023-08-25 19:00:00,2023-08-28 09:00:00,Account,Social,High,AGT-161,Resolved,
TKT-0003863,CUS-008097,2026-01-10 18:00:00,2026-01-10 22:00:00,Product Quality,Phone,Low,AGT-185,Resolved,2.0
TKT-0003864,CUS-010939,2022-10-14 18:00:00,2022-10-17 09:00:00,Delivery,Social,Low,AGT-056,Resolved,
TKT-0003865,CUS-002523,2021-06-28 16:00:00,2021-07-01 07:00:00,Account,Chat,Medium,AGT-082,Resolved,4.0
TKT-0003866,CUS-010827,2020-10-23 06:00:00,2020-10-24 20:00:00,Product Quality,Store,High,AGT-127,Resolved,
TKT-0003867,CUS-007753,2022-04-01 18:00:00,2022-04-04 22:00:00,Promotion,Store,Medium,AGT-065,Resolved,5.0
TKT-0003868,CUS-000787,2025-08-08 23:00:00,2025-08-12 15:00:00,Payment,Email,Medium,AGT-012,Resolved,1.0
TKT-0003869,CUS-008439,2022-09-18 02:00:00,2022-09-20 22:00:00,Account,Store,Critical,AGT-129,Resolved,
TKT-0003870,CUS-000935,2024-07-23 06:00:00,2024-07-23 07:00:00,Account,Social,High,AGT-136,Resolved,
TKT-0003871,CUS-003948,2021-01-04 08:00:00,2021-01-08 05:00:00,Promotion,Phone,Critical,AGT-213,Resolved,5.0
TKT-0003872,CUS-007038,2023-12-10 14:00:00,,Returns,Email,Medium,AGT-269,Open,
TKT-0003873,CUS-004592,2024-05-20 22:00:00,,Product Quality,Social,Medium,AGT-343,Open,
TKT-0003874,CUS-006704,2020-02-01 04:00:00,2020-02-04 03:00:00,Promotion,Phone,High,AGT-270,Resolved,5.0
TKT-0003875,CUS-003039,2024-06-03 20:00:00,2024-06-04 07:00:00,Payment,Phone,Medium,AGT-030,Resolved,3.0
TKT-0003876,CUS-010547,2025-01-05 06:00:00,2025-01-09 03:00:00,Delivery,Store,Medium,AGT-178,Resolved,
TKT-0003877,CUS-002642,2026-02-22 04:00:00,2026-02-26 23:00:00,Delivery,Phone,High,AGT-077,Resolved,
TKT-0003878,CUS-000172,2022-04-24 23:00:00,2022-04-29 22:00:00,Promotion,Chat,Medium,AGT-265,Resolved,
TKT-0003879,CUS-002697,2022-08-14 13:00:00,2022-08-15 20:00:00,Payment,Phone,High,AGT-196,Resolved,5.0
TKT-0003880,CUS-005679,2020-07-27 20:00:00,2020-07-29 14:00:00,Payment,Email,Medium,AGT-017,Resolved,4.0
TKT-0003881,CUS-000306,2022-08-29 23:00:00,2022-09-02 15:00:00,Payment,Phone,Medium,AGT-338,Resolved,3.0
TKT-0003882,CUS-001097,2024-12-23 07:00:00,2024-12-25 18:00:00,Delivery,Store,Low,AGT-192,Resolved,4.0
TKT-0003883,CUS-001434,2021-01-03 04:00:00,2021-01-06 17:00:00,Delivery,Store,Medium,AGT-255,Closed,4.0
TKT-0003884,CUS-006814,2021-10-05 15:00:00,2021-10-10 08:00:00,Returns,Phone,Medium,AGT-028,Resolved,
TKT-0003885,CUS-006354,2025-12-29 08:00:00,2025-12-30 19:00:00,Returns,Store,Medium,AGT-010,Closed,4.0
TKT-0003886,CUS-000964,2024-02-07 13:00:00,,Returns,Chat,Medium,AGT-188,Open,
TKT-0003887,CUS-009321,2023-01-21 12:00:00,,Account,Phone,High,AGT-292,Open,
TKT-0003888,CUS-008755,2025-04-30 15:00:00,2025-05-01 11:00:00,Returns,Phone,Medium,AGT-242,Closed,5.0
TKT-0003889,CUS-005207,2022-10-01 18:00:00,2022-10-03 15:00:00,Product Quality,Phone,Medium,AGT-286,Resolved,5.0
TKT-0003890,CUS-011580,2020-03-21 07:00:00,2020-03-21 18:00:00,Delivery,Phone,Low,AGT-237,Closed,
TKT-0003891,CUS-005763,2024-09-02 16:00:00,2024-09-03 05:00:00,Delivery,Email,Low,AGT-127,Resolved,
TKT-0003892,CUS-010852,2024-06-18 07:00:00,2024-06-23 04:00:00,Delivery,Chat,Low,AGT-189,Resolved,
TKT-0003893,CUS-006407,2023-01-26 15:00:00,2023-01-31 03:00:00,Account,Social,Low,AGT-135,Resolved,
TKT-0003894,CUS-005533,2022-06-11 23:00:00,2022-06-16 15:00:00,Delivery,Email,Medium,AGT-308,Resolved,4.0
TKT-0003895,CUS-001684,2026-04-18 03:00:00,2026-04-22 22:00:00,Product Quality,Phone,Low,AGT-122,Resolved,
TKT-0003896,CUS-000061,2022-11-30 05:00:00,2022-12-04 23:00:00,Delivery,Chat,High,AGT-005,Resolved,5.0
TKT-0003897,CUS-001405,2021-12-12 15:00:00,2021-12-17 08:00:00,Promotion,Social,Low,AGT-338,Resolved,5.0
TKT-0003898,CUS-001136,2023-06-26 02:00:00,2023-06-26 14:00:00,Technical,Chat,Medium,AGT-208,Resolved,
TKT-0003899,CUS-010611,2021-01-29 12:00:00,,Returns,Social,Medium,AGT-341,Open,
TKT-0003900,CUS-010023,2020-03-29 00:00:00,2020-04-02 05:00:00,Returns,Social,High,AGT-185,Resolved,1.0
TKT-0003901,CUS-009498,2024-01-12 17:00:00,2024-01-13 12:00:00,Delivery,Phone,Medium,AGT-133,Resolved,5.0
TKT-0003902,CUS-010411,2021-03-05 00:00:00,2021-03-09 19:00:00,Payment,Email,Low,AGT-162,Closed,
TKT-0003903,CUS-003846,2021-01-09 03:00:00,2021-01-12 09:00:00,Payment,Store,Medium,AGT-096,Resolved,5.0
TKT-0003904,CUS-005321,2020-09-24 00:00:00,2020-09-26 15:00:00,Returns,Phone,Low,AGT-241,Resolved,3.0
TKT-0003905,CUS-004808,2021-03-21 15:00:00,2021-03-23 11:00:00,Delivery,Store,Low,AGT-328,Closed,
TKT-0003906,CUS-005064,2020-04-22 23:00:00,2020-04-25 01:00:00,Promotion,Phone,High,AGT-095,Resolved,
TKT-0003907,CUS-004930,2022-10-09 00:00:00,2022-10-10 18:00:00,Returns,Social,High,AGT-071,Resolved,4.0
TKT-0003908,CUS-005216,2023-05-16 02:00:00,2023-05-16 05:00:00,Product Quality,Phone,Medium,AGT-018,Resolved,4.0
TKT-0003909,CUS-001542,2023-01-09 13:00:00,2023-01-13 22:00:00,Delivery,Phone,Low,AGT-301,Resolved,5.0
TKT-0003910,CUS-004734,2026-05-30 08:00:00,2026-06-04 02:00:00,Returns,Chat,Medium,AGT-328,Resolved,3.0
TKT-0003911,CUS-004742,2021-12-12 22:00:00,2021-12-16 16:00:00,Delivery,Phone,Low,AGT-233,Resolved,
TKT-0003912,CUS-010326,2024-05-09 19:00:00,2024-05-13 07:00:00,Payment,Email,High,AGT-128,Resolved,
TKT-0003913,CUS-005944,2024-04-27 05:00:00,,Technical,Social,Medium,AGT-164,Open,
TKT-0003914,CUS-009360,2024-08-19 00:00:00,2024-08-20 17:00:00,Promotion,Email,High,AGT-109,Closed,
TKT-0003915,CUS-000199,2023-07-30 01:00:00,2023-08-02 05:00:00,Delivery,Email,Medium,AGT-059,Resolved,4.0
TKT-0003916,CUS-004677,2020-03-20 09:00:00,2020-03-24 17:00:00,Returns,Chat,Low,AGT-173,Closed,
TKT-0003917,CUS-011348,2025-01-19 03:00:00,2025-01-20 23:00:00,Technical,Store,Low,AGT-294,Resolved,
TKT-0003918,CUS-011479,2020-08-22 19:00:00,2020-08-25 17:00:00,Account,Store,Medium,AGT-072,Resolved,3.0
TKT-0003919,CUS-002055,2026-08-30 01:00:00,2026-09-01 06:00:00,Product Quality,Store,Low,AGT-057,Resolved,
TKT-0003920,CUS-011977,2020-11-14 12:00:00,2020-11-14 13:00:00,Technical,Store,Medium,AGT-160,Closed,
TKT-0003921,CUS-000392,2020-07-21 00:00:00,2020-07-21 18:00:00,Returns,Email,Medium,AGT-124,Resolved,
TKT-0003922,CUS-003558,2021-06-17 09:00:00,2021-06-20 22:00:00,Payment,Phone,Low,AGT-110,Resolved,4.0
TKT-0003923,CUS-002356,2020-09-15 03:00:00,2020-09-15 07:00:00,Delivery,Social,Medium,AGT-229,Resolved,4.0
TKT-0003924,CUS-001716,2021-09-04 22:00:00,2021-09-07 04:00:00,Promotion,Social,Low,AGT-295,Resolved,5.0
TKT-0003925,CUS-003370,2023-11-02 00:00:00,2023-11-04 09:00:00,Account,Store,Medium,AGT-157,Resolved,4.0
TKT-0003926,CUS-008308,2022-11-08 00:00:00,2022-11-10 06:00:00,Delivery,Phone,Low,AGT-075,Resolved,
TKT-0003927,CUS-007839,2021-11-29 19:00:00,2021-12-03 13:00:00,Returns,Store,Low,AGT-070,Resolved,5.0
TKT-0003928,CUS-010728,2021-09-25 14:00:00,2021-09-29 05:00:00,Delivery,Chat,High,AGT-052,Resolved,
TKT-0003929,CUS-010128,2025-04-24 15:00:00,2025-04-26 01:00:00,Payment,Phone,Critical,AGT-044,Closed,5.0
TKT-0003930,CUS-002545,2026-07-19 13:00:00,2026-07-21 13:00:00,Product Quality,Phone,Low,AGT-339,Resolved,
TKT-0003931,CUS-011248,2025-08-19 09:00:00,2025-08-23 14:00:00,Returns,Store,Medium,AGT-023,Closed,
TKT-0003932,CUS-008430,2020-01-30 18:00:00,2020-01-31 16:00:00,Technical,Store,Low,AGT-170,Resolved,4.0
TKT-0003933,CUS-000212,2025-12-01 20:00:00,,Returns,Social,Low,AGT-296,Open,
TKT-0003934,CUS-009036,2024-03-22 18:00:00,2024-03-27 03:00:00,Delivery,Chat,Low,AGT-207,Resolved,4.0
TKT-0003935,CUS-011392,2024-10-14 16:00:00,2024-10-19 06:00:00,Product Quality,Social,Medium,AGT-181,Closed,4.0
TKT-0003936,CUS-002110,2024-01-09 05:00:00,2024-01-11 12:00:00,Technical,Chat,Low,AGT-065,Resolved,
TKT-0003937,CUS-004354,2024-12-15 02:00:00,2024-12-16 07:00:00,Account,Social,Low,AGT-260,Closed,
TKT-0003938,CUS-000242,2022-08-01 16:00:00,2022-08-06 01:00:00,Payment,Store,High,AGT-063,Resolved,4.0
TKT-0003939,CUS-007389,2021-05-15 14:00:00,2021-05-15 21:00:00,Product Quality,Social,Medium,AGT-216,Resolved,4.0
TKT-0003940,CUS-005397,2023-08-28 10:00:00,2023-08-28 23:00:00,Payment,Phone,Low,AGT-139,Resolved,3.0
TKT-0003941,CUS-006981,2022-05-15 09:00:00,2022-05-16 08:00:00,Promotion,Phone,Medium,AGT-294,Resolved,
TKT-0003942,CUS-006833,2025-10-17 20:00:00,2025-10-20 11:00:00,Returns,Chat,Low,AGT-342,Resolved,
TKT-0003943,CUS-002785,2020-10-16 19:00:00,2020-10-16 22:00:00,Product Quality,Social,High,AGT-280,Resolved,5.0
TKT-0003944,CUS-005430,2023-07-10 15:00:00,2023-07-13 01:00:00,Returns,Email,Low,AGT-010,Resolved,
TKT-0003945,CUS-005739,2020-07-04 00:00:00,2020-07-08 12:00:00,Payment,Chat,High,AGT-216,Resolved,3.0
TKT-0003946,CUS-011460,2021-07-31 01:00:00,2021-08-03 03:00:00,Promotion,Social,Low,AGT-246,Resolved,5.0
TKT-0003947,CUS-010371,2025-05-14 05:00:00,2025-05-16 02:00:00,Product Quality,Store,Medium,AGT-133,Resolved,
TKT-0003948,CUS-010141,2023-11-18 07:00:00,2023-11-20 16:00:00,Account,Social,Low,AGT-347,Closed,4.0
TKT-0003949,CUS-008332,2024-12-25 14:00:00,2024-12-27 04:00:00,Product Quality,Social,Low,AGT-173,Resolved,3.0
TKT-0003950,CUS-008284,2024-05-24 21:00:00,2024-05-26 00:00:00,Product Quality,Phone,Low,AGT-180,Resolved,4.0
TKT-0003951,CUS-011247,2022-05-23 21:00:00,2022-05-24 01:00:00,Product Quality,Email,Low,AGT-276,Resolved,5.0
TKT-0003952,CUS-008154,2022-09-30 08:00:00,2022-09-30 10:00:00,Product Quality,Chat,Low,AGT-060,Closed,
TKT-0003953,CUS-001870,2022-01-17 00:00:00,2022-01-19 04:00:00,Payment,Chat,Low,AGT-288,Resolved,
TKT-0003954,CUS-001298,2024-02-16 16:00:00,2024-02-16 20:00:00,Delivery,Chat,Medium,AGT-253,Closed,2.0
TKT-0003955,CUS-001329,2024-05-27 01:00:00,2024-05-31 20:00:00,Returns,Phone,Low,AGT-125,Closed,
TKT-0003956,CUS-009494,2020-07-26 12:00:00,,Delivery,Store,Medium,AGT-030,Open,
TKT-0003957,CUS-011579,2022-07-25 02:00:00,2022-07-25 17:00:00,Delivery,Social,Medium,AGT-281,Resolved,5.0
TKT-0003958,CUS-005132,2023-08-01 09:00:00,2023-08-02 17:00:00,Product Quality,Store,Medium,AGT-054,Resolved,
TKT-0003959,CUS-003858,2024-09-29 02:00:00,2024-09-30 15:00:00,Promotion,Store,High,AGT-236,Resolved,
TKT-0003960,CUS-010418,2023-06-17 18:00:00,2023-06-17 21:00:00,Product Quality,Chat,Low,AGT-062,Resolved,
TKT-0003961,CUS-009657,2020-04-29 16:00:00,2020-05-01 14:00:00,Product Quality,Store,Critical,AGT-258,Closed,4.0
TKT-0003962,CUS-007196,2020-02-19 05:00:00,2020-02-20 15:00:00,Account,Phone,Medium,AGT-278,Resolved,5.0
TKT-0003963,CUS-007312,2024-01-01 00:00:00,2024-01-02 10:00:00,Returns,Phone,High,AGT-108,Resolved,
TKT-0003964,CUS-003897,2024-09-18 22:00:00,2024-09-21 01:00:00,Returns,Chat,High,AGT-193,Closed,
TKT-0003965,CUS-000509,2025-03-12 14:00:00,,Delivery,Social,Low,AGT-282,Open,
TKT-0003966,CUS-006824,2026-04-08 21:00:00,2026-04-12 05:00:00,Delivery,Chat,High,AGT-110,Resolved,3.0
TKT-0003967,CUS-009620,2023-07-21 00:00:00,2023-07-21 07:00:00,Returns,Phone,Medium,AGT-097,Resolved,
TKT-0003968,CUS-002505,2024-04-25 03:00:00,2024-04-25 21:00:00,Delivery,Store,Medium,AGT-040,Resolved,3.0
TKT-0003969,CUS-003519,2021-01-23 20:00:00,2021-01-24 08:00:00,Payment,Chat,Medium,AGT-152,Resolved,
TKT-0003970,CUS-008140,2024-08-12 20:00:00,2024-08-13 03:00:00,Delivery,Email,High,AGT-278,Resolved,
TKT-0003971,CUS-003967,2024-12-23 01:00:00,2024-12-27 14:00:00,Payment,Chat,Low,AGT-168,Resolved,1.0
TKT-0003972,CUS-008716,2026-06-18 13:00:00,2026-06-23 05:00:00,Promotion,Chat,High,AGT-326,Resolved,
TKT-0003973,CUS-008419,2023-11-06 22:00:00,2023-11-10 07:00:00,Account,Store,Low,AGT-065,Resolved,4.0
TKT-0003974,CUS-005295,2020-10-17 06:00:00,2020-10-20 21:00:00,Account,Social,Low,AGT-136,Closed,
TKT-0003975,CUS-005188,2021-02-23 02:00:00,2021-02-25 10:00:00,Technical,Chat,Medium,AGT-302,Resolved,5.0
TKT-0003976,CUS-007887,2022-07-15 18:00:00,2022-07-20 03:00:00,Product Quality,Store,Medium,AGT-338,Resolved,4.0
TKT-0003977,CUS-011287,2020-01-30 18:00:00,2020-01-31 01:00:00,Delivery,Phone,Low,AGT-306,Resolved,
TKT-0003978,CUS-008038,2026-05-18 20:00:00,2026-05-20 13:00:00,Returns,Email,Medium,AGT-240,Resolved,
TKT-0003979,CUS-008545,2025-10-23 14:00:00,2025-10-25 06:00:00,Delivery,Email,Low,AGT-072,Resolved,
TKT-0003980,CUS-006222,2021-07-05 21:00:00,2021-07-09 18:00:00,Returns,Social,Low,AGT-325,Resolved,3.0
TKT-0003981,CUS-008962,2021-11-17 17:00:00,2021-11-17 23:00:00,Delivery,Phone,Low,AGT-120,Closed,5.0
TKT-0003982,CUS-000112,2024-01-13 03:00:00,2024-01-17 19:00:00,Delivery,Chat,Low,AGT-148,Resolved,
TKT-0003983,CUS-000547,2023-09-11 10:00:00,2023-09-16 04:00:00,Delivery,Social,High,AGT-023,Resolved,5.0
TKT-0003984,CUS-005596,2025-10-03 00:00:00,,Delivery,Email,Medium,AGT-171,Open,
TKT-0003985,CUS-004842,2020-04-21 04:00:00,2020-04-22 05:00:00,Returns,Chat,Low,AGT-283,Resolved,3.0
TKT-0003986,CUS-011943,2020-06-25 16:00:00,2020-06-29 16:00:00,Product Quality,Chat,Low,AGT-198,Resolved,
TKT-0003987,CUS-005280,2020-06-10 19:00:00,2020-06-14 16:00:00,Delivery,Chat,Low,AGT-115,Resolved,
TKT-0003988,CUS-008257,2021-06-03 14:00:00,2021-06-05 14:00:00,Payment,Social,Medium,AGT-004,Resolved,
TKT-0003989,CUS-002197,2025-03-02 02:00:00,2025-03-02 09:00:00,Delivery,Chat,Low,AGT-049,Closed,
TKT-0003990,CUS-001866,2020-03-03 17:00:00,2020-03-05 04:00:00,Delivery,Chat,High,AGT-074,Resolved,5.0
TKT-0003991,CUS-003495,2020-08-14 23:00:00,2020-08-17 18:00:00,Delivery,Social,Medium,AGT-347,Resolved,
TKT-0003992,CUS-007487,2023-09-28 00:00:00,2023-09-30 23:00:00,Account,Social,Low,AGT-298,Resolved,
TKT-0003993,CUS-001088,2022-01-16 12:00:00,2022-01-19 02:00:00,Delivery,Social,Medium,AGT-238,Resolved,4.0
TKT-0003994,CUS-007993,2024-08-21 00:00:00,2024-08-22 07:00:00,Technical,Store,Medium,AGT-210,Closed,
TKT-0003995,CUS-011668,2024-05-30 19:00:00,2024-05-31 18:00:00,Account,Store,Low,AGT-204,Resolved,4.0
TKT-0003996,CUS-003065,2025-02-27 01:00:00,2025-02-27 15:00:00,Promotion,Store,Low,AGT-034,Resolved,5.0
TKT-0003997,CUS-009735,2022-07-28 13:00:00,2022-07-31 02:00:00,Product Quality,Chat,Low,AGT-222,Closed,
TKT-0003998,CUS-009977,2022-10-22 20:00:00,2022-10-26 21:00:00,Promotion,Email,Low,AGT-142,Resolved,5.0
TKT-0003999,CUS-001265,2025-06-24 11:00:00,2025-06-26 05:00:00,Product Quality,Store,High,AGT-073,Resolved,4.0
TKT-0004000,CUS-011623,2022-03-17 05:00:00,2022-03-17 17:00:00,Returns,Social,Low,AGT-192,Closed,
TKT-0004001,CUS-003076,2025-07-10 22:00:00,2025-07-14 03:00:00,Payment,Phone,Low,AGT-057,Resolved,4.0
TKT-0004002,CUS-008961,2023-01-23 14:00:00,2023-01-24 15:00:00,Returns,Phone,Medium,AGT-295,Resolved,
TKT-0004003,CUS-002504,2025-06-27 08:00:00,,Returns,Phone,Low,AGT-182,Open,
TKT-0004004,CUS-007232,2022-08-21 12:00:00,2022-08-23 17:00:00,Delivery,Email,High,AGT-133,Resolved,5.0
TKT-0004005,CUS-011220,2025-12-08 09:00:00,2025-12-11 17:00:00,Promotion,Chat,Low,AGT-284,Resolved,4.0
TKT-0004006,CUS-005300,2023-03-26 07:00:00,2023-03-27 06:00:00,Technical,Store,Medium,AGT-321,Closed,5.0
TKT-0004007,CUS-005088,2022-08-18 08:00:00,2022-08-22 08:00:00,Delivery,Store,Critical,AGT-236,Resolved,3.0
TKT-0004008,CUS-002227,2022-03-24 16:00:00,2022-03-26 14:00:00,Account,Store,Medium,AGT-329,Resolved,
TKT-0004009,CUS-009934,2022-07-14 17:00:00,2022-07-15 00:00:00,Account,Social,Critical,AGT-044,Resolved,
TKT-0004010,CUS-010305,2022-03-22 05:00:00,2022-03-25 09:00:00,Delivery,Social,Medium,AGT-257,Resolved,4.0
TKT-0004011,CUS-009207,2026-01-28 10:00:00,2026-01-29 08:00:00,Promotion,Chat,High,AGT-088,Closed,
TKT-0004012,CUS-007104,2021-09-26 07:00:00,2021-09-26 11:00:00,Delivery,Chat,Low,AGT-049,Resolved,
TKT-0004013,CUS-000197,2026-05-29 05:00:00,2026-06-01 00:00:00,Returns,Phone,Low,AGT-197,Resolved,
TKT-0004014,CUS-011331,2022-10-22 16:00:00,2022-10-23 08:00:00,Delivery,Store,High,AGT-035,Closed,
TKT-0004015,CUS-006107,2026-07-14 20:00:00,2026-07-17 07:00:00,Delivery,Social,Low,AGT-324,Resolved,5.0
TKT-0004016,CUS-004880,2023-04-13 09:00:00,2023-04-13 22:00:00,Delivery,Email,High,AGT-207,Resolved,2.0
TKT-0004017,CUS-000360,2020-07-24 10:00:00,2020-07-27 09:00:00,Returns,Store,Low,AGT-054,Resolved,1.0
TKT-0004018,CUS-002359,2020-11-25 13:00:00,2020-11-27 04:00:00,Payment,Phone,Medium,AGT-302,Closed,
TKT-0004019,CUS-008077,2023-02-20 01:00:00,2023-02-20 15:00:00,Account,Social,Medium,AGT-009,Closed,
TKT-0004020,CUS-003103,2020-12-28 05:00:00,2020-12-31 07:00:00,Technical,Phone,Critical,AGT-037,Resolved,
TKT-0004021,CUS-002606,2021-09-13 00:00:00,2021-09-15 21:00:00,Delivery,Chat,Critical,AGT-331,Resolved,
TKT-0004022,CUS-005499,2025-05-17 08:00:00,2025-05-18 19:00:00,Returns,Email,Medium,AGT-217,Closed,5.0
TKT-0004023,CUS-011144,2021-10-21 17:00:00,2021-10-26 01:00:00,Payment ,Chat,High,AGT-233,Resolved,
TKT-0004024,CUS-001523,2025-03-30 01:00:00,2025-04-02 20:00:00,Product Quality,Store,Low,AGT-003,Resolved,
TKT-0004025,CUS-009703,2020-09-24 00:00:00,2020-09-27 03:00:00,Returns,Chat,Low,AGT-171,Resolved,3.0
TKT-0004026,CUS-011195,2023-03-30 13:00:00,2023-03-31 06:00:00,Product Quality,Social,Low,AGT-126,Resolved,2.0
TKT-0004027,CUS-011195,2024-09-28 15:00:00,2024-10-03 06:00:00,Delivery,Phone,Medium,AGT-329,Resolved,5.0
TKT-0004028,CUS-004525,2024-01-28 04:00:00,2024-01-29 20:00:00,Account,Chat,Medium,AGT-219,Resolved,
TKT-0004029,CUS-011700,2023-06-05 18:00:00,2023-06-05 21:00:00,Technical,Store,High,AGT-220,Resolved,5.0
TKT-0004030,CUS-004516,2022-03-29 00:00:00,2022-04-01 18:00:00,Payment,Email,High,AGT-237,Resolved,
TKT-0004031,CUS-000282,2022-11-08 14:00:00,2022-11-11 13:00:00,Account,Phone,Medium,AGT-085,Resolved,1.0
TKT-0004032,CUS-009031,2025-01-30 10:00:00,2025-01-31 02:00:00,Returns,Email,High,AGT-226,Resolved,4.0
TKT-0004033,CUS-010421,2025-11-23 02:00:00,,Delivery,Store,High,AGT-252,Open,
TKT-0004034,CUS-009694,2021-11-19 15:00:00,2021-11-23 07:00:00,Returns,Social,Low,AGT-021,Closed,
TKT-0004035,CUS-002785,2025-05-02 05:00:00,2025-05-04 21:00:00,Returns,Chat,Low,AGT-034,Resolved,4.0
TKT-0004036,CUS-007515,2023-10-05 04:00:00,2023-10-05 16:00:00,Product Quality,Chat,High,AGT-061,Closed,
TKT-0004037,CUS-008469,2020-07-05 07:00:00,2020-07-09 14:00:00,Payment,Chat,Low,AGT-222,Resolved,3.0
TKT-0004038,CUS-007951,2025-01-24 05:00:00,2025-01-28 16:00:00,Account,Email,Medium,AGT-146,Resolved,5.0
TKT-0004039,CUS-011615,2021-05-14 08:00:00,2021-05-18 05:00:00,Payment,Social,Low,AGT-194,Resolved,
TKT-0004040,CUS-001702,2021-01-15 00:00:00,2021-01-17 05:00:00,Returns,Social,Medium,AGT-295,Resolved,
TKT-0004041,CUS-006182,2022-01-11 19:00:00,2022-01-14 13:00:00,Delivery,Email,High,AGT-308,Resolved,3.0
TKT-0004042,CUS-004228,2021-05-27 07:00:00,,Technical,Chat,Low,AGT-208,Open,
TKT-0004043,CUS-000187,2022-11-11 12:00:00,2022-11-14 15:00:00,Product Quality,Email,Medium,AGT-144,Resolved,5.0
TKT-0004044,CUS-003603,2025-02-11 09:00:00,2025-02-14 15:00:00,Returns,Social,Medium,AGT-008,Resolved,4.0
TKT-0004045,CUS-009186,2023-11-01 21:00:00,2023-11-02 20:00:00,Product Quality,Store,Low,AGT-314,Resolved,
TKT-0004046,CUS-006577,2024-03-08 03:00:00,2024-03-08 18:00:00,Technical,Phone,High,AGT-060,Resolved,4.0
TKT-0004047,CUS-002540,2026-02-27 20:00:00,2026-03-04 17:00:00,Returns,Email,Low,AGT-238,Resolved,4.0
TKT-0004048,CUS-002898,2023-04-03 05:00:00,2023-04-05 02:00:00,Account,Store,Low,AGT-075,Resolved,5.0
TKT-0004049,CUS-001521,2024-06-12 23:00:00,2024-06-17 16:00:00,Payment,Chat,High,AGT-010,Resolved,
TKT-0004050,CUS-003586,2026-05-01 12:00:00,2026-05-04 22:00:00,Returns,Phone,Medium,AGT-201,Resolved,
TKT-0004051,CUS-011266,2023-07-30 09:00:00,2023-08-01 00:00:00,Returns,Store,Low,AGT-003,Resolved,5.0
TKT-0004052,CUS-004792,2025-01-05 09:00:00,2025-01-07 23:00:00,Product Quality,Social,Medium,AGT-313,Resolved,4.0
TKT-0004053,CUS-003201,2024-11-09 18:00:00,2024-11-13 23:00:00,Delivery,Social,Medium,AGT-234,Resolved,3.0
TKT-0004054,CUS-011759,2024-02-12 11:00:00,2024-02-15 02:00:00,Returns,Phone,Low,AGT-173,Resolved,
TKT-0004055,CUS-001446,2020-01-21 18:00:00,2020-01-24 08:00:00,Promotion,Social,Medium,AGT-212,Resolved,1.0
TKT-0004056,CUS-002918,2026-06-27 08:00:00,2026-06-29 00:00:00,Delivery,Chat,Low,AGT-065,Resolved,3.0
TKT-0004057,CUS-001488,2024-08-01 21:00:00,2024-08-03 04:00:00,Returns,Chat,Medium,AGT-149,Resolved,
TKT-0004058,CUS-009700,2022-09-09 08:00:00,2022-09-11 23:00:00,Returns,Store,Medium,AGT-174,Resolved,
TKT-0004059,CUS-001125,2026-03-08 01:00:00,,Returns,Email,Low,AGT-113,Open,
TKT-0004060,CUS-002166,2021-04-05 15:00:00,2021-04-07 14:00:00,Delivery,Chat,Medium,AGT-247,Resolved,4.0
TKT-0004061,CUS-009909,2023-12-12 21:00:00,2023-12-16 07:00:00,Returns,Chat,Medium,AGT-085,Resolved,5.0
TKT-0004062,CUS-005617,2024-03-31 13:00:00,2024-04-04 06:00:00,Payment,Phone,Medium,AGT-150,Closed,
TKT-0004063,CUS-009318,2021-09-03 05:00:00,2021-09-04 19:00:00,Delivery,Chat,Low,AGT-043,Resolved,5.0
TKT-0004064,CUS-000222,2020-09-22 09:00:00,2020-09-23 18:00:00,Product Quality,Chat,High,AGT-072,Resolved,4.0
TKT-0004065,CUS-003417,2021-10-01 21:00:00,2021-10-04 01:00:00,Delivery,Store,Medium,AGT-158,Resolved,4.0
TKT-0004066,CUS-009142,2026-07-24 16:00:00,2026-07-29 07:00:00,Account,Chat,Medium,AGT-299,Closed,
TKT-0004067,CUS-010406,2025-05-08 03:00:00,2025-05-11 21:00:00,Payment,Email,Low,AGT-295,Resolved,
TKT-0004068,CUS-002098,2025-07-24 19:00:00,2025-07-26 11:00:00,Delivery,Chat,Medium,AGT-084,Resolved,
TKT-0004069,CUS-008438,2026-08-18 09:00:00,2026-08-22 11:00:00,Product Quality,Phone,High,AGT-246,Resolved,4.0
TKT-0004070,CUS-006465,2026-08-15 01:00:00,2026-08-17 14:00:00,Delivery,Phone,Low,AGT-184,Resolved,
TKT-0004071,CUS-008039,2023-03-22 17:00:00,2023-03-27 08:00:00,Promotion,Social,Medium,AGT-284,Closed,5.0
TKT-0004072,CUS-002160,2024-05-10 05:00:00,2024-05-11 05:00:00,Delivery,Chat,Low,AGT-214,Resolved,4.0
TKT-0004073,CUS-006395,2024-05-16 08:00:00,2024-05-17 10:00:00,Technical,Phone,Low,AGT-221,Resolved,5.0
TKT-0004074,CUS-011769,2020-01-19 02:00:00,2020-01-21 11:00:00,Payment,Phone,Medium,AGT-322,Resolved,5.0
TKT-0004075,CUS-009250,2026-04-13 13:00:00,2026-04-13 22:00:00,Returns,Phone,Medium,AGT-060,Closed,4.0
TKT-0004076,CUS-007786,2024-08-30 11:00:00,2024-09-04 04:00:00,Delivery,Social,High,AGT-150,Resolved,
TKT-0004077,CUS-007664,2023-03-04 03:00:00,2023-03-06 17:00:00,Technical,Phone,Low,AGT-081,Resolved,5.0
TKT-0004078,CUS-001871,2021-10-22 01:00:00,2021-10-25 11:00:00,Account,Store,Medium,AGT-266,Resolved,
TKT-0004079,CUS-002410,2023-08-18 17:00:00,2023-08-21 10:00:00,Payment,Social,Medium,AGT-217,Resolved,
TKT-0004080,CUS-008565,2026-04-04 00:00:00,,Payment,Email,Low,AGT-143,Open,
TKT-0004081,CUS-006562,2025-04-26 19:00:00,2025-04-29 03:00:00,Product Quality,Email,Medium,AGT-029,Resolved,
TKT-0004082,CUS-009492,2026-06-07 11:00:00,2026-06-11 21:00:00,Returns,Store,Medium,AGT-069,Resolved,5.0
TKT-0004083,CUS-000972,2022-04-09 12:00:00,2022-04-11 22:00:00,Returns,Store,Medium,AGT-291,Resolved,
TKT-0004084,CUS-002011,2020-12-01 22:00:00,2020-12-03 18:00:00,Delivery,Chat,Medium,AGT-022,Resolved,
TKT-0004085,CUS-001847,2025-03-03 13:00:00,2025-03-07 22:00:00,Returns,Store,Low,AGT-116,Resolved,
TKT-0004086,CUS-006465,2021-02-20 05:00:00,2021-02-23 22:00:00,Promotion,Social,High,AGT-147,Closed,
TKT-0004087,CUS-002803,2024-12-12 23:00:00,2024-12-15 15:00:00,Delivery,Chat,Medium,AGT-348,Resolved,4.0
TKT-0004088,CUS-007910,2021-06-13 11:00:00,2021-06-16 07:00:00,Returns,Email,Medium,AGT-165,Resolved,4.0
TKT-0004089,CUS-006759,2023-09-28 08:00:00,2023-10-02 00:00:00,Technical,Chat,Medium,AGT-163,Resolved,
TKT-0004090,CUS-004433,2024-10-05 02:00:00,2024-10-07 08:00:00,Returns,Phone,Medium,AGT-148,Resolved,4.0
TKT-0004091,CUS-010739,2024-01-10 17:00:00,2024-01-14 20:00:00,Account,Email,High,AGT-229,Resolved,5.0
TKT-0004092,CUS-011258,2021-04-12 21:00:00,2021-04-14 19:00:00,Returns,Store,High,AGT-164,Closed,
TKT-0004093,CUS-003331,2022-09-15 16:00:00,2022-09-19 19:00:00,Returns,Chat,Medium,AGT-027,Resolved,5.0
TKT-0004094,CUS-002564,2021-08-17 14:00:00,2021-08-19 16:00:00,Delivery,Email,Low,AGT-099,Resolved,
TKT-0004095,CUS-009416,2026-01-04 14:00:00,2026-01-09 00:00:00,Promotion,Social,Medium,AGT-041,Resolved,4.0
TKT-0004096,CUS-010484,2026-03-10 22:00:00,,Payment,Store,Low,AGT-245,Open,
TKT-0004097,CUS-001813,2020-09-21 13:00:00,2020-09-21 20:00:00,Returns,Phone,High,AGT-010,Resolved,1.0
TKT-0004098,CUS-010730,2026-03-13 13:00:00,,Delivery,Store,Medium,AGT-063,Open,
TKT-0004099,CUS-002259,2025-08-11 16:00:00,,Delivery ,Social,Low,AGT-280,Open,
TKT-0004100,CUS-002986,2024-04-11 14:00:00,2024-04-12 10:00:00,Delivery,Store,Medium,AGT-185,Resolved,
TKT-0004101,CUS-006254,2025-03-03 16:00:00,2025-03-08 00:00:00,Product Quality,Chat,Medium,AGT-038,Resolved,
TKT-0004102,CUS-001406,2022-08-09 23:00:00,2022-08-14 11:00:00,Returns,Phone,Low,AGT-317,Resolved,
TKT-0004103,CUS-006605,2022-10-01 15:00:00,2022-10-03 02:00:00,Returns,Chat,Low,AGT-069,Resolved,4.0
TKT-0004104,CUS-004692,2024-05-25 04:00:00,2024-05-27 07:00:00,Delivery,Store,High,AGT-087,Resolved,3.0
TKT-0004105,CUS-003547,2021-11-23 20:00:00,2021-11-25 20:00:00,Payment,Social,Low,AGT-007,Resolved,4.0
TKT-0004106,CUS-009484,2023-01-12 16:00:00,2023-01-15 17:00:00,Delivery,Phone,Low,AGT-273,Resolved,1.0
TKT-0004107,CUS-006630,2022-11-18 09:00:00,2022-11-21 21:00:00,Account,Social,Critical,AGT-340,Resolved,3.0
TKT-0004108,CUS-003261,2026-06-11 03:00:00,2026-06-16 00:00:00,Returns,Social,Medium,AGT-089,Resolved,4.0
TKT-0004109,CUS-008481,2025-02-26 21:00:00,,Account,Email,Medium,AGT-342,Open,
TKT-0004110,CUS-002395,2022-01-12 23:00:00,2022-01-17 17:00:00,Product Quality,Social,Low,AGT-197,Resolved,3.0
TKT-0004111,CUS-011983,2022-08-20 02:00:00,2022-08-21 08:00:00,Account,Phone,Medium,AGT-146,Resolved,
TKT-0004112,CUS-007358,2020-01-08 10:00:00,2020-01-09 15:00:00,Product Quality,Chat,High,AGT-347,Resolved,
TKT-0004113,CUS-011058,2023-09-22 15:00:00,2023-09-23 11:00:00,Delivery,Store,Medium,AGT-024,Resolved,
TKT-0004114,CUS-005340,2025-04-22 08:00:00,2025-04-23 20:00:00,Technical,Chat,Medium,AGT-235,Closed,
TKT-0004115,CUS-011070,2026-04-24 20:00:00,2026-04-27 15:00:00,Promotion,Store,Low,AGT-340,Resolved,
TKT-0004116,CUS-003177,2020-10-08 17:00:00,2020-10-09 21:00:00,Delivery,Chat,Medium,AGT-066,Resolved,4.0
TKT-0004117,CUS-006332,2021-02-05 02:00:00,2021-02-07 16:00:00,Delivery,Store,Medium,AGT-036,Resolved,3.0
TKT-0004118,CUS-003740,2020-07-13 23:00:00,2020-07-16 10:00:00,Delivery,Phone,Medium,AGT-299,Resolved,5.0
TKT-0004119,CUS-001389,2022-03-24 20:00:00,2022-03-26 03:00:00,Product Quality,Social,High,AGT-284,Closed,5.0
TKT-0004120,CUS-011892,2022-04-12 00:00:00,2022-04-15 00:00:00,Delivery,Chat,Low,AGT-193,Resolved,
TKT-0004121,CUS-006646,2021-08-24 10:00:00,2021-08-24 23:00:00,Delivery,Email,Low,AGT-258,Resolved,5.0
TKT-0004122,CUS-008229,2021-03-09 20:00:00,,Delivery,Email,Low,AGT-241,Open,
TKT-0004123,CUS-001987,2023-05-20 04:00:00,2023-05-21 05:00:00,Returns,Social,Low,AGT-153,Resolved,5.0
TKT-0004124,CUS-004099,2021-02-16 11:00:00,2021-02-17 09:00:00,Account,Email,Low,AGT-249,Resolved,2.0
TKT-0004125,CUS-008394,2024-09-27 00:00:00,2024-09-28 23:00:00,Product Quality,Email,Medium,AGT-286,Resolved,
TKT-0004126,CUS-004854,2022-07-11 23:00:00,2022-07-14 01:00:00,Payment,Email,Medium,AGT-195,Resolved,
TKT-0004127,CUS-002814,2025-04-22 07:00:00,2025-04-24 22:00:00,Product Quality,Social,High,AGT-022,Closed,
TKT-0004128,CUS-009235,2020-03-07 11:00:00,2020-03-11 00:00:00,Delivery,Social,Medium,AGT-268,Resolved,
TKT-0004129,CUS-008760,2026-05-12 06:00:00,2026-05-16 18:00:00,Technical,Email,High,AGT-074,Resolved,3.0
TKT-0004130,CUS-009616,2025-01-10 22:00:00,2025-01-13 13:00:00,Delivery,Email,Low,AGT-291,Resolved,
TKT-0004131,CUS-009155,2022-06-24 22:00:00,2022-06-28 05:00:00,Product Quality,Phone,High,AGT-311,Closed,
TKT-0004132,CUS-006020,2020-09-22 04:00:00,2020-09-27 01:00:00,Delivery,Email,Low,AGT-193,Closed,4.0
TKT-0004133,CUS-004508,2024-09-01 23:00:00,2024-09-05 13:00:00,Account,Social,Low,AGT-330,Closed,
TKT-0004134,CUS-007779,2022-03-28 05:00:00,2022-03-31 05:00:00,Account,Store,Low,AGT-019,Resolved,2.0
TKT-0004135,CUS-007441,2024-01-24 03:00:00,2024-01-25 17:00:00,Promotion,Phone,Medium,AGT-328,Closed,
TKT-0004136,CUS-003624,2023-04-01 05:00:00,2023-04-01 16:00:00,Delivery,Chat,Low,AGT-106,Resolved,
TKT-0004137,CUS-000576,2020-02-15 08:00:00,2020-02-18 07:00:00,Returns,Social,Medium,AGT-095,Resolved,
TKT-0004138,CUS-002456,2020-08-19 11:00:00,2020-08-24 06:00:00,Payment,Chat,Low,AGT-155,Closed,3.0
TKT-0004139,CUS-011293,2023-04-15 06:00:00,2023-04-17 10:00:00,Delivery,Phone,Medium,AGT-001,Resolved,2.0
TKT-0004140,CUS-009959,2022-05-09 14:00:00,2022-05-12 13:00:00,Returns,Store,High,AGT-013,Resolved,3.0
TKT-0004141,CUS-004491,2022-03-28 04:00:00,2022-03-31 05:00:00,Delivery,Store,Low,AGT-041,Resolved,5.0
TKT-0004142,CUS-009999,2025-12-29 03:00:00,2026-01-02 21:00:00,Returns,Social,Medium,AGT-042,Resolved,4.0
TKT-0004143,CUS-008210,2025-03-22 20:00:00,2025-03-25 02:00:00,Technical,Chat,Medium,AGT-305,Resolved,3.0
TKT-0004144,CUS-003203,2021-11-14 14:00:00,2021-11-14 23:00:00,Returns,Phone,Medium,AGT-224,Resolved,3.0
TKT-0004145,CUS-008686,2021-07-15 20:00:00,2021-07-16 04:00:00,Payment,Email,Low,AGT-162,Resolved,3.0
TKT-0004146,CUS-004615,2024-05-09 15:00:00,,Product Quality,Social,Medium,AGT-318,Open,
TKT-0004147,CUS-010938,2024-01-22 10:00:00,2024-01-23 13:00:00,Delivery,Social,High,AGT-039,Resolved,5.0
TKT-0004148,CUS-006794,2024-10-30 01:00:00,2024-10-30 20:00:00,Delivery,Phone,Low,AGT-268,Closed,5.0
TKT-0004149,CUS-005963,2023-04-24 21:00:00,,Payment,Phone,Medium,AGT-119,Open,
TKT-0004150,CUS-004992,2025-09-20 15:00:00,2025-09-21 20:00:00,Returns,Email,Medium,AGT-116,Resolved,
TKT-0004151,CUS-000291,2020-02-28 02:00:00,2020-02-29 18:00:00,Delivery,Chat,Medium,AGT-016,Resolved,4.0
TKT-0004152,CUS-009381,2021-11-13 19:00:00,,Delivery,Chat,Medium,AGT-076,Open,
TKT-0004153,CUS-001635,2023-11-19 22:00:00,,Product Quality,Phone,Medium,AGT-156,Open,
TKT-0004154,CUS-011665,2021-02-17 20:00:00,2021-02-20 16:00:00,Delivery,Store,Medium,AGT-045,Resolved,5.0
TKT-0004155,CUS-010299,2025-06-17 17:00:00,2025-06-20 07:00:00,Returns,Store,Medium,AGT-247,Resolved,5.0
TKT-0004156,CUS-003380,2021-11-01 00:00:00,2021-11-02 12:00:00,Delivery,Social,High,AGT-021,Closed,4.0
TKT-0004157,CUS-007132,2021-04-14 07:00:00,2021-04-18 12:00:00,Returns,Store,Low,AGT-237,Resolved,5.0
TKT-0004158,CUS-008759,2022-09-04 05:00:00,,Account,Social,Low,AGT-277,Open,
TKT-0004159,CUS-003537,2025-07-09 09:00:00,2025-07-10 03:00:00,Product Quality,Store,Medium,AGT-084,Resolved,3.0
TKT-0004160,CUS-006472,2021-07-21 01:00:00,2021-07-25 10:00:00,Payment,Email,Low,AGT-316,Resolved,3.0
TKT-0004161,CUS-004273,2020-06-20 07:00:00,,Returns,Chat,Medium,AGT-089,Open,
TKT-0004162,CUS-007647,2025-01-11 04:00:00,2025-01-16 03:00:00,Payment,Phone,Critical,AGT-169,Resolved,
TKT-0004163,CUS-010373,2021-09-09 03:00:00,2021-09-11 02:00:00,Delivery,Phone,Critical,AGT-289,Closed,
TKT-0004164,CUS-001608,2023-06-16 06:00:00,2023-06-19 18:00:00,Delivery,Social,Low,AGT-110,Closed,4.0
TKT-0004165,CUS-004160,2026-03-04 12:00:00,2026-03-08 20:00:00,Delivery,Email,Medium,AGT-066,Resolved,3.0
TKT-0004166,CUS-003596,2022-09-18 13:00:00,2022-09-20 19:00:00,Account,Social,Low,AGT-032,Closed,
TKT-0004167,CUS-007378,2024-03-23 11:00:00,2024-03-28 05:00:00,Returns,Chat,Medium,AGT-132,Resolved,4.0
TKT-0004168,CUS-006898,2023-08-23 19:00:00,2023-08-28 04:00:00,Delivery,Phone,Medium,AGT-122,Resolved,
TKT-0004169,CUS-011220,2021-01-09 12:00:00,2021-01-10 04:00:00,Payment,Phone,Medium,AGT-091,Resolved,1.0
TKT-0004170,CUS-010689,2021-11-25 02:00:00,2021-11-26 06:00:00,Promotion,Chat,Low,AGT-163,Closed,4.0
TKT-0004171,CUS-009643,2026-06-30 17:00:00,2026-07-05 15:00:00,Technical,Email,Medium,AGT-080,Resolved,3.0
TKT-0004172,CUS-001812,2023-04-12 13:00:00,2023-04-13 06:00:00,Promotion,Email,Medium,AGT-251,Resolved,
TKT-0004173,CUS-004740,2025-10-30 04:00:00,2025-11-01 17:00:00,Returns,Chat,High,AGT-138,Resolved,
TKT-0004174,CUS-002219,2024-05-31 05:00:00,2024-06-04 07:00:00,Technical,Phone,Low,AGT-180,Resolved,5.0
TKT-0004175,CUS-005108,2026-05-13 12:00:00,2026-05-15 01:00:00,Account,Email,Medium,AGT-241,Resolved,2.0
TKT-0004176,CUS-008200,2021-11-11 20:00:00,2021-11-12 17:00:00,Returns,Email,Medium,AGT-344,Resolved,3.0
TKT-0004177,CUS-009038,2022-01-26 11:00:00,2022-01-30 03:00:00,Delivery,Phone,High,AGT-106,Resolved,
TKT-0004178,CUS-009895,2021-12-08 21:00:00,,Returns,Email,Medium,AGT-300,Open,
TKT-0004179,CUS-003743,2020-02-09 18:00:00,2020-02-11 19:00:00,Product Quality,Email,High,AGT-010,Resolved,
TKT-0004180,CUS-004241,2022-08-30 23:00:00,2022-09-04 20:00:00,Product Quality,Store,Low,AGT-132,Closed,5.0
TKT-0004181,CUS-006090,2021-10-11 23:00:00,2021-10-16 12:00:00,Account,Store,Low,AGT-179,Closed,5.0
TKT-0004182,CUS-001974,2021-11-09 20:00:00,2021-11-12 11:00:00,Product Quality,Chat,Medium,AGT-153,Closed,5.0
TKT-0004183,CUS-006770,2025-08-13 16:00:00,2025-08-14 09:00:00,Product Quality,Store,Low,AGT-091,Resolved,
TKT-0004184,CUS-005392,2022-10-01 21:00:00,2022-10-02 17:00:00,Payment,Email,Medium,AGT-203,Resolved,1.0
TKT-0004185,CUS-005206,2026-05-23 08:00:00,2026-05-27 01:00:00,Account,Chat,Low,AGT-311,Resolved,
TKT-0004186,CUS-010578,2020-05-08 05:00:00,2020-05-12 23:00:00,Promotion,Chat,Medium,AGT-184,Resolved,
TKT-0004187,CUS-010871,2024-05-22 17:00:00,2024-05-24 11:00:00,Payment,Phone,Medium,AGT-146,Closed,
TKT-0004188,CUS-006308,2025-12-18 00:00:00,2025-12-18 11:00:00,Delivery,Social,Medium,AGT-030,Resolved,
TKT-0004189,CUS-011265,2025-01-10 08:00:00,2025-01-12 04:00:00,Delivery,Phone,Medium,AGT-348,Closed,5.0
TKT-0004190,CUS-008803,2025-10-25 20:00:00,,Product Quality,Chat,Medium,AGT-303,Open,
TKT-0004191,CUS-007093,2026-03-02 21:00:00,2026-03-03 02:00:00,Payment,Store,High,AGT-164,Resolved,4.0
TKT-0004192,CUS-005866,2023-04-18 15:00:00,2023-04-21 13:00:00,Product Quality,Email,Low,AGT-273,Closed,
TKT-0004193,CUS-010605,2021-02-14 02:00:00,2021-02-17 17:00:00,Product Quality,Store,High,AGT-341,Resolved,5.0
TKT-0004194,CUS-005860,2022-07-20 02:00:00,,Payment,Social,Medium,AGT-172,Open,
TKT-0004195,CUS-002287,2021-04-20 12:00:00,2021-04-22 14:00:00,Promotion,Store,Medium,AGT-319,Resolved,2.0
TKT-0004196,CUS-006055,2022-03-07 03:00:00,2022-03-10 09:00:00,Payment,Email,Critical,AGT-042,Resolved,
TKT-0004197,CUS-004252,2021-01-09 23:00:00,2021-01-13 10:00:00,Product Quality,Chat,Low,AGT-044,Resolved,3.0
TKT-0004198,CUS-009932,2023-07-25 03:00:00,2023-07-30 00:00:00,Payment,Phone,Medium,AGT-146,Closed,
TKT-0004199,CUS-002988,2023-12-15 20:00:00,2023-12-17 12:00:00,Payment,Email,High,AGT-060,Resolved,4.0
TKT-0004200,CUS-000578,2021-07-30 05:00:00,,Payment,Social,Low,AGT-289,Open,
TKT-0004201,CUS-011594,2024-03-01 05:00:00,2024-03-05 17:00:00,Payment,Social,Medium,AGT-250,Resolved,5.0
TKT-0004202,CUS-010289,2022-04-07 04:00:00,2022-04-10 20:00:00,Delivery,Email,Low,AGT-287,Closed,5.0
TKT-0004203,CUS-003159,2023-09-07 05:00:00,2023-09-10 11:00:00,Delivery,Phone,High,AGT-039,Resolved,5.0
TKT-0004204,CUS-011522,2021-12-01 04:00:00,2021-12-05 12:00:00,Product Quality,Phone,Low,AGT-032,Resolved,5.0
TKT-0004205,CUS-007468,2021-08-12 07:00:00,2021-08-16 20:00:00,Product Quality,Store,Low,AGT-280,Resolved,3.0
TKT-0004206,CUS-005729,2025-01-28 13:00:00,2025-01-28 17:00:00,Account,Email,Medium,AGT-241,Resolved,4.0
TKT-0004207,CUS-002413,2024-05-31 11:00:00,2024-06-02 12:00:00,Returns,Social,Medium,AGT-034,Resolved,5.0
TKT-0004208,CUS-008017,2024-01-02 08:00:00,,Returns,Phone,Low,AGT-040,Open,
TKT-0004209,CUS-003444,2022-01-03 19:00:00,2022-01-07 14:00:00,Delivery,Phone,Low,AGT-076,Resolved,3.0
TKT-0004210,CUS-011333,2023-06-08 16:00:00,2023-06-11 06:00:00,Payment,Phone,Medium,AGT-239,Resolved,
TKT-0004211,CUS-005221,2023-10-05 05:00:00,2023-10-07 13:00:00,Payment,Store,Low,AGT-266,Resolved,2.0
TKT-0004212,CUS-005889,2022-06-06 00:00:00,2022-06-09 16:00:00,Product Quality,Social,High,AGT-267,Resolved,3.0
TKT-0004213,CUS-009718,2023-05-12 02:00:00,2023-05-16 22:00:00,Product Quality,Phone,Low,AGT-191,Resolved,
TKT-0004214,CUS-011242,2022-04-29 21:00:00,2022-05-03 17:00:00,Account,Store,Medium,AGT-327,Resolved,5.0
TKT-0004215,CUS-004725,2020-04-13 10:00:00,2020-04-14 04:00:00,Delivery,Chat,High,AGT-069,Resolved,
TKT-0004216,CUS-003471,2023-03-05 20:00:00,2023-03-06 01:00:00,Delivery,Chat,Low,AGT-258,Resolved,
TKT-0004217,CUS-003672,2026-03-19 05:00:00,,Returns,Store,Low,AGT-152,Open,
TKT-0004218,CUS-008145,2025-12-22 06:00:00,,Delivery,Phone,Medium,AGT-232,Open,
TKT-0004219,CUS-009963,2025-12-24 11:00:00,2025-12-28 19:00:00,Delivery,Social,Medium,AGT-008,Resolved,
TKT-0004220,CUS-005472,2021-08-09 13:00:00,2021-08-12 03:00:00,Account,Phone,Low,AGT-133,Resolved,5.0
TKT-0004221,CUS-005111,2022-08-18 12:00:00,2022-08-19 19:00:00,Payment,Email,Low,AGT-310,Resolved,4.0
TKT-0004222,CUS-006055,2024-02-27 17:00:00,2024-02-28 09:00:00,Delivery,Store,Medium,AGT-225,Closed,
TKT-0004223,CUS-009732,2025-03-30 08:00:00,2025-03-31 13:00:00,Delivery,Chat,Medium,AGT-253,Resolved,4.0
TKT-0004224,CUS-006591,2024-02-17 20:00:00,2024-02-18 00:00:00,Payment,Email,High,AGT-246,Resolved,2.0
TKT-0004225,CUS-007501,2020-11-19 19:00:00,2020-11-21 20:00:00,Product Quality,Chat,Medium,AGT-118,Closed,4.0
TKT-0004226,CUS-007524,2025-05-22 15:00:00,2025-05-23 11:00:00,Payment,Social,Medium,AGT-106,Closed,3.0
TKT-0004227,CUS-005283,2022-06-15 03:00:00,2022-06-18 03:00:00,Product Quality,Phone,Low,AGT-107,Resolved,5.0
TKT-0004228,CUS-010560,2022-03-15 17:00:00,2022-03-18 12:00:00,Account,Social,Low,AGT-291,Closed,5.0
TKT-0004229,CUS-009045,2024-07-16 09:00:00,2024-07-16 22:00:00,Delivery,Store,Medium,AGT-184,Closed,5.0
TKT-0004230,CUS-011945,2022-05-23 09:00:00,,Account,Email,High,AGT-253,Open,
TKT-0004231,CUS-003860,2023-04-19 06:00:00,2023-04-19 22:00:00,Technical,Email,High,AGT-054,Resolved,2.0
TKT-0004232,CUS-000196,2025-09-17 20:00:00,2025-09-20 20:00:00,Account,Store,Medium,AGT-119,Resolved,5.0
TKT-0004233,CUS-002334,2022-05-08 04:00:00,2022-05-13 03:00:00,Delivery,Phone,Medium,AGT-112,Resolved,3.0
TKT-0004234,CUS-005366,2022-08-02 16:00:00,2022-08-05 20:00:00,Payment,Email,Low,AGT-024,Resolved,
TKT-0004235,CUS-003841,2026-02-04 08:00:00,,Delivery,Store,Medium,AGT-297,Open,
TKT-0004236,CUS-008574,2022-01-11 19:00:00,2022-01-13 17:00:00,Delivery,Chat,Low,AGT-015,Resolved,4.0
TKT-0004237,CUS-003823,2020-03-18 20:00:00,2020-03-22 01:00:00,Product Quality,Social,Critical,AGT-037,Resolved,5.0
TKT-0004238,CUS-000135,2020-05-18 19:00:00,,Technical,Email,Medium,AGT-236,Open,
TKT-0004239,CUS-005834,2020-08-15 21:00:00,2020-08-16 11:00:00,Delivery,Chat,Low,AGT-215,Resolved,5.0
TKT-0004240,CUS-006039,2020-05-21 16:00:00,2020-05-23 14:00:00,Delivery,Phone,Low,AGT-320,Resolved,
TKT-0004241,CUS-005613,2025-12-21 08:00:00,2025-12-24 18:00:00,Delivery,Social,Low,AGT-223,Resolved,
TKT-0004242,CUS-008244,2020-03-13 14:00:00,2020-03-13 15:00:00,Account,Phone,Medium,AGT-097,Resolved,3.0
TKT-0004243,CUS-009457,2024-01-09 14:00:00,2024-01-12 20:00:00,Delivery,Phone,Medium,AGT-028,Resolved,1.0
TKT-0004244,CUS-005260,2024-07-10 01:00:00,,Promotion,Phone,Low,AGT-087,Open,
TKT-0004245,CUS-005002,2021-10-08 16:00:00,2021-10-09 14:00:00,Promotion,Store,High,AGT-275,Resolved,
TKT-0004246,CUS-004042,2025-03-14 01:00:00,2025-03-14 23:00:00,Returns,Chat,High,AGT-148,Resolved,
TKT-0004247,CUS-009456,2024-01-26 23:00:00,2024-01-29 07:00:00,Returns,Phone,Low,AGT-279,Closed,4.0
TKT-0004248,CUS-006715,2024-11-07 19:00:00,2024-11-11 11:00:00,Product Quality,Store,Medium,AGT-227,Resolved,4.0
TKT-0004249,CUS-005703,2026-03-26 05:00:00,2026-03-26 20:00:00,Returns,Phone,Critical,AGT-258,Resolved,2.0
TKT-0004250,CUS-011166,2023-10-18 12:00:00,2023-10-22 19:00:00,Delivery,Phone,Low,AGT-018,Closed,5.0
TKT-0004251,CUS-010882,2020-08-24 15:00:00,2020-08-28 18:00:00,Delivery,Social,Medium,AGT-271,Resolved,
TKT-0004252,CUS-007060,2024-08-23 17:00:00,2024-08-28 11:00:00,Product Quality,Social,Low,AGT-189,Resolved,5.0
TKT-0004253,CUS-006859,2023-01-15 01:00:00,2023-01-16 10:00:00,Promotion,Store,High,AGT-255,Resolved,5.0
TKT-0004254,CUS-008506,2026-08-15 19:00:00,2026-08-16 12:00:00,Product Quality,Chat,High,AGT-051,Resolved,
TKT-0004255,CUS-009244,2021-07-27 07:00:00,2021-07-30 05:00:00,Delivery,Phone,Low,AGT-112,Closed,
TKT-0004256,CUS-008673,2022-12-19 11:00:00,2022-12-22 07:00:00,Delivery,Store,Medium,AGT-047,Resolved,5.0
TKT-0004257,CUS-002284,2022-02-24 14:00:00,,Delivery,Store,Medium,AGT-186,Open,
TKT-0004258,CUS-010924,2023-12-06 05:00:00,2023-12-06 11:00:00,Delivery,Store,High,AGT-102,Resolved,3.0
TKT-0004259,CUS-007150,2025-01-20 05:00:00,2025-01-21 23:00:00,Technical,Social,Low,AGT-117,Resolved,
TKT-0004260,CUS-002878,2026-06-10 18:00:00,2026-06-12 14:00:00,Promotion,Email,Medium,AGT-182,Closed,
TKT-0004261,CUS-010712,2021-05-04 22:00:00,2021-05-08 17:00:00,Product Quality,Store,Low,AGT-213,Resolved,4.0
TKT-0004262,CUS-003445,2021-08-03 22:00:00,2021-08-07 13:00:00,Promotion,Chat,High,AGT-350,Resolved,5.0
TKT-0004263,CUS-000791,2025-04-27 22:00:00,2025-04-29 15:00:00,Account,Phone,Low,AGT-098,Resolved,
TKT-0004264,CUS-003355,2021-11-26 16:00:00,2021-11-28 13:00:00,Technical,Email,Low,AGT-279,Closed,4.0
TKT-0004265,CUS-009921,2025-02-03 12:00:00,2025-02-04 06:00:00,Technical,Social,Low,AGT-265,Resolved,5.0
TKT-0004266,CUS-000533,2022-01-08 17:00:00,2022-01-13 00:00:00,Delivery,Store,Low,AGT-248,Resolved,3.0
TKT-0004267,CUS-007373,2023-11-04 07:00:00,2023-11-06 16:00:00,Returns,Store,High,AGT-198,Resolved,3.0
TKT-0004268,CUS-008350,2023-07-07 17:00:00,2023-07-12 10:00:00,Returns,Social,Medium,AGT-057,Resolved,5.0
TKT-0004269,CUS-004538,2024-07-05 18:00:00,2024-07-08 09:00:00,Account,Social,High,AGT-200,Resolved,
TKT-0004270,CUS-003224,2025-11-23 22:00:00,2025-11-27 16:00:00,Delivery,Chat,Low,AGT-139,Resolved,
TKT-0004271,CUS-010790,2021-07-30 16:00:00,2021-08-03 18:00:00,Delivery,Email,High,AGT-281,Resolved,1.0
TKT-0004272,CUS-008767,2022-02-05 16:00:00,2022-02-05 18:00:00,Account,Store,High,AGT-172,Resolved,3.0
TKT-0004273,CUS-004181,2024-03-17 11:00:00,2024-03-20 09:00:00,Returns,Chat,High,AGT-255,Resolved,4.0
TKT-0004274,CUS-000090,2021-06-03 06:00:00,2021-06-04 20:00:00,Returns,Email,Low,AGT-063,Resolved,4.0
TKT-0004275,CUS-002754,2023-07-17 17:00:00,2023-07-21 23:00:00,Payment,Email,Low,AGT-059,Resolved,4.0
TKT-0004276,CUS-002720,2023-08-16 12:00:00,2023-08-17 07:00:00,Account,Chat,Medium,AGT-104,Resolved,5.0
TKT-0004277,CUS-001915,2020-08-13 14:00:00,,Product Quality,Email,Low,AGT-259,Open,
TKT-0004278,CUS-008777,2021-03-18 14:00:00,2021-03-22 17:00:00,Delivery,Chat,Low,AGT-300,Closed,4.0
TKT-0004279,CUS-008929,2025-12-01 01:00:00,2025-12-02 10:00:00,Delivery,Store,Critical,AGT-195,Resolved,3.0
TKT-0004280,CUS-002766,2025-11-24 07:00:00,2025-11-25 22:00:00,Technical,Chat,High,AGT-249,Closed,3.0
TKT-0004281,CUS-006959,2026-03-03 23:00:00,2026-03-08 14:00:00,Delivery,Phone,Low,AGT-043,Resolved,4.0
TKT-0004282,CUS-009448,2026-03-26 23:00:00,2026-03-28 12:00:00,Technical,Social,Medium,AGT-224,Closed,4.0
TKT-0004283,CUS-009049,2022-07-17 15:00:00,2022-07-21 00:00:00,Returns,Phone,Low,AGT-247,Resolved,
TKT-0004284,CUS-006605,2022-07-11 07:00:00,2022-07-14 15:00:00,Product Quality,Social,Medium,AGT-184,Resolved,
TKT-0004285,CUS-005796,2024-06-18 17:00:00,2024-06-20 15:00:00,Returns,Chat,Medium,AGT-019,Resolved,4.0
TKT-0004286,CUS-004890,2020-03-01 14:00:00,2020-03-05 12:00:00,Product Quality,Phone,Low,AGT-166,Resolved,4.0
TKT-0004287,CUS-010220,2021-04-27 13:00:00,2021-04-30 01:00:00,Product Quality,Chat,Low,AGT-174,Resolved,3.0
TKT-0004288,CUS-006614,2024-04-13 22:00:00,2024-04-18 06:00:00,Technical,Phone,Medium,AGT-128,Resolved,
TKT-0004289,CUS-009626,2021-12-12 00:00:00,2021-12-16 00:00:00,Returns,Chat,Medium,AGT-090,Resolved,4.0
TKT-0004290,CUS-008590,2021-02-14 13:00:00,2021-02-18 23:00:00,Delivery,Chat,Medium,AGT-226,Closed,
TKT-0004291,CUS-010942,2023-02-21 10:00:00,2023-02-21 12:00:00,Returns,Store,Low,AGT-206,Resolved,5.0
TKT-0004292,CUS-003473,2024-09-27 04:00:00,,Technical,Phone,Medium,AGT-102,Open,
TKT-0004293,CUS-010679,2024-02-11 09:00:00,2024-02-15 01:00:00,Product Quality,Email,Medium,AGT-293,Closed,4.0
TKT-0004294,CUS-000290,2021-07-01 07:00:00,2021-07-02 07:00:00,Account,Store,Low,AGT-019,Resolved,4.0
TKT-0004295,CUS-002088,2025-05-08 01:00:00,2025-05-09 18:00:00,Delivery,Phone,Medium,AGT-078,Resolved,
TKT-0004296,CUS-001562,2021-05-07 13:00:00,2021-05-10 10:00:00,Delivery,Social,Low,AGT-062,Resolved,
TKT-0004297,CUS-005331,2020-10-07 01:00:00,2020-10-11 02:00:00,Product Quality,Phone,Medium,AGT-201,Resolved,5.0
TKT-0004298,CUS-001524,2022-10-02 07:00:00,,Account,Email,Medium,AGT-204,Open,
TKT-0004299,CUS-010198,2020-06-23 16:00:00,2020-06-25 02:00:00,Returns,Social,High,AGT-246,Resolved,5.0
TKT-0004300,CUS-011835,2026-02-24 21:00:00,2026-02-25 00:00:00,Product Quality,Phone,Medium,AGT-246,Resolved,
TKT-0004301,CUS-010534,2022-06-27 16:00:00,2022-06-28 22:00:00,Technical,Email,Low,AGT-224,Closed,5.0
TKT-0004302,CUS-005136,2026-07-28 07:00:00,2026-07-30 18:00:00,Delivery,Social,Low,AGT-283,Resolved,
TKT-0004303,CUS-005224,2023-11-30 22:00:00,2023-12-04 06:00:00,Returns,Email,Medium,AGT-041,Resolved,4.0
TKT-0004304,CUS-001116,2026-08-25 13:00:00,2026-08-30 12:00:00,Delivery,Social,Low,AGT-079,Resolved,
TKT-0004305,CUS-007176,2024-03-22 05:00:00,2024-03-27 00:00:00,Returns,Store,High,AGT-098,Resolved,4.0
TKT-0004306,CUS-011168,2022-08-06 08:00:00,2022-08-09 22:00:00,Product Quality,Social,High,AGT-157,Resolved,4.0
TKT-0004307,CUS-002996,2021-03-10 15:00:00,2021-03-11 01:00:00,Returns,Email,High,AGT-066,Resolved,
TKT-0004308,CUS-000484,2025-02-11 04:00:00,2025-02-11 09:00:00,Product Quality,Store,Medium,AGT-010,Resolved,2.0
TKT-0004309,CUS-003904,2025-05-10 08:00:00,2025-05-10 18:00:00,Delivery,Store,Medium,AGT-045,Resolved,5.0
TKT-0004310,CUS-008225,2024-09-18 22:00:00,2024-09-22 05:00:00,Delivery,Social,Medium,AGT-247,Resolved,4.0
TKT-0004311,CUS-004315,2026-04-17 11:00:00,2026-04-21 08:00:00,Delivery,Social,Medium,AGT-171,Resolved,3.0
TKT-0004312,CUS-007353,2025-03-09 22:00:00,2025-03-10 21:00:00,Promotion,Phone,Low,AGT-066,Resolved,
TKT-0004313,CUS-001848,2024-02-10 14:00:00,2024-02-11 18:00:00,Delivery,Email,Medium,AGT-186,Resolved,3.0
TKT-0004314,CUS-008580,2020-08-23 01:00:00,2020-08-26 16:00:00,Product Quality,Chat,Low,AGT-124,Resolved,
TKT-0004315,CUS-010186,2020-09-15 00:00:00,2020-09-17 04:00:00,Promotion,Chat,Medium,AGT-123,Resolved,5.0
TKT-0004316,CUS-002329,2025-02-16 19:00:00,2025-02-17 08:00:00,Technical,Social,Low,AGT-011,Resolved,3.0
TKT-0004317,CUS-008991,2020-02-27 07:00:00,2020-03-01 16:00:00,Delivery,Email,Medium,AGT-288,Resolved,5.0
TKT-0004318,CUS-009697,2025-07-13 21:00:00,2025-07-18 20:00:00,Returns,Phone,Medium,AGT-161,Closed,5.0
TKT-0004319,CUS-001164,2025-02-05 15:00:00,2025-02-10 12:00:00,Technical,Chat,Medium,AGT-219,Closed,
TKT-0004320,CUS-005809,2020-06-25 15:00:00,2020-06-30 09:00:00,Account,Store,Medium,AGT-008,Resolved,4.0
TKT-0004321,CUS-005534,2023-10-01 09:00:00,2023-10-04 20:00:00,Payment,Phone,Low,AGT-128,Resolved,
TKT-0004322,CUS-005376,2023-12-14 02:00:00,2023-12-16 18:00:00,Product Quality,Email,Medium,AGT-058,Resolved,
TKT-0004323,CUS-006632,2025-07-05 15:00:00,2025-07-07 03:00:00,Delivery,Email,Low,AGT-006,Resolved,
TKT-0004324,CUS-009729,2025-04-01 03:00:00,2025-04-02 14:00:00,Account,Phone,Medium,AGT-046,Resolved,5.0
TKT-0004325,CUS-008467,2021-09-22 23:00:00,2021-09-23 05:00:00,Delivery,Chat,Medium,AGT-334,Resolved,
TKT-0004326,CUS-000252,2022-01-06 09:00:00,2022-01-10 16:00:00,Promotion,Store,Low,AGT-326,Resolved,
TKT-0004327,CUS-011396,2020-11-23 06:00:00,2020-11-27 16:00:00,Delivery,Phone,High,AGT-215,Resolved,5.0
TKT-0004328,CUS-000878,2021-09-10 06:00:00,2021-09-11 16:00:00,Delivery,Store,Low,AGT-019,Resolved,
TKT-0004329,CUS-001990,2020-12-09 13:00:00,,Account,Email,Low,AGT-194,Open,
TKT-0004330,CUS-007810,2026-01-11 08:00:00,2026-01-13 19:00:00,Account,Email,Medium,AGT-258,Resolved,5.0
TKT-0004331,CUS-010295,2022-11-15 05:00:00,2022-11-18 04:00:00,Delivery,Email,Medium,AGT-011,Closed,3.0
TKT-0004332,CUS-002827,2023-05-02 18:00:00,2023-05-04 18:00:00,Account,Chat,Medium,AGT-160,Resolved,2.0
TKT-0004333,CUS-008469,2024-07-19 02:00:00,2024-07-22 09:00:00,Payment,Phone,Low,AGT-195,Resolved,
TKT-0004334,CUS-005540,2023-04-21 22:00:00,2023-04-22 21:00:00,Delivery,Email,Low,AGT-220,Resolved,
TKT-0004335,CUS-004934,2020-09-06 14:00:00,2020-09-07 01:00:00,Returns,Store,Medium,AGT-023,Resolved,4.0
TKT-0004336,CUS-005555,2022-06-07 13:00:00,2022-06-11 10:00:00,Account,Phone,Medium,AGT-308,Resolved,
TKT-0004337,CUS-002684,2024-05-03 12:00:00,2024-05-04 16:00:00,Returns,Chat,Low,AGT-316,Closed,5.0
TKT-0004338,CUS-007305,2022-05-03 13:00:00,2022-05-03 22:00:00,Account,Chat,Medium,AGT-189,Resolved,5.0
TKT-0004339,CUS-009805,2025-10-05 01:00:00,2025-10-09 00:00:00,Delivery,Chat,Medium,AGT-080,Resolved,5.0
TKT-0004340,CUS-000511,2024-02-13 14:00:00,2024-02-16 16:00:00,Delivery,Chat,Low,AGT-046,Resolved,
TKT-0004341,CUS-002601,2024-05-25 14:00:00,2024-05-27 00:00:00,Delivery,Phone,Critical,AGT-212,Closed,4.0
TKT-0004342,CUS-002403,2022-05-14 04:00:00,2022-05-15 01:00:00,Delivery,Email,Low,AGT-317,Resolved,
TKT-0004343,CUS-002385,2022-08-16 02:00:00,2022-08-19 11:00:00,Technical,Phone,Medium,AGT-123,Resolved,3.0
TKT-0004344,CUS-003098,2025-07-23 02:00:00,2025-07-25 01:00:00,Delivery,Social,Medium,AGT-086,Closed,
TKT-0004345,CUS-008035,2024-10-06 15:00:00,,Returns,Chat,Medium,AGT-257,Open,
TKT-0004346,CUS-009246,2025-02-08 17:00:00,2025-02-10 15:00:00,Payment,Store,Medium,AGT-021,Resolved,2.0
TKT-0004347,CUS-008702,2022-08-30 04:00:00,,Promotion,Phone,Low,AGT-049,Open,
TKT-0004348,CUS-007904,2021-02-13 19:00:00,,Product Quality,Chat,Medium,AGT-151,Open,
TKT-0004349,CUS-008314,2022-09-21 05:00:00,2022-09-24 15:00:00,Payment,Chat,Low,AGT-280,Resolved,5.0
TKT-0004350,CUS-011991,2020-02-04 18:00:00,,Delivery,Chat,Low,AGT-103,Open,
TKT-0004351,CUS-004215,2020-08-02 09:00:00,2020-08-03 23:00:00,Returns,Email,High,AGT-309,Resolved,5.0
TKT-0004352,CUS-002711,2023-01-11 20:00:00,,Product Quality,Email,Low,AGT-030,Open,
TKT-0004353,CUS-005011,2025-06-03 02:00:00,2025-06-05 04:00:00,Delivery,Chat,Medium,AGT-021,Resolved,5.0
TKT-0004354,CUS-000843,2022-12-01 14:00:00,2022-12-06 08:00:00,Delivery,Phone,High,AGT-098,Resolved,5.0
TKT-0004355,CUS-000259,2026-01-15 04:00:00,2026-01-18 09:00:00,Delivery,Store,Medium,AGT-098,Resolved,
TKT-0004356,CUS-002458,2021-07-29 22:00:00,,Returns,Store,Medium,AGT-131,Open,
TKT-0004357,CUS-000502,2025-02-21 10:00:00,2025-02-25 12:00:00,Account,Chat,High,AGT-028,Closed,
TKT-0004358,CUS-010811,2021-08-23 22:00:00,2021-08-25 20:00:00,Delivery,Phone,Low,AGT-265,Resolved,
TKT-0004359,CUS-010595,2021-09-30 01:00:00,2021-10-03 01:00:00,Product Quality,Chat,Medium,AGT-084,Resolved,5.0
TKT-0004360,CUS-006465,2021-02-26 02:00:00,2021-02-26 12:00:00,Product Quality,Email,Medium,AGT-269,Resolved,
TKT-0004361,CUS-008977,2022-06-20 19:00:00,,Returns,Chat,Low,AGT-330,Open,
TKT-0004362,CUS-011120,2024-12-15 13:00:00,2024-12-18 10:00:00,Delivery,Phone,Medium,AGT-260,Resolved,
TKT-0004363,CUS-004163,2026-03-31 09:00:00,2026-04-02 00:00:00,Payment,Chat,Medium,AGT-289,Resolved,5.0
TKT-0004364,CUS-000224,2025-09-05 06:00:00,2025-09-08 07:00:00,Delivery,Phone,Medium,AGT-026,Resolved,
TKT-0004365,CUS-000699,2023-01-22 05:00:00,,Delivery,Phone,Low,AGT-099,Open,
TKT-0004366,CUS-010216,2021-03-24 22:00:00,2021-03-29 08:00:00,Promotion,Email,Medium,AGT-301,Closed,
TKT-0004367,CUS-009394,2020-09-25 08:00:00,2020-09-28 23:00:00,Returns,Social,High,AGT-318,Closed,4.0
TKT-0004368,CUS-001598,2023-05-04 20:00:00,2023-05-05 16:00:00,Returns,Social,Medium,AGT-080,Resolved,
TKT-0004369,CUS-004350,2021-03-02 11:00:00,2021-03-05 12:00:00,Account,Store,Medium,AGT-326,Closed,
TKT-0004370,CUS-001139,2025-12-01 17:00:00,2025-12-03 13:00:00,Returns,Phone,Medium,AGT-324,Resolved,5.0
TKT-0004371,CUS-003278,2020-11-27 13:00:00,2020-11-27 18:00:00,Returns,Phone,Low,AGT-068,Closed,
TKT-0004372,CUS-007425,2023-07-22 07:00:00,2023-07-22 20:00:00,Account,Email,Medium,AGT-044,Resolved,4.0
TKT-0004373,CUS-001758,2023-01-26 03:00:00,2023-01-29 12:00:00,Product Quality,Phone,Low,AGT-149,Closed,
TKT-0004374,CUS-002529,2021-02-11 16:00:00,2021-02-15 04:00:00,Product Quality,Store,Medium,AGT-292,Resolved,5.0
TKT-0004375,CUS-011803,2026-01-02 00:00:00,2026-01-05 00:00:00,Delivery,Social,Low,AGT-336,Closed,
TKT-0004376,CUS-001889,2023-11-17 18:00:00,2023-11-18 15:00:00,Technical,Email,Low,AGT-301,Resolved,5.0
TKT-0004377,CUS-011442,2024-11-08 22:00:00,,Account,Store,High,AGT-319,Open,
TKT-0004378,CUS-003671,2024-06-10 02:00:00,2024-06-13 11:00:00,Returns,Store,High,AGT-140,Closed,
TKT-0004379,CUS-010687,2020-04-20 23:00:00,2020-04-23 15:00:00,Delivery,Social,High,AGT-320,Resolved,4.0
TKT-0004380,CUS-011389,2022-04-03 12:00:00,2022-04-05 06:00:00,Returns,Phone,Medium,AGT-139,Resolved,1.0
TKT-0004381,CUS-010644,2020-12-19 13:00:00,2020-12-20 08:00:00,Account,Phone,Low,AGT-243,Resolved,4.0
TKT-0004382,CUS-000542,2024-05-11 20:00:00,2024-05-12 02:00:00,Product Quality,Email,Medium,AGT-092,Resolved,
TKT-0004383,CUS-003970,2025-11-26 08:00:00,2025-11-28 07:00:00,Technical,Phone,Medium,AGT-142,Resolved,
TKT-0004384,CUS-011796,2021-03-28 06:00:00,2021-03-31 22:00:00,Returns,Phone,Low,AGT-269,Closed,
TKT-0004385,CUS-010421,2025-07-26 18:00:00,2025-07-28 07:00:00,Payment,Social,Medium,AGT-272,Closed,1.0
TKT-0004386,CUS-011165,2024-05-19 07:00:00,2024-05-23 10:00:00,Promotion,Phone,Medium,AGT-234,Resolved,
TKT-0004387,CUS-006381,2022-01-24 14:00:00,2022-01-26 05:00:00,Product Quality,Phone,Critical,AGT-023,Resolved,
TKT-0004388,CUS-004958,2022-11-22 23:00:00,2022-11-27 17:00:00,Returns,Chat,Medium,AGT-270,Resolved,
TKT-0004389,CUS-000238,2023-03-29 13:00:00,2023-04-01 10:00:00,Product Quality,Chat,High,AGT-254,Resolved,
TKT-0004390,CUS-010949,2022-07-13 01:00:00,2022-07-17 11:00:00,Account,Store,Medium,AGT-168,Resolved,5.0
TKT-0004391,CUS-008734,2024-08-15 20:00:00,2024-08-17 16:00:00,Technical,Phone,Low,AGT-275,Closed,3.0
TKT-0004392,CUS-006636,2023-08-25 02:00:00,2023-08-28 04:00:00,Payment,Phone,Medium,AGT-332,Resolved,1.0
TKT-0004393,CUS-000964,2021-07-11 18:00:00,2021-07-14 14:00:00,Returns,Email,High,AGT-321,Resolved,5.0
TKT-0004394,CUS-006275,2021-12-25 20:00:00,2021-12-28 20:00:00,Delivery,Social,Medium,AGT-240,Resolved,2.0
TKT-0004395,CUS-003544,2020-04-26 18:00:00,2020-05-01 06:00:00,Product Quality,Social,Critical,AGT-083,Closed,3.0
TKT-0004396,CUS-008610,2023-12-08 07:00:00,2023-12-10 05:00:00,Payment,Phone,Low,AGT-086,Closed,
TKT-0004397,CUS-006862,2021-07-21 08:00:00,,Account,Email,Medium,AGT-051,Open,
TKT-0004398,CUS-008465,2020-10-30 19:00:00,2020-11-03 14:00:00,Returns,Email,Low,AGT-182,Closed,5.0
TKT-0004399,CUS-006879,2023-05-16 14:00:00,2023-05-19 15:00:00,Delivery,Chat,Medium,AGT-031,Closed,3.0
TKT-0004400,CUS-010162,2025-04-28 12:00:00,2025-05-03 04:00:00,Payment,Chat,Medium,AGT-093,Closed,5.0
TKT-0004401,CUS-001241,2021-04-13 23:00:00,2021-04-18 11:00:00,Returns,Chat,Low,AGT-207,Resolved,4.0
TKT-0004402,CUS-006778,2025-03-11 04:00:00,2025-03-14 15:00:00,Returns,Email,Medium,AGT-195,Resolved,5.0
TKT-0004403,CUS-005951,2020-12-07 16:00:00,2020-12-10 16:00:00,Account,Phone,Medium,AGT-202,Resolved,
TKT-0004404,CUS-010207,2024-08-11 04:00:00,,Product Quality,Chat,High,AGT-246,Open,
TKT-0004405,CUS-005486,2025-09-16 20:00:00,2025-09-19 20:00:00,Delivery,Social,Medium,AGT-195,Resolved,5.0
TKT-0004406,CUS-004429,2026-03-02 10:00:00,2026-03-06 04:00:00,Payment,Email,Low,AGT-293,Resolved,5.0
TKT-0004407,CUS-009382,2020-09-19 20:00:00,2020-09-20 14:00:00,Product Quality,Store,Low,AGT-265,Resolved,
TKT-0004408,CUS-011089,2024-06-23 12:00:00,2024-06-27 12:00:00,Product Quality,Social,Medium,AGT-068,Resolved,3.0
TKT-0004409,CUS-011876,2024-10-05 18:00:00,2024-10-08 22:00:00,Delivery,Chat,Low,AGT-098,Closed,
TKT-0004410,CUS-008231,2021-07-28 02:00:00,2021-07-28 09:00:00,Delivery,Social,Low,AGT-151,Closed,5.0
TKT-0004411,CUS-000213,2025-04-17 15:00:00,2025-04-21 09:00:00,Returns,Store,Medium,AGT-207,Resolved,5.0
TKT-0004412,CUS-010633,2023-07-04 12:00:00,2023-07-09 10:00:00,Delivery,Store,Medium,AGT-079,Resolved,
TKT-0004413,CUS-009437,2021-01-29 11:00:00,,Technical,Social,Medium,AGT-104,Open,
TKT-0004414,CUS-003350,2023-12-26 19:00:00,2023-12-30 17:00:00,Delivery,Store,High,AGT-229,Resolved,4.0
TKT-0004415,CUS-000011,2025-05-19 03:00:00,2025-05-19 16:00:00,Delivery,Store,High,AGT-223,Resolved,4.0
TKT-0004416,CUS-006437,2023-01-03 15:00:00,2023-01-03 18:00:00,Promotion,Chat,High,AGT-087,Closed,5.0
TKT-0004417,CUS-004547,2020-05-08 14:00:00,2020-05-12 00:00:00,Product Quality,Social,High,AGT-245,Resolved,
TKT-0004418,CUS-006277,2021-02-15 13:00:00,2021-02-17 16:00:00,Product Quality,Social,Low,AGT-341,Resolved,4.0
TKT-0004419,CUS-007724,2020-08-31 21:00:00,2020-09-05 12:00:00,Delivery,Email,Low,AGT-264,Closed,5.0
TKT-0004420,CUS-010450,2024-08-20 06:00:00,2024-08-21 21:00:00,Delivery,Phone,Medium,AGT-076,Resolved,2.0
TKT-0004421,CUS-009594,2023-11-17 22:00:00,2023-11-19 00:00:00,Technical,Social,High,AGT-094,Resolved,5.0
TKT-0004422,CUS-010070,2024-03-12 13:00:00,2024-03-13 02:00:00,Account,Email,Critical,AGT-305,Resolved,
TKT-0004423,CUS-006403,2024-02-08 02:00:00,,Delivery,Chat,Medium,AGT-158,Open,
TKT-0004424,CUS-007476,2024-06-03 23:00:00,2024-06-05 03:00:00,Delivery,Store,Medium,AGT-248,Resolved,5.0
TKT-0004425,CUS-009840,2020-05-10 23:00:00,2020-05-14 06:00:00,Product Quality,Social,High,AGT-030,Resolved,3.0
TKT-0004426,CUS-004111,2023-03-31 04:00:00,2023-04-04 18:00:00,Payment,Phone,Medium,AGT-178,Resolved,5.0
TKT-0004427,CUS-010760,2021-07-24 15:00:00,2021-07-27 09:00:00,Returns,Email,Medium,AGT-007,Resolved,5.0
TKT-0004428,CUS-005754,2023-02-22 07:00:00,2023-02-25 14:00:00,Returns,Store,High,AGT-182,Resolved,4.0
TKT-0004429,CUS-010860,2020-08-17 15:00:00,2020-08-20 04:00:00,Returns,Email,Medium,AGT-006,Resolved,4.0
TKT-0004430,CUS-002193,2022-05-27 05:00:00,2022-05-31 22:00:00,Payment,Social,High,AGT-314,Resolved,4.0
TKT-0004431,CUS-006617,2022-09-15 23:00:00,2022-09-18 21:00:00,Returns,Chat,Medium,AGT-331,Resolved,
TKT-0004432,CUS-010903,2023-07-24 21:00:00,2023-07-29 14:00:00,Technical,Social,Medium,AGT-217,Resolved,
TKT-0004433,CUS-002005,2020-03-19 21:00:00,2020-03-24 04:00:00,Delivery,Email,Medium,AGT-263,Resolved,4.0
TKT-0004434,CUS-008762,2025-10-09 03:00:00,2025-10-09 10:00:00,Product Quality,Chat,Low,AGT-089,Resolved,2.0
TKT-0004435,CUS-001683,2025-07-30 10:00:00,2025-08-04 00:00:00,Returns,Phone,Medium,AGT-228,Resolved,
TKT-0004436,CUS-004284,2022-08-05 20:00:00,2022-08-09 14:00:00,Payment,Social,Medium,AGT-209,Resolved,
TKT-0004437,CUS-006015,2020-07-04 04:00:00,2020-07-06 13:00:00,Returns,Phone,Medium,AGT-311,Resolved,
TKT-0004438,CUS-000413,2025-09-09 20:00:00,2025-09-12 20:00:00,Promotion,Email,Medium,AGT-287,Resolved,3.0
TKT-0004439,CUS-008755,2022-02-15 10:00:00,2022-02-18 01:00:00,Promotion,Social,Low,AGT-101,Resolved,3.0
TKT-0004440,CUS-000094,2022-06-23 10:00:00,2022-06-25 05:00:00,Payment,Store,Medium,AGT-301,Resolved,3.0
TKT-0004441,CUS-010258,2022-02-05 11:00:00,2022-02-06 01:00:00,Returns,Chat,Medium,AGT-273,Resolved,5.0
TKT-0004442,CUS-006689,2023-05-17 07:00:00,2023-05-18 10:00:00,Delivery,Phone,Low,AGT-347,Resolved,4.0
TKT-0004443,CUS-007327,2025-01-23 13:00:00,2025-01-28 04:00:00,Product Quality,Phone,Medium,AGT-045,Resolved,4.0
TKT-0004444,CUS-004422,2024-08-24 09:00:00,2024-08-26 23:00:00,Product Quality,Social,Low,AGT-327,Closed,
TKT-0004445,CUS-001077,2025-04-28 14:00:00,2025-05-01 15:00:00,Delivery,Chat,High,AGT-191,Resolved,5.0
TKT-0004446,CUS-006379,2020-07-19 16:00:00,2020-07-21 21:00:00,Delivery,Store,Medium,AGT-298,Resolved,
TKT-0004447,CUS-004568,2022-03-06 08:00:00,2022-03-11 01:00:00,Account,Chat,Medium,AGT-062,Closed,5.0
TKT-0004448,CUS-010919,2024-08-22 14:00:00,2024-08-24 16:00:00,Account,Store,High,AGT-121,Resolved,5.0
TKT-0004449,CUS-003644,2020-10-31 18:00:00,2020-11-04 15:00:00,Product Quality,Phone,Medium,AGT-180,Resolved,5.0
TKT-0004450,CUS-001910,2024-10-13 02:00:00,2024-10-16 09:00:00,Product Quality,Email,High,AGT-057,Resolved,1.0
TKT-0004451,CUS-002860,2021-11-18 02:00:00,2021-11-22 19:00:00,Delivery,Email,High,AGT-093,Closed,
TKT-0004452,CUS-002567,2021-02-07 04:00:00,2021-02-10 05:00:00,Payment,Email,Low,AGT-054,Resolved,4.0
TKT-0004453,CUS-009540,2023-04-23 16:00:00,2023-04-28 08:00:00,Product Quality,Chat,Low,AGT-172,Resolved,3.0
TKT-0004454,CUS-001115,2022-12-25 16:00:00,2022-12-26 11:00:00,Promotion,Social,Low,AGT-348,Closed,5.0
TKT-0004455,CUS-006618,2021-11-18 10:00:00,2021-11-22 01:00:00,Account,Phone,Low,AGT-145,Closed,3.0
TKT-0004456,CUS-004809,2023-10-03 07:00:00,2023-10-07 14:00:00,Returns,Chat,High,AGT-272,Resolved,
TKT-0004457,CUS-007906,2022-05-04 09:00:00,2022-05-06 03:00:00,Product Quality,Phone,Low,AGT-054,Closed,4.0
TKT-0004458,CUS-001638,2025-01-29 18:00:00,2025-01-31 22:00:00,Payment,Email,Low,AGT-295,Resolved,5.0
TKT-0004459,CUS-010043,2020-11-02 08:00:00,2020-11-04 11:00:00,Product Quality,Store,Medium,AGT-143,Resolved,
TKT-0004460,CUS-001384,2025-12-26 09:00:00,2025-12-28 20:00:00,Product Quality,Store,Medium,AGT-014,Resolved,4.0
TKT-0004461,CUS-011983,2022-11-27 02:00:00,2022-11-28 16:00:00,Technical,Email,High,AGT-321,Resolved,3.0
TKT-0004462,CUS-010714,2024-08-07 01:00:00,2024-08-11 00:00:00,Returns,Social,High,AGT-341,Resolved,5.0
TKT-0004463,CUS-001629,2020-09-10 10:00:00,2020-09-11 17:00:00,Returns,Email,Medium,AGT-106,Closed,5.0
TKT-0004464,CUS-002379,2022-07-02 19:00:00,2022-07-05 15:00:00,Product Quality,Phone,Low,AGT-258,Resolved,
TKT-0004465,CUS-002323,2021-10-15 13:00:00,2021-10-19 02:00:00,Account,Chat,Medium,AGT-063,Resolved,4.0
TKT-0004466,CUS-009655,2024-10-29 19:00:00,2024-11-03 18:00:00,Account,Social,Low,AGT-288,Resolved,
TKT-0004467,CUS-008337,2024-07-16 04:00:00,2024-07-17 08:00:00,Product Quality,Store,Medium,AGT-088,Resolved,4.0
TKT-0004468,CUS-003978,2021-05-05 22:00:00,,Technical,Email,Medium,AGT-048,Open,
TKT-0004469,CUS-004070,2021-01-05 17:00:00,2021-01-10 01:00:00,Delivery,Social,Medium,AGT-120,Resolved,5.0
TKT-0004470,CUS-009527,2023-08-27 16:00:00,2023-09-01 11:00:00,Returns,Phone,Medium,AGT-207,Resolved,3.0
TKT-0004471,CUS-001375,2023-04-04 00:00:00,2023-04-08 21:00:00,Delivery,Social,Low,AGT-130,Resolved,1.0
TKT-0004472,CUS-001865,2021-05-04 23:00:00,,Returns,Email,High,AGT-329,Open,
TKT-0004473,CUS-003411,2020-03-07 12:00:00,2020-03-11 09:00:00,Technical,Chat,Medium,AGT-256,Resolved,
TKT-0004474,CUS-008109,2023-03-26 03:00:00,2023-03-27 10:00:00,Returns,Store,Low,AGT-217,Resolved,3.0
TKT-0004475,CUS-010115,2026-01-25 05:00:00,2026-01-29 16:00:00,Returns,Store,Low,AGT-210,Closed,
TKT-0004476,CUS-003169,2021-10-21 04:00:00,2021-10-23 11:00:00,Returns,Phone,Medium,AGT-137,Resolved,3.0
TKT-0004477,CUS-004710,2020-12-06 13:00:00,2020-12-06 18:00:00,Delivery,Phone,Medium,AGT-168,Resolved,
TKT-0004478,CUS-005545,2023-07-22 17:00:00,2023-07-23 14:00:00,Technical,Email,Medium,AGT-022,Resolved,5.0
TKT-0004479,CUS-005392,2025-11-21 15:00:00,2025-11-25 10:00:00,Technical,Social,High,AGT-058,Resolved,
TKT-0004480,CUS-011362,2023-07-09 14:00:00,2023-07-13 16:00:00,Technical,Store,Medium,AGT-286,Resolved,
TKT-0004481,CUS-007739,2020-10-13 09:00:00,2020-10-17 07:00:00,Delivery,Phone,High,AGT-286,Resolved,1.0
TKT-0004482,CUS-008171,2021-05-18 01:00:00,2021-05-22 20:00:00,Delivery,Store,Low,AGT-270,Resolved,3.0
TKT-0004483,CUS-011882,2026-08-26 05:00:00,2026-08-29 21:00:00,Returns,Chat,High,AGT-255,Resolved,5.0
TKT-0004484,CUS-010629,2024-08-29 21:00:00,2024-08-31 13:00:00,Payment,Phone,High,AGT-250,Resolved,4.0
TKT-0004485,CUS-001916,2026-04-28 23:00:00,2026-05-03 03:00:00,Delivery,Social,Medium,AGT-049,Resolved,2.0
TKT-0004486,CUS-001420,2020-08-13 23:00:00,2020-08-17 20:00:00,Delivery,Email,Medium,AGT-227,Closed,5.0
TKT-0004487,CUS-011094,2020-07-28 17:00:00,,Returns,Email,Low,AGT-092,Open,
TKT-0004488,CUS-005029,2026-01-29 06:00:00,2026-01-30 19:00:00,Delivery,Chat,Critical,AGT-104,Resolved,2.0
TKT-0004489,CUS-008548,2024-11-04 22:00:00,2024-11-06 16:00:00,Payment,Phone,Low,AGT-323,Resolved,
TKT-0004490,CUS-006739,2024-10-28 19:00:00,2024-10-30 20:00:00,Product Quality,Email,Low,AGT-127,Resolved,
TKT-0004491,CUS-002602,2025-08-03 02:00:00,2025-08-04 17:00:00,Returns,Phone,Low,AGT-261,Resolved,
TKT-0004492,CUS-007004,2020-11-10 11:00:00,2020-11-13 17:00:00,Delivery,Store,Low,AGT-021,Resolved,
TKT-0004493,CUS-008074,2020-05-15 08:00:00,2020-05-15 14:00:00,Delivery,Phone,High,AGT-128,Resolved,4.0
TKT-0004494,CUS-010702,2023-01-25 15:00:00,,Payment,Email,Medium,AGT-074,Open,
TKT-0004495,CUS-003238,2026-06-23 22:00:00,2026-06-24 22:00:00,Returns,Email,Low,AGT-301,Resolved,3.0
TKT-0004496,CUS-001136,2020-03-25 19:00:00,,Account,Social,Medium,AGT-301,Open,
TKT-0004497,CUS-001977,2024-12-22 16:00:00,2024-12-25 00:00:00,Delivery,Chat,Critical,AGT-073,Closed,5.0
TKT-0004498,CUS-010667,2020-06-12 15:00:00,2020-06-12 20:00:00,Returns,Phone,Low,AGT-302,Closed,5.0
TKT-0004499,CUS-006476,2024-03-22 13:00:00,2024-03-23 10:00:00,Promotion,Email,High,AGT-096,Resolved,5.0
TKT-0004500,CUS-004735,2021-12-08 15:00:00,2021-12-08 23:00:00,Promotion,Email,Low,AGT-307,Resolved,4.0
TKT-0004501,CUS-011877,2020-12-16 13:00:00,2020-12-16 18:00:00,Technical,Store,Medium,AGT-087,Closed,
TKT-0004502,CUS-009662,2023-12-30 15:00:00,2024-01-03 23:00:00,Returns,Social,Low,AGT-179,Resolved,
TKT-0004503,CUS-007179,2025-06-03 11:00:00,2025-06-07 10:00:00,Delivery,Email,Medium,AGT-256,Resolved,4.0
TKT-0004504,CUS-010576,2024-08-04 00:00:00,2024-08-06 08:00:00,Promotion,Store,Medium,AGT-328,Resolved,3.0
TKT-0004505,CUS-010801,2024-07-16 12:00:00,2024-07-17 17:00:00,Returns,Phone,Low,AGT-107,Closed,4.0
TKT-0004506,CUS-005446,2024-05-29 16:00:00,,Technical,Social,Medium,AGT-175,Open,
TKT-0004507,CUS-002041,2020-01-06 16:00:00,2020-01-07 20:00:00,Payment,Social,High,AGT-166,Resolved,3.0
TKT-0004508,CUS-009786,2026-08-22 07:00:00,2026-08-26 06:00:00,Technical,Phone,High,AGT-235,Resolved,5.0
TKT-0004509,CUS-000589,2023-11-23 00:00:00,2023-11-27 22:00:00,Returns,Chat,Low,AGT-005,Closed,3.0
TKT-0004510,CUS-009104,2021-01-10 08:00:00,2021-01-13 20:00:00,Technical,Phone,Low,AGT-184,Resolved,1.0
TKT-0004511,CUS-003634,2023-10-19 03:00:00,2023-10-19 16:00:00,Account,Social,Medium,AGT-120,Resolved,
TKT-0004512,CUS-002153,2022-01-30 17:00:00,2022-02-04 12:00:00,Delivery,Social,Medium,AGT-329,Resolved,
TKT-0004513,CUS-007985,2020-05-27 01:00:00,,Account,Phone,Low,AGT-117,Open,
TKT-0004514,CUS-003644,2024-07-14 23:00:00,2024-07-19 21:00:00,Product Quality,Email,High,AGT-007,Resolved,5.0
TKT-0004515,CUS-006725,2023-09-28 02:00:00,2023-09-28 19:00:00,Technical,Store,High,AGT-332,Closed,5.0
TKT-0004516,CUS-005606,2023-04-05 14:00:00,2023-04-07 04:00:00,Account,Chat,Low,AGT-300,Resolved,4.0
TKT-0004517,CUS-004578,2025-07-18 14:00:00,2025-07-23 08:00:00,Product Quality,Social,High,AGT-003,Resolved,5.0
TKT-0004518,CUS-006174,2022-09-12 23:00:00,2022-09-16 04:00:00,Promotion,Store,High,AGT-156,Resolved,
TKT-0004519,CUS-011955,2020-01-02 11:00:00,2020-01-05 19:00:00,Returns,Chat,Critical,AGT-253,Closed,5.0
TKT-0004520,CUS-006610,2021-08-16 19:00:00,2021-08-18 08:00:00,Payment,Email,Low,AGT-167,Closed,
TKT-0004521,CUS-010356,2023-01-31 09:00:00,2023-02-03 16:00:00,Promotion,Chat,Medium,AGT-290,Resolved,
TKT-0004522,CUS-000477,2024-05-22 14:00:00,2024-05-26 12:00:00,Promotion,Phone,High,AGT-328,Closed,
TKT-0004523,CUS-007512,2023-01-07 14:00:00,2023-01-09 09:00:00,Product Quality,Email,Medium,AGT-220,Resolved,
TKT-0004524,CUS-008792,2020-11-19 04:00:00,2020-11-23 04:00:00,Delivery,Social,Low,AGT-168,Resolved,3.0
TKT-0004525,CUS-001927,2025-10-07 15:00:00,2025-10-07 17:00:00,Account,Chat,Low,AGT-119,Resolved,5.0
TKT-0004526,CUS-005549,2024-02-04 10:00:00,2024-02-09 04:00:00,Payment,Store,Medium,AGT-069,Closed,
TKT-0004527,CUS-001112,2025-10-31 13:00:00,2025-11-01 08:00:00,Technical,Email,Medium,AGT-315,Resolved,
TKT-0004528,CUS-006693,2026-08-05 06:00:00,2026-08-06 02:00:00,Delivery,Chat,Low,AGT-099,Resolved,4.0
TKT-0004529,CUS-010854,2020-01-12 02:00:00,2020-01-15 23:00:00,Promotion,Email,Low,AGT-021,Closed,
TKT-0004530,CUS-011980,2024-04-19 13:00:00,,Payment,Phone,Low,AGT-304,Open,
TKT-0004531,CUS-009825,2020-04-09 05:00:00,,Delivery,Store,Medium,AGT-240,Open,
TKT-0004532,CUS-003910,2024-08-30 04:00:00,2024-09-01 12:00:00,Product Quality,Store,Medium,AGT-005,Resolved,
TKT-0004533,CUS-005351,2024-11-13 18:00:00,2024-11-15 14:00:00,Payment,Social,High,AGT-289,Resolved,4.0
TKT-0004534,CUS-010232,2021-03-31 19:00:00,,Account,Phone,Low,AGT-304,Open,
TKT-0004535,CUS-008283,2021-07-05 03:00:00,2021-07-09 06:00:00,Returns,Chat,Low,AGT-278,Resolved,
TKT-0004536,CUS-009043,2021-07-21 16:00:00,2021-07-22 05:00:00,Product Quality,Social,Low,AGT-257,Resolved,
TKT-0004537,CUS-001576,2022-11-19 16:00:00,2022-11-21 23:00:00,Returns,Social,Low,AGT-063,Resolved,4.0
TKT-0004538,CUS-001448,2024-03-20 10:00:00,2024-03-21 19:00:00,Payment,Social,High,AGT-067,Resolved,2.0
TKT-0004539,CUS-011687,2020-07-18 06:00:00,2020-07-22 01:00:00,Returns,Chat,Critical,AGT-170,Resolved,3.0
TKT-0004540,CUS-007776,2025-02-07 02:00:00,2025-02-10 13:00:00,Delivery,Store,Medium,AGT-088,Resolved,3.0
TKT-0004541,CUS-009394,2022-07-16 02:00:00,2022-07-17 12:00:00,Product Quality,Store,Low,AGT-136,Resolved,5.0
TKT-0004542,CUS-010637,2026-05-20 19:00:00,2026-05-23 17:00:00,Product Quality,Store,High,AGT-152,Resolved,3.0
TKT-0004543,CUS-010295,2020-08-12 05:00:00,2020-08-12 17:00:00,Product Quality,Phone,Medium,AGT-256,Resolved,
TKT-0004544,CUS-009723,2024-06-06 23:00:00,2024-06-09 15:00:00,Product Quality,Email,Low,AGT-207,Resolved,2.0
TKT-0004545,CUS-001511,2023-06-18 07:00:00,2023-06-23 05:00:00,Payment,Email,Medium,AGT-017,Closed,3.0
TKT-0004546,CUS-000137,2023-12-16 18:00:00,2023-12-21 09:00:00,Returns,Phone,Low,AGT-230,Closed,3.0
TKT-0004547,CUS-009468,2022-04-13 15:00:00,2022-04-14 22:00:00,Promotion,Phone,Low,AGT-153,Resolved,
TKT-0004548,CUS-000785,2026-05-19 02:00:00,2026-05-23 07:00:00,Returns,Phone,Medium,AGT-211,Resolved,4.0
TKT-0004549,CUS-011983,2025-04-20 06:00:00,2025-04-25 01:00:00,Delivery,Social,Medium,AGT-206,Resolved,3.0
TKT-0004550,CUS-001931,2020-12-29 23:00:00,2021-01-01 03:00:00,Promotion,Chat,High,AGT-099,Resolved,
TKT-0004551,CUS-008154,2023-07-31 06:00:00,2023-08-05 00:00:00,Payment,Email,High,AGT-230,Resolved,5.0
TKT-0004552,CUS-009666,2020-12-04 04:00:00,2020-12-07 14:00:00,Payment,Phone,Medium,AGT-161,Resolved,
TKT-0004553,CUS-006776,2023-06-25 19:00:00,2023-06-29 18:00:00,Product Quality,Store,Low,AGT-086,Resolved,5.0
TKT-0004554,CUS-011711,2021-08-10 11:00:00,2021-08-11 18:00:00,Promotion,Store,Low,AGT-318,Resolved,5.0
TKT-0004555,CUS-005597,2023-12-09 01:00:00,2023-12-09 14:00:00,Product Quality,Phone,Low,AGT-033,Resolved,4.0
TKT-0004556,CUS-005337,2026-03-14 21:00:00,2026-03-16 05:00:00,Returns,Social,High,AGT-165,Resolved,4.0
TKT-0004557,CUS-007367,2025-07-04 10:00:00,2025-07-07 16:00:00,Payment,Chat,Low,AGT-139,Resolved,4.0
TKT-0004558,CUS-008769,2024-12-10 13:00:00,2024-12-11 20:00:00,Product Quality,Chat,Low,AGT-185,Closed,
TKT-0004559,CUS-007661,2025-10-08 00:00:00,2025-10-09 15:00:00,Returns,Social,Low,AGT-138,Resolved,
TKT-0004560,CUS-006072,2026-03-03 18:00:00,2026-03-04 13:00:00,Returns,Phone,Medium,AGT-004,Resolved,3.0
TKT-0004561,CUS-002700,2020-03-16 21:00:00,2020-03-20 21:00:00,Delivery,Phone,Low,AGT-213,Closed,5.0
TKT-0004562,CUS-000233,2024-10-04 10:00:00,2024-10-06 08:00:00,Account,Store,High,AGT-156,Resolved,
TKT-0004563,CUS-007442,2021-03-03 01:00:00,,Returns,Chat,Medium,AGT-144,Open,
TKT-0004564,CUS-002648,2026-01-02 23:00:00,2026-01-03 06:00:00,Product Quality,Phone,Medium,AGT-139,Resolved,
TKT-0004565,CUS-004584,2023-01-23 05:00:00,2023-01-27 02:00:00,Returns,Social,Medium,AGT-334,Resolved,2.0
TKT-0004566,CUS-011203,2024-01-05 12:00:00,2024-01-06 08:00:00,Returns,Email,Medium,AGT-067,Resolved,
TKT-0004567,CUS-001911,2026-01-01 17:00:00,2026-01-03 07:00:00,Technical,Store,Low,AGT-024,Resolved,4.0
TKT-0004568,CUS-004685,2026-08-25 13:00:00,2026-08-27 18:00:00,Delivery,Chat,Medium,AGT-303,Closed,1.0
TKT-0004569,CUS-011256,2026-07-12 01:00:00,2026-07-14 14:00:00,Returns,Store,Low,AGT-047,Resolved,
TKT-0004570,CUS-010799,2022-08-27 06:00:00,2022-08-27 11:00:00,Delivery,Chat,High,AGT-002,Resolved,3.0
TKT-0004571,CUS-000892,2021-07-23 00:00:00,2021-07-26 19:00:00,Delivery,Email,High,AGT-122,Closed,
TKT-0004572,CUS-007436,2024-12-29 07:00:00,2025-01-01 12:00:00,Technical,Chat,Medium,AGT-022,Closed,4.0
TKT-0004573,CUS-002947,2023-09-11 14:00:00,2023-09-15 17:00:00,Payment,Email,Low,AGT-298,Resolved,
TKT-0004574,CUS-006669,2023-12-15 22:00:00,,Delivery,Store,High,AGT-194,Open,
TKT-0004575,CUS-007848,2021-03-08 08:00:00,,Returns,Chat,Medium,AGT-035,Open,
TKT-0004576,CUS-011110,2025-12-11 00:00:00,2025-12-11 21:00:00,Delivery,Social,High,AGT-090,Resolved,
TKT-0004577,CUS-002821,2020-12-08 06:00:00,2020-12-13 03:00:00,Payment,Phone,Low,AGT-317,Closed,
TKT-0004578,CUS-005688,2022-12-03 17:00:00,2022-12-06 20:00:00,Delivery,Social,Medium,AGT-177,Resolved,5.0
TKT-0004579,CUS-006379,2022-08-12 07:00:00,2022-08-15 23:00:00,Returns,Store,Low,AGT-309,Resolved,5.0
TKT-0004580,CUS-003407,2024-06-05 03:00:00,2024-06-06 04:00:00,Payment,Store,Low,AGT-038,Resolved,4.0
TKT-0004581,CUS-003958,2021-09-02 00:00:00,2021-09-04 05:00:00,Delivery,Social,Medium,AGT-143,Closed,
TKT-0004582,CUS-001119,2024-11-22 08:00:00,2024-11-22 23:00:00,Product Quality,Chat,Low,AGT-106,Closed,4.0
TKT-0004583,CUS-002078,2022-02-03 19:00:00,2022-02-05 19:00:00,Delivery,Social,Medium,AGT-150,Resolved,3.0
TKT-0004584,CUS-011636,2023-10-22 03:00:00,2023-10-25 14:00:00,Delivery,Store,Medium,AGT-301,Resolved,5.0
TKT-0004585,CUS-011966,2023-04-17 10:00:00,2023-04-18 05:00:00,Promotion,Chat,Medium,AGT-339,Resolved,3.0
TKT-0004586,CUS-007089,2025-08-12 02:00:00,2025-08-16 14:00:00,Delivery,Social,Medium,AGT-344,Resolved,
TKT-0004587,CUS-011480,2022-08-11 08:00:00,2022-08-16 01:00:00,Returns,Social,Low,AGT-181,Closed,
TKT-0004588,CUS-008693,2020-12-02 09:00:00,2020-12-05 08:00:00,Payment,Phone,Medium,AGT-058,Closed,5.0
TKT-0004589,CUS-002311,2026-01-31 10:00:00,2026-02-05 09:00:00,Returns,Email,Low,AGT-070,Resolved,
TKT-0004590,CUS-009615,2021-11-15 12:00:00,2021-11-16 19:00:00,Delivery,Store,Low,AGT-247,Closed,
TKT-0004591,CUS-000575,2020-11-24 08:00:00,2020-11-26 01:00:00,Promotion,Chat,Low,AGT-022,Resolved,
TKT-0004592,CUS-005128,2021-05-07 05:00:00,2021-05-07 09:00:00,Payment,Chat,Medium,AGT-323,Resolved,1.0
TKT-0004593,CUS-007729,2023-05-31 20:00:00,2023-06-03 03:00:00,Delivery,Social,Low,AGT-122,Resolved,
TKT-0004594,CUS-004233,2021-06-23 09:00:00,,Technical,Chat,High,AGT-061,Open,
TKT-0004595,CUS-008044,2025-09-27 18:00:00,2025-09-30 20:00:00,Returns,Chat,Medium,AGT-125,Resolved,4.0
TKT-0004596,CUS-008514,2021-05-26 14:00:00,2021-05-31 09:00:00,Returns,Social,Medium,AGT-113,Resolved,
TKT-0004597,CUS-010409,2026-04-20 19:00:00,2026-04-23 05:00:00,Promotion,Phone,Low,AGT-347,Resolved,
TKT-0004598,CUS-005328,2020-06-17 00:00:00,2020-06-18 12:00:00,Payment,Email,Low,AGT-012,Resolved,
TKT-0004599,CUS-004191,2021-10-02 15:00:00,2021-10-06 12:00:00,Delivery,Phone,Medium,AGT-323,Resolved,4.0
TKT-0004600,CUS-004910,2024-01-15 14:00:00,2024-01-15 19:00:00,Delivery,Chat,Low,AGT-318,Resolved,
TKT-0004601,CUS-006504,2026-01-31 14:00:00,2026-02-02 09:00:00,Delivery,Phone,Medium,AGT-343,Resolved,4.0
TKT-0004602,CUS-008251,2025-12-11 00:00:00,2025-12-11 19:00:00,Product Quality,Social,Medium,AGT-160,Resolved,3.0
TKT-0004603,CUS-002613,2024-03-09 23:00:00,,Promotion,Social,Medium,AGT-282,Open,
TKT-0004604,CUS-006111,2020-11-21 16:00:00,2020-11-24 17:00:00,Product Quality,Chat,Low,AGT-269,Closed,3.0
TKT-0004605,CUS-002005,2021-04-04 02:00:00,2021-04-07 17:00:00,Product Quality,Social,Low,AGT-119,Resolved,5.0
TKT-0004606,CUS-006733,2020-10-24 08:00:00,2020-10-25 14:00:00,Payment,Social,Medium,AGT-299,Resolved,
TKT-0004607,CUS-006196,2024-12-19 17:00:00,2024-12-20 05:00:00,Technical,Social,High,AGT-009,Closed,
TKT-0004608,CUS-003708,2021-12-21 12:00:00,,Product Quality,Store,Low,AGT-340,Open,
TKT-0004609,CUS-009262,2022-07-30 16:00:00,2022-08-02 03:00:00,Delivery,Email,Medium,AGT-270,Resolved,4.0
TKT-0004610,CUS-009796,2020-12-19 07:00:00,2020-12-20 10:00:00,Product Quality,Store,Low,AGT-104,Resolved,
TKT-0004611,CUS-009302,2022-10-23 04:00:00,2022-10-24 21:00:00,Delivery,Social,Medium,AGT-116,Resolved,5.0
TKT-0004612,CUS-001053,2022-06-03 15:00:00,2022-06-05 14:00:00,Returns,Chat,Medium,AGT-343,Resolved,3.0
TKT-0004613,CUS-006653,2024-04-22 04:00:00,2024-04-27 02:00:00,Product Quality,Chat,Medium,AGT-017,Resolved,
TKT-0004614,CUS-003267,2025-05-26 22:00:00,2025-05-29 10:00:00,Returns,Chat,Medium,AGT-263,Resolved,3.0
TKT-0004615,CUS-002628,2021-02-20 11:00:00,2021-02-21 12:00:00,Returns,Phone,High,AGT-137,Resolved,5.0
TKT-0004616,CUS-004377,2024-04-04 16:00:00,2024-04-06 04:00:00,Returns,Store,High,AGT-130,Resolved,4.0
TKT-0004617,CUS-007060,2025-11-23 13:00:00,2025-11-23 14:00:00,Product Quality,Store,High,AGT-106,Resolved,
TKT-0004618,CUS-005029,2022-03-04 11:00:00,2022-03-07 01:00:00,Returns,Email,High,AGT-075,Resolved,2.0
TKT-0004619,CUS-010210,2023-02-22 23:00:00,2023-02-25 17:00:00,Delivery,Phone,Medium,AGT-013,Resolved,
TKT-0004620,CUS-010694,2023-03-07 06:00:00,2023-03-07 12:00:00,Delivery,Email,Low,AGT-239,Resolved,3.0
TKT-0004621,CUS-004343,2020-04-15 21:00:00,2020-04-19 16:00:00,Delivery,Email,Medium,AGT-177,Resolved,3.0
TKT-0004622,CUS-010066,2024-11-01 03:00:00,2024-11-04 07:00:00,Product Quality,Social,Medium,AGT-239,Resolved,
TKT-0004623,CUS-007945,2024-05-19 13:00:00,2024-05-21 23:00:00,Product Quality,Store,High,AGT-171,Resolved,5.0
TKT-0004624,CUS-007420,2024-03-07 15:00:00,2024-03-10 14:00:00,Delivery,Phone,Low,AGT-043,Closed,3.0
TKT-0004625,CUS-004416,2021-07-27 22:00:00,2021-08-01 21:00:00,Returns,Social,Medium,AGT-059,Resolved,
TKT-0004626,CUS-001071,2021-07-07 02:00:00,2021-07-11 20:00:00,Product Quality,Email,Medium,AGT-320,Resolved,2.0
TKT-0004627,CUS-001497,2020-12-11 10:00:00,2020-12-15 12:00:00,Promotion,Chat,Low,AGT-160,Closed,2.0
TKT-0004628,CUS-010511,2023-03-09 21:00:00,2023-03-11 18:00:00,Delivery,Store,Low,AGT-349,Resolved,5.0
TKT-0004629,CUS-007011,2023-09-28 16:00:00,2023-09-29 18:00:00,Account,Phone,Low,AGT-232,Resolved,4.0
TKT-0004630,CUS-000343,2022-04-04 09:00:00,2022-04-05 16:00:00,Account,Social,Medium,AGT-007,Resolved,5.0
TKT-0004631,CUS-000883,2020-03-08 04:00:00,2020-03-12 04:00:00,Payment,Social,Medium,AGT-247,Resolved,4.0
TKT-0004632,CUS-011058,2026-08-30 20:00:00,2026-09-01 15:00:00,Delivery,Phone,Low,AGT-005,Resolved,
TKT-0004633,CUS-005764,2023-08-15 11:00:00,2023-08-18 05:00:00,Delivery,Email,Low,AGT-051,Resolved,
TKT-0004634,CUS-006538,2023-02-16 05:00:00,2023-02-16 08:00:00,Delivery,Email,Low,AGT-116,Resolved,2.0
TKT-0004635,CUS-007752,2021-05-19 14:00:00,,Promotion,Phone,Low,AGT-326,Open,
TKT-0004636,CUS-007782,2022-01-29 07:00:00,2022-02-01 14:00:00,Payment,Phone,Medium,AGT-130,Resolved,4.0
TKT-0004637,CUS-005117,2021-12-30 11:00:00,2022-01-02 07:00:00,Account,Store,High,AGT-091,Resolved,4.0
TKT-0004638,CUS-007878,2020-08-15 08:00:00,2020-08-17 14:00:00,Delivery,Store,Medium,AGT-020,Resolved,3.0
TKT-0004639,CUS-009905,2022-05-27 09:00:00,2022-05-27 22:00:00,Returns,Social,Medium,AGT-255,Resolved,5.0
TKT-0004640,CUS-002258,2026-03-16 16:00:00,2026-03-18 14:00:00,Technical,Email,Low,AGT-117,Closed,
TKT-0004641,CUS-002228,2023-12-03 06:00:00,2023-12-04 22:00:00,Promotion,Phone,Low,AGT-264,Resolved,
TKT-0004642,CUS-006764,2022-05-20 05:00:00,2022-05-23 06:00:00,Product Quality,Chat,Medium,AGT-022,Resolved,
TKT-0004643,CUS-008079,2023-01-15 13:00:00,2023-01-17 05:00:00,Delivery,Phone,Low,AGT-027,Resolved,
TKT-0004644,CUS-001825,2020-02-13 14:00:00,2020-02-14 05:00:00,Returns,Social,Medium,AGT-012,Resolved,1.0
TKT-0004645,CUS-002648,2024-01-22 02:00:00,2024-01-23 19:00:00,Payment,Chat,Low,AGT-141,Resolved,
TKT-0004646,CUS-008532,2023-01-14 18:00:00,2023-01-16 09:00:00,Returns,Store,Low,AGT-069,Closed,4.0
TKT-0004647,CUS-003477,2022-03-09 17:00:00,2022-03-11 17:00:00,Delivery,Phone,Medium,AGT-341,Resolved,5.0
TKT-0004648,CUS-000109,2026-07-13 17:00:00,2026-07-17 07:00:00,Returns,Phone,Medium,AGT-206,Resolved,4.0
TKT-0004649,CUS-003154,2024-05-09 22:00:00,2024-05-12 19:00:00,Payment,Chat,Low,AGT-137,Resolved,4.0
TKT-0004650,CUS-009639,2022-06-18 23:00:00,2022-06-21 01:00:00,Delivery,Chat,Medium,AGT-189,Closed,
TKT-0004651,CUS-006789,2023-08-18 08:00:00,2023-08-22 20:00:00,delivery,Chat,Medium,AGT-225,Resolved,
TKT-0004652,CUS-009351,2020-11-05 06:00:00,2020-11-09 08:00:00,Delivery,Phone,Medium,AGT-285,Resolved,1.0
TKT-0004653,CUS-002165,2021-09-12 22:00:00,2021-09-17 15:00:00,Delivery,Social,Medium,AGT-290,Resolved,
TKT-0004654,CUS-004915,2023-05-26 07:00:00,2023-05-31 00:00:00,Returns,Email,Low,AGT-349,Resolved,
TKT-0004655,CUS-007389,2021-03-31 11:00:00,2021-04-04 21:00:00,Technical,Social,Low,AGT-149,Resolved,4.0
TKT-0004656,CUS-001716,2024-11-17 00:00:00,,Returns,Social,Medium,AGT-209,Open,
TKT-0004657,CUS-009865,2024-10-24 18:00:00,2024-10-29 03:00:00,Delivery,Chat,High,AGT-136,Resolved,5.0
TKT-0004658,CUS-003066,2021-12-18 11:00:00,,Returns,Store,Low,AGT-057,Open,
TKT-0004659,CUS-009001,2025-06-21 10:00:00,2025-06-23 20:00:00,Delivery,Store,Medium,AGT-041,Resolved,4.0
TKT-0004660,CUS-011905,2020-04-05 23:00:00,2020-04-09 14:00:00,Product Quality,Chat,Medium,AGT-097,Resolved,5.0
TKT-0004661,CUS-011261,2020-03-25 21:00:00,2020-03-27 11:00:00,Product Quality,Store,High,AGT-319,Resolved,3.0
TKT-0004662,CUS-001961,2020-12-25 17:00:00,2020-12-29 12:00:00,Product Quality,Email,Medium,AGT-231,Closed,
TKT-0004663,CUS-002098,2025-04-16 06:00:00,2025-04-19 11:00:00,Account,Email,Low,AGT-008,Resolved,
TKT-0004664,CUS-006462,2024-10-05 17:00:00,2024-10-07 23:00:00,Technical,Social,Low,AGT-259,Resolved,5.0
TKT-0004665,CUS-002913,2024-03-18 21:00:00,2024-03-22 06:00:00,Delivery,Chat,Medium,AGT-332,Closed,4.0
TKT-0004666,CUS-008420,2026-06-23 23:00:00,2026-06-27 07:00:00,Delivery,Store,Medium,AGT-034,Resolved,4.0
TKT-0004667,CUS-007150,2024-11-26 19:00:00,2024-11-30 21:00:00,Account,Phone,High,AGT-110,Closed,5.0
TKT-0004668,CUS-004788,2020-02-26 02:00:00,2020-02-28 02:00:00,Product Quality,Chat,Medium,AGT-252,Resolved,5.0
TKT-0004669,CUS-004396,2023-11-29 19:00:00,2023-11-30 18:00:00,Delivery,Phone,Medium,AGT-260,Resolved,5.0
TKT-0004670,CUS-007415,2025-11-25 00:00:00,2025-11-29 02:00:00,Delivery,Email,Critical,AGT-215,Resolved,
TKT-0004671,CUS-011083,2022-05-19 19:00:00,2022-05-22 08:00:00,Returns,Store,Low,AGT-233,Resolved,
TKT-0004672,CUS-008170,2021-06-17 19:00:00,2021-06-22 18:00:00,Account,Chat,Medium,AGT-180,Resolved,
TKT-0004673,CUS-000324,2025-05-29 06:00:00,2025-06-01 05:00:00,Promotion,Store,Medium,AGT-165,Resolved,
TKT-0004674,CUS-009612,2025-07-25 15:00:00,2025-07-29 18:00:00,Delivery,Email,High,AGT-281,Resolved,
TKT-0004675,CUS-008500,2022-04-06 11:00:00,2022-04-10 22:00:00,Delivery,Phone,Low,AGT-088,Closed,
TKT-0004676,CUS-001328,2020-04-25 01:00:00,2020-04-29 16:00:00,Account,Email,Low,AGT-331,Resolved,
TKT-0004677,CUS-005570,2026-02-16 11:00:00,2026-02-20 15:00:00,Payment,Store,Low,AGT-306,Resolved,5.0
TKT-0004678,CUS-004756,2025-01-24 02:00:00,2025-01-25 16:00:00,Payment,Chat,Medium,AGT-076,Resolved,
TKT-0004679,CUS-000686,2020-10-15 06:00:00,2020-10-18 21:00:00,Payment,Phone,Medium,AGT-032,Closed,
TKT-0004680,CUS-011950,2025-05-15 12:00:00,2025-05-18 00:00:00,Payment,Chat,Medium,AGT-340,Resolved,3.0
TKT-0004681,CUS-002443,2022-04-28 21:00:00,2022-05-02 04:00:00,Payment,Chat,Low,AGT-038,Resolved,
TKT-0004682,CUS-006569,2021-01-10 00:00:00,2021-01-11 18:00:00,Delivery,Phone,Medium,AGT-343,Resolved,2.0
TKT-0004683,CUS-002041,2020-12-28 01:00:00,2020-12-30 20:00:00,Delivery,Phone,Low,AGT-315,Resolved,
TKT-0004684,CUS-009842,2021-09-19 13:00:00,2021-09-23 08:00:00,Returns,Phone,Low,AGT-255,Resolved,5.0
TKT-0004685,CUS-010800,2020-10-29 23:00:00,2020-10-30 11:00:00,Product Quality,Social,High,AGT-105,Closed,
TKT-0004686,CUS-008752,2025-12-21 11:00:00,2025-12-22 13:00:00,Delivery,Phone,Low,AGT-091,Closed,5.0
TKT-0004687,CUS-005181,2024-03-01 01:00:00,2024-03-05 08:00:00,Delivery,Social,Medium,AGT-287,Resolved,5.0
TKT-0004688,CUS-003572,2024-12-06 12:00:00,2024-12-07 00:00:00,Product Quality,Store,Low,AGT-267,Resolved,3.0
TKT-0004689,CUS-001129,2025-10-20 05:00:00,2025-10-24 00:00:00,Account,Store,Low,AGT-167,Resolved,3.0
TKT-0004690,CUS-009908,2021-05-03 19:00:00,2021-05-06 12:00:00,Delivery,Store,Low,AGT-091,Resolved,5.0
TKT-0004691,CUS-011807,2022-12-07 05:00:00,2022-12-09 01:00:00,Returns,Social,Medium,AGT-080,Resolved,
TKT-0004692,CUS-009649,2023-02-21 02:00:00,2023-02-24 06:00:00,Technical,Phone,Low,AGT-260,Resolved,5.0
TKT-0004693,CUS-005285,2020-07-04 18:00:00,2020-07-05 05:00:00,Returns,Social,Low,AGT-118,Resolved,
TKT-0004694,CUS-009368,2022-03-14 16:00:00,2022-03-17 10:00:00,Delivery,Store,Medium,AGT-112,Resolved,5.0
TKT-0004695,CUS-007457,2024-05-24 20:00:00,2024-05-29 11:00:00,Account,Phone,Low,AGT-052,Closed,5.0
TKT-0004696,CUS-006259,2025-01-11 08:00:00,2025-01-15 11:00:00,Technical,Store,Low,AGT-116,Resolved,5.0
TKT-0004697,CUS-004864,2022-12-18 12:00:00,2022-12-22 19:00:00,Delivery,Phone,Low,AGT-335,Resolved,
TKT-0004698,CUS-007018,2023-06-10 13:00:00,2023-06-12 16:00:00,Delivery,Store,Medium,AGT-129,Resolved,
TKT-0004699,CUS-011374,2025-04-08 01:00:00,2025-04-09 08:00:00,Account,Chat,Low,AGT-244,Resolved,
TKT-0004700,CUS-000817,2023-07-27 19:00:00,2023-07-29 12:00:00,Product Quality,Chat,High,AGT-030,Resolved,5.0
TKT-0004701,CUS-010075,2022-12-03 06:00:00,2022-12-07 22:00:00,Payment,Social,High,AGT-312,Resolved,4.0
TKT-0004702,CUS-006597,2023-09-30 12:00:00,2023-10-01 08:00:00,Delivery,Phone,Medium,AGT-288,Resolved,4.0
TKT-0004703,CUS-003000,2023-04-23 05:00:00,2023-04-25 10:00:00,Returns,Store,Medium,AGT-168,Resolved,5.0
TKT-0004704,CUS-006630,2020-03-13 06:00:00,2020-03-13 12:00:00,Delivery,Email,Medium,AGT-143,Resolved,4.0
TKT-0004705,CUS-005032,2021-07-20 15:00:00,2021-07-23 14:00:00,Product Quality,Phone,Low,AGT-073,Resolved,4.0
TKT-0004706,CUS-008170,2024-06-15 02:00:00,2024-06-15 03:00:00,Product Quality,Phone,High,AGT-084,Resolved,1.0
TKT-0004707,CUS-002612,2025-10-15 17:00:00,2025-10-19 06:00:00,Delivery,Store,Critical,AGT-326,Resolved,
TKT-0004708,CUS-004710,2020-08-22 19:00:00,,Delivery,Social,Medium,AGT-343,Open,
TKT-0004709,CUS-006465,2020-05-16 11:00:00,2020-05-19 01:00:00,Product Quality,Email,Medium,AGT-282,Resolved,4.0
TKT-0004710,CUS-010165,2022-05-27 14:00:00,2022-05-31 11:00:00,Returns,Social,Medium,AGT-222,Closed,
TKT-0004711,CUS-001540,2020-07-09 22:00:00,2020-07-12 14:00:00,Product Quality,Phone,Medium,AGT-252,Closed,5.0
TKT-0004712,CUS-006284,2023-05-25 21:00:00,2023-05-30 14:00:00,Technical,Email,Low,AGT-236,Resolved,5.0
TKT-0004713,CUS-006987,2024-09-12 17:00:00,2024-09-15 16:00:00,Delivery,Store,Medium,AGT-048,Closed,
TKT-0004714,CUS-011648,2026-06-23 04:00:00,2026-06-23 17:00:00,Delivery,Store,Low,AGT-321,Closed,5.0
TKT-0004715,CUS-010686,2026-01-02 08:00:00,2026-01-05 02:00:00,Delivery,Email,Low,AGT-195,Resolved,5.0
TKT-0004716,CUS-011134,2020-03-23 19:00:00,2020-03-27 20:00:00,Payment,Chat,Medium,AGT-223,Resolved,
TKT-0004717,CUS-001674,2022-05-05 04:00:00,2022-05-08 13:00:00,Returns,Social,Low,AGT-084,Resolved,5.0
TKT-0004718,CUS-005762,2021-04-09 03:00:00,2021-04-10 21:00:00,Account,Store,High,AGT-231,Resolved,
TKT-0004719,CUS-009622,2023-03-25 12:00:00,2023-03-29 16:00:00,Returns,Phone,Medium,AGT-117,Resolved,
TKT-0004720,CUS-007499,2023-04-14 10:00:00,2023-04-17 17:00:00,Technical,Phone,High,AGT-294,Resolved,4.0
TKT-0004721,CUS-000807,2026-05-10 23:00:00,2026-05-11 23:00:00,Promotion,Store,Low,AGT-267,Resolved,4.0
TKT-0004722,CUS-002746,2020-11-04 10:00:00,2020-11-05 07:00:00,Product Quality,Social,Low,AGT-245,Resolved,
TKT-0004723,CUS-001666,2026-05-29 05:00:00,2026-06-01 23:00:00,Delivery,Phone,Medium,AGT-318,Closed,2.0
TKT-0004724,CUS-011565,2023-05-21 01:00:00,2023-05-25 19:00:00,Payment,Social,High,AGT-155,Resolved,5.0
TKT-0004725,CUS-003305,2021-12-06 04:00:00,2021-12-07 17:00:00,Payment,Chat,Medium,AGT-304,Resolved,5.0
TKT-0004726,CUS-005839,2026-07-04 16:00:00,2026-07-05 00:00:00,Payment,Store,Medium,AGT-286,Resolved,
TKT-0004727,CUS-002752,2026-04-13 21:00:00,2026-04-18 20:00:00,Product Quality,Social,Low,AGT-343,Resolved,1.0
TKT-0004728,CUS-011524,2020-07-26 01:00:00,2020-07-29 16:00:00,Returns,Chat,High,AGT-227,Resolved,
TKT-0004729,CUS-003998,2022-12-10 10:00:00,2022-12-11 12:00:00,Payment,Chat,Low,AGT-255,Resolved,
TKT-0004730,CUS-004003,2024-04-19 07:00:00,2024-04-21 18:00:00,Delivery,Phone,Medium,AGT-262,Resolved,3.0
TKT-0004731,CUS-002433,2020-04-13 17:00:00,2020-04-15 15:00:00,Product Quality,Phone,Medium,AGT-088,Closed,5.0
TKT-0004732,CUS-000038,2023-07-05 05:00:00,2023-07-08 09:00:00,Delivery,Chat,Medium,AGT-114,Resolved,5.0
TKT-0004733,CUS-007203,2022-09-27 07:00:00,2022-10-01 12:00:00,Returns,Phone,Low,AGT-133,Resolved,
TKT-0004734,CUS-006320,2020-10-18 07:00:00,2020-10-20 09:00:00,Delivery,Store,High,AGT-318,Resolved,5.0
TKT-0004735,CUS-011519,2022-07-31 11:00:00,2022-08-01 20:00:00,Delivery,Phone,Medium,AGT-289,Resolved,4.0
TKT-0004736,CUS-009873,2024-02-13 11:00:00,2024-02-14 12:00:00,Product Quality,Phone,Medium,AGT-139,Resolved,
TKT-0004737,CUS-008656,2025-11-13 05:00:00,2025-11-17 23:00:00,Technical,Email,Low,AGT-003,Closed,
TKT-0004738,CUS-000252,2023-03-26 02:00:00,,Product Quality,Phone,Medium,AGT-185,Open,
TKT-0004739,CUS-006589,2026-03-02 00:00:00,2026-03-02 22:00:00,Returns,Phone,High,AGT-099,Resolved,4.0
TKT-0004740,CUS-006360,2024-10-03 20:00:00,2024-10-04 12:00:00,Account,Social,Medium,AGT-302,Resolved,
TKT-0004741,CUS-007157,2026-08-23 06:00:00,2026-08-24 04:00:00,Payment,Store,Medium,AGT-104,Resolved,
TKT-0004742,CUS-010394,2026-07-13 08:00:00,2026-07-15 07:00:00,Technical,Chat,Medium,AGT-248,Resolved,5.0
TKT-0004743,CUS-007776,2022-02-03 03:00:00,2022-02-06 19:00:00,Delivery,Social,High,AGT-340,Resolved,
TKT-0004744,CUS-010530,2021-09-14 05:00:00,2021-09-17 08:00:00,Returns,Chat,Medium,AGT-259,Resolved,5.0
TKT-0004745,CUS-006023,2020-10-25 15:00:00,2020-10-25 19:00:00,Promotion,Phone,Low,AGT-220,Resolved,4.0
TKT-0004746,CUS-009290,2022-07-13 16:00:00,2022-07-14 19:00:00,Delivery,Store,High,AGT-340,Resolved,
TKT-0004747,CUS-010562,2020-10-23 04:00:00,2020-10-24 16:00:00,Account,Store,Low,AGT-157,Resolved,5.0
TKT-0004748,CUS-011615,2020-02-15 11:00:00,2020-02-16 03:00:00,Returns,Social,Medium,AGT-146,Resolved,5.0
TKT-0004749,CUS-011526,2021-12-22 09:00:00,2021-12-23 01:00:00,Promotion,Chat,Low,AGT-167,Resolved,5.0
TKT-0004750,CUS-001940,2022-04-09 22:00:00,2022-04-12 04:00:00,Product Quality,Store,Medium,AGT-098,Resolved,
TKT-0004751,CUS-001431,2023-02-05 12:00:00,2023-02-08 17:00:00,Technical,Email,Medium,AGT-191,Resolved,
TKT-0004752,CUS-004384,2021-03-28 12:00:00,2021-04-01 10:00:00,Delivery,Email,Low,AGT-172,Resolved,
TKT-0004753,CUS-003331,2022-12-30 15:00:00,2022-12-31 18:00:00,Product Quality,Email,Low,AGT-060,Resolved,
TKT-0004754,CUS-008705,2023-04-23 09:00:00,,Technical,Chat,Low,AGT-272,Open,
TKT-0004755,CUS-007941,2025-05-25 11:00:00,2025-05-26 08:00:00,Delivery,Phone,Medium,AGT-196,Resolved,
TKT-0004756,CUS-002535,2026-06-06 08:00:00,2026-06-09 06:00:00,Payment,Store,High,AGT-152,Closed,
TKT-0004757,CUS-006563,2025-07-31 21:00:00,2025-08-03 02:00:00,Technical,Email,Low,AGT-058,Resolved,4.0
TKT-0004758,CUS-004909,2022-07-24 14:00:00,2022-07-29 13:00:00,Delivery,Email,Low,AGT-129,Resolved,
TKT-0004759,CUS-005212,2020-09-10 22:00:00,2020-09-15 15:00:00,Payment,Email,Low,AGT-316,Resolved,
TKT-0004760,CUS-000018,2024-06-09 08:00:00,2024-06-12 18:00:00,Product Quality,Store,Low,AGT-297,Closed,4.0
TKT-0004761,CUS-007721,2021-05-05 07:00:00,,Product Quality,Chat,High,AGT-240,Open,
TKT-0004762,CUS-008477,2024-03-13 19:00:00,2024-03-14 21:00:00,Delivery,Store,High,AGT-088,Resolved,3.0
TKT-0004763,CUS-003678,2026-07-17 15:00:00,2026-07-19 02:00:00,Returns,Social,High,AGT-294,Resolved,3.0
TKT-0004764,CUS-004274,2020-06-04 07:00:00,2020-06-05 10:00:00,Delivery,Chat,Medium,AGT-097,Resolved,
TKT-0004765,CUS-001893,2026-03-23 12:00:00,2026-03-24 10:00:00,Account,Phone,Low,AGT-024,Resolved,
TKT-0004766,CUS-005207,2023-06-06 20:00:00,2023-06-11 01:00:00,Account,Chat,Medium,AGT-106,Resolved,
TKT-0004767,CUS-005343,2020-04-15 18:00:00,2020-04-18 01:00:00,Product Quality,Chat,High,AGT-240,Resolved,4.0
TKT-0004768,CUS-004315,2023-02-17 05:00:00,2023-02-18 13:00:00,Technical,Chat,Medium,AGT-095,Closed,4.0
TKT-0004769,CUS-007350,2021-03-08 12:00:00,2021-03-11 01:00:00,Delivery,Phone,Medium,AGT-289,Resolved,5.0
TKT-0004770,CUS-005949,2021-03-08 20:00:00,2021-03-12 08:00:00,Delivery,Social,High,AGT-277,Resolved,
TKT-0004771,CUS-002701,2021-05-19 22:00:00,2021-05-21 01:00:00,Promotion,Social,High,AGT-168,Resolved,
TKT-0004772,CUS-007227,2024-04-28 06:00:00,2024-04-30 03:00:00,Delivery,Social,Low,AGT-324,Resolved,
TKT-0004773,CUS-008474,2023-08-06 23:00:00,2023-08-11 11:00:00,Returns,Store,Medium,AGT-275,Resolved,3.0
TKT-0004774,CUS-001390,2025-03-11 20:00:00,2025-03-13 17:00:00,Technical,Phone,High,AGT-278,Resolved,
TKT-0004775,CUS-009730,2020-11-11 17:00:00,2020-11-14 22:00:00,Delivery,Chat,Medium,AGT-152,Resolved,4.0
TKT-0004776,CUS-006691,2021-12-10 00:00:00,2021-12-13 21:00:00,Technical,Social,Medium,AGT-051,Resolved,
TKT-0004777,CUS-010852,2026-05-30 13:00:00,,Returns,Store,Low,AGT-041,Open,
TKT-0004778,CUS-006894,2025-06-17 11:00:00,2025-06-19 03:00:00,Returns,Email,Medium,AGT-012,Resolved,
TKT-0004779,CUS-001144,2020-09-28 13:00:00,2020-10-02 03:00:00,Delivery,Social,Medium,AGT-309,Resolved,3.0
TKT-0004780,CUS-007283,2022-09-08 09:00:00,2022-09-11 05:00:00,Product Quality,Store,Low,AGT-065,Resolved,5.0
TKT-0004781,CUS-003319,2021-07-27 12:00:00,,Account,Store,Medium,AGT-014,Open,
TKT-0004782,CUS-000792,2020-09-29 11:00:00,2020-09-29 14:00:00,Delivery,Email,High,AGT-019,Resolved,
TKT-0004783,CUS-002381,2025-07-22 19:00:00,2025-07-26 12:00:00,Payment,Store,Low,AGT-082,Resolved,
TKT-0004784,CUS-001960,2024-07-26 01:00:00,2024-07-28 20:00:00,Delivery,Store,Medium,AGT-050,Resolved,
TKT-0004785,CUS-003665,2023-12-01 07:00:00,2023-12-04 07:00:00,Product Quality,Chat,Medium,AGT-257,Resolved,4.0
TKT-0004786,CUS-002574,2026-07-28 06:00:00,2026-07-31 22:00:00,Delivery,Social,Medium,AGT-134,Resolved,4.0
TKT-0004787,CUS-009243,2023-08-03 14:00:00,2023-08-05 08:00:00,Delivery ,Email,Low,AGT-100,Closed,4.0
TKT-0004788,CUS-000432,2020-04-24 03:00:00,2020-04-26 03:00:00,Delivery,Chat,Critical,AGT-312,Resolved,
TKT-0004789,CUS-007321,2021-02-01 12:00:00,2021-02-03 22:00:00,Delivery,Store,Low,AGT-245,Resolved,3.0
TKT-0004790,CUS-000098,2022-02-13 09:00:00,2022-02-16 21:00:00,Product Quality,Chat,Critical,AGT-090,Resolved,2.0
TKT-0004791,CUS-002922,2025-03-02 17:00:00,2025-03-03 15:00:00,Payment,Email,Medium,AGT-347,Resolved,
TKT-0004792,CUS-010338,2023-09-20 16:00:00,2023-09-23 22:00:00,Technical,Email,Medium,AGT-179,Resolved,5.0
TKT-0004793,CUS-005922,2020-09-19 18:00:00,2020-09-23 05:00:00,Delivery,Store,High,AGT-169,Resolved,
TKT-0004794,CUS-008875,2020-08-25 22:00:00,,Returns,Social,Low,AGT-315,Open,
TKT-0004795,CUS-005335,2020-11-09 13:00:00,,Returns,Store,Medium,AGT-067,Open,
TKT-0004796,CUS-003282,2022-05-14 13:00:00,2022-05-15 20:00:00,Returns,Email,Low,AGT-334,Resolved,4.0
TKT-0004797,CUS-000937,2024-02-28 19:00:00,2024-03-04 09:00:00,Account,Phone,Low,AGT-177,Resolved,
TKT-0004798,CUS-003988,2024-02-21 13:00:00,2024-02-25 20:00:00,Delivery,Phone,Medium,AGT-057,Resolved,
TKT-0004799,CUS-006250,2024-04-25 07:00:00,2024-04-26 19:00:00,Delivery,Email,High,AGT-248,Closed,1.0
TKT-0004800,CUS-011817,2021-01-02 19:00:00,2021-01-03 13:00:00,Account,Chat,Medium,AGT-210,Closed,
TKT-0004801,CUS-000203,2023-10-13 02:00:00,2023-10-15 12:00:00,Payment,Social,High,AGT-211,Resolved,
TKT-0004802,CUS-004972,2022-12-08 18:00:00,2022-12-09 03:00:00,Technical,Phone,Low,AGT-037,Resolved,
TKT-0004803,CUS-006634,2020-06-14 22:00:00,2020-06-15 07:00:00,Returns,Chat,Medium,AGT-130,Resolved,5.0
TKT-0004804,CUS-008999,2023-10-12 01:00:00,2023-10-15 02:00:00,Account,Chat,Low,AGT-165,Closed,
TKT-0004805,CUS-001653,2025-08-27 00:00:00,2025-08-27 08:00:00,Returns,Social,Medium,AGT-062,Resolved,4.0
TKT-0004806,CUS-005371,2026-06-08 13:00:00,2026-06-09 01:00:00,Technical,Social,Medium,AGT-348,Resolved,
TKT-0004807,CUS-005132,2022-03-30 12:00:00,2022-03-30 13:00:00,Payment,Store,Medium,AGT-097,Resolved,5.0
TKT-0004808,CUS-011424,2020-05-03 09:00:00,,Returns,Phone,Low,AGT-025,Open,
TKT-0004809,CUS-001713,2020-12-25 21:00:00,2020-12-29 17:00:00,Delivery,Phone,High,AGT-309,Resolved,2.0
TKT-0004810,CUS-002055,2022-01-04 12:00:00,2022-01-08 12:00:00,Payment,Social,Medium,AGT-169,Resolved,4.0
TKT-0004811,CUS-003626,2025-07-10 23:00:00,2025-07-15 08:00:00,Delivery,Social,Low,AGT-056,Resolved,
TKT-0004812,CUS-002781,2024-02-10 09:00:00,2024-02-14 20:00:00,Product Quality,Chat,Medium,AGT-038,Resolved,4.0
TKT-0004813,CUS-009095,2024-08-04 00:00:00,2024-08-05 06:00:00,Account,Email,Low,AGT-186,Resolved,
TKT-0004814,CUS-010041,2022-01-21 07:00:00,2022-01-25 01:00:00,Technical,Phone,High,AGT-158,Resolved,4.0
TKT-0004815,CUS-006255,2026-03-14 16:00:00,2026-03-16 05:00:00,Returns,Phone,High,AGT-042,Resolved,3.0
TKT-0004816,CUS-001863,2020-09-17 11:00:00,2020-09-18 09:00:00,Account,Email,Medium,AGT-098,Resolved,
TKT-0004817,CUS-009980,2020-12-23 21:00:00,2020-12-27 06:00:00,Payment,Phone,High,AGT-348,Resolved,2.0
TKT-0004818,CUS-008319,2025-07-31 21:00:00,2025-08-02 22:00:00,Payment,Phone,Low,AGT-160,Resolved,
TKT-0004819,CUS-001848,2026-05-18 14:00:00,2026-05-19 15:00:00,Delivery,Phone,Medium,AGT-132,Resolved,4.0
TKT-0004820,CUS-000019,2024-12-26 02:00:00,2024-12-29 18:00:00,Promotion,Social,Medium,AGT-227,Resolved,
TKT-0004821,CUS-005866,2022-10-03 20:00:00,2022-10-06 00:00:00,Delivery,Store,Medium,AGT-229,Resolved,
TKT-0004822,CUS-003561,2020-07-20 16:00:00,2020-07-24 13:00:00,Technical,Phone,Low,AGT-076,Resolved,4.0
TKT-0004823,CUS-010745,2025-09-02 05:00:00,2025-09-03 07:00:00,Returns,Chat,Medium,AGT-341,Resolved,4.0
TKT-0004824,CUS-010610,2021-04-05 14:00:00,2021-04-09 02:00:00,Product Quality,Phone,High,AGT-213,Resolved,
TKT-0004825,CUS-010834,2020-07-21 16:00:00,2020-07-23 11:00:00,Payment,Phone,Low,AGT-274,Resolved,
TKT-0004826,CUS-006961,2026-05-10 00:00:00,2026-05-12 17:00:00,Payment,Email,High,AGT-211,Resolved,2.0
TKT-0004827,CUS-004778,2021-06-26 02:00:00,2021-06-30 01:00:00,Payment,Chat,Medium,AGT-061,Resolved,
TKT-0004828,CUS-002590,2023-02-03 21:00:00,2023-02-07 12:00:00,Account,Store,Medium,AGT-264,Resolved,
TKT-0004829,CUS-009741,2020-04-16 08:00:00,2020-04-17 08:00:00,Returns,Social,High,AGT-119,Resolved,
TKT-0004830,CUS-005337,2022-10-19 13:00:00,2022-10-21 02:00:00,Payment,Email,Low,AGT-099,Resolved,
TKT-0004831,CUS-005295,2021-04-19 14:00:00,,Account,Social,High,AGT-131,Open,
TKT-0004832,CUS-003610,2023-09-14 01:00:00,,Delivery,Store,Medium,AGT-076,Open,
TKT-0004833,CUS-008041,2023-12-19 00:00:00,2023-12-22 17:00:00,Returns,Email,Critical,AGT-037,Resolved,2.0
TKT-0004834,CUS-001411,2023-08-19 23:00:00,2023-08-24 07:00:00,Returns,Store,Medium,AGT-144,Resolved,
TKT-0004835,CUS-000317,2024-11-15 05:00:00,2024-11-16 13:00:00,Payment,Phone,Low,AGT-259,Closed,
TKT-0004836,CUS-011312,2021-04-05 22:00:00,2021-04-07 04:00:00,Returns,Chat,Medium,AGT-225,Resolved,
TKT-0004837,CUS-002677,2021-01-01 04:00:00,2021-01-03 14:00:00,Delivery,Store,Low,AGT-125,Resolved,
TKT-0004838,CUS-008211,2022-08-01 16:00:00,2022-08-02 21:00:00,Returns,Social,Low,AGT-341,Resolved,5.0
TKT-0004839,CUS-000693,2021-04-14 19:00:00,2021-04-14 20:00:00,Returns,Phone,Low,AGT-170,Resolved,
TKT-0004840,CUS-010870,2024-02-01 08:00:00,2024-02-01 19:00:00,Delivery,Email,Medium,AGT-044,Resolved,
TKT-0004841,CUS-004138,2024-10-12 01:00:00,2024-10-14 17:00:00,Returns,Social,Medium,AGT-058,Resolved,
TKT-0004842,CUS-005872,2020-07-31 15:00:00,,Product Quality,Email,Medium,AGT-328,Open,
TKT-0004843,CUS-001245,2024-11-21 08:00:00,2024-11-21 11:00:00,Delivery,Social,Low,AGT-162,Resolved,5.0
TKT-0004844,CUS-003795,2025-03-06 09:00:00,2025-03-08 09:00:00,Account,Store,High,AGT-160,Resolved,5.0
TKT-0004845,CUS-004735,2021-09-07 18:00:00,,Promotion,Phone,Low,AGT-025,Open,
TKT-0004846,CUS-004911,2022-11-27 08:00:00,2022-11-29 14:00:00,Delivery,Email,Low,AGT-218,Resolved,
TKT-0004847,CUS-010815,2024-11-26 07:00:00,2024-11-26 09:00:00,Product Quality,Social,High,AGT-263,Resolved,
TKT-0004848,CUS-010476,2021-08-31 18:00:00,2021-09-05 04:00:00,Payment,Store,Medium,AGT-250,Resolved,
TKT-0004849,CUS-000833,2020-08-26 08:00:00,2020-08-27 04:00:00,Payment,Chat,Low,AGT-023,Resolved,
TKT-0004850,CUS-004803,2025-06-27 20:00:00,2025-06-29 19:00:00,Delivery,Email,Low,AGT-194,Resolved,3.0
TKT-0004851,CUS-001700,2024-02-22 21:00:00,2024-02-25 10:00:00,Returns,Chat,Low,AGT-138,Resolved,
TKT-0004852,CUS-006762,2026-08-22 12:00:00,2026-08-25 23:00:00,Delivery,Email,Medium,AGT-208,Resolved,5.0
TKT-0004853,CUS-000906,2021-03-15 21:00:00,2021-03-19 06:00:00,product quality,Store,Medium,AGT-095,Resolved,
TKT-0004854,CUS-007088,2021-05-03 15:00:00,2021-05-07 17:00:00,Promotion,Phone,Medium,AGT-174,Resolved,1.0
TKT-0004855,CUS-009975,2021-08-06 19:00:00,2021-08-07 16:00:00,Product Quality,Social,Low,AGT-019,Closed,
TKT-0004856,CUS-000846,2022-05-27 04:00:00,2022-05-28 18:00:00,Account,Chat,Medium,AGT-288,Closed,3.0
TKT-0004857,CUS-008424,2022-09-20 00:00:00,2022-09-21 07:00:00,Delivery,Email,Medium,AGT-221,Resolved,
TKT-0004858,CUS-008208,2021-01-03 21:00:00,2021-01-05 10:00:00,Delivery,Social,Medium,AGT-225,Resolved,5.0
TKT-0004859,CUS-009261,2023-01-11 03:00:00,2023-01-12 15:00:00,Payment,Store,Medium,AGT-164,Resolved,5.0
TKT-0004860,CUS-001703,2021-02-23 19:00:00,,Account,Email,Medium,AGT-038,Open,
TKT-0004861,CUS-001733,2023-10-08 01:00:00,,Delivery,Email,High,AGT-272,Open,
TKT-0004862,CUS-002978,2025-03-26 21:00:00,2025-03-28 03:00:00,Returns,Email,Medium,AGT-051,Resolved,4.0
TKT-0004863,CUS-008821,2025-11-21 17:00:00,2025-11-26 10:00:00,Returns,Social,Medium,AGT-032,Resolved,5.0
TKT-0004864,CUS-000533,2021-10-16 05:00:00,2021-10-18 23:00:00,Returns,Social,Low,AGT-138,Resolved,
TKT-0004865,CUS-010469,2020-12-26 08:00:00,2020-12-26 22:00:00,Account,Email,Low,AGT-001,Resolved,1.0
TKT-0004866,CUS-005463,2020-04-02 08:00:00,2020-04-05 06:00:00,Account,Chat,Low,AGT-160,Resolved,3.0
TKT-0004867,CUS-009991,2024-05-17 11:00:00,2024-05-19 03:00:00,Payment,Email,Low,AGT-147,Closed,3.0
TKT-0004868,CUS-009979,2026-05-25 18:00:00,2026-05-27 18:00:00,Payment,Social,Medium,AGT-156,Resolved,2.0
TKT-0004869,CUS-006409,2021-01-26 22:00:00,2021-01-29 19:00:00,Payment,Store,High,AGT-323,Resolved,5.0
TKT-0004870,CUS-005512,2023-12-24 17:00:00,2023-12-26 23:00:00,Promotion,Store,Medium,AGT-005,Resolved,3.0
TKT-0004871,CUS-003170,2022-06-06 10:00:00,2022-06-10 14:00:00,Product Quality,Chat,Medium,AGT-226,Resolved,
TKT-0004872,CUS-008511,2021-06-27 19:00:00,2021-07-02 01:00:00,Product Quality,Phone,Medium,AGT-264,Resolved,5.0
TKT-0004873,CUS-009028,2024-10-30 10:00:00,2024-11-01 10:00:00,Product Quality,Store,Medium,AGT-025,Closed,
TKT-0004874,CUS-003065,2021-07-22 19:00:00,2021-07-24 19:00:00,Technical,Social,Low,AGT-171,Resolved,
TKT-0004875,CUS-002632,2026-03-16 10:00:00,2026-03-20 12:00:00,Product Quality,Store,Low,AGT-003,Resolved,5.0
TKT-0004876,CUS-008521,2021-07-06 11:00:00,2021-07-09 19:00:00,Delivery,Store,Critical,AGT-175,Closed,
TKT-0004877,CUS-006346,2023-07-17 08:00:00,2023-07-19 23:00:00,Payment,Chat,High,AGT-015,Resolved,
TKT-0004878,CUS-006562,2026-02-07 06:00:00,2026-02-11 09:00:00,Payment,Email,Medium,AGT-326,Resolved,3.0
TKT-0004879,CUS-005529,2020-01-04 19:00:00,2020-01-07 16:00:00,Delivery,Phone,Medium,AGT-046,Resolved,
TKT-0004880,CUS-005694,2022-11-26 03:00:00,2022-11-30 10:00:00,Delivery,Phone,Medium,AGT-309,Resolved,3.0
TKT-0004881,CUS-009344,2020-07-08 21:00:00,2020-07-11 23:00:00,Product Quality,Social,High,AGT-046,Resolved,
TKT-0004882,CUS-010256,2022-08-22 12:00:00,,Promotion,Store,Low,AGT-276,Open,
TKT-0004883,CUS-009259,2022-12-15 17:00:00,2022-12-16 16:00:00,Delivery,Chat,High,AGT-057,Resolved,
TKT-0004884,CUS-004494,2026-03-08 15:00:00,2026-03-11 00:00:00,Delivery,Email,Medium,AGT-234,Closed,
TKT-0004885,CUS-004710,2021-04-28 00:00:00,,Delivery,Phone,Critical,AGT-128,Open,
TKT-0004886,CUS-000325,2025-05-21 18:00:00,2025-05-23 13:00:00,Account,Chat,Medium,AGT-043,Resolved,1.0
TKT-0004887,CUS-005255,2020-10-31 22:00:00,2020-11-05 15:00:00,Delivery,Social,Medium,AGT-132,Resolved,
TKT-0004888,CUS-002292,2023-11-25 07:00:00,2023-11-26 18:00:00,Delivery,Phone,Medium,AGT-095,Resolved,
TKT-0004889,CUS-003888,2021-08-03 16:00:00,2021-08-05 13:00:00,Returns,Phone,Medium,AGT-075,Resolved,
TKT-0004890,CUS-001698,2020-01-13 10:00:00,2020-01-17 11:00:00,Delivery,Chat,Low,AGT-268,Resolved,5.0
TKT-0004891,CUS-002471,2026-01-15 01:00:00,,Product Quality,Social,Medium,AGT-023,Open,
TKT-0004892,CUS-003656,2025-10-19 02:00:00,2025-10-19 14:00:00,Returns,Social,High,AGT-159,Resolved,3.0
TKT-0004893,CUS-010743,2023-09-13 16:00:00,,Delivery,Chat,Medium,AGT-143,Open,
TKT-0004894,CUS-002029,2025-02-05 20:00:00,2025-02-10 07:00:00,Product Quality,Chat,Low,AGT-348,Resolved,5.0
TKT-0004895,CUS-011258,2020-09-16 00:00:00,2020-09-18 22:00:00,Technical,Social,Medium,AGT-218,Resolved,4.0
TKT-0004896,CUS-010893,2026-05-04 15:00:00,2026-05-07 23:00:00,Delivery,Chat,Medium,AGT-268,Closed,5.0
TKT-0004897,CUS-006765,2024-06-12 22:00:00,,Account,Social,Low,AGT-035,Open,
TKT-0004898,CUS-011738,2025-12-13 11:00:00,2025-12-16 23:00:00,Payment,Email,High,AGT-128,Resolved,
TKT-0004899,CUS-000966,2025-12-22 10:00:00,2025-12-23 18:00:00,Payment,Social,Medium,AGT-165,Closed,3.0
TKT-0004900,CUS-005795,2023-03-29 20:00:00,2023-04-03 05:00:00,Returns,Social,Medium,AGT-010,Resolved,
TKT-0004901,CUS-006293,2022-03-04 21:00:00,2022-03-09 04:00:00,Payment,Phone,High,AGT-350,Resolved,3.0
TKT-0004902,CUS-004601,2021-08-23 19:00:00,2021-08-24 09:00:00,Delivery,Phone,Low,AGT-347,Resolved,4.0
TKT-0004903,CUS-006024,2023-09-03 07:00:00,2023-09-05 16:00:00,Returns,Chat,Low,AGT-260,Resolved,5.0
TKT-0004904,CUS-008197,2025-08-06 10:00:00,2025-08-10 19:00:00,Technical,Email,Medium,AGT-173,Closed,1.0
TKT-0004905,CUS-011858,2021-08-20 15:00:00,2021-08-20 16:00:00,Returns,Email,Low,AGT-223,Resolved,4.0
TKT-0004906,CUS-004248,2020-07-14 09:00:00,2020-07-17 08:00:00,Technical,Phone,Medium,AGT-314,Resolved,5.0
TKT-0004907,CUS-000859,2022-08-22 12:00:00,2022-08-23 18:00:00,Product Quality,Store,Medium,AGT-129,Resolved,
TKT-0004908,CUS-011945,2021-03-20 12:00:00,2021-03-20 23:00:00,Returns,Email,Medium,AGT-107,Resolved,5.0
TKT-0004909,CUS-005706,2025-05-27 05:00:00,2025-05-30 10:00:00,Product Quality,Social,High,AGT-033,Closed,
TKT-0004910,CUS-003838,2024-02-12 01:00:00,2024-02-14 13:00:00,Product Quality,Store,Medium,AGT-002,Resolved,
TKT-0004911,CUS-006878,2024-07-08 06:00:00,2024-07-13 00:00:00,Returns,Social,High,AGT-299,Resolved,
TKT-0004912,CUS-002460,2022-02-09 10:00:00,2022-02-12 11:00:00,Delivery,Chat,Low,AGT-312,Resolved,
TKT-0004913,CUS-000275,2022-04-24 21:00:00,2022-04-29 05:00:00,Delivery,Email,Low,AGT-014,Resolved,4.0
TKT-0004914,CUS-004178,2021-06-28 07:00:00,2021-06-29 14:00:00,Delivery,Email,Medium,AGT-106,Closed,
TKT-0004915,CUS-005281,2021-12-05 07:00:00,,Delivery,Phone,High,AGT-330,Open,
TKT-0004916,CUS-003906,2020-09-09 13:00:00,2020-09-11 16:00:00,Delivery,Email,Medium,AGT-048,Closed,5.0
TKT-0004917,CUS-000930,2021-05-20 08:00:00,2021-05-20 11:00:00,Delivery,Store,High,AGT-038,Resolved,5.0
TKT-0004918,CUS-007307,2024-12-06 00:00:00,2024-12-08 15:00:00,Delivery,Chat,High,AGT-205,Resolved,2.0
TKT-0004919,CUS-006385,2020-01-21 18:00:00,2020-01-21 19:00:00,Account,Chat,Medium,AGT-008,Resolved,5.0
TKT-0004920,CUS-004372,2020-12-28 21:00:00,2020-12-28 22:00:00,Promotion,Phone,Medium,AGT-114,Resolved,
TKT-0004921,CUS-007382,2025-01-18 15:00:00,2025-01-21 21:00:00,Promotion,Chat,Low,AGT-080,Resolved,5.0
TKT-0004922,CUS-009985,2021-07-27 02:00:00,2021-07-29 15:00:00,Delivery,Store,Medium,AGT-149,Resolved,
TKT-0004923,CUS-000665,2024-09-30 00:00:00,2024-10-04 15:00:00,Account,Social,Critical,AGT-142,Resolved,5.0
TKT-0004924,CUS-002117,2025-09-14 05:00:00,2025-09-17 01:00:00,Account,Social,Medium,AGT-097,Resolved,4.0
TKT-0004925,CUS-006683,2026-02-06 13:00:00,2026-02-11 05:00:00,Promotion,Store,Low,AGT-154,Resolved,5.0
TKT-0004926,CUS-011044,2023-03-17 08:00:00,2023-03-20 21:00:00,Product Quality,Chat,Medium,AGT-286,Resolved,
TKT-0004927,CUS-009542,2020-10-05 04:00:00,2020-10-07 07:00:00,Delivery,Chat,Medium,AGT-294,Resolved,2.0
TKT-0004928,CUS-011540,2020-12-31 11:00:00,,Payment,Chat,Low,AGT-233,Open,
TKT-0004929,CUS-003054,2020-04-21 20:00:00,,Promotion,Email,Low,AGT-162,Open,
TKT-0004930,CUS-004759,2024-08-27 06:00:00,2024-08-29 08:00:00,Product Quality,Social,Low,AGT-217,Closed,
TKT-0004931,CUS-003768,2022-02-16 13:00:00,2022-02-20 11:00:00,Payment,Email,Low,AGT-191,Resolved,4.0
TKT-0004932,CUS-004299,2021-12-17 07:00:00,2021-12-17 18:00:00,Payment,Store,Low,AGT-263,Resolved,5.0
TKT-0004933,CUS-004554,2023-01-08 08:00:00,,Product Quality,Email,Medium,AGT-056,Open,
TKT-0004934,CUS-010441,2025-06-04 12:00:00,2025-06-05 19:00:00,Returns,Chat,High,AGT-015,Resolved,5.0
TKT-0004935,CUS-002365,2023-01-21 05:00:00,2023-01-25 11:00:00,Returns,Social,High,AGT-264,Resolved,1.0
TKT-0004936,CUS-010270,2021-07-16 03:00:00,2021-07-18 16:00:00,Delivery,Phone,Medium,AGT-051,Resolved,5.0
TKT-0004937,CUS-000913,2025-01-07 21:00:00,2025-01-08 17:00:00,Account,Social,Medium,AGT-240,Resolved,5.0
TKT-0004938,CUS-006327,2023-03-03 03:00:00,2023-03-06 08:00:00,Returns,Store,Low,AGT-249,Closed,5.0
TKT-0004939,CUS-007580,2021-11-26 13:00:00,2021-11-30 22:00:00,Product Quality,Email,Low,AGT-055,Resolved,5.0
TKT-0004940,CUS-005741,2023-03-28 19:00:00,2023-03-30 16:00:00,Product Quality,Store,Medium,AGT-105,Resolved,
TKT-0004941,CUS-005396,2023-01-25 19:00:00,2023-01-30 14:00:00,Account,Chat,Medium,AGT-223,Closed,3.0
TKT-0004942,CUS-007944,2024-09-03 19:00:00,2024-09-05 01:00:00,Returns,Email,Medium,AGT-238,Resolved,
TKT-0004943,CUS-011260,2021-07-16 21:00:00,2021-07-18 08:00:00,Product Quality,Email,Low,AGT-318,Resolved,5.0
TKT-0004944,CUS-001078,2026-03-23 14:00:00,2026-03-28 11:00:00,Technical,Email,Low,AGT-312,Resolved,
TKT-0004945,CUS-006299,2025-06-24 12:00:00,2025-06-26 18:00:00,Returns,Phone,Low,AGT-068,Resolved,
TKT-0004946,CUS-003261,2025-11-27 15:00:00,2025-12-02 09:00:00,Delivery,Phone,Medium,AGT-306,Resolved,5.0
TKT-0004947,CUS-004053,2023-06-19 08:00:00,2023-06-19 16:00:00,Delivery,Email,Critical,AGT-282,Resolved,2.0
TKT-0004948,CUS-004180,2020-06-20 03:00:00,2020-06-20 12:00:00,Returns,Phone,Low,AGT-204,Resolved,4.0
TKT-0004949,CUS-009964,2023-08-13 03:00:00,2023-08-16 05:00:00,Payment,Store,Low,AGT-042,Resolved,
TKT-0004950,CUS-009692,2021-08-31 03:00:00,2021-09-04 12:00:00,Delivery,Social,Medium,AGT-163,Resolved,4.0
TKT-0004951,CUS-010438,2021-12-15 11:00:00,2021-12-20 02:00:00,Delivery,Store,Low,AGT-308,Resolved,
TKT-0004952,CUS-001271,2021-03-20 18:00:00,2021-03-21 17:00:00,Returns,Social,Medium,AGT-321,Resolved,
TKT-0004953,CUS-008778,2024-07-01 06:00:00,2024-07-01 19:00:00,Returns,Chat,Low,AGT-135,Resolved,
TKT-0004954,CUS-002746,2020-02-02 02:00:00,,Returns,Email,Medium,AGT-316,Open,
TKT-0004955,CUS-000426,2022-11-09 10:00:00,2022-11-09 23:00:00,Delivery,Store,Medium,AGT-126,Resolved,5.0
TKT-0004956,CUS-008931,2022-11-20 21:00:00,2022-11-21 00:00:00,Payment,Phone,Medium,AGT-271,Closed,1.0
TKT-0004957,CUS-000102,2023-12-05 00:00:00,2023-12-08 09:00:00,Delivery,Social,Low,AGT-020,Closed,4.0
TKT-0004958,CUS-002996,2025-01-22 08:00:00,2025-01-23 20:00:00,Returns,Store,Low,AGT-008,Resolved,2.0
TKT-0004959,CUS-006001,2026-06-01 09:00:00,2026-06-02 01:00:00,Payment,Chat,Medium,AGT-158,Closed,
TKT-0004960,CUS-002776,2021-06-15 15:00:00,2021-06-17 00:00:00,Technical,Store,High,AGT-342,Resolved,
TKT-0004961,CUS-000534,2022-05-10 15:00:00,2022-05-11 19:00:00,Delivery,Store,Medium,AGT-106,Resolved,3.0
TKT-0004962,CUS-009564,2022-07-04 09:00:00,2022-07-07 15:00:00,Returns,Chat,Medium,AGT-258,Resolved,3.0
TKT-0004963,CUS-000597,2021-09-20 20:00:00,2021-09-21 01:00:00,Account,Chat,Medium,AGT-275,Resolved,
TKT-0004964,CUS-007169,2026-07-11 20:00:00,2026-07-13 21:00:00,Product Quality,Chat,Medium,AGT-058,Resolved,
TKT-0004965,CUS-008260,2025-01-31 23:00:00,2025-02-02 07:00:00,Returns,Social,Low,AGT-094,Resolved,5.0
TKT-0004966,CUS-000314,2025-06-13 08:00:00,2025-06-13 14:00:00,Delivery,Store,Medium,AGT-308,Resolved,
TKT-0004967,CUS-002044,2021-10-22 08:00:00,2021-10-22 17:00:00,Returns,Email,Low,AGT-083,Closed,3.0
TKT-0004968,CUS-000882,2024-10-25 16:00:00,2024-10-29 18:00:00,Product Quality,Phone,Medium,AGT-044,Resolved,
TKT-0004969,CUS-003085,2021-08-08 13:00:00,2021-08-11 00:00:00,Account,Chat,Medium,AGT-149,Resolved,3.0
TKT-0004970,CUS-011680,2023-12-15 16:00:00,2023-12-20 01:00:00,Delivery,Store,Low,AGT-293,Resolved,5.0
TKT-0004971,CUS-007308,2023-07-12 22:00:00,2023-07-15 17:00:00,Delivery,Social,Low,AGT-252,Resolved,4.0
TKT-0004972,CUS-005399,2023-06-13 01:00:00,2023-06-14 00:00:00,Delivery,Phone,Medium,AGT-260,Resolved,
TKT-0004973,CUS-011779,2023-07-21 19:00:00,2023-07-21 22:00:00,Delivery,Store,Critical,AGT-201,Closed,5.0
TKT-0004974,CUS-000615,2020-11-14 08:00:00,2020-11-18 23:00:00,Returns,Store,Low,AGT-125,Resolved,5.0
TKT-0004975,CUS-008145,2022-07-02 18:00:00,2022-07-03 04:00:00,Delivery,Email,Low,AGT-077,Resolved,3.0
TKT-0004976,CUS-006278,2024-02-20 11:00:00,2024-02-23 15:00:00,Returns,Phone,Low,AGT-164,Resolved,1.0
TKT-0004977,CUS-007474,2021-06-21 13:00:00,2021-06-25 07:00:00,Returns,Email,Medium,AGT-346,Resolved,5.0
TKT-0004978,CUS-001279,2020-04-05 04:00:00,2020-04-10 03:00:00,Technical,Social,Medium,AGT-120,Resolved,2.0
TKT-0004979,CUS-004661,2024-04-18 22:00:00,2024-04-23 17:00:00,Returns,Store,Low,AGT-252,Resolved,
TKT-0004980,CUS-008788,2026-05-25 11:00:00,2026-05-25 23:00:00,Returns,Social,High,AGT-115,Resolved,5.0
TKT-0004981,CUS-000656,2026-08-14 16:00:00,2026-08-17 22:00:00,Promotion,Social,Low,AGT-139,Closed,
TKT-0004982,CUS-010418,2022-04-08 12:00:00,2022-04-11 13:00:00,Payment,Phone,Low,AGT-086,Resolved,4.0
TKT-0004983,CUS-005059,2025-02-09 08:00:00,2025-02-14 00:00:00,Product Quality,Phone,Medium,AGT-301,Resolved,3.0
TKT-0004984,CUS-004807,2023-12-17 03:00:00,2023-12-19 18:00:00,Delivery,Store,High,AGT-196,Closed,5.0
TKT-0004985,CUS-001679,2026-01-08 09:00:00,2026-01-08 18:00:00,Product Quality,Chat,Medium,AGT-136,Resolved,3.0
TKT-0004986,CUS-003981,2025-11-23 09:00:00,2025-11-24 20:00:00,Returns,Email,Medium,AGT-229,Resolved,
TKT-0004987,CUS-010289,2022-01-23 08:00:00,,Promotion,Social,Medium,AGT-183,Open,
TKT-0004988,CUS-000763,2022-02-17 19:00:00,,Delivery,Email,Medium,AGT-026,Open,
TKT-0004989,CUS-001982,2022-11-25 15:00:00,2022-11-25 20:00:00,Returns,Email,Medium,AGT-348,Resolved,
TKT-0004990,CUS-004986,2020-03-02 18:00:00,2020-03-06 05:00:00,Delivery,Social,Low,AGT-325,Resolved,3.0
TKT-0004991,CUS-009748,2021-05-10 15:00:00,2021-05-13 09:00:00,Promotion,Email,Medium,AGT-230,Resolved,5.0
TKT-0004992,CUS-009634,2024-07-01 09:00:00,2024-07-05 14:00:00,Returns,Email,High,AGT-085,Resolved,
TKT-0004993,CUS-007370,2023-03-08 13:00:00,,Delivery,Chat,High,AGT-104,Open,
TKT-0004994,CUS-008629,2021-03-08 15:00:00,2021-03-09 17:00:00,Promotion,Store,Low,AGT-183,Resolved,5.0
TKT-0004995,CUS-009765,2024-05-06 20:00:00,2024-05-10 09:00:00,Payment,Store,Low,AGT-058,Resolved,5.0
TKT-0004996,CUS-002809,2024-03-17 19:00:00,2024-03-18 04:00:00,Returns,Chat,High,AGT-101,Closed,5.0
TKT-0004997,CUS-005753,2023-06-20 13:00:00,2023-06-25 09:00:00,Account,Phone,Low,AGT-159,Resolved,5.0
TKT-0004998,CUS-011911,2023-12-04 01:00:00,2023-12-04 12:00:00,Delivery,Chat,High,AGT-189,Resolved,
TKT-0004999,CUS-009984,2022-04-03 11:00:00,2022-04-04 07:00:00,Technical,Phone,Medium,AGT-074,Closed,
TKT-0005000,CUS-002382,2025-02-07 00:00:00,2025-02-11 19:00:00,Returns,Phone,High,AGT-132,Closed,
TKT-0005001,CUS-000898,2021-12-20 06:00:00,2021-12-21 12:00:00,Payment,Email,Low,AGT-232,Resolved,
TKT-0005002,CUS-002277,2021-09-15 16:00:00,2021-09-18 04:00:00,Payment,Store,Low,AGT-037,Resolved,
TKT-0005003,CUS-000288,2024-05-07 02:00:00,2024-05-10 02:00:00,Promotion,Social,Low,AGT-234,Resolved,5.0
TKT-0005004,CUS-006855,2025-07-02 04:00:00,2025-07-04 17:00:00,Promotion,Phone,Medium,AGT-176,Resolved,4.0
TKT-0005005,CUS-007808,2020-01-27 16:00:00,2020-02-01 10:00:00,Delivery,Phone,Medium,AGT-221,Resolved,
TKT-0005006,CUS-001432,2023-05-30 13:00:00,2023-06-01 11:00:00,Technical,Email,Medium,AGT-142,Closed,4.0
TKT-0005007,CUS-000116,2026-02-13 13:00:00,2026-02-16 21:00:00,Payment,Email,Medium,AGT-019,Closed,
TKT-0005008,CUS-005328,2021-03-01 05:00:00,2021-03-01 09:00:00,Promotion,Store,Low,AGT-044,Resolved,5.0
TKT-0005009,CUS-009429,2022-07-09 17:00:00,2022-07-13 11:00:00,Promotion,Social,Medium,AGT-067,Resolved,5.0
TKT-0005010,CUS-001909,2021-12-15 01:00:00,2021-12-19 16:00:00,Delivery,Chat,Low,AGT-331,Resolved,
TKT-0005011,CUS-009562,2024-02-03 06:00:00,2024-02-04 02:00:00,Product Quality,Chat,Low,AGT-011,Resolved,4.0
TKT-0005012,CUS-009536,2025-02-20 04:00:00,2025-02-22 11:00:00,Payment,Phone,High,AGT-209,Resolved,
TKT-0005013,CUS-001413,2025-06-27 00:00:00,2025-06-30 15:00:00,Delivery,Phone,Medium,AGT-220,Resolved,2.0
TKT-0005014,CUS-007662,2025-12-03 01:00:00,2025-12-03 17:00:00,Technical,Store,Low,AGT-223,Resolved,5.0
TKT-0005015,CUS-000563,2025-05-06 06:00:00,2025-05-06 09:00:00,Delivery,Email,High,AGT-136,Closed,
TKT-0005016,CUS-005920,2025-03-22 08:00:00,2025-03-26 04:00:00,Delivery,Chat,High,AGT-295,Resolved,
TKT-0005017,CUS-001014,2025-04-28 11:00:00,2025-05-01 17:00:00,Returns,Store,Low,AGT-188,Resolved,
TKT-0005018,CUS-002996,2026-08-21 11:00:00,2026-08-26 00:00:00,Delivery,Chat,Medium,AGT-323,Resolved,
TKT-0005019,CUS-002814,2021-09-13 10:00:00,2021-09-17 17:00:00,Delivery,Store,Medium,AGT-120,Resolved,
TKT-0005020,CUS-007075,2025-11-06 02:00:00,,Technical,Chat,High,AGT-022,Open,
TKT-0005021,CUS-001923,2020-06-17 18:00:00,2020-06-18 04:00:00,Payment,Email,Medium,AGT-261,Resolved,4.0
TKT-0005022,CUS-009315,2024-02-16 09:00:00,2024-02-18 19:00:00,Returns,Phone,Critical,AGT-095,Resolved,1.0
TKT-0005023,CUS-010088,2026-05-02 05:00:00,2026-05-06 13:00:00,Returns,Chat,Low,AGT-033,Resolved,4.0
TKT-0005024,CUS-002154,2026-07-14 09:00:00,2026-07-16 01:00:00,Delivery,Phone,Medium,AGT-161,Resolved,5.0
TKT-0005025,CUS-005890,2023-08-14 08:00:00,2023-08-17 02:00:00,Returns,Phone,Medium,AGT-311,Closed,1.0
TKT-0005026,CUS-010585,2021-06-01 19:00:00,2021-06-04 20:00:00,Product Quality,Phone,Low,AGT-095,Resolved,5.0
TKT-0005027,CUS-000826,2024-11-25 07:00:00,2024-11-25 16:00:00,Delivery,Email,Medium,AGT-161,Closed,4.0
TKT-0005028,CUS-007077,2025-05-08 06:00:00,2025-05-09 08:00:00,Returns,Email,Low,AGT-061,Resolved,
TKT-0005029,CUS-000040,2023-10-30 09:00:00,2023-11-01 09:00:00,Account,Chat,Medium,AGT-118,Resolved,
TKT-0005030,CUS-009629,2022-07-31 20:00:00,2022-08-04 05:00:00,Returns,Social,High,AGT-101,Resolved,
TKT-0005031,CUS-011405,2021-07-22 10:00:00,2021-07-25 01:00:00,Payment,Email,Medium,AGT-242,Resolved,
TKT-0005032,CUS-010332,2023-05-12 11:00:00,2023-05-16 09:00:00,Delivery,Store,Medium,AGT-047,Resolved,
TKT-0005033,CUS-011410,2026-03-13 12:00:00,2026-03-16 20:00:00,Payment,Phone,Medium,AGT-321,Resolved,
TKT-0005034,CUS-011389,2024-12-12 23:00:00,2024-12-16 01:00:00,Delivery,Phone,Low,AGT-007,Resolved,4.0
TKT-0005035,CUS-007709,2023-08-06 15:00:00,2023-08-10 18:00:00,Account,Social,Medium,AGT-281,Resolved,5.0
TKT-0005036,CUS-009639,2025-06-18 07:00:00,2025-06-18 15:00:00,Returns,Email,Low,AGT-214,Resolved,
TKT-0005037,CUS-005365,2022-05-20 10:00:00,2022-05-21 09:00:00,Delivery,Social,Low,AGT-185,Resolved,5.0
TKT-0005038,CUS-004444,2024-12-29 19:00:00,2024-12-30 00:00:00,Returns,Chat,Low,AGT-344,Resolved,
TKT-0005039,CUS-010594,2020-06-27 10:00:00,2020-06-29 14:00:00,Payment,Phone,High,AGT-331,Resolved,5.0
TKT-0005040,CUS-000659,2025-03-13 09:00:00,2025-03-14 18:00:00,Technical ,Email,High,AGT-333,Resolved,3.0
TKT-0005041,CUS-000570,2023-09-11 09:00:00,2023-09-14 22:00:00,Account,Phone,Medium,AGT-340,Resolved,4.0
TKT-0005042,CUS-000771,2024-02-14 11:00:00,2024-02-15 00:00:00,Account,Phone,Medium,AGT-256,Resolved,
TKT-0005043,CUS-007815,2026-05-14 16:00:00,2026-05-19 12:00:00,Account,Email,Low,AGT-301,Resolved,4.0
TKT-0005044,CUS-008416,2023-01-29 05:00:00,2023-02-01 15:00:00,Product Quality,Social,Medium,AGT-083,Resolved,5.0
TKT-0005045,CUS-006751,2020-06-17 13:00:00,2020-06-17 20:00:00,Product Quality,Phone,Low,AGT-221,Resolved,3.0
TKT-0005046,CUS-003669,2025-01-31 23:00:00,2025-02-05 09:00:00,Returns,Phone,Medium,AGT-240,Resolved,5.0
TKT-0005047,CUS-011163,2025-11-23 07:00:00,2025-11-24 19:00:00,Returns,Store,Low,AGT-078,Resolved,4.0
TKT-0005048,CUS-001588,2022-09-21 18:00:00,2022-09-22 18:00:00,Account,Store,Low,AGT-043,Resolved,5.0
TKT-0005049,CUS-008940,2021-04-26 07:00:00,2021-04-30 08:00:00,Returns,Phone,Critical,AGT-253,Resolved,
TKT-0005050,CUS-004640,2024-04-27 10:00:00,2024-04-29 10:00:00,Payment,Store,Medium,AGT-279,Resolved,
TKT-0005051,CUS-009149,2021-11-24 02:00:00,,Returns,Email,High,AGT-265,Open,
TKT-0005052,CUS-007315,2020-03-18 00:00:00,2020-03-19 00:00:00,Product Quality,Email,Low,AGT-141,Resolved,5.0
TKT-0005053,CUS-003080,2021-03-30 02:00:00,2021-04-03 14:00:00,Delivery,Email,Low,AGT-177,Resolved,1.0
TKT-0005054,CUS-006841,2022-12-15 01:00:00,2022-12-17 14:00:00,Product Quality,Phone,Low,AGT-308,Closed,2.0
TKT-0005055,CUS-010879,2022-07-13 21:00:00,2022-07-16 10:00:00,Technical,Email,Medium,AGT-251,Resolved,5.0
TKT-0005056,CUS-003295,2023-06-11 11:00:00,2023-06-15 17:00:00,Account,Email,Medium,AGT-241,Resolved,
TKT-0005057,CUS-006191,2020-01-07 15:00:00,2020-01-11 17:00:00,Returns,Email,Low,AGT-312,Resolved,5.0
TKT-0005058,CUS-005386,2025-09-02 03:00:00,2025-09-02 20:00:00,Returns,Social,High,AGT-033,Resolved,1.0
TKT-0005059,CUS-010027,2020-03-21 10:00:00,2020-03-22 05:00:00,Delivery,Email,High,AGT-186,Resolved,
TKT-0005060,CUS-011429,2023-10-10 03:00:00,2023-10-11 17:00:00,Technical,Social,Low,AGT-343,Resolved,5.0
TKT-0005061,CUS-005801,2023-07-03 09:00:00,2023-07-05 01:00:00,Delivery,Social,Medium,AGT-094,Resolved,
TKT-0005062,CUS-002618,2021-02-23 08:00:00,2021-02-26 03:00:00,Delivery,Email,Medium,AGT-069,Resolved,3.0
TKT-0005063,CUS-004613,2024-07-17 21:00:00,2024-07-21 21:00:00,Delivery,Phone,High,AGT-017,Resolved,
TKT-0005064,CUS-003003,2022-01-26 20:00:00,2022-01-27 21:00:00,Delivery,Phone,Critical,AGT-184,Resolved,4.0
TKT-0005065,CUS-001170,2022-11-21 22:00:00,2022-11-24 16:00:00,Delivery,Email,Low,AGT-038,Resolved,4.0
TKT-0005066,CUS-008398,2020-05-12 09:00:00,2020-05-15 19:00:00,Promotion,Store,Medium,AGT-062,Resolved,4.0
TKT-0005067,CUS-003040,2025-06-28 07:00:00,2025-07-02 05:00:00,Account,Email,High,AGT-098,Resolved,3.0
TKT-0005068,CUS-007929,2026-01-06 22:00:00,2026-01-06 23:00:00,Delivery,Phone,Low,AGT-064,Resolved,
TKT-0005069,CUS-011428,2023-12-28 23:00:00,2023-12-29 14:00:00,Payment,Phone,Critical,AGT-242,Resolved,
TKT-0005070,CUS-003550,2025-01-23 16:00:00,2025-01-26 20:00:00,Delivery,Email,Low,AGT-342,Closed,
TKT-0005071,CUS-002662,2025-01-13 23:00:00,2025-01-16 00:00:00,Payment,Chat,Low,AGT-237,Resolved,
TKT-0005072,CUS-008872,2022-09-25 06:00:00,2022-09-25 09:00:00,Product Quality,Chat,Low,AGT-165,Resolved,4.0
TKT-0005073,CUS-003913,2023-10-05 20:00:00,2023-10-09 12:00:00,Account,Store,Low,AGT-238,Resolved,3.0
TKT-0005074,CUS-003368,2022-02-26 14:00:00,2022-03-02 16:00:00,Product Quality,Phone,High,AGT-336,Resolved,4.0
TKT-0005075,CUS-000100,2023-09-02 01:00:00,2023-09-06 07:00:00,Delivery,Phone,Low,AGT-109,Resolved,5.0
TKT-0005076,CUS-004170,2020-07-16 14:00:00,2020-07-18 02:00:00,Delivery ,Store,Medium,AGT-206,Resolved,5.0
TKT-0005077,CUS-003480,2025-05-08 17:00:00,2025-05-09 00:00:00,Returns,Chat,High,AGT-229,Resolved,5.0
TKT-0005078,CUS-004021,2022-08-29 04:00:00,2022-09-02 07:00:00,Account,Chat,Low,AGT-263,Resolved,3.0
TKT-0005079,CUS-005307,2022-01-31 15:00:00,2022-02-02 10:00:00,Returns,Email,Medium,AGT-099,Resolved,4.0
TKT-0005080,CUS-010872,2021-07-26 19:00:00,2021-07-26 23:00:00,Account,Chat,Low,AGT-221,Closed,
TKT-0005081,CUS-001921,2023-08-22 07:00:00,2023-08-23 07:00:00,Product Quality,Chat,Low,AGT-337,Resolved,3.0
TKT-0005082,CUS-009649,2023-05-30 18:00:00,,Account,Chat,Medium,AGT-150,Open,
TKT-0005083,CUS-000811,2022-08-09 10:00:00,2022-08-14 08:00:00,Account,Social,Medium,AGT-268,Resolved,
TKT-0005084,CUS-010076,2022-05-17 07:00:00,2022-05-20 12:00:00,Returns,Store,Medium,AGT-315,Closed,
TKT-0005085,CUS-003977,2024-09-03 23:00:00,2024-09-06 12:00:00,Account,Chat,Medium,AGT-092,Resolved,4.0
TKT-0005086,CUS-000487,2020-10-06 09:00:00,2020-10-07 10:00:00,Delivery,Chat,Low,AGT-230,Closed,4.0
TKT-0005087,CUS-003677,2026-06-26 11:00:00,2026-06-30 03:00:00,Promotion,Store,Medium,AGT-273,Resolved,4.0
TKT-0005088,CUS-011247,2024-05-01 09:00:00,2024-05-01 14:00:00,Account,Phone,Low,AGT-146,Resolved,3.0
TKT-0005089,CUS-002827,2022-03-16 16:00:00,2022-03-18 20:00:00,Delivery,Phone,Medium,AGT-133,Closed,4.0
TKT-0005090,CUS-000271,2024-05-28 05:00:00,2024-05-30 07:00:00,Delivery ,Email,High,AGT-299,Resolved,2.0
TKT-0005091,CUS-000773,2026-08-04 11:00:00,,Delivery,Email,High,AGT-266,Open,
TKT-0005092,CUS-008794,2022-12-28 16:00:00,2022-12-29 16:00:00,Payment,Social,Low,AGT-065,Resolved,4.0
TKT-0005093,CUS-000942,2020-12-15 06:00:00,2020-12-17 17:00:00,Account,Email,Medium,AGT-048,Closed,
TKT-0005094,CUS-011476,2021-03-21 19:00:00,2021-03-24 02:00:00,Delivery,Phone,High,AGT-306,Resolved,5.0
TKT-0005095,CUS-007021,2022-10-03 01:00:00,2022-10-06 05:00:00,Account,Social,Low,AGT-243,Closed,4.0
TKT-0005096,CUS-002380,2021-08-10 08:00:00,2021-08-12 16:00:00,Returns,Phone,Medium,AGT-185,Resolved,
TKT-0005097,CUS-011670,2025-07-11 05:00:00,2025-07-14 11:00:00,Delivery,Email,Medium,AGT-234,Resolved,
TKT-0005098,CUS-002044,2024-08-23 06:00:00,2024-08-25 10:00:00,Delivery,Social,Low,AGT-239,Resolved,3.0
TKT-0005099,CUS-011025,2025-08-05 12:00:00,2025-08-09 23:00:00,Returns,Phone,High,AGT-104,Closed,
TKT-0005100,CUS-009184,2026-04-24 10:00:00,2026-04-25 16:00:00,Returns,Chat,Medium,AGT-042,Resolved,2.0
TKT-0005101,CUS-007898,2021-05-21 09:00:00,,Delivery,Email,Low,AGT-300,Open,
TKT-0005102,CUS-007785,2026-08-23 17:00:00,2026-08-25 11:00:00,Delivery,Phone,Low,AGT-004,Resolved,4.0
TKT-0005103,CUS-005618,2024-04-27 20:00:00,2024-04-30 12:00:00,Delivery,Social,High,AGT-212,Resolved,4.0
TKT-0005104,CUS-003579,2022-10-16 16:00:00,2022-10-18 12:00:00,Delivery,Store,Low,AGT-312,Resolved,5.0
TKT-0005105,CUS-010211,2025-11-17 21:00:00,2025-11-22 02:00:00,Returns,Phone,High,AGT-246,Closed,3.0
TKT-0005106,CUS-001694,2023-05-11 01:00:00,2023-05-15 01:00:00,Technical,Email,Medium,AGT-067,Resolved,5.0
TKT-0005107,CUS-010508,2021-03-15 14:00:00,2021-03-17 13:00:00,Returns,Chat,High,AGT-284,Resolved,5.0
TKT-0005108,CUS-003327,2021-03-30 13:00:00,2021-04-04 04:00:00,Returns,Store,Medium,AGT-036,Resolved,4.0
TKT-0005109,CUS-000977,2021-10-02 00:00:00,2021-10-03 00:00:00,Product Quality,Phone,Medium,AGT-131,Resolved,3.0
TKT-0005110,CUS-006880,2022-03-02 00:00:00,2022-03-03 10:00:00,Returns,Chat,Critical,AGT-308,Resolved,2.0
TKT-0005111,CUS-002732,2026-02-10 02:00:00,2026-02-12 15:00:00,Payment,Email,Medium,AGT-035,Closed,3.0
TKT-0005112,CUS-010578,2023-04-19 11:00:00,2023-04-22 18:00:00,Product Quality,Social,High,AGT-020,Resolved,4.0
TKT-0005113,CUS-002532,2023-09-27 10:00:00,2023-09-30 11:00:00,Product Quality,Email,Low,AGT-337,Resolved,4.0
TKT-0005114,CUS-003813,2023-07-17 17:00:00,2023-07-22 05:00:00,Account,Phone,High,AGT-285,Resolved,4.0
TKT-0005115,CUS-004106,2020-07-15 17:00:00,2020-07-17 10:00:00,Payment,Social,Medium,AGT-065,Resolved,5.0
TKT-0005116,CUS-004890,2021-02-07 01:00:00,2021-02-09 04:00:00,Returns,Email,High,AGT-025,Resolved,3.0
TKT-0005117,CUS-002606,2025-09-25 21:00:00,2025-09-28 12:00:00,Account,Social,Medium,AGT-031,Resolved,
TKT-0005118,CUS-001785,2024-02-08 13:00:00,2024-02-12 21:00:00,Account,Phone,Low,AGT-122,Resolved,
TKT-0005119,CUS-008368,2021-03-01 03:00:00,,Returns,Chat,Critical,AGT-348,Open,
TKT-0005120,CUS-008892,2026-08-29 22:00:00,2026-09-02 22:00:00,Delivery,Phone,Medium,AGT-258,Closed,1.0
TKT-0005121,CUS-005959,2021-03-08 01:00:00,2021-03-09 13:00:00,Product Quality,Phone,High,AGT-158,Resolved,
TKT-0005122,CUS-005981,2025-07-17 12:00:00,2025-07-21 06:00:00,Delivery,Social,Medium,AGT-196,Resolved,5.0
TKT-0005123,CUS-004531,2021-08-15 06:00:00,2021-08-20 03:00:00,Account,Email,High,AGT-302,Closed,
TKT-0005124,CUS-003392,2020-10-05 20:00:00,2020-10-10 13:00:00,Delivery,Store,Low,AGT-156,Resolved,
TKT-0005125,CUS-011073,2021-02-23 06:00:00,2021-02-24 12:00:00,account,Phone,High,AGT-243,Closed,5.0
TKT-0005126,CUS-008333,2021-09-21 04:00:00,2021-09-25 17:00:00,Delivery,Store,Medium,AGT-330,Resolved,3.0
TKT-0005127,CUS-005718,2024-02-11 15:00:00,2024-02-15 18:00:00,Payment,Email,Medium,AGT-246,Resolved,2.0
TKT-0005128,CUS-000675,2026-01-03 04:00:00,2026-01-03 05:00:00,Product Quality,Email,Medium,AGT-068,Resolved,4.0
TKT-0005129,CUS-000661,2022-04-26 20:00:00,2022-04-29 06:00:00,Technical,Email,Low,AGT-083,Resolved,
TKT-0005130,CUS-001839,2022-10-06 12:00:00,2022-10-08 12:00:00,Delivery,Email,Medium,AGT-093,Closed,
TKT-0005131,CUS-000354,2021-02-03 20:00:00,2021-02-04 09:00:00,Account,Phone,Medium,AGT-338,Resolved,5.0
TKT-0005132,CUS-003395,2025-10-12 05:00:00,2025-10-12 21:00:00,Delivery,Phone,Medium,AGT-113,Resolved,5.0
TKT-0005133,CUS-005718,2023-01-14 19:00:00,2023-01-17 13:00:00,Product Quality,Store,Low,AGT-317,Resolved,
TKT-0005134,CUS-005222,2025-10-03 20:00:00,2025-10-03 22:00:00,Delivery,Email,Low,AGT-341,Resolved,3.0
TKT-0005135,CUS-002625,2026-02-21 21:00:00,2026-02-24 11:00:00,Payment,Phone,Low,AGT-253,Resolved,5.0
TKT-0005136,CUS-006046,2023-10-25 16:00:00,2023-10-27 17:00:00,Delivery,Email,Low,AGT-206,Resolved,4.0
TKT-0005137,CUS-011647,2020-03-26 06:00:00,2020-03-30 17:00:00,Product Quality,Store,Medium,AGT-007,Resolved,
TKT-0005138,CUS-005725,2023-02-21 13:00:00,2023-02-24 06:00:00,Technical,Chat,Medium,AGT-020,Resolved,
TKT-0005139,CUS-006955,2022-08-19 01:00:00,2022-08-23 20:00:00,Product Quality,Store,Medium,AGT-146,Resolved,5.0
TKT-0005140,CUS-009726,2021-06-23 02:00:00,2021-06-26 08:00:00,Returns,Chat,Medium,AGT-025,Closed,5.0
TKT-0005141,CUS-008364,2025-11-10 09:00:00,2025-11-12 03:00:00,Delivery,Social,Low,AGT-086,Resolved,
TKT-0005142,CUS-007183,2026-06-14 02:00:00,2026-06-14 11:00:00,Account,Store,Medium,AGT-107,Resolved,5.0
TKT-0005143,CUS-003471,2024-11-02 11:00:00,2024-11-07 05:00:00,Payment,Phone,Low,AGT-028,Resolved,
TKT-0005144,CUS-001008,2023-06-09 19:00:00,,Delivery,Store,High,AGT-330,Open,
TKT-0005145,CUS-003971,2023-08-02 08:00:00,2023-08-05 23:00:00,Delivery,Phone,Medium,AGT-342,Resolved,5.0
TKT-0005146,CUS-002579,2022-05-04 05:00:00,2022-05-05 17:00:00,Technical,Email,High,AGT-112,Resolved,
TKT-0005147,CUS-007372,2021-08-23 00:00:00,2021-08-24 13:00:00,Returns,Email,Low,AGT-271,Resolved,4.0
TKT-0005148,CUS-002595,2020-02-16 01:00:00,2020-02-17 23:00:00,Returns,Email,Medium,AGT-210,Resolved,5.0
TKT-0005149,CUS-001549,2024-12-20 13:00:00,2024-12-20 23:00:00,Product Quality,Social,Low,AGT-017,Resolved,
TKT-0005150,CUS-001464,2025-05-24 09:00:00,2025-05-25 06:00:00,Delivery,Email,High,AGT-147,Resolved,
TKT-0005151,CUS-004335,2021-04-10 09:00:00,2021-04-13 22:00:00,Account,Email,Low,AGT-113,Resolved,4.0
TKT-0005152,CUS-000142,2021-08-21 09:00:00,2021-08-24 14:00:00,Delivery,Store,Medium,AGT-001,Closed,5.0
TKT-0005153,CUS-010646,2020-12-02 06:00:00,,Delivery,Social,Medium,AGT-057,Open,
TKT-0005154,CUS-011162,2020-05-26 17:00:00,2020-05-27 09:00:00,Promotion,Chat,Medium,AGT-014,Resolved,3.0
TKT-0005155,CUS-000460,2026-03-20 04:00:00,2026-03-20 20:00:00,Returns,Store,Low,AGT-126,Resolved,5.0
TKT-0005156,CUS-007131,2023-07-14 10:00:00,2023-07-17 18:00:00,Payment,Chat,Medium,AGT-188,Closed,
TKT-0005157,CUS-005268,2022-08-15 10:00:00,2022-08-17 16:00:00,Payment,Phone,Low,AGT-055,Resolved,3.0
TKT-0005158,CUS-010920,2021-10-30 02:00:00,2021-11-03 02:00:00,Returns,Social,Low,AGT-084,Closed,
TKT-0005159,CUS-001340,2021-05-24 07:00:00,2021-05-27 06:00:00,Payment,Phone,Low,AGT-127,Closed,
TKT-0005160,CUS-007654,2020-06-04 07:00:00,2020-06-06 03:00:00,Payment,Chat,Low,AGT-249,Resolved,5.0
TKT-0005161,CUS-004559,2026-04-12 19:00:00,,Account,Social,Medium,AGT-309,Open,
TKT-0005162,CUS-001699,2026-03-05 04:00:00,2026-03-08 02:00:00,Promotion,Phone,Medium,AGT-307,Resolved,
TKT-0005163,CUS-002446,2020-10-18 02:00:00,2020-10-19 12:00:00,Product Quality,Email,Medium,AGT-265,Resolved,4.0
TKT-0005164,CUS-003106,2024-12-01 18:00:00,2024-12-04 21:00:00,Delivery,Social,Medium,AGT-044,Closed,
TKT-0005165,CUS-000918,2024-12-10 23:00:00,2024-12-13 07:00:00,Delivery,Store,Low,AGT-255,Resolved,
TKT-0005166,CUS-009591,2021-12-18 01:00:00,2021-12-19 19:00:00,Product Quality,Email,Medium,AGT-191,Resolved,5.0
TKT-0005167,CUS-009771,2026-05-01 09:00:00,2026-05-05 21:00:00,Technical,Social,Low,AGT-032,Resolved,4.0
TKT-0005168,CUS-007050,2020-10-22 05:00:00,2020-10-24 03:00:00,Delivery,Social,Low,AGT-092,Resolved,5.0
TKT-0005169,CUS-000547,2020-11-01 03:00:00,2020-11-05 12:00:00,Account,Chat,Low,AGT-233,Resolved,4.0
TKT-0005170,CUS-011769,2021-07-08 00:00:00,2021-07-10 16:00:00,Product Quality,Social,Low,AGT-022,Resolved,
TKT-0005171,CUS-008930,2021-01-21 01:00:00,2021-01-24 19:00:00,Returns,Phone,Medium,AGT-035,Resolved,5.0
TKT-0005172,CUS-009221,2020-02-21 18:00:00,2020-02-22 16:00:00,Returns,Email,High,AGT-293,Resolved,3.0
TKT-0005173,CUS-011158,2026-05-15 05:00:00,2026-05-19 12:00:00,Technical,Phone,Medium,AGT-343,Resolved,4.0
TKT-0005174,CUS-000264,2023-03-31 16:00:00,2023-04-03 19:00:00,Returns,Phone,Low,AGT-280,Resolved,
TKT-0005175,CUS-006136,2026-02-20 05:00:00,2026-02-21 03:00:00,Product Quality,Chat,Medium,AGT-052,Resolved,2.0
TKT-0005176,CUS-011551,2021-02-17 16:00:00,2021-02-22 13:00:00,Payment,Store,Medium,AGT-325,Resolved,
TKT-0005177,CUS-009955,2021-07-24 02:00:00,2021-07-25 05:00:00,Delivery,Store,Medium,AGT-051,Resolved,5.0
TKT-0005178,CUS-000854,2021-03-01 20:00:00,2021-03-03 16:00:00,Delivery,Store,High,AGT-094,Resolved,5.0
TKT-0005179,CUS-011345,2021-10-29 08:00:00,,Returns,Email,Low,AGT-345,Open,
TKT-0005180,CUS-008241,2022-01-28 11:00:00,2022-01-30 17:00:00,Returns,Phone,Medium,AGT-007,Resolved,4.0
TKT-0005181,CUS-011033,2024-01-28 00:00:00,2024-02-01 20:00:00,Returns,Social,Low,AGT-091,Resolved,4.0
TKT-0005182,CUS-002622,2020-09-03 20:00:00,2020-09-05 09:00:00,Delivery,Social,Low,AGT-086,Resolved,
TKT-0005183,CUS-006048,2023-12-17 18:00:00,2023-12-22 14:00:00,Delivery,Social,High,AGT-157,Closed,
TKT-0005184,CUS-008654,2022-12-27 03:00:00,2022-12-31 10:00:00,Product Quality,Social,Medium,AGT-233,Resolved,4.0
TKT-0005185,CUS-007692,2023-09-12 16:00:00,2023-09-17 15:00:00,Delivery,Phone,Low,AGT-219,Closed,5.0
TKT-0005186,CUS-007857,2025-12-02 04:00:00,2025-12-06 03:00:00,Delivery,Phone,Medium,AGT-232,Resolved,3.0
TKT-0005187,CUS-001954,2023-12-17 23:00:00,2023-12-22 22:00:00,Returns,Store,High,AGT-305,Resolved,1.0
TKT-0005188,CUS-003867,2023-07-30 17:00:00,2023-08-02 21:00:00,Payment,Chat,High,AGT-279,Resolved,
TKT-0005189,CUS-009770,2023-05-06 08:00:00,2023-05-07 15:00:00,Technical,Store,Medium,AGT-055,Resolved,
TKT-0005190,CUS-004094,2026-07-31 22:00:00,2026-08-05 04:00:00,Delivery,Social,Low,AGT-126,Resolved,
TKT-0005191,CUS-003081,2023-11-13 14:00:00,,Delivery,Email,High,AGT-162,Open,
TKT-0005192,CUS-011670,2025-09-29 19:00:00,2025-10-03 11:00:00,Account,Store,High,AGT-185,Closed,4.0
TKT-0005193,CUS-008582,2021-09-23 22:00:00,,Delivery,Phone,Medium,AGT-262,Open,
TKT-0005194,CUS-010191,2021-09-12 21:00:00,2021-09-17 02:00:00,Delivery,Phone,Medium,AGT-057,Resolved,
TKT-0005195,CUS-009836,2020-05-22 15:00:00,2020-05-26 11:00:00,Product Quality,Store,Medium,AGT-292,Resolved,
TKT-0005196,CUS-003991,2024-01-09 12:00:00,2024-01-13 03:00:00,Promotion,Phone,High,AGT-088,Resolved,4.0
TKT-0005197,CUS-001909,2024-05-01 00:00:00,2024-05-01 22:00:00,Product Quality,Email,Low,AGT-311,Closed,5.0
TKT-0005198,CUS-000138,2025-10-04 15:00:00,2025-10-09 05:00:00,Account,Chat,Low,AGT-305,Resolved,5.0
TKT-0005199,CUS-000234,2026-03-31 13:00:00,2026-04-04 12:00:00,Account,Chat,Low,AGT-252,Closed,3.0
TKT-0005200,CUS-008811,2024-05-24 10:00:00,2024-05-28 02:00:00,Product Quality,Social,Low,AGT-106,Resolved,5.0
TKT-0005201,CUS-003735,2024-12-15 01:00:00,,Product Quality,Store,Medium,AGT-184,Open,
TKT-0005202,CUS-006948,2023-08-10 10:00:00,2023-08-10 19:00:00,Delivery,Store,Medium,AGT-344,Resolved,
TKT-0005203,CUS-005907,2025-10-14 07:00:00,2025-10-17 05:00:00,Payment,Chat,Low,AGT-004,Resolved,4.0
TKT-0005204,CUS-006201,2021-01-26 00:00:00,2021-01-29 20:00:00,Returns,Chat,High,AGT-216,Resolved,1.0
TKT-0005205,CUS-001576,2022-06-26 10:00:00,2022-06-26 15:00:00,Returns,Email,Medium,AGT-056,Resolved,
TKT-0005206,CUS-002888,2021-01-30 20:00:00,2021-02-03 14:00:00,Delivery,Email,Medium,AGT-162,Closed,
TKT-0005207,CUS-006625,2021-03-18 15:00:00,2021-03-20 03:00:00,Delivery,Social,Low,AGT-231,Resolved,3.0
TKT-0005208,CUS-000096,2021-05-11 04:00:00,2021-05-15 06:00:00,Returns,Phone,Low,AGT-187,Resolved,
TKT-0005209,CUS-004487,2026-06-13 00:00:00,2026-06-17 14:00:00,Delivery,Chat,Low,AGT-292,Resolved,
TKT-0005210,CUS-010637,2025-12-09 07:00:00,2025-12-13 09:00:00,Account,Social,Low,AGT-128,Resolved,5.0
TKT-0005211,CUS-003669,2024-08-13 19:00:00,2024-08-15 09:00:00,Product Quality,Phone,Medium,AGT-254,Resolved,
TKT-0005212,CUS-009549,2024-09-21 16:00:00,2024-09-23 13:00:00,Product Quality,Email,Medium,AGT-239,Closed,4.0
TKT-0005213,CUS-007266,2020-08-12 15:00:00,,Returns,Store,Medium,AGT-286,Open,
TKT-0005214,CUS-005856,2020-03-25 09:00:00,2020-03-26 11:00:00,Promotion,Store,Low,AGT-296,Resolved,5.0
TKT-0005215,CUS-009804,2021-04-07 06:00:00,2021-04-11 05:00:00,Product Quality,Phone,High,AGT-105,Resolved,
TKT-0005216,CUS-011997,2025-01-12 15:00:00,2025-01-12 22:00:00,Technical,Chat,Medium,AGT-222,Resolved,3.0
TKT-0005217,CUS-007752,2024-06-22 00:00:00,,Returns,Store,Low,AGT-035,Open,
TKT-0005218,CUS-000213,2020-07-24 06:00:00,2020-07-27 14:00:00,Returns,Email,Low,AGT-158,Resolved,
TKT-0005219,CUS-009274,2024-08-13 04:00:00,2024-08-17 03:00:00,Product Quality,Store,Medium,AGT-092,Resolved,
TKT-0005220,CUS-004294,2023-02-08 13:00:00,2023-02-11 04:00:00,Delivery,Store,High,AGT-002,Resolved,
TKT-0005221,CUS-006802,2023-03-13 08:00:00,2023-03-14 03:00:00,Delivery ,Social,Medium,AGT-245,Resolved,
TKT-0005222,CUS-003087,2021-11-02 00:00:00,2021-11-04 01:00:00,Account,Social,High,AGT-027,Resolved,
TKT-0005223,CUS-007598,2021-11-04 21:00:00,,Account,Social,Medium,AGT-337,Open,
TKT-0005224,CUS-000428,2023-01-01 02:00:00,2023-01-02 07:00:00,Technical,Store,Medium,AGT-227,Resolved,
TKT-0005225,CUS-001434,2024-12-04 23:00:00,2024-12-07 06:00:00,Delivery,Phone,Medium,AGT-048,Resolved,
TKT-0005226,CUS-003482,2022-12-29 02:00:00,2023-01-02 01:00:00,Technical,Chat,Low,AGT-340,Resolved,5.0
TKT-0005227,CUS-007752,2023-05-28 10:00:00,2023-05-31 00:00:00,Account,Phone,Medium,AGT-058,Closed,2.0
TKT-0005228,CUS-002050,2020-04-11 19:00:00,2020-04-16 15:00:00,Returns,Email,Medium,AGT-253,Resolved,
TKT-0005229,CUS-005258,2023-10-16 11:00:00,2023-10-19 13:00:00,Returns,Email,Low,AGT-166,Closed,
TKT-0005230,CUS-004082,2025-09-23 11:00:00,2025-09-27 09:00:00,Delivery,Social,Medium,AGT-011,Resolved,
TKT-0005231,CUS-002318,2020-03-21 14:00:00,2020-03-25 09:00:00,Product Quality,Chat,Low,AGT-181,Closed,5.0
TKT-0005232,CUS-001653,2020-08-16 03:00:00,2020-08-20 01:00:00,Technical,Social,Medium,AGT-346,Resolved,5.0
TKT-0005233,CUS-009668,2026-06-24 22:00:00,2026-06-25 16:00:00,Promotion,Chat,Medium,AGT-250,Resolved,4.0
TKT-0005234,CUS-001986,2024-02-08 21:00:00,,Delivery,Chat,Medium,AGT-270,Open,
TKT-0005235,CUS-000076,2023-04-12 18:00:00,2023-04-17 17:00:00,Account,Store,Medium,AGT-054,Resolved,
TKT-0005236,CUS-011700,2021-10-15 21:00:00,2021-10-20 17:00:00,Payment,Social,High,AGT-104,Closed,3.0
TKT-0005237,CUS-005849,2025-03-23 07:00:00,2025-03-27 01:00:00,Delivery,Store,Low,AGT-300,Closed,4.0
TKT-0005238,CUS-009092,2022-07-27 21:00:00,,Delivery,Phone,High,AGT-091,Open,
TKT-0005239,CUS-002164,2020-05-22 18:00:00,2020-05-23 10:00:00,Product Quality,Phone,Medium,AGT-237,Resolved,5.0
TKT-0005240,CUS-003743,2025-12-15 19:00:00,2025-12-18 03:00:00,Returns,Store,Low,AGT-252,Resolved,
TKT-0005241,CUS-004550,2026-05-04 07:00:00,2026-05-04 09:00:00,Product Quality,Social,Medium,AGT-129,Resolved,2.0
TKT-0005242,CUS-000128,2020-04-18 02:00:00,2020-04-22 01:00:00,Product Quality,Social,High,AGT-037,Resolved,
TKT-0005243,CUS-011548,2025-07-02 16:00:00,2025-07-02 22:00:00,Account,Phone,High,AGT-194,Resolved,
TKT-0005244,CUS-009399,2022-05-07 07:00:00,,Delivery,Chat,Medium,AGT-276,Open,
TKT-0005245,CUS-004523,2025-04-08 09:00:00,2025-04-12 20:00:00,Promotion,Phone,Low,AGT-185,Resolved,
TKT-0005246,CUS-009018,2025-01-23 21:00:00,2025-01-26 11:00:00,Account,Social,Low,AGT-312,Resolved,
TKT-0005247,CUS-006925,2020-02-01 07:00:00,2020-02-03 13:00:00,Payment,Social,Low,AGT-197,Resolved,5.0
TKT-0005248,CUS-009037,2026-07-25 03:00:00,2026-07-28 03:00:00,Account,Store,Low,AGT-109,Resolved,2.0
TKT-0005249,CUS-000857,2024-11-05 20:00:00,2024-11-09 19:00:00,Returns,Chat,Medium,AGT-294,Resolved,
TKT-0005250,CUS-004941,2024-10-04 20:00:00,2024-10-07 18:00:00,Delivery,Phone,Medium,AGT-166,Closed,
TKT-0005251,CUS-006258,2022-02-11 17:00:00,2022-02-12 01:00:00,Delivery,Phone,Low,AGT-144,Resolved,
TKT-0005252,CUS-009199,2026-02-07 21:00:00,,Product Quality,Email,Medium,AGT-315,Open,
TKT-0005253,CUS-011783,2021-04-12 06:00:00,2021-04-13 13:00:00,Delivery,Store,High,AGT-119,Resolved,4.0
TKT-0005254,CUS-002186,2020-03-15 20:00:00,2020-03-18 21:00:00,Returns,Email,Medium,AGT-315,Resolved,2.0
TKT-0005255,CUS-000210,2023-11-26 19:00:00,2023-11-30 11:00:00,Delivery,Store,Low,AGT-248,Resolved,
TKT-0005256,CUS-008586,2023-09-11 14:00:00,,Returns,Email,High,AGT-318,Open,
TKT-0005257,CUS-004224,2020-05-21 14:00:00,2020-05-21 20:00:00,Delivery,Store,Medium,AGT-296,Resolved,4.0
TKT-0005258,CUS-002063,2024-06-13 05:00:00,2024-06-13 08:00:00,Delivery,Phone,High,AGT-009,Resolved,
TKT-0005259,CUS-007542,2020-10-22 21:00:00,2020-10-26 16:00:00,Returns,Store,Medium,AGT-277,Resolved,5.0
TKT-0005260,CUS-006144,2025-05-01 22:00:00,2025-05-02 21:00:00,Delivery,Email,Medium,AGT-114,Resolved,4.0
TKT-0005261,CUS-004973,2025-10-14 10:00:00,,Delivery,Email,Medium,AGT-107,Open,
TKT-0005262,CUS-011678,2023-04-01 05:00:00,2023-04-01 14:00:00,Payment,Chat,Medium,AGT-022,Closed,
TKT-0005263,CUS-000716,2022-02-20 02:00:00,2022-02-23 19:00:00,Product Quality,Store,Medium,AGT-247,Closed,5.0
TKT-0005264,CUS-006282,2022-02-28 05:00:00,2022-03-03 22:00:00,Delivery,Social,Low,AGT-299,Resolved,
TKT-0005265,CUS-009249,2021-09-04 03:00:00,2021-09-06 19:00:00,Delivery,Store,Low,AGT-134,Resolved,
TKT-0005266,CUS-009854,2025-11-04 08:00:00,2025-11-07 05:00:00,Payment,Email,Medium,AGT-272,Resolved,3.0
TKT-0005267,CUS-010607,2021-05-01 23:00:00,,Returns,Social,Medium,AGT-156,Open,
TKT-0005268,CUS-004373,2020-11-16 10:00:00,2020-11-18 05:00:00,Returns,Email,Medium,AGT-269,Resolved,
TKT-0005269,CUS-000120,2022-04-05 08:00:00,2022-04-09 00:00:00,Technical,Phone,Low,AGT-056,Resolved,
TKT-0005270,CUS-004860,2026-06-18 10:00:00,2026-06-23 08:00:00,Payment,Social,Low,AGT-138,Closed,5.0
TKT-0005271,CUS-002202,2020-08-17 18:00:00,2020-08-19 00:00:00,Technical,Chat,Low,AGT-052,Closed,4.0
TKT-0005272,CUS-010733,2025-04-04 00:00:00,,Promotion,Phone,Critical,AGT-025,Open,
TKT-0005273,CUS-005310,2023-10-16 02:00:00,2023-10-17 06:00:00,Product Quality,Social,Medium,AGT-332,Closed,5.0
TKT-0005274,CUS-009976,2025-10-03 11:00:00,2025-10-05 23:00:00,Product Quality,Store,Medium,AGT-327,Resolved,3.0
TKT-0005275,CUS-009031,2022-05-09 13:00:00,2022-05-14 05:00:00,Account,Phone,High,AGT-322,Resolved,4.0
TKT-0005276,CUS-011826,2025-02-25 15:00:00,2025-02-25 22:00:00,Delivery,Social,High,AGT-092,Resolved,
TKT-0005277,CUS-010157,2021-03-07 09:00:00,2021-03-10 18:00:00,Product Quality,Email,Medium,AGT-193,Resolved,
TKT-0005278,CUS-009083,2025-12-13 18:00:00,2025-12-16 16:00:00,Payment,Store,High,AGT-242,Closed,4.0
TKT-0005279,CUS-006496,2020-07-18 05:00:00,2020-07-20 12:00:00,Delivery,Email,Low,AGT-040,Resolved,1.0
TKT-0005280,CUS-009305,2023-11-28 12:00:00,2023-11-29 22:00:00,Delivery,Store,Medium,AGT-264,Resolved,
TKT-0005281,CUS-004063,2024-12-16 10:00:00,2024-12-19 04:00:00,Technical,Chat,Low,AGT-273,Closed,4.0
TKT-0005282,CUS-006126,2022-11-06 22:00:00,2022-11-10 17:00:00,Delivery,Chat,Low,AGT-075,Resolved,3.0
TKT-0005283,CUS-005273,2023-12-26 09:00:00,2023-12-28 09:00:00,Returns,Social,High,AGT-265,Resolved,5.0
TKT-0005284,CUS-004447,2020-01-15 02:00:00,2020-01-16 06:00:00,Technical,Phone,Medium,AGT-103,Closed,
TKT-0005285,CUS-009115,2025-06-23 03:00:00,2025-06-24 03:00:00,Payment,Store,High,AGT-081,Resolved,
TKT-0005286,CUS-005364,2024-04-08 08:00:00,2024-04-12 03:00:00,Product Quality,Phone,High,AGT-288,Closed,
TKT-0005287,CUS-008256,2020-10-12 16:00:00,2020-10-13 03:00:00,Delivery,Social,Medium,AGT-291,Resolved,
TKT-0005288,CUS-006655,2023-10-16 13:00:00,2023-10-17 22:00:00,Returns,Email,Low,AGT-072,Resolved,
TKT-0005289,CUS-010770,2022-12-19 13:00:00,2022-12-20 17:00:00,Delivery,Chat,Low,AGT-239,Resolved,
TKT-0005290,CUS-010566,2024-11-29 21:00:00,2024-12-01 03:00:00,Payment,Email,Medium,AGT-289,Closed,
TKT-0005291,CUS-000928,2022-12-27 06:00:00,,Delivery,Chat,Low,AGT-123,Open,
TKT-0005292,CUS-006559,2022-03-26 10:00:00,2022-03-28 22:00:00,Returns,Email,Low,AGT-199,Resolved,
TKT-0005293,CUS-000490,2023-12-12 15:00:00,2023-12-15 09:00:00,Returns,Chat,Medium,AGT-258,Resolved,
TKT-0005294,CUS-008705,2020-03-31 20:00:00,2020-04-03 17:00:00,Product Quality,Email,Medium,AGT-134,Resolved,
TKT-0005295,CUS-000323,2020-03-09 00:00:00,2020-03-11 04:00:00,Delivery,Chat,Medium,AGT-118,Resolved,5.0
TKT-0005296,CUS-005990,2023-11-27 03:00:00,2023-11-30 19:00:00,Account,Phone,Medium,AGT-272,Resolved,5.0
TKT-0005297,CUS-011900,2023-11-20 07:00:00,,Technical,Email,Medium,AGT-024,Open,
TKT-0005298,CUS-008150,2021-07-13 23:00:00,2021-07-17 05:00:00,Product Quality,Email,Medium,AGT-112,Resolved,4.0
TKT-0005299,CUS-004731,2023-06-10 09:00:00,2023-06-13 23:00:00,Returns,Email,Medium,AGT-113,Closed,5.0
TKT-0005300,CUS-003703,2020-07-18 07:00:00,2020-07-21 16:00:00,Product Quality,Chat,Medium,AGT-015,Resolved,5.0
TKT-0005301,CUS-011877,2020-12-28 01:00:00,2020-12-31 02:00:00,Product Quality,Social,High,AGT-076,Resolved,5.0
TKT-0005302,CUS-000579,2020-03-28 05:00:00,2020-03-29 14:00:00,Technical,Phone,Medium,AGT-173,Resolved,5.0
TKT-0005303,CUS-004174,2022-11-27 00:00:00,2022-11-29 08:00:00,Payment,Social,Medium,AGT-257,Resolved,5.0
TKT-0005304,CUS-001483,2026-02-09 22:00:00,,Product Quality,Social,Low,AGT-229,Open,
TKT-0005305,CUS-007562,2022-12-17 01:00:00,2022-12-20 23:00:00,Product Quality,Social,Low,AGT-334,Resolved,5.0
TKT-0005306,CUS-001741,2020-04-12 10:00:00,2020-04-17 08:00:00,Payment,Email,High,AGT-221,Resolved,
TKT-0005307,CUS-003446,2022-05-09 01:00:00,2022-05-10 05:00:00,Returns,Chat,Medium,AGT-081,Closed,2.0
TKT-0005308,CUS-003253,2022-04-11 13:00:00,2022-04-13 03:00:00,Returns,Phone,Low,AGT-220,Closed,5.0
TKT-0005309,CUS-009528,2020-12-31 15:00:00,2021-01-05 08:00:00,Product Quality,Email,Low,AGT-174,Resolved,5.0
TKT-0005310,CUS-001502,2023-02-21 05:00:00,2023-02-24 20:00:00,Product Quality,Phone,Medium,AGT-089,Resolved,5.0
TKT-0005311,CUS-002185,2022-06-05 04:00:00,2022-06-06 23:00:00,Payment,Email,Medium,AGT-184,Resolved,3.0
TKT-0005312,CUS-008942,2024-05-14 03:00:00,2024-05-16 02:00:00,Technical,Phone,Medium,AGT-060,Resolved,5.0
TKT-0005313,CUS-009592,2025-12-01 07:00:00,2025-12-02 08:00:00,Technical,Social,Medium,AGT-292,Resolved,5.0
TKT-0005314,CUS-004661,2022-06-20 02:00:00,2022-06-23 21:00:00,Returns,Store,Medium,AGT-033,Resolved,
TKT-0005315,CUS-003742,2022-11-03 23:00:00,2022-11-07 21:00:00,Delivery,Email,High,AGT-161,Resolved,
TKT-0005316,CUS-006430,2020-12-30 21:00:00,2021-01-04 00:00:00,Returns,Social,Medium,AGT-253,Closed,4.0
TKT-0005317,CUS-005792,2020-05-31 01:00:00,2020-05-31 07:00:00,Returns,Phone,Medium,AGT-096,Resolved,5.0
TKT-0005318,CUS-002723,2023-10-26 17:00:00,2023-10-31 08:00:00,Product Quality,Chat,Medium,AGT-096,Closed,
TKT-0005319,CUS-001237,2020-10-11 17:00:00,2020-10-15 09:00:00,Delivery,Social,Low,AGT-063,Closed,4.0
TKT-0005320,CUS-010664,2021-01-22 09:00:00,2021-01-24 21:00:00,Promotion,Phone,Low,AGT-175,Closed,4.0
TKT-0005321,CUS-007939,2026-03-02 23:00:00,2026-03-05 02:00:00,Product Quality,Email,Medium,AGT-087,Resolved,
TKT-0005322,CUS-010054,2026-04-23 04:00:00,2026-04-28 00:00:00,Delivery,Store,Low,AGT-229,Resolved,
TKT-0005323,CUS-008623,2022-08-04 06:00:00,2022-08-04 22:00:00,Payment,Social,Low,AGT-179,Resolved,
TKT-0005324,CUS-008120,2024-08-22 21:00:00,2024-08-25 07:00:00,Returns,Social,Low,AGT-150,Closed,4.0
TKT-0005325,CUS-007147,2025-08-17 12:00:00,2025-08-21 12:00:00,Account,Chat,Low,AGT-101,Resolved,4.0
TKT-0005326,CUS-011520,2026-07-12 09:00:00,2026-07-16 12:00:00,Returns,Store,Medium,AGT-207,Resolved,
TKT-0005327,CUS-000453,2021-05-10 08:00:00,2021-05-11 06:00:00,Delivery,Chat,Low,AGT-250,Resolved,5.0
TKT-0005328,CUS-009114,2020-07-19 08:00:00,2020-07-24 02:00:00,Returns,Chat,Medium,AGT-328,Resolved,4.0
TKT-0005329,CUS-000953,2020-05-17 00:00:00,2020-05-20 05:00:00,Payment,Social,Low,AGT-300,Resolved,3.0
TKT-0005330,CUS-008760,2020-05-01 07:00:00,2020-05-03 00:00:00,Promotion,Email,Medium,AGT-119,Resolved,4.0
TKT-0005331,CUS-000419,2023-12-30 18:00:00,2024-01-01 22:00:00,Returns,Chat,Critical,AGT-168,Resolved,1.0
TKT-0005332,CUS-000413,2021-01-05 04:00:00,2021-01-07 11:00:00,Returns,Phone,High,AGT-086,Resolved,
TKT-0005333,CUS-007453,2021-08-17 19:00:00,2021-08-20 15:00:00,Technical,Phone,Low,AGT-076,Resolved,1.0
TKT-0005334,CUS-010309,2021-03-31 17:00:00,2021-04-01 16:00:00,Product Quality,Phone,Medium,AGT-116,Resolved,4.0
TKT-0005335,CUS-007265,2021-06-26 02:00:00,2021-06-30 13:00:00,Delivery,Store,Low,AGT-244,Resolved,3.0
TKT-0005336,CUS-001105,2020-03-12 07:00:00,2020-03-16 22:00:00,Technical,Chat,High,AGT-207,Closed,4.0
TKT-0005337,CUS-007277,2022-11-28 07:00:00,2022-12-03 05:00:00,Product Quality,Chat,High,AGT-346,Resolved,
TKT-0005338,CUS-007364,2023-07-05 06:00:00,2023-07-05 20:00:00,Account,Chat,Medium,AGT-287,Resolved,
TKT-0005339,CUS-009291,2025-07-10 15:00:00,2025-07-13 00:00:00,Account,Social,Medium,AGT-106,Resolved,3.0
TKT-0005340,CUS-000058,2022-08-21 02:00:00,2022-08-22 21:00:00,Returns,Social,High,AGT-280,Closed,
TKT-0005341,CUS-004027,2021-02-12 04:00:00,2021-02-14 05:00:00,Delivery,Phone,Low,AGT-011,Closed,5.0
TKT-0005342,CUS-004180,2022-11-28 12:00:00,2022-11-30 23:00:00,Promotion,Phone,Medium,AGT-117,Resolved,
TKT-0005343,CUS-001542,2022-05-31 19:00:00,2022-06-02 21:00:00,Returns,Email,Critical,AGT-043,Resolved,4.0
TKT-0005344,CUS-006760,2026-05-22 08:00:00,2026-05-24 13:00:00,Returns,Social,High,AGT-109,Resolved,5.0
TKT-0005345,CUS-005196,2023-07-20 16:00:00,2023-07-22 23:00:00,Delivery,Store,Medium,AGT-035,Resolved,
TKT-0005346,CUS-006504,2022-06-21 17:00:00,,Delivery,Chat,Medium,AGT-090,Open,
TKT-0005347,CUS-010869,2025-10-29 14:00:00,2025-10-31 22:00:00,Returns,Chat,Medium,AGT-181,Closed,2.0
TKT-0005348,CUS-005620,2021-11-13 18:00:00,2021-11-18 06:00:00,Account,Chat,Low,AGT-028,Closed,
TKT-0005349,CUS-002227,2021-07-24 10:00:00,2021-07-27 00:00:00,Delivery,Email,Medium,AGT-186,Closed,3.0
TKT-0005350,CUS-008351,2021-01-19 13:00:00,2021-01-22 16:00:00,Delivery,Phone,Low,AGT-255,Resolved,
TKT-0005351,CUS-002473,2025-06-02 05:00:00,2025-06-06 18:00:00,Product Quality,Chat,High,AGT-343,Resolved,1.0
TKT-0005352,CUS-010119,2020-12-10 15:00:00,2020-12-14 10:00:00,Returns,Email,High,AGT-101,Resolved,
TKT-0005353,CUS-005104,2023-03-11 17:00:00,2023-03-15 19:00:00,Product Quality,Store,Low,AGT-013,Closed,3.0
TKT-0005354,CUS-009345,2025-12-23 00:00:00,2025-12-26 09:00:00,Returns,Store,Medium,AGT-278,Closed,4.0
TKT-0005355,CUS-009051,2021-04-05 19:00:00,2021-04-10 02:00:00,Delivery,Phone,Medium,AGT-144,Resolved,2.0
TKT-0005356,CUS-007427,2022-03-03 13:00:00,2022-03-03 17:00:00,Account,Phone,Critical,AGT-332,Closed,5.0
TKT-0005357,CUS-006514,2022-06-17 04:00:00,,Promotion,Social,Medium,AGT-265,Open,
TKT-0005358,CUS-005708,2026-01-16 16:00:00,2026-01-18 02:00:00,Delivery,Social,Low,AGT-345,Resolved,4.0
TKT-0005359,CUS-008685,2024-03-11 13:00:00,2024-03-12 15:00:00,Delivery,Store,Low,AGT-078,Closed,5.0
TKT-0005360,CUS-010063,2021-09-08 21:00:00,2021-09-10 23:00:00,Product Quality,Social,Medium,AGT-045,Closed,
TKT-0005361,CUS-009597,2025-05-22 16:00:00,2025-05-23 19:00:00,Returns,Phone,Low,AGT-324,Closed,4.0
TKT-0005362,CUS-005723,2026-02-14 20:00:00,2026-02-17 23:00:00,Product Quality,Phone,Medium,AGT-240,Closed,
TKT-0005363,CUS-001977,2026-07-09 22:00:00,2026-07-13 00:00:00,Returns,Phone,Low,AGT-225,Resolved,
TKT-0005364,CUS-004933,2020-03-10 00:00:00,2020-03-14 14:00:00,Delivery,Store,Medium,AGT-295,Resolved,
TKT-0005365,CUS-004308,2020-03-01 17:00:00,2020-03-02 00:00:00,Returns,Chat,Medium,AGT-047,Resolved,3.0
TKT-0005366,CUS-011440,2025-04-17 13:00:00,2025-04-22 07:00:00,Account,Email,Medium,AGT-044,Resolved,5.0
TKT-0005367,CUS-000049,2025-03-14 07:00:00,2025-03-14 17:00:00,Product Quality,Phone,High,AGT-051,Resolved,
TKT-0005368,CUS-008113,2022-08-12 13:00:00,2022-08-17 04:00:00,Payment,Chat,Medium,AGT-190,Resolved,5.0
TKT-0005369,CUS-006821,2026-01-24 17:00:00,2026-01-28 11:00:00,Delivery,Phone,Medium,AGT-319,Resolved,2.0
TKT-0005370,CUS-011943,2025-11-26 12:00:00,2025-11-26 14:00:00,Technical,Store,Medium,AGT-023,Resolved,5.0
TKT-0005371,CUS-004239,2021-09-15 05:00:00,2021-09-16 04:00:00,Account,Phone,Medium,AGT-045,Resolved,3.0
TKT-0005372,CUS-006379,2023-09-24 21:00:00,2023-09-27 11:00:00,Payment,Phone,High,AGT-028,Resolved,5.0
TKT-0005373,CUS-011641,2020-08-05 09:00:00,2020-08-07 15:00:00,Product Quality,Email,Low,AGT-114,Resolved,
TKT-0005374,CUS-008233,2024-07-31 07:00:00,2024-07-31 13:00:00,Delivery,Chat,High,AGT-078,Resolved,
TKT-0005375,CUS-006502,2024-06-22 21:00:00,,Technical,Chat,Medium,AGT-101,Open,
TKT-0005376,CUS-004462,2022-01-17 18:00:00,2022-01-19 14:00:00,Returns,Social,Low,AGT-313,Closed,4.0
TKT-0005377,CUS-001243,2020-03-21 13:00:00,2020-03-26 11:00:00,Payment,Phone,Medium,AGT-006,Closed,2.0
TKT-0005378,CUS-008265,2023-05-23 11:00:00,2023-05-25 05:00:00,Delivery,Store,High,AGT-212,Resolved,
TKT-0005379,CUS-011337,2025-11-05 06:00:00,2025-11-06 16:00:00,Product Quality,Chat,Low,AGT-061,Resolved,
TKT-0005380,CUS-011272,2021-09-14 09:00:00,2021-09-17 16:00:00,Payment,Email,Critical,AGT-180,Resolved,
TKT-0005381,CUS-002581,2026-01-15 05:00:00,2026-01-16 20:00:00,Delivery,Chat,Medium,AGT-011,Resolved,4.0
TKT-0005382,CUS-007498,2024-04-16 05:00:00,2024-04-16 23:00:00,Technical,Phone,Medium,AGT-223,Closed,5.0
TKT-0005383,CUS-008197,2023-07-17 13:00:00,2023-07-22 04:00:00,Technical,Social,Medium,AGT-096,Resolved,4.0
TKT-0005384,CUS-008120,2024-07-11 21:00:00,2024-07-12 09:00:00,Product Quality,Phone,Medium,AGT-016,Resolved,3.0
TKT-0005385,CUS-000606,2025-09-15 02:00:00,2025-09-19 05:00:00,Product Quality,Store,Medium,AGT-326,Closed,5.0
TKT-0005386,CUS-000568,2021-03-09 20:00:00,2021-03-11 22:00:00,Promotion,Phone,Medium,AGT-307,Closed,
TKT-0005387,CUS-003091,2022-02-27 21:00:00,2022-02-28 18:00:00,Delivery,Store,High,AGT-034,Resolved,
TKT-0005388,CUS-010851,2020-02-21 02:00:00,2020-02-24 13:00:00,Technical,Email,Critical,AGT-109,Resolved,4.0
TKT-0005389,CUS-000172,2022-12-29 23:00:00,2023-01-02 18:00:00,Returns,Email,Medium,AGT-119,Resolved,1.0
TKT-0005390,CUS-003625,2020-01-13 07:00:00,2020-01-17 20:00:00,Delivery,Email,Low,AGT-338,Resolved,
TKT-0005391,CUS-000233,2022-06-15 18:00:00,2022-06-17 03:00:00,Returns,Store,High,AGT-089,Closed,4.0
TKT-0005392,CUS-008949,2024-11-14 15:00:00,2024-11-15 06:00:00,Returns,Phone,Medium,AGT-182,Resolved,3.0
TKT-0005393,CUS-004291,2025-10-13 16:00:00,2025-10-16 17:00:00,Delivery,Chat,Medium,AGT-098,Resolved,3.0
TKT-0005394,CUS-004821,2020-02-02 03:00:00,2020-02-02 22:00:00,Delivery,Store,Low,AGT-003,Resolved,
TKT-0005395,CUS-003781,2022-06-18 13:00:00,2022-06-22 03:00:00,Delivery,Chat,Medium,AGT-067,Closed,
TKT-0005396,CUS-005457,2024-04-06 10:00:00,2024-04-08 15:00:00,Delivery,Store,Low,AGT-200,Resolved,4.0
TKT-0005397,CUS-004690,2024-04-14 04:00:00,2024-04-18 23:00:00,Delivery,Phone,Medium,AGT-325,Resolved,4.0
TKT-0005398,CUS-005281,2021-06-20 05:00:00,2021-06-23 21:00:00,Delivery,Store,Low,AGT-121,Resolved,
TKT-0005399,CUS-010052,2020-12-02 10:00:00,2020-12-03 09:00:00,Delivery,Chat,Low,AGT-044,Resolved,
TKT-0005400,CUS-011407,2025-11-30 21:00:00,,Delivery,Chat,Medium,AGT-233,Open,
TKT-0005401,CUS-007304,2024-04-23 20:00:00,,Returns,Social,Low,AGT-132,Open,
TKT-0005402,CUS-002948,2025-11-06 23:00:00,2025-11-07 06:00:00,Returns,Phone,Medium,AGT-341,Resolved,
TKT-0005403,CUS-002974,2022-03-01 00:00:00,2022-03-05 10:00:00,Promotion,Email,Low,AGT-098,Resolved,4.0
TKT-0005404,CUS-010336,2022-10-07 13:00:00,2022-10-12 12:00:00,Delivery,Social,High,AGT-139,Resolved,
TKT-0005405,CUS-004389,2020-05-30 18:00:00,2020-05-31 12:00:00,Delivery,Chat,High,AGT-147,Closed,4.0
TKT-0005406,CUS-006735,2023-01-27 11:00:00,2023-01-30 02:00:00,Returns,Phone,Low,AGT-061,Resolved,5.0
TKT-0005407,CUS-005135,2021-06-24 09:00:00,2021-06-26 10:00:00,Delivery,Social,Medium,AGT-069,Resolved,
TKT-0005408,CUS-000300,2022-03-06 22:00:00,2022-03-09 16:00:00,Delivery,Email,High,AGT-115,Resolved,2.0
TKT-0005409,CUS-004951,2026-08-30 22:00:00,,Delivery,Email,Medium,AGT-268,Open,
TKT-0005410,CUS-001618,2023-07-25 16:00:00,2023-07-28 20:00:00,Payment,Phone,Critical,AGT-167,Resolved,5.0
TKT-0005411,CUS-000393,2021-05-01 04:00:00,2021-05-01 10:00:00,Account,Social,Medium,AGT-029,Resolved,4.0
TKT-0005412,CUS-007685,2020-07-30 22:00:00,2020-08-04 08:00:00,Returns,Social,Medium,AGT-185,Resolved,5.0
TKT-0005413,CUS-000624,2026-07-09 05:00:00,2026-07-10 06:00:00,Technical,Email,Medium,AGT-123,Resolved,
TKT-0005414,CUS-010426,2022-12-31 01:00:00,,Returns,Store,High,AGT-139,Open,
TKT-0005415,CUS-004955,2023-11-15 01:00:00,2023-11-17 01:00:00,Product Quality,Chat,Low,AGT-319,Resolved,
TKT-0005416,CUS-001466,2026-01-10 09:00:00,2026-01-12 14:00:00,Delivery,Phone,Low,AGT-190,Resolved,1.0
TKT-0005417,CUS-002354,2020-11-24 21:00:00,2020-11-28 11:00:00,Payment,Phone,Medium,AGT-287,Resolved,
TKT-0005418,CUS-003108,2023-03-30 12:00:00,,Payment,Email,High,AGT-287,Open,
TKT-0005419,CUS-000536,2025-01-12 00:00:00,2025-01-13 15:00:00,Delivery,Social,Medium,AGT-156,Resolved,5.0
TKT-0005420,CUS-006077,2023-04-18 02:00:00,2023-04-22 04:00:00,Delivery,Chat,Medium,AGT-282,Resolved,
TKT-0005421,CUS-001979,2023-09-21 08:00:00,2023-09-23 06:00:00,Returns,Store,Low,AGT-339,Resolved,
TKT-0005422,CUS-002090,2021-03-29 22:00:00,2021-03-31 08:00:00,Promotion,Chat,Medium,AGT-241,Resolved,
TKT-0005423,CUS-005892,2025-09-09 01:00:00,2025-09-09 12:00:00,Payment,Social,High,AGT-334,Resolved,5.0
TKT-0005424,CUS-011115,2024-12-23 12:00:00,2024-12-23 17:00:00,Payment,Phone,Low,AGT-095,Resolved,3.0
TKT-0005425,CUS-005167,2022-12-05 04:00:00,2022-12-09 23:00:00,Delivery,Chat,High,AGT-040,Closed,5.0
TKT-0005426,CUS-000767,2024-11-13 05:00:00,2024-11-17 23:00:00,Returns,Store,Medium,AGT-202,Resolved,5.0
TKT-0005427,CUS-009957,2026-08-22 20:00:00,2026-08-24 08:00:00,Technical,Store,Low,AGT-019,Resolved,5.0
TKT-0005428,CUS-002351,2022-02-21 03:00:00,2022-02-23 18:00:00,Promotion,Store,Medium,AGT-341,Resolved,
TKT-0005429,CUS-006909,2023-08-17 05:00:00,2023-08-21 17:00:00,Product Quality,Phone,Low,AGT-125,Resolved,
TKT-0005430,CUS-007416,2020-06-30 00:00:00,2020-07-01 16:00:00,Returns,Social,High,AGT-085,Resolved,5.0
TKT-0005431,CUS-001040,2020-02-02 21:00:00,2020-02-06 22:00:00,payment,Store,Medium,AGT-206,Resolved,
TKT-0005432,CUS-010514,2021-05-31 02:00:00,2021-06-05 00:00:00,Promotion,Store,High,AGT-200,Resolved,3.0
TKT-0005433,CUS-010022,2023-09-29 22:00:00,2023-10-03 11:00:00,Product Quality,Phone,Low,AGT-062,Resolved,
TKT-0005434,CUS-011455,2023-11-22 05:00:00,,Technical,Store,High,AGT-240,Open,
TKT-0005435,CUS-006358,2025-12-22 20:00:00,,Delivery,Chat,Low,AGT-169,Open,
TKT-0005436,CUS-004509,2022-10-14 08:00:00,2022-10-17 06:00:00,Product Quality,Phone,High,AGT-099,Resolved,
TKT-0005437,CUS-001781,2021-05-12 21:00:00,2021-05-15 16:00:00,Technical,Social,Low,AGT-029,Resolved,
TKT-0005438,CUS-004615,2021-05-03 04:00:00,2021-05-05 12:00:00,Technical,Chat,Low,AGT-174,Resolved,3.0
TKT-0005439,CUS-006537,2025-05-26 19:00:00,2025-05-30 03:00:00,Returns,Email,Low,AGT-331,Resolved,
TKT-0005440,CUS-003310,2022-07-09 18:00:00,2022-07-12 23:00:00,Technical,Social,Medium,AGT-125,Resolved,5.0
TKT-0005441,CUS-006122,2022-05-28 09:00:00,2022-05-29 05:00:00,Promotion,Phone,High,AGT-195,Resolved,2.0
TKT-0005442,CUS-003626,2022-10-09 20:00:00,2022-10-13 12:00:00,Returns,Phone,Low,AGT-241,Resolved,
TKT-0005443,CUS-004573,2021-02-09 15:00:00,2021-02-10 17:00:00,Returns,Social,Medium,AGT-116,Resolved,3.0
TKT-0005444,CUS-005612,2024-09-18 21:00:00,,Delivery,Email,Medium,AGT-284,Open,
TKT-0005445,CUS-004764,2020-03-13 22:00:00,2020-03-17 05:00:00,Product Quality,Store,High,AGT-119,Resolved,
TKT-0005446,CUS-000268,2024-01-05 14:00:00,2024-01-10 02:00:00,Product Quality,Chat,High,AGT-208,Resolved,4.0
TKT-0005447,CUS-009720,2021-04-17 12:00:00,2021-04-18 01:00:00,Delivery,Phone,Medium,AGT-022,Resolved,4.0
TKT-0005448,CUS-003774,2024-07-31 05:00:00,2024-08-04 12:00:00,Delivery,Store,Low,AGT-162,Resolved,
TKT-0005449,CUS-004414,2020-08-13 15:00:00,2020-08-13 21:00:00,Payment,Phone,Medium,AGT-345,Resolved,5.0
TKT-0005450,CUS-010214,2025-12-30 10:00:00,2026-01-02 03:00:00,Delivery,Email,Medium,AGT-196,Closed,
TKT-0005451,CUS-006358,2026-05-03 22:00:00,2026-05-08 02:00:00,Payment,Social,Low,AGT-037,Closed,
TKT-0005452,CUS-006796,2025-05-27 22:00:00,2025-05-31 10:00:00,Delivery,Social,High,AGT-036,Resolved,
TKT-0005453,CUS-011138,2023-03-06 09:00:00,2023-03-08 21:00:00,Returns,Social,Low,AGT-232,Resolved,4.0
TKT-0005454,CUS-008480,2023-07-28 17:00:00,2023-08-01 22:00:00,Delivery,Social,Low,AGT-149,Resolved,
TKT-0005455,CUS-009261,2024-01-09 02:00:00,2024-01-12 09:00:00,Returns,Phone,Medium,AGT-159,Resolved,5.0
TKT-0005456,CUS-008195,2025-08-16 10:00:00,2025-08-20 01:00:00,Delivery,Store,Medium,AGT-167,Resolved,
TKT-0005457,CUS-002283,2025-12-01 13:00:00,,Returns,Social,Low,AGT-080,Open,
TKT-0005458,CUS-005013,2022-07-09 18:00:00,2022-07-13 12:00:00,Returns,Chat,Low,AGT-327,Resolved,
TKT-0005459,CUS-003116,2023-07-10 12:00:00,2023-07-12 14:00:00,Product Quality,Social,Low,AGT-043,Resolved,5.0
TKT-0005460,CUS-011003,2023-12-07 17:00:00,2023-12-09 13:00:00,Returns,Social,Low,AGT-178,Resolved,
TKT-0005461,CUS-002099,2026-01-20 21:00:00,2026-01-24 05:00:00,Payment,Store,High,AGT-121,Closed,5.0
TKT-0005462,CUS-010853,2023-10-19 21:00:00,,Returns,Phone,Medium,AGT-036,Open,
TKT-0005463,CUS-005273,2021-04-03 06:00:00,2021-04-04 12:00:00,Returns,Social,Medium,AGT-262,Closed,4.0
TKT-0005464,CUS-003530,2022-08-02 16:00:00,2022-08-03 21:00:00,Product Quality,Email,Low,AGT-297,Resolved,3.0
TKT-0005465,CUS-001052,2024-10-11 04:00:00,2024-10-12 05:00:00,Delivery,Social,Low,AGT-020,Resolved,4.0
TKT-0005466,CUS-002409,2024-03-17 21:00:00,2024-03-21 01:00:00,Returns,Social,Medium,AGT-300,Resolved,3.0
TKT-0005467,CUS-001829,2025-07-12 04:00:00,2025-07-15 00:00:00,Technical,Store,Medium,AGT-263,Resolved,4.0
TKT-0005468,CUS-005713,2024-05-13 15:00:00,2024-05-18 08:00:00,Product Quality,Store,Low,AGT-025,Closed,4.0
TKT-0005469,CUS-010543,2023-10-16 16:00:00,2023-10-21 14:00:00,payment,Store,Low,AGT-323,Resolved,
TKT-0005470,CUS-011780,2020-02-20 10:00:00,2020-02-20 19:00:00,Product Quality,Email,Medium,AGT-022,Resolved,5.0
TKT-0005471,CUS-006018,2026-01-19 10:00:00,2026-01-20 20:00:00,Delivery,Email,Medium,AGT-004,Resolved,3.0
TKT-0005472,CUS-007693,2022-06-13 12:00:00,2022-06-14 00:00:00,Payment,Store,Low,AGT-053,Resolved,
TKT-0005473,CUS-003028,2023-08-04 18:00:00,2023-08-06 05:00:00,Technical,Store,Low,AGT-114,Closed,3.0
TKT-0005474,CUS-005224,2026-05-31 15:00:00,2026-06-01 04:00:00,Delivery,Phone,Medium,AGT-339,Resolved,
TKT-0005475,CUS-002839,2022-09-06 04:00:00,2022-09-07 15:00:00,Delivery,Phone,Medium,AGT-091,Closed,
TKT-0005476,CUS-010071,2026-05-28 21:00:00,,Promotion,Store,Low,AGT-312,Open,
TKT-0005477,CUS-009302,2022-10-13 12:00:00,2022-10-17 21:00:00,Product Quality,Phone,High,AGT-017,Closed,5.0
TKT-0005478,CUS-011550,2024-05-18 11:00:00,2024-05-23 02:00:00,Delivery,Phone,Low,AGT-311,Resolved,2.0
TKT-0005479,CUS-000038,2026-07-30 13:00:00,2026-07-30 18:00:00,Promotion,Email,Low,AGT-322,Resolved,2.0
TKT-0005480,CUS-005973,2021-04-17 21:00:00,,Delivery,Social,High,AGT-062,Open,
TKT-0005481,CUS-000809,2023-02-11 05:00:00,2023-02-15 01:00:00,Returns,Social,Medium,AGT-262,Resolved,5.0
TKT-0005482,CUS-009807,2024-03-21 11:00:00,2024-03-24 03:00:00,Product Quality,Phone,Medium,AGT-261,Closed,
TKT-0005483,CUS-008780,2022-04-01 03:00:00,2022-04-04 05:00:00,Delivery,Store,High,AGT-240,Resolved,5.0
TKT-0005484,CUS-010051,2020-07-18 19:00:00,2020-07-23 13:00:00,Account,Chat,Medium,AGT-099,Resolved,
TKT-0005485,CUS-009958,2021-01-05 14:00:00,2021-01-06 12:00:00,Delivery,Social,Medium,AGT-065,Resolved,1.0
TKT-0005486,CUS-002180,2021-03-18 19:00:00,2021-03-23 09:00:00,Product Quality,Email,High,AGT-019,Resolved,
TKT-0005487,CUS-004926,2025-12-07 20:00:00,2025-12-12 11:00:00,Product Quality,Chat,Low,AGT-313,Resolved,5.0
TKT-0005488,CUS-007631,2020-12-29 09:00:00,2020-12-31 22:00:00,Product Quality,Chat,Medium,AGT-107,Resolved,5.0
TKT-0005489,CUS-003282,2022-12-15 10:00:00,2022-12-15 12:00:00,Delivery,Chat,Low,AGT-118,Resolved,4.0
TKT-0005490,CUS-002964,2022-07-04 23:00:00,2022-07-09 03:00:00,Returns,Chat,Medium,AGT-257,Resolved,4.0
TKT-0005491,CUS-011052,2020-04-25 20:00:00,2020-04-30 00:00:00,Delivery,Store,Low,AGT-074,Resolved,4.0
TKT-0005492,CUS-004641,2021-09-09 05:00:00,2021-09-12 18:00:00,Technical,Chat,Medium,AGT-122,Resolved,
TKT-0005493,CUS-007863,2024-09-24 22:00:00,,Product Quality,Chat,Low,AGT-250,Open,
TKT-0005494,CUS-001823,2025-09-23 12:00:00,2025-09-24 00:00:00,Product Quality,Phone,Low,AGT-311,Closed,
TKT-0005495,CUS-000330,2026-02-18 23:00:00,2026-02-22 11:00:00,Product Quality,Chat,Medium,AGT-127,Resolved,
TKT-0005496,CUS-011687,2025-12-11 11:00:00,2025-12-12 13:00:00,Product Quality,Store,Medium,AGT-180,Closed,2.0
TKT-0005497,CUS-001926,2020-10-23 18:00:00,2020-10-25 01:00:00,Returns,Chat,Medium,AGT-284,Resolved,4.0
TKT-0005498,CUS-002719,2023-03-30 23:00:00,2023-04-04 20:00:00,Returns,Store,High,AGT-083,Resolved,
TKT-0005499,CUS-004263,2021-03-03 01:00:00,2021-03-05 20:00:00,Promotion,Social,Low,AGT-168,Resolved,4.0
TKT-0005500,CUS-009992,2024-09-26 16:00:00,2024-09-28 09:00:00,Delivery,Phone,Medium,AGT-211,Resolved,3.0
TKT-0005501,CUS-008964,2024-09-14 00:00:00,2024-09-14 05:00:00,Returns,Email,Low,AGT-127,Resolved,4.0
TKT-0005502,CUS-003737,2021-01-27 14:00:00,2021-01-31 11:00:00,Returns,Email,Medium,AGT-092,Resolved,
TKT-0005503,CUS-002370,2024-03-09 03:00:00,2024-03-13 05:00:00,Delivery,Chat,High,AGT-159,Resolved,
TKT-0005504,CUS-003256,2020-01-16 00:00:00,2020-01-19 00:00:00,Product Quality,Phone,Medium,AGT-154,Resolved,
TKT-0005505,CUS-002939,2020-07-24 16:00:00,2020-07-25 00:00:00,Delivery,Phone,Low,AGT-228,Resolved,
TKT-0005506,CUS-009661,2022-11-08 16:00:00,2022-11-12 19:00:00,Delivery,Store,Low,AGT-159,Resolved,5.0
TKT-0005507,CUS-000816,2025-01-04 00:00:00,2025-01-05 01:00:00,Account,Email,High,AGT-277,Closed,
TKT-0005508,CUS-006699,2020-05-28 07:00:00,2020-06-01 11:00:00,Returns,Email,High,AGT-185,Resolved,
TKT-0005509,CUS-011502,2021-09-30 10:00:00,2021-10-01 10:00:00,delivery,Chat,Low,AGT-232,Resolved,5.0
TKT-0005510,CUS-005737,2025-09-12 07:00:00,2025-09-16 23:00:00,Delivery,Social,Medium,AGT-341,Resolved,5.0
TKT-0005511,CUS-001473,2022-02-03 20:00:00,2022-02-06 16:00:00,Delivery,Email,Low,AGT-103,Resolved,3.0
TKT-0005512,CUS-011601,2022-05-04 14:00:00,,Product Quality,Chat,Medium,AGT-096,Open,
TKT-0005513,CUS-007919,2026-07-02 16:00:00,2026-07-03 06:00:00,Payment,Chat,Medium,AGT-330,Resolved,3.0
TKT-0005514,CUS-007769,2022-07-23 06:00:00,2022-07-25 16:00:00,Promotion,Email,High,AGT-324,Resolved,2.0
TKT-0005515,CUS-000169,2023-07-21 08:00:00,2023-07-25 19:00:00,Promotion,Email,Medium,AGT-127,Resolved,1.0
TKT-0005516,CUS-005095,2021-06-10 01:00:00,2021-06-12 07:00:00,Returns,Social,Medium,AGT-065,Resolved,
TKT-0005517,CUS-001665,2024-04-30 16:00:00,2024-04-30 22:00:00,Account,Chat,Medium,AGT-112,Resolved,
TKT-0005518,CUS-011897,2025-10-13 00:00:00,2025-10-13 18:00:00,Delivery,Email,High,AGT-060,Resolved,4.0
TKT-0005519,CUS-000963,2023-06-19 23:00:00,2023-06-24 16:00:00,Returns,Phone,Medium,AGT-020,Closed,
TKT-0005520,CUS-007277,2024-11-12 16:00:00,2024-11-13 09:00:00,Product Quality,Email,Low,AGT-228,Closed,4.0
TKT-0005521,CUS-004182,2023-03-19 18:00:00,2023-03-23 11:00:00,Returns,Email,High,AGT-053,Closed,5.0
TKT-0005522,CUS-010173,2023-08-22 03:00:00,2023-08-25 20:00:00,Promotion,Social,Medium,AGT-116,Resolved,5.0
TKT-0005523,CUS-010096,2024-12-29 16:00:00,2025-01-02 02:00:00,Payment,Email,High,AGT-053,Resolved,4.0
TKT-0005524,CUS-001750,2020-10-17 08:00:00,2020-10-21 18:00:00,Delivery,Chat,Medium,AGT-033,Resolved,5.0
TKT-0005525,CUS-003467,2026-06-21 03:00:00,2026-06-22 19:00:00,Account,Social,Low,AGT-216,Resolved,
TKT-0005526,CUS-000829,2020-05-08 10:00:00,2020-05-13 04:00:00,Promotion,Phone,Low,AGT-058,Resolved,
TKT-0005527,CUS-009052,2022-01-26 05:00:00,2022-01-29 05:00:00,Product Quality,Email,Medium,AGT-260,Resolved,
TKT-0005528,CUS-008719,2020-09-02 21:00:00,,Payment,Social,High,AGT-032,Open,
TKT-0005529,CUS-008055,2023-03-08 12:00:00,2023-03-10 22:00:00,Payment,Social,Medium,AGT-192,Resolved,
TKT-0005530,CUS-004583,2022-11-03 16:00:00,2022-11-08 15:00:00,Product Quality,Email,Medium,AGT-179,Resolved,
TKT-0005531,CUS-000199,2025-04-05 15:00:00,2025-04-08 14:00:00,Product Quality,Chat,Medium,AGT-095,Resolved,5.0
TKT-0005532,CUS-007302,2022-07-21 14:00:00,2022-07-24 21:00:00,Product Quality,Store,Low,AGT-015,Resolved,5.0
TKT-0005533,CUS-006702,2021-10-26 23:00:00,2021-10-27 00:00:00,Product Quality,Store,High,AGT-086,Resolved,4.0
TKT-0005534,CUS-008550,2026-07-02 01:00:00,2026-07-06 16:00:00,Delivery,Chat,Medium,AGT-065,Resolved,4.0
TKT-0005535,CUS-004711,2026-02-23 19:00:00,2026-02-25 17:00:00,Promotion,Chat,Low,AGT-212,Resolved,4.0
TKT-0005536,CUS-011339,2023-10-28 10:00:00,2023-10-29 14:00:00,Returns,Phone,Low,AGT-197,Resolved,4.0
TKT-0005537,CUS-003031,2021-02-03 17:00:00,2021-02-06 04:00:00,Technical,Phone,Medium,AGT-223,Resolved,5.0
TKT-0005538,CUS-007653,2024-10-09 11:00:00,2024-10-10 05:00:00,Delivery,Social,Medium,AGT-022,Resolved,3.0
TKT-0005539,CUS-002564,2024-01-26 00:00:00,2024-01-26 18:00:00,Returns,Phone,Medium,AGT-051,Resolved,4.0
TKT-0005540,CUS-006242,2020-05-24 01:00:00,2020-05-24 23:00:00,Delivery,Phone,Low,AGT-271,Resolved,5.0
TKT-0005541,CUS-009418,2025-08-24 11:00:00,2025-08-27 20:00:00,Payment,Phone,Low,AGT-332,Resolved,4.0
TKT-0005542,CUS-008117,2022-08-16 12:00:00,,Technical,Store,Medium,AGT-297,Open,
TKT-0005543,CUS-009535,2023-04-16 00:00:00,2023-04-17 20:00:00,Technical,Phone,Low,AGT-095,Resolved,1.0
TKT-0005544,CUS-001265,2023-06-27 21:00:00,2023-07-01 21:00:00,Delivery,Phone,Low,AGT-348,Resolved,
TKT-0005545,CUS-000580,2026-04-11 05:00:00,2026-04-14 03:00:00,Returns,Email,Critical,AGT-268,Resolved,5.0
TKT-0005546,CUS-007613,2023-07-28 11:00:00,2023-07-31 22:00:00,Delivery,Store,High,AGT-095,Resolved,2.0
TKT-0005547,CUS-005415,2025-03-04 07:00:00,2025-03-05 11:00:00,Delivery,Social,Low,AGT-309,Resolved,
TKT-0005548,CUS-008315,2022-09-13 08:00:00,2022-09-13 13:00:00,Delivery,Phone,Medium,AGT-298,Resolved,
TKT-0005549,CUS-004141,2023-10-07 01:00:00,2023-10-10 19:00:00,Delivery,Phone,High,AGT-347,Resolved,5.0
TKT-0005550,CUS-006196,2021-01-01 08:00:00,2021-01-02 19:00:00,Product Quality,Social,Low,AGT-149,Resolved,3.0
TKT-0005551,CUS-001012,2024-07-28 10:00:00,2024-07-31 16:00:00,Returns,Social,Low,AGT-016,Closed,3.0
TKT-0005552,CUS-000438,2026-06-16 22:00:00,2026-06-20 18:00:00,Delivery,Chat,High,AGT-208,Closed,
TKT-0005553,CUS-007881,2023-10-10 03:00:00,2023-10-13 01:00:00,Returns,Email,Medium,AGT-124,Resolved,4.0
TKT-0005554,CUS-007951,2021-08-08 15:00:00,2021-08-12 03:00:00,Payment,Chat,Low,AGT-276,Resolved,4.0
TKT-0005555,CUS-005995,2021-12-05 23:00:00,2021-12-08 02:00:00,Returns,Store,Low,AGT-197,Resolved,4.0
TKT-0005556,CUS-000606,2025-09-06 20:00:00,2025-09-11 06:00:00,Product Quality,Store,High,AGT-117,Resolved,
TKT-0005557,CUS-011960,2020-06-11 12:00:00,2020-06-13 01:00:00,Returns,Phone,Medium,AGT-234,Resolved,
TKT-0005558,CUS-008066,2022-06-10 18:00:00,2022-06-12 21:00:00,Payment,Store,Low,AGT-296,Resolved,
TKT-0005559,CUS-009361,2022-04-13 12:00:00,2022-04-17 06:00:00,Account,Email,Medium,AGT-227,Resolved,
TKT-0005560,CUS-011033,2024-04-13 23:00:00,2024-04-14 18:00:00,Payment,Chat,Low,AGT-190,Resolved,5.0
TKT-0005561,CUS-003394,2020-08-02 23:00:00,2020-08-04 05:00:00,Account,Email,High,AGT-030,Closed,
TKT-0005562,CUS-002649,2022-01-30 20:00:00,2022-02-02 09:00:00,Delivery,Store,Medium,AGT-031,Closed,
TKT-0005563,CUS-007234,2020-04-25 23:00:00,2020-04-29 18:00:00,Product Quality,Store,Medium,AGT-227,Resolved,1.0
TKT-0005564,CUS-007908,2023-02-24 16:00:00,2023-02-26 10:00:00,Returns,Chat,Medium,AGT-205,Resolved,
TKT-0005565,CUS-011831,2025-12-08 21:00:00,2025-12-12 16:00:00,Returns,Chat,Critical,AGT-090,Resolved,
TKT-0005566,CUS-011571,2023-02-20 08:00:00,2023-02-24 03:00:00,Payment,Store,Medium,AGT-094,Resolved,5.0
TKT-0005567,CUS-010988,2020-01-18 19:00:00,2020-01-23 18:00:00,Delivery,Social,Medium,AGT-337,Resolved,
TKT-0005568,CUS-000741,2023-09-29 10:00:00,2023-10-03 08:00:00,Product Quality,Chat,Medium,AGT-118,Resolved,3.0
TKT-0005569,CUS-007893,2023-04-07 14:00:00,2023-04-11 21:00:00,Delivery,Email,Medium,AGT-089,Resolved,4.0
TKT-0005570,CUS-009169,2021-12-14 09:00:00,2021-12-16 01:00:00,Delivery,Chat,High,AGT-254,Closed,4.0
TKT-0005571,CUS-003112,2021-11-06 20:00:00,2021-11-09 00:00:00,Payment,Phone,Medium,AGT-244,Resolved,3.0
TKT-0005572,CUS-004775,2024-06-22 17:00:00,2024-06-24 03:00:00,Delivery,Email,Medium,AGT-251,Resolved,3.0
TKT-0005573,CUS-004052,2026-07-20 03:00:00,2026-07-24 22:00:00,Delivery,Phone,Low,AGT-173,Resolved,4.0
TKT-0005574,CUS-010892,2023-01-26 22:00:00,2023-01-30 20:00:00,Delivery,Phone,Critical,AGT-151,Resolved,
TKT-0005575,CUS-003202,2024-07-11 16:00:00,2024-07-15 00:00:00,Account,Phone,Medium,AGT-127,Resolved,4.0
TKT-0005576,CUS-005208,2023-03-19 19:00:00,2023-03-21 23:00:00,Returns,Phone,Low,AGT-034,Closed,3.0
TKT-0005577,CUS-009392,2021-01-31 16:00:00,2021-02-02 09:00:00,Account,Chat,High,AGT-291,Resolved,
TKT-0005578,CUS-003521,2021-12-12 23:00:00,2021-12-15 21:00:00,Delivery,Store,Medium,AGT-194,Resolved,5.0
TKT-0005579,CUS-005868,2022-06-17 15:00:00,2022-06-22 13:00:00,Promotion,Social,High,AGT-330,Resolved,2.0
TKT-0005580,CUS-009224,2023-10-24 18:00:00,2023-10-29 01:00:00,Delivery,Phone,Low,AGT-289,Resolved,
TKT-0005581,CUS-002143,2024-09-13 11:00:00,,Payment,Chat,Medium,AGT-056,Open,
TKT-0005582,CUS-000770,2023-11-16 18:00:00,2023-11-19 15:00:00,Delivery,Phone,Medium,AGT-221,Resolved,
TKT-0005583,CUS-003747,2026-01-15 14:00:00,2026-01-19 21:00:00,Delivery,Email,Low,AGT-180,Resolved,
TKT-0005584,CUS-008829,2021-12-12 19:00:00,2021-12-16 07:00:00,Product Quality,Store,High,AGT-274,Resolved,5.0
TKT-0005585,CUS-009930,2020-06-06 05:00:00,2020-06-10 17:00:00,Delivery,Phone,Low,AGT-349,Resolved,4.0
TKT-0005586,CUS-011345,2020-04-20 17:00:00,2020-04-24 18:00:00,Returns,Social,Low,AGT-117,Resolved,
TKT-0005587,CUS-003336,2021-06-05 01:00:00,2021-06-05 21:00:00,Product Quality,Social,Medium,AGT-121,Resolved,4.0
TKT-0005588,CUS-007687,2022-04-25 08:00:00,2022-04-27 20:00:00,Delivery,Social,Medium,AGT-072,Resolved,3.0
TKT-0005589,CUS-011190,2026-03-22 05:00:00,2026-03-25 16:00:00,Delivery,Email,High,AGT-317,Resolved,5.0
TKT-0005590,CUS-010382,2021-08-26 19:00:00,,Product Quality,Social,Critical,AGT-275,Open,
TKT-0005591,CUS-008728,2021-07-28 13:00:00,2021-08-01 14:00:00,Technical,Phone,Low,AGT-262,Resolved,4.0
TKT-0005592,CUS-010248,2021-05-20 16:00:00,2021-05-21 20:00:00,Returns,Social,Medium,AGT-314,Resolved,
TKT-0005593,CUS-009536,2025-01-30 17:00:00,2025-01-30 18:00:00,Returns,Email,Medium,AGT-071,Closed,3.0
TKT-0005594,CUS-003146,2025-12-24 19:00:00,2025-12-27 09:00:00,Returns,Email,Low,AGT-027,Resolved,4.0
TKT-0005595,CUS-004408,2022-07-10 01:00:00,2022-07-11 22:00:00,Product Quality,Chat,High,AGT-063,Resolved,
TKT-0005596,CUS-002940,2022-01-08 14:00:00,2022-01-11 21:00:00,Payment,Store,Low,AGT-176,Resolved,5.0
TKT-0005597,CUS-002270,2020-11-27 10:00:00,2020-11-28 10:00:00,Product Quality,Social,Medium,AGT-155,Resolved,3.0
TKT-0005598,CUS-003890,2026-01-05 23:00:00,2026-01-09 11:00:00,Payment,Chat,Medium,AGT-301,Resolved,4.0
TKT-0005599,CUS-000132,2020-07-18 02:00:00,2020-07-20 00:00:00,Account,Email,Medium,AGT-085,Resolved,5.0
TKT-0005600,CUS-003945,2026-02-04 20:00:00,2026-02-05 09:00:00,Delivery,Email,Medium,AGT-199,Resolved,
TKT-0005601,CUS-000546,2024-05-19 08:00:00,2024-05-21 14:00:00,Delivery,Email,Medium,AGT-073,Resolved,
TKT-0005602,CUS-003970,2025-06-08 06:00:00,2025-06-10 12:00:00,Product Quality,Chat,Low,AGT-278,Closed,5.0
TKT-0005603,CUS-001943,2023-11-10 14:00:00,,Technical,Social,Medium,AGT-267,Open,
TKT-0005604,CUS-004157,2020-11-29 11:00:00,2020-11-29 22:00:00,Product Quality,Chat,Medium,AGT-251,Closed,
TKT-0005605,CUS-006035,2022-03-25 04:00:00,,Delivery,Chat,Medium,AGT-015,Open,
TKT-0005606,CUS-007669,2023-06-10 09:00:00,2023-06-11 22:00:00,Payment,Email,High,AGT-171,Resolved,4.0
TKT-0005607,CUS-010736,2022-12-17 21:00:00,2022-12-18 15:00:00,Delivery,Chat,High,AGT-333,Closed,
TKT-0005608,CUS-010247,2024-11-27 06:00:00,2024-12-01 03:00:00,Delivery,Phone,Low,AGT-068,Resolved,3.0
TKT-0005609,CUS-001181,2024-04-25 23:00:00,2024-04-29 06:00:00,Returns,Store,Medium,AGT-260,Resolved,
TKT-0005610,CUS-006601,2020-09-14 14:00:00,2020-09-16 05:00:00,Technical,Chat,Medium,AGT-159,Resolved,5.0
TKT-0005611,CUS-009683,2026-08-09 09:00:00,2026-08-13 05:00:00,Delivery,Store,Low,AGT-011,Resolved,
TKT-0005612,CUS-000303,2023-01-19 16:00:00,2023-01-21 03:00:00,Product Quality,Social,Medium,AGT-350,Resolved,5.0
TKT-0005613,CUS-008950,2024-01-25 21:00:00,,Product Quality,Phone,High,AGT-038,Open,
TKT-0005614,CUS-004170,2022-12-04 04:00:00,2022-12-04 15:00:00,Account,Chat,Low,AGT-288,Closed,
TKT-0005615,CUS-007058,2024-07-22 22:00:00,2024-07-24 02:00:00,Delivery,Phone,Medium,AGT-200,Resolved,
TKT-0005616,CUS-004287,2023-03-11 00:00:00,2023-03-11 10:00:00,Delivery,Email,Medium,AGT-297,Resolved,
TKT-0005617,CUS-009941,2022-09-15 15:00:00,2022-09-17 15:00:00,Delivery,Social,Medium,AGT-068,Resolved,5.0
TKT-0005618,CUS-011571,2020-02-21 00:00:00,2020-02-23 19:00:00,Delivery,Chat,Medium,AGT-067,Resolved,4.0
TKT-0005619,CUS-010235,2023-07-09 23:00:00,,Returns,Phone,Medium,AGT-017,Open,
TKT-0005620,CUS-001489,2026-07-10 07:00:00,2026-07-12 13:00:00,Delivery,Store,Low,AGT-098,Resolved,4.0
TKT-0005621,CUS-000197,2023-05-02 05:00:00,,Delivery,Email,Critical,AGT-100,Open,
TKT-0005622,CUS-008302,2026-02-16 01:00:00,2026-02-16 14:00:00,Account,Store,Medium,AGT-090,Resolved,5.0
TKT-0005623,CUS-011159,2020-12-14 15:00:00,2020-12-17 13:00:00,Technical,Store,Low,AGT-023,Resolved,4.0
TKT-0005624,CUS-005780,2026-01-11 21:00:00,2026-01-15 01:00:00,Payment,Chat,Low,AGT-097,Resolved,
TKT-0005625,CUS-010825,2024-09-15 04:00:00,2024-09-19 14:00:00,Returns,Social,Medium,AGT-178,Closed,4.0
TKT-0005626,CUS-004124,2020-05-29 08:00:00,2020-06-02 07:00:00,Returns,Social,High,AGT-211,Resolved,5.0
TKT-0005627,CUS-005594,2025-01-07 01:00:00,2025-01-07 07:00:00,Payment,Email,Low,AGT-045,Resolved,4.0
TKT-0005628,CUS-003169,2026-04-26 06:00:00,2026-04-26 10:00:00,Account,Chat,Low,AGT-066,Closed,5.0
TKT-0005629,CUS-001988,2021-02-05 11:00:00,2021-02-10 01:00:00,Technical,Social,Medium,AGT-116,Resolved,5.0
TKT-0005630,CUS-011475,2021-06-17 05:00:00,2021-06-19 20:00:00,Technical,Social,Medium,AGT-100,Resolved,5.0
TKT-0005631,CUS-007677,2021-01-01 04:00:00,2021-01-04 04:00:00,Promotion,Store,Medium,AGT-233,Resolved,
TKT-0005632,CUS-010916,2022-06-08 14:00:00,2022-06-09 22:00:00,Payment,Store,Low,AGT-200,Closed,3.0
TKT-0005633,CUS-006932,2024-07-30 21:00:00,2024-07-31 07:00:00,Returns,Phone,High,AGT-264,Resolved,5.0
TKT-0005634,CUS-001657,2020-06-30 17:00:00,2020-07-05 00:00:00,Delivery,Social,Low,AGT-014,Resolved,
TKT-0005635,CUS-011553,2023-10-30 14:00:00,2023-11-02 16:00:00,Returns,Social,Medium,AGT-259,Resolved,
TKT-0005636,CUS-002588,2025-09-18 01:00:00,2025-09-19 07:00:00,Payment,Email,High,AGT-202,Resolved,4.0
TKT-0005637,CUS-008196,2023-03-30 08:00:00,2023-03-31 21:00:00,Returns,Social,Low,AGT-296,Resolved,3.0
TKT-0005638,CUS-007851,2024-07-29 04:00:00,2024-07-31 10:00:00,Technical,Phone,Low,AGT-074,Closed,
TKT-0005639,CUS-003821,2022-04-07 12:00:00,2022-04-09 06:00:00,Delivery,Email,Low,AGT-311,Resolved,
TKT-0005640,CUS-003053,2025-12-20 19:00:00,,Product Quality,Email,Medium,AGT-284,Open,
TKT-0005641,CUS-005119,2022-07-24 07:00:00,2022-07-28 01:00:00,Returns,Chat,Low,AGT-173,Resolved,5.0
TKT-0005642,CUS-007062,2024-09-08 11:00:00,,Payment,Social,Low,AGT-019,Open,
TKT-0005643,CUS-002779,2026-07-16 04:00:00,2026-07-20 07:00:00,Promotion,Social,Low,AGT-049,Resolved,
TKT-0005644,CUS-003020,2021-01-09 07:00:00,2021-01-10 10:00:00,Technical,Store,High,AGT-261,Resolved,4.0
TKT-0005645,CUS-005860,2024-03-16 05:00:00,2024-03-18 01:00:00,Delivery,Email,Medium,AGT-305,Resolved,
TKT-0005646,CUS-007052,2020-02-09 00:00:00,2020-02-13 10:00:00,Account,Email,Medium,AGT-190,Resolved,
TKT-0005647,CUS-002621,2024-12-26 03:00:00,2024-12-29 15:00:00,Product Quality,Phone,Medium,AGT-152,Resolved,5.0
TKT-0005648,CUS-011916,2021-11-17 17:00:00,2021-11-18 18:00:00,Account,Store,Low,AGT-057,Resolved,4.0
TKT-0005649,CUS-006770,2023-06-20 20:00:00,2023-06-23 19:00:00,Account,Social,Low,AGT-275,Resolved,4.0
TKT-0005650,CUS-000251,2026-07-27 13:00:00,2026-07-28 06:00:00,Delivery,Phone,Medium,AGT-150,Resolved,2.0
TKT-0005651,CUS-009800,2023-03-13 21:00:00,2023-03-18 00:00:00,Technical,Phone,Low,AGT-091,Resolved,5.0
TKT-0005652,CUS-005553,2020-07-17 20:00:00,,Promotion,Store,High,AGT-145,Open,
TKT-0005653,CUS-002040,2021-08-30 00:00:00,2021-08-31 02:00:00,Technical,Social,Medium,AGT-165,Resolved,5.0
TKT-0005654,CUS-005555,2021-06-05 00:00:00,2021-06-08 02:00:00,Account,Chat,Medium,AGT-104,Resolved,
TKT-0005655,CUS-003278,2021-07-10 02:00:00,2021-07-13 15:00:00,Product Quality,Chat,Medium,AGT-151,Resolved,3.0
TKT-0005656,CUS-001203,2023-11-10 04:00:00,2023-11-13 15:00:00,Delivery,Chat,Low,AGT-167,Resolved,2.0
TKT-0005657,CUS-011527,2022-01-11 03:00:00,2022-01-13 10:00:00,Technical,Social,Medium,AGT-025,Resolved,
TKT-0005658,CUS-004563,2023-01-31 21:00:00,2023-02-01 14:00:00,Payment,Email,High,AGT-299,Resolved,3.0
TKT-0005659,CUS-010880,2020-01-30 13:00:00,2020-02-02 23:00:00,Product Quality,Email,Low,AGT-067,Resolved,
TKT-0005660,CUS-008915,2022-07-02 18:00:00,,Returns,Social,Low,AGT-113,Open,
TKT-0005661,CUS-008119,2020-08-21 21:00:00,2020-08-25 14:00:00,Product Quality,Chat,Medium,AGT-145,Resolved,
TKT-0005662,CUS-000724,2021-08-25 21:00:00,2021-08-28 05:00:00,Delivery,Phone,Low,AGT-224,Resolved,
TKT-0005663,CUS-002892,2021-05-11 20:00:00,2021-05-15 23:00:00,Product Quality,Phone,Critical,AGT-093,Resolved,
TKT-0005664,CUS-001586,2020-01-15 06:00:00,2020-01-15 21:00:00,Account,Social,Medium,AGT-281,Resolved,2.0
TKT-0005665,CUS-009380,2024-10-13 07:00:00,2024-10-16 17:00:00,Returns,Store,Medium,AGT-165,Resolved,3.0
TKT-0005666,CUS-004383,2021-09-26 08:00:00,2021-09-28 01:00:00,Technical,Social,Medium,AGT-176,Resolved,2.0
TKT-0005667,CUS-000270,2024-05-03 14:00:00,2024-05-08 06:00:00,Account,Social,High,AGT-096,Resolved,
TKT-0005668,CUS-008985,2023-10-12 06:00:00,,Promotion,Phone,Low,AGT-284,Open,
TKT-0005669,CUS-000976,2023-11-12 10:00:00,2023-11-15 23:00:00,Technical,Phone,Low,AGT-154,Resolved,4.0
TKT-0005670,CUS-011962,2025-12-30 23:00:00,2026-01-02 13:00:00,Account,Chat,Low,AGT-160,Resolved,4.0
TKT-0005671,CUS-004714,2025-02-12 19:00:00,2025-02-12 20:00:00,Delivery,Phone,Medium,AGT-299,Resolved,5.0
TKT-0005672,CUS-008152,2024-09-17 08:00:00,2024-09-17 21:00:00,Delivery,Phone,Low,AGT-288,Resolved,4.0
TKT-0005673,CUS-006179,2021-07-10 05:00:00,2021-07-12 02:00:00,Account,Email,Medium,AGT-046,Resolved,4.0
TKT-0005674,CUS-006372,2026-01-27 19:00:00,,Payment,Social,Low,AGT-039,Open,
TKT-0005675,CUS-006524,2022-05-30 08:00:00,2022-06-04 00:00:00,Delivery,Phone,Medium,AGT-227,Resolved,
TKT-0005676,CUS-008574,2026-06-10 04:00:00,2026-06-11 21:00:00,Returns,Store,Medium,AGT-113,Closed,
TKT-0005677,CUS-004318,2024-12-23 08:00:00,2024-12-25 07:00:00,Delivery,Email,Low,AGT-072,Resolved,3.0
TKT-0005678,CUS-001939,2025-05-10 08:00:00,,Payment,Chat,High,AGT-319,Open,
TKT-0005679,CUS-003672,2020-01-17 20:00:00,2020-01-21 16:00:00,Account,Phone,Low,AGT-134,Resolved,3.0
TKT-0005680,CUS-011496,2026-07-23 17:00:00,,Delivery,Social,Low,AGT-297,Open,
TKT-0005681,CUS-010755,2025-11-11 17:00:00,2025-11-16 01:00:00,Payment,Chat,Low,AGT-086,Resolved,
TKT-0005682,CUS-011830,2021-01-23 04:00:00,2021-01-24 11:00:00,Returns,Email,Medium,AGT-011,Resolved,
TKT-0005683,CUS-003863,2021-05-25 10:00:00,2021-05-26 11:00:00,Payment,Social,Medium,AGT-298,Resolved,
TKT-0005684,CUS-007158,2021-04-01 11:00:00,2021-04-06 10:00:00,Returns,Phone,Medium,AGT-161,Resolved,4.0
TKT-0005685,CUS-011879,2025-06-29 11:00:00,2025-06-30 08:00:00,Returns,Store,Medium,AGT-086,Resolved,4.0
TKT-0005686,CUS-009746,2021-09-11 03:00:00,2021-09-14 12:00:00,Product Quality,Social,Low,AGT-226,Resolved,
TKT-0005687,CUS-002191,2024-12-12 20:00:00,2024-12-15 21:00:00,Delivery,Social,High,AGT-274,Closed,
TKT-0005688,CUS-000893,2024-06-02 21:00:00,2024-06-04 14:00:00,Account,Email,High,AGT-151,Resolved,
TKT-0005689,CUS-010199,2025-09-09 19:00:00,2025-09-14 14:00:00,Account,Store,High,AGT-300,Resolved,5.0
TKT-0005690,CUS-002634,2024-05-13 17:00:00,2024-05-14 22:00:00,Delivery,Store,Medium,AGT-305,Resolved,
TKT-0005691,CUS-010686,2022-11-23 04:00:00,2022-11-25 23:00:00,Technical,Store,Low,AGT-186,Resolved,4.0
TKT-0005692,CUS-005058,2024-03-13 08:00:00,2024-03-17 07:00:00,Product Quality,Phone,Medium,AGT-296,Resolved,5.0
TKT-0005693,CUS-003985,2024-09-01 14:00:00,2024-09-04 16:00:00,Delivery,Email,Medium,AGT-098,Resolved,4.0
TKT-0005694,CUS-004918,2022-09-19 01:00:00,2022-09-19 19:00:00,Delivery,Social,Low,AGT-101,Resolved,5.0
TKT-0005695,CUS-010256,2026-03-25 03:00:00,2026-03-25 14:00:00,Technical,Social,Low,AGT-065,Resolved,
TKT-0005696,CUS-010263,2024-07-13 16:00:00,2024-07-15 02:00:00,Delivery,Email,Low,AGT-204,Resolved,4.0
TKT-0005697,CUS-004602,2025-02-11 08:00:00,2025-02-14 15:00:00,Promotion,Email,Medium,AGT-002,Resolved,
TKT-0005698,CUS-002929,2025-08-27 07:00:00,2025-08-29 04:00:00,Returns,Store,Low,AGT-069,Resolved,
TKT-0005699,CUS-004572,2023-09-30 22:00:00,2023-10-04 12:00:00,Promotion,Social,Medium,AGT-118,Resolved,4.0
TKT-0005700,CUS-000292,2021-04-07 22:00:00,2021-04-10 13:00:00,Delivery,Store,Low,AGT-196,Resolved,
TKT-0005701,CUS-000143,2023-04-11 06:00:00,2023-04-13 08:00:00,Payment,Phone,Low,AGT-293,Resolved,4.0
TKT-0005702,CUS-005096,2024-11-08 05:00:00,,Product Quality,Phone,High,AGT-127,Open,
TKT-0005703,CUS-008939,2020-05-15 13:00:00,2020-05-18 01:00:00,Technical,Email,High,AGT-212,Resolved,
TKT-0005704,CUS-004373,2021-09-15 01:00:00,2021-09-15 20:00:00,Returns,Store,Medium,AGT-065,Resolved,4.0
TKT-0005705,CUS-002618,2021-12-24 00:00:00,2021-12-26 13:00:00,Returns,Phone,Low,AGT-131,Resolved,5.0
TKT-0005706,CUS-000112,2020-10-31 20:00:00,2020-11-04 05:00:00,Returns,Store,Medium,AGT-104,Resolved,
TKT-0005707,CUS-003179,2024-11-08 23:00:00,,Product Quality,Store,Medium,AGT-345,Open,
TKT-0005708,CUS-000640,2023-09-01 10:00:00,2023-09-01 20:00:00,Returns,Email,High,AGT-096,Resolved,4.0
TKT-0005709,CUS-005716,2021-11-03 21:00:00,2021-11-05 10:00:00,Returns,Email,Medium,AGT-079,Resolved,
TKT-0005710,CUS-009119,2024-12-02 17:00:00,2024-12-04 05:00:00,Technical,Social,High,AGT-190,Resolved,
TKT-0005711,CUS-008356,2025-02-20 01:00:00,2025-02-20 17:00:00,Returns,Store,High,AGT-070,Resolved,2.0
TKT-0005712,CUS-008787,2023-02-10 21:00:00,2023-02-15 09:00:00,Product Quality,Social,High,AGT-086,Resolved,5.0
TKT-0005713,CUS-009300,2025-10-17 21:00:00,2025-10-18 22:00:00,Payment,Email,Medium,AGT-032,Resolved,
TKT-0005714,CUS-007239,2021-01-04 16:00:00,2021-01-07 05:00:00,Delivery,Phone,Low,AGT-249,Closed,5.0
TKT-0005715,CUS-010394,2020-08-05 23:00:00,2020-08-10 20:00:00,Delivery,Email,Medium,AGT-067,Resolved,
TKT-0005716,CUS-010920,2024-08-14 17:00:00,2024-08-15 14:00:00,Promotion,Store,Medium,AGT-176,Resolved,
TKT-0005717,CUS-009493,2023-01-16 07:00:00,2023-01-18 13:00:00,Returns,Phone,Medium,AGT-203,Resolved,
TKT-0005718,CUS-001525,2024-06-25 11:00:00,2024-06-27 23:00:00,Delivery,Email,Medium,AGT-137,Resolved,4.0
TKT-0005719,CUS-006077,2024-12-08 08:00:00,2024-12-12 20:00:00,Account,Email,Medium,AGT-020,Resolved,
TKT-0005720,CUS-011835,2023-05-25 11:00:00,2023-05-29 04:00:00,Payment,Email,Medium,AGT-123,Resolved,4.0
TKT-0005721,CUS-000280,2022-11-15 22:00:00,,Returns,Social,Low,AGT-037,Open,
TKT-0005722,CUS-003248,2020-03-23 08:00:00,,Product Quality,Email,Medium,AGT-327,Open,
TKT-0005723,CUS-004404,2023-10-09 23:00:00,2023-10-11 12:00:00,Technical,Chat,Medium,AGT-253,Resolved,2.0
TKT-0005724,CUS-001311,2023-12-25 05:00:00,2023-12-29 18:00:00,Account,Social,Low,AGT-316,Resolved,2.0
TKT-0005725,CUS-011690,2025-08-24 17:00:00,2025-08-27 19:00:00,Promotion,Phone,High,AGT-218,Resolved,5.0
TKT-0005726,CUS-002453,2022-10-29 02:00:00,,Product Quality,Email,Medium,AGT-238,Open,
TKT-0005727,CUS-011543,2025-10-24 18:00:00,2025-10-28 03:00:00,Product Quality,Email,Low,AGT-155,Resolved,
TKT-0005728,CUS-004319,2025-04-17 06:00:00,2025-04-19 08:00:00,Delivery,Phone,Low,AGT-089,Closed,
TKT-0005729,CUS-000447,2021-11-23 16:00:00,2021-11-27 20:00:00,Product Quality,Phone,High,AGT-261,Closed,5.0
TKT-0005730,CUS-010247,2026-03-13 04:00:00,2026-03-13 10:00:00,Payment,Social,Medium,AGT-008,Closed,4.0
TKT-0005731,CUS-002618,2025-06-03 00:00:00,2025-06-05 09:00:00,Delivery,Phone,Low,AGT-065,Resolved,5.0
TKT-0005732,CUS-001904,2021-09-03 04:00:00,2021-09-07 13:00:00,Delivery,Chat,Low,AGT-005,Resolved,
TKT-0005733,CUS-009189,2023-01-11 23:00:00,,Promotion,Email,High,AGT-006,Open,
TKT-0005734,CUS-010572,2025-10-31 11:00:00,2025-11-05 10:00:00,Returns,Email,High,AGT-287,Resolved,5.0
TKT-0005735,CUS-007613,2020-12-22 04:00:00,,Promotion,Social,Low,AGT-220,Open,
TKT-0005736,CUS-001197,2023-08-28 09:00:00,2023-08-28 18:00:00,Account,Phone,High,AGT-125,Resolved,
TKT-0005737,CUS-011481,2025-03-17 12:00:00,2025-03-17 18:00:00,Delivery,Social,Critical,AGT-041,Resolved,5.0
TKT-0005738,CUS-002593,2022-11-28 12:00:00,2022-11-29 12:00:00,Delivery,Store,High,AGT-149,Resolved,
TKT-0005739,CUS-011297,2020-12-13 20:00:00,2020-12-17 15:00:00,Delivery,Phone,High,AGT-010,Resolved,4.0
TKT-0005740,CUS-007132,2020-10-22 14:00:00,2020-10-24 05:00:00,Product Quality,Phone,High,AGT-112,Resolved,5.0
TKT-0005741,CUS-009731,2024-01-26 19:00:00,2024-01-30 06:00:00,Payment,Email,Low,AGT-152,Resolved,5.0
TKT-0005742,CUS-011335,2023-07-18 20:00:00,2023-07-20 17:00:00,Returns,Phone,Medium,AGT-295,Resolved,4.0
TKT-0005743,CUS-008274,2020-06-05 01:00:00,2020-06-07 23:00:00,Delivery,Social,Low,AGT-201,Closed,
TKT-0005744,CUS-001273,2022-02-06 06:00:00,2022-02-10 01:00:00,Account,Phone,Medium,AGT-325,Resolved,4.0
TKT-0005745,CUS-008278,2023-08-29 14:00:00,2023-08-31 11:00:00,Delivery,Phone,Low,AGT-102,Resolved,4.0
TKT-0005746,CUS-005803,2020-11-23 21:00:00,2020-11-24 16:00:00,Delivery,Phone,High,AGT-145,Resolved,
TKT-0005747,CUS-002831,2024-01-26 06:00:00,2024-01-29 16:00:00,Product Quality,Social,Low,AGT-349,Closed,
TKT-0005748,CUS-009213,2023-07-08 01:00:00,2023-07-10 07:00:00,Delivery,Email,Low,AGT-193,Resolved,5.0
TKT-0005749,CUS-011606,2023-10-09 19:00:00,2023-10-14 04:00:00,Delivery,Chat,Medium,AGT-114,Resolved,3.0
TKT-0005750,CUS-008231,2026-01-07 14:00:00,2026-01-12 04:00:00,Account,Phone,Medium,AGT-052,Resolved,4.0
TKT-0005751,CUS-006814,2025-06-19 11:00:00,2025-06-21 02:00:00,Product Quality,Social,Low,AGT-290,Resolved,1.0
TKT-0005752,CUS-003205,2024-10-28 15:00:00,2024-11-01 04:00:00,Account,Store,Critical,AGT-191,Closed,
TKT-0005753,CUS-001432,2022-05-04 20:00:00,2022-05-06 09:00:00,Payment,Social,Medium,AGT-081,Resolved,4.0
TKT-0005754,CUS-009203,2021-03-23 19:00:00,2021-03-24 14:00:00,Delivery,Store,Medium,AGT-142,Resolved,4.0
TKT-0005755,CUS-009182,2020-07-30 19:00:00,2020-08-03 00:00:00,Promotion,Phone,Low,AGT-007,Resolved,
TKT-0005756,CUS-007535,2022-11-24 13:00:00,2022-11-25 13:00:00,Returns,Social,Low,AGT-005,Resolved,
TKT-0005757,CUS-003706,2026-02-05 01:00:00,2026-02-05 08:00:00,Returns,Store,High,AGT-019,Resolved,
TKT-0005758,CUS-003148,2023-01-01 14:00:00,2023-01-03 03:00:00,Returns,Email,Low,AGT-299,Resolved,5.0
TKT-0005759,CUS-006229,2023-03-13 17:00:00,2023-03-14 18:00:00,Product Quality,Social,Medium,AGT-289,Resolved,
TKT-0005760,CUS-009408,2021-06-30 22:00:00,,Promotion,Phone,High,AGT-064,Open,
TKT-0005761,CUS-005732,2023-10-01 04:00:00,2023-10-03 11:00:00,Account,Email,Medium,AGT-065,Resolved,
TKT-0005762,CUS-001460,2025-01-11 18:00:00,2025-01-11 19:00:00,Delivery,Email,Medium,AGT-148,Resolved,
TKT-0005763,CUS-003966,2025-03-24 16:00:00,2025-03-27 00:00:00,Delivery,Email,Low,AGT-027,Resolved,4.0
TKT-0005764,CUS-005764,2024-12-18 18:00:00,2024-12-20 18:00:00,Returns,Email,Low,AGT-126,Resolved,2.0
TKT-0005765,CUS-011790,2021-11-09 02:00:00,2021-11-13 07:00:00,Delivery,Social,Medium,AGT-283,Closed,
TKT-0005766,CUS-011348,2020-09-11 11:00:00,2020-09-15 22:00:00,Promotion,Chat,Low,AGT-198,Closed,4.0
TKT-0005767,CUS-011959,2025-12-04 19:00:00,2025-12-07 08:00:00,Technical,Email,High,AGT-081,Resolved,4.0
TKT-0005768,CUS-004994,2024-02-27 18:00:00,2024-02-28 17:00:00,Technical,Phone,Medium,AGT-180,Resolved,
TKT-0005769,CUS-002115,2023-08-29 00:00:00,2023-09-01 07:00:00,Technical,Email,Medium,AGT-160,Resolved,4.0
TKT-0005770,CUS-010070,2022-01-26 06:00:00,2022-01-28 10:00:00,Delivery,Email,Medium,AGT-206,Resolved,4.0
TKT-0005771,CUS-007031,2021-08-16 17:00:00,,Product Quality,Store,Medium,AGT-057,Open,
TKT-0005772,CUS-005510,2025-09-12 07:00:00,2025-09-13 06:00:00,Returns,Chat,Low,AGT-067,Closed,2.0
TKT-0005773,CUS-010402,2020-06-18 03:00:00,2020-06-22 23:00:00,Payment,Store,Low,AGT-248,Resolved,4.0
TKT-0005774,CUS-011545,2024-05-10 20:00:00,2024-05-15 08:00:00,Delivery,Store,Medium,AGT-182,Resolved,4.0
TKT-0005775,CUS-011630,2023-03-05 09:00:00,2023-03-09 01:00:00,Returns,Social,Medium,AGT-117,Resolved,5.0
TKT-0005776,CUS-004784,2024-01-05 00:00:00,2024-01-09 21:00:00,Technical,Email,High,AGT-323,Resolved,3.0
TKT-0005777,CUS-011296,2020-05-23 22:00:00,2020-05-28 05:00:00,Payment,Chat,Low,AGT-012,Resolved,4.0
TKT-0005778,CUS-003176,2024-01-08 15:00:00,2024-01-13 04:00:00,Product Quality,Store,Medium,AGT-152,Resolved,5.0
TKT-0005779,CUS-004706,2021-12-19 21:00:00,2021-12-21 22:00:00,Delivery,Phone,Low,AGT-227,Resolved,
TKT-0005780,CUS-007336,2021-03-19 05:00:00,,Payment,Store,Medium,AGT-333,Open,
TKT-0005781,CUS-000285,2024-09-04 18:00:00,2024-09-06 18:00:00,Account,Email,High,AGT-317,Resolved,
TKT-0005782,CUS-007109,2025-10-26 05:00:00,2025-10-31 04:00:00,Delivery,Phone,High,AGT-248,Resolved,5.0
TKT-0005783,CUS-009415,2023-01-31 08:00:00,2023-02-03 06:00:00,Product Quality,Email,High,AGT-325,Closed,3.0
TKT-0005784,CUS-010633,2022-07-14 03:00:00,2022-07-18 19:00:00,Delivery,Chat,Medium,AGT-228,Resolved,2.0
TKT-0005785,CUS-001666,2022-07-21 15:00:00,,Returns,Store,Medium,AGT-149,Open,
TKT-0005786,CUS-001128,2022-03-13 14:00:00,2022-03-15 10:00:00,Returns,Chat,High,AGT-099,Resolved,5.0
TKT-0005787,CUS-004258,2021-04-21 20:00:00,2021-04-26 07:00:00,Returns,Chat,High,AGT-102,Resolved,5.0
TKT-0005788,CUS-005560,2026-01-26 17:00:00,,Account,Chat,Low,AGT-015,Open,
TKT-0005789,CUS-007127,2021-07-03 22:00:00,2021-07-05 22:00:00,Delivery,Social,Critical,AGT-292,Resolved,
TKT-0005790,CUS-007816,2024-09-29 11:00:00,2024-10-01 12:00:00,Returns,Chat,Low,AGT-266,Resolved,
TKT-0005791,CUS-002709,2024-10-07 08:00:00,2024-10-08 10:00:00,Payment,Email,Medium,AGT-052,Resolved,5.0
TKT-0005792,CUS-007964,2022-06-24 16:00:00,2022-06-27 23:00:00,delivery,Phone,Low,AGT-102,Resolved,3.0
TKT-0005793,CUS-000312,2025-02-13 06:00:00,2025-02-14 19:00:00,Payment,Store,Medium,AGT-231,Closed,
TKT-0005794,CUS-001628,2023-04-19 05:00:00,,Product Quality,Chat,Medium,AGT-305,Open,
TKT-0005795,CUS-008746,2023-03-18 11:00:00,2023-03-20 04:00:00,Delivery,Chat,Medium,AGT-218,Resolved,
TKT-0005796,CUS-004614,2021-03-08 04:00:00,2021-03-12 04:00:00,Returns,Chat,Low,AGT-158,Resolved,4.0
TKT-0005797,CUS-006636,2025-06-13 00:00:00,2025-06-17 11:00:00,Technical,Chat,Medium,AGT-334,Resolved,
TKT-0005798,CUS-005819,2022-04-14 13:00:00,2022-04-18 04:00:00,Technical,Social,Low,AGT-170,Resolved,4.0
TKT-0005799,CUS-001668,2021-10-25 19:00:00,2021-10-27 20:00:00,Payment,Social,Medium,AGT-350,Resolved,
TKT-0005800,CUS-011861,2022-04-27 19:00:00,2022-04-29 23:00:00,account,Chat,Low,AGT-195,Closed,
TKT-0005801,CUS-007718,2021-08-20 11:00:00,2021-08-24 02:00:00,Payment,Email,Low,AGT-041,Resolved,
TKT-0005802,CUS-001728,2023-02-21 18:00:00,2023-02-25 14:00:00,Delivery,Store,Low,AGT-167,Resolved,5.0
TKT-0005803,CUS-011543,2020-06-21 14:00:00,2020-06-25 10:00:00,Account,Email,Medium,AGT-281,Closed,5.0
TKT-0005804,CUS-004106,2020-07-29 14:00:00,,Returns,Social,Medium,AGT-311,Open,
TKT-0005805,CUS-000742,2024-04-15 06:00:00,2024-04-16 00:00:00,Delivery,Social,Medium,AGT-062,Resolved,
TKT-0005806,CUS-002132,2020-11-30 08:00:00,2020-12-01 12:00:00,Returns,Phone,Medium,AGT-258,Resolved,
TKT-0005807,CUS-007590,2023-07-11 11:00:00,2023-07-14 10:00:00,Account,Email,Low,AGT-089,Resolved,
TKT-0005808,CUS-005049,2021-01-25 19:00:00,2021-01-26 10:00:00,Payment,Email,Low,AGT-225,Resolved,
TKT-0005809,CUS-002849,2020-11-27 14:00:00,2020-11-28 05:00:00,Delivery,Email,High,AGT-192,Resolved,4.0
TKT-0005810,CUS-000351,2026-05-01 10:00:00,2026-05-03 12:00:00,Returns,Store,Medium,AGT-120,Closed,1.0
TKT-0005811,CUS-009371,2024-01-02 13:00:00,2024-01-07 04:00:00,Product Quality,Phone,Medium,AGT-114,Resolved,3.0
TKT-0005812,CUS-011160,2021-05-30 15:00:00,2021-06-04 14:00:00,Product Quality,Social,Medium,AGT-308,Resolved,5.0
TKT-0005813,CUS-009781,2024-03-25 17:00:00,2024-03-26 11:00:00,Technical,Chat,Low,AGT-187,Resolved,
TKT-0005814,CUS-003837,2024-09-25 17:00:00,2024-09-26 18:00:00,Product Quality ,Phone,Low,AGT-017,Resolved,5.0
TKT-0005815,CUS-007592,2020-06-27 06:00:00,2020-07-01 21:00:00,Delivery,Social,Low,AGT-131,Resolved,1.0
TKT-0005816,CUS-008923,2024-08-20 05:00:00,2024-08-22 10:00:00,Delivery,Store,Medium,AGT-062,Resolved,5.0
TKT-0005817,CUS-011699,2022-09-02 04:00:00,2022-09-04 14:00:00,Technical,Store,Low,AGT-275,Resolved,
TKT-0005818,CUS-008330,2020-03-22 01:00:00,2020-03-25 00:00:00,Promotion,Phone,Low,AGT-275,Resolved,
TKT-0005819,CUS-005017,2024-07-07 21:00:00,2024-07-08 11:00:00,Delivery,Chat,Low,AGT-205,Resolved,4.0
TKT-0005820,CUS-004886,2021-06-04 02:00:00,2021-06-06 14:00:00,Payment,Chat,Medium,AGT-193,Resolved,5.0
TKT-0005821,CUS-006283,2021-05-30 20:00:00,,Returns,Chat,Low,AGT-244,Open,
TKT-0005822,CUS-002831,2020-10-15 23:00:00,2020-10-20 05:00:00,Payment,Email,High,AGT-036,Resolved,
TKT-0005823,CUS-001091,2026-07-06 07:00:00,,Delivery,Chat,Medium,AGT-298,Open,
TKT-0005824,CUS-004979,2024-08-17 19:00:00,2024-08-22 18:00:00,Returns,Social,Medium,AGT-268,Resolved,5.0
TKT-0005825,CUS-003389,2023-08-17 04:00:00,2023-08-17 18:00:00,Delivery,Store,Medium,AGT-195,Resolved,3.0
TKT-0005826,CUS-008737,2025-07-23 07:00:00,2025-07-27 11:00:00,Product Quality,Social,Medium,AGT-106,Resolved,
TKT-0005827,CUS-002663,2024-07-19 11:00:00,2024-07-21 23:00:00,Delivery,Email,Medium,AGT-121,Resolved,
TKT-0005828,CUS-006390,2024-11-20 20:00:00,2024-11-24 04:00:00,Account,Chat,Low,AGT-254,Resolved,5.0
TKT-0005829,CUS-008661,2020-06-02 09:00:00,,Returns,Store,Low,AGT-026,Open,
TKT-0005830,CUS-008245,2021-09-24 13:00:00,2021-09-25 01:00:00,Delivery,Social,Medium,AGT-321,Resolved,
TKT-0005831,CUS-000799,2025-12-23 13:00:00,2025-12-26 02:00:00,Technical,Chat,Low,AGT-243,Closed,5.0
TKT-0005832,CUS-006802,2024-06-02 02:00:00,2024-06-03 04:00:00,Delivery,Phone,Medium,AGT-088,Resolved,
TKT-0005833,CUS-008422,2024-03-29 20:00:00,2024-04-02 12:00:00,Promotion,Store,High,AGT-260,Resolved,4.0
TKT-0005834,CUS-003135,2026-04-17 20:00:00,2026-04-22 18:00:00,Product Quality,Store,Low,AGT-247,Closed,
TKT-0005835,CUS-005759,2023-02-26 15:00:00,2023-03-01 22:00:00,Product Quality,Email,Low,AGT-302,Resolved,
TKT-0005836,CUS-006634,2022-01-16 11:00:00,2022-01-19 22:00:00,Product Quality,Phone,Medium,AGT-185,Resolved,5.0
TKT-0005837,CUS-005818,2020-11-28 18:00:00,,Delivery,Store,High,AGT-057,Open,
TKT-0005838,CUS-002383,2021-07-19 10:00:00,2021-07-21 08:00:00,Returns,Store,High,AGT-257,Resolved,4.0
TKT-0005839,CUS-010108,2020-03-05 15:00:00,2020-03-08 19:00:00,Delivery,Phone,Medium,AGT-076,Resolved,4.0
TKT-0005840,CUS-006895,2024-09-19 09:00:00,2024-09-19 17:00:00,Product Quality,Email,High,AGT-342,Resolved,
TKT-0005841,CUS-000052,2021-06-14 20:00:00,2021-06-15 20:00:00,Delivery,Email,Critical,AGT-189,Resolved,
TKT-0005842,CUS-006101,2021-12-05 20:00:00,2021-12-10 08:00:00,Product Quality,Chat,High,AGT-199,Resolved,
TKT-0005843,CUS-007604,2020-05-31 08:00:00,2020-06-03 16:00:00,Returns,Store,Medium,AGT-280,Resolved,
TKT-0005844,CUS-003975,2021-02-20 22:00:00,2021-02-22 00:00:00,Delivery,Chat,Medium,AGT-296,Closed,2.0
TKT-0005845,CUS-004197,2025-06-27 00:00:00,2025-06-30 21:00:00,Payment,Chat,Low,AGT-280,Resolved,
TKT-0005846,CUS-006400,2025-04-09 12:00:00,2025-04-14 11:00:00,Delivery,Social,Low,AGT-058,Closed,3.0
TKT-0005847,CUS-004624,2023-05-22 22:00:00,2023-05-25 12:00:00,Promotion,Email,Medium,AGT-116,Resolved,3.0
TKT-0005848,CUS-009200,2022-11-28 13:00:00,2022-11-30 00:00:00,Returns,Phone,Medium,AGT-108,Resolved,5.0
TKT-0005849,CUS-000930,2022-01-01 20:00:00,2022-01-04 22:00:00,Delivery,Phone,Medium,AGT-141,Resolved,
TKT-0005850,CUS-007577,2023-05-10 15:00:00,2023-05-12 22:00:00,Delivery,Phone,Low,AGT-262,Resolved,3.0
TKT-0005851,CUS-008419,2020-06-01 00:00:00,2020-06-04 17:00:00,Account,Chat,High,AGT-016,Resolved,
TKT-0005852,CUS-011355,2020-01-05 06:00:00,2020-01-06 00:00:00,Returns,Store,Low,AGT-124,Resolved,5.0
TKT-0005853,CUS-004862,2024-04-04 22:00:00,2024-04-08 08:00:00,Delivery,Store,Medium,AGT-284,Resolved,3.0
TKT-0005854,CUS-002888,2020-09-03 07:00:00,,Payment,Phone,Critical,AGT-016,Open,
TKT-0005855,CUS-000472,2021-10-23 11:00:00,2021-10-27 11:00:00,Product Quality,Social,Low,AGT-221,Resolved,3.0
TKT-0005856,CUS-003191,2025-06-13 10:00:00,2025-06-16 02:00:00,Returns,Chat,Medium,AGT-247,Resolved,5.0
TKT-0005857,CUS-005476,2023-12-31 21:00:00,2024-01-03 22:00:00,Account,Phone,Low,AGT-303,Resolved,4.0
TKT-0005858,CUS-002798,2020-05-21 18:00:00,2020-05-25 15:00:00,Returns,Store,Low,AGT-246,Resolved,5.0
TKT-0005859,CUS-001762,2024-02-06 11:00:00,2024-02-07 03:00:00,Payment,Social,Low,AGT-094,Resolved,1.0
TKT-0005860,CUS-011343,2024-11-26 00:00:00,2024-11-28 01:00:00,Technical,Phone,High,AGT-345,Resolved,
TKT-0005861,CUS-003217,2024-06-01 19:00:00,2024-06-03 05:00:00,Account,Phone,Medium,AGT-321,Resolved,5.0
TKT-0005862,CUS-001027,2023-08-03 09:00:00,2023-08-06 03:00:00,Product Quality,Chat,Medium,AGT-250,Resolved,
TKT-0005863,CUS-002191,2021-09-16 05:00:00,2021-09-20 22:00:00,Payment,Chat,Medium,AGT-148,Resolved,
TKT-0005864,CUS-003343,2024-04-01 17:00:00,2024-04-03 07:00:00,Product Quality,Social,High,AGT-245,Closed,4.0
TKT-0005865,CUS-007176,2026-08-20 18:00:00,2026-08-24 17:00:00,technical,Phone,Medium,AGT-277,Resolved,5.0
TKT-0005866,CUS-006544,2022-01-23 15:00:00,2022-01-26 16:00:00,Technical,Email,Medium,AGT-228,Resolved,5.0
TKT-0005867,CUS-006354,2025-05-04 11:00:00,2025-05-06 16:00:00,Returns,Store,Low,AGT-016,Resolved,5.0
TKT-0005868,CUS-001161,2022-04-02 10:00:00,2022-04-04 14:00:00,Promotion,Store,Low,AGT-079,Resolved,1.0
TKT-0005869,CUS-011552,2026-04-21 02:00:00,2026-04-23 09:00:00,Delivery,Phone,Low,AGT-125,Resolved,
TKT-0005870,CUS-008150,2021-02-05 17:00:00,2021-02-08 06:00:00,Returns,Chat,Low,AGT-220,Closed,3.0
TKT-0005871,CUS-007579,2025-09-12 01:00:00,2025-09-16 07:00:00,Returns,Social,Low,AGT-110,Resolved,5.0
TKT-0005872,CUS-005747,2024-01-28 00:00:00,2024-02-01 16:00:00,Account,Store,Medium,AGT-297,Resolved,4.0
TKT-0005873,CUS-011630,2021-11-22 07:00:00,2021-11-24 03:00:00,Returns,Email,Medium,AGT-343,Resolved,
TKT-0005874,CUS-007477,2020-01-23 21:00:00,2020-01-25 11:00:00,Product Quality,Phone,Medium,AGT-073,Resolved,
TKT-0005875,CUS-004950,2025-12-22 18:00:00,2025-12-25 17:00:00,Account,Chat,High,AGT-123,Closed,
TKT-0005876,CUS-010636,2024-08-05 21:00:00,2024-08-08 16:00:00,Returns,Social,Low,AGT-315,Resolved,
TKT-0005877,CUS-010007,2024-11-21 22:00:00,2024-11-23 03:00:00,Delivery,Store,Medium,AGT-083,Resolved,
TKT-0005878,CUS-004291,2024-08-13 14:00:00,2024-08-16 15:00:00,Account,Store,High,AGT-329,Resolved,5.0
TKT-0005879,CUS-006482,2025-10-09 05:00:00,2025-10-09 16:00:00,Promotion,Chat,Medium,AGT-174,Resolved,4.0
TKT-0005880,CUS-000485,2021-01-29 16:00:00,2021-01-31 11:00:00,Returns,Store,Low,AGT-285,Resolved,4.0
TKT-0005881,CUS-003100,2020-08-25 20:00:00,2020-08-29 03:00:00,Product Quality,Social,Low,AGT-036,Resolved,
TKT-0005882,CUS-006801,2022-05-29 01:00:00,,Account,Social,High,AGT-177,Open,
TKT-0005883,CUS-007177,2021-05-22 03:00:00,2021-05-25 05:00:00,Returns,Store,High,AGT-299,Resolved,5.0
TKT-0005884,CUS-003190,2021-05-31 13:00:00,2021-06-02 11:00:00,Technical,Social,Low,AGT-149,Resolved,
TKT-0005885,CUS-002713,2026-06-07 02:00:00,2026-06-09 17:00:00,Returns,Social,Low,AGT-143,Resolved,
TKT-0005886,CUS-005098,2022-02-07 08:00:00,2022-02-10 09:00:00,Technical,Store,Medium,AGT-293,Closed,4.0
TKT-0005887,CUS-010867,2026-08-09 06:00:00,2026-08-11 01:00:00,Returns,Social,Low,AGT-157,Resolved,5.0
TKT-0005888,CUS-005542,2024-11-01 16:00:00,2024-11-06 13:00:00,Promotion,Store,Medium,AGT-170,Resolved,4.0
TKT-0005889,CUS-001428,2022-02-18 04:00:00,2022-02-18 16:00:00,Promotion,Phone,Low,AGT-151,Closed,5.0
TKT-0005890,CUS-000732,2021-07-08 17:00:00,2021-07-11 14:00:00,Delivery,Store,Medium,AGT-109,Resolved,
TKT-0005891,CUS-010643,2025-12-14 09:00:00,2025-12-17 15:00:00,Account,Social,Low,AGT-303,Closed,
TKT-0005892,CUS-001599,2024-12-13 19:00:00,2024-12-17 10:00:00,Product Quality,Phone,Medium,AGT-325,Closed,5.0
TKT-0005893,CUS-003834,2026-03-28 05:00:00,2026-03-29 04:00:00,Product Quality,Store,Medium,AGT-221,Resolved,3.0
TKT-0005894,CUS-002858,2021-05-18 03:00:00,2021-05-20 07:00:00,Payment,Social,Critical,AGT-142,Closed,4.0
TKT-0005895,CUS-010279,2024-11-12 07:00:00,2024-11-16 01:00:00,Payment,Chat,Medium,AGT-245,Closed,
TKT-0005896,CUS-002503,2025-12-05 18:00:00,2025-12-06 17:00:00,Delivery,Email,Medium,AGT-092,Resolved,5.0
TKT-0005897,CUS-000930,2021-09-28 19:00:00,2021-09-29 13:00:00,Product Quality,Chat,Medium,AGT-329,Resolved,
TKT-0005898,CUS-010429,2024-06-01 12:00:00,2024-06-06 06:00:00,Account,Email,Medium,AGT-180,Resolved,3.0
TKT-0005899,CUS-005255,2025-02-13 06:00:00,2025-02-13 13:00:00,Returns,Phone,Medium,AGT-024,Closed,5.0
TKT-0005900,CUS-006103,2022-09-10 13:00:00,2022-09-12 09:00:00,Product Quality,Email,Low,AGT-005,Resolved,
TKT-0005901,CUS-002941,2023-09-02 23:00:00,2023-09-04 18:00:00,Product Quality,Chat,Medium,AGT-192,Resolved,
TKT-0005902,CUS-009931,2024-12-08 19:00:00,2024-12-13 13:00:00,Returns,Email,High,AGT-138,Closed,
TKT-0005903,CUS-000270,2021-05-06 22:00:00,2021-05-11 10:00:00,Returns,Chat,Medium,AGT-257,Resolved,4.0
TKT-0005904,CUS-001551,2022-04-10 01:00:00,2022-04-10 19:00:00,Product Quality,Email,Low,AGT-150,Resolved,3.0
TKT-0005905,CUS-002377,2022-07-16 13:00:00,2022-07-17 23:00:00,Returns,Email,Medium,AGT-061,Resolved,4.0
TKT-0005906,CUS-010060,2025-01-10 07:00:00,2025-01-14 06:00:00,Delivery,Phone,Low,AGT-183,Resolved,5.0
TKT-0005907,CUS-009965,2020-06-15 04:00:00,2020-06-15 08:00:00,Technical,Social,Low,AGT-099,Resolved,1.0
TKT-0005908,CUS-001454,2023-06-01 20:00:00,2023-06-05 17:00:00,Returns,Chat,Medium,AGT-159,Resolved,3.0
TKT-0005909,CUS-009409,2026-07-19 01:00:00,2026-07-23 19:00:00,Payment,Store,Low,AGT-021,Resolved,4.0
TKT-0005910,CUS-003422,2024-05-24 20:00:00,2024-05-26 04:00:00,Delivery,Social,Low,AGT-113,Resolved,5.0
TKT-0005911,CUS-009483,2022-12-20 23:00:00,2022-12-24 21:00:00,Payment,Phone,Low,AGT-095,Closed,4.0
TKT-0005912,CUS-000336,2020-02-04 00:00:00,2020-02-04 01:00:00,Product Quality,Phone,High,AGT-020,Closed,
TKT-0005913,CUS-009495,2023-10-04 08:00:00,2023-10-08 00:00:00,Returns,Store,Low,AGT-160,Resolved,
TKT-0005914,CUS-010752,2020-01-12 02:00:00,2020-01-16 10:00:00,Technical,Store,Medium,AGT-286,Resolved,4.0
TKT-0005915,CUS-008684,2022-11-27 21:00:00,2022-11-28 09:00:00,Product Quality,Social,Medium,AGT-117,Resolved,
TKT-0005916,CUS-011645,2023-09-03 03:00:00,2023-09-03 15:00:00,payment,Store,Medium,AGT-024,Closed,3.0
TKT-0005917,CUS-011805,2024-07-30 21:00:00,2024-08-03 22:00:00,Technical,Chat,Medium,AGT-290,Closed,
TKT-0005918,CUS-010792,2021-01-31 22:00:00,2021-02-02 17:00:00,Product Quality,Email,Medium,AGT-060,Closed,
TKT-0005919,CUS-009770,2025-02-24 16:00:00,2025-02-25 17:00:00,Returns,Phone,High,AGT-112,Resolved,5.0
TKT-0005920,CUS-005345,2023-11-22 16:00:00,2023-11-25 23:00:00,Payment,Chat,Medium,AGT-141,Resolved,3.0
TKT-0005921,CUS-007673,2021-10-17 09:00:00,2021-10-21 11:00:00,Account,Chat,Low,AGT-171,Resolved,4.0
TKT-0005922,CUS-003365,2024-12-24 03:00:00,2024-12-25 07:00:00,Delivery,Chat,Medium,AGT-114,Resolved,
TKT-0005923,CUS-011802,2025-05-10 19:00:00,2025-05-14 22:00:00,Product Quality,Chat,Low,AGT-348,Resolved,4.0
TKT-0005924,CUS-006505,2020-09-10 13:00:00,2020-09-14 13:00:00,Product Quality,Store,Medium,AGT-179,Closed,
TKT-0005925,CUS-007680,2026-03-17 00:00:00,2026-03-21 14:00:00,Returns,Social,Low,AGT-140,Resolved,5.0
TKT-0005926,CUS-009642,2021-11-05 02:00:00,2021-11-09 03:00:00,Product Quality,Store,Low,AGT-234,Resolved,
TKT-0005927,CUS-003737,2022-02-22 13:00:00,2022-02-26 02:00:00,Account,Store,High,AGT-277,Resolved,
TKT-0005928,CUS-000243,2022-05-07 20:00:00,2022-05-12 06:00:00,Product Quality,Chat,High,AGT-222,Resolved,
TKT-0005929,CUS-004542,2022-08-21 12:00:00,2022-08-26 00:00:00,Delivery,Social,Medium,AGT-043,Resolved,
TKT-0005930,CUS-010561,2025-08-31 07:00:00,2025-09-02 01:00:00,Product Quality,Chat,Low,AGT-006,Resolved,4.0
TKT-0005931,CUS-006878,2023-12-03 03:00:00,2023-12-04 08:00:00,Returns,Social,Medium,AGT-337,Resolved,2.0
TKT-0005932,CUS-003181,2020-07-22 22:00:00,2020-07-26 17:00:00,Returns,Phone,Low,AGT-279,Resolved,
TKT-0005933,CUS-004789,2020-10-28 07:00:00,2020-10-28 20:00:00,Product Quality,Store,Medium,AGT-039,Resolved,1.0
TKT-0005934,CUS-003548,2024-04-02 19:00:00,2024-04-07 12:00:00,Delivery,Email,Low,AGT-217,Closed,4.0
TKT-0005935,CUS-001412,2020-10-09 01:00:00,2020-10-11 04:00:00,Account,Chat,Low,AGT-180,Resolved,
TKT-0005936,CUS-000748,2021-03-18 12:00:00,2021-03-21 14:00:00,Delivery,Store,Low,AGT-001,Closed,2.0
TKT-0005937,CUS-002278,2021-06-09 18:00:00,2021-06-10 10:00:00,Delivery,Email,Medium,AGT-218,Resolved,
TKT-0005938,CUS-003314,2020-03-01 14:00:00,2020-03-06 04:00:00,Account,Social,Low,AGT-259,Closed,
TKT-0005939,CUS-000116,2021-04-25 16:00:00,2021-04-28 16:00:00,Returns,Store,Medium,AGT-197,Resolved,3.0
TKT-0005940,CUS-001656,2021-08-21 11:00:00,2021-08-25 14:00:00,Returns,Social,High,AGT-109,Resolved,
TKT-0005941,CUS-005927,2024-04-22 18:00:00,2024-04-27 14:00:00,Account,Email,Low,AGT-184,Resolved,
TKT-0005942,CUS-011403,2021-04-07 20:00:00,2021-04-08 05:00:00,Technical,Email,Low,AGT-291,Resolved,
TKT-0005943,CUS-010679,2022-02-23 05:00:00,2022-02-23 22:00:00,Payment,Email,High,AGT-237,Resolved,3.0
TKT-0005944,CUS-003805,2021-02-06 15:00:00,2021-02-08 03:00:00,Product Quality,Phone,High,AGT-017,Closed,
TKT-0005945,CUS-007240,2024-08-18 13:00:00,2024-08-19 06:00:00,Technical,Phone,Low,AGT-325,Resolved,
TKT-0005946,CUS-007125,2021-03-03 08:00:00,2021-03-07 08:00:00,Promotion,Email,High,AGT-082,Resolved,
TKT-0005947,CUS-007157,2021-06-08 06:00:00,2021-06-13 01:00:00,Payment,Chat,High,AGT-126,Resolved,
TKT-0005948,CUS-003508,2022-12-01 09:00:00,2022-12-03 09:00:00,Payment,Chat,Low,AGT-269,Resolved,3.0
TKT-0005949,CUS-009519,2020-07-11 07:00:00,2020-07-15 04:00:00,Returns,Email,Low,AGT-298,Resolved,4.0
TKT-0005950,CUS-003122,2023-12-30 10:00:00,,Promotion,Store,Medium,AGT-189,Open,
TKT-0005951,CUS-008002,2025-11-03 08:00:00,2025-11-03 15:00:00,Technical,Store,High,AGT-309,Resolved,2.0
TKT-0005952,CUS-008546,2023-10-22 22:00:00,2023-10-23 17:00:00,Delivery,Chat,Medium,AGT-207,Closed,4.0
TKT-0005953,CUS-002482,2023-11-02 22:00:00,2023-11-03 15:00:00,Product Quality,Social,Medium,AGT-141,Resolved,2.0
TKT-0005954,CUS-002232,2023-04-24 16:00:00,2023-04-27 13:00:00,Returns,Phone,Medium,AGT-143,Resolved,
TKT-0005955,CUS-004708,2024-06-15 02:00:00,2024-06-18 17:00:00,Delivery,Phone,High,AGT-300,Resolved,4.0
TKT-0005956,CUS-008138,2025-05-10 23:00:00,2025-05-12 00:00:00,Delivery,Chat,Medium,AGT-110,Resolved,
TKT-0005957,CUS-010899,2020-09-05 21:00:00,2020-09-07 21:00:00,Account,Social,Low,AGT-061,Resolved,3.0
TKT-0005958,CUS-004903,2026-05-21 23:00:00,,Promotion,Email,High,AGT-259,Open,
TKT-0005959,CUS-001956,2020-05-14 04:00:00,2020-05-18 04:00:00,Account,Chat,Low,AGT-134,Resolved,4.0
TKT-0005960,CUS-011127,2020-02-04 08:00:00,2020-02-09 07:00:00,Payment,Store,Medium,AGT-180,Resolved,5.0
TKT-0005961,CUS-005336,2021-07-13 03:00:00,2021-07-14 20:00:00,Returns,Social,Medium,AGT-138,Resolved,4.0
TKT-0005962,CUS-009288,2024-01-01 04:00:00,2024-01-05 22:00:00,Returns,Phone,Low,AGT-145,Resolved,
TKT-0005963,CUS-007196,2021-11-07 03:00:00,2021-11-09 17:00:00,Delivery,Chat,Low,AGT-100,Resolved,
TKT-0005964,CUS-002723,2020-01-07 02:00:00,2020-01-08 09:00:00,Delivery,Chat,High,AGT-062,Resolved,2.0
TKT-0005965,CUS-009382,2022-01-09 01:00:00,2022-01-13 00:00:00,Payment,Chat,High,AGT-092,Resolved,
TKT-0005966,CUS-011632,2020-11-28 22:00:00,2020-12-01 15:00:00,Returns,Chat,Low,AGT-257,Resolved,5.0
TKT-0005967,CUS-009124,2024-04-10 04:00:00,2024-04-13 03:00:00,Payment,Social,Medium,AGT-246,Resolved,
TKT-0005968,CUS-006227,2025-11-20 20:00:00,2025-11-21 14:00:00,Delivery,Chat,Medium,AGT-156,Resolved,4.0
TKT-0005969,CUS-008942,2026-04-29 16:00:00,2026-05-01 15:00:00,Returns,Chat,Medium,AGT-264,Resolved,
TKT-0005970,CUS-000722,2026-02-28 16:00:00,2026-03-01 10:00:00,Payment,Email,Medium,AGT-045,Resolved,
TKT-0005971,CUS-004219,2023-05-17 09:00:00,2023-05-18 09:00:00,Delivery,Chat,Low,AGT-068,Resolved,4.0
TKT-0005972,CUS-003155,2021-11-09 15:00:00,2021-11-11 20:00:00,Account,Social,Medium,AGT-118,Resolved,4.0
TKT-0005973,CUS-001570,2026-05-04 19:00:00,2026-05-09 06:00:00,Delivery,Chat,Low,AGT-012,Resolved,
TKT-0005974,CUS-002017,2022-12-28 06:00:00,2023-01-01 23:00:00,Promotion,Chat,Medium,AGT-066,Resolved,
TKT-0005975,CUS-007795,2020-05-21 01:00:00,2020-05-25 22:00:00,Returns,Store,Medium,AGT-003,Resolved,
TKT-0005976,CUS-000007,2020-04-02 19:00:00,2020-04-04 00:00:00,Account,Chat,Low,AGT-085,Resolved,4.0
TKT-0005977,CUS-008995,2020-04-15 23:00:00,2020-04-19 16:00:00,Product Quality,Store,High,AGT-212,Resolved,5.0
TKT-0005978,CUS-002524,2024-03-10 12:00:00,,Account,Store,Low,AGT-035,Open,
TKT-0005979,CUS-001743,2021-10-18 15:00:00,2021-10-20 02:00:00,Delivery,Email,Low,AGT-176,Resolved,3.0
TKT-0005980,CUS-004799,2024-03-09 12:00:00,2024-03-13 14:00:00,Product Quality,Chat,Low,AGT-331,Closed,4.0
TKT-0005981,CUS-005280,2023-11-11 20:00:00,2023-11-13 08:00:00,Delivery,Store,Medium,AGT-157,Resolved,5.0
TKT-0005982,CUS-004713,2026-01-13 05:00:00,,Returns,Chat,Medium,AGT-083,Open,
TKT-0005983,CUS-003193,2022-02-08 08:00:00,2022-02-10 21:00:00,Technical,Social,Low,AGT-035,Resolved,1.0
TKT-0005984,CUS-003109,2024-09-13 05:00:00,2024-09-16 16:00:00,Returns,Social,High,AGT-176,Resolved,
TKT-0005985,CUS-010895,2024-07-28 21:00:00,2024-08-01 23:00:00,Returns,Social,Low,AGT-058,Resolved,5.0
TKT-0005986,CUS-002723,2022-08-24 15:00:00,2022-08-25 04:00:00,Product Quality,Social,Medium,AGT-182,Resolved,
TKT-0005987,CUS-004729,2020-03-28 16:00:00,2020-03-29 21:00:00,Returns,Store,Medium,AGT-173,Resolved,
TKT-0005988,CUS-009225,2022-09-13 21:00:00,2022-09-17 19:00:00,Product Quality,Social,Low,AGT-199,Resolved,5.0
TKT-0005989,CUS-008601,2025-11-29 02:00:00,2025-12-03 14:00:00,Account,Social,Low,AGT-199,Resolved,
TKT-0005990,CUS-009480,2022-11-20 07:00:00,2022-11-20 22:00:00,Returns,Chat,Low,AGT-130,Resolved,4.0
TKT-0005991,CUS-008891,2026-01-31 04:00:00,2026-02-03 14:00:00,Product Quality,Store,High,AGT-310,Resolved,
TKT-0005992,CUS-006386,2025-12-13 11:00:00,,Account,Chat,Low,AGT-174,Open,
TKT-0005993,CUS-005718,2023-01-15 15:00:00,2023-01-18 08:00:00,Delivery,Social,Medium,AGT-230,Resolved,4.0
TKT-0005994,CUS-001730,2025-04-09 03:00:00,,Product Quality,Social,Medium,AGT-214,Open,
TKT-0005995,CUS-004539,2020-06-20 02:00:00,2020-06-24 00:00:00,Product Quality,Chat,Medium,AGT-198,Resolved,4.0
TKT-0005996,CUS-002301,2024-08-19 03:00:00,2024-08-19 18:00:00,Delivery,Chat,Low,AGT-307,Closed,2.0
TKT-0005997,CUS-001227,2021-02-09 14:00:00,2021-02-09 18:00:00,Returns,Social,High,AGT-194,Resolved,3.0
TKT-0005998,CUS-000309,2022-12-27 02:00:00,,Delivery,Email,Low,AGT-041,Open,
TKT-0005999,CUS-006435,2024-09-13 02:00:00,2024-09-17 02:00:00,Product Quality,Phone,Low,AGT-246,Resolved,
TKT-0006000,CUS-005840,2025-09-17 10:00:00,2025-09-21 05:00:00,Payment,Social,Medium,AGT-074,Closed,5.0
TKT-0006001,CUS-011316,2026-02-19 08:00:00,2026-02-21 19:00:00,Delivery,Chat,Low,AGT-035,Resolved,
TKT-0006002,CUS-006916,2024-08-22 00:00:00,2024-08-24 07:00:00,Product Quality,Store,Low,AGT-017,Resolved,4.0
TKT-0006003,CUS-010456,2021-02-19 05:00:00,,Returns,Social,High,AGT-150,Open,
TKT-0006004,CUS-002015,2022-08-03 17:00:00,2022-08-06 01:00:00,Promotion,Store,High,AGT-339,Resolved,4.0
TKT-0006005,CUS-000890,2023-10-31 13:00:00,2023-11-03 19:00:00,Delivery,Email,Low,AGT-085,Closed,5.0
TKT-0006006,CUS-001028,2020-03-02 18:00:00,2020-03-06 19:00:00,Product Quality,Email,Medium,AGT-050,Resolved,
TKT-0006007,CUS-002849,2025-12-28 06:00:00,2025-12-29 17:00:00,Account,Social,Medium,AGT-334,Resolved,
TKT-0006008,CUS-000613,2020-10-15 12:00:00,2020-10-20 06:00:00,Delivery,Phone,Medium,AGT-045,Resolved,2.0
TKT-0006009,CUS-008029,2024-02-20 03:00:00,2024-02-23 14:00:00,Product Quality,Social,Low,AGT-177,Closed,
TKT-0006010,CUS-002424,2023-05-01 21:00:00,2023-05-06 18:00:00,Promotion,Store,Low,AGT-131,Resolved,
TKT-0006011,CUS-005364,2021-01-28 11:00:00,2021-01-29 06:00:00,Returns,Phone,High,AGT-330,Resolved,3.0
TKT-0006012,CUS-009405,2020-07-04 04:00:00,2020-07-04 05:00:00,Technical,Phone,Medium,AGT-265,Resolved,
TKT-0006013,CUS-007194,2025-11-10 17:00:00,2025-11-13 22:00:00,Returns,Email,Low,AGT-065,Resolved,5.0
TKT-0006014,CUS-005969,2026-07-24 16:00:00,2026-07-28 09:00:00,Delivery,Chat,Medium,AGT-302,Resolved,
TKT-0006015,CUS-009270,2024-02-15 08:00:00,2024-02-16 03:00:00,Delivery,Phone,High,AGT-055,Resolved,
TKT-0006016,CUS-001285,2020-08-24 21:00:00,2020-08-27 15:00:00,Technical,Store,Low,AGT-338,Closed,2.0
TKT-0006017,CUS-007009,2023-07-02 19:00:00,2023-07-04 02:00:00,Delivery,Social,Medium,AGT-087,Closed,4.0
TKT-0006018,CUS-003342,2022-05-05 11:00:00,2022-05-10 10:00:00,Product Quality,Chat,Medium,AGT-247,Resolved,4.0
TKT-0006019,CUS-011553,2022-07-29 20:00:00,2022-07-30 22:00:00,Delivery,Chat,Low,AGT-324,Closed,4.0
TKT-0006020,CUS-004955,2025-10-31 19:00:00,2025-11-01 00:00:00,Product Quality,Social,Low,AGT-290,Closed,5.0
TKT-0006021,CUS-004846,2020-01-26 16:00:00,2020-01-29 02:00:00,Returns,Chat,High,AGT-298,Resolved,
TKT-0006022,CUS-007912,2020-02-26 02:00:00,2020-03-01 18:00:00,Delivery,Chat,Medium,AGT-281,Resolved,
TKT-0006023,CUS-008360,2025-12-15 22:00:00,2025-12-17 11:00:00,Product Quality,Store,Low,AGT-099,Resolved,4.0
TKT-0006024,CUS-007668,2020-09-17 06:00:00,2020-09-20 17:00:00,Payment,Phone,High,AGT-318,Resolved,1.0
TKT-0006025,CUS-006609,2020-12-09 06:00:00,2020-12-12 14:00:00,Delivery,Store,High,AGT-252,Resolved,
TKT-0006026,CUS-004264,2025-11-25 19:00:00,,Account,Phone,Medium,AGT-070,Open,
TKT-0006027,CUS-003931,2025-01-06 10:00:00,2025-01-09 04:00:00,Delivery,Chat,Medium,AGT-335,Resolved,3.0
TKT-0006028,CUS-006019,2021-08-27 23:00:00,2021-08-29 20:00:00,Technical,Store,Low,AGT-106,Closed,
TKT-0006029,CUS-002799,2025-12-12 10:00:00,2025-12-13 16:00:00,Promotion,Phone,Low,AGT-006,Resolved,
TKT-0006030,CUS-006467,2020-11-14 15:00:00,2020-11-19 06:00:00,Payment,Chat,Medium,AGT-194,Resolved,4.0
TKT-0006031,CUS-001627,2023-01-03 01:00:00,2023-01-04 06:00:00,Returns,Email,Critical,AGT-307,Resolved,
TKT-0006032,CUS-008582,2022-02-10 07:00:00,2022-02-10 14:00:00,Returns,Social,Low,AGT-216,Resolved,
TKT-0006033,CUS-008168,2025-06-29 03:00:00,2025-07-02 14:00:00,Payment,Email,Medium,AGT-119,Resolved,3.0
TKT-0006034,CUS-002144,2025-07-04 09:00:00,2025-07-07 09:00:00,Delivery,Social,Medium,AGT-211,Closed,3.0
TKT-0006035,CUS-002407,2022-03-19 12:00:00,2022-03-24 11:00:00,Product Quality,Phone,Low,AGT-253,Resolved,3.0
TKT-0006036,CUS-002297,2026-02-07 22:00:00,2026-02-09 03:00:00,Payment,Phone,Low,AGT-344,Resolved,5.0
TKT-0006037,CUS-005960,2021-11-19 02:00:00,2021-11-21 02:00:00,Product Quality,Social,Medium,AGT-202,Resolved,
TKT-0006038,CUS-006000,2023-11-27 07:00:00,,Delivery,Social,High,AGT-290,Open,
TKT-0006039,CUS-008744,2022-06-18 12:00:00,2022-06-20 23:00:00,Returns,Store,High,AGT-116,Resolved,4.0
TKT-0006040,CUS-005161,2024-08-28 21:00:00,2024-09-02 11:00:00,Delivery,Email,Low,AGT-061,Closed,2.0
TKT-0006041,CUS-002339,2025-07-11 10:00:00,2025-07-13 17:00:00,Product Quality,Phone,Low,AGT-221,Resolved,5.0
TKT-0006042,CUS-005884,2021-09-08 20:00:00,2021-09-11 03:00:00,Product Quality,Social,Medium,AGT-280,Closed,1.0
TKT-0006043,CUS-004148,2023-05-24 07:00:00,2023-05-24 20:00:00,Account,Email,High,AGT-280,Resolved,5.0
TKT-0006044,CUS-004316,2021-01-14 08:00:00,2021-01-18 04:00:00,Delivery,Chat,Low,AGT-132,Closed,
TKT-0006045,CUS-010948,2025-05-17 12:00:00,2025-05-21 10:00:00,Delivery,Social,Medium,AGT-127,Resolved,4.0
TKT-0006046,CUS-002381,2025-03-25 00:00:00,2025-03-29 08:00:00,Returns,Store,Low,AGT-100,Closed,
TKT-0006047,CUS-008101,2026-08-17 09:00:00,2026-08-20 16:00:00,Payment,Chat,High,AGT-165,Resolved,
TKT-0006048,CUS-002923,2024-02-27 09:00:00,2024-02-28 16:00:00,Product Quality,Email,Low,AGT-201,Closed,
TKT-0006049,CUS-008085,2023-10-28 23:00:00,2023-11-01 19:00:00,Delivery,Chat,High,AGT-086,Resolved,
TKT-0006050,CUS-002112,2025-04-21 16:00:00,2025-04-26 13:00:00,Returns,Social,High,AGT-210,Resolved,
TKT-0006051,CUS-005089,2024-01-18 04:00:00,2024-01-18 05:00:00,Delivery,Phone,Low,AGT-026,Resolved,
TKT-0006052,CUS-004713,2021-08-03 17:00:00,,Returns,Social,Medium,AGT-291,Open,
TKT-0006053,CUS-007280,2023-04-01 01:00:00,2023-04-02 19:00:00,Delivery,Social,Medium,AGT-051,Resolved,3.0
TKT-0006054,CUS-011965,2023-06-20 12:00:00,2023-06-22 12:00:00,Delivery,Social,Medium,AGT-058,Resolved,
TKT-0006055,CUS-007778,2021-08-04 23:00:00,2021-08-06 05:00:00,Returns,Store,Medium,AGT-107,Resolved,5.0
TKT-0006056,CUS-002559,2023-06-18 03:00:00,,Delivery,Email,Medium,AGT-213,Open,
TKT-0006057,CUS-011193,2026-04-04 04:00:00,2026-04-07 06:00:00,Delivery,Chat,Medium,AGT-075,Resolved,3.0
TKT-0006058,CUS-003959,2023-06-06 10:00:00,2023-06-07 06:00:00,Promotion,Chat,High,AGT-135,Closed,
TKT-0006059,CUS-010812,2023-02-03 16:00:00,2023-02-06 12:00:00,Account,Social,Medium,AGT-319,Resolved,5.0
TKT-0006060,CUS-007849,2023-06-22 09:00:00,2023-06-23 17:00:00,Payment,Phone,Medium,AGT-038,Resolved,4.0
TKT-0006061,CUS-004714,2022-11-26 05:00:00,2022-11-26 11:00:00,Promotion,Store,Medium,AGT-027,Resolved,1.0
TKT-0006062,CUS-003219,2022-07-17 21:00:00,2022-07-22 15:00:00,Payment,Phone,Low,AGT-007,Resolved,1.0
TKT-0006063,CUS-008481,2021-01-19 07:00:00,2021-01-23 09:00:00,Delivery,Social,Medium,AGT-311,Closed,5.0
TKT-0006064,CUS-009406,2020-05-12 04:00:00,2020-05-13 09:00:00,Delivery,Store,High,AGT-239,Resolved,4.0
TKT-0006065,CUS-007762,2021-04-20 12:00:00,2021-04-20 23:00:00,Product Quality,Email,Medium,AGT-093,Closed,5.0
TKT-0006066,CUS-001744,2026-05-17 07:00:00,,Delivery,Email,High,AGT-337,Open,
TKT-0006067,CUS-008777,2021-01-13 11:00:00,,Product Quality,Phone,Critical,AGT-137,Open,
TKT-0006068,CUS-010740,2026-05-02 05:00:00,2026-05-04 17:00:00,Product Quality,Email,Medium,AGT-205,Resolved,4.0
TKT-0006069,CUS-000823,2020-06-01 17:00:00,2020-06-04 18:00:00,Account,Store,Low,AGT-342,Resolved,5.0
TKT-0006070,CUS-009596,2020-11-26 16:00:00,2020-11-27 13:00:00,Delivery,Email,High,AGT-162,Resolved,2.0
TKT-0006071,CUS-005829,2021-10-25 20:00:00,2021-10-30 13:00:00,Returns,Social,High,AGT-333,Resolved,3.0
TKT-0006072,CUS-005973,2020-05-16 12:00:00,2020-05-19 16:00:00,Payment,Phone,High,AGT-073,Resolved,3.0
TKT-0006073,CUS-000196,2022-04-18 04:00:00,,Delivery,Phone,Medium,AGT-350,Open,
TKT-0006074,CUS-006484,2024-01-06 07:00:00,2024-01-06 13:00:00,Promotion,Email,Medium,AGT-056,Closed,2.0
TKT-0006075,CUS-005922,2020-10-09 04:00:00,2020-10-13 02:00:00,Returns,Social,Medium,AGT-201,Resolved,
TKT-0006076,CUS-011896,2025-09-23 17:00:00,2025-09-26 00:00:00,Account,Social,Critical,AGT-010,Closed,
TKT-0006077,CUS-007826,2023-12-10 06:00:00,2023-12-11 08:00:00,Account,Phone,Low,AGT-241,Closed,5.0
TKT-0006078,CUS-004488,2020-03-23 03:00:00,2020-03-28 02:00:00,Delivery,Phone,Low,AGT-330,Resolved,
TKT-0006079,CUS-001128,2022-12-24 18:00:00,2022-12-29 11:00:00,Promotion,Email,Low,AGT-111,Resolved,4.0
TKT-0006080,CUS-008737,2025-01-13 22:00:00,,Returns,Store,Medium,AGT-348,Open,
TKT-0006081,CUS-011904,2020-09-22 13:00:00,2020-09-24 17:00:00,Delivery,Phone,Low,AGT-190,Resolved,4.0
TKT-0006082,CUS-009353,2022-06-10 01:00:00,2022-06-10 06:00:00,Product Quality,Phone,Medium,AGT-012,Resolved,
TKT-0006083,CUS-005549,2025-05-25 09:00:00,2025-05-27 14:00:00,Account,Store,Medium,AGT-029,Resolved,5.0
TKT-0006084,CUS-004092,2024-03-25 01:00:00,,Product Quality,Email,High,AGT-246,Open,
TKT-0006085,CUS-008500,2023-07-31 07:00:00,2023-08-02 20:00:00,Delivery,Social,High,AGT-174,Resolved,5.0
TKT-0006086,CUS-002686,2024-10-15 09:00:00,2024-10-16 17:00:00,Promotion,Email,Medium,AGT-222,Resolved,5.0
TKT-0006087,CUS-001015,2021-12-18 00:00:00,2021-12-21 12:00:00,Delivery,Email,Low,AGT-252,Resolved,
TKT-0006088,CUS-006619,2022-07-15 19:00:00,2022-07-17 20:00:00,Product Quality,Email,Critical,AGT-279,Resolved,2.0
TKT-0006089,CUS-010270,2022-04-08 07:00:00,2022-04-08 11:00:00,Technical,Store,Medium,AGT-235,Resolved,
TKT-0006090,CUS-011480,2025-02-15 07:00:00,2025-02-20 01:00:00,Delivery,Email,Medium,AGT-094,Resolved,5.0
TKT-0006091,CUS-002884,2021-08-31 10:00:00,,Payment,Email,Medium,AGT-296,Open,
TKT-0006092,CUS-004269,2021-01-26 22:00:00,2021-01-27 04:00:00,Product Quality,Store,Low,AGT-069,Resolved,3.0
TKT-0006093,CUS-001751,2021-08-11 10:00:00,2021-08-12 09:00:00,Technical,Chat,High,AGT-327,Resolved,5.0
TKT-0006094,CUS-001946,2024-02-08 21:00:00,2024-02-13 00:00:00,Delivery,Store,Medium,AGT-036,Resolved,
TKT-0006095,CUS-002297,2022-09-11 16:00:00,2022-09-16 11:00:00,Promotion,Phone,Medium,AGT-350,Resolved,
TKT-0006096,CUS-000018,2020-11-23 03:00:00,,Returns,Social,High,AGT-037,Open,
TKT-0006097,CUS-005085,2023-04-13 15:00:00,2023-04-14 14:00:00,Payment,Store,High,AGT-034,Closed,
TKT-0006098,CUS-005035,2023-07-08 15:00:00,2023-07-10 18:00:00,Delivery,Phone,High,AGT-186,Resolved,5.0
TKT-0006099,CUS-006392,2023-06-02 14:00:00,2023-06-06 19:00:00,Returns,Chat,Low,AGT-059,Resolved,1.0
TKT-0006100,CUS-008709,2020-07-18 19:00:00,2020-07-22 11:00:00,Returns,Social,Medium,AGT-103,Resolved,
TKT-0006101,CUS-010451,2025-10-08 10:00:00,2025-10-11 18:00:00,Account,Email,High,AGT-052,Resolved,4.0
TKT-0006102,CUS-001594,2026-08-13 00:00:00,2026-08-15 22:00:00,Payment,Store,Medium,AGT-271,Resolved,5.0
TKT-0006103,CUS-006499,2024-11-10 11:00:00,2024-11-12 02:00:00,Account,Chat,High,AGT-046,Resolved,5.0
TKT-0006104,CUS-008957,2023-03-14 14:00:00,2023-03-19 07:00:00,Account,Email,High,AGT-238,Resolved,
TKT-0006105,CUS-006862,2022-12-14 09:00:00,2022-12-14 16:00:00,Delivery,Social,Medium,AGT-120,Resolved,
TKT-0006106,CUS-000599,2024-11-29 00:00:00,,Product Quality,Store,Low,AGT-131,Open,
TKT-0006107,CUS-000418,2025-09-12 21:00:00,2025-09-15 02:00:00,Returns,Social,Medium,AGT-110,Resolved,
TKT-0006108,CUS-000809,2023-05-25 18:00:00,2023-05-27 11:00:00,Delivery,Phone,Low,AGT-030,Resolved,3.0
TKT-0006109,CUS-006739,2023-03-18 17:00:00,2023-03-20 07:00:00,Account,Store,Medium,AGT-052,Closed,
TKT-0006110,CUS-009591,2023-11-08 02:00:00,2023-11-12 16:00:00,Delivery,Phone,High,AGT-200,Resolved,3.0
TKT-0006111,CUS-001176,2022-01-26 10:00:00,,Delivery,Social,High,AGT-154,Open,
TKT-0006112,CUS-009391,2023-10-25 10:00:00,2023-10-27 20:00:00,Delivery,Chat,Medium,AGT-202,Resolved,
TKT-0006113,CUS-010848,2025-10-16 14:00:00,2025-10-18 12:00:00,Account,Store,Medium,AGT-297,Resolved,2.0
TKT-0006114,CUS-007952,2023-11-24 02:00:00,2023-11-25 06:00:00,Payment,Social,Low,AGT-177,Resolved,5.0
TKT-0006115,CUS-003446,2020-08-14 03:00:00,2020-08-14 14:00:00,Returns,Social,Medium,AGT-236,Resolved,
TKT-0006116,CUS-004255,2026-08-14 05:00:00,2026-08-15 21:00:00,Account,Store,High,AGT-030,Resolved,2.0
TKT-0006117,CUS-008798,2021-05-22 22:00:00,2021-05-25 22:00:00,Technical,Email,Medium,AGT-065,Resolved,5.0
TKT-0006118,CUS-010336,2025-01-13 10:00:00,2025-01-16 22:00:00,Promotion,Email,Low,AGT-140,Closed,3.0
TKT-0006119,CUS-011380,2026-06-26 13:00:00,2026-06-27 22:00:00,Returns,Social,Medium,AGT-224,Resolved,
TKT-0006120,CUS-004726,2024-04-17 17:00:00,2024-04-20 15:00:00,Product Quality,Store,Low,AGT-038,Resolved,
TKT-0006121,CUS-004178,2025-08-18 21:00:00,2025-08-20 13:00:00,Account,Email,Medium,AGT-275,Resolved,4.0
TKT-0006122,CUS-000953,2025-08-20 03:00:00,2025-08-21 03:00:00,Product Quality,Social,Medium,AGT-270,Resolved,4.0
TKT-0006123,CUS-011438,2022-09-29 22:00:00,2022-10-03 02:00:00,Technical,Phone,Medium,AGT-136,Resolved,
TKT-0006124,CUS-009752,2020-02-03 16:00:00,2020-02-06 12:00:00,Returns,Email,Medium,AGT-202,Resolved,
TKT-0006125,CUS-009341,2025-11-04 12:00:00,2025-11-05 10:00:00,Delivery,Email,Medium,AGT-281,Resolved,
TKT-0006126,CUS-002741,2024-12-04 04:00:00,2024-12-05 07:00:00,Payment,Social,Medium,AGT-325,Resolved,4.0
TKT-0006127,CUS-009644,2024-03-19 12:00:00,2024-03-23 14:00:00,Returns,Phone,High,AGT-137,Resolved,4.0
TKT-0006128,CUS-005415,2023-10-13 08:00:00,,Delivery,Email,Medium,AGT-076,Open,
TKT-0006129,CUS-003582,2021-08-09 18:00:00,2021-08-14 03:00:00,Delivery,Chat,Medium,AGT-013,Resolved,5.0
TKT-0006130,CUS-000275,2026-07-01 01:00:00,2026-07-03 12:00:00,Delivery,Store,Medium,AGT-010,Closed,3.0
TKT-0006131,CUS-002591,2025-08-19 14:00:00,2025-08-22 19:00:00,Returns,Email,High,AGT-085,Resolved,
TKT-0006132,CUS-000502,2026-07-16 05:00:00,2026-07-17 14:00:00,Product Quality,Store,Medium,AGT-228,Closed,1.0
TKT-0006133,CUS-005778,2023-05-14 19:00:00,2023-05-19 10:00:00,Account,Chat,Medium,AGT-122,Resolved,5.0
TKT-0006134,CUS-010889,2022-03-14 05:00:00,2022-03-18 08:00:00,Promotion,Email,Low,AGT-121,Resolved,
TKT-0006135,CUS-005568,2023-11-18 01:00:00,2023-11-22 06:00:00,Product Quality,Social,Low,AGT-295,Resolved,
TKT-0006136,CUS-004949,2025-03-18 01:00:00,2025-03-22 21:00:00,Promotion,Chat,Medium,AGT-097,Resolved,
TKT-0006137,CUS-005494,2020-05-30 09:00:00,2020-06-01 17:00:00,Delivery,Chat,Medium,AGT-122,Resolved,5.0
TKT-0006138,CUS-001112,2021-06-13 22:00:00,2021-06-16 20:00:00,Delivery,Email,Medium,AGT-250,Resolved,5.0
TKT-0006139,CUS-000570,2024-07-27 09:00:00,2024-07-30 03:00:00,Delivery,Chat,Medium,AGT-330,Resolved,5.0
TKT-0006140,CUS-005927,2021-04-12 21:00:00,,Returns,Email,High,AGT-328,Open,
TKT-0006141,CUS-009450,2020-03-28 23:00:00,2020-04-02 08:00:00,Returns,Social,Low,AGT-186,Resolved,
TKT-0006142,CUS-006219,2021-02-03 08:00:00,2021-02-05 07:00:00,Payment,Store,Low,AGT-305,Resolved,4.0
TKT-0006143,CUS-010641,2020-12-16 11:00:00,2020-12-19 23:00:00,Delivery,Social,Medium,AGT-288,Closed,
TKT-0006144,CUS-004618,2022-10-06 09:00:00,2022-10-10 02:00:00,Delivery,Email,High,AGT-015,Closed,4.0
TKT-0006145,CUS-005568,2026-08-25 22:00:00,2026-08-27 20:00:00,Payment,Social,Critical,AGT-255,Closed,
TKT-0006146,CUS-007375,2024-06-16 09:00:00,2024-06-20 10:00:00,Returns,Social,Low,AGT-035,Resolved,4.0
TKT-0006147,CUS-002682,2023-10-09 10:00:00,2023-10-11 09:00:00,Returns,Social,Low,AGT-070,Closed,
TKT-0006148,CUS-011926,2023-07-04 00:00:00,,Delivery,Social,Low,AGT-208,Open,
TKT-0006149,CUS-003345,2022-05-29 16:00:00,2022-05-29 21:00:00,Returns,Store,Low,AGT-073,Resolved,5.0
TKT-0006150,CUS-002848,2020-01-10 15:00:00,2020-01-13 04:00:00,Technical,Store,Low,AGT-161,Resolved,3.0
TKT-0006151,CUS-011546,2021-06-13 01:00:00,2021-06-13 07:00:00,Delivery,Email,Low,AGT-064,Closed,4.0
TKT-0006152,CUS-000333,2024-12-19 11:00:00,2024-12-21 15:00:00,Payment,Email,Medium,AGT-140,Resolved,
TKT-0006153,CUS-005348,2025-04-28 02:00:00,,Returns,Phone,Medium,AGT-072,Open,
TKT-0006154,CUS-006514,2020-12-16 03:00:00,2020-12-19 08:00:00,Returns,Chat,High,AGT-013,Resolved,2.0
TKT-0006155,CUS-011300,2026-06-27 23:00:00,2026-07-02 22:00:00,Account,Chat,Low,AGT-118,Resolved,5.0
TKT-0006156,CUS-005574,2025-05-13 19:00:00,2025-05-18 14:00:00,Technical,Email,Low,AGT-291,Closed,
TKT-0006157,CUS-010980,2023-08-31 22:00:00,2023-09-04 09:00:00,Technical,Phone,High,AGT-340,Resolved,4.0
TKT-0006158,CUS-011379,2020-05-17 21:00:00,2020-05-20 23:00:00,Delivery,Phone,Low,AGT-239,Resolved,5.0
TKT-0006159,CUS-008452,2024-06-13 10:00:00,2024-06-17 17:00:00,Returns,Phone,Critical,AGT-139,Resolved,4.0
TKT-0006160,CUS-001602,2022-07-01 03:00:00,2022-07-03 07:00:00,Promotion,Phone,Low,AGT-014,Resolved,3.0
TKT-0006161,CUS-006003,2024-10-16 08:00:00,2024-10-17 00:00:00,Promotion,Social,Medium,AGT-047,Resolved,4.0
TKT-0006162,CUS-006972,2022-07-01 06:00:00,2022-07-02 03:00:00,Delivery,Chat,Medium,AGT-194,Resolved,
TKT-0006163,CUS-003464,2026-03-04 23:00:00,2026-03-09 17:00:00,Delivery,Email,Low,AGT-146,Resolved,4.0
TKT-0006164,CUS-006069,2023-03-28 00:00:00,2023-03-30 02:00:00,Technical,Email,Low,AGT-296,Resolved,4.0
TKT-0006165,CUS-006817,2025-08-20 03:00:00,2025-08-20 06:00:00,Returns,Store,High,AGT-314,Closed,
TKT-0006166,CUS-002584,2023-02-28 18:00:00,,Product Quality,Store,Low,AGT-335,Open,
TKT-0006167,CUS-001192,2021-10-21 08:00:00,2021-10-25 03:00:00,Delivery,Chat,Low,AGT-216,Resolved,
TKT-0006168,CUS-009420,2023-02-08 14:00:00,2023-02-09 19:00:00,Delivery,Email,Medium,AGT-199,Closed,3.0
TKT-0006169,CUS-000132,2022-12-04 01:00:00,2022-12-04 14:00:00,Product Quality,Email,Medium,AGT-221,Resolved,1.0
TKT-0006170,CUS-010536,2021-10-28 05:00:00,2021-10-28 16:00:00,Promotion,Email,Medium,AGT-348,Resolved,
TKT-0006171,CUS-008593,2026-03-16 11:00:00,2026-03-16 19:00:00,Product Quality,Email,Low,AGT-126,Resolved,
TKT-0006172,CUS-002134,2023-12-02 16:00:00,2023-12-03 01:00:00,Product Quality,Store,Medium,AGT-102,Resolved,5.0
TKT-0006173,CUS-003245,2020-07-12 17:00:00,2020-07-15 17:00:00,Delivery,Store,Low,AGT-319,Resolved,
TKT-0006174,CUS-001550,2026-07-17 00:00:00,2026-07-18 10:00:00,Returns,Email,Medium,AGT-068,Resolved,3.0
TKT-0006175,CUS-001035,2020-04-26 06:00:00,2020-04-27 11:00:00,Delivery,Social,Low,AGT-075,Closed,4.0
TKT-0006176,CUS-000915,2025-05-03 09:00:00,2025-05-06 20:00:00,Payment,Chat,Medium,AGT-073,Resolved,4.0
TKT-0006177,CUS-010410,2026-02-14 15:00:00,2026-02-16 11:00:00,Payment,Phone,High,AGT-152,Resolved,
TKT-0006178,CUS-011080,2021-09-24 20:00:00,2021-09-29 11:00:00,Delivery,Store,Medium,AGT-083,Resolved,
TKT-0006179,CUS-002266,2022-03-22 04:00:00,2022-03-24 06:00:00,Technical,Phone,Medium,AGT-210,Resolved,
TKT-0006180,CUS-006363,2025-10-04 03:00:00,2025-10-04 18:00:00,Delivery,Store,Low,AGT-117,Resolved,5.0
TKT-0006181,CUS-003964,2023-02-25 11:00:00,2023-03-01 19:00:00,Returns,Email,High,AGT-083,Resolved,
TKT-0006182,CUS-003654,2020-12-18 11:00:00,2020-12-22 06:00:00,Technical,Social,High,AGT-347,Resolved,4.0
TKT-0006183,CUS-001095,2021-05-26 12:00:00,2021-05-26 13:00:00,Delivery,Email,High,AGT-266,Resolved,2.0
TKT-0006184,CUS-000525,2021-06-03 04:00:00,,Delivery,Chat,High,AGT-173,Open,
TKT-0006185,CUS-009386,2024-04-05 23:00:00,2024-04-06 01:00:00,Payment,Store,Low,AGT-018,Resolved,4.0
TKT-0006186,CUS-009241,2020-08-15 23:00:00,2020-08-19 22:00:00,Delivery,Phone,Low,AGT-222,Resolved,3.0
TKT-0006187,CUS-001598,2022-09-04 11:00:00,,Delivery,Email,High,AGT-084,Open,
TKT-0006188,CUS-001441,2022-05-13 00:00:00,,Delivery,Email,Low,AGT-301,Open,
TKT-0006189,CUS-011905,2020-06-23 04:00:00,2020-06-26 19:00:00,Payment,Chat,Low,AGT-024,Resolved,4.0
TKT-0006190,CUS-005227,2023-09-05 03:00:00,2023-09-08 10:00:00,Payment,Store,High,AGT-287,Resolved,5.0
TKT-0006191,CUS-002408,2025-11-16 19:00:00,2025-11-19 15:00:00,Payment,Phone,Medium,AGT-234,Closed,
TKT-0006192,CUS-009330,2021-07-28 09:00:00,2021-07-28 19:00:00,Product Quality,Phone,Low,AGT-169,Resolved,
TKT-0006193,CUS-001783,2022-10-28 22:00:00,2022-10-29 22:00:00,Product Quality,Phone,High,AGT-309,Resolved,5.0
TKT-0006194,CUS-008932,2022-09-27 14:00:00,,Account,Store,Low,AGT-291,Open,
TKT-0006195,CUS-002372,2020-08-21 11:00:00,2020-08-26 04:00:00,Delivery,Social,Medium,AGT-189,Resolved,
TKT-0006196,CUS-002904,2020-12-03 16:00:00,2020-12-07 13:00:00,Returns,Chat,High,AGT-280,Resolved,5.0
TKT-0006197,CUS-001220,2025-10-16 22:00:00,2025-10-18 07:00:00,Product Quality,Email,High,AGT-348,Resolved,3.0
TKT-0006198,CUS-006306,2023-02-16 11:00:00,2023-02-16 12:00:00,Delivery,Social,Medium,AGT-169,Resolved,4.0
TKT-0006199,CUS-009627,2023-01-11 12:00:00,2023-01-12 13:00:00,Technical,Social,Medium,AGT-200,Resolved,3.0
TKT-0006200,CUS-002224,2023-07-20 18:00:00,2023-07-22 03:00:00,Delivery,Phone,Low,AGT-073,Resolved,
TKT-0006201,CUS-001450,2023-05-11 02:00:00,2023-05-12 02:00:00,Technical,Social,Medium,AGT-170,Closed,
TKT-0006202,CUS-009797,2026-02-21 10:00:00,,Payment,Phone,Medium,AGT-063,Open,
TKT-0006203,CUS-003248,2022-03-29 21:00:00,2022-03-31 03:00:00,Payment,Social,Medium,AGT-314,Resolved,
TKT-0006204,CUS-000020,2024-09-25 00:00:00,2024-09-29 07:00:00,Technical,Chat,High,AGT-245,Resolved,4.0
TKT-0006205,CUS-002003,2022-11-30 01:00:00,2022-12-01 09:00:00,Product Quality,Store,Medium,AGT-293,Closed,
TKT-0006206,CUS-008600,2022-11-09 21:00:00,2022-11-11 18:00:00,Delivery,Phone,Medium,AGT-064,Resolved,1.0
TKT-0006207,CUS-006045,2021-10-01 08:00:00,2021-10-04 17:00:00,Technical,Social,Medium,AGT-122,Resolved,
TKT-0006208,CUS-008331,2023-10-18 12:00:00,2023-10-19 12:00:00,Technical,Email,Medium,AGT-226,Resolved,2.0
TKT-0006209,CUS-011234,2024-03-31 18:00:00,2024-04-03 14:00:00,Returns,Email,Medium,AGT-260,Resolved,5.0
TKT-0006210,CUS-001547,2023-08-21 12:00:00,2023-08-24 08:00:00,Product Quality,Email,Low,AGT-320,Resolved,
TKT-0006211,CUS-009411,2025-08-15 18:00:00,2025-08-18 07:00:00,Account,Chat,Low,AGT-323,Resolved,4.0
TKT-0006212,CUS-010779,2026-08-24 08:00:00,,Delivery,Store,Medium,AGT-271,Open,
TKT-0006213,CUS-000449,2024-06-07 20:00:00,2024-06-09 12:00:00,Technical,Phone,Low,AGT-125,Resolved,3.0
TKT-0006214,CUS-008526,2020-02-25 03:00:00,2020-02-29 16:00:00,Returns,Social,High,AGT-232,Resolved,5.0
TKT-0006215,CUS-008457,2022-08-16 18:00:00,2022-08-18 14:00:00,Delivery,Email,High,AGT-050,Resolved,
TKT-0006216,CUS-007119,2025-03-02 08:00:00,2025-03-07 03:00:00,Promotion,Email,Medium,AGT-153,Closed,5.0
TKT-0006217,CUS-001503,2026-05-10 02:00:00,,Technical,Email,Medium,AGT-158,Open,
TKT-0006218,CUS-002802,2023-06-07 08:00:00,2023-06-09 07:00:00,Delivery,Chat,Medium,AGT-045,Resolved,5.0
TKT-0006219,CUS-002301,2024-01-22 05:00:00,2024-01-24 20:00:00,Delivery,Social,Low,AGT-286,Closed,5.0
TKT-0006220,CUS-009181,2023-10-20 00:00:00,2023-10-24 04:00:00,Product Quality,Email,High,AGT-145,Resolved,5.0
TKT-0006221,CUS-003302,2023-10-24 03:00:00,2023-10-24 14:00:00,Technical,Email,Low,AGT-127,Resolved,
TKT-0006222,CUS-001543,2023-09-06 13:00:00,2023-09-10 11:00:00,Delivery,Phone,Medium,AGT-057,Closed,4.0
TKT-0006223,CUS-008042,2021-04-07 08:00:00,2021-04-09 12:00:00,Product Quality,Social,Medium,AGT-134,Resolved,5.0
TKT-0006224,CUS-007448,2022-07-24 14:00:00,2022-07-27 22:00:00,Delivery,Store,Medium,AGT-245,Resolved,3.0
TKT-0006225,CUS-006324,2021-03-15 08:00:00,2021-03-18 10:00:00,Product Quality,Store,High,AGT-124,Resolved,
TKT-0006226,CUS-001475,2022-01-31 11:00:00,2022-02-02 09:00:00,Promotion,Phone,Medium,AGT-081,Resolved,3.0
TKT-0006227,CUS-002026,2020-04-29 01:00:00,2020-05-02 04:00:00,Technical,Social,Critical,AGT-170,Resolved,5.0
TKT-0006228,CUS-009998,2024-12-11 03:00:00,,Delivery,Email,Medium,AGT-064,Open,
TKT-0006229,CUS-003353,2020-03-30 12:00:00,2020-04-01 14:00:00,Technical,Phone,Medium,AGT-128,Resolved,
TKT-0006230,CUS-008610,2024-02-19 22:00:00,,Payment,Store,Medium,AGT-167,Open,
TKT-0006231,CUS-004919,2025-03-09 00:00:00,,Returns,Email,Critical,AGT-002,Open,
TKT-0006232,CUS-011146,2026-06-21 08:00:00,2026-06-22 05:00:00,Delivery,Chat,Medium,AGT-075,Resolved,5.0
TKT-0006233,CUS-011114,2023-12-05 21:00:00,,Delivery,Email,Low,AGT-187,Open,
TKT-0006234,CUS-000394,2023-01-30 16:00:00,2023-02-01 23:00:00,Delivery,Store,Critical,AGT-059,Closed,
TKT-0006235,CUS-005735,2026-01-29 04:00:00,2026-02-02 23:00:00,Product Quality,Phone,Medium,AGT-092,Resolved,4.0
TKT-0006236,CUS-011254,2026-01-09 21:00:00,2026-01-13 19:00:00,Delivery,Chat,Medium,AGT-076,Closed,1.0
TKT-0006237,CUS-006610,2022-04-03 09:00:00,2022-04-05 01:00:00,Delivery,Chat,Low,AGT-163,Resolved,4.0
TKT-0006238,CUS-000831,2023-04-04 07:00:00,2023-04-05 13:00:00,Delivery,Phone,Medium,AGT-187,Resolved,4.0
TKT-0006239,CUS-003695,2026-02-22 16:00:00,,Technical,Email,Medium,AGT-299,Open,
TKT-0006240,CUS-010898,2020-09-22 06:00:00,2020-09-23 18:00:00,Delivery,Email,Low,AGT-330,Closed,3.0
TKT-0006241,CUS-005764,2021-01-15 06:00:00,,Product Quality,Chat,Medium,AGT-155,Open,
TKT-0006242,CUS-006521,2024-06-12 10:00:00,2024-06-12 12:00:00,Account,Store,Low,AGT-015,Resolved,2.0
TKT-0006243,CUS-010374,2022-10-18 11:00:00,2022-10-21 13:00:00,Payment,Phone,Low,AGT-224,Resolved,
TKT-0006244,CUS-006137,2022-10-18 07:00:00,,Technical,Social,Medium,AGT-087,Open,
TKT-0006245,CUS-007887,2023-12-31 17:00:00,2024-01-01 17:00:00,Delivery,Phone,Medium,AGT-167,Resolved,4.0
TKT-0006246,CUS-008149,2021-04-22 08:00:00,2021-04-23 23:00:00,Returns,Chat,Low,AGT-062,Resolved,
TKT-0006247,CUS-011976,2020-03-24 23:00:00,2020-03-28 18:00:00,Account,Email,High,AGT-156,Resolved,2.0
TKT-0006248,CUS-005423,2022-08-30 09:00:00,2022-08-30 14:00:00,Delivery,Chat,Medium,AGT-331,Resolved,5.0
TKT-0006249,CUS-006096,2026-08-25 04:00:00,2026-08-29 02:00:00,Payment,Email,Low,AGT-195,Resolved,3.0
TKT-0006250,CUS-011126,2023-03-11 00:00:00,2023-03-15 21:00:00,Delivery,Chat,High,AGT-051,Resolved,4.0
TKT-0006251,CUS-001136,2026-05-20 03:00:00,2026-05-21 06:00:00,Payment,Social,Medium,AGT-203,Resolved,2.0
TKT-0006252,CUS-001841,2020-10-08 18:00:00,2020-10-10 05:00:00,Promotion,Chat,Medium,AGT-194,Resolved,3.0
TKT-0006253,CUS-000951,2022-09-22 02:00:00,2022-09-26 05:00:00,Returns,Email,Low,AGT-346,Resolved,
TKT-0006254,CUS-006178,2026-05-11 02:00:00,2026-05-15 13:00:00,Delivery,Email,Medium,AGT-325,Closed,
TKT-0006255,CUS-004505,2026-08-01 13:00:00,2026-08-02 07:00:00,Returns,Email,Medium,AGT-288,Resolved,4.0
TKT-0006256,CUS-005752,2021-09-23 16:00:00,2021-09-26 05:00:00,Account,Phone,Medium,AGT-195,Resolved,
TKT-0006257,CUS-003979,2020-01-24 19:00:00,2020-01-26 13:00:00,Returns,Store,Medium,AGT-300,Resolved,4.0
TKT-0006258,CUS-004333,2025-03-07 13:00:00,2025-03-12 04:00:00,Promotion,Phone,Low,AGT-262,Resolved,
TKT-0006259,CUS-011443,2020-10-11 22:00:00,2020-10-13 09:00:00,Payment,Phone,Medium,AGT-087,Resolved,2.0
TKT-0006260,CUS-006362,2020-05-12 14:00:00,2020-05-12 17:00:00,Product Quality,Email,Medium,AGT-194,Resolved,
TKT-0006261,CUS-010443,2026-08-16 12:00:00,2026-08-21 11:00:00,Returns,Chat,Medium,AGT-298,Closed,5.0
TKT-0006262,CUS-008503,2026-01-04 13:00:00,2026-01-07 16:00:00,Returns,Phone,Medium,AGT-111,Resolved,
TKT-0006263,CUS-010207,2021-01-01 13:00:00,2021-01-05 11:00:00,Product Quality,Social,Low,AGT-151,Closed,3.0
TKT-0006264,CUS-002141,2021-06-20 06:00:00,2021-06-24 16:00:00,Returns,Phone,High,AGT-080,Resolved,4.0
TKT-0006265,CUS-004259,2024-08-05 08:00:00,2024-08-10 00:00:00,Returns,Email,Low,AGT-150,Resolved,
TKT-0006266,CUS-006009,2024-07-09 06:00:00,2024-07-12 16:00:00,Returns,Phone,Low,AGT-180,Resolved,5.0
TKT-0006267,CUS-003389,2026-04-29 20:00:00,2026-05-03 21:00:00,Returns,Phone,Low,AGT-051,Resolved,1.0
TKT-0006268,CUS-011344,2022-02-21 17:00:00,2022-02-23 08:00:00,Returns,Phone,Medium,AGT-015,Resolved,1.0
TKT-0006269,CUS-003820,2020-09-01 15:00:00,2020-09-05 06:00:00,Payment,Store,Medium,AGT-079,Resolved,
TKT-0006270,CUS-004948,2024-06-07 20:00:00,2024-06-10 08:00:00,Payment,Chat,Low,AGT-299,Resolved,
TKT-0006271,CUS-009425,2023-11-23 01:00:00,2023-11-25 16:00:00,Account,Social,Low,AGT-305,Resolved,
TKT-0006272,CUS-002916,2024-11-12 01:00:00,2024-11-13 11:00:00,Returns,Email,Medium,AGT-171,Closed,5.0
TKT-0006273,CUS-007476,2021-08-16 10:00:00,,Delivery,Phone,Low,AGT-179,Open,
TKT-0006274,CUS-010011,2024-04-24 21:00:00,2024-04-27 04:00:00,Returns,Email,High,AGT-159,Resolved,
TKT-0006275,CUS-005931,2021-07-23 20:00:00,2021-07-24 17:00:00,Payment,Email,Medium,AGT-330,Resolved,
TKT-0006276,CUS-000400,2026-06-04 15:00:00,2026-06-06 12:00:00,Product Quality,Email,Medium,AGT-256,Resolved,1.0
TKT-0006277,CUS-000068,2024-08-15 17:00:00,2024-08-19 08:00:00,Delivery,Chat,Medium,AGT-218,Resolved,
TKT-0006278,CUS-007250,2022-01-16 20:00:00,2022-01-19 06:00:00,Product Quality,Store,Low,AGT-238,Resolved,
TKT-0006279,CUS-005792,2024-03-15 13:00:00,,Delivery,Store,Low,AGT-318,Open,
TKT-0006280,CUS-005539,2024-01-06 18:00:00,,Delivery,Phone,Low,AGT-193,Open,
TKT-0006281,CUS-001320,2025-05-24 23:00:00,2025-05-29 07:00:00,Returns,Phone,Low,AGT-255,Resolved,3.0
TKT-0006282,CUS-005374,2023-01-01 01:00:00,2023-01-01 07:00:00,Technical,Chat,Low,AGT-065,Resolved,3.0
TKT-0006283,CUS-004840,2021-08-03 16:00:00,2021-08-07 08:00:00,Account,Social,Medium,AGT-322,Closed,
TKT-0006284,CUS-005687,2025-02-01 03:00:00,2025-02-03 21:00:00,Product Quality,Store,Medium,AGT-221,Resolved,
TKT-0006285,CUS-002258,2023-10-31 11:00:00,2023-11-01 19:00:00,Promotion,Store,Medium,AGT-178,Resolved,
TKT-0006286,CUS-004533,2022-09-29 12:00:00,2022-09-30 03:00:00,Product Quality,Chat,High,AGT-274,Closed,5.0
TKT-0006287,CUS-002270,2025-09-25 08:00:00,2025-09-29 11:00:00,Delivery,Phone,Medium,AGT-173,Resolved,
TKT-0006288,CUS-000405,2021-05-03 13:00:00,2021-05-05 04:00:00,Delivery,Social,Low,AGT-338,Resolved,
TKT-0006289,CUS-008185,2026-06-24 09:00:00,2026-06-27 03:00:00,Product Quality,Store,Low,AGT-297,Resolved,2.0
TKT-0006290,CUS-009457,2020-06-10 19:00:00,2020-06-14 08:00:00,Delivery,Social,Medium,AGT-171,Resolved,4.0
TKT-0006291,CUS-007828,2020-03-08 21:00:00,2020-03-11 09:00:00,Returns ,Store,High,AGT-026,Resolved,
TKT-0006292,CUS-000618,2020-05-30 08:00:00,2020-05-30 14:00:00,Delivery,Chat,Low,AGT-165,Resolved,
TKT-0006293,CUS-002225,2025-04-12 01:00:00,2025-04-14 11:00:00,Delivery,Social,Low,AGT-240,Resolved,
TKT-0006294,CUS-005299,2024-05-27 09:00:00,2024-05-28 08:00:00,Promotion,Phone,Medium,AGT-339,Resolved,
TKT-0006295,CUS-010224,2023-06-29 03:00:00,2023-07-04 02:00:00,Delivery,Email,Medium,AGT-042,Resolved,3.0
TKT-0006296,CUS-004923,2021-10-06 01:00:00,,Delivery,Social,Medium,AGT-344,Open,
TKT-0006297,CUS-002007,2022-01-14 05:00:00,2022-01-15 03:00:00,Product Quality,Social,Medium,AGT-057,Resolved,
TKT-0006298,CUS-007310,2023-09-05 19:00:00,,Payment,Store,High,AGT-211,Open,
TKT-0006299,CUS-011411,2025-08-19 12:00:00,2025-08-20 10:00:00,Delivery,Chat,Low,AGT-340,Resolved,4.0
TKT-0006300,CUS-009049,2025-10-01 23:00:00,2025-10-02 07:00:00,Technical,Social,High,AGT-228,Resolved,5.0
TKT-0006301,CUS-000943,2024-03-10 18:00:00,2024-03-12 02:00:00,Delivery,Social,Low,AGT-022,Resolved,
TKT-0006302,CUS-011475,2025-08-06 02:00:00,2025-08-08 00:00:00,Returns,Phone,Low,AGT-281,Resolved,4.0
TKT-0006303,CUS-011487,2025-10-11 09:00:00,2025-10-12 11:00:00,Delivery,Social,Medium,AGT-160,Closed,
TKT-0006304,CUS-003426,2026-06-26 16:00:00,2026-06-30 22:00:00,Delivery,Chat,High,AGT-308,Resolved,
TKT-0006305,CUS-011036,2025-04-17 11:00:00,2025-04-20 00:00:00,Technical,Store,Critical,AGT-003,Resolved,3.0
TKT-0006306,CUS-011042,2020-03-26 16:00:00,2020-03-29 15:00:00,Delivery,Social,Medium,AGT-254,Resolved,
TKT-0006307,CUS-005711,2023-07-21 00:00:00,2023-07-24 02:00:00,Product Quality,Email,Low,AGT-033,Resolved,
TKT-0006308,CUS-007714,2024-10-14 07:00:00,2024-10-16 12:00:00,Delivery,Store,Low,AGT-168,Resolved,3.0
TKT-0006309,CUS-007169,2022-11-30 18:00:00,2022-12-03 23:00:00,Returns,Social,Medium,AGT-140,Resolved,
TKT-0006310,CUS-006636,2023-06-20 06:00:00,2023-06-22 07:00:00,Promotion,Social,High,AGT-242,Resolved,4.0
TKT-0006311,CUS-002756,2021-11-02 01:00:00,2021-11-05 07:00:00,Delivery,Social,Medium,AGT-330,Closed,3.0
TKT-0006312,CUS-011672,2026-06-30 10:00:00,2026-07-02 20:00:00,delivery,Store,Medium,AGT-152,Resolved,5.0
TKT-0006313,CUS-003234,2023-02-04 19:00:00,2023-02-07 00:00:00,Delivery,Store,Low,AGT-261,Closed,
TKT-0006314,CUS-006809,2024-11-25 06:00:00,2024-11-29 12:00:00,Payment,Phone,Low,AGT-321,Resolved,2.0
TKT-0006315,CUS-006398,2021-03-26 04:00:00,2021-03-27 16:00:00,Delivery,Phone,High,AGT-313,Resolved,
TKT-0006316,CUS-002337,2022-02-13 08:00:00,2022-02-15 08:00:00,Delivery,Phone,Medium,AGT-205,Resolved,5.0
TKT-0006317,CUS-011823,2021-04-17 00:00:00,2021-04-18 07:00:00,Technical,Email,Medium,AGT-327,Resolved,4.0
TKT-0006318,CUS-000145,2023-03-01 07:00:00,2023-03-02 21:00:00,Account,Email,Critical,AGT-332,Closed,
TKT-0006319,CUS-007808,2023-07-21 07:00:00,2023-07-23 07:00:00,Delivery,Chat,Low,AGT-074,Resolved,
TKT-0006320,CUS-005428,2024-08-30 23:00:00,2024-09-01 15:00:00,Returns,Phone,Medium,AGT-302,Resolved,
TKT-0006321,CUS-001461,2024-04-26 23:00:00,2024-04-27 07:00:00,Delivery,Chat,Low,AGT-236,Resolved,5.0
TKT-0006322,CUS-009410,2025-07-30 18:00:00,2025-07-31 14:00:00,Payment,Chat,Critical,AGT-266,Resolved,
TKT-0006323,CUS-008685,2021-03-08 04:00:00,2021-03-10 05:00:00,Technical,Phone,Low,AGT-225,Resolved,2.0
TKT-0006324,CUS-007911,2020-04-04 17:00:00,2020-04-08 22:00:00,Delivery,Store,Medium,AGT-077,Resolved,
TKT-0006325,CUS-010703,2025-03-31 12:00:00,2025-03-31 18:00:00,Product Quality,Email,Medium,AGT-333,Resolved,
TKT-0006326,CUS-007810,2026-06-28 14:00:00,2026-06-29 12:00:00,Delivery,Store,Low,AGT-188,Closed,5.0
TKT-0006327,CUS-000653,2022-10-26 21:00:00,2022-10-28 19:00:00,Returns,Chat,Low,AGT-301,Resolved,
TKT-0006328,CUS-011354,2025-01-21 09:00:00,2025-01-24 22:00:00,Delivery,Chat,Medium,AGT-052,Resolved,3.0
TKT-0006329,CUS-003367,2024-12-17 11:00:00,2024-12-21 19:00:00,Delivery,Chat,Low,AGT-087,Resolved,
TKT-0006330,CUS-006292,2021-04-05 22:00:00,2021-04-08 00:00:00,Delivery,Email,Medium,AGT-098,Resolved,5.0
TKT-0006331,CUS-002802,2025-09-29 21:00:00,2025-10-01 00:00:00,Product Quality,Chat,Medium,AGT-318,Closed,5.0
TKT-0006332,CUS-008826,2024-03-23 23:00:00,2024-03-28 18:00:00,Product Quality,Chat,Low,AGT-221,Closed,4.0
TKT-0006333,CUS-009721,2022-09-03 13:00:00,2022-09-08 01:00:00,Technical,Store,Low,AGT-290,Resolved,5.0
TKT-0006334,CUS-001159,2025-07-23 20:00:00,2025-07-25 15:00:00,Returns,Store,High,AGT-157,Closed,3.0
TKT-0006335,CUS-011966,2021-08-31 11:00:00,2021-09-01 05:00:00,Returns,Store,Low,AGT-094,Resolved,2.0
TKT-0006336,CUS-009171,2025-02-16 19:00:00,2025-02-17 03:00:00,Delivery,Store,Medium,AGT-108,Closed,4.0
TKT-0006337,CUS-010535,2020-10-28 23:00:00,2020-10-31 16:00:00,Payment,Social,High,AGT-322,Resolved,4.0
TKT-0006338,CUS-011754,2024-07-09 17:00:00,,Returns,Store,Critical,AGT-050,Open,
TKT-0006339,CUS-006573,2026-02-23 03:00:00,2026-02-24 13:00:00,Delivery,Store,Medium,AGT-172,Resolved,3.0
TKT-0006340,CUS-009943,2023-11-18 01:00:00,2023-11-18 10:00:00,Returns,Chat,Critical,AGT-076,Closed,
TKT-0006341,CUS-004541,2021-08-25 12:00:00,2021-08-25 14:00:00,Returns,Social,Medium,AGT-003,Resolved,3.0
TKT-0006342,CUS-008717,2020-05-20 14:00:00,,Promotion,Social,Medium,AGT-228,Open,
TKT-0006343,CUS-003465,2024-10-30 12:00:00,2024-11-01 00:00:00,Payment,Email,Medium,AGT-055,Resolved,
TKT-0006344,CUS-005621,2025-06-10 06:00:00,2025-06-12 00:00:00,Payment,Phone,Medium,AGT-231,Resolved,
TKT-0006345,CUS-009135,2024-07-20 20:00:00,2024-07-21 07:00:00,delivery,Store,Low,AGT-346,Resolved,3.0
TKT-0006346,CUS-001421,2025-10-18 19:00:00,2025-10-19 15:00:00,Account,Phone,High,AGT-203,Resolved,
TKT-0006347,CUS-006779,2022-03-08 03:00:00,2022-03-10 15:00:00,Delivery,Store,Medium,AGT-146,Resolved,3.0
TKT-0006348,CUS-001916,2022-01-07 21:00:00,2022-01-10 06:00:00,Payment,Store,Low,AGT-064,Resolved,5.0
TKT-0006349,CUS-009245,2024-01-31 20:00:00,2024-02-02 06:00:00,Delivery,Store,Low,AGT-075,Resolved,
TKT-0006350,CUS-002964,2025-05-05 09:00:00,,Promotion,Social,Medium,AGT-324,Open,
TKT-0006351,CUS-003414,2020-06-27 03:00:00,2020-06-29 00:00:00,Product Quality,Phone,High,AGT-065,Resolved,
TKT-0006352,CUS-002692,2025-11-26 19:00:00,2025-11-29 19:00:00,Product Quality,Email,Low,AGT-140,Resolved,4.0
TKT-0006353,CUS-005004,2021-06-21 22:00:00,2021-06-22 12:00:00,Product Quality,Social,Low,AGT-169,Resolved,4.0
TKT-0006354,CUS-006058,2020-02-14 18:00:00,2020-02-15 23:00:00,Delivery,Social,High,AGT-063,Resolved,
TKT-0006355,CUS-000805,2022-12-08 13:00:00,2022-12-09 12:00:00,Account,Chat,Low,AGT-118,Resolved,
TKT-0006356,CUS-000896,2023-02-25 09:00:00,2023-03-01 15:00:00,Delivery,Chat,Medium,AGT-155,Resolved,
TKT-0006357,CUS-003562,2024-07-02 19:00:00,2024-07-06 02:00:00,Returns,Email,Medium,AGT-328,Resolved,3.0
TKT-0006358,CUS-005590,2026-04-09 06:00:00,,Payment,Store,Medium,AGT-087,Open,
TKT-0006359,CUS-000634,2023-01-11 11:00:00,2023-01-16 00:00:00,Payment,Chat,Low,AGT-215,Resolved,4.0
TKT-0006360,CUS-005146,2026-01-17 06:00:00,2026-01-20 05:00:00,Delivery,Chat,Low,AGT-156,Resolved,
TKT-0006361,CUS-011942,2020-03-25 18:00:00,2020-03-27 23:00:00,Product Quality,Store,Low,AGT-079,Resolved,
TKT-0006362,CUS-008744,2020-10-29 07:00:00,2020-10-29 12:00:00,Product Quality,Social,Low,AGT-229,Resolved,5.0
TKT-0006363,CUS-002796,2020-03-10 08:00:00,2020-03-11 12:00:00,Product Quality,Social,Low,AGT-197,Resolved,4.0
TKT-0006364,CUS-009559,2025-08-07 00:00:00,2025-08-10 09:00:00,Technical,Social,Low,AGT-231,Resolved,
TKT-0006365,CUS-011587,2020-06-05 06:00:00,,Product Quality,Social,Low,AGT-161,Open,
TKT-0006366,CUS-001024,2020-08-18 21:00:00,2020-08-22 14:00:00,Payment,Phone,Medium,AGT-139,Resolved,5.0
TKT-0006367,CUS-006403,2020-06-16 06:00:00,2020-06-18 17:00:00,Payment,Store,Medium,AGT-066,Resolved,
TKT-0006368,CUS-006349,2023-02-26 19:00:00,2023-03-03 04:00:00,Returns,Store,Low,AGT-069,Closed,
TKT-0006369,CUS-000471,2025-05-16 17:00:00,2025-05-19 15:00:00,Returns,Chat,Low,AGT-201,Resolved,4.0
TKT-0006370,CUS-005875,2026-05-21 06:00:00,2026-05-25 04:00:00,Technical,Store,Low,AGT-277,Resolved,
TKT-0006371,CUS-005672,2022-11-01 12:00:00,2022-11-03 15:00:00,Product Quality,Chat,Low,AGT-305,Closed,4.0
TKT-0006372,CUS-001110,2026-06-22 08:00:00,2026-06-22 21:00:00,Payment,Chat,Low,AGT-335,Closed,
TKT-0006373,CUS-004153,2025-07-31 07:00:00,2025-08-02 12:00:00,Account,Chat,Low,AGT-224,Closed,
TKT-0006374,CUS-001922,2023-12-13 21:00:00,,Payment,Store,Medium,AGT-198,Open,
TKT-0006375,CUS-006061,2024-11-19 03:00:00,2024-11-22 21:00:00,Product Quality,Chat,Low,AGT-305,Resolved,5.0
TKT-0006376,CUS-005678,2021-03-21 02:00:00,2021-03-21 11:00:00,Returns,Store,Medium,AGT-051,Resolved,5.0
TKT-0006377,CUS-009876,2021-11-10 02:00:00,2021-11-12 00:00:00,Delivery,Social,Medium,AGT-321,Resolved,
TKT-0006378,CUS-008992,2023-02-09 07:00:00,2023-02-10 21:00:00,Returns,Chat,Low,AGT-195,Resolved,
TKT-0006379,CUS-001232,2022-04-10 19:00:00,2022-04-10 21:00:00,Returns,Chat,Medium,AGT-347,Closed,
TKT-0006380,CUS-000935,2024-12-06 16:00:00,2024-12-09 20:00:00,Payment,Store,Medium,AGT-015,Resolved,
TKT-0006381,CUS-010140,2021-03-05 14:00:00,2021-03-06 22:00:00,Account,Phone,Medium,AGT-276,Resolved,5.0
TKT-0006382,CUS-010267,2026-05-25 14:00:00,2026-05-26 16:00:00,Delivery,Store,Low,AGT-121,Resolved,3.0
TKT-0006383,CUS-002756,2023-07-04 03:00:00,2023-07-05 06:00:00,Product Quality,Store,Medium,AGT-157,Resolved,5.0
TKT-0006384,CUS-004739,2024-10-17 08:00:00,2024-10-20 18:00:00,Delivery,Chat,Medium,AGT-274,Resolved,
TKT-0006385,CUS-000224,2020-09-18 09:00:00,2020-09-18 20:00:00,Technical,Email,Low,AGT-325,Closed,5.0
TKT-0006386,CUS-011756,2023-07-01 21:00:00,2023-07-05 20:00:00,Returns,Chat,Low,AGT-077,Resolved,
TKT-0006387,CUS-010889,2022-08-16 05:00:00,2022-08-21 04:00:00,Product Quality,Social,Low,AGT-198,Resolved,
TKT-0006388,CUS-003481,2024-02-07 18:00:00,2024-02-08 10:00:00,Returns,Store,Low,AGT-003,Resolved,
TKT-0006389,CUS-002030,2023-11-26 00:00:00,2023-11-29 13:00:00,Returns,Store,Low,AGT-060,Resolved,4.0
TKT-0006390,CUS-010768,2021-04-02 09:00:00,2021-04-03 09:00:00,Product Quality,Email,High,AGT-003,Closed,5.0
TKT-0006391,CUS-005850,2020-11-23 05:00:00,2020-11-26 03:00:00,Account,Chat,Medium,AGT-061,Resolved,2.0
TKT-0006392,CUS-011667,2021-01-07 01:00:00,2021-01-08 04:00:00,Returns,Chat,Low,AGT-190,Resolved,4.0
TKT-0006393,CUS-010043,2020-01-30 09:00:00,2020-01-31 13:00:00,Delivery,Phone,Medium,AGT-295,Resolved,3.0
TKT-0006394,CUS-004207,2022-07-25 03:00:00,2022-07-27 20:00:00,Technical ,Store,Low,AGT-083,Closed,
TKT-0006395,CUS-010825,2021-09-20 14:00:00,2021-09-21 12:00:00,Payment,Social,Low,AGT-251,Resolved,4.0
TKT-0006396,CUS-004826,2024-03-06 08:00:00,2024-03-10 18:00:00,Payment,Store,Medium,AGT-188,Resolved,4.0
TKT-0006397,CUS-000587,2024-04-07 20:00:00,2024-04-10 00:00:00,Delivery,Store,Critical,AGT-239,Resolved,4.0
TKT-0006398,CUS-008602,2021-05-29 08:00:00,2021-06-01 14:00:00,Product Quality,Store,Low,AGT-267,Resolved,5.0
TKT-0006399,CUS-007487,2022-02-05 14:00:00,2022-02-06 13:00:00,Returns,Phone,Medium,AGT-034,Resolved,
TKT-0006400,CUS-010984,2021-04-07 23:00:00,,Delivery,Phone,High,AGT-158,Open,
TKT-0006401,CUS-005266,2023-01-24 05:00:00,2023-01-24 06:00:00,Returns,Chat,Medium,AGT-040,Resolved,
TKT-0006402,CUS-003452,2023-07-15 11:00:00,2023-07-18 16:00:00,Payment,Store,Medium,AGT-177,Resolved,4.0
TKT-0006403,CUS-010132,2021-07-06 04:00:00,2021-07-07 09:00:00,Payment,Phone,Critical,AGT-224,Resolved,4.0
TKT-0006404,CUS-003288,2022-01-07 14:00:00,2022-01-11 23:00:00,Technical,Chat,Low,AGT-200,Resolved,
TKT-0006405,CUS-003592,2025-10-19 09:00:00,2025-10-24 05:00:00,Delivery,Social,Medium,AGT-158,Resolved,5.0
TKT-0006406,CUS-007708,2025-10-20 03:00:00,2025-10-22 05:00:00,Product Quality,Phone,Low,AGT-299,Resolved,4.0
TKT-0006407,CUS-007082,2022-07-15 21:00:00,2022-07-20 10:00:00,Delivery,Store,Critical,AGT-169,Resolved,4.0
TKT-0006408,CUS-002855,2025-01-06 12:00:00,2025-01-07 11:00:00,Account,Phone,Low,AGT-257,Resolved,
TKT-0006409,CUS-001916,2024-11-17 00:00:00,2024-11-18 19:00:00,Account,Chat,Low,AGT-329,Resolved,3.0
TKT-0006410,CUS-003447,2023-04-19 04:00:00,,Promotion,Email,Medium,AGT-055,Open,
TKT-0006411,CUS-000230,2020-05-25 03:00:00,2020-05-26 09:00:00,Delivery,Email,Medium,AGT-334,Resolved,4.0
TKT-0006412,CUS-002039,2021-03-05 00:00:00,2021-03-09 04:00:00,Promotion,Email,Low,AGT-247,Resolved,
TKT-0006413,CUS-007416,2023-12-20 04:00:00,2023-12-22 11:00:00,Promotion,Store,Medium,AGT-346,Closed,
TKT-0006414,CUS-009058,2024-08-23 06:00:00,2024-08-24 10:00:00,Account,Chat,Low,AGT-331,Closed,
TKT-0006415,CUS-009424,2026-01-27 04:00:00,2026-01-27 14:00:00,Product Quality,Email,Medium,AGT-206,Closed,4.0
TKT-0006416,CUS-000102,2021-08-20 22:00:00,2021-08-23 19:00:00,Product Quality,Store,Low,AGT-239,Resolved,
TKT-0006417,CUS-002616,2021-03-29 00:00:00,2021-04-02 15:00:00,Returns,Store,Low,AGT-201,Resolved,
TKT-0006418,CUS-003963,2023-09-24 23:00:00,2023-09-29 00:00:00,Delivery,Phone,Medium,AGT-067,Resolved,5.0
TKT-0006419,CUS-005947,2024-08-10 04:00:00,2024-08-10 16:00:00,Delivery,Phone,Medium,AGT-303,Closed,3.0
TKT-0006420,CUS-005511,2026-04-19 05:00:00,2026-04-20 17:00:00,Returns,Store,Low,AGT-117,Resolved,4.0
TKT-0006421,CUS-009169,2020-11-06 03:00:00,2020-11-11 01:00:00,Returns,Store,Low,AGT-063,Closed,
TKT-0006422,CUS-000389,2020-12-23 08:00:00,2020-12-24 00:00:00,Returns,Social,Low,AGT-288,Resolved,5.0
TKT-0006423,CUS-001829,2022-07-29 19:00:00,2022-07-31 19:00:00,Account,Social,Medium,AGT-172,Resolved,1.0
TKT-0006424,CUS-008682,2023-07-11 13:00:00,2023-07-14 22:00:00,Payment,Phone,Low,AGT-105,Resolved,
TKT-0006425,CUS-004131,2021-12-24 16:00:00,2021-12-25 13:00:00,Delivery,Social,Critical,AGT-194,Resolved,5.0
TKT-0006426,CUS-003353,2021-04-16 13:00:00,2021-04-20 08:00:00,Returns,Email,Medium,AGT-008,Resolved,
TKT-0006427,CUS-011390,2023-06-08 17:00:00,2023-06-11 16:00:00,Returns,Store,Low,AGT-082,Resolved,5.0
TKT-0006428,CUS-003745,2023-02-09 14:00:00,2023-02-12 10:00:00,Returns,Chat,Medium,AGT-253,Closed,5.0
TKT-0006429,CUS-002283,2026-03-09 23:00:00,2026-03-12 05:00:00,Delivery,Email,Low,AGT-001,Closed,3.0
TKT-0006430,CUS-003063,2024-03-18 17:00:00,,Returns,Social,Medium,AGT-194,Open,
TKT-0006431,CUS-006170,2022-07-20 18:00:00,2022-07-23 13:00:00,Delivery,Phone,Low,AGT-241,Resolved,3.0
TKT-0006432,CUS-005371,2023-01-13 12:00:00,2023-01-16 07:00:00,Delivery,Phone,Low,AGT-243,Closed,
TKT-0006433,CUS-010837,2022-07-02 02:00:00,2022-07-03 03:00:00,Product Quality,Chat,High,AGT-240,Resolved,
TKT-0006434,CUS-011470,2020-11-07 01:00:00,2020-11-09 21:00:00,Delivery,Chat,Medium,AGT-235,Closed,
TKT-0006435,CUS-010492,2026-08-18 03:00:00,2026-08-22 00:00:00,Returns,Chat,Low,AGT-165,Resolved,5.0
TKT-0006436,CUS-003684,2022-06-20 21:00:00,2022-06-22 16:00:00,Promotion,Social,High,AGT-241,Resolved,
TKT-0006437,CUS-007892,2023-12-15 19:00:00,2023-12-18 05:00:00,Returns,Chat,Medium,AGT-104,Closed,5.0
TKT-0006438,CUS-006318,2021-08-10 17:00:00,2021-08-15 14:00:00,Promotion,Social,Low,AGT-331,Resolved,
TKT-0006439,CUS-011769,2022-07-22 17:00:00,2022-07-24 19:00:00,Product Quality,Social,Medium,AGT-169,Closed,
TKT-0006440,CUS-010045,2020-01-04 23:00:00,2020-01-07 07:00:00,Payment,Store,High,AGT-244,Resolved,
TKT-0006441,CUS-005959,2021-03-28 11:00:00,2021-03-29 15:00:00,Payment,Chat,Low,AGT-163,Resolved,5.0
TKT-0006442,CUS-009246,2024-05-25 01:00:00,,Returns,Social,Critical,AGT-266,Open,
TKT-0006443,CUS-009676,2023-10-10 05:00:00,2023-10-11 11:00:00,Product Quality,Chat,Medium,AGT-343,Closed,4.0
TKT-0006444,CUS-001638,2021-08-28 20:00:00,2021-08-30 08:00:00,Returns,Chat,Medium,AGT-003,Resolved,
TKT-0006445,CUS-009737,2024-12-18 15:00:00,2024-12-23 10:00:00,Payment,Store,Medium,AGT-347,Resolved,5.0
TKT-0006446,CUS-011683,2023-07-29 11:00:00,2023-08-02 01:00:00,Delivery,Chat,Medium,AGT-162,Resolved,4.0
TKT-0006447,CUS-007734,2022-08-12 08:00:00,2022-08-17 05:00:00,Promotion,Email,Medium,AGT-153,Closed,
TKT-0006448,CUS-008793,2025-11-09 11:00:00,2025-11-09 17:00:00,Account,Phone,Low,AGT-150,Resolved,
TKT-0006449,CUS-001141,2022-05-14 12:00:00,2022-05-17 14:00:00,Promotion,Store,Medium,AGT-056,Resolved,5.0
TKT-0006450,CUS-010751,2020-07-18 20:00:00,2020-07-23 07:00:00,Technical,Phone,Medium,AGT-110,Resolved,4.0
TKT-0006451,CUS-011507,2023-03-12 22:00:00,2023-03-16 10:00:00,Payment,Email,Low,AGT-308,Resolved,4.0
TKT-0006452,CUS-003432,2024-10-16 14:00:00,2024-10-18 18:00:00,Payment,Email,Low,AGT-211,Resolved,3.0
TKT-0006453,CUS-010833,2024-12-12 20:00:00,2024-12-13 08:00:00,Returns,Social,Low,AGT-330,Resolved,
TKT-0006454,CUS-004733,2024-02-22 16:00:00,2024-02-25 18:00:00,Delivery,Email,Medium,AGT-089,Resolved,5.0
TKT-0006455,CUS-000870,2025-03-18 11:00:00,2025-03-18 16:00:00,Account,Social,Low,AGT-161,Resolved,
TKT-0006456,CUS-009304,2022-04-02 04:00:00,2022-04-05 04:00:00,Payment,Social,Low,AGT-290,Resolved,5.0
TKT-0006457,CUS-000386,2023-05-06 20:00:00,2023-05-09 21:00:00,Product Quality,Store,Medium,AGT-095,Resolved,
TKT-0006458,CUS-002260,2021-10-01 12:00:00,2021-10-02 08:00:00,Delivery,Store,High,AGT-163,Resolved,3.0
TKT-0006459,CUS-006856,2026-06-11 02:00:00,2026-06-12 17:00:00,Delivery,Chat,Low,AGT-060,Closed,
TKT-0006460,CUS-004955,2026-01-05 14:00:00,2026-01-07 03:00:00,Product Quality,Email,Low,AGT-262,Resolved,3.0
TKT-0006461,CUS-010611,2023-12-17 03:00:00,2023-12-21 18:00:00,Payment,Social,Medium,AGT-328,Closed,4.0
TKT-0006462,CUS-000010,2024-06-15 06:00:00,2024-06-20 03:00:00,Payment,Social,Low,AGT-188,Resolved,
TKT-0006463,CUS-011325,2025-06-30 14:00:00,,Delivery,Email,Medium,AGT-325,Open,
TKT-0006464,CUS-000069,2020-11-19 20:00:00,,Delivery,Store,Low,AGT-061,Open,
TKT-0006465,CUS-009354,2020-06-18 06:00:00,2020-06-19 18:00:00,Returns,Phone,Low,AGT-327,Resolved,
TKT-0006466,CUS-001670,2023-12-18 08:00:00,2023-12-22 01:00:00,Delivery,Store,Low,AGT-161,Resolved,
TKT-0006467,CUS-007147,2025-07-20 23:00:00,2025-07-24 05:00:00,Returns,Phone,Medium,AGT-324,Closed,
TKT-0006468,CUS-010249,2026-02-21 08:00:00,2026-02-25 16:00:00,Product Quality,Email,Low,AGT-239,Resolved,5.0
TKT-0006469,CUS-007391,2025-04-25 16:00:00,2025-04-26 04:00:00,Account,Email,Medium,AGT-103,Resolved,
TKT-0006470,CUS-003903,2022-02-24 21:00:00,2022-03-01 17:00:00,Promotion,Email,Low,AGT-180,Resolved,
TKT-0006471,CUS-002488,2022-09-21 02:00:00,,Product Quality,Chat,Low,AGT-144,Open,
TKT-0006472,CUS-006052,2023-02-07 23:00:00,2023-02-12 10:00:00,Account,Chat,Medium,AGT-323,Resolved,
TKT-0006473,CUS-006643,2026-08-03 05:00:00,2026-08-03 20:00:00,Technical,Chat,High,AGT-213,Closed,5.0
TKT-0006474,CUS-005209,2024-10-20 12:00:00,2024-10-23 18:00:00,Returns,Phone,Critical,AGT-248,Resolved,
TKT-0006475,CUS-006738,2025-10-01 20:00:00,2025-10-05 15:00:00,Payment,Chat,Low,AGT-010,Resolved,5.0
TKT-0006476,CUS-003693,2022-11-04 09:00:00,2022-11-06 07:00:00,Returns,Phone,Low,AGT-173,Closed,
TKT-0006477,CUS-000402,2024-02-12 03:00:00,2024-02-15 19:00:00,Technical,Store,Low,AGT-219,Resolved,3.0
TKT-0006478,CUS-008685,2026-01-01 09:00:00,2026-01-02 10:00:00,Payment,Social,High,AGT-196,Resolved,4.0
TKT-0006479,CUS-010598,2026-06-02 22:00:00,2026-06-07 09:00:00,Delivery,Chat,Medium,AGT-200,Resolved,
TKT-0006480,CUS-008681,2023-11-01 06:00:00,2023-11-03 01:00:00,Returns,Email,Low,AGT-073,Resolved,5.0
TKT-0006481,CUS-003161,2021-08-13 05:00:00,2021-08-14 04:00:00,Technical,Chat,Low,AGT-318,Resolved,3.0
TKT-0006482,CUS-008400,2025-05-08 13:00:00,2025-05-12 06:00:00,Account,Phone,Medium,AGT-174,Resolved,
TKT-0006483,CUS-011702,2025-05-06 18:00:00,2025-05-07 19:00:00,Delivery,Store,Low,AGT-139,Resolved,4.0
TKT-0006484,CUS-007198,2023-05-03 07:00:00,2023-05-05 09:00:00,Account,Phone,Low,AGT-307,Resolved,5.0
TKT-0006485,CUS-000905,2020-01-25 15:00:00,2020-01-25 18:00:00,Payment,Chat,Low,AGT-119,Resolved,
TKT-0006486,CUS-001358,2022-01-15 13:00:00,2022-01-18 10:00:00,Technical,Email,Medium,AGT-049,Resolved,4.0
TKT-0006487,CUS-009144,2022-03-07 17:00:00,2022-03-08 22:00:00,Delivery,Social,Medium,AGT-037,Closed,4.0
TKT-0006488,CUS-011531,2021-07-28 00:00:00,2021-07-28 07:00:00,Delivery,Store,Low,AGT-280,Resolved,4.0
TKT-0006489,CUS-007698,2020-02-27 11:00:00,2020-03-02 04:00:00,Product Quality,Store,Medium,AGT-057,Resolved,3.0
TKT-0006490,CUS-008312,2020-04-22 13:00:00,2020-04-23 10:00:00,Delivery,Store,High,AGT-011,Resolved,4.0
TKT-0006491,CUS-001906,2021-08-14 01:00:00,2021-08-16 11:00:00,Account,Email,Low,AGT-095,Resolved,2.0
TKT-0006492,CUS-001425,2023-09-01 12:00:00,2023-09-02 20:00:00,Payment,Email,Medium,AGT-266,Resolved,4.0
TKT-0006493,CUS-004786,2023-11-25 09:00:00,2023-11-28 15:00:00,Technical,Email,Medium,AGT-336,Closed,
TKT-0006494,CUS-008904,2026-03-10 12:00:00,2026-03-14 18:00:00,Account,Social,Low,AGT-103,Closed,2.0
TKT-0006495,CUS-008818,2023-02-20 18:00:00,2023-02-25 13:00:00,Account,Social,Medium,AGT-227,Closed,
TKT-0006496,CUS-009448,2020-10-25 03:00:00,2020-10-29 19:00:00,Promotion,Email,Low,AGT-335,Resolved,
TKT-0006497,CUS-007239,2022-02-23 14:00:00,2022-02-25 23:00:00,Payment,Store,Medium,AGT-060,Closed,5.0
TKT-0006498,CUS-010699,2024-09-14 05:00:00,2024-09-17 03:00:00,Delivery,Store,Medium,AGT-086,Resolved,3.0
TKT-0006499,CUS-010375,2022-10-26 04:00:00,2022-10-26 16:00:00,Delivery,Store,Medium,AGT-309,Resolved,
TKT-0006500,CUS-006948,2020-06-12 05:00:00,2020-06-13 23:00:00,Account,Phone,Low,AGT-010,Closed,5.0
TKT-0006501,CUS-007440,2021-01-07 02:00:00,2021-01-08 12:00:00,Returns,Phone,High,AGT-031,Resolved,5.0
TKT-0006502,CUS-001120,2022-02-18 22:00:00,2022-02-20 23:00:00,Delivery,Store,Medium,AGT-004,Resolved,
TKT-0006503,CUS-005826,2023-07-06 03:00:00,2023-07-09 04:00:00,Promotion,Email,High,AGT-136,Resolved,2.0
TKT-0006504,CUS-007177,2025-11-12 15:00:00,2025-11-15 14:00:00,Payment,Phone,Medium,AGT-334,Resolved,4.0
TKT-0006505,CUS-005993,2021-04-21 20:00:00,2021-04-23 11:00:00,Returns,Chat,Medium,AGT-019,Resolved,4.0
TKT-0006506,CUS-009606,2021-12-09 07:00:00,2021-12-10 08:00:00,Promotion,Social,High,AGT-165,Resolved,5.0
TKT-0006507,CUS-000427,2021-07-04 19:00:00,2021-07-05 06:00:00,Returns,Phone,High,AGT-113,Resolved,
TKT-0006508,CUS-001936,2024-09-12 08:00:00,2024-09-16 19:00:00,Delivery,Email,Medium,AGT-190,Resolved,4.0
TKT-0006509,CUS-001186,2021-10-29 23:00:00,,Product Quality,Chat,Medium,AGT-034,Open,
TKT-0006510,CUS-008460,2025-04-29 16:00:00,2025-04-30 09:00:00,Delivery,Chat,Medium,AGT-235,Resolved,4.0
TKT-0006511,CUS-000131,2024-04-02 00:00:00,2024-04-03 23:00:00,Product Quality,Phone,Low,AGT-020,Resolved,4.0
TKT-0006512,CUS-003486,2021-11-29 11:00:00,2021-11-30 10:00:00,Delivery,Social,Medium,AGT-087,Resolved,
TKT-0006513,CUS-008154,2021-11-14 18:00:00,2021-11-17 06:00:00,Technical,Store,Low,AGT-032,Resolved,4.0
TKT-0006514,CUS-011375,2022-04-29 00:00:00,2022-04-30 06:00:00,Product Quality,Chat,Critical,AGT-325,Resolved,4.0
TKT-0006515,CUS-000993,2026-02-26 22:00:00,2026-03-03 14:00:00,Promotion,Social,Low,AGT-171,Resolved,5.0
TKT-0006516,CUS-003193,2025-12-15 05:00:00,2025-12-16 05:00:00,Promotion,Social,Medium,AGT-105,Resolved,3.0
TKT-0006517,CUS-008513,2025-09-02 21:00:00,2025-09-03 20:00:00,Returns,Phone,High,AGT-218,Resolved,3.0
TKT-0006518,CUS-008292,2024-06-01 15:00:00,,Delivery,Store,Low,AGT-205,Open,
TKT-0006519,CUS-005950,2025-06-09 08:00:00,2025-06-13 21:00:00,Product Quality,Email,Low,AGT-183,Resolved,
TKT-0006520,CUS-002278,2023-04-02 09:00:00,2023-04-05 08:00:00,Delivery,Chat,Medium,AGT-307,Resolved,
TKT-0006521,CUS-002150,2020-09-26 01:00:00,2020-09-27 06:00:00,Returns,Store,Medium,AGT-259,Resolved,
TKT-0006522,CUS-001283,2024-03-28 21:00:00,2024-03-29 16:00:00,Returns,Chat,High,AGT-315,Resolved,
TKT-0006523,CUS-002097,2022-01-14 22:00:00,2022-01-19 11:00:00,Technical,Phone,Medium,AGT-324,Resolved,
TKT-0006524,CUS-001451,2025-08-14 14:00:00,2025-08-14 16:00:00,Payment,Phone,Low,AGT-035,Resolved,4.0
TKT-0006525,CUS-001357,2025-09-30 11:00:00,2025-10-03 15:00:00,Payment,Phone,Critical,AGT-275,Resolved,4.0
TKT-0006526,CUS-004042,2025-06-28 04:00:00,2025-06-28 21:00:00,Returns,Phone,Low,AGT-251,Resolved,
TKT-0006527,CUS-008538,2025-11-21 22:00:00,2025-11-24 02:00:00,Payment,Chat,Low,AGT-011,Resolved,5.0
TKT-0006528,CUS-000999,2022-02-07 12:00:00,,Returns,Email,Medium,AGT-186,Open,
TKT-0006529,CUS-004912,2026-03-25 11:00:00,2026-03-29 01:00:00,Delivery,Social,Medium,AGT-200,Resolved,3.0
TKT-0006530,CUS-003975,2023-05-22 13:00:00,2023-05-23 12:00:00,Delivery,Email,Critical,AGT-133,Resolved,4.0
TKT-0006531,CUS-008574,2023-02-11 05:00:00,2023-02-15 14:00:00,Technical,Store,High,AGT-140,Closed,3.0
TKT-0006532,CUS-003988,2021-12-31 12:00:00,2022-01-02 02:00:00,Payment,Chat,High,AGT-290,Resolved,5.0
TKT-0006533,CUS-006263,2022-08-12 15:00:00,2022-08-14 10:00:00,Returns,Chat,High,AGT-194,Closed,
TKT-0006534,CUS-009714,2023-01-15 09:00:00,2023-01-19 13:00:00,Account,Social,Low,AGT-069,Resolved,
TKT-0006535,CUS-006292,2023-12-21 20:00:00,2023-12-22 09:00:00,Delivery,Store,Low,AGT-138,Resolved,
TKT-0006536,CUS-008788,2021-02-24 05:00:00,2021-02-25 06:00:00,Product Quality,Social,Medium,AGT-191,Resolved,1.0
TKT-0006537,CUS-008308,2022-05-10 00:00:00,2022-05-14 01:00:00,Delivery,Phone,Medium,AGT-166,Resolved,
TKT-0006538,CUS-007037,2020-11-07 14:00:00,2020-11-12 04:00:00,Returns,Store,Low,AGT-191,Resolved,3.0
TKT-0006539,CUS-003187,2021-07-11 13:00:00,2021-07-12 02:00:00,Payment,Social,Medium,AGT-328,Resolved,5.0
TKT-0006540,CUS-002396,2021-07-15 07:00:00,,Technical,Chat,Low,AGT-325,Open,
TKT-0006541,CUS-007795,2025-02-26 10:00:00,,Delivery,Email,Low,AGT-188,Open,
TKT-0006542,CUS-002706,2023-10-06 02:00:00,2023-10-10 16:00:00,Technical,Social,Medium,AGT-190,Resolved,3.0
TKT-0006543,CUS-011832,2025-01-29 03:00:00,2025-01-30 19:00:00,Delivery,Phone,Medium,AGT-199,Resolved,
TKT-0006544,CUS-006777,2025-06-14 23:00:00,2025-06-19 08:00:00,Product Quality,Email,Medium,AGT-311,Resolved,4.0
TKT-0006545,CUS-001884,2021-09-21 14:00:00,2021-09-21 23:00:00,Returns,Social,Medium,AGT-339,Resolved,4.0
TKT-0006546,CUS-003141,2021-06-02 15:00:00,2021-06-04 00:00:00,Delivery,Phone,Medium,AGT-232,Resolved,4.0
TKT-0006547,CUS-004278,2021-07-21 20:00:00,2021-07-25 19:00:00,Delivery,Phone,Medium,AGT-055,Closed,5.0
TKT-0006548,CUS-006122,2022-04-16 15:00:00,,Account,Email,Critical,AGT-072,Open,
TKT-0006549,CUS-004496,2024-11-01 20:00:00,2024-11-04 07:00:00,Account,Phone,Low,AGT-003,Resolved,
TKT-0006550,CUS-005017,2021-10-01 01:00:00,,Promotion,Social,Low,AGT-237,Open,
TKT-0006551,CUS-010321,2025-11-27 19:00:00,2025-11-27 21:00:00,Delivery,Store,Low,AGT-183,Resolved,
TKT-0006552,CUS-005296,2024-03-02 11:00:00,2024-03-04 04:00:00,Product Quality,Phone,Low,AGT-173,Resolved,4.0
TKT-0006553,CUS-002698,2025-10-25 05:00:00,2025-10-26 10:00:00,Promotion,Social,Low,AGT-126,Resolved,
TKT-0006554,CUS-003566,2020-07-27 16:00:00,2020-07-30 15:00:00,Account,Store,Low,AGT-079,Resolved,3.0
TKT-0006555,CUS-005647,2024-09-12 09:00:00,2024-09-16 06:00:00,Returns,Social,High,AGT-318,Resolved,5.0
TKT-0006556,CUS-000567,2025-07-01 15:00:00,2025-07-02 06:00:00,Product Quality,Social,Critical,AGT-047,Resolved,5.0
TKT-0006557,CUS-005627,2024-09-20 14:00:00,2024-09-23 01:00:00,Delivery,Chat,Low,AGT-080,Resolved,1.0
TKT-0006558,CUS-009398,2022-08-01 21:00:00,2022-08-05 16:00:00,Returns,Social,Low,AGT-093,Resolved,5.0
TKT-0006559,CUS-000022,2020-11-05 21:00:00,2020-11-09 14:00:00,Delivery,Email,Low,AGT-180,Resolved,5.0
TKT-0006560,CUS-009533,2023-06-21 21:00:00,2023-06-24 17:00:00,Product Quality,Social,Medium,AGT-127,Resolved,5.0
TKT-0006561,CUS-011848,2025-03-28 10:00:00,2025-03-29 17:00:00,Payment,Chat,Low,AGT-256,Resolved,4.0
TKT-0006562,CUS-010499,2020-01-17 17:00:00,2020-01-22 16:00:00,Promotion,Email,Medium,AGT-319,Resolved,
TKT-0006563,CUS-009288,2021-01-19 16:00:00,,Delivery,Chat,Medium,AGT-291,Open,
TKT-0006564,CUS-005222,2025-11-03 20:00:00,2025-11-07 17:00:00,Account,Social,Medium,AGT-140,Resolved,5.0
TKT-0006565,CUS-005399,2020-06-30 13:00:00,2020-07-02 07:00:00,Payment,Social,Low,AGT-138,Resolved,4.0
TKT-0006566,CUS-011319,2022-10-08 22:00:00,2022-10-10 14:00:00,Delivery,Social,Medium,AGT-183,Resolved,4.0
TKT-0006567,CUS-001654,2023-07-21 20:00:00,2023-07-22 16:00:00,Payment,Store,High,AGT-148,Resolved,
TKT-0006568,CUS-004688,2025-07-27 14:00:00,2025-07-30 17:00:00,Delivery,Chat,Medium,AGT-230,Resolved,4.0
TKT-0006569,CUS-002405,2020-05-07 04:00:00,2020-05-12 01:00:00,Returns,Phone,Low,AGT-322,Resolved,4.0
TKT-0006570,CUS-002982,2020-09-25 16:00:00,2020-09-25 21:00:00,Product Quality,Chat,Medium,AGT-091,Resolved,
TKT-0006571,CUS-011216,2022-09-22 03:00:00,2022-09-22 12:00:00,Account,Email,High,AGT-188,Resolved,1.0
TKT-0006572,CUS-008441,2024-11-20 14:00:00,2024-11-23 01:00:00,Payment,Email,Medium,AGT-249,Resolved,2.0
TKT-0006573,CUS-009359,2021-10-28 13:00:00,2021-10-30 15:00:00,Returns,Chat,Medium,AGT-311,Resolved,3.0
TKT-0006574,CUS-002025,2024-12-11 01:00:00,2024-12-15 22:00:00,Account,Store,Medium,AGT-171,Resolved,
TKT-0006575,CUS-002143,2020-07-22 17:00:00,2020-07-25 11:00:00,Account,Store,Low,AGT-235,Resolved,
TKT-0006576,CUS-008494,2026-07-25 03:00:00,2026-07-25 12:00:00,Delivery,Store,Medium,AGT-332,Resolved,
TKT-0006577,CUS-007054,2021-02-26 05:00:00,2021-03-01 16:00:00,Delivery,Email,High,AGT-292,Resolved,5.0
TKT-0006578,CUS-009145,2026-01-11 01:00:00,2026-01-11 09:00:00,Delivery,Store,Medium,AGT-232,Closed,
TKT-0006579,CUS-004341,2024-10-26 18:00:00,2024-10-26 21:00:00,Technical,Social,Medium,AGT-295,Resolved,4.0
TKT-0006580,CUS-011986,2022-02-15 21:00:00,2022-02-16 11:00:00,Product Quality,Chat,Medium,AGT-176,Resolved,5.0
TKT-0006581,CUS-011299,2021-01-25 00:00:00,2021-01-29 10:00:00,Promotion,Phone,Low,AGT-097,Resolved,
TKT-0006582,CUS-000538,2025-11-06 01:00:00,2025-11-09 09:00:00,Promotion,Email,Medium,AGT-100,Resolved,5.0
TKT-0006583,CUS-003263,2023-03-29 15:00:00,2023-03-31 18:00:00,Delivery,Store,Medium,AGT-348,Resolved,4.0
TKT-0006584,CUS-009226,2020-11-05 03:00:00,2020-11-05 13:00:00,Returns,Store,Medium,AGT-192,Resolved,
TKT-0006585,CUS-003849,2026-08-18 23:00:00,2026-08-19 08:00:00,Delivery,Social,High,AGT-193,Resolved,5.0
TKT-0006586,CUS-005905,2022-09-06 20:00:00,2022-09-08 21:00:00,Product Quality,Store,High,AGT-068,Resolved,
TKT-0006587,CUS-006043,2022-08-29 18:00:00,2022-08-30 01:00:00,Product Quality,Store,Critical,AGT-258,Resolved,
TKT-0006588,CUS-009499,2026-03-30 17:00:00,2026-04-01 22:00:00,Technical,Chat,Low,AGT-163,Closed,
TKT-0006589,CUS-002225,2021-10-17 21:00:00,2021-10-21 21:00:00,Returns,Store,Low,AGT-321,Resolved,
TKT-0006590,CUS-001756,2020-06-24 14:00:00,2020-06-26 12:00:00,Technical,Phone,Critical,AGT-312,Resolved,5.0
TKT-0006591,CUS-003030,2024-02-19 02:00:00,2024-02-20 14:00:00,Returns,Store,Low,AGT-323,Resolved,
TKT-0006592,CUS-001570,2023-10-06 17:00:00,2023-10-11 11:00:00,Product Quality,Email,Medium,AGT-313,Resolved,
TKT-0006593,CUS-004355,2022-03-14 18:00:00,2022-03-17 04:00:00,Account,Chat,Low,AGT-081,Resolved,5.0
TKT-0006594,CUS-011694,2021-05-07 10:00:00,2021-05-07 17:00:00,Delivery,Social,Medium,AGT-074,Resolved,4.0
TKT-0006595,CUS-003090,2022-06-06 16:00:00,2022-06-11 11:00:00,Returns,Email,Medium,AGT-323,Resolved,3.0
TKT-0006596,CUS-010237,2024-06-27 14:00:00,2024-06-29 02:00:00,Product Quality,Social,High,AGT-245,Resolved,3.0
TKT-0006597,CUS-011888,2025-09-03 15:00:00,2025-09-06 07:00:00,Delivery,Social,Medium,AGT-174,Resolved,5.0
TKT-0006598,CUS-010219,2025-04-23 09:00:00,2025-04-27 00:00:00,Technical,Phone,Medium,AGT-138,Resolved,5.0
TKT-0006599,CUS-003758,2023-12-12 18:00:00,,Delivery,Social,Low,AGT-223,Open,
TKT-0006600,CUS-010502,2026-08-30 21:00:00,2026-09-01 06:00:00,Payment,Chat,Medium,AGT-124,Closed,
TKT-0006601,CUS-002670,2021-05-19 16:00:00,2021-05-20 00:00:00,Product Quality,Store,Medium,AGT-220,Resolved,2.0
TKT-0006602,CUS-001937,2026-07-29 15:00:00,2026-08-01 19:00:00,Payment,Social,Medium,AGT-188,Closed,3.0
TKT-0006603,CUS-011248,2024-08-19 17:00:00,,Delivery,Phone,Critical,AGT-078,Open,
TKT-0006604,CUS-011542,2021-05-31 01:00:00,2021-06-04 03:00:00,Payment,Phone,Low,AGT-342,Resolved,5.0
TKT-0006605,CUS-003335,2021-07-27 12:00:00,2021-07-28 16:00:00,Technical,Email,Low,AGT-341,Closed,
TKT-0006606,CUS-007965,2023-08-04 09:00:00,2023-08-08 13:00:00,Delivery,Chat,Medium,AGT-073,Resolved,2.0
TKT-0006607,CUS-000441,2024-01-27 18:00:00,2024-02-01 06:00:00,Technical,Chat,Low,AGT-066,Resolved,
TKT-0006608,CUS-001926,2024-07-25 21:00:00,2024-07-29 15:00:00,Delivery,Chat,Low,AGT-055,Resolved,
TKT-0006609,CUS-007555,2024-03-12 15:00:00,2024-03-13 15:00:00,Payment,Chat,Medium,AGT-331,Closed,4.0
TKT-0006610,CUS-011481,2026-01-30 11:00:00,2026-01-31 11:00:00,Account,Phone,Medium,AGT-030,Resolved,1.0
TKT-0006611,CUS-004252,2023-05-19 22:00:00,2023-05-20 12:00:00,Returns,Social,Medium,AGT-261,Closed,4.0
TKT-0006612,CUS-001927,2020-10-06 02:00:00,2020-10-08 00:00:00,Product Quality,Email,Medium,AGT-201,Resolved,
TKT-0006613,CUS-009757,2024-08-27 22:00:00,2024-08-30 17:00:00,Product Quality,Social,Low,AGT-223,Resolved,4.0
TKT-0006614,CUS-005470,2021-10-03 05:00:00,2021-10-07 09:00:00,Returns,Email,Medium,AGT-066,Resolved,
TKT-0006615,CUS-009832,2023-11-24 04:00:00,2023-11-24 05:00:00,Delivery,Store,Low,AGT-176,Resolved,5.0
TKT-0006616,CUS-011969,2020-02-27 05:00:00,2020-03-03 03:00:00,Delivery,Phone,Medium,AGT-279,Resolved,1.0
TKT-0006617,CUS-009871,2020-03-27 01:00:00,2020-03-30 14:00:00,Technical,Phone,High,AGT-062,Resolved,
TKT-0006618,CUS-009633,2026-03-03 10:00:00,,Delivery,Email,Low,AGT-324,Open,
TKT-0006619,CUS-000356,2022-04-23 03:00:00,2022-04-23 14:00:00,Returns,Email,Low,AGT-084,Resolved,
TKT-0006620,CUS-000747,2025-02-16 06:00:00,2025-02-20 12:00:00,Returns,Chat,Medium,AGT-062,Closed,5.0
TKT-0006621,CUS-005059,2024-03-02 15:00:00,2024-03-07 01:00:00,Returns,Store,High,AGT-226,Resolved,
TKT-0006622,CUS-002666,2025-04-22 02:00:00,2025-04-25 07:00:00,Product Quality,Store,Low,AGT-283,Resolved,
TKT-0006623,CUS-001392,2021-09-13 02:00:00,2021-09-15 21:00:00,Payment,Store,Low,AGT-326,Resolved,
TKT-0006624,CUS-000645,2024-07-04 10:00:00,2024-07-08 15:00:00,Product Quality,Store,Medium,AGT-154,Closed,5.0
TKT-0006625,CUS-004138,2023-07-20 04:00:00,2023-07-22 20:00:00,Technical,Social,High,AGT-139,Resolved,2.0
TKT-0006626,CUS-003815,2025-04-27 23:00:00,2025-05-02 22:00:00,Delivery,Social,Medium,AGT-280,Resolved,4.0
TKT-0006627,CUS-006996,2024-09-29 10:00:00,,Product Quality,Email,Low,AGT-329,Open,
TKT-0006628,CUS-003120,2024-12-20 22:00:00,2024-12-23 02:00:00,Returns,Phone,Low,AGT-218,Resolved,
TKT-0006629,CUS-005972,2026-06-29 16:00:00,2026-07-04 10:00:00,Delivery,Store,Medium,AGT-340,Resolved,2.0
TKT-0006630,CUS-004732,2021-12-30 12:00:00,2022-01-03 22:00:00,Payment,Email,Medium,AGT-226,Resolved,
TKT-0006631,CUS-008617,2022-05-24 02:00:00,2022-05-26 00:00:00,Delivery,Email,Low,AGT-171,Resolved,
TKT-0006632,CUS-011849,2020-02-26 19:00:00,2020-03-01 09:00:00,Product Quality,Chat,Low,AGT-139,Closed,5.0
TKT-0006633,CUS-007572,2026-05-15 18:00:00,2026-05-16 17:00:00,Delivery,Phone,Medium,AGT-184,Resolved,5.0
TKT-0006634,CUS-004853,2021-03-28 18:00:00,2021-03-28 20:00:00,Returns,Store,Low,AGT-258,Resolved,
TKT-0006635,CUS-002759,2022-12-06 15:00:00,2022-12-08 14:00:00,Delivery,Chat,Low,AGT-097,Resolved,
TKT-0006636,CUS-007557,2025-03-31 12:00:00,2025-04-02 12:00:00,Delivery,Social,Medium,AGT-147,Resolved,3.0
TKT-0006637,CUS-011232,2020-12-03 10:00:00,2020-12-04 05:00:00,Product Quality,Social,Medium,AGT-238,Closed,4.0
TKT-0006638,CUS-010126,2020-12-17 22:00:00,,Payment,Email,Low,AGT-256,Open,
TKT-0006639,CUS-005673,2021-09-14 12:00:00,2021-09-17 13:00:00,Product Quality,Store,High,AGT-175,Resolved,3.0
TKT-0006640,CUS-002019,2020-09-30 06:00:00,2020-10-02 10:00:00,Payment,Email,High,AGT-345,Resolved,5.0
TKT-0006641,CUS-006112,2020-09-21 04:00:00,2020-09-24 02:00:00,Product Quality,Social,Medium,AGT-245,Resolved,
TKT-0006642,CUS-009315,2025-04-11 02:00:00,2025-04-13 01:00:00,Technical,Email,Medium,AGT-268,Resolved,
TKT-0006643,CUS-007560,2022-11-01 21:00:00,2022-11-03 10:00:00,Payment,Store,Medium,AGT-004,Resolved,4.0
TKT-0006644,CUS-009766,2021-06-13 18:00:00,2021-06-18 17:00:00,Delivery,Chat,Medium,AGT-262,Resolved,3.0
TKT-0006645,CUS-003807,2025-11-28 02:00:00,2025-11-29 12:00:00,Delivery,Phone,High,AGT-296,Resolved,
TKT-0006646,CUS-009977,2022-09-28 01:00:00,2022-09-28 04:00:00,Product Quality,Email,Medium,AGT-172,Closed,2.0
TKT-0006647,CUS-005667,2025-10-01 03:00:00,2025-10-01 14:00:00,Delivery,Chat,Low,AGT-264,Closed,
TKT-0006648,CUS-011989,2024-04-07 14:00:00,2024-04-12 00:00:00,Returns,Store,Medium,AGT-322,Resolved,5.0
TKT-0006649,CUS-009566,2020-05-12 11:00:00,2020-05-13 05:00:00,Payment,Social,Low,AGT-231,Resolved,
TKT-0006650,CUS-000061,2024-11-04 16:00:00,2024-11-09 05:00:00,Account,Store,Medium,AGT-091,Resolved,
TKT-0006651,CUS-007803,2023-04-11 12:00:00,2023-04-12 14:00:00,Delivery,Chat,Low,AGT-228,Resolved,3.0
TKT-0006652,CUS-009795,2020-11-28 06:00:00,2020-12-02 17:00:00,Delivery,Email,Medium,AGT-315,Resolved,5.0
TKT-0006653,CUS-009860,2021-06-30 12:00:00,2021-07-02 08:00:00,Product Quality,Phone,Medium,AGT-048,Resolved,
TKT-0006654,CUS-009916,2025-08-14 11:00:00,2025-08-18 23:00:00,Product Quality,Store,Low,AGT-151,Resolved,4.0
TKT-0006655,CUS-007951,2020-04-01 19:00:00,2020-04-06 00:00:00,Payment,Email,Low,AGT-045,Resolved,4.0
TKT-0006656,CUS-007794,2022-10-28 00:00:00,2022-11-01 18:00:00,Technical,Social,Low,AGT-290,Resolved,5.0
TKT-0006657,CUS-004492,2022-09-16 10:00:00,2022-09-17 09:00:00,Payment,Phone,High,AGT-178,Resolved,2.0
TKT-0006658,CUS-007069,2022-05-01 06:00:00,2022-05-03 21:00:00,Returns,Social,Low,AGT-262,Resolved,
TKT-0006659,CUS-003755,2021-12-19 19:00:00,2021-12-23 07:00:00,Delivery,Chat,Medium,AGT-272,Resolved,5.0
TKT-0006660,CUS-006119,2021-03-15 01:00:00,2021-03-16 15:00:00,Delivery,Store,Medium,AGT-207,Closed,5.0
TKT-0006661,CUS-009746,2020-09-01 12:00:00,,Account,Social,Medium,AGT-100,Open,
TKT-0006662,CUS-010104,2025-05-14 03:00:00,2025-05-18 19:00:00,Account,Chat,High,AGT-329,Resolved,2.0
TKT-0006663,CUS-002564,2020-05-09 19:00:00,,Delivery,Store,Medium,AGT-288,Open,
TKT-0006664,CUS-000797,2020-04-21 03:00:00,2020-04-25 13:00:00,Delivery,Chat,Medium,AGT-153,Resolved,
TKT-0006665,CUS-005959,2022-01-27 00:00:00,2022-01-30 10:00:00,Delivery,Chat,Medium,AGT-007,Resolved,4.0
TKT-0006666,CUS-010879,2020-10-12 00:00:00,2020-10-16 16:00:00,Promotion,Social,Medium,AGT-186,Resolved,5.0
TKT-0006667,CUS-001768,2021-12-09 19:00:00,2021-12-14 17:00:00,Returns,Social,Low,AGT-053,Resolved,
TKT-0006668,CUS-008184,2020-03-09 16:00:00,2020-03-11 02:00:00,Account,Phone,Low,AGT-073,Closed,
TKT-0006669,CUS-005780,2025-04-15 00:00:00,2025-04-17 21:00:00,Returns,Phone,Medium,AGT-277,Resolved,4.0
TKT-0006670,CUS-003389,2023-09-24 03:00:00,2023-09-26 18:00:00,Technical,Chat,Low,AGT-340,Resolved,
TKT-0006671,CUS-005186,2026-02-03 15:00:00,2026-02-07 05:00:00,Returns,Phone,Low,AGT-122,Closed,
TKT-0006672,CUS-005932,2020-08-21 18:00:00,2020-08-25 10:00:00,Payment,Store,High,AGT-321,Resolved,3.0
TKT-0006673,CUS-001340,2023-11-18 00:00:00,2023-11-20 08:00:00,Product Quality,Social,Medium,AGT-069,Resolved,
TKT-0006674,CUS-009865,2024-08-14 18:00:00,2024-08-19 04:00:00,Delivery,Store,Medium,AGT-154,Resolved,
TKT-0006675,CUS-004361,2025-07-04 21:00:00,2025-07-08 16:00:00,Returns,Chat,Medium,AGT-140,Resolved,4.0
TKT-0006676,CUS-000249,2021-10-03 07:00:00,2021-10-04 01:00:00,Delivery,Store,Medium,AGT-132,Closed,5.0
TKT-0006677,CUS-008420,2020-02-03 10:00:00,2020-02-04 09:00:00,Returns,Email,Medium,AGT-157,Resolved,4.0
TKT-0006678,CUS-004733,2024-08-23 20:00:00,,Payment,Store,Medium,AGT-113,Open,
TKT-0006679,CUS-010941,2022-11-01 12:00:00,2022-11-03 21:00:00,Delivery,Phone,High,AGT-316,Resolved,
TKT-0006680,CUS-002847,2023-01-22 18:00:00,2023-01-27 09:00:00,Promotion,Chat,Low,AGT-054,Closed,5.0
TKT-0006681,CUS-001802,2024-11-15 12:00:00,2024-11-16 21:00:00,Product Quality,Email,Medium,AGT-159,Resolved,4.0
TKT-0006682,CUS-000433,2021-12-20 20:00:00,2021-12-21 20:00:00,Delivery,Email,Low,AGT-299,Closed,4.0
TKT-0006683,CUS-005090,2023-02-05 17:00:00,2023-02-07 18:00:00,Delivery,Email,Low,AGT-216,Resolved,
TKT-0006684,CUS-011438,2026-06-07 08:00:00,2026-06-10 05:00:00,Delivery,Email,Medium,AGT-215,Resolved,
TKT-0006685,CUS-003374,2024-04-12 19:00:00,2024-04-17 09:00:00,Payment,Social,Medium,AGT-319,Resolved,4.0
TKT-0006686,CUS-002526,2021-01-20 10:00:00,2021-01-23 05:00:00,Product Quality,Store,Low,AGT-143,Resolved,
TKT-0006687,CUS-009269,2020-08-19 20:00:00,2020-08-21 02:00:00,Technical,Chat,Medium,AGT-016,Closed,4.0
TKT-0006688,CUS-004746,2020-10-28 17:00:00,2020-10-28 23:00:00,Payment,Email,Medium,AGT-186,Resolved,
TKT-0006689,CUS-010599,2020-07-15 19:00:00,2020-07-18 05:00:00,Payment,Social,Medium,AGT-162,Resolved,2.0
TKT-0006690,CUS-001334,2023-06-16 08:00:00,2023-06-16 16:00:00,Payment,Social,Low,AGT-194,Resolved,3.0
TKT-0006691,CUS-001658,2020-08-23 05:00:00,2020-08-28 04:00:00,Payment,Social,Low,AGT-341,Resolved,
TKT-0006692,CUS-003845,2022-01-03 22:00:00,2022-01-04 01:00:00,Delivery,Store,High,AGT-065,Resolved,4.0
TKT-0006693,CUS-000636,2023-12-23 17:00:00,2023-12-24 09:00:00,Technical,Chat,Medium,AGT-062,Resolved,1.0
TKT-0006694,CUS-007355,2023-12-24 08:00:00,2023-12-27 00:00:00,Returns,Chat,Low,AGT-045,Resolved,
TKT-0006695,CUS-000513,2021-01-17 19:00:00,2021-01-19 23:00:00,Technical,Phone,Low,AGT-076,Resolved,
TKT-0006696,CUS-008823,2021-12-11 10:00:00,2021-12-13 17:00:00,Delivery,Chat,Low,AGT-201,Resolved,2.0
TKT-0006697,CUS-005625,2023-10-05 09:00:00,2023-10-06 11:00:00,Product Quality,Store,Medium,AGT-112,Resolved,4.0
TKT-0006698,CUS-006115,2023-10-04 21:00:00,2023-10-09 05:00:00,Delivery,Store,Low,AGT-133,Resolved,3.0
TKT-0006699,CUS-004975,2023-06-08 22:00:00,,Delivery,Phone,Medium,AGT-146,Open,
TKT-0006700,CUS-007909,2022-10-22 23:00:00,2022-10-26 08:00:00,Delivery,Social,Low,AGT-224,Closed,3.0
TKT-0006701,CUS-009868,2024-07-24 13:00:00,2024-07-27 09:00:00,Delivery,Store,Medium,AGT-168,Resolved,
TKT-0006702,CUS-005561,2022-03-30 04:00:00,2022-04-01 19:00:00,Returns,Store,Medium,AGT-319,Closed,4.0
TKT-0006703,CUS-009014,2024-11-07 19:00:00,,Delivery,Store,Low,AGT-219,Open,
TKT-0006704,CUS-000845,2026-03-14 16:00:00,2026-03-17 14:00:00,Delivery,Social,Low,AGT-069,Resolved,
TKT-0006705,CUS-007292,2024-12-03 10:00:00,2024-12-08 00:00:00,Technical,Social,Low,AGT-005,Resolved,
TKT-0006706,CUS-006386,2024-03-12 16:00:00,2024-03-12 23:00:00,Payment,Store,Medium,AGT-099,Resolved,3.0
TKT-0006707,CUS-006991,2023-10-26 20:00:00,2023-10-30 04:00:00,Returns,Phone,Medium,AGT-114,Resolved,3.0
TKT-0006708,CUS-000292,2023-04-29 18:00:00,2023-05-01 14:00:00,Account,Chat,Medium,AGT-211,Resolved,
TKT-0006709,CUS-008172,2020-05-15 03:00:00,2020-05-19 18:00:00,Delivery,Chat,Medium,AGT-176,Resolved,5.0
TKT-0006710,CUS-000141,2021-04-22 21:00:00,2021-04-24 12:00:00,Delivery,Phone,High,AGT-098,Resolved,4.0
TKT-0006711,CUS-002794,2021-09-19 01:00:00,2021-09-19 16:00:00,Product Quality,Email,High,AGT-175,Resolved,5.0
TKT-0006712,CUS-001606,2024-06-23 05:00:00,2024-06-26 09:00:00,Promotion,Social,Low,AGT-296,Resolved,5.0
TKT-0006713,CUS-009005,2024-07-06 08:00:00,2024-07-11 03:00:00,Delivery,Chat,Low,AGT-095,Resolved,
TKT-0006714,CUS-006626,2023-12-20 01:00:00,2023-12-20 08:00:00,Account,Chat,Medium,AGT-041,Closed,
TKT-0006715,CUS-007027,2024-08-17 17:00:00,2024-08-18 14:00:00,Product Quality,Chat,Medium,AGT-143,Resolved,5.0
TKT-0006716,CUS-009822,2021-09-04 21:00:00,2021-09-09 03:00:00,Delivery,Phone,Low,AGT-242,Resolved,
TKT-0006717,CUS-011890,2022-01-01 20:00:00,2022-01-05 07:00:00,Delivery,Phone,Low,AGT-068,Closed,3.0
TKT-0006718,CUS-010594,2021-08-15 15:00:00,2021-08-20 02:00:00,Delivery,Email,Low,AGT-268,Resolved,
TKT-0006719,CUS-003745,2023-01-25 17:00:00,2023-01-27 02:00:00,Product Quality,Social,Medium,AGT-123,Resolved,
TKT-0006720,CUS-006154,2022-12-27 14:00:00,2022-12-31 16:00:00,Delivery,Phone,High,AGT-135,Resolved,
TKT-0006721,CUS-002411,2023-12-19 17:00:00,2023-12-20 16:00:00,Payment,Social,Medium,AGT-088,Resolved,4.0
TKT-0006722,CUS-001573,2026-04-28 06:00:00,2026-04-28 19:00:00,Delivery,Store,Low,AGT-153,Closed,2.0
TKT-0006723,CUS-000902,2022-05-30 14:00:00,2022-06-03 20:00:00,Technical,Email,Low,AGT-013,Resolved,
TKT-0006724,CUS-005918,2025-03-15 16:00:00,2025-03-20 02:00:00,Technical,Social,Low,AGT-273,Resolved,4.0
TKT-0006725,CUS-011513,2025-10-18 18:00:00,2025-10-21 06:00:00,Delivery,Social,Low,AGT-236,Resolved,
TKT-0006726,CUS-009555,2023-08-06 09:00:00,2023-08-08 15:00:00,Account,Phone,Medium,AGT-013,Resolved,
TKT-0006727,CUS-000952,2020-09-17 11:00:00,2020-09-19 02:00:00,Product Quality,Phone,Medium,AGT-294,Resolved,
TKT-0006728,CUS-002539,2024-04-27 23:00:00,2024-04-29 13:00:00,Delivery,Email,Medium,AGT-346,Resolved,
TKT-0006729,CUS-007565,2024-08-23 13:00:00,2024-08-27 09:00:00,Payment,Social,Low,AGT-119,Resolved,5.0
TKT-0006730,CUS-010565,2020-04-19 05:00:00,2020-04-21 01:00:00,Promotion,Social,Low,AGT-014,Closed,2.0
TKT-0006731,CUS-009390,2026-01-19 18:00:00,2026-01-24 04:00:00,Returns,Social,High,AGT-181,Closed,
TKT-0006732,CUS-010606,2021-05-23 13:00:00,2021-05-25 17:00:00,Delivery,Social,Medium,AGT-205,Resolved,5.0
TKT-0006733,CUS-002159,2024-11-14 19:00:00,,Account,Chat,Medium,AGT-163,Open,
TKT-0006734,CUS-005932,2024-03-30 01:00:00,2024-04-01 11:00:00,Technical,Chat,Low,AGT-130,Resolved,2.0
TKT-0006735,CUS-002364,2026-02-28 03:00:00,2026-02-28 21:00:00,Product Quality,Email,Medium,AGT-295,Resolved,
TKT-0006736,CUS-007701,2026-05-30 04:00:00,2026-05-31 12:00:00,Delivery,Chat,Medium,AGT-203,Resolved,
TKT-0006737,CUS-002906,2025-09-21 06:00:00,2025-09-25 17:00:00,Promotion,Email,Low,AGT-190,Resolved,5.0
TKT-0006738,CUS-001554,2022-12-01 10:00:00,2022-12-02 22:00:00,Product Quality ,Store,Medium,AGT-271,Resolved,2.0
TKT-0006739,CUS-011515,2024-02-24 01:00:00,2024-02-27 12:00:00,Delivery,Phone,Low,AGT-165,Resolved,3.0
TKT-0006740,CUS-011694,2024-05-05 16:00:00,2024-05-09 01:00:00,Product Quality,Store,Medium,AGT-177,Closed,2.0
TKT-0006741,CUS-010514,2022-05-18 03:00:00,2022-05-22 01:00:00,Delivery,Store,Low,AGT-109,Resolved,5.0
TKT-0006742,CUS-004116,2023-05-15 03:00:00,2023-05-19 08:00:00,Product Quality,Phone,Low,AGT-340,Resolved,1.0
TKT-0006743,CUS-011918,2022-01-02 22:00:00,2022-01-03 04:00:00,Returns,Email,Medium,AGT-335,Resolved,
TKT-0006744,CUS-001689,2024-06-30 09:00:00,2024-07-03 05:00:00,Returns,Email,Medium,AGT-043,Resolved,5.0
TKT-0006745,CUS-010531,2025-05-10 09:00:00,2025-05-13 07:00:00,Product Quality,Chat,Medium,AGT-193,Resolved,4.0
TKT-0006746,CUS-007506,2022-04-13 13:00:00,2022-04-14 12:00:00,Product Quality,Email,Low,AGT-165,Resolved,
TKT-0006747,CUS-008306,2026-03-31 10:00:00,2026-04-02 04:00:00,Delivery,Email,Medium,AGT-332,Resolved,3.0
TKT-0006748,CUS-006487,2025-12-14 11:00:00,2025-12-18 15:00:00,Payment,Email,Low,AGT-217,Resolved,5.0
TKT-0006749,CUS-009667,2025-05-31 02:00:00,2025-06-03 08:00:00,Returns,Store,Low,AGT-044,Resolved,
TKT-0006750,CUS-003129,2024-08-27 14:00:00,2024-08-31 03:00:00,Payment,Store,High,AGT-253,Resolved,3.0
TKT-0006751,CUS-009986,2020-10-28 22:00:00,2020-11-01 03:00:00,Product Quality,Chat,Medium,AGT-192,Resolved,5.0
TKT-0006752,CUS-011892,2025-08-23 06:00:00,2025-08-27 00:00:00,Returns,Store,Low,AGT-283,Resolved,
TKT-0006753,CUS-010097,2024-12-26 18:00:00,2024-12-29 04:00:00,Product Quality,Chat,Low,AGT-331,Resolved,2.0
TKT-0006754,CUS-007092,2024-09-16 12:00:00,2024-09-19 04:00:00,Product Quality,Store,Low,AGT-212,Resolved,3.0
TKT-0006755,CUS-003200,2023-10-31 14:00:00,2023-11-03 07:00:00,Returns,Social,Medium,AGT-287,Resolved,
TKT-0006756,CUS-005386,2023-12-21 01:00:00,2023-12-21 02:00:00,Account,Phone,Medium,AGT-326,Resolved,5.0
TKT-0006757,CUS-010659,2022-11-22 05:00:00,2022-11-25 09:00:00,Technical,Phone,Low,AGT-037,Resolved,5.0
TKT-0006758,CUS-011180,2023-12-07 05:00:00,2023-12-10 19:00:00,Returns,Social,Medium,AGT-238,Resolved,3.0
TKT-0006759,CUS-010097,2023-04-29 04:00:00,2023-05-02 06:00:00,Product Quality,Store,Medium,AGT-248,Resolved,5.0
TKT-0006760,CUS-001870,2023-05-29 23:00:00,2023-05-30 00:00:00,Account,Phone,Critical,AGT-212,Resolved,4.0
TKT-0006761,CUS-003037,2023-01-17 10:00:00,2023-01-20 16:00:00,Delivery,Phone,Low,AGT-319,Resolved,4.0
TKT-0006762,CUS-010229,2025-06-07 08:00:00,2025-06-10 22:00:00,Product Quality,Email,Medium,AGT-303,Closed,
TKT-0006763,CUS-000426,2022-07-08 11:00:00,2022-07-12 02:00:00,Product Quality,Chat,Medium,AGT-062,Resolved,1.0
TKT-0006764,CUS-009997,2023-04-14 21:00:00,2023-04-16 22:00:00,Returns,Social,Medium,AGT-101,Resolved,
TKT-0006765,CUS-006579,2025-10-03 09:00:00,2025-10-06 01:00:00,Delivery,Phone,High,AGT-340,Resolved,
TKT-0006766,CUS-001137,2025-11-14 08:00:00,2025-11-18 11:00:00,Product Quality,Social,Medium,AGT-211,Resolved,2.0
TKT-0006767,CUS-003996,2022-03-26 04:00:00,2022-03-28 07:00:00,Delivery,Phone,Medium,AGT-161,Resolved,4.0
TKT-0006768,CUS-009924,2025-01-29 02:00:00,,Returns,Email,Low,AGT-044,Open,
TKT-0006769,CUS-006602,2022-04-17 16:00:00,2022-04-19 03:00:00,Product Quality,Social,Medium,AGT-018,Resolved,4.0
TKT-0006770,CUS-007554,2020-06-28 20:00:00,2020-07-02 13:00:00,Payment,Phone,Medium,AGT-115,Resolved,
TKT-0006771,CUS-007529,2024-02-18 03:00:00,2024-02-20 19:00:00,Account,Email,Low,AGT-139,Resolved,2.0
TKT-0006772,CUS-004572,2021-01-23 04:00:00,2021-01-23 17:00:00,Delivery,Store,Medium,AGT-156,Resolved,4.0
TKT-0006773,CUS-011771,2022-08-18 05:00:00,2022-08-21 04:00:00,Technical,Chat,High,AGT-327,Resolved,5.0
TKT-0006774,CUS-001371,2021-10-12 16:00:00,2021-10-15 10:00:00,Delivery,Phone,Low,AGT-284,Resolved,
TKT-0006775,CUS-000053,2023-05-09 11:00:00,2023-05-11 18:00:00,Promotion,Chat,Low,AGT-330,Resolved,
TKT-0006776,CUS-010047,2022-03-03 20:00:00,2022-03-08 11:00:00,Returns,Social,Medium,AGT-331,Closed,
TKT-0006777,CUS-004886,2025-03-28 03:00:00,2025-04-01 07:00:00,Delivery,Email,High,AGT-045,Closed,
TKT-0006778,CUS-010895,2020-02-24 16:00:00,2020-02-27 08:00:00,Promotion,Store,Low,AGT-283,Resolved,
TKT-0006779,CUS-003532,2026-03-05 10:00:00,2026-03-08 19:00:00,Payment,Phone,Medium,AGT-322,Resolved,
TKT-0006780,CUS-011293,2024-07-08 13:00:00,2024-07-12 23:00:00,Delivery,Chat,Medium,AGT-316,Resolved,5.0
TKT-0006781,CUS-003809,2026-08-07 18:00:00,2026-08-08 14:00:00,Returns,Chat,Critical,AGT-028,Resolved,
TKT-0006782,CUS-000476,2023-12-31 00:00:00,,Returns,Store,Medium,AGT-317,Open,
TKT-0006783,CUS-003954,2024-09-21 19:00:00,,Payment,Phone,High,AGT-334,Open,
TKT-0006784,CUS-011072,2025-07-13 19:00:00,2025-07-13 21:00:00,Account,Chat,Low,AGT-277,Resolved,
TKT-0006785,CUS-007119,2021-09-05 01:00:00,2021-09-07 19:00:00,Delivery,Phone,Medium,AGT-321,Resolved,
TKT-0006786,CUS-011396,2025-10-20 15:00:00,2025-10-25 03:00:00,Payment,Email,Low,AGT-176,Resolved,
TKT-0006787,CUS-001267,2022-03-23 09:00:00,2022-03-23 23:00:00,Product Quality,Store,Medium,AGT-280,Resolved,
TKT-0006788,CUS-009183,2025-06-10 20:00:00,2025-06-14 22:00:00,Returns,Email,Medium,AGT-194,Resolved,
TKT-0006789,CUS-007958,2020-04-03 13:00:00,2020-04-04 22:00:00,Delivery,Social,Medium,AGT-282,Resolved,
TKT-0006790,CUS-010797,2026-02-21 02:00:00,2026-02-25 22:00:00,Payment,Chat,Low,AGT-115,Resolved,
TKT-0006791,CUS-002845,2025-12-24 21:00:00,2025-12-28 19:00:00,Promotion,Email,High,AGT-116,Closed,
TKT-0006792,CUS-007975,2020-11-14 10:00:00,2020-11-16 15:00:00,Payment,Store,Low,AGT-340,Resolved,5.0
TKT-0006793,CUS-008311,2023-09-20 20:00:00,2023-09-23 19:00:00,Delivery,Chat,High,AGT-275,Resolved,4.0
TKT-0006794,CUS-002396,2024-05-26 20:00:00,2024-05-27 18:00:00,Returns,Social,Low,AGT-319,Resolved,
TKT-0006795,CUS-006647,2020-12-16 12:00:00,2020-12-19 00:00:00,Delivery,Email,Medium,AGT-158,Resolved,
TKT-0006796,CUS-007093,2023-02-02 04:00:00,2023-02-03 20:00:00,Delivery,Social,High,AGT-093,Resolved,3.0
TKT-0006797,CUS-003157,2020-05-21 03:00:00,,Delivery,Email,Low,AGT-207,Open,
TKT-0006798,CUS-002889,2022-07-16 18:00:00,2022-07-18 20:00:00,Promotion,Phone,Medium,AGT-314,Resolved,5.0
TKT-0006799,CUS-006963,2025-06-22 12:00:00,2025-06-23 20:00:00,Account,Email,Medium,AGT-217,Resolved,
TKT-0006800,CUS-001331,2020-10-07 04:00:00,2020-10-09 03:00:00,Returns,Store,Low,AGT-044,Resolved,
TKT-0006801,CUS-007504,2024-03-19 16:00:00,2024-03-23 04:00:00,Returns,Store,Low,AGT-173,Resolved,
TKT-0006802,CUS-004315,2022-07-22 20:00:00,2022-07-23 11:00:00,Returns,Social,Medium,AGT-055,Closed,5.0
TKT-0006803,CUS-001165,2025-08-21 11:00:00,,Product Quality,Email,Medium,AGT-163,Open,
TKT-0006804,CUS-006510,2025-08-20 11:00:00,2025-08-20 12:00:00,Account,Phone,Critical,AGT-177,Resolved,5.0
TKT-0006805,CUS-006786,2025-05-08 07:00:00,2025-05-09 01:00:00,Delivery,Social,Low,AGT-095,Resolved,
TKT-0006806,CUS-003630,2020-11-19 09:00:00,2020-11-23 07:00:00,Promotion ,Store,Medium,AGT-302,Resolved,3.0
TKT-0006807,CUS-007719,2024-10-13 12:00:00,2024-10-13 18:00:00,Delivery,Chat,Low,AGT-039,Resolved,4.0
TKT-0006808,CUS-009872,2026-05-01 02:00:00,2026-05-03 00:00:00,Returns,Chat,Low,AGT-204,Closed,
TKT-0006809,CUS-003959,2025-02-17 10:00:00,2025-02-21 17:00:00,Delivery,Store,Low,AGT-232,Resolved,
TKT-0006810,CUS-003562,2020-03-05 17:00:00,2020-03-09 08:00:00,Returns,Email,Medium,AGT-210,Resolved,4.0
TKT-0006811,CUS-000784,2022-07-22 01:00:00,2022-07-24 07:00:00,Returns,Email,High,AGT-152,Resolved,5.0
TKT-0006812,CUS-008161,2020-11-03 02:00:00,2020-11-03 04:00:00,Returns,Phone,Low,AGT-235,Resolved,3.0
TKT-0006813,CUS-007532,2021-12-09 23:00:00,2021-12-11 03:00:00,Product Quality,Social,Medium,AGT-050,Resolved,4.0
TKT-0006814,CUS-008099,2023-06-19 07:00:00,2023-06-20 09:00:00,Promotion,Phone,Low,AGT-291,Resolved,5.0
TKT-0006815,CUS-001021,2020-07-29 10:00:00,2020-07-30 16:00:00,Promotion,Phone,Medium,AGT-062,Resolved,
TKT-0006816,CUS-000931,2020-09-19 12:00:00,2020-09-24 02:00:00,Returns,Phone,Low,AGT-090,Resolved,5.0
TKT-0006817,CUS-011706,2026-04-01 22:00:00,2026-04-04 11:00:00,Returns,Email,Medium,AGT-258,Closed,5.0
TKT-0006818,CUS-006692,2020-01-04 00:00:00,2020-01-06 10:00:00,Product Quality,Social,Low,AGT-068,Resolved,5.0
TKT-0006819,CUS-001957,2025-08-27 19:00:00,2025-08-29 00:00:00,Account,Phone,High,AGT-283,Resolved,
TKT-0006820,CUS-002274,2023-10-12 12:00:00,2023-10-14 10:00:00,Payment,Store,Medium,AGT-214,Resolved,4.0
TKT-0006821,CUS-004919,2022-08-18 17:00:00,2022-08-19 08:00:00,Promotion,Email,Critical,AGT-328,Resolved,
TKT-0006822,CUS-003620,2022-08-19 08:00:00,2022-08-21 08:00:00,Payment,Phone,High,AGT-145,Resolved,
TKT-0006823,CUS-005664,2020-02-14 07:00:00,,Delivery,Social,Critical,AGT-022,Open,
TKT-0006824,CUS-004940,2025-06-26 03:00:00,2025-06-30 18:00:00,Returns,Phone,Low,AGT-217,Resolved,
TKT-0006825,CUS-002071,2020-12-27 05:00:00,,Payment,Social,Medium,AGT-225,Open,
TKT-0006826,CUS-007993,2023-06-13 18:00:00,2023-06-14 00:00:00,Product Quality,Chat,Low,AGT-080,Closed,5.0
TKT-0006827,CUS-003169,2021-05-02 14:00:00,2021-05-03 05:00:00,Product Quality,Email,High,AGT-243,Resolved,
TKT-0006828,CUS-000274,2026-07-06 17:00:00,2026-07-07 15:00:00,Product Quality,Store,Low,AGT-079,Resolved,
TKT-0006829,CUS-005590,2026-06-04 03:00:00,2026-06-06 05:00:00,Product Quality,Store,Medium,AGT-274,Resolved,3.0
TKT-0006830,CUS-007438,2022-07-19 13:00:00,2022-07-21 09:00:00,delivery,Email,Low,AGT-184,Resolved,4.0
TKT-0006831,CUS-007577,2024-01-15 18:00:00,2024-01-16 02:00:00,Product Quality,Chat,Critical,AGT-040,Resolved,5.0
TKT-0006832,CUS-011177,2024-03-13 04:00:00,2024-03-16 10:00:00,Returns,Email,High,AGT-298,Resolved,
TKT-0006833,CUS-007161,2020-11-06 21:00:00,2020-11-08 00:00:00,Returns,Chat,Low,AGT-271,Resolved,4.0
TKT-0006834,CUS-008310,2026-03-06 17:00:00,2026-03-07 15:00:00,Returns,Phone,Medium,AGT-131,Resolved,5.0
TKT-0006835,CUS-000438,2023-07-13 14:00:00,2023-07-14 16:00:00,Returns,Store,Low,AGT-084,Resolved,
TKT-0006836,CUS-001741,2026-04-14 01:00:00,2026-04-15 07:00:00,Delivery,Store,Medium,AGT-138,Resolved,
TKT-0006837,CUS-001846,2023-02-17 21:00:00,,Technical,Chat,Medium,AGT-033,Open,
TKT-0006838,CUS-009622,2020-02-02 15:00:00,2020-02-05 05:00:00,Returns,Chat,Low,AGT-265,Closed,
TKT-0006839,CUS-003767,2020-04-24 18:00:00,2020-04-28 10:00:00,Account,Email,Medium,AGT-221,Resolved,
TKT-0006840,CUS-003114,2024-08-16 10:00:00,2024-08-18 12:00:00,Product Quality,Social,Low,AGT-028,Resolved,4.0
TKT-0006841,CUS-010515,2021-07-16 01:00:00,,Returns,Chat,Low,AGT-346,Open,
TKT-0006842,CUS-000019,2021-10-18 02:00:00,,Delivery,Email,Low,AGT-305,Open,
TKT-0006843,CUS-010573,2025-12-17 06:00:00,2025-12-19 14:00:00,Delivery,Phone,Medium,AGT-114,Resolved,3.0
TKT-0006844,CUS-002851,2023-03-19 15:00:00,2023-03-20 17:00:00,Delivery,Email,Medium,AGT-018,Resolved,5.0
TKT-0006845,CUS-006850,2025-09-21 03:00:00,2025-09-22 01:00:00,Product Quality,Email,High,AGT-033,Resolved,
TKT-0006846,CUS-003184,2024-11-10 23:00:00,2024-11-14 11:00:00,Delivery,Chat,High,AGT-305,Resolved,
TKT-0006847,CUS-002391,2022-08-16 23:00:00,,Returns,Store,Medium,AGT-107,Open,
TKT-0006848,CUS-001321,2026-02-22 07:00:00,,Payment,Store,Low,AGT-064,Open,
TKT-0006849,CUS-011745,2024-05-11 16:00:00,2024-05-14 02:00:00,Delivery,Phone,Medium,AGT-108,Closed,3.0
TKT-0006850,CUS-007937,2023-12-07 23:00:00,2023-12-12 19:00:00,Delivery,Social,High,AGT-313,Resolved,
TKT-0006851,CUS-004828,2020-08-28 03:00:00,2020-09-01 23:00:00,Delivery,Phone,Medium,AGT-330,Resolved,1.0
TKT-0006852,CUS-000802,2024-02-11 23:00:00,,Delivery,Email,Low,AGT-249,Open,
TKT-0006853,CUS-006676,2021-09-18 06:00:00,2021-09-20 02:00:00,Delivery,Phone,Medium,AGT-051,Resolved,
TKT-0006854,CUS-006844,2020-03-26 04:00:00,2020-03-27 20:00:00,Technical,Store,Low,AGT-250,Resolved,
TKT-0006855,CUS-007509,2025-05-05 16:00:00,,Delivery,Store,High,AGT-072,Open,
TKT-0006856,CUS-001864,2021-11-03 09:00:00,2021-11-08 08:00:00,Returns,Email,Medium,AGT-155,Closed,3.0
TKT-0006857,CUS-010218,2020-05-03 19:00:00,2020-05-07 23:00:00,Product Quality,Phone,High,AGT-199,Resolved,
TKT-0006858,CUS-003375,2021-06-05 09:00:00,,Promotion,Social,Medium,AGT-223,Open,
TKT-0006859,CUS-001047,2020-12-14 05:00:00,2020-12-15 20:00:00,Returns,Email,Medium,AGT-327,Resolved,4.0
TKT-0006860,CUS-009535,2021-10-23 08:00:00,2021-10-24 18:00:00,Promotion,Store,Low,AGT-180,Resolved,
TKT-0006861,CUS-005319,2023-08-05 23:00:00,2023-08-08 08:00:00,Returns,Social,Low,AGT-040,Resolved,4.0
TKT-0006862,CUS-010742,2021-09-01 05:00:00,,Technical,Social,Low,AGT-134,Open,
TKT-0006863,CUS-011238,2020-11-16 01:00:00,2020-11-16 17:00:00,Delivery,Store,Low,AGT-288,Closed,4.0
TKT-0006864,CUS-007235,2026-04-16 07:00:00,2026-04-18 02:00:00,Payment,Chat,Low,AGT-043,Resolved,1.0
TKT-0006865,CUS-002433,2025-06-27 22:00:00,2025-07-02 17:00:00,Delivery,Store,Low,AGT-151,Resolved,
TKT-0006866,CUS-010777,2026-06-11 21:00:00,2026-06-12 20:00:00,Returns,Store,Medium,AGT-238,Resolved,
TKT-0006867,CUS-003745,2025-07-11 13:00:00,2025-07-13 21:00:00,Delivery,Phone,Low,AGT-346,Resolved,4.0
TKT-0006868,CUS-009843,2026-05-02 04:00:00,2026-05-02 19:00:00,Delivery,Social,Medium,AGT-318,Resolved,4.0
TKT-0006869,CUS-004150,2023-03-23 13:00:00,2023-03-26 11:00:00,Delivery,Store,Medium,AGT-350,Resolved,
TKT-0006870,CUS-011173,2021-03-25 12:00:00,2021-03-25 15:00:00,Account,Phone,High,AGT-029,Closed,5.0
TKT-0006871,CUS-006799,2026-01-07 12:00:00,2026-01-09 21:00:00,Promotion,Email,Medium,AGT-114,Resolved,
TKT-0006872,CUS-000801,2024-03-21 14:00:00,2024-03-23 13:00:00,Delivery,Phone,High,AGT-337,Resolved,
TKT-0006873,CUS-001052,2024-05-25 15:00:00,,Payment,Chat,Medium,AGT-271,Open,
TKT-0006874,CUS-001845,2025-09-11 21:00:00,2025-09-16 18:00:00,Payment,Social,Medium,AGT-044,Resolved,2.0
TKT-0006875,CUS-006462,2022-08-21 14:00:00,,Product Quality,Phone,Low,AGT-006,Open,
TKT-0006876,CUS-011885,2020-05-18 03:00:00,2020-05-21 20:00:00,Promotion,Email,Low,AGT-100,Resolved,
TKT-0006877,CUS-008395,2020-08-10 03:00:00,2020-08-12 02:00:00,Payment,Email,Medium,AGT-006,Resolved,5.0
TKT-0006878,CUS-009473,2024-05-10 13:00:00,2024-05-15 12:00:00,Product Quality,Store,Medium,AGT-129,Resolved,2.0
TKT-0006879,CUS-008487,2022-09-29 13:00:00,2022-09-29 18:00:00,Account,Phone,Medium,AGT-346,Resolved,5.0
TKT-0006880,CUS-005253,2026-05-25 11:00:00,2026-05-26 20:00:00,Promotion,Email,Low,AGT-035,Resolved,5.0
TKT-0006881,CUS-002361,2021-03-01 20:00:00,2021-03-05 03:00:00,Delivery,Email,Low,AGT-041,Closed,3.0
TKT-0006882,CUS-005519,2026-05-27 06:00:00,2026-05-28 21:00:00,Delivery,Store,Medium,AGT-181,Resolved,
TKT-0006883,CUS-010757,2022-09-16 18:00:00,,Delivery,Email,High,AGT-235,Open,
TKT-0006884,CUS-008984,2025-12-11 18:00:00,2025-12-14 14:00:00,Product Quality,Store,High,AGT-213,Closed,4.0
TKT-0006885,CUS-010467,2020-09-26 16:00:00,2020-09-29 22:00:00,Delivery,Social,Low,AGT-092,Resolved,
TKT-0006886,CUS-006944,2025-08-17 07:00:00,2025-08-17 22:00:00,Account,Chat,High,AGT-349,Resolved,4.0
TKT-0006887,CUS-001521,2022-04-04 20:00:00,2022-04-05 09:00:00,Returns,Email,High,AGT-108,Resolved,4.0
TKT-0006888,CUS-002413,2025-02-04 17:00:00,2025-02-05 14:00:00,Returns,Social,Low,AGT-312,Resolved,
TKT-0006889,CUS-005207,2024-10-10 09:00:00,2024-10-12 16:00:00,Returns,Chat,Low,AGT-094,Resolved,5.0
TKT-0006890,CUS-006625,2026-02-28 15:00:00,,Product Quality,Social,Medium,AGT-135,Open,
TKT-0006891,CUS-006784,2022-10-23 19:00:00,2022-10-28 15:00:00,Product Quality,Store,Medium,AGT-171,Resolved,5.0
TKT-0006892,CUS-003278,2025-03-27 06:00:00,2025-03-30 16:00:00,Product Quality,Store,High,AGT-283,Resolved,
TKT-0006893,CUS-001614,2020-09-27 13:00:00,2020-10-02 05:00:00,Delivery,Chat,Low,AGT-129,Closed,
TKT-0006894,CUS-008764,2026-02-10 16:00:00,2026-02-14 16:00:00,Product Quality,Email,Low,AGT-068,Resolved,3.0
TKT-0006895,CUS-007748,2026-06-12 13:00:00,2026-06-15 15:00:00,Payment,Chat,Medium,AGT-323,Resolved,3.0
TKT-0006896,CUS-001057,2025-01-21 09:00:00,2025-01-22 08:00:00,Product Quality,Email,Low,AGT-075,Resolved,
TKT-0006897,CUS-002146,2026-05-06 12:00:00,2026-05-07 12:00:00,Delivery,Email,Medium,AGT-248,Resolved,
TKT-0006898,CUS-004531,2022-09-29 15:00:00,2022-09-30 09:00:00,Account,Store,Medium,AGT-202,Resolved,2.0
TKT-0006899,CUS-006054,2020-08-13 01:00:00,2020-08-13 15:00:00,Payment,Social,Medium,AGT-210,Resolved,5.0
TKT-0006900,CUS-004659,2024-04-24 03:00:00,2024-04-27 02:00:00,Product Quality,Store,High,AGT-335,Resolved,5.0
TKT-0006901,CUS-008751,2022-03-03 08:00:00,2022-03-08 07:00:00,Delivery,Social,Low,AGT-201,Resolved,
TKT-0006902,CUS-006395,2020-02-26 07:00:00,2020-02-26 13:00:00,Delivery,Chat,Low,AGT-239,Resolved,
TKT-0006903,CUS-007982,2023-11-10 15:00:00,2023-11-15 01:00:00,Account,Chat,Critical,AGT-344,Closed,
TKT-0006904,CUS-008219,2025-10-18 21:00:00,2025-10-23 09:00:00,Returns,Phone,Low,AGT-020,Resolved,5.0
TKT-0006905,CUS-011649,2022-02-26 00:00:00,2022-02-26 10:00:00,Returns,Store,Medium,AGT-055,Closed,
TKT-0006906,CUS-001523,2025-02-02 15:00:00,2025-02-06 15:00:00,Account,Social,High,AGT-241,Closed,
TKT-0006907,CUS-000697,2022-06-28 16:00:00,2022-07-02 17:00:00,Delivery,Chat,Low,AGT-244,Resolved,
TKT-0006908,CUS-006703,2021-08-10 20:00:00,,Delivery,Email,Low,AGT-280,Open,
TKT-0006909,CUS-003557,2020-04-12 13:00:00,2020-04-13 09:00:00,Returns,Phone,Medium,AGT-326,Resolved,3.0
TKT-0006910,CUS-006313,2022-01-25 06:00:00,2022-01-29 12:00:00,Promotion,Chat,Medium,AGT-113,Resolved,2.0
TKT-0006911,CUS-011553,2022-12-17 00:00:00,2022-12-21 19:00:00,Promotion,Chat,Medium,AGT-306,Resolved,4.0
TKT-0006912,CUS-005070,2022-05-22 08:00:00,2022-05-26 00:00:00,Payment,Phone,Low,AGT-176,Resolved,
TKT-0006913,CUS-002529,2020-03-25 18:00:00,2020-03-29 12:00:00,Returns,Phone,Low,AGT-034,Resolved,5.0
TKT-0006914,CUS-001156,2021-07-12 01:00:00,,Product Quality,Social,Low,AGT-121,Open,
TKT-0006915,CUS-001204,2025-09-26 02:00:00,2025-09-28 14:00:00,Delivery,Store,Low,AGT-022,Resolved,5.0
TKT-0006916,CUS-008310,2024-09-24 22:00:00,2024-09-27 07:00:00,Delivery,Phone,Medium,AGT-081,Resolved,5.0
TKT-0006917,CUS-008655,2022-11-23 07:00:00,2022-11-27 18:00:00,Delivery,Social,Medium,AGT-233,Resolved,
TKT-0006918,CUS-003143,2026-02-28 01:00:00,2026-03-01 00:00:00,Delivery,Store,Low,AGT-061,Closed,
TKT-0006919,CUS-009320,2021-02-26 23:00:00,2021-02-27 13:00:00,Promotion,Email,Medium,AGT-142,Resolved,
TKT-0006920,CUS-011466,2021-09-27 22:00:00,,Account,Store,Medium,AGT-086,Open,
TKT-0006921,CUS-002811,2025-08-30 11:00:00,2025-09-03 15:00:00,Returns,Store,Low,AGT-113,Resolved,1.0
TKT-0006922,CUS-005358,2021-06-03 16:00:00,2021-06-08 14:00:00,Returns,Chat,Low,AGT-277,Closed,4.0
TKT-0006923,CUS-002922,2020-03-23 17:00:00,2020-03-27 19:00:00,Payment,Email,Medium,AGT-220,Resolved,4.0
TKT-0006924,CUS-011761,2026-06-13 08:00:00,,Payment,Store,Low,AGT-333,Open,
TKT-0006925,CUS-008704,2025-01-30 14:00:00,2025-02-01 21:00:00,Returns,Email,Low,AGT-254,Resolved,5.0
TKT-0006926,CUS-006301,2026-07-28 07:00:00,2026-07-30 11:00:00,Delivery,Store,Low,AGT-081,Resolved,
TKT-0006927,CUS-010557,2022-02-22 00:00:00,2022-02-23 00:00:00,Product Quality,Chat,Low,AGT-287,Resolved,4.0
TKT-0006928,CUS-011523,2024-06-29 14:00:00,2024-06-30 05:00:00,Product Quality,Store,Low,AGT-109,Resolved,2.0
TKT-0006929,CUS-001202,2023-12-03 19:00:00,2023-12-06 09:00:00,Technical,Social,High,AGT-062,Resolved,4.0
TKT-0006930,CUS-000258,2025-01-19 19:00:00,2025-01-21 03:00:00,Product Quality,Phone,Medium,AGT-077,Closed,
TKT-0006931,CUS-002118,2024-07-17 02:00:00,2024-07-21 03:00:00,Product Quality,Chat,Medium,AGT-279,Closed,5.0
TKT-0006932,CUS-005333,2025-11-28 22:00:00,2025-11-29 01:00:00,Delivery,Store,Low,AGT-227,Resolved,5.0
TKT-0006933,CUS-010655,2022-09-18 04:00:00,2022-09-21 17:00:00,Technical,Email,High,AGT-085,Resolved,
TKT-0006934,CUS-005808,2026-05-28 08:00:00,2026-05-29 00:00:00,Delivery,Email,Medium,AGT-290,Resolved,3.0
TKT-0006935,CUS-000950,2020-02-11 01:00:00,2020-02-15 17:00:00,Returns,Phone,Medium,AGT-082,Resolved,5.0
TKT-0006936,CUS-011784,2025-06-18 07:00:00,2025-06-19 02:00:00,Product Quality,Email,Low,AGT-053,Resolved,
TKT-0006937,CUS-011462,2023-08-06 22:00:00,2023-08-11 07:00:00,Account,Chat,High,AGT-148,Resolved,
TKT-0006938,CUS-002737,2021-04-16 19:00:00,2021-04-21 14:00:00,Delivery,Phone,Medium,AGT-252,Resolved,
TKT-0006939,CUS-009514,2024-07-09 05:00:00,2024-07-10 08:00:00,Returns,Email,Low,AGT-248,Resolved,5.0
TKT-0006940,CUS-009193,2020-04-01 02:00:00,2020-04-01 23:00:00,Payment,Email,High,AGT-287,Resolved,5.0
TKT-0006941,CUS-009443,2024-07-16 00:00:00,2024-07-16 18:00:00,Promotion,Chat,Medium,AGT-015,Resolved,4.0
TKT-0006942,CUS-001924,2025-09-20 23:00:00,,Payment,Phone,Low,AGT-117,Open,
TKT-0006943,CUS-000910,2024-10-16 09:00:00,2024-10-20 09:00:00,Returns,Store,Medium,AGT-082,Resolved,5.0
TKT-0006944,CUS-005649,2025-07-04 05:00:00,,Product Quality,Phone,Low,AGT-080,Open,
TKT-0006945,CUS-009819,2020-05-16 09:00:00,,Account,Email,Medium,AGT-334,Open,
TKT-0006946,CUS-001688,2025-06-06 00:00:00,,Delivery,Email,Medium,AGT-337,Open,
TKT-0006947,CUS-005751,2024-08-19 11:00:00,2024-08-23 18:00:00,Product Quality,Store,Low,AGT-181,Resolved,5.0
TKT-0006948,CUS-000904,2021-10-06 20:00:00,2021-10-10 03:00:00,Delivery,Store,Medium,AGT-116,Resolved,4.0
TKT-0006949,CUS-007220,2025-07-25 01:00:00,2025-07-25 21:00:00,Delivery,Chat,Low,AGT-331,Resolved,5.0
TKT-0006950,CUS-009841,2022-03-24 20:00:00,2022-03-29 18:00:00,Promotion,Email,Low,AGT-049,Resolved,
TKT-0006951,CUS-003352,2020-08-14 10:00:00,2020-08-16 23:00:00,Product Quality,Phone,Low,AGT-305,Resolved,4.0
TKT-0006952,CUS-007790,2022-11-20 06:00:00,2022-11-24 04:00:00,Delivery,Phone,Medium,AGT-193,Resolved,3.0
TKT-0006953,CUS-009122,2024-07-28 17:00:00,2024-08-01 06:00:00,Product Quality,Phone,Low,AGT-092,Resolved,4.0
TKT-0006954,CUS-003341,2020-02-12 23:00:00,2020-02-17 12:00:00,Product Quality,Store,Medium,AGT-242,Resolved,
TKT-0006955,CUS-005408,2025-01-13 16:00:00,2025-01-14 11:00:00,Delivery,Phone,Medium,AGT-010,Resolved,4.0
TKT-0006956,CUS-001361,2022-12-08 19:00:00,2022-12-12 23:00:00,Payment,Phone,Low,AGT-208,Resolved,5.0
TKT-0006957,CUS-006893,2024-12-19 17:00:00,2024-12-20 09:00:00,Product Quality,Chat,Low,AGT-040,Resolved,4.0
TKT-0006958,CUS-009733,2024-01-01 03:00:00,2024-01-03 01:00:00,Delivery,Email,Medium,AGT-134,Resolved,
TKT-0006959,CUS-004341,2025-06-01 04:00:00,2025-06-03 00:00:00,Delivery,Phone,Low,AGT-004,Closed,3.0
TKT-0006960,CUS-007930,2024-08-25 08:00:00,,Returns,Chat,Medium,AGT-138,Open,
TKT-0006961,CUS-011282,2023-06-13 04:00:00,2023-06-16 17:00:00,Product Quality,Chat,High,AGT-287,Resolved,3.0
TKT-0006962,CUS-011371,2025-05-15 19:00:00,,Delivery,Social,Medium,AGT-197,Open,
TKT-0006963,CUS-011642,2020-12-10 06:00:00,2020-12-11 13:00:00,Delivery,Chat,Medium,AGT-177,Resolved,
TKT-0006964,CUS-010817,2023-10-19 22:00:00,2023-10-20 11:00:00,Delivery,Chat,Medium,AGT-329,Resolved,4.0
TKT-0006965,CUS-006883,2024-12-23 10:00:00,2024-12-23 17:00:00,Technical,Phone,High,AGT-294,Resolved,4.0
TKT-0006966,CUS-000205,2024-05-02 03:00:00,2024-05-03 08:00:00,Returns,Chat,Low,AGT-288,Resolved,4.0
TKT-0006967,CUS-008078,2020-03-28 20:00:00,2020-04-02 07:00:00,Product Quality,Email,Low,AGT-048,Resolved,
TKT-0006968,CUS-000393,2021-01-30 01:00:00,2021-02-02 15:00:00,Delivery,Social,Low,AGT-275,Resolved,4.0
TKT-0006969,CUS-004507,2026-03-14 11:00:00,2026-03-17 12:00:00,Payment,Email,Medium,AGT-154,Resolved,5.0
TKT-0006970,CUS-010090,2025-08-10 14:00:00,2025-08-12 17:00:00,Delivery,Social,Medium,AGT-007,Resolved,
TKT-0006971,CUS-006373,2025-06-13 09:00:00,2025-06-18 03:00:00,Delivery,Store,Medium,AGT-035,Closed,5.0
TKT-0006972,CUS-001796,2021-09-29 13:00:00,2021-09-29 18:00:00,Promotion,Chat,Medium,AGT-018,Resolved,5.0
TKT-0006973,CUS-003357,2022-06-10 03:00:00,2022-06-12 17:00:00,Delivery,Phone,High,AGT-001,Resolved,
TKT-0006974,CUS-001874,2026-04-12 06:00:00,2026-04-16 08:00:00,Account,Phone,Medium,AGT-298,Closed,5.0
TKT-0006975,CUS-009984,2026-05-14 01:00:00,2026-05-17 09:00:00,Returns,Store,Low,AGT-316,Resolved,4.0
TKT-0006976,CUS-000175,2021-03-17 13:00:00,2021-03-21 07:00:00,Delivery,Email,Medium,AGT-192,Closed,3.0
TKT-0006977,CUS-007228,2022-11-13 06:00:00,2022-11-13 21:00:00,Delivery,Social,Medium,AGT-277,Resolved,
TKT-0006978,CUS-002173,2020-08-22 18:00:00,2020-08-25 19:00:00,Delivery,Phone,Medium,AGT-279,Resolved,
TKT-0006979,CUS-005485,2020-12-04 12:00:00,2020-12-08 14:00:00,Account,Store,High,AGT-079,Resolved,
TKT-0006980,CUS-004548,2024-08-18 16:00:00,2024-08-20 09:00:00,Technical,Store,Medium,AGT-138,Resolved,1.0
TKT-0006981,CUS-011105,2026-08-14 02:00:00,2026-08-15 09:00:00,Delivery,Chat,Low,AGT-034,Resolved,
TKT-0006982,CUS-001273,2024-04-23 01:00:00,2024-04-25 06:00:00,Delivery,Phone,Low,AGT-138,Resolved,
TKT-0006983,CUS-008455,2020-03-30 13:00:00,2020-04-03 18:00:00,Account,Social,Low,AGT-032,Resolved,
TKT-0006984,CUS-003979,2021-02-11 11:00:00,2021-02-12 16:00:00,Delivery,Email,High,AGT-014,Closed,5.0
TKT-0006985,CUS-002244,2025-03-16 07:00:00,,Payment,Store,Low,AGT-167,Open,
TKT-0006986,CUS-011539,2024-03-26 09:00:00,2024-03-28 06:00:00,Technical,Store,Medium,AGT-213,Resolved,5.0
TKT-0006987,CUS-011221,2025-12-08 16:00:00,2025-12-10 11:00:00,Product Quality,Email,Medium,AGT-314,Resolved,4.0
TKT-0006988,CUS-007395,2025-06-02 15:00:00,2025-06-04 07:00:00,Technical,Social,Low,AGT-178,Resolved,
TKT-0006989,CUS-000593,2024-03-02 08:00:00,2024-03-03 07:00:00,Product Quality,Phone,Low,AGT-244,Resolved,5.0
TKT-0006990,CUS-010531,2023-06-13 09:00:00,2023-06-14 04:00:00,Delivery,Email,Medium,AGT-072,Resolved,
TKT-0006991,CUS-007649,2024-09-20 22:00:00,2024-09-21 05:00:00,Returns,Chat,Medium,AGT-168,Resolved,
TKT-0006992,CUS-007184,2022-12-14 21:00:00,2022-12-18 10:00:00,Returns,Email,Medium,AGT-074,Resolved,1.0
TKT-0006993,CUS-007428,2024-10-14 18:00:00,2024-10-16 15:00:00,Payment,Email,Medium,AGT-016,Resolved,2.0
TKT-0006994,CUS-000936,2020-10-10 06:00:00,2020-10-10 19:00:00,Product Quality,Chat,High,AGT-031,Resolved,2.0
TKT-0006995,CUS-004061,2021-01-29 22:00:00,2021-02-03 07:00:00,Payment,Store,Medium,AGT-052,Closed,
TKT-0006996,CUS-011292,2024-01-30 14:00:00,2024-01-31 11:00:00,Promotion,Email,Low,AGT-091,Resolved,3.0
TKT-0006997,CUS-000305,2022-06-13 09:00:00,,Promotion,Social,Low,AGT-064,Open,
TKT-0006998,CUS-008540,2022-07-23 23:00:00,2022-07-25 13:00:00,Delivery,Email,Low,AGT-104,Closed,
TKT-0006999,CUS-009962,2021-09-02 11:00:00,2021-09-03 10:00:00,Delivery,Chat,Low,AGT-235,Resolved,
TKT-0007000,CUS-000126,2020-06-26 06:00:00,2020-06-30 20:00:00,Returns,Chat,Low,AGT-312,Resolved,
TKT-0007001,CUS-002489,2020-03-10 19:00:00,2020-03-15 04:00:00,Returns,Store,High,AGT-086,Resolved,
TKT-0007002,CUS-005924,2024-07-01 11:00:00,2024-07-02 19:00:00,Promotion,Chat,Low,AGT-299,Resolved,
TKT-0007003,CUS-008476,2026-07-08 22:00:00,2026-07-10 01:00:00,Product Quality,Email,Low,AGT-217,Closed,4.0
TKT-0007004,CUS-009180,2025-05-29 04:00:00,2025-06-01 18:00:00,Delivery,Chat,Medium,AGT-334,Resolved,4.0
TKT-0007005,CUS-008867,2020-01-21 19:00:00,2020-01-25 22:00:00,Delivery,Store,Medium,AGT-140,Resolved,5.0
TKT-0007006,CUS-010419,2024-12-30 16:00:00,2025-01-03 09:00:00,Delivery,Social,Low,AGT-312,Resolved,5.0
TKT-0007007,CUS-003544,2022-03-02 23:00:00,2022-03-03 10:00:00,Product Quality,Chat,Medium,AGT-215,Resolved,1.0
TKT-0007008,CUS-000953,2026-02-14 17:00:00,2026-02-18 13:00:00,Delivery,Chat,Medium,AGT-317,Resolved,5.0
TKT-0007009,CUS-003163,2020-12-14 21:00:00,2020-12-19 16:00:00,Returns,Chat,Low,AGT-077,Resolved,5.0
TKT-0007010,CUS-005518,2020-01-27 22:00:00,2020-01-28 06:00:00,Returns,Phone,High,AGT-338,Resolved,
TKT-0007011,CUS-004674,2022-07-11 09:00:00,2022-07-12 10:00:00,Product Quality,Social,Medium,AGT-062,Closed,4.0
TKT-0007012,CUS-007241,2025-05-19 19:00:00,2025-05-22 03:00:00,Technical,Social,High,AGT-044,Resolved,3.0
TKT-0007013,CUS-009409,2021-04-18 02:00:00,,Returns,Email,High,AGT-044,Open,
TKT-0007014,CUS-000271,2026-02-12 08:00:00,2026-02-15 18:00:00,Technical,Email,Medium,AGT-175,Closed,3.0
TKT-0007015,CUS-010991,2024-06-30 12:00:00,2024-07-05 07:00:00,Returns,Email,Low,AGT-328,Resolved,5.0
TKT-0007016,CUS-007322,2023-12-08 05:00:00,2023-12-08 08:00:00,Delivery,Chat,Medium,AGT-319,Closed,
TKT-0007017,CUS-005536,2022-02-15 01:00:00,2022-02-17 17:00:00,Product Quality,Social,Low,AGT-285,Resolved,5.0
TKT-0007018,CUS-005958,2022-05-23 02:00:00,2022-05-24 04:00:00,Technical,Chat,High,AGT-190,Resolved,
TKT-0007019,CUS-003018,2021-09-12 19:00:00,2021-09-13 01:00:00,Product Quality,Email,Medium,AGT-229,Resolved,
TKT-0007020,CUS-010109,2022-02-28 16:00:00,2022-03-01 10:00:00,Promotion,Email,Low,AGT-298,Resolved,4.0
TKT-0007021,CUS-001109,2026-05-02 06:00:00,2026-05-03 08:00:00,Delivery,Store,Medium,AGT-175,Closed,5.0
TKT-0007022,CUS-000999,2021-05-14 23:00:00,2021-05-16 03:00:00,Delivery,Phone,Medium,AGT-280,Resolved,
TKT-0007023,CUS-005718,2020-06-08 20:00:00,2020-06-12 02:00:00,Delivery,Email,High,AGT-186,Resolved,4.0
TKT-0007024,CUS-010592,2022-12-30 10:00:00,2022-12-30 19:00:00,Delivery,Social,Medium,AGT-162,Resolved,5.0
TKT-0007025,CUS-004189,2023-06-17 15:00:00,2023-06-21 22:00:00,Technical,Email,Low,AGT-041,Resolved,
TKT-0007026,CUS-007700,2020-10-02 14:00:00,2020-10-04 15:00:00,Returns,Social,Medium,AGT-101,Resolved,2.0
TKT-0007027,CUS-008928,2024-10-21 21:00:00,2024-10-25 17:00:00,Delivery,Social,Low,AGT-130,Resolved,3.0
TKT-0007028,CUS-006232,2022-04-28 04:00:00,2022-04-29 19:00:00,Account,Phone,Low,AGT-114,Resolved,1.0
TKT-0007029,CUS-010055,2021-01-25 13:00:00,2021-01-26 12:00:00,Payment,Store,Medium,AGT-046,Resolved,3.0
TKT-0007030,CUS-006691,2022-05-29 11:00:00,2022-06-02 15:00:00,Returns,Phone,Medium,AGT-207,Resolved,
TKT-0007031,CUS-000671,2021-08-26 10:00:00,2021-08-27 18:00:00,Product Quality,Chat,Medium,AGT-059,Resolved,
TKT-0007032,CUS-005376,2022-01-02 18:00:00,2022-01-07 02:00:00,Delivery,Phone,Low,AGT-041,Resolved,4.0
TKT-0007033,CUS-011237,2024-05-17 02:00:00,2024-05-20 21:00:00,Product Quality,Phone,Medium,AGT-336,Resolved,3.0
TKT-0007034,CUS-003766,2025-09-14 20:00:00,2025-09-16 00:00:00,Payment,Email,Low,AGT-005,Resolved,
TKT-0007035,CUS-004797,2025-12-30 23:00:00,2026-01-01 05:00:00,Technical,Chat,Medium,AGT-109,Closed,4.0
TKT-0007036,CUS-006155,2025-12-19 14:00:00,2025-12-21 06:00:00,Account,Store,Medium,AGT-267,Resolved,5.0
TKT-0007037,CUS-004413,2026-05-05 17:00:00,2026-05-06 04:00:00,Delivery,Phone,Critical,AGT-013,Resolved,4.0
TKT-0007038,CUS-003553,2021-01-17 08:00:00,2021-01-18 20:00:00,Product Quality,Email,Medium,AGT-159,Resolved,3.0
TKT-0007039,CUS-008052,2022-01-19 05:00:00,2022-01-22 13:00:00,Promotion,Store,Low,AGT-082,Closed,5.0
TKT-0007040,CUS-003731,2021-11-24 09:00:00,2021-11-28 14:00:00,Delivery,Social,Medium,AGT-183,Resolved,
TKT-0007041,CUS-006729,2023-01-19 13:00:00,2023-01-21 10:00:00,Payment,Phone,Medium,AGT-146,Resolved,5.0
TKT-0007042,CUS-006001,2026-05-16 18:00:00,2026-05-17 07:00:00,Account,Phone,Low,AGT-237,Resolved,
TKT-0007043,CUS-005661,2020-10-26 20:00:00,2020-10-26 23:00:00,Returns,Store,Medium,AGT-043,Resolved,4.0
TKT-0007044,CUS-010204,2023-04-11 10:00:00,2023-04-15 01:00:00,Delivery,Social,Low,AGT-064,Resolved,2.0
TKT-0007045,CUS-007036,2025-06-03 02:00:00,2025-06-05 00:00:00,Payment,Social,Low,AGT-210,Resolved,1.0
TKT-0007046,CUS-005994,2020-07-19 08:00:00,2020-07-22 10:00:00,Delivery,Email,Low,AGT-260,Resolved,4.0
TKT-0007047,CUS-005035,2021-12-24 14:00:00,2021-12-26 17:00:00,Account,Social,Low,AGT-242,Resolved,4.0
TKT-0007048,CUS-007131,2020-02-12 20:00:00,,Promotion,Chat,Low,AGT-083,Open,
TKT-0007049,CUS-011410,2022-01-08 16:00:00,2022-01-10 21:00:00,Promotion,Social,Low,AGT-162,Closed,
TKT-0007050,CUS-008664,2023-06-30 09:00:00,2023-07-05 01:00:00,Payment,Chat,High,AGT-339,Resolved,
TKT-0007051,CUS-011411,2026-05-07 20:00:00,2026-05-12 00:00:00,Product Quality,Store,High,AGT-248,Resolved,
TKT-0007052,CUS-008227,2025-11-18 09:00:00,,Product Quality,Email,Low,AGT-009,Open,
TKT-0007053,CUS-007569,2020-01-08 01:00:00,2020-01-12 22:00:00,Returns,Store,Medium,AGT-193,Resolved,5.0
TKT-0007054,CUS-006453,2022-07-11 23:00:00,,Returns,Store,Low,AGT-148,Open,
TKT-0007055,CUS-008744,2025-10-12 10:00:00,2025-10-15 23:00:00,Payment,Email,Critical,AGT-173,Closed,4.0
TKT-0007056,CUS-009246,2024-02-05 06:00:00,2024-02-08 16:00:00,Returns,Phone,Low,AGT-089,Resolved,2.0
TKT-0007057,CUS-001040,2023-12-15 07:00:00,2023-12-17 05:00:00,Returns,Store,Low,AGT-093,Resolved,
TKT-0007058,CUS-004370,2023-03-16 11:00:00,2023-03-17 19:00:00,Delivery,Phone,Medium,AGT-159,Resolved,
TKT-0007059,CUS-000515,2021-08-24 20:00:00,,Delivery,Email,Medium,AGT-287,Open,
TKT-0007060,CUS-007897,2023-03-29 01:00:00,2023-04-02 12:00:00,Delivery,Social,Medium,AGT-172,Resolved,
TKT-0007061,CUS-004231,2024-07-10 13:00:00,2024-07-14 23:00:00,Delivery,Email,Low,AGT-309,Resolved,
TKT-0007062,CUS-006284,2024-04-25 18:00:00,2024-04-28 09:00:00,Payment,Phone,High,AGT-206,Resolved,5.0
TKT-0007063,CUS-006243,2020-11-08 15:00:00,2020-11-13 08:00:00,Returns,Chat,Medium,AGT-019,Resolved,4.0
TKT-0007064,CUS-011714,2025-08-22 22:00:00,2025-08-26 06:00:00,Delivery,Chat,High,AGT-095,Closed,5.0
TKT-0007065,CUS-001478,2026-01-16 04:00:00,2026-01-17 08:00:00,Account,Chat,Medium,AGT-271,Resolved,
TKT-0007066,CUS-009794,2025-12-26 19:00:00,,Delivery,Email,Medium,AGT-090,Open,
TKT-0007067,CUS-000705,2021-07-10 16:00:00,2021-07-14 05:00:00,Product Quality,Email,Low,AGT-019,Closed,5.0
TKT-0007068,CUS-009885,2024-08-03 15:00:00,2024-08-07 15:00:00,Delivery,Store,Medium,AGT-340,Resolved,
TKT-0007069,CUS-011685,2022-09-21 12:00:00,2022-09-23 02:00:00,Account,Email,Medium,AGT-001,Resolved,4.0
TKT-0007070,CUS-008425,2021-07-13 02:00:00,2021-07-13 17:00:00,Promotion,Email,Medium,AGT-162,Resolved,3.0
TKT-0007071,CUS-003858,2023-04-28 06:00:00,,Product Quality,Store,Medium,AGT-306,Open,
TKT-0007072,CUS-009490,2021-12-22 01:00:00,2021-12-25 09:00:00,Delivery,Chat,Low,AGT-170,Resolved,2.0
TKT-0007073,CUS-003735,2026-06-11 14:00:00,2026-06-12 18:00:00,Returns,Store,Medium,AGT-287,Closed,
TKT-0007074,CUS-005101,2022-03-30 20:00:00,2022-04-02 07:00:00,Payment,Email,Medium,AGT-129,Resolved,
TKT-0007075,CUS-008097,2023-01-11 01:00:00,2023-01-13 09:00:00,Delivery,Email,Low,AGT-321,Resolved,5.0
TKT-0007076,CUS-005515,2024-05-13 07:00:00,2024-05-15 04:00:00,Delivery,Chat,Medium,AGT-295,Resolved,5.0
TKT-0007077,CUS-007342,2022-03-24 15:00:00,2022-03-28 08:00:00,Product Quality,Store,Low,AGT-322,Resolved,
TKT-0007078,CUS-001169,2021-12-23 02:00:00,2021-12-24 07:00:00,Returns,Chat,Medium,AGT-286,Resolved,4.0
TKT-0007079,CUS-011406,2021-12-02 16:00:00,2021-12-02 23:00:00,Payment,Email,Medium,AGT-274,Resolved,
TKT-0007080,CUS-006182,2021-05-25 23:00:00,2021-05-27 04:00:00,Returns,Store,Medium,AGT-161,Resolved,3.0
TKT-0007081,CUS-002727,2026-02-14 18:00:00,2026-02-18 09:00:00,Payment,Social,Medium,AGT-203,Resolved,4.0
TKT-0007082,CUS-004224,2024-03-25 01:00:00,2024-03-29 13:00:00,Product Quality,Phone,Low,AGT-241,Resolved,
TKT-0007083,CUS-005022,2021-11-24 08:00:00,2021-11-28 02:00:00,Delivery,Store,Medium,AGT-166,Resolved,4.0
TKT-0007084,CUS-003504,2021-02-28 02:00:00,2021-03-03 11:00:00,Delivery,Email,Low,AGT-116,Closed,
TKT-0007085,CUS-010952,2023-12-04 14:00:00,,Delivery,Chat,Medium,AGT-199,Open,
TKT-0007086,CUS-002892,2023-07-25 20:00:00,2023-07-27 11:00:00,Returns,Social,Medium,AGT-152,Resolved,4.0
TKT-0007087,CUS-009986,2022-12-12 12:00:00,2022-12-12 20:00:00,Delivery,Social,Medium,AGT-162,Resolved,4.0
TKT-0007088,CUS-009431,2023-11-22 18:00:00,2023-11-25 00:00:00,Returns,Social,Low,AGT-334,Resolved,
TKT-0007089,CUS-002388,2021-01-25 06:00:00,2021-01-28 08:00:00,Delivery,Social,Medium,AGT-035,Resolved,3.0
TKT-0007090,CUS-007055,2025-11-09 05:00:00,2025-11-13 00:00:00,Technical,Store,Medium,AGT-035,Resolved,4.0
TKT-0007091,CUS-006184,2024-11-30 06:00:00,2024-12-01 03:00:00,Returns,Chat,Medium,AGT-166,Resolved,5.0
TKT-0007092,CUS-008179,2025-10-01 20:00:00,2025-10-06 01:00:00,Delivery,Social,Medium,AGT-017,Resolved,
TKT-0007093,CUS-008272,2023-01-02 12:00:00,2023-01-04 22:00:00,Product Quality,Social,Medium,AGT-147,Resolved,4.0
TKT-0007094,CUS-002167,2021-01-30 13:00:00,2021-02-01 19:00:00,Promotion,Email,High,AGT-087,Resolved,
TKT-0007095,CUS-007069,2021-09-28 08:00:00,2021-09-29 13:00:00,Delivery,Chat,Low,AGT-198,Resolved,
TKT-0007096,CUS-001304,2024-11-16 20:00:00,2024-11-17 13:00:00,Promotion,Chat,High,AGT-039,Resolved,5.0
TKT-0007097,CUS-002598,2022-01-18 05:00:00,2022-01-20 03:00:00,Delivery,Social,Low,AGT-194,Resolved,
TKT-0007098,CUS-006163,2023-04-24 01:00:00,,Promotion,Phone,Critical,AGT-297,Open,
TKT-0007099,CUS-001202,2025-08-04 15:00:00,2025-08-08 17:00:00,Returns,Chat,Low,AGT-348,Resolved,
TKT-0007100,CUS-006127,2022-06-13 02:00:00,2022-06-15 17:00:00,Account,Store,Low,AGT-349,Resolved,
TKT-0007101,CUS-000938,2021-05-06 07:00:00,2021-05-10 13:00:00,Payment,Email,Medium,AGT-057,Closed,
TKT-0007102,CUS-004694,2024-11-25 08:00:00,2024-11-29 13:00:00,Payment,Phone,Critical,AGT-284,Resolved,
TKT-0007103,CUS-010530,2026-02-13 10:00:00,2026-02-17 04:00:00,Technical,Email,Medium,AGT-298,Resolved,5.0
TKT-0007104,CUS-009657,2024-05-19 07:00:00,2024-05-22 06:00:00,Delivery,Email,Low,AGT-282,Resolved,4.0
TKT-0007105,CUS-001053,2021-10-02 21:00:00,2021-10-05 13:00:00,Product Quality,Email,Low,AGT-337,Resolved,4.0
TKT-0007106,CUS-005085,2023-12-12 19:00:00,2023-12-15 15:00:00,Returns,Phone,Low,AGT-183,Resolved,4.0
TKT-0007107,CUS-004505,2021-06-22 11:00:00,2021-06-26 09:00:00,Technical,Chat,Medium,AGT-107,Resolved,
TKT-0007108,CUS-002877,2022-04-29 18:00:00,2022-05-02 10:00:00,Delivery,Email,Medium,AGT-024,Resolved,4.0
TKT-0007109,CUS-004502,2021-05-02 12:00:00,2021-05-06 09:00:00,Payment,Store,Medium,AGT-330,Closed,
TKT-0007110,CUS-004544,2024-03-28 15:00:00,2024-03-30 18:00:00,Delivery,Store,Medium,AGT-198,Resolved,1.0
TKT-0007111,CUS-009869,2020-06-09 02:00:00,2020-06-10 20:00:00,Product Quality,Phone,Medium,AGT-318,Resolved,4.0
TKT-0007112,CUS-001809,2025-09-11 09:00:00,2025-09-13 08:00:00,Promotion,Store,Critical,AGT-114,Resolved,4.0
TKT-0007113,CUS-000464,2026-04-28 01:00:00,2026-05-02 11:00:00,Account,Social,Low,AGT-333,Resolved,5.0
TKT-0007114,CUS-000740,2023-08-12 17:00:00,2023-08-17 00:00:00,Account,Email,High,AGT-040,Resolved,5.0
TKT-0007115,CUS-011986,2023-12-10 21:00:00,2023-12-14 22:00:00,Returns,Email,Medium,AGT-072,Resolved,5.0
TKT-0007116,CUS-011369,2021-11-22 17:00:00,2021-11-22 20:00:00,Returns,Phone,Low,AGT-108,Resolved,4.0
TKT-0007117,CUS-006801,2023-10-15 14:00:00,2023-10-20 04:00:00,Product Quality,Email,Low,AGT-103,Resolved,
TKT-0007118,CUS-003169,2020-08-19 09:00:00,2020-08-23 12:00:00,Product Quality,Email,Low,AGT-230,Resolved,3.0
TKT-0007119,CUS-003035,2022-02-23 16:00:00,2022-02-24 08:00:00,Account,Phone,Low,AGT-073,Resolved,
TKT-0007120,CUS-002366,2023-07-09 12:00:00,2023-07-12 21:00:00,Delivery,Chat,High,AGT-344,Resolved,4.0
TKT-0007121,CUS-007864,2025-12-14 01:00:00,2025-12-15 22:00:00,Payment,Chat,Medium,AGT-304,Resolved,4.0
TKT-0007122,CUS-010516,2026-08-08 17:00:00,2026-08-09 08:00:00,Delivery,Email,Medium,AGT-330,Resolved,
TKT-0007123,CUS-010700,2021-08-01 14:00:00,2021-08-02 01:00:00,Technical,Chat,Low,AGT-128,Closed,5.0
TKT-0007124,CUS-002117,2025-03-15 22:00:00,2025-03-19 11:00:00,Delivery,Chat,High,AGT-165,Closed,
TKT-0007125,CUS-005494,2022-03-09 15:00:00,,Payment,Store,High,AGT-337,Open,
TKT-0007126,CUS-009721,2020-09-05 02:00:00,2020-09-09 17:00:00,Returns,Chat,Low,AGT-084,Closed,
TKT-0007127,CUS-008057,2021-07-08 04:00:00,2021-07-11 07:00:00,Delivery,Chat,High,AGT-044,Closed,3.0
TKT-0007128,CUS-008517,2024-06-27 15:00:00,2024-06-28 15:00:00,Delivery,Chat,Low,AGT-105,Resolved,
TKT-0007129,CUS-002616,2025-06-11 08:00:00,2025-06-13 11:00:00,Returns,Store,Low,AGT-311,Resolved,5.0
TKT-0007130,CUS-003804,2021-01-08 01:00:00,2021-01-08 12:00:00,Returns,Social,Medium,AGT-255,Resolved,1.0
TKT-0007131,CUS-001023,2020-09-19 21:00:00,2020-09-19 23:00:00,Product Quality,Phone,High,AGT-342,Resolved,3.0
TKT-0007132,CUS-002884,2023-06-12 13:00:00,2023-06-16 15:00:00,Returns,Email,Low,AGT-146,Resolved,3.0
TKT-0007133,CUS-008798,2023-12-03 16:00:00,2023-12-05 21:00:00,Technical,Social,Medium,AGT-322,Closed,
TKT-0007134,CUS-009277,2026-05-25 19:00:00,2026-05-26 19:00:00,Technical,Phone,Medium,AGT-264,Closed,5.0
TKT-0007135,CUS-010066,2022-02-14 20:00:00,,Account,Email,Low,AGT-185,Open,
TKT-0007136,CUS-005120,2025-10-13 19:00:00,2025-10-18 04:00:00,Delivery,Social,Medium,AGT-164,Resolved,5.0
TKT-0007137,CUS-010760,2020-06-24 22:00:00,2020-06-25 13:00:00,Returns,Social,Medium,AGT-287,Resolved,5.0
TKT-0007138,CUS-011021,2021-10-07 10:00:00,2021-10-09 22:00:00,Returns,Store,Medium,AGT-271,Resolved,
TKT-0007139,CUS-009224,2020-07-24 06:00:00,2020-07-24 18:00:00,Product Quality,Phone,Low,AGT-103,Resolved,
TKT-0007140,CUS-001922,2020-12-28 06:00:00,2021-01-02 05:00:00,Account,Email,Medium,AGT-026,Resolved,
TKT-0007141,CUS-002314,2026-04-20 22:00:00,2026-04-25 15:00:00,Promotion,Chat,High,AGT-321,Resolved,5.0
TKT-0007142,CUS-006177,2024-10-08 16:00:00,2024-10-13 00:00:00,Returns,Store,High,AGT-340,Resolved,4.0
TKT-0007143,CUS-008935,2022-02-27 19:00:00,2022-03-01 13:00:00,Product Quality,Chat,High,AGT-085,Resolved,2.0
TKT-0007144,CUS-001464,2026-01-27 10:00:00,2026-01-31 19:00:00,Payment,Phone,Medium,AGT-143,Resolved,5.0
TKT-0007145,CUS-000464,2022-06-26 21:00:00,2022-07-01 14:00:00,Returns,Chat,Medium,AGT-189,Closed,4.0
TKT-0007146,CUS-004780,2025-01-20 09:00:00,2025-01-22 19:00:00,Account,Social,Medium,AGT-324,Resolved,3.0
TKT-0007147,CUS-010295,2026-01-28 06:00:00,2026-01-30 18:00:00,Product Quality,Social,High,AGT-108,Resolved,5.0
TKT-0007148,CUS-011129,2022-01-20 16:00:00,2022-01-23 08:00:00,Product Quality,Social,Medium,AGT-128,Resolved,
TKT-0007149,CUS-010867,2020-11-28 23:00:00,2020-11-29 21:00:00,Account,Store,Medium,AGT-125,Resolved,
TKT-0007150,CUS-002502,2020-08-01 08:00:00,2020-08-03 15:00:00,Technical,Phone,Low,AGT-215,Resolved,5.0
TKT-0007151,CUS-005965,2021-04-06 11:00:00,2021-04-10 03:00:00,Account,Social,Low,AGT-146,Closed,
TKT-0007152,CUS-004741,2020-07-18 12:00:00,2020-07-19 05:00:00,Payment,Chat,Low,AGT-066,Resolved,
TKT-0007153,CUS-005456,2025-02-05 01:00:00,2025-02-09 05:00:00,Delivery,Email,Medium,AGT-342,Closed,
TKT-0007154,CUS-004703,2020-04-28 09:00:00,,Delivery,Social,Medium,AGT-340,Open,
TKT-0007155,CUS-008237,2020-03-29 11:00:00,2020-03-30 08:00:00,Delivery,Social,Low,AGT-195,Resolved,4.0
TKT-0007156,CUS-006959,2020-01-22 11:00:00,2020-01-24 11:00:00,Delivery,Social,Medium,AGT-287,Resolved,2.0
TKT-0007157,CUS-000290,2022-11-07 08:00:00,2022-11-09 04:00:00,Delivery,Chat,Low,AGT-007,Resolved,4.0
TKT-0007158,CUS-005654,2025-07-02 09:00:00,2025-07-05 01:00:00,Promotion,Social,Critical,AGT-016,Resolved,4.0
TKT-0007159,CUS-003331,2026-05-18 17:00:00,2026-05-19 03:00:00,Returns,Email,Low,AGT-100,Resolved,4.0
TKT-0007160,CUS-010711,2022-06-30 07:00:00,2022-07-01 19:00:00,Account,Email,Medium,AGT-136,Closed,
TKT-0007161,CUS-002023,2024-06-24 10:00:00,2024-06-29 04:00:00,Returns,Store,Medium,AGT-156,Resolved,
TKT-0007162,CUS-004144,2022-05-07 14:00:00,2022-05-12 13:00:00,Promotion,Social,Medium,AGT-340,Resolved,
TKT-0007163,CUS-011858,2026-08-25 08:00:00,2026-08-27 11:00:00,Returns,Phone,High,AGT-202,Resolved,3.0
TKT-0007164,CUS-005325,2026-08-24 09:00:00,2026-08-28 20:00:00,Delivery,Email,Medium,AGT-003,Resolved,5.0
TKT-0007165,CUS-010183,2023-01-23 02:00:00,2023-01-27 21:00:00,Returns,Social,Medium,AGT-300,Resolved,
TKT-0007166,CUS-010993,2022-12-09 21:00:00,2022-12-10 17:00:00,Product Quality,Social,Medium,AGT-328,Resolved,
TKT-0007167,CUS-011358,2025-08-12 05:00:00,2025-08-16 02:00:00,Product Quality,Chat,Low,AGT-308,Resolved,5.0
TKT-0007168,CUS-004659,2022-03-14 02:00:00,2022-03-15 15:00:00,Technical,Social,Low,AGT-288,Resolved,4.0
TKT-0007169,CUS-001632,2020-10-02 05:00:00,2020-10-03 22:00:00,Delivery,Email,High,AGT-175,Resolved,5.0
TKT-0007170,CUS-011253,2025-05-14 22:00:00,2025-05-15 23:00:00,Product Quality,Social,Low,AGT-106,Closed,
TKT-0007171,CUS-007105,2026-02-28 02:00:00,2026-03-03 00:00:00,Delivery,Chat,High,AGT-188,Resolved,
TKT-0007172,CUS-009080,2023-07-07 12:00:00,2023-07-12 07:00:00,Delivery,Social,Medium,AGT-283,Resolved,
TKT-0007173,CUS-007543,2023-06-29 04:00:00,2023-07-02 04:00:00,Returns,Store,Medium,AGT-127,Resolved,
TKT-0007174,CUS-008929,2023-01-07 19:00:00,2023-01-08 19:00:00,Delivery,Phone,Medium,AGT-250,Resolved,5.0
TKT-0007175,CUS-008634,2023-04-29 18:00:00,,Product Quality,Phone,Medium,AGT-326,Open,
TKT-0007176,CUS-008131,2020-05-23 21:00:00,2020-05-26 05:00:00,Technical,Social,Low,AGT-196,Resolved,
TKT-0007177,CUS-001138,2024-02-22 07:00:00,2024-02-23 15:00:00,Payment,Chat,Medium,AGT-318,Resolved,
TKT-0007178,CUS-009298,2025-10-07 07:00:00,2025-10-10 16:00:00,Returns,Email,Medium,AGT-072,Resolved,3.0
TKT-0007179,CUS-001729,2025-06-12 03:00:00,2025-06-12 10:00:00,Delivery,Phone,Medium,AGT-270,Closed,5.0
TKT-0007180,CUS-005170,2024-03-13 11:00:00,2024-03-18 01:00:00,Delivery,Email,High,AGT-148,Closed,4.0
TKT-0007181,CUS-008722,2026-06-24 20:00:00,2026-06-25 22:00:00,Returns,Social,Low,AGT-159,Resolved,1.0
TKT-0007182,CUS-000416,2022-03-11 16:00:00,2022-03-15 03:00:00,Technical,Chat,Medium,AGT-093,Resolved,4.0
TKT-0007183,CUS-007984,2022-09-09 21:00:00,2022-09-14 13:00:00,Delivery,Chat,Medium,AGT-122,Resolved,
TKT-0007184,CUS-009666,2023-01-23 18:00:00,2023-01-24 15:00:00,Payment,Email,Medium,AGT-240,Resolved,
TKT-0007185,CUS-005452,2024-05-01 05:00:00,2024-05-02 20:00:00,Delivery,Social,Medium,AGT-111,Closed,
TKT-0007186,CUS-001921,2021-03-01 22:00:00,2021-03-06 15:00:00,Account,Store,Medium,AGT-273,Resolved,
TKT-0007187,CUS-002452,2025-12-25 16:00:00,,Promotion,Store,Critical,AGT-225,Open,
TKT-0007188,CUS-004710,2021-03-08 09:00:00,2021-03-08 19:00:00,Technical,Store,Medium,AGT-229,Resolved,3.0
TKT-0007189,CUS-003664,2021-09-27 12:00:00,2021-09-29 06:00:00,Product Quality,Email,Medium,AGT-075,Resolved,
TKT-0007190,CUS-000859,2025-05-25 02:00:00,2025-05-26 11:00:00,Delivery,Email,Low,AGT-216,Closed,5.0
TKT-0007191,CUS-003204,2025-06-29 05:00:00,2025-07-02 20:00:00,Product Quality,Phone,Medium,AGT-050,Resolved,
TKT-0007192,CUS-003460,2024-01-22 18:00:00,2024-01-27 04:00:00,Returns,Email,Medium,AGT-061,Resolved,
TKT-0007193,CUS-009163,2022-02-27 04:00:00,2022-03-01 14:00:00,Returns,Email,Medium,AGT-230,Resolved,
TKT-0007194,CUS-010346,2023-05-06 07:00:00,2023-05-10 23:00:00,Delivery,Email,High,AGT-183,Resolved,
TKT-0007195,CUS-009684,2021-09-06 13:00:00,2021-09-11 02:00:00,Delivery,Social,High,AGT-040,Resolved,4.0
TKT-0007196,CUS-011028,2023-04-27 17:00:00,2023-05-01 09:00:00,Returns,Store,High,AGT-167,Resolved,
TKT-0007197,CUS-004494,2025-04-07 19:00:00,2025-04-08 09:00:00,Returns,Email,Medium,AGT-009,Resolved,4.0
TKT-0007198,CUS-007321,2022-07-15 09:00:00,2022-07-20 00:00:00,Returns,Chat,Low,AGT-067,Resolved,
TKT-0007199,CUS-009780,2024-07-07 02:00:00,2024-07-08 14:00:00,Delivery,Phone,Low,AGT-350,Resolved,2.0
TKT-0007200,CUS-005521,2023-01-26 22:00:00,2023-01-27 20:00:00,Returns,Social,Low,AGT-244,Closed,3.0
TKT-0007201,CUS-011296,2023-01-16 21:00:00,2023-01-18 20:00:00,Payment,Phone,Medium,AGT-334,Resolved,3.0
TKT-0007202,CUS-011904,2026-08-18 07:00:00,2026-08-20 13:00:00,Product Quality,Chat,Critical,AGT-188,Resolved,4.0
TKT-0007203,CUS-008763,2021-06-24 00:00:00,2021-06-24 04:00:00,Delivery,Email,High,AGT-237,Resolved,2.0
TKT-0007204,CUS-001058,2025-03-05 16:00:00,2025-03-10 00:00:00,Delivery,Email,Medium,AGT-060,Resolved,
TKT-0007205,CUS-008483,2024-06-01 17:00:00,2024-06-05 16:00:00,Promotion,Chat,Low,AGT-180,Resolved,
TKT-0007206,CUS-002825,2025-09-10 08:00:00,2025-09-13 23:00:00,Returns,Store,Low,AGT-149,Resolved,4.0
TKT-0007207,CUS-009034,2023-08-26 02:00:00,,Technical,Store,Medium,AGT-312,Open,
TKT-0007208,CUS-009868,2021-09-25 10:00:00,2021-09-28 22:00:00,Payment,Social,Low,AGT-112,Closed,5.0
TKT-0007209,CUS-004985,2020-10-11 21:00:00,,Product Quality,Chat,Medium,AGT-028,Open,
TKT-0007210,CUS-009406,2023-04-16 23:00:00,2023-04-19 19:00:00,Returns,Social,Medium,AGT-093,Closed,
TKT-0007211,CUS-009037,2024-02-11 09:00:00,2024-02-11 13:00:00,Technical,Store,Low,AGT-173,Resolved,2.0
TKT-0007212,CUS-004596,2023-08-09 00:00:00,2023-08-11 23:00:00,Delivery,Chat,Medium,AGT-217,Closed,4.0
TKT-0007213,CUS-001568,2026-01-12 18:00:00,2026-01-13 21:00:00,Account,Email,Low,AGT-135,Resolved,2.0
TKT-0007214,CUS-008782,2026-06-13 22:00:00,2026-06-17 10:00:00,Returns,Store,Medium,AGT-001,Closed,
TKT-0007215,CUS-003107,2025-05-27 18:00:00,2025-05-31 01:00:00,Promotion,Social,High,AGT-185,Resolved,4.0
TKT-0007216,CUS-000553,2022-02-26 06:00:00,2022-02-27 05:00:00,Product Quality,Phone,Medium,AGT-246,Closed,
TKT-0007217,CUS-001434,2020-07-01 05:00:00,2020-07-01 18:00:00,Product Quality,Store,Medium,AGT-002,Resolved,
TKT-0007218,CUS-003205,2024-05-27 01:00:00,2024-05-30 20:00:00,Product Quality,Chat,Medium,AGT-046,Resolved,1.0
TKT-0007219,CUS-008158,2024-11-19 03:00:00,2024-11-23 14:00:00,Delivery,Email,Medium,AGT-208,Closed,5.0
TKT-0007220,CUS-000458,2020-12-02 05:00:00,2020-12-05 15:00:00,Delivery ,Email,Medium,AGT-082,Closed,
TKT-0007221,CUS-003878,2025-05-27 06:00:00,2025-05-30 04:00:00,Account,Email,Low,AGT-015,Resolved,3.0
TKT-0007222,CUS-008815,2026-01-01 05:00:00,2026-01-04 12:00:00,Promotion,Store,Low,AGT-035,Resolved,4.0
TKT-0007223,CUS-000882,2020-10-25 04:00:00,2020-10-27 04:00:00,Returns,Store,High,AGT-078,Resolved,5.0
TKT-0007224,CUS-011063,2020-04-12 21:00:00,2020-04-15 12:00:00,Product Quality,Phone,Medium,AGT-130,Resolved,
TKT-0007225,CUS-009773,2025-02-10 19:00:00,2025-02-13 22:00:00,Delivery,Social,Medium,AGT-081,Resolved,
TKT-0007226,CUS-008084,2025-05-29 21:00:00,2025-06-02 01:00:00,Product Quality,Store,Medium,AGT-117,Resolved,
TKT-0007227,CUS-002626,2026-04-04 05:00:00,2026-04-04 09:00:00,Delivery,Store,High,AGT-205,Resolved,
TKT-0007228,CUS-007226,2025-05-20 13:00:00,,Technical,Chat,Low,AGT-075,Open,
TKT-0007229,CUS-000541,2026-08-17 01:00:00,2026-08-21 14:00:00,Account,Email,Low,AGT-345,Resolved,5.0
TKT-0007230,CUS-007282,2023-04-02 10:00:00,2023-04-04 06:00:00,Account,Phone,Low,AGT-044,Closed,3.0
TKT-0007231,CUS-001765,2022-09-30 06:00:00,2022-10-04 07:00:00,Account,Store,High,AGT-088,Resolved,5.0
TKT-0007232,CUS-007839,2026-07-15 10:00:00,2026-07-18 11:00:00,Product Quality,Social,Medium,AGT-213,Resolved,
TKT-0007233,CUS-008363,2023-06-17 23:00:00,2023-06-19 11:00:00,Delivery,Email,High,AGT-263,Resolved,4.0
TKT-0007234,CUS-006156,2022-03-02 09:00:00,2022-03-03 11:00:00,Technical,Chat,Medium,AGT-063,Closed,4.0
TKT-0007235,CUS-007810,2021-01-05 23:00:00,,Delivery,Chat,Low,AGT-097,Open,
TKT-0007236,CUS-010445,2022-01-17 12:00:00,2022-01-21 10:00:00,Payment,Store,High,AGT-104,Resolved,
TKT-0007237,CUS-005820,2021-07-01 01:00:00,2021-07-05 15:00:00,Delivery,Phone,Low,AGT-036,Closed,5.0
TKT-0007238,CUS-007544,2024-01-12 10:00:00,,Technical,Chat,Medium,AGT-306,Open,
TKT-0007239,CUS-009167,2021-08-11 15:00:00,2021-08-15 16:00:00,Delivery,Chat,High,AGT-207,Resolved,3.0
TKT-0007240,CUS-002478,2023-09-19 03:00:00,2023-09-20 04:00:00,Promotion,Store,Medium,AGT-065,Resolved,
TKT-0007241,CUS-006806,2024-10-13 13:00:00,2024-10-15 09:00:00,Promotion,Phone,Low,AGT-063,Resolved,
TKT-0007242,CUS-002994,2023-11-30 02:00:00,2023-12-02 19:00:00,Product Quality,Store,Medium,AGT-005,Resolved,
TKT-0007243,CUS-009041,2026-01-07 00:00:00,2026-01-11 10:00:00,Product Quality,Chat,Medium,AGT-101,Closed,5.0
TKT-0007244,CUS-011143,2026-06-14 00:00:00,2026-06-14 07:00:00,Returns,Chat,Low,AGT-075,Resolved,4.0
TKT-0007245,CUS-011566,2024-11-14 16:00:00,2024-11-18 10:00:00,Delivery,Chat,Medium,AGT-350,Resolved,1.0
TKT-0007246,CUS-009683,2023-01-27 20:00:00,2023-01-30 06:00:00,Payment,Store,Medium,AGT-346,Resolved,4.0
TKT-0007247,CUS-003180,2023-03-29 22:00:00,2023-03-30 23:00:00,Delivery,Store,High,AGT-002,Resolved,5.0
TKT-0007248,CUS-011127,2020-04-30 08:00:00,2020-05-03 09:00:00,Returns,Chat,Low,AGT-317,Resolved,5.0
TKT-0007249,CUS-006614,2025-08-05 21:00:00,2025-08-08 08:00:00,Delivery,Store,Low,AGT-111,Resolved,4.0
TKT-0007250,CUS-007285,2023-06-01 18:00:00,2023-06-04 20:00:00,Delivery,Phone,Low,AGT-003,Resolved,4.0
TKT-0007251,CUS-004154,2022-04-12 18:00:00,2022-04-17 14:00:00,Product Quality,Email,Medium,AGT-160,Resolved,4.0
TKT-0007252,CUS-002709,2025-08-15 12:00:00,2025-08-18 09:00:00,Delivery,Email,Low,AGT-114,Resolved,
TKT-0007253,CUS-006788,2023-03-30 17:00:00,2023-04-04 09:00:00,Product Quality,Social,Medium,AGT-339,Resolved,
TKT-0007254,CUS-010889,2023-02-04 16:00:00,2023-02-07 20:00:00,Delivery,Chat,Low,AGT-343,Resolved,5.0
TKT-0007255,CUS-006046,2022-05-13 14:00:00,2022-05-17 19:00:00,Returns,Phone,High,AGT-189,Resolved,2.0
TKT-0007256,CUS-010615,2026-01-14 15:00:00,2026-01-15 12:00:00,Promotion,Chat,Low,AGT-032,Resolved,4.0
TKT-0007257,CUS-005312,2026-05-03 12:00:00,2026-05-05 11:00:00,Payment,Social,High,AGT-044,Closed,5.0
TKT-0007258,CUS-005704,2026-04-01 00:00:00,2026-04-04 13:00:00,Promotion,Email,High,AGT-180,Resolved,3.0
TKT-0007259,CUS-008115,2021-02-05 06:00:00,2021-02-05 11:00:00,Delivery,Social,Medium,AGT-252,Resolved,4.0
TKT-0007260,CUS-011493,2022-04-25 05:00:00,2022-04-28 11:00:00,Payment,Store,Low,AGT-272,Resolved,4.0
TKT-0007261,CUS-007579,2023-02-04 15:00:00,2023-02-05 01:00:00,Account,Store,High,AGT-078,Resolved,
TKT-0007262,CUS-001445,2025-12-15 17:00:00,2025-12-20 13:00:00,Account,Social,Medium,AGT-321,Resolved,
TKT-0007263,CUS-008180,2024-09-17 19:00:00,2024-09-20 19:00:00,Product Quality,Phone,Low,AGT-185,Closed,
TKT-0007264,CUS-005774,2021-04-21 07:00:00,2021-04-23 06:00:00,Account,Phone,Critical,AGT-303,Resolved,3.0
TKT-0007265,CUS-000283,2024-06-27 23:00:00,2024-06-28 16:00:00,Returns,Social,Medium,AGT-260,Closed,3.0
TKT-0007266,CUS-010555,2020-10-31 12:00:00,2020-11-02 19:00:00,Promotion,Phone,Medium,AGT-343,Resolved,5.0
TKT-0007267,CUS-005238,2025-10-24 22:00:00,2025-10-25 06:00:00,Payment,Email,Medium,AGT-261,Resolved,
TKT-0007268,CUS-001641,2023-09-13 13:00:00,2023-09-17 11:00:00,Product Quality,Phone,Low,AGT-105,Resolved,
TKT-0007269,CUS-007063,2023-10-21 21:00:00,,Product Quality,Social,Medium,AGT-184,Open,
TKT-0007270,CUS-009987,2020-04-07 19:00:00,2020-04-08 22:00:00,Delivery,Email,Medium,AGT-238,Resolved,3.0
TKT-0007271,CUS-000583,2025-03-03 05:00:00,2025-03-06 18:00:00,Delivery,Email,High,AGT-286,Closed,
TKT-0007272,CUS-009752,2024-11-08 02:00:00,2024-11-09 17:00:00,Product Quality,Phone,Medium,AGT-164,Closed,4.0
TKT-0007273,CUS-005634,2024-08-22 22:00:00,2024-08-23 02:00:00,Returns,Social,Medium,AGT-187,Resolved,3.0
TKT-0007274,CUS-004594,2020-06-04 18:00:00,2020-06-08 10:00:00,Returns,Chat,Low,AGT-088,Resolved,5.0
TKT-0007275,CUS-003123,2022-12-09 08:00:00,2022-12-14 00:00:00,Payment,Email,High,AGT-307,Resolved,4.0
TKT-0007276,CUS-010690,2022-11-09 23:00:00,2022-11-14 01:00:00,Account,Phone,Medium,AGT-333,Resolved,
TKT-0007277,CUS-001174,2023-10-31 06:00:00,,Payment,Chat,Medium,AGT-286,Open,
TKT-0007278,CUS-003545,2020-02-23 00:00:00,2020-02-25 01:00:00,Account,Email,Medium,AGT-045,Resolved,5.0
TKT-0007279,CUS-001355,2024-05-09 14:00:00,2024-05-13 02:00:00,Returns,Chat,High,AGT-085,Resolved,
TKT-0007280,CUS-007148,2025-01-22 01:00:00,2025-01-26 21:00:00,Payment,Email,Medium,AGT-184,Resolved,5.0
TKT-0007281,CUS-006122,2026-03-01 16:00:00,2026-03-06 14:00:00,Promotion,Email,Medium,AGT-252,Resolved,
TKT-0007282,CUS-003075,2026-08-29 23:00:00,2026-09-03 07:00:00,Product Quality,Store,Medium,AGT-008,Resolved,
TKT-0007283,CUS-010444,2020-01-23 23:00:00,2020-01-24 10:00:00,Returns,Phone,Medium,AGT-280,Resolved,5.0
TKT-0007284,CUS-010180,2023-09-12 17:00:00,2023-09-17 14:00:00,Delivery,Social,High,AGT-279,Closed,4.0
TKT-0007285,CUS-008612,2024-05-18 08:00:00,2024-05-20 17:00:00,Delivery,Chat,Low,AGT-275,Resolved,4.0
TKT-0007286,CUS-000603,2020-11-13 13:00:00,2020-11-15 07:00:00,Returns,Phone,Medium,AGT-033,Resolved,5.0
TKT-0007287,CUS-008705,2022-05-05 06:00:00,2022-05-07 08:00:00,Returns,Social,Low,AGT-211,Resolved,
TKT-0007288,CUS-005985,2021-12-19 23:00:00,2021-12-20 21:00:00,Payment,Social,Medium,AGT-264,Resolved,4.0
TKT-0007289,CUS-011389,2024-03-31 06:00:00,2024-04-01 02:00:00,Payment,Chat,Medium,AGT-264,Resolved,3.0
TKT-0007290,CUS-010352,2024-03-12 23:00:00,2024-03-16 16:00:00,Promotion,Phone,Low,AGT-286,Closed,
TKT-0007291,CUS-000363,2025-04-18 17:00:00,,Returns,Phone,Medium,AGT-108,Open,
TKT-0007292,CUS-000315,2024-10-05 04:00:00,2024-10-06 11:00:00,Technical,Social,Medium,AGT-187,Resolved,4.0
TKT-0007293,CUS-011726,2021-12-03 14:00:00,2021-12-05 15:00:00,Account,Phone,Medium,AGT-315,Resolved,5.0
TKT-0007294,CUS-009579,2026-02-05 15:00:00,2026-02-08 13:00:00,Delivery,Chat,Medium,AGT-286,Resolved,
TKT-0007295,CUS-009691,2020-08-17 08:00:00,2020-08-17 10:00:00,Account,Social,Low,AGT-094,Resolved,
TKT-0007296,CUS-006509,2022-09-22 08:00:00,2022-09-26 08:00:00,Delivery,Chat,High,AGT-077,Resolved,
TKT-0007297,CUS-001880,2020-03-17 22:00:00,2020-03-18 19:00:00,Payment,Phone,Medium,AGT-184,Resolved,3.0
TKT-0007298,CUS-004512,2026-07-05 11:00:00,2026-07-06 21:00:00,Payment,Email,Medium,AGT-074,Resolved,
TKT-0007299,CUS-000404,2023-09-20 16:00:00,,Returns,Social,Medium,AGT-026,Open,
TKT-0007300,CUS-001642,2021-11-30 17:00:00,2021-11-30 21:00:00,Product Quality,Chat,Medium,AGT-157,Resolved,3.0
TKT-0007301,CUS-008835,2020-04-26 10:00:00,2020-04-26 16:00:00,Payment,Social,Medium,AGT-316,Resolved,5.0
TKT-0007302,CUS-005651,2025-11-15 19:00:00,2025-11-17 01:00:00,Returns,Store,High,AGT-055,Closed,4.0
TKT-0007303,CUS-004319,2026-01-08 10:00:00,2026-01-11 22:00:00,Delivery,Store,High,AGT-264,Closed,
TKT-0007304,CUS-003448,2025-05-09 19:00:00,2025-05-12 19:00:00,Returns,Email,Medium,AGT-173,Resolved,
TKT-0007305,CUS-004009,2025-03-20 19:00:00,2025-03-21 22:00:00,Account,Chat,Medium,AGT-156,Resolved,5.0
TKT-0007306,CUS-011394,2025-05-15 17:00:00,2025-05-16 14:00:00,Technical,Social,Medium,AGT-145,Resolved,
TKT-0007307,CUS-006060,2020-06-02 11:00:00,2020-06-02 14:00:00,Product Quality,Phone,High,AGT-135,Resolved,2.0
TKT-0007308,CUS-008646,2026-03-21 23:00:00,2026-03-24 22:00:00,Payment,Store,Medium,AGT-279,Resolved,5.0
TKT-0007309,CUS-009273,2025-08-02 20:00:00,2025-08-04 17:00:00,Technical,Phone,Low,AGT-282,Resolved,
TKT-0007310,CUS-004121,2022-12-20 09:00:00,2022-12-25 03:00:00,Delivery,Chat,Medium,AGT-079,Resolved,2.0
TKT-0007311,CUS-003428,2025-04-28 21:00:00,2025-05-03 02:00:00,Payment,Store,Medium,AGT-297,Closed,3.0
TKT-0007312,CUS-000303,2020-10-14 14:00:00,2020-10-18 13:00:00,Payment,Social,High,AGT-022,Resolved,4.0
TKT-0007313,CUS-008543,2023-04-04 15:00:00,2023-04-08 02:00:00,Returns,Phone,Medium,AGT-158,Resolved,5.0
TKT-0007314,CUS-007718,2024-07-15 09:00:00,2024-07-18 13:00:00,Delivery,Store,High,AGT-048,Resolved,
TKT-0007315,CUS-009080,2021-05-22 12:00:00,2021-05-25 17:00:00,Technical,Store,Medium,AGT-001,Resolved,
TKT-0007316,CUS-004194,2025-02-12 16:00:00,2025-02-17 05:00:00,Delivery,Email,Medium,AGT-171,Resolved,4.0
TKT-0007317,CUS-009558,2020-10-28 05:00:00,2020-10-31 21:00:00,Promotion,Email,High,AGT-088,Resolved,1.0
TKT-0007318,CUS-007207,2021-09-17 08:00:00,2021-09-21 08:00:00,Product Quality,Email,Low,AGT-139,Resolved,
TKT-0007319,CUS-010905,2023-08-07 23:00:00,2023-08-11 09:00:00,Delivery,Email,Medium,AGT-345,Resolved,
TKT-0007320,CUS-009743,2025-11-23 22:00:00,2025-11-28 21:00:00,Delivery,Store,Medium,AGT-278,Resolved,1.0
TKT-0007321,CUS-007336,2022-11-22 15:00:00,,Returns,Phone,Medium,AGT-048,Open,
TKT-0007322,CUS-002518,2023-04-06 08:00:00,2023-04-09 07:00:00,Account,Email,High,AGT-276,Resolved,5.0
TKT-0007323,CUS-008959,2020-02-16 14:00:00,2020-02-19 03:00:00,Delivery,Phone,Low,AGT-007,Resolved,3.0
TKT-0007324,CUS-010407,2024-12-09 13:00:00,2024-12-10 22:00:00,Delivery,Store,Medium,AGT-088,Closed,5.0
TKT-0007325,CUS-002019,2024-11-22 07:00:00,2024-11-26 01:00:00,Promotion,Store,Low,AGT-142,Resolved,
TKT-0007326,CUS-005902,2025-02-03 13:00:00,2025-02-08 01:00:00,Returns,Chat,Medium,AGT-241,Resolved,
TKT-0007327,CUS-010100,2020-12-13 14:00:00,2020-12-15 00:00:00,Account,Chat,Low,AGT-307,Closed,5.0
TKT-0007328,CUS-004217,2022-04-30 05:00:00,,Account,Store,High,AGT-198,Open,
TKT-0007329,CUS-011519,2023-06-29 07:00:00,2023-06-29 13:00:00,Product Quality,Store,Medium,AGT-295,Resolved,4.0
TKT-0007330,CUS-002235,2023-01-19 03:00:00,2023-01-19 04:00:00,Delivery,Store,Medium,AGT-165,Resolved,1.0
TKT-0007331,CUS-001796,2024-11-16 02:00:00,2024-11-16 06:00:00,Delivery,Email,Medium,AGT-063,Resolved,1.0
TKT-0007332,CUS-003159,2025-09-02 10:00:00,2025-09-07 03:00:00,Delivery,Store,Low,AGT-020,Resolved,3.0
TKT-0007333,CUS-004339,2023-12-07 11:00:00,2023-12-08 07:00:00,Account,Email,Low,AGT-187,Resolved,1.0
TKT-0007334,CUS-003147,2021-05-15 07:00:00,2021-05-19 17:00:00,Payment,Chat,Medium,AGT-189,Resolved,5.0
TKT-0007335,CUS-001439,2021-07-20 13:00:00,2021-07-23 02:00:00,Returns,Phone,Low,AGT-232,Resolved,4.0
TKT-0007336,CUS-006780,2024-11-09 06:00:00,2024-11-13 15:00:00,Delivery,Store,Medium,AGT-202,Closed,4.0
TKT-0007337,CUS-001443,2022-10-28 05:00:00,,Delivery,Store,High,AGT-227,Open,
TKT-0007338,CUS-006917,2026-01-26 20:00:00,2026-01-29 14:00:00,Returns,Email,Low,AGT-009,Resolved,3.0
TKT-0007339,CUS-008648,2024-10-18 19:00:00,2024-10-22 01:00:00,Returns,Email,Medium,AGT-292,Resolved,5.0
TKT-0007340,CUS-001881,2025-09-01 11:00:00,2025-09-04 21:00:00,Promotion,Store,High,AGT-181,Closed,
TKT-0007341,CUS-002604,2022-01-23 14:00:00,2022-01-23 18:00:00,Returns,Social,Medium,AGT-205,Resolved,
TKT-0007342,CUS-002675,2022-06-09 01:00:00,2022-06-13 08:00:00,Payment,Email,Low,AGT-132,Closed,3.0
TKT-0007343,CUS-002541,2023-12-05 18:00:00,,Payment,Phone,Medium,AGT-251,Open,
TKT-0007344,CUS-002397,2022-12-07 11:00:00,2022-12-07 15:00:00,Delivery,Phone,Medium,AGT-149,Resolved,
TKT-0007345,CUS-010577,2025-05-07 07:00:00,2025-05-08 03:00:00,Returns,Phone,Low,AGT-204,Resolved,5.0
TKT-0007346,CUS-011927,2024-12-29 07:00:00,2024-12-31 18:00:00,Technical,Social,Medium,AGT-024,Resolved,5.0
TKT-0007347,CUS-004596,2022-05-15 17:00:00,,Delivery,Social,Low,AGT-350,Open,
TKT-0007348,CUS-008452,2025-05-18 03:00:00,2025-05-19 11:00:00,Delivery,Store,Low,AGT-043,Resolved,
TKT-0007349,CUS-009917,2023-08-25 07:00:00,2023-08-28 23:00:00,Product Quality,Phone,Low,AGT-187,Resolved,3.0
TKT-0007350,CUS-004196,2023-12-21 07:00:00,2023-12-22 20:00:00,Product Quality,Social,Medium,AGT-196,Resolved,2.0
TKT-0007351,CUS-006703,2025-08-19 22:00:00,2025-08-21 04:00:00,Account,Phone,High,AGT-189,Resolved,
TKT-0007352,CUS-002057,2026-08-04 23:00:00,2026-08-09 20:00:00,Product Quality,Phone,Low,AGT-295,Resolved,5.0
TKT-0007353,CUS-006377,2026-07-28 06:00:00,2026-08-01 15:00:00,Returns,Social,Low,AGT-110,Resolved,2.0
TKT-0007354,CUS-005320,2024-09-14 16:00:00,2024-09-16 02:00:00,Delivery,Chat,Low,AGT-236,Resolved,5.0
TKT-0007355,CUS-002686,2020-01-25 01:00:00,2020-01-26 04:00:00,Product Quality,Store,Low,AGT-324,Resolved,5.0
TKT-0007356,CUS-009167,2020-05-14 10:00:00,2020-05-15 15:00:00,Delivery,Social,Low,AGT-334,Resolved,4.0
TKT-0007357,CUS-005094,2022-02-05 11:00:00,2022-02-07 02:00:00,Returns,Phone,High,AGT-331,Resolved,3.0
TKT-0007358,CUS-009815,2022-08-30 03:00:00,2022-09-02 10:00:00,Promotion,Store,Medium,AGT-138,Resolved,
TKT-0007359,CUS-005835,2025-02-04 20:00:00,2025-02-07 09:00:00,Returns,Email,Low,AGT-140,Resolved,4.0
TKT-0007360,CUS-002109,2020-12-17 16:00:00,2020-12-18 23:00:00,Returns,Social,High,AGT-342,Resolved,3.0
TKT-0007361,CUS-011343,2022-07-10 09:00:00,2022-07-13 10:00:00,Product Quality,Phone,Medium,AGT-304,Resolved,3.0
TKT-0007362,CUS-010894,2020-10-07 17:00:00,2020-10-12 15:00:00,Account,Chat,Medium,AGT-339,Resolved,5.0
TKT-0007363,CUS-002228,2021-05-30 11:00:00,2021-05-31 13:00:00,Technical,Chat,Critical,AGT-128,Closed,4.0
TKT-0007364,CUS-003172,2025-09-12 15:00:00,2025-09-17 12:00:00,Delivery,Chat,Medium,AGT-255,Resolved,
TKT-0007365,CUS-006451,2021-01-29 14:00:00,,Product Quality,Social,Medium,AGT-152,Open,
TKT-0007366,CUS-004601,2023-07-25 10:00:00,2023-07-26 13:00:00,Product Quality,Email,Low,AGT-159,Resolved,
TKT-0007367,CUS-003565,2021-02-16 01:00:00,2021-02-20 05:00:00,Account,Social,High,AGT-232,Resolved,
TKT-0007368,CUS-010776,2024-04-24 10:00:00,2024-04-24 15:00:00,Technical,Social,Medium,AGT-275,Resolved,4.0
TKT-0007369,CUS-005832,2025-08-03 04:00:00,2025-08-04 00:00:00,Product Quality,Social,High,AGT-333,Closed,
TKT-0007370,CUS-006101,2024-02-09 13:00:00,2024-02-09 19:00:00,Delivery,Chat,Low,AGT-236,Resolved,5.0
TKT-0007371,CUS-004395,2020-07-04 09:00:00,2020-07-09 01:00:00,Promotion,Chat,Medium,AGT-033,Resolved,5.0
TKT-0007372,CUS-002562,2020-02-16 22:00:00,2020-02-19 00:00:00,Product Quality,Social,Critical,AGT-166,Resolved,
TKT-0007373,CUS-000040,2021-01-09 11:00:00,2021-01-10 02:00:00,Delivery,Chat,Low,AGT-171,Resolved,
TKT-0007374,CUS-003573,2022-04-07 22:00:00,2022-04-09 12:00:00,Payment,Email,Medium,AGT-193,Closed,
TKT-0007375,CUS-006175,2024-09-29 21:00:00,,Delivery,Social,High,AGT-237,Open,
TKT-0007376,CUS-008299,2021-01-28 17:00:00,2021-01-31 20:00:00,Returns,Store,Critical,AGT-222,Resolved,
TKT-0007377,CUS-007401,2022-10-03 16:00:00,2022-10-07 04:00:00,Delivery,Store,High,AGT-176,Resolved,
TKT-0007378,CUS-004666,2023-02-04 01:00:00,2023-02-07 13:00:00,Product Quality,Phone,Low,AGT-105,Resolved,5.0
TKT-0007379,CUS-003530,2025-07-27 21:00:00,2025-07-31 04:00:00,Delivery,Store,Medium,AGT-093,Resolved,2.0
TKT-0007380,CUS-006029,2023-04-23 05:00:00,2023-04-25 00:00:00,Product Quality,Store,Low,AGT-256,Resolved,3.0
TKT-0007381,CUS-007724,2026-01-21 21:00:00,2026-01-23 06:00:00,Returns,Store,Medium,AGT-177,Resolved,
TKT-0007382,CUS-011718,2025-07-21 12:00:00,2025-07-21 20:00:00,Account,Store,Medium,AGT-112,Resolved,3.0
TKT-0007383,CUS-000833,2026-07-13 09:00:00,2026-07-16 04:00:00,Delivery,Email,Low,AGT-096,Resolved,
TKT-0007384,CUS-006438,2026-07-06 07:00:00,2026-07-09 09:00:00,Product Quality,Chat,Low,AGT-003,Resolved,4.0
TKT-0007385,CUS-003723,2024-01-05 04:00:00,2024-01-07 07:00:00,Delivery,Phone,Low,AGT-253,Resolved,
TKT-0007386,CUS-000057,2026-03-18 00:00:00,2026-03-18 09:00:00,Account,Store,Low,AGT-197,Resolved,1.0
TKT-0007387,CUS-006272,2026-02-20 22:00:00,2026-02-21 04:00:00,Technical,Social,Low,AGT-113,Resolved,
TKT-0007388,CUS-008669,2025-01-21 01:00:00,2025-01-24 15:00:00,delivery,Chat,Medium,AGT-299,Resolved,5.0
TKT-0007389,CUS-003011,2024-06-07 03:00:00,2024-06-10 16:00:00,Payment,Chat,Medium,AGT-175,Closed,
TKT-0007390,CUS-008521,2021-02-21 10:00:00,2021-02-24 23:00:00,Payment,Email,Medium,AGT-062,Resolved,2.0
TKT-0007391,CUS-005600,2022-11-14 18:00:00,,Product Quality,Phone,Low,AGT-231,Open,
TKT-0007392,CUS-010625,2021-08-02 13:00:00,2021-08-06 01:00:00,Payment,Store,Medium,AGT-196,Resolved,
TKT-0007393,CUS-004319,2026-02-09 16:00:00,2026-02-13 16:00:00,Delivery,Email,Low,AGT-260,Closed,5.0
TKT-0007394,CUS-001538,2025-07-15 04:00:00,2025-07-16 23:00:00,Technical,Email,Medium,AGT-107,Resolved,4.0
TKT-0007395,CUS-001741,2020-07-15 21:00:00,,Delivery,Phone,Low,AGT-308,Open,
TKT-0007396,CUS-000979,2020-08-25 02:00:00,2020-08-28 22:00:00,Payment,Social,Medium,AGT-108,Resolved,1.0
TKT-0007397,CUS-002653,2020-06-18 07:00:00,2020-06-21 03:00:00,Payment,Email,High,AGT-350,Resolved,5.0
TKT-0007398,CUS-006162,2024-06-13 19:00:00,2024-06-17 09:00:00,Account,Chat,Low,AGT-225,Resolved,5.0
TKT-0007399,CUS-002154,2020-04-03 20:00:00,2020-04-05 06:00:00,Delivery,Email,Medium,AGT-288,Resolved,5.0
TKT-0007400,CUS-000280,2025-11-07 00:00:00,,Promotion,Chat,Low,AGT-238,Open,
TKT-0007401,CUS-011602,2024-04-01 08:00:00,2024-04-03 05:00:00,Promotion,Phone,Medium,AGT-205,Resolved,4.0
TKT-0007402,CUS-009161,2023-01-22 10:00:00,2023-01-27 04:00:00,Delivery,Email,Medium,AGT-240,Resolved,
TKT-0007403,CUS-001294,2025-08-08 06:00:00,2025-08-09 09:00:00,Product Quality,Chat,Low,AGT-349,Resolved,
TKT-0007404,CUS-000136,2020-01-13 02:00:00,2020-01-16 04:00:00,Returns,Chat,Medium,AGT-236,Resolved,5.0
TKT-0007405,CUS-007816,2022-06-11 09:00:00,2022-06-12 20:00:00,Payment,Store,Low,AGT-247,Resolved,3.0
TKT-0007406,CUS-001941,2024-06-07 18:00:00,2024-06-10 20:00:00,Delivery,Social,Medium,AGT-300,Resolved,4.0
TKT-0007407,CUS-003525,2022-08-26 13:00:00,2022-08-31 05:00:00,Product Quality,Email,Medium,AGT-057,Resolved,4.0
TKT-0007408,CUS-005989,2025-08-31 12:00:00,2025-09-05 09:00:00,Returns,Chat,Medium,AGT-079,Resolved,
TKT-0007409,CUS-005738,2025-06-27 14:00:00,2025-06-29 07:00:00,Delivery,Store,Low,AGT-219,Closed,
TKT-0007410,CUS-003789,2020-05-02 11:00:00,2020-05-02 17:00:00,Delivery,Store,Low,AGT-268,Resolved,
TKT-0007411,CUS-000271,2021-11-30 10:00:00,2021-12-03 12:00:00,Payment,Store,Low,AGT-182,Closed,3.0
TKT-0007412,CUS-002642,2022-02-24 01:00:00,2022-02-26 22:00:00,Promotion,Social,Low,AGT-142,Resolved,
TKT-0007413,CUS-011503,2024-01-27 08:00:00,2024-01-28 23:00:00,Product Quality ,Email,Medium,AGT-129,Closed,
TKT-0007414,CUS-001230,2023-08-23 01:00:00,2023-08-24 13:00:00,Returns,Email,High,AGT-014,Closed,3.0
TKT-0007415,CUS-007979,2025-03-11 02:00:00,2025-03-14 15:00:00,Returns,Chat,Medium,AGT-278,Resolved,
TKT-0007416,CUS-006655,2021-09-29 20:00:00,2021-10-03 12:00:00,Returns,Phone,Medium,AGT-203,Resolved,
TKT-0007417,CUS-010431,2021-07-24 12:00:00,2021-07-25 14:00:00,Product Quality,Social,Low,AGT-011,Closed,
TKT-0007418,CUS-009598,2024-06-20 20:00:00,2024-06-23 05:00:00,Delivery,Store,Medium,AGT-313,Resolved,4.0
TKT-0007419,CUS-009591,2020-06-21 11:00:00,,Technical,Chat,Medium,AGT-291,Open,
TKT-0007420,CUS-007693,2020-03-16 08:00:00,2020-03-19 01:00:00,Returns,Store,Medium,AGT-128,Resolved,
TKT-0007421,CUS-004268,2025-04-21 22:00:00,2025-04-23 11:00:00,Technical,Phone,Low,AGT-007,Closed,2.0
TKT-0007422,CUS-007989,2026-05-01 18:00:00,2026-05-04 13:00:00,Account,Email,Medium,AGT-149,Resolved,4.0
TKT-0007423,CUS-010538,2022-06-13 12:00:00,2022-06-18 02:00:00,Delivery,Phone,Medium,AGT-031,Resolved,
TKT-0007424,CUS-001898,2024-06-29 01:00:00,2024-06-30 03:00:00,Delivery,Social,Medium,AGT-148,Resolved,1.0
TKT-0007425,CUS-009332,2021-02-08 23:00:00,2021-02-10 08:00:00,Product Quality,Phone,Critical,AGT-059,Resolved,3.0
TKT-0007426,CUS-008882,2024-01-24 06:00:00,2024-01-29 03:00:00,Returns,Email,Medium,AGT-094,Closed,
TKT-0007427,CUS-005413,2021-01-14 02:00:00,2021-01-14 22:00:00,Delivery,Store,Medium,AGT-036,Resolved,2.0
TKT-0007428,CUS-003060,2026-07-10 02:00:00,2026-07-13 21:00:00,Delivery,Phone,Low,AGT-061,Resolved,5.0
TKT-0007429,CUS-011661,2026-06-18 10:00:00,2026-06-22 05:00:00,Account,Chat,High,AGT-155,Resolved,4.0
TKT-0007430,CUS-002302,2021-02-18 01:00:00,2021-02-19 06:00:00,Returns,Email,Medium,AGT-053,Closed,1.0
TKT-0007431,CUS-011571,2022-08-02 01:00:00,2022-08-04 03:00:00,Returns,Chat,Medium,AGT-066,Closed,3.0
TKT-0007432,CUS-003454,2021-06-24 03:00:00,2021-06-24 20:00:00,Product Quality,Chat,Medium,AGT-321,Resolved,3.0
TKT-0007433,CUS-005940,2023-01-07 01:00:00,2023-01-10 20:00:00,Delivery,Chat,High,AGT-073,Resolved,
TKT-0007434,CUS-007695,2021-08-15 00:00:00,2021-08-15 08:00:00,Payment,Chat,Low,AGT-201,Resolved,5.0
TKT-0007435,CUS-008611,2020-01-28 01:00:00,2020-01-30 08:00:00,Returns,Email,Low,AGT-160,Closed,
TKT-0007436,CUS-007645,2024-06-14 15:00:00,2024-06-14 19:00:00,Delivery,Phone,Medium,AGT-350,Resolved,3.0
TKT-0007437,CUS-009434,2024-01-30 16:00:00,2024-01-31 02:00:00,Returns,Store,Low,AGT-194,Resolved,
TKT-0007438,CUS-002675,2026-08-10 06:00:00,2026-08-14 02:00:00,Delivery,Email,Medium,AGT-015,Resolved,1.0
TKT-0007439,CUS-002247,2023-08-12 13:00:00,2023-08-14 01:00:00,Delivery,Email,Medium,AGT-163,Resolved,
TKT-0007440,CUS-006152,2021-08-11 10:00:00,2021-08-12 21:00:00,Payment,Phone,Low,AGT-185,Resolved,
TKT-0007441,CUS-002160,2025-07-29 06:00:00,2025-08-02 08:00:00,Promotion,Phone,Low,AGT-280,Resolved,5.0
TKT-0007442,CUS-005235,2022-09-22 10:00:00,2022-09-25 11:00:00,Payment,Email,Medium,AGT-213,Resolved,3.0
TKT-0007443,CUS-011035,2021-02-03 00:00:00,2021-02-05 08:00:00,Delivery,Email,Low,AGT-207,Closed,
TKT-0007444,CUS-003012,2021-01-12 21:00:00,,Promotion,Store,High,AGT-150,Open,
TKT-0007445,CUS-006990,2023-08-18 20:00:00,2023-08-20 13:00:00,Promotion,Email,Low,AGT-235,Resolved,3.0
TKT-0007446,CUS-009884,2024-08-26 02:00:00,2024-08-30 14:00:00,Delivery,Chat,Low,AGT-317,Resolved,
TKT-0007447,CUS-007841,2022-02-10 18:00:00,2022-02-13 16:00:00,Account,Phone,Low,AGT-149,Resolved,
TKT-0007448,CUS-002111,2026-04-02 07:00:00,2026-04-04 04:00:00,Returns,Phone,High,AGT-062,Resolved,
TKT-0007449,CUS-011161,2022-04-15 02:00:00,2022-04-18 02:00:00,Returns,Email,Medium,AGT-181,Resolved,3.0
TKT-0007450,CUS-011140,2024-01-24 17:00:00,2024-01-26 04:00:00,Promotion,Email,Medium,AGT-150,Resolved,1.0
TKT-0007451,CUS-006397,2023-03-25 17:00:00,2023-03-29 17:00:00,Delivery,Social,Low,AGT-101,Resolved,5.0
TKT-0007452,CUS-003721,2020-11-09 16:00:00,2020-11-12 13:00:00,Product Quality,Chat,Medium,AGT-012,Resolved,5.0
TKT-0007453,CUS-000334,2026-01-03 22:00:00,2026-01-07 17:00:00,Returns,Store,Medium,AGT-078,Closed,
TKT-0007454,CUS-009746,2023-11-19 08:00:00,2023-11-22 15:00:00,Returns,Phone,Medium,AGT-063,Resolved,4.0
TKT-0007455,CUS-007114,2025-04-03 16:00:00,2025-04-04 20:00:00,Delivery,Email,Medium,AGT-048,Resolved,5.0
TKT-0007456,CUS-006675,2024-09-23 13:00:00,2024-09-23 18:00:00,Returns,Phone,Medium,AGT-200,Closed,3.0
TKT-0007457,CUS-011955,2025-11-14 03:00:00,2025-11-19 02:00:00,Promotion,Social,High,AGT-296,Resolved,
TKT-0007458,CUS-011970,2020-08-06 04:00:00,2020-08-09 14:00:00,Returns,Store,Medium,AGT-056,Resolved,
TKT-0007459,CUS-001654,2021-02-11 14:00:00,2021-02-13 02:00:00,Account,Chat,Low,AGT-292,Resolved,4.0
TKT-0007460,CUS-002870,2023-05-30 01:00:00,2023-06-02 21:00:00,Delivery,Social,Medium,AGT-331,Resolved,
TKT-0007461,CUS-006610,2025-04-28 20:00:00,,Product Quality,Chat,High,AGT-272,Open,
TKT-0007462,CUS-006748,2023-07-13 10:00:00,2023-07-18 01:00:00,Delivery,Email,Medium,AGT-309,Resolved,2.0
TKT-0007463,CUS-009041,2023-11-27 20:00:00,2023-11-30 03:00:00,Delivery,Social,High,AGT-076,Closed,5.0
TKT-0007464,CUS-004253,2023-07-18 03:00:00,2023-07-21 05:00:00,Product Quality,Store,Low,AGT-263,Resolved,
TKT-0007465,CUS-002392,2023-08-13 07:00:00,2023-08-17 17:00:00,Account,Phone,Medium,AGT-189,Closed,
TKT-0007466,CUS-009653,2024-02-15 20:00:00,2024-02-20 16:00:00,Returns,Store,Medium,AGT-346,Resolved,5.0
TKT-0007467,CUS-009473,2023-02-05 13:00:00,2023-02-06 11:00:00,Returns,Chat,Low,AGT-015,Resolved,5.0
TKT-0007468,CUS-002111,2025-02-05 05:00:00,2025-02-06 14:00:00,Delivery,Email,High,AGT-012,Resolved,5.0
TKT-0007469,CUS-008576,2026-01-02 10:00:00,,Product Quality,Phone,Low,AGT-130,Open,
TKT-0007470,CUS-011306,2020-04-26 03:00:00,2020-04-26 04:00:00,Delivery,Store,Medium,AGT-310,Resolved,5.0
TKT-0007471,CUS-007493,2026-01-08 18:00:00,2026-01-10 05:00:00,Delivery,Phone,Medium,AGT-020,Resolved,
TKT-0007472,CUS-009313,2020-02-07 03:00:00,2020-02-11 00:00:00,Promotion,Chat,Low,AGT-117,Closed,4.0
TKT-0007473,CUS-009389,2022-05-09 11:00:00,2022-05-11 15:00:00,Product Quality,Social,Medium,AGT-241,Resolved,2.0
TKT-0007474,CUS-005274,2022-06-19 17:00:00,2022-06-19 21:00:00,Payment,Store,Medium,AGT-182,Resolved,
TKT-0007475,CUS-011303,2023-02-04 07:00:00,2023-02-08 09:00:00,Product Quality,Store,Critical,AGT-118,Resolved,
TKT-0007476,CUS-009723,2026-03-31 02:00:00,2026-04-03 11:00:00,Returns,Social,Medium,AGT-195,Resolved,
TKT-0007477,CUS-001869,2021-07-23 07:00:00,,Delivery,Social,Low,AGT-136,Open,
TKT-0007478,CUS-004897,2024-01-12 22:00:00,2024-01-16 09:00:00,Account,Phone,Medium,AGT-252,Closed,3.0
TKT-0007479,CUS-010453,2021-12-13 10:00:00,2021-12-18 07:00:00,Returns,Phone,Low,AGT-339,Closed,
TKT-0007480,CUS-008736,2021-03-01 22:00:00,2021-03-02 21:00:00,Returns,Store,Low,AGT-077,Resolved,
TKT-0007481,CUS-008153,2025-09-23 02:00:00,2025-09-26 09:00:00,Returns,Email,Low,AGT-030,Resolved,5.0
TKT-0007482,CUS-009960,2026-04-08 06:00:00,2026-04-10 10:00:00,Payment ,Email,Medium,AGT-313,Resolved,
TKT-0007483,CUS-005613,2024-10-08 12:00:00,2024-10-12 21:00:00,Product Quality,Social,Medium,AGT-232,Resolved,2.0
TKT-0007484,CUS-008151,2023-06-08 17:00:00,2023-06-10 20:00:00,Delivery,Email,Medium,AGT-293,Resolved,5.0
TKT-0007485,CUS-002847,2022-08-11 23:00:00,2022-08-15 22:00:00,Delivery,Social,Medium,AGT-286,Resolved,
TKT-0007486,CUS-006094,2023-08-09 00:00:00,2023-08-13 09:00:00,Payment,Chat,High,AGT-123,Resolved,4.0
TKT-0007487,CUS-002280,2022-07-07 12:00:00,2022-07-11 16:00:00,Product Quality,Email,Medium,AGT-073,Closed,2.0
TKT-0007488,CUS-005228,2021-09-13 12:00:00,2021-09-13 13:00:00,Returns,Store,High,AGT-215,Closed,
TKT-0007489,CUS-000724,2020-04-13 22:00:00,2020-04-17 02:00:00,Delivery,Social,Medium,AGT-238,Resolved,3.0
TKT-0007490,CUS-008242,2020-06-04 06:00:00,2020-06-04 22:00:00,Delivery,Email,Medium,AGT-123,Resolved,3.0
TKT-0007491,CUS-009690,2025-08-09 15:00:00,,Delivery,Email,Medium,AGT-283,Open,
TKT-0007492,CUS-011007,2020-08-28 01:00:00,2020-09-01 10:00:00,Delivery,Chat,Medium,AGT-265,Resolved,4.0
TKT-0007493,CUS-002301,2022-11-20 15:00:00,2022-11-21 23:00:00,Promotion,Social,Medium,AGT-282,Closed,5.0
TKT-0007494,CUS-011761,2024-11-24 21:00:00,2024-11-27 14:00:00,Returns,Social,Low,AGT-147,Resolved,5.0
TKT-0007495,CUS-003823,2026-01-29 02:00:00,,Payment,Social,Critical,AGT-176,Open,
TKT-0007496,CUS-007778,2026-04-26 12:00:00,2026-04-28 13:00:00,Delivery,Store,Low,AGT-239,Resolved,5.0
TKT-0007497,CUS-007818,2025-03-23 20:00:00,2025-03-24 12:00:00,Delivery,Store,Low,AGT-054,Resolved,1.0
TKT-0007498,CUS-003540,2024-11-19 20:00:00,2024-11-21 15:00:00,Returns,Chat,High,AGT-160,Resolved,2.0
TKT-0007499,CUS-008839,2020-01-13 04:00:00,2020-01-14 11:00:00,Delivery,Chat,Medium,AGT-077,Resolved,4.0
TKT-0007500,CUS-005807,2024-09-16 17:00:00,2024-09-18 15:00:00,Product Quality,Store,Low,AGT-204,Closed,1.0
TKT-0007501,CUS-005147,2022-12-28 12:00:00,2023-01-01 02:00:00,Returns,Store,Medium,AGT-208,Resolved,5.0
TKT-0007502,CUS-000164,2021-10-22 06:00:00,2021-10-27 05:00:00,Delivery,Phone,High,AGT-073,Resolved,
TKT-0007503,CUS-009825,2024-09-14 01:00:00,2024-09-16 10:00:00,Delivery,Email,Low,AGT-286,Closed,5.0
TKT-0007504,CUS-002767,2023-07-10 07:00:00,2023-07-12 02:00:00,Returns,Chat,Medium,AGT-079,Resolved,3.0
TKT-0007505,CUS-003731,2021-12-09 19:00:00,2021-12-12 08:00:00,Technical,Chat,Medium,AGT-126,Resolved,3.0
TKT-0007506,CUS-001992,2025-03-19 16:00:00,2025-03-20 08:00:00,Promotion,Social,Low,AGT-172,Resolved,4.0
TKT-0007507,CUS-008479,2021-09-30 20:00:00,2021-10-05 15:00:00,Returns,Store,Medium,AGT-161,Resolved,3.0
TKT-0007508,CUS-000173,2022-09-27 14:00:00,2022-09-29 00:00:00,Delivery,Email,High,AGT-013,Resolved,3.0
TKT-0007509,CUS-007601,2026-06-12 10:00:00,,Delivery,Chat,Low,AGT-215,Open,
TKT-0007510,CUS-011592,2021-04-06 08:00:00,2021-04-06 13:00:00,Returns,Social,High,AGT-158,Closed,2.0
TKT-0007511,CUS-011290,2025-11-13 20:00:00,2025-11-16 21:00:00,Account,Store,Medium,AGT-150,Resolved,
TKT-0007512,CUS-009439,2025-04-22 08:00:00,2025-04-23 22:00:00,Delivery,Email,Critical,AGT-124,Resolved,5.0
TKT-0007513,CUS-009045,2022-06-10 13:00:00,2022-06-15 02:00:00,Technical,Email,Medium,AGT-225,Closed,
TKT-0007514,CUS-002017,2022-12-05 12:00:00,2022-12-06 20:00:00,Promotion,Chat,Medium,AGT-242,Resolved,
TKT-0007515,CUS-001411,2021-11-05 03:00:00,2021-11-06 08:00:00,Returns,Email,Medium,AGT-017,Resolved,2.0
TKT-0007516,CUS-003650,2024-09-27 08:00:00,2024-09-29 19:00:00,Product Quality,Phone,Critical,AGT-261,Resolved,5.0
TKT-0007517,CUS-004141,2021-01-28 20:00:00,2021-02-01 19:00:00,Payment,Chat,Medium,AGT-021,Resolved,
TKT-0007518,CUS-008713,2023-12-28 23:00:00,,Product Quality,Social,Medium,AGT-207,Open,
TKT-0007519,CUS-003352,2023-06-28 07:00:00,2023-07-01 19:00:00,Product Quality,Store,Low,AGT-269,Resolved,3.0
TKT-0007520,CUS-001627,2023-05-27 08:00:00,2023-05-31 07:00:00,Returns,Chat,Low,AGT-211,Resolved,5.0
TKT-0007521,CUS-004219,2025-09-04 08:00:00,2025-09-06 05:00:00,Delivery,Store,Medium,AGT-191,Resolved,
TKT-0007522,CUS-004908,2021-02-17 19:00:00,2021-02-22 16:00:00,Delivery,Store,Low,AGT-083,Resolved,2.0
TKT-0007523,CUS-001509,2025-01-02 00:00:00,2025-01-05 01:00:00,Product Quality,Social,Low,AGT-164,Closed,4.0
TKT-0007524,CUS-005536,2023-10-11 07:00:00,,Payment,Phone,Low,AGT-180,Open,
TKT-0007525,CUS-005178,2020-08-27 20:00:00,2020-08-28 05:00:00,Returns,Store,Medium,AGT-006,Resolved,5.0
TKT-0007526,CUS-007848,2022-11-19 05:00:00,2022-11-20 05:00:00,Returns,Phone,Low,AGT-052,Resolved,5.0
TKT-0007527,CUS-000408,2025-02-02 01:00:00,2025-02-06 08:00:00,Delivery,Phone,Critical,AGT-038,Resolved,
TKT-0007528,CUS-000633,2024-03-19 07:00:00,2024-03-20 06:00:00,Delivery,Chat,Low,AGT-320,Resolved,3.0
TKT-0007529,CUS-008586,2024-10-21 12:00:00,2024-10-23 21:00:00,Delivery,Email,Low,AGT-163,Closed,
TKT-0007530,CUS-004916,2025-02-25 14:00:00,2025-02-27 21:00:00,Delivery,Chat,Low,AGT-281,Resolved,5.0
TKT-0007531,CUS-002095,2022-12-11 05:00:00,2022-12-12 09:00:00,Account,Email,Medium,AGT-274,Closed,3.0
TKT-0007532,CUS-007201,2026-07-09 01:00:00,2026-07-13 13:00:00,Payment,Chat,Medium,AGT-115,Closed,4.0
TKT-0007533,CUS-007434,2024-12-16 21:00:00,2024-12-18 10:00:00,Technical,Social,High,AGT-271,Resolved,4.0
TKT-0007534,CUS-010276,2021-11-03 20:00:00,2021-11-04 04:00:00,Delivery,Store,Medium,AGT-140,Resolved,5.0
TKT-0007535,CUS-003749,2024-06-13 17:00:00,,Delivery,Store,Low,AGT-137,Open,
TKT-0007536,CUS-005441,2025-10-20 22:00:00,,Product Quality,Phone,Low,AGT-159,Open,
TKT-0007537,CUS-002492,2024-02-13 15:00:00,2024-02-16 07:00:00,Promotion,Phone,Medium,AGT-297,Resolved,3.0
TKT-0007538,CUS-008405,2026-03-17 00:00:00,2026-03-18 20:00:00,Returns,Social,Low,AGT-006,Resolved,5.0
TKT-0007539,CUS-006954,2021-11-08 03:00:00,2021-11-11 06:00:00,Delivery,Chat,Low,AGT-091,Resolved,4.0
TKT-0007540,CUS-009680,2026-08-22 18:00:00,2026-08-27 00:00:00,Delivery,Store,Low,AGT-069,Resolved,3.0
TKT-0007541,CUS-011745,2021-01-13 07:00:00,2021-01-17 14:00:00,Delivery,Store,Low,AGT-165,Resolved,
TKT-0007542,CUS-005241,2024-01-12 10:00:00,2024-01-12 17:00:00,Delivery,Social,Medium,AGT-149,Resolved,3.0
TKT-0007543,CUS-007624,2024-08-19 03:00:00,2024-08-20 01:00:00,Promotion,Chat,Low,AGT-092,Resolved,5.0
TKT-0007544,CUS-000890,2020-12-10 21:00:00,2020-12-13 16:00:00,Promotion,Email,Medium,AGT-179,Closed,5.0
TKT-0007545,CUS-006716,2024-01-26 16:00:00,2024-01-29 14:00:00,Product Quality,Email,High,AGT-282,Resolved,1.0
TKT-0007546,CUS-004044,2026-05-04 04:00:00,2026-05-08 14:00:00,Returns,Social,High,AGT-157,Resolved,3.0
TKT-0007547,CUS-004997,2025-05-19 19:00:00,2025-05-21 02:00:00,Account,Email,Medium,AGT-058,Resolved,
TKT-0007548,CUS-010452,2020-01-22 01:00:00,,Promotion,Social,Medium,AGT-321,Open,
TKT-0007549,CUS-001638,2020-12-22 22:00:00,2020-12-26 21:00:00,Promotion,Email,Low,AGT-244,Resolved,
TKT-0007550,CUS-004963,2020-01-10 00:00:00,2020-01-11 09:00:00,Returns,Social,Critical,AGT-122,Resolved,
TKT-0007551,CUS-011077,2022-11-05 21:00:00,2022-11-07 22:00:00,Product Quality,Email,Low,AGT-318,Resolved,5.0
TKT-0007552,CUS-007579,2024-10-31 16:00:00,2024-11-03 10:00:00,Returns,Social,High,AGT-034,Resolved,
TKT-0007553,CUS-008113,2024-11-03 07:00:00,2024-11-08 02:00:00,Product Quality,Phone,Medium,AGT-161,Resolved,5.0
TKT-0007554,CUS-003927,2025-09-10 15:00:00,2025-09-11 21:00:00,Delivery,Social,Low,AGT-114,Resolved,4.0
TKT-0007555,CUS-003735,2020-09-08 10:00:00,2020-09-12 01:00:00,Product Quality,Phone,Medium,AGT-086,Resolved,5.0
TKT-0007556,CUS-008033,2025-01-19 17:00:00,2025-01-20 10:00:00,Returns,Social,Low,AGT-163,Resolved,4.0
TKT-0007557,CUS-004057,2020-01-02 14:00:00,,Payment,Email,Low,AGT-294,Open,
TKT-0007558,CUS-011219,2021-06-01 04:00:00,,Promotion,Phone,Medium,AGT-015,Open,
TKT-0007559,CUS-005322,2023-01-25 11:00:00,2023-01-28 04:00:00,Technical,Chat,Low,AGT-205,Resolved,
TKT-0007560,CUS-008764,2023-10-21 08:00:00,2023-10-25 22:00:00,Returns,Email,Medium,AGT-264,Resolved,4.0
TKT-0007561,CUS-010058,2022-09-14 08:00:00,2022-09-15 12:00:00,Delivery,Social,Medium,AGT-315,Resolved,
TKT-0007562,CUS-001105,2024-05-23 08:00:00,2024-05-24 22:00:00,Product Quality,Social,High,AGT-014,Resolved,
TKT-0007563,CUS-009645,2026-07-31 02:00:00,2026-08-02 22:00:00,Returns,Phone,Medium,AGT-029,Resolved,
TKT-0007564,CUS-003873,2020-11-11 19:00:00,2020-11-12 03:00:00,Promotion,Social,Medium,AGT-055,Resolved,
TKT-0007565,CUS-006174,2024-11-11 08:00:00,2024-11-14 01:00:00,Technical,Email,Low,AGT-306,Resolved,5.0
TKT-0007566,CUS-006498,2024-05-01 02:00:00,2024-05-06 00:00:00,Returns,Email,Low,AGT-121,Resolved,
TKT-0007567,CUS-003797,2026-08-24 11:00:00,2026-08-27 06:00:00,Payment,Store,Medium,AGT-290,Resolved,
TKT-0007568,CUS-009613,2025-01-02 10:00:00,2025-01-05 07:00:00,Returns,Store,Medium,AGT-125,Resolved,
TKT-0007569,CUS-009732,2025-10-25 16:00:00,2025-10-29 13:00:00,Account,Phone,High,AGT-022,Closed,3.0
TKT-0007570,CUS-008935,2026-06-04 03:00:00,2026-06-06 18:00:00,Returns,Phone,Low,AGT-056,Resolved,
TKT-0007571,CUS-005564,2025-11-01 10:00:00,2025-11-04 22:00:00,Delivery,Chat,High,AGT-131,Resolved,
TKT-0007572,CUS-009540,2025-10-20 16:00:00,2025-10-25 07:00:00,Promotion,Email,Medium,AGT-201,Resolved,2.0
TKT-0007573,CUS-006983,2024-01-03 05:00:00,2024-01-03 20:00:00,Delivery,Store,Medium,AGT-015,Closed,5.0
TKT-0007574,CUS-010115,2025-05-30 22:00:00,2025-06-02 00:00:00,Delivery,Email,Medium,AGT-133,Resolved,
TKT-0007575,CUS-008066,2020-12-14 07:00:00,2020-12-14 18:00:00,Delivery,Phone,Low,AGT-256,Closed,2.0
TKT-0007576,CUS-000470,2025-01-06 22:00:00,2025-01-09 22:00:00,Payment,Email,High,AGT-163,Resolved,
TKT-0007577,CUS-008232,2020-09-01 04:00:00,2020-09-04 11:00:00,Payment,Phone,Low,AGT-010,Resolved,
TKT-0007578,CUS-005666,2020-03-31 19:00:00,2020-04-05 12:00:00,Delivery,Store,Critical,AGT-193,Resolved,5.0
TKT-0007579,CUS-006444,2021-08-06 07:00:00,2021-08-09 13:00:00,Delivery,Store,High,AGT-114,Closed,3.0
TKT-0007580,CUS-003072,2020-05-13 18:00:00,2020-05-15 14:00:00,Product Quality,Chat,Medium,AGT-320,Resolved,5.0
TKT-0007581,CUS-002467,2023-11-28 11:00:00,,Returns,Email,Medium,AGT-066,Open,
TKT-0007582,CUS-008049,2021-01-24 02:00:00,2021-01-25 21:00:00,Payment,Social,Critical,AGT-305,Resolved,2.0
TKT-0007583,CUS-000768,2026-01-13 12:00:00,2026-01-14 12:00:00,Delivery,Social,Medium,AGT-154,Resolved,
TKT-0007584,CUS-005997,2022-08-12 17:00:00,2022-08-13 06:00:00,Returns,Chat,Medium,AGT-223,Resolved,
TKT-0007585,CUS-004949,2021-12-13 14:00:00,,Payment,Chat,Medium,AGT-111,Open,
TKT-0007586,CUS-000129,2022-11-15 13:00:00,2022-11-16 10:00:00,Promotion,Phone,Medium,AGT-080,Resolved,3.0
TKT-0007587,CUS-003617,2024-04-01 02:00:00,2024-04-03 21:00:00,Product Quality,Email,Medium,AGT-213,Resolved,3.0
TKT-0007588,CUS-011842,2023-06-07 17:00:00,2023-06-12 07:00:00,Technical,Social,Medium,AGT-168,Closed,2.0
TKT-0007589,CUS-005796,2025-08-23 19:00:00,2025-08-24 17:00:00,Returns,Phone,Medium,AGT-010,Resolved,1.0
TKT-0007590,CUS-000727,2022-05-01 20:00:00,2022-05-06 15:00:00,Product Quality,Social,Medium,AGT-240,Closed,
TKT-0007591,CUS-002401,2020-03-08 15:00:00,2020-03-11 06:00:00,Delivery,Chat,Low,AGT-180,Closed,4.0
TKT-0007592,CUS-005234,2021-11-19 07:00:00,2021-11-22 03:00:00,Returns,Email,Medium,AGT-050,Resolved,4.0
TKT-0007593,CUS-011156,2025-06-25 13:00:00,2025-06-30 11:00:00,Delivery,Social,Medium,AGT-041,Resolved,3.0
TKT-0007594,CUS-004638,2022-12-14 03:00:00,2022-12-18 13:00:00,Returns,Social,Low,AGT-264,Resolved,4.0
TKT-0007595,CUS-011335,2025-01-28 02:00:00,2025-02-01 22:00:00,Returns,Phone,Medium,AGT-046,Resolved,5.0
TKT-0007596,CUS-003174,2021-08-04 11:00:00,2021-08-06 05:00:00,Payment,Email,Medium,AGT-255,Resolved,4.0
TKT-0007597,CUS-003207,2021-09-10 18:00:00,2021-09-15 11:00:00,Delivery,Phone,Low,AGT-103,Resolved,5.0
TKT-0007598,CUS-002743,2023-11-28 09:00:00,2023-12-02 15:00:00,Delivery,Chat,Medium,AGT-059,Resolved,
TKT-0007599,CUS-008430,2020-04-10 21:00:00,2020-04-12 20:00:00,Product Quality,Social,Medium,AGT-138,Resolved,5.0
TKT-0007600,CUS-007852,2023-05-13 00:00:00,2023-05-14 02:00:00,Account,Phone,Medium,AGT-287,Resolved,
TKT-0007601,CUS-002962,2022-06-04 17:00:00,2022-06-06 04:00:00,Technical,Phone,Low,AGT-003,Resolved,2.0
TKT-0007602,CUS-004157,2026-03-14 20:00:00,2026-03-19 16:00:00,Promotion,Phone,Medium,AGT-263,Resolved,1.0
TKT-0007603,CUS-010148,2024-11-01 10:00:00,2024-11-05 02:00:00,delivery,Email,Medium,AGT-295,Closed,
TKT-0007604,CUS-007827,2025-06-26 14:00:00,2025-06-30 02:00:00,Technical,Chat,Low,AGT-147,Resolved,3.0
TKT-0007605,CUS-002703,2020-04-24 09:00:00,2020-04-28 23:00:00,Product Quality,Email,Medium,AGT-211,Resolved,5.0
TKT-0007606,CUS-004785,2022-09-02 15:00:00,,Delivery,Store,Critical,AGT-289,Open,
TKT-0007607,CUS-007267,2025-07-15 22:00:00,2025-07-16 04:00:00,Product Quality,Phone,High,AGT-202,Resolved,5.0
TKT-0007608,CUS-005834,2026-07-12 05:00:00,2026-07-14 12:00:00,Account,Social,Low,AGT-089,Resolved,
TKT-0007609,CUS-001057,2021-08-13 21:00:00,,Delivery,Social,Low,AGT-258,Open,
TKT-0007610,CUS-007877,2026-05-31 02:00:00,2026-06-03 15:00:00,Delivery,Social,High,AGT-111,Resolved,4.0
TKT-0007611,CUS-006010,2022-01-07 23:00:00,2022-01-09 15:00:00,Product Quality,Email,Medium,AGT-022,Resolved,
TKT-0007612,CUS-000224,2024-03-04 18:00:00,,Product Quality,Store,Medium,AGT-156,Open,
TKT-0007613,CUS-008911,2020-05-08 03:00:00,,Technical,Phone,High,AGT-031,Open,
TKT-0007614,CUS-003915,2020-03-02 00:00:00,2020-03-06 01:00:00,Technical,Phone,High,AGT-084,Resolved,3.0
TKT-0007615,CUS-007672,2023-04-15 01:00:00,2023-04-16 14:00:00,Delivery,Social,Low,AGT-043,Resolved,
TKT-0007616,CUS-008212,2022-10-18 02:00:00,,Account,Social,Low,AGT-055,Open,
TKT-0007617,CUS-000869,2025-11-17 11:00:00,2025-11-21 13:00:00,Product Quality,Store,Low,AGT-140,Resolved,
TKT-0007618,CUS-006175,2025-08-01 01:00:00,2025-08-04 15:00:00,Promotion,Store,Low,AGT-047,Resolved,
TKT-0007619,CUS-006467,2020-11-22 02:00:00,,Delivery,Phone,Low,AGT-229,Open,
TKT-0007620,CUS-006535,2021-08-04 23:00:00,2021-08-07 02:00:00,Technical,Store,High,AGT-168,Resolved,
TKT-0007621,CUS-001645,2025-04-09 04:00:00,2025-04-11 13:00:00,Payment,Email,Medium,AGT-344,Resolved,
TKT-0007622,CUS-002146,2022-03-19 19:00:00,2022-03-20 11:00:00,Account,Email,Low,AGT-222,Resolved,
TKT-0007623,CUS-005288,2020-07-08 15:00:00,2020-07-09 12:00:00,Technical,Social,Low,AGT-182,Resolved,
TKT-0007624,CUS-005204,2020-01-31 04:00:00,2020-02-04 10:00:00,Product Quality,Store,Medium,AGT-106,Resolved,3.0
TKT-0007625,CUS-001204,2024-02-09 11:00:00,2024-02-13 07:00:00,Payment,Phone,Medium,AGT-323,Closed,
TKT-0007626,CUS-011653,2026-04-25 10:00:00,2026-04-29 22:00:00,Promotion,Phone,Medium,AGT-301,Resolved,4.0
TKT-0007627,CUS-008618,2023-02-13 14:00:00,2023-02-14 21:00:00,Technical,Email,High,AGT-254,Resolved,4.0
TKT-0007628,CUS-007174,2023-12-29 03:00:00,2023-12-30 12:00:00,Returns,Email,Medium,AGT-246,Resolved,
TKT-0007629,CUS-004313,2020-04-22 01:00:00,2020-04-22 07:00:00,Product Quality,Phone,Medium,AGT-184,Resolved,2.0
TKT-0007630,CUS-000283,2022-06-14 01:00:00,2022-06-17 11:00:00,Technical,Email,Medium,AGT-054,Resolved,4.0
TKT-0007631,CUS-005515,2024-12-09 12:00:00,2024-12-10 12:00:00,Delivery,Chat,Low,AGT-286,Closed,5.0
TKT-0007632,CUS-002939,2024-05-05 14:00:00,2024-05-08 15:00:00,Payment,Store,High,AGT-252,Resolved,5.0
TKT-0007633,CUS-001138,2024-05-28 06:00:00,2024-05-31 11:00:00,Delivery,Chat,Medium,AGT-310,Resolved,3.0
TKT-0007634,CUS-006628,2023-05-27 07:00:00,2023-05-29 13:00:00,Delivery,Chat,Medium,AGT-081,Resolved,4.0
TKT-0007635,CUS-011684,2025-11-08 14:00:00,2025-11-11 14:00:00,Payment,Store,Medium,AGT-117,Resolved,4.0
TKT-0007636,CUS-010871,2025-01-14 15:00:00,,Payment,Store,Low,AGT-140,Open,
TKT-0007637,CUS-001345,2025-08-22 11:00:00,2025-08-26 13:00:00,Delivery,Email,Medium,AGT-182,Resolved,
TKT-0007638,CUS-000256,2024-04-18 14:00:00,2024-04-19 07:00:00,Account,Store,High,AGT-026,Resolved,
TKT-0007639,CUS-001609,2022-12-27 15:00:00,2022-12-31 09:00:00,Product Quality,Phone,Medium,AGT-035,Closed,4.0
TKT-0007640,CUS-003412,2023-01-18 17:00:00,2023-01-22 20:00:00,Returns,Chat,Low,AGT-320,Resolved,
TKT-0007641,CUS-007445,2022-08-08 22:00:00,2022-08-09 05:00:00,Promotion,Social,Medium,AGT-243,Resolved,4.0
TKT-0007642,CUS-005699,2024-02-17 11:00:00,2024-02-18 21:00:00,Returns,Store,Low,AGT-289,Resolved,4.0
TKT-0007643,CUS-006319,2023-08-22 12:00:00,2023-08-25 09:00:00,Returns,Social,Medium,AGT-017,Closed,
TKT-0007644,CUS-003171,2021-12-31 00:00:00,2021-12-31 21:00:00,Returns,Store,Low,AGT-012,Resolved,
TKT-0007645,CUS-007248,2020-09-14 03:00:00,,Delivery,Phone,Medium,AGT-117,Open,
TKT-0007646,CUS-004453,2022-05-29 18:00:00,2022-06-01 04:00:00,Delivery,Phone,Low,AGT-258,Resolved,
TKT-0007647,CUS-003196,2022-12-14 04:00:00,2022-12-17 07:00:00,Returns,Phone,Medium,AGT-123,Resolved,5.0
TKT-0007648,CUS-004703,2025-08-27 03:00:00,2025-08-30 15:00:00,Returns,Store,Critical,AGT-251,Resolved,5.0
TKT-0007649,CUS-009235,2026-03-23 11:00:00,2026-03-24 03:00:00,Promotion,Social,Medium,AGT-008,Resolved,2.0
TKT-0007650,CUS-007111,2022-12-12 16:00:00,2022-12-12 18:00:00,Delivery,Email,Medium,AGT-153,Resolved,4.0
TKT-0007651,CUS-003118,2021-12-05 09:00:00,2021-12-05 15:00:00,Returns,Phone,Low,AGT-230,Resolved,5.0
TKT-0007652,CUS-004910,2020-10-03 07:00:00,2020-10-08 04:00:00,Returns,Social,Medium,AGT-169,Resolved,1.0
TKT-0007653,CUS-008564,2023-10-17 18:00:00,2023-10-20 18:00:00,Payment,Store,High,AGT-148,Closed,4.0
TKT-0007654,CUS-009761,2021-10-04 08:00:00,2021-10-05 05:00:00,Account,Chat,Medium,AGT-041,Resolved,4.0
TKT-0007655,CUS-002151,2025-01-28 08:00:00,2025-01-31 09:00:00,Delivery,Email,Medium,AGT-183,Resolved,5.0
TKT-0007656,CUS-002740,2020-07-10 14:00:00,2020-07-13 14:00:00,Promotion,Email,Low,AGT-263,Closed,4.0
TKT-0007657,CUS-001955,2026-04-06 20:00:00,2026-04-09 13:00:00,Promotion,Store,Low,AGT-083,Resolved,4.0
TKT-0007658,CUS-003830,2026-01-20 00:00:00,,Returns,Chat,Medium,AGT-214,Open,
TKT-0007659,CUS-008721,2020-07-19 13:00:00,2020-07-22 10:00:00,Returns,Store,Medium,AGT-131,Resolved,
TKT-0007660,CUS-002570,2020-04-15 06:00:00,2020-04-19 21:00:00,Returns,Social,Medium,AGT-293,Resolved,
TKT-0007661,CUS-007922,2022-12-12 14:00:00,,Returns,Store,High,AGT-067,Open,
TKT-0007662,CUS-002738,2020-03-02 08:00:00,2020-03-02 14:00:00,Returns,Social,Medium,AGT-038,Resolved,
TKT-0007663,CUS-008190,2024-07-13 09:00:00,2024-07-15 14:00:00,delivery,Chat,Medium,AGT-324,Resolved,
TKT-0007664,CUS-001642,2022-08-28 00:00:00,2022-09-01 01:00:00,Delivery,Email,Medium,AGT-198,Resolved,
TKT-0007665,CUS-006842,2021-08-18 18:00:00,2021-08-20 05:00:00,Payment,Social,Medium,AGT-140,Resolved,4.0
TKT-0007666,CUS-002826,2021-12-20 01:00:00,2021-12-23 21:00:00,Product Quality,Phone,High,AGT-149,Resolved,3.0
TKT-0007667,CUS-011086,2020-08-07 23:00:00,2020-08-12 13:00:00,Delivery,Store,High,AGT-168,Resolved,5.0
TKT-0007668,CUS-011132,2026-06-27 01:00:00,2026-06-28 07:00:00,Account,Chat,Low,AGT-070,Resolved,4.0
TKT-0007669,CUS-010264,2023-09-26 01:00:00,2023-09-29 23:00:00,Promotion,Chat,Low,AGT-239,Resolved,2.0
TKT-0007670,CUS-005174,2025-04-18 04:00:00,2025-04-21 14:00:00,Product Quality,Store,Low,AGT-090,Resolved,5.0
TKT-0007671,CUS-010645,2021-09-11 16:00:00,2021-09-13 03:00:00,Payment,Email,High,AGT-146,Closed,3.0
TKT-0007672,CUS-002650,2020-10-18 19:00:00,2020-10-23 14:00:00,Delivery,Store,Medium,AGT-077,Resolved,
TKT-0007673,CUS-006219,2023-02-19 12:00:00,2023-02-22 14:00:00,Account,Store,Medium,AGT-045,Resolved,5.0
TKT-0007674,CUS-000737,2025-12-01 07:00:00,,Account,Phone,High,AGT-025,Open,
TKT-0007675,CUS-006306,2021-10-23 00:00:00,2021-10-23 19:00:00,Technical,Store,High,AGT-153,Resolved,
TKT-0007676,CUS-002386,2023-05-30 10:00:00,2023-06-01 10:00:00,Delivery,Store,Medium,AGT-298,Closed,
TKT-0007677,CUS-001479,2024-04-08 10:00:00,2024-04-12 22:00:00,Payment,Phone,Medium,AGT-304,Resolved,4.0
TKT-0007678,CUS-009193,2021-05-13 04:00:00,2021-05-17 01:00:00,Delivery,Chat,Low,AGT-173,Resolved,
TKT-0007679,CUS-010153,2020-08-04 23:00:00,2020-08-06 08:00:00,Returns,Store,Low,AGT-322,Resolved,5.0
TKT-0007680,CUS-007921,2026-07-17 06:00:00,,Product Quality,Email,Low,AGT-059,Open,
TKT-0007681,CUS-002398,2021-01-25 14:00:00,2021-01-29 22:00:00,Technical,Chat,Medium,AGT-340,Resolved,5.0
TKT-0007682,CUS-003577,2025-04-03 12:00:00,2025-04-07 15:00:00,Product Quality,Chat,Medium,AGT-316,Resolved,4.0
TKT-0007683,CUS-008308,2023-01-15 04:00:00,2023-01-15 15:00:00,Delivery,Chat,Medium,AGT-269,Resolved,
TKT-0007684,CUS-000398,2024-09-21 19:00:00,2024-09-24 12:00:00,Product Quality,Social,Medium,AGT-061,Resolved,
TKT-0007685,CUS-009175,2026-06-30 18:00:00,2026-07-01 12:00:00,Technical,Phone,Low,AGT-006,Resolved,5.0
TKT-0007686,CUS-008631,2022-03-29 01:00:00,,Delivery,Phone,High,AGT-243,Open,
TKT-0007687,CUS-007592,2022-07-20 01:00:00,,Delivery,Phone,Low,AGT-064,Open,
TKT-0007688,CUS-007196,2020-10-16 13:00:00,2020-10-18 03:00:00,Product Quality,Store,Medium,AGT-305,Resolved,5.0
TKT-0007689,CUS-003912,2022-09-19 06:00:00,2022-09-22 20:00:00,Delivery,Email,Low,AGT-269,Resolved,
TKT-0007690,CUS-006198,2021-12-20 08:00:00,2021-12-23 08:00:00,Account,Social,Low,AGT-296,Closed,5.0
TKT-0007691,CUS-010663,2025-01-12 12:00:00,2025-01-15 01:00:00,Product Quality,Email,Medium,AGT-153,Resolved,2.0
TKT-0007692,CUS-003148,2025-09-11 23:00:00,2025-09-15 08:00:00,Product Quality,Email,Low,AGT-220,Resolved,4.0
TKT-0007693,CUS-003167,2026-07-29 16:00:00,2026-08-03 03:00:00,Technical,Phone,Low,AGT-077,Resolved,1.0
TKT-0007694,CUS-004351,2025-02-16 04:00:00,2025-02-16 11:00:00,Promotion,Email,Low,AGT-332,Resolved,5.0
TKT-0007695,CUS-002766,2024-05-30 23:00:00,2024-06-02 00:00:00,Returns,Chat,Medium,AGT-344,Resolved,
TKT-0007696,CUS-005751,2025-09-12 06:00:00,2025-09-14 00:00:00,Delivery,Chat,Low,AGT-242,Resolved,4.0
TKT-0007697,CUS-009098,2021-10-08 04:00:00,,Returns,Store,High,AGT-044,Open,
TKT-0007698,CUS-003593,2025-01-09 00:00:00,2025-01-11 08:00:00,Returns,Social,Medium,AGT-029,Closed,
TKT-0007699,CUS-001965,2021-01-08 06:00:00,2021-01-13 00:00:00,Product Quality,Phone,Low,AGT-319,Resolved,4.0
TKT-0007700,CUS-009426,2026-05-30 12:00:00,2026-06-02 19:00:00,Delivery,Email,High,AGT-252,Closed,4.0
TKT-0007701,CUS-009757,2022-12-16 20:00:00,2022-12-20 08:00:00,Product Quality,Email,Medium,AGT-342,Resolved,
TKT-0007702,CUS-005098,2022-12-05 11:00:00,2022-12-08 16:00:00,Returns,Chat,Medium,AGT-041,Resolved,3.0
TKT-0007703,CUS-000705,2024-03-18 23:00:00,2024-03-19 17:00:00,Product Quality,Phone,High,AGT-229,Resolved,4.0
TKT-0007704,CUS-005809,2023-06-26 05:00:00,2023-06-30 09:00:00,Account,Store,Medium,AGT-200,Resolved,5.0
TKT-0007705,CUS-010338,2020-04-09 06:00:00,2020-04-10 05:00:00,Delivery,Phone,Medium,AGT-175,Resolved,5.0
TKT-0007706,CUS-010363,2023-01-01 16:00:00,2023-01-04 22:00:00,Delivery,Phone,Medium,AGT-315,Resolved,
TKT-0007707,CUS-006223,2023-09-20 06:00:00,2023-09-22 07:00:00,Delivery,Chat,High,AGT-285,Resolved,
TKT-0007708,CUS-001953,2024-11-30 08:00:00,2024-12-04 06:00:00,Returns,Phone,Low,AGT-124,Resolved,
TKT-0007709,CUS-007161,2020-08-28 22:00:00,2020-09-01 03:00:00,Returns,Chat,Low,AGT-065,Resolved,4.0
TKT-0007710,CUS-001505,2026-02-03 03:00:00,2026-02-07 19:00:00,Payment,Phone,Medium,AGT-148,Resolved,4.0
TKT-0007711,CUS-003902,2025-03-25 20:00:00,,Technical,Social,Low,AGT-266,Open,
TKT-0007712,CUS-000827,2021-02-08 00:00:00,2021-02-12 04:00:00,Returns,Store,Low,AGT-325,Closed,
TKT-0007713,CUS-004624,2023-09-30 01:00:00,2023-10-03 12:00:00,Promotion,Email,Medium,AGT-168,Resolved,
TKT-0007714,CUS-001966,2021-04-24 15:00:00,2021-04-26 06:00:00,Delivery,Store,Low,AGT-223,Closed,
TKT-0007715,CUS-006437,2023-11-20 16:00:00,2023-11-24 23:00:00,Delivery,Email,Critical,AGT-235,Closed,5.0
TKT-0007716,CUS-011943,2023-04-30 00:00:00,2023-05-04 19:00:00,Returns,Email,Low,AGT-090,Resolved,
TKT-0007717,CUS-008745,2025-09-02 04:00:00,2025-09-02 18:00:00,Delivery,Chat,Medium,AGT-009,Resolved,
TKT-0007718,CUS-009317,2022-03-19 03:00:00,,Delivery,Social,Medium,AGT-032,Open,
TKT-0007719,CUS-007161,2023-08-14 11:00:00,2023-08-17 14:00:00,Delivery,Social,High,AGT-157,Resolved,5.0
TKT-0007720,CUS-011115,2023-08-24 18:00:00,2023-08-25 12:00:00,Delivery,Chat,Medium,AGT-194,Resolved,3.0
TKT-0007721,CUS-004670,2021-02-19 16:00:00,2021-02-22 05:00:00,Delivery,Email,Medium,AGT-037,Resolved,5.0
TKT-0007722,CUS-000412,2022-03-24 08:00:00,2022-03-25 09:00:00,Delivery,Store,Low,AGT-293,Resolved,
TKT-0007723,CUS-009504,2024-08-31 14:00:00,2024-08-31 21:00:00,Delivery,Chat,High,AGT-150,Resolved,3.0
TKT-0007724,CUS-009616,2026-06-29 19:00:00,2026-07-01 16:00:00,Returns,Chat,Low,AGT-090,Resolved,4.0
TKT-0007725,CUS-008132,2022-07-20 10:00:00,2022-07-21 04:00:00,Delivery,Email,Low,AGT-192,Resolved,
TKT-0007726,CUS-002640,2024-09-10 03:00:00,2024-09-12 02:00:00,Delivery,Store,Medium,AGT-027,Resolved,4.0
TKT-0007727,CUS-001259,2022-07-11 19:00:00,2022-07-12 23:00:00,Returns,Store,Medium,AGT-092,Closed,3.0
TKT-0007728,CUS-006626,2021-03-05 14:00:00,2021-03-08 12:00:00,Payment,Chat,Medium,AGT-025,Resolved,
TKT-0007729,CUS-002932,2022-01-04 21:00:00,2022-01-07 14:00:00,Delivery,Social,Low,AGT-083,Resolved,4.0
TKT-0007730,CUS-010747,2020-03-16 16:00:00,2020-03-19 00:00:00,Technical,Social,Medium,AGT-350,Closed,
TKT-0007731,CUS-000173,2025-08-22 07:00:00,2025-08-25 15:00:00,Promotion,Store,Low,AGT-114,Resolved,
TKT-0007732,CUS-005818,2025-01-17 17:00:00,2025-01-19 17:00:00,Returns,Social,High,AGT-103,Resolved,
TKT-0007733,CUS-002846,2023-04-16 01:00:00,2023-04-18 16:00:00,Technical,Email,Medium,AGT-242,Resolved,4.0
TKT-0007734,CUS-009532,2022-06-08 20:00:00,2022-06-12 14:00:00,Delivery,Email,Medium,AGT-218,Resolved,5.0
TKT-0007735,CUS-005593,2020-07-07 19:00:00,2020-07-10 19:00:00,Account,Chat,Medium,AGT-085,Resolved,5.0
TKT-0007736,CUS-005637,2022-04-04 21:00:00,,Technical,Phone,Low,AGT-286,Open,
TKT-0007737,CUS-006184,2020-07-05 23:00:00,2020-07-08 03:00:00,Delivery,Store,Low,AGT-024,Resolved,
TKT-0007738,CUS-005658,2022-09-03 15:00:00,2022-09-04 19:00:00,Delivery,Phone,Low,AGT-221,Resolved,
TKT-0007739,CUS-010728,2026-07-18 06:00:00,2026-07-19 13:00:00,Promotion,Chat,Low,AGT-150,Closed,3.0
TKT-0007740,CUS-009375,2020-09-25 13:00:00,2020-09-25 20:00:00,Promotion,Social,Low,AGT-068,Resolved,
TKT-0007741,CUS-004379,2025-03-01 15:00:00,,Delivery,Social,Low,AGT-316,Open,
TKT-0007742,CUS-011845,2025-08-22 16:00:00,2025-08-22 17:00:00,Technical,Social,Medium,AGT-063,Resolved,
TKT-0007743,CUS-011135,2024-12-10 02:00:00,2024-12-13 18:00:00,Delivery,Chat,Low,AGT-058,Resolved,
TKT-0007744,CUS-010282,2020-12-28 17:00:00,2020-12-31 01:00:00,Returns,Email,Low,AGT-144,Resolved,2.0
TKT-0007745,CUS-001675,2024-01-23 12:00:00,2024-01-25 03:00:00,Returns,Social,Low,AGT-214,Resolved,5.0
TKT-0007746,CUS-006026,2025-03-04 05:00:00,2025-03-07 01:00:00,Product Quality,Chat,Low,AGT-019,Closed,
TKT-0007747,CUS-010100,2020-02-15 00:00:00,2020-02-15 02:00:00,Product Quality,Chat,Medium,AGT-114,Resolved,1.0
TKT-0007748,CUS-002546,2021-05-18 04:00:00,2021-05-21 23:00:00,Product Quality,Email,Medium,AGT-056,Resolved,2.0
TKT-0007749,CUS-007077,2020-03-25 17:00:00,2020-03-29 20:00:00,Returns,Phone,Low,AGT-028,Closed,4.0
TKT-0007750,CUS-008407,2024-06-17 23:00:00,2024-06-21 06:00:00,Returns,Store,Medium,AGT-194,Resolved,
TKT-0007751,CUS-010737,2024-06-28 18:00:00,2024-07-03 00:00:00,Promotion,Phone,Medium,AGT-062,Resolved,
TKT-0007752,CUS-010320,2022-02-10 14:00:00,,Returns,Email,Medium,AGT-094,Open,
TKT-0007753,CUS-006933,2023-07-28 05:00:00,,Delivery,Phone,Low,AGT-266,Open,
TKT-0007754,CUS-006026,2025-07-03 17:00:00,2025-07-04 14:00:00,Product Quality,Social,Low,AGT-194,Resolved,5.0
TKT-0007755,CUS-009526,2026-01-14 05:00:00,2026-01-16 02:00:00,Delivery,Phone,Medium,AGT-223,Resolved,
TKT-0007756,CUS-006499,2021-12-24 10:00:00,2021-12-29 04:00:00,Delivery,Social,Low,AGT-280,Closed,4.0
TKT-0007757,CUS-007112,2021-03-28 04:00:00,2021-04-01 05:00:00,Returns,Email,Medium,AGT-174,Resolved,1.0
TKT-0007758,CUS-011587,2024-01-02 06:00:00,2024-01-03 22:00:00,Returns,Social,Medium,AGT-289,Resolved,
TKT-0007759,CUS-002575,2023-07-21 02:00:00,2023-07-25 14:00:00,Delivery,Chat,Medium,AGT-280,Resolved,
TKT-0007760,CUS-011317,2023-05-31 21:00:00,2023-06-01 22:00:00,Delivery,Phone,High,AGT-247,Resolved,3.0
TKT-0007761,CUS-011661,2024-01-22 13:00:00,,Delivery,Store,Medium,AGT-293,Open,
TKT-0007762,CUS-005059,2025-01-04 16:00:00,2025-01-08 17:00:00,Product Quality,Store,Medium,AGT-236,Closed,5.0
TKT-0007763,CUS-008827,2021-08-08 14:00:00,2021-08-08 21:00:00,Promotion,Chat,Critical,AGT-251,Closed,5.0
TKT-0007764,CUS-003446,2023-10-14 20:00:00,2023-10-17 14:00:00,Technical,Social,Low,AGT-250,Resolved,
TKT-0007765,CUS-002160,2025-01-17 07:00:00,2025-01-21 10:00:00,Technical,Social,Low,AGT-040,Closed,3.0
TKT-0007766,CUS-002535,2025-12-24 12:00:00,2025-12-27 22:00:00,Delivery,Chat,High,AGT-189,Resolved,4.0
TKT-0007767,CUS-000760,2025-12-10 16:00:00,2025-12-12 19:00:00,Delivery,Email,Low,AGT-242,Resolved,3.0
TKT-0007768,CUS-005561,2025-08-28 19:00:00,,Payment,Social,Medium,AGT-169,Open,
TKT-0007769,CUS-010587,2023-08-29 16:00:00,2023-09-01 09:00:00,Product Quality,Social,Medium,AGT-145,Resolved,
TKT-0007770,CUS-006723,2022-09-18 20:00:00,,Payment,Phone,Low,AGT-131,Open,
TKT-0007771,CUS-011465,2025-11-03 13:00:00,2025-11-05 05:00:00,Returns,Phone,Low,AGT-294,Resolved,
TKT-0007772,CUS-005673,2023-01-09 11:00:00,2023-01-13 10:00:00,Delivery,Store,Low,AGT-085,Resolved,4.0
TKT-0007773,CUS-009830,2020-09-05 18:00:00,2020-09-09 18:00:00,Payment,Social,Medium,AGT-338,Resolved,5.0
TKT-0007774,CUS-001727,2021-02-11 07:00:00,2021-02-15 14:00:00,Returns,Phone,Medium,AGT-014,Resolved,
TKT-0007775,CUS-000663,2021-10-02 04:00:00,2021-10-04 11:00:00,Payment,Social,Low,AGT-168,Resolved,
TKT-0007776,CUS-011318,2026-04-29 07:00:00,2026-05-02 04:00:00,Delivery,Store,Low,AGT-327,Closed,
TKT-0007777,CUS-006368,2022-06-19 15:00:00,2022-06-22 21:00:00,Delivery,Chat,Low,AGT-070,Resolved,
TKT-0007778,CUS-006367,2021-04-29 07:00:00,2021-05-03 19:00:00,Delivery,Store,Low,AGT-084,Resolved,
TKT-0007779,CUS-005633,2021-06-24 00:00:00,,Technical,Store,High,AGT-123,Open,
TKT-0007780,CUS-010947,2024-09-14 13:00:00,2024-09-17 03:00:00,Promotion,Phone,High,AGT-148,Resolved,4.0
TKT-0007781,CUS-009039,2024-10-06 16:00:00,2024-10-08 10:00:00,Product Quality,Chat,High,AGT-330,Resolved,5.0
TKT-0007782,CUS-004561,2025-02-28 19:00:00,2025-03-04 10:00:00,Product Quality,Phone,High,AGT-005,Resolved,3.0
TKT-0007783,CUS-010318,2025-11-28 18:00:00,2025-11-28 21:00:00,Account,Phone,Low,AGT-004,Resolved,5.0
TKT-0007784,CUS-007469,2024-03-10 14:00:00,2024-03-12 14:00:00,Account,Social,Low,AGT-039,Resolved,3.0
TKT-0007785,CUS-007870,2023-01-05 14:00:00,2023-01-08 23:00:00,Technical,Store,Low,AGT-145,Resolved,5.0
TKT-0007786,CUS-001777,2024-06-13 12:00:00,,Delivery,Email,Medium,AGT-067,Open,
TKT-0007787,CUS-004614,2026-01-14 19:00:00,2026-01-16 10:00:00,Delivery,Email,Medium,AGT-028,Resolved,
TKT-0007788,CUS-005209,2026-05-03 15:00:00,2026-05-04 15:00:00,Returns,Phone,Low,AGT-027,Resolved,3.0
TKT-0007789,CUS-008311,2022-04-21 12:00:00,2022-04-25 21:00:00,Payment,Social,Medium,AGT-099,Resolved,
TKT-0007790,CUS-006420,2024-06-16 14:00:00,2024-06-20 12:00:00,Payment,Chat,High,AGT-230,Resolved,3.0
TKT-0007791,CUS-002155,2025-12-03 13:00:00,2025-12-07 21:00:00,Payment,Chat,Medium,AGT-276,Resolved,
TKT-0007792,CUS-004237,2021-12-17 00:00:00,2021-12-19 22:00:00,Product Quality,Store,Low,AGT-175,Resolved,5.0
TKT-0007793,CUS-006045,2023-09-29 13:00:00,2023-09-30 05:00:00,Delivery,Social,Medium,AGT-296,Closed,
TKT-0007794,CUS-007956,2021-09-12 10:00:00,2021-09-16 05:00:00,Returns,Phone,Low,AGT-305,Closed,
TKT-0007795,CUS-007986,2021-06-06 14:00:00,2021-06-09 22:00:00,Product Quality,Store,Low,AGT-314,Closed,
TKT-0007796,CUS-000402,2020-11-06 10:00:00,2020-11-10 07:00:00,Delivery,Social,Low,AGT-230,Resolved,
TKT-0007797,CUS-007010,2023-06-11 09:00:00,2023-06-13 09:00:00,Account,Email,Medium,AGT-054,Resolved,1.0
TKT-0007798,CUS-000033,2020-09-23 23:00:00,2020-09-27 20:00:00,Payment,Phone,Medium,AGT-020,Resolved,4.0
TKT-0007799,CUS-008671,2024-05-03 07:00:00,2024-05-03 13:00:00,returns,Email,Medium,AGT-215,Resolved,
TKT-0007800,CUS-005894,2024-08-01 22:00:00,,Product Quality,Chat,Low,AGT-214,Open,
TKT-0007801,CUS-006853,2022-09-18 19:00:00,2022-09-21 18:00:00,Technical,Email,High,AGT-329,Resolved,5.0
TKT-0007802,CUS-008292,2023-11-11 07:00:00,2023-11-16 03:00:00,Technical,Phone,Medium,AGT-211,Resolved,
TKT-0007803,CUS-003246,2023-10-28 17:00:00,2023-11-01 08:00:00,Returns,Email,Medium,AGT-074,Resolved,1.0
TKT-0007804,CUS-004937,2024-05-09 01:00:00,2024-05-11 06:00:00,Product Quality,Chat,Medium,AGT-119,Closed,
TKT-0007805,CUS-005379,2021-08-27 02:00:00,2021-08-28 12:00:00,Product Quality,Chat,Medium,AGT-031,Resolved,3.0
TKT-0007806,CUS-004683,2020-05-26 20:00:00,2020-05-27 16:00:00,Delivery,Chat,Medium,AGT-024,Resolved,
TKT-0007807,CUS-011418,2023-01-10 20:00:00,2023-01-14 07:00:00,Returns,Phone,Medium,AGT-258,Resolved,
TKT-0007808,CUS-009050,2020-10-30 23:00:00,,Account,Social,Medium,AGT-159,Open,
TKT-0007809,CUS-008757,2023-09-22 20:00:00,2023-09-25 11:00:00,Technical,Email,Low,AGT-162,Resolved,3.0
TKT-0007810,CUS-008934,2023-10-06 21:00:00,2023-10-06 22:00:00,Returns,Social,Low,AGT-191,Resolved,5.0
TKT-0007811,CUS-011959,2023-11-20 15:00:00,2023-11-22 02:00:00,Delivery,Store,Medium,AGT-240,Resolved,5.0
TKT-0007812,CUS-007274,2023-02-28 04:00:00,2023-03-04 15:00:00,Delivery,Social,Low,AGT-172,Resolved,
TKT-0007813,CUS-008975,2022-11-13 13:00:00,,Delivery,Chat,Medium,AGT-299,Open,
TKT-0007814,CUS-005391,2023-09-20 18:00:00,2023-09-23 03:00:00,Delivery,Email,Medium,AGT-141,Closed,2.0
TKT-0007815,CUS-001337,2023-07-15 23:00:00,2023-07-19 17:00:00,Delivery,Store,Medium,AGT-264,Resolved,
TKT-0007816,CUS-001679,2024-07-14 10:00:00,2024-07-14 15:00:00,Account,Phone,Low,AGT-333,Closed,5.0
TKT-0007817,CUS-006086,2025-03-07 02:00:00,,product quality,Store,Low,AGT-135,Open,
TKT-0007818,CUS-011266,2021-11-26 00:00:00,2021-11-29 10:00:00,Account ,Email,Critical,AGT-074,Resolved,5.0
TKT-0007819,CUS-001376,2024-09-06 21:00:00,2024-09-07 05:00:00,Returns,Email,Low,AGT-318,Resolved,
TKT-0007820,CUS-001908,2021-01-22 15:00:00,2021-01-23 18:00:00,Delivery,Chat,Medium,AGT-091,Resolved,1.0
TKT-0007821,CUS-011185,2026-03-25 00:00:00,,Product Quality,Email,Medium,AGT-321,Open,
TKT-0007822,CUS-004008,2024-08-05 22:00:00,2024-08-08 16:00:00,Payment,Social,High,AGT-011,Resolved,
TKT-0007823,CUS-003356,2021-01-17 23:00:00,2021-01-21 19:00:00,Product Quality,Email,Medium,AGT-006,Resolved,4.0
TKT-0007824,CUS-008882,2023-02-19 06:00:00,2023-02-20 03:00:00,Returns,Phone,Medium,AGT-248,Resolved,1.0
TKT-0007825,CUS-009645,2024-08-31 06:00:00,2024-09-02 23:00:00,Account,Social,Low,AGT-325,Resolved,
TKT-0007826,CUS-008761,2026-08-12 07:00:00,2026-08-15 20:00:00,Payment,Store,Low,AGT-298,Resolved,2.0
TKT-0007827,CUS-008646,2021-03-18 23:00:00,2021-03-19 02:00:00,Product Quality,Chat,High,AGT-348,Resolved,4.0
TKT-0007828,CUS-007893,2021-07-20 10:00:00,2021-07-22 03:00:00,Delivery,Store,Low,AGT-191,Resolved,
TKT-0007829,CUS-003994,2025-03-06 01:00:00,2025-03-06 20:00:00,Promotion,Social,High,AGT-308,Resolved,
TKT-0007830,CUS-007665,2020-07-09 13:00:00,2020-07-11 08:00:00,Payment,Phone,Medium,AGT-309,Resolved,
TKT-0007831,CUS-006843,2024-04-11 22:00:00,,Returns,Social,Medium,AGT-039,Open,
TKT-0007832,CUS-010531,2020-05-01 02:00:00,2020-05-03 07:00:00,Payment,Phone,High,AGT-166,Closed,2.0
TKT-0007833,CUS-001994,2021-07-29 10:00:00,,Returns,Chat,Medium,AGT-216,Open,
TKT-0007834,CUS-004874,2025-01-08 01:00:00,2025-01-11 00:00:00,Payment,Email,Low,AGT-344,Resolved,
TKT-0007835,CUS-005604,2021-04-13 23:00:00,2021-04-15 07:00:00,Product Quality,Social,Medium,AGT-216,Resolved,5.0
TKT-0007836,CUS-001599,2020-08-26 03:00:00,2020-08-29 03:00:00,Delivery,Social,High,AGT-037,Resolved,
TKT-0007837,CUS-007425,2024-12-31 19:00:00,2025-01-03 06:00:00,Payment,Email,Medium,AGT-013,Closed,
TKT-0007838,CUS-008720,2022-11-02 17:00:00,2022-11-06 19:00:00,Payment,Chat,Medium,AGT-069,Resolved,5.0
TKT-0007839,CUS-011204,2026-04-24 07:00:00,2026-04-28 03:00:00,Returns,Store,Medium,AGT-336,Resolved,3.0
TKT-0007840,CUS-006007,2023-11-24 10:00:00,2023-11-28 04:00:00,Delivery,Chat,High,AGT-126,Resolved,5.0
TKT-0007841,CUS-005941,2023-10-22 09:00:00,2023-10-24 07:00:00,Returns,Store,Medium,AGT-167,Resolved,5.0
TKT-0007842,CUS-002267,2023-01-08 15:00:00,2023-01-10 11:00:00,Delivery,Email,Medium,AGT-272,Resolved,5.0
TKT-0007843,CUS-010973,2023-07-02 06:00:00,2023-07-05 08:00:00,Returns,Email,High,AGT-009,Resolved,4.0
TKT-0007844,CUS-005495,2021-10-24 00:00:00,2021-10-24 10:00:00,Delivery,Phone,High,AGT-262,Resolved,5.0
TKT-0007845,CUS-007427,2021-11-02 05:00:00,2021-11-03 20:00:00,Returns,Email,Low,AGT-171,Closed,3.0
TKT-0007846,CUS-001534,2022-09-29 23:00:00,2022-10-04 13:00:00,Product Quality,Social,Medium,AGT-200,Resolved,
TKT-0007847,CUS-007655,2024-01-09 06:00:00,2024-01-13 08:00:00,Payment,Phone,Medium,AGT-320,Closed,3.0
TKT-0007848,CUS-011758,2026-01-19 04:00:00,2026-01-22 12:00:00,account,Social,Low,AGT-175,Closed,1.0
TKT-0007849,CUS-007606,2024-03-17 01:00:00,2024-03-20 18:00:00,Promotion,Social,Medium,AGT-161,Resolved,4.0
TKT-0007850,CUS-002152,2025-07-14 18:00:00,2025-07-18 17:00:00,Account,Social,Medium,AGT-005,Resolved,5.0
TKT-0007851,CUS-001944,2020-12-29 22:00:00,2021-01-02 23:00:00,Account,Phone,Medium,AGT-054,Resolved,4.0
TKT-0007852,CUS-011979,2021-02-03 18:00:00,2021-02-06 00:00:00,Product Quality,Phone,Low,AGT-197,Resolved,5.0
TKT-0007853,CUS-010012,2021-01-02 11:00:00,2021-01-06 20:00:00,Delivery,Store,High,AGT-060,Closed,5.0
TKT-0007854,CUS-000332,2023-06-14 12:00:00,,Delivery,Social,Medium,AGT-261,Open,
TKT-0007855,CUS-011422,2022-06-07 07:00:00,2022-06-08 22:00:00,Returns ,Email,Critical,AGT-133,Resolved,5.0
TKT-0007856,CUS-002030,2021-04-09 13:00:00,2021-04-10 23:00:00,Returns,Email,High,AGT-305,Resolved,5.0
TKT-0007857,CUS-003113,2026-05-13 21:00:00,2026-05-16 17:00:00,Promotion,Email,High,AGT-067,Closed,
TKT-0007858,CUS-011357,2022-07-22 16:00:00,2022-07-25 14:00:00,Product Quality,Chat,Low,AGT-274,Resolved,3.0
TKT-0007859,CUS-004924,2021-12-29 07:00:00,2021-12-30 17:00:00,Delivery,Social,Low,AGT-116,Resolved,4.0
TKT-0007860,CUS-007130,2026-02-07 04:00:00,2026-02-09 01:00:00,Delivery,Social,Medium,AGT-286,Closed,5.0
TKT-0007861,CUS-006037,2021-04-19 19:00:00,2021-04-20 02:00:00,Delivery,Email,Critical,AGT-224,Resolved,1.0
TKT-0007862,CUS-008352,2023-01-20 02:00:00,,Product Quality,Phone,Low,AGT-126,Open,
TKT-0007863,CUS-006918,2021-05-24 07:00:00,2021-05-25 16:00:00,Returns,Phone,High,AGT-275,Closed,3.0
TKT-0007864,CUS-004752,2024-10-01 08:00:00,2024-10-04 16:00:00,Delivery,Phone,High,AGT-051,Resolved,
TKT-0007865,CUS-005886,2020-07-19 15:00:00,2020-07-21 10:00:00,Returns,Chat,Critical,AGT-032,Resolved,4.0
TKT-0007866,CUS-010566,2020-04-01 07:00:00,2020-04-02 03:00:00,Product Quality,Store,Medium,AGT-212,Closed,4.0
TKT-0007867,CUS-007655,2025-11-07 02:00:00,2025-11-08 02:00:00,Promotion,Phone,Medium,AGT-105,Resolved,5.0
TKT-0007868,CUS-004025,2020-11-09 10:00:00,2020-11-14 09:00:00,Account,Email,Low,AGT-131,Resolved,
TKT-0007869,CUS-000498,2022-03-19 14:00:00,2022-03-24 09:00:00,Product Quality,Email,Medium,AGT-144,Closed,5.0
TKT-0007870,CUS-009619,2026-02-09 04:00:00,2026-02-10 01:00:00,Promotion,Store,Medium,AGT-298,Resolved,5.0
TKT-0007871,CUS-007572,2025-06-28 20:00:00,2025-06-29 07:00:00,Payment,Phone,Low,AGT-027,Resolved,5.0
TKT-0007872,CUS-002102,2023-03-25 11:00:00,2023-03-26 04:00:00,Product Quality,Chat,Medium,AGT-275,Resolved,5.0
TKT-0007873,CUS-009147,2021-03-19 00:00:00,2021-03-22 02:00:00,Technical,Chat,Medium,AGT-088,Resolved,5.0
TKT-0007874,CUS-011228,2022-07-10 01:00:00,2022-07-12 08:00:00,Account,Store,Medium,AGT-268,Resolved,3.0
TKT-0007875,CUS-001282,2024-09-12 01:00:00,2024-09-15 10:00:00,Delivery,Phone,Medium,AGT-263,Closed,
TKT-0007876,CUS-006426,2022-05-16 01:00:00,,Delivery,Phone,Low,AGT-057,Open,
TKT-0007877,CUS-010437,2021-05-18 09:00:00,2021-05-21 06:00:00,Returns,Store,High,AGT-309,Resolved,5.0
TKT-0007878,CUS-011393,2025-10-24 15:00:00,2025-10-25 22:00:00,Delivery,Chat,Medium,AGT-058,Closed,
TKT-0007879,CUS-004322,2024-09-06 16:00:00,2024-09-09 21:00:00,Delivery,Social,Medium,AGT-026,Resolved,4.0
TKT-0007880,CUS-000607,2026-03-23 13:00:00,2026-03-23 23:00:00,Account,Chat,Medium,AGT-116,Resolved,4.0
TKT-0007881,CUS-010916,2022-07-08 06:00:00,2022-07-10 20:00:00,Technical,Store,High,AGT-230,Resolved,4.0
TKT-0007882,CUS-011133,2026-02-03 13:00:00,2026-02-04 18:00:00,Payment,Social,Medium,AGT-067,Resolved,
TKT-0007883,CUS-010430,2025-01-26 16:00:00,2025-01-27 15:00:00,Returns,Chat,Medium,AGT-166,Resolved,
TKT-0007884,CUS-008608,2026-02-28 19:00:00,2026-03-02 16:00:00,Technical,Store,Medium,AGT-210,Resolved,
TKT-0007885,CUS-007411,2024-06-11 10:00:00,,Returns,Chat,Low,AGT-026,Open,
TKT-0007886,CUS-004626,2021-03-27 03:00:00,2021-03-29 01:00:00,Delivery,Email,Medium,AGT-191,Resolved,
TKT-0007887,CUS-007154,2026-04-22 07:00:00,2026-04-26 21:00:00,Delivery,Email,Medium,AGT-105,Resolved,
TKT-0007888,CUS-004439,2023-11-30 10:00:00,2023-12-04 14:00:00,Returns,Chat,High,AGT-059,Resolved,
TKT-0007889,CUS-006722,2023-11-03 17:00:00,2023-11-04 08:00:00,Promotion,Email,Low,AGT-112,Resolved,1.0
TKT-0007890,CUS-003752,2026-03-26 06:00:00,2026-03-30 20:00:00,Returns,Store,Medium,AGT-020,Resolved,
TKT-0007891,CUS-009845,2023-08-11 02:00:00,2023-08-15 06:00:00,Returns,Email,Low,AGT-314,Resolved,
TKT-0007892,CUS-008354,2023-03-16 22:00:00,2023-03-18 06:00:00,Product Quality,Phone,Low,AGT-147,Resolved,5.0
TKT-0007893,CUS-010212,2026-03-11 13:00:00,2026-03-14 08:00:00,Delivery,Store,High,AGT-315,Resolved,3.0
TKT-0007894,CUS-006221,2023-09-29 14:00:00,2023-10-03 23:00:00,Delivery,Store,Low,AGT-191,Resolved,5.0
TKT-0007895,CUS-005675,2024-11-13 19:00:00,2024-11-14 12:00:00,Promotion,Email,High,AGT-075,Resolved,3.0
TKT-0007896,CUS-007433,2023-05-17 09:00:00,2023-05-17 20:00:00,Account,Social,Medium,AGT-257,Resolved,5.0
TKT-0007897,CUS-010842,2023-03-21 11:00:00,2023-03-22 11:00:00,Delivery,Social,Medium,AGT-254,Resolved,2.0
TKT-0007898,CUS-008130,2026-08-24 12:00:00,2026-08-26 16:00:00,Payment,Email,Medium,AGT-326,Resolved,5.0
TKT-0007899,CUS-008359,2021-02-12 03:00:00,2021-02-16 08:00:00,Returns,Store,Medium,AGT-220,Closed,
TKT-0007900,CUS-005188,2021-12-29 14:00:00,2022-01-03 07:00:00,Payment,Chat,Medium,AGT-086,Resolved,5.0
TKT-0007901,CUS-005933,2020-03-28 23:00:00,2020-04-01 22:00:00,Returns,Chat,Low,AGT-305,Resolved,4.0
TKT-0007902,CUS-003063,2025-04-02 10:00:00,2025-04-03 14:00:00,Returns,Email,Low,AGT-135,Resolved,
TKT-0007903,CUS-001600,2022-06-19 13:00:00,2022-06-23 07:00:00,Delivery,Store,Medium,AGT-116,Resolved,
TKT-0007904,CUS-003294,2025-01-09 12:00:00,2025-01-12 02:00:00,Product Quality,Phone,High,AGT-186,Resolved,
TKT-0007905,CUS-007076,2020-01-14 00:00:00,2020-01-18 19:00:00,Returns,Social,Low,AGT-186,Resolved,
TKT-0007906,CUS-003831,2022-02-26 08:00:00,2022-03-01 16:00:00,Payment,Email,Medium,AGT-084,Resolved,
TKT-0007907,CUS-003712,2023-06-09 13:00:00,2023-06-14 10:00:00,Product Quality,Chat,High,AGT-200,Resolved,
TKT-0007908,CUS-008441,2022-05-06 05:00:00,2022-05-08 18:00:00,Delivery,Email,High,AGT-292,Resolved,
TKT-0007909,CUS-001775,2021-08-22 23:00:00,2021-08-23 18:00:00,Product Quality,Store,Low,AGT-194,Closed,4.0
TKT-0007910,CUS-003121,2025-05-22 09:00:00,2025-05-25 01:00:00,Product Quality,Social,Low,AGT-113,Closed,2.0
TKT-0007911,CUS-009911,2025-04-30 14:00:00,2025-05-04 10:00:00,Returns,Phone,High,AGT-191,Closed,
TKT-0007912,CUS-005941,2022-12-29 19:00:00,2023-01-03 03:00:00,Account,Social,Low,AGT-206,Resolved,
TKT-0007913,CUS-002986,2026-05-28 08:00:00,2026-05-30 13:00:00,Delivery,Social,Low,AGT-183,Resolved,5.0
TKT-0007914,CUS-009494,2025-07-23 01:00:00,,Product Quality,Chat,Medium,AGT-009,Open,
TKT-0007915,CUS-011067,2020-04-02 03:00:00,2020-04-05 06:00:00,Returns,Social,Medium,AGT-090,Resolved,
TKT-0007916,CUS-011696,2021-06-20 22:00:00,,Delivery,Phone,Low,AGT-100,Open,
TKT-0007917,CUS-005798,2025-08-10 10:00:00,2025-08-12 12:00:00,Delivery,Email,Low,AGT-194,Resolved,4.0
TKT-0007918,CUS-006444,2024-12-04 20:00:00,2024-12-09 01:00:00,Product Quality,Store,Low,AGT-094,Closed,5.0
TKT-0007919,CUS-003935,2021-10-17 12:00:00,2021-10-20 20:00:00,Account,Social,Medium,AGT-098,Resolved,4.0
TKT-0007920,CUS-006881,2025-09-27 10:00:00,2025-10-01 07:00:00,Returns,Phone,Low,AGT-296,Resolved,4.0
TKT-0007921,CUS-000928,2021-09-18 18:00:00,,Account,Phone,Medium,AGT-125,Open,
TKT-0007922,CUS-011033,2026-03-13 17:00:00,2026-03-14 17:00:00,Delivery,Store,High,AGT-101,Resolved,4.0
TKT-0007923,CUS-005675,2023-02-21 02:00:00,2023-02-21 10:00:00,Delivery,Phone,Low,AGT-340,Closed,2.0
TKT-0007924,CUS-011782,2021-11-07 20:00:00,2021-11-11 04:00:00,Returns,Store,Low,AGT-202,Resolved,4.0
TKT-0007925,CUS-006533,2024-12-13 19:00:00,2024-12-18 00:00:00,Product Quality,Chat,Low,AGT-162,Resolved,5.0
TKT-0007926,CUS-002875,2021-07-21 18:00:00,2021-07-22 04:00:00,Product Quality,Store,Medium,AGT-157,Resolved,4.0
TKT-0007927,CUS-008521,2025-01-14 18:00:00,2025-01-15 09:00:00,Payment,Phone,Critical,AGT-068,Resolved,
TKT-0007928,CUS-007704,2021-08-01 20:00:00,,Delivery,Email,Medium,AGT-124,Open,
TKT-0007929,CUS-001074,2023-10-21 01:00:00,2023-10-23 23:00:00,Delivery,Phone,Low,AGT-319,Closed,
TKT-0007930,CUS-006748,2026-08-14 21:00:00,2026-08-16 06:00:00,Delivery,Phone,Medium,AGT-222,Resolved,
TKT-0007931,CUS-003589,2024-08-10 17:00:00,2024-08-12 18:00:00,Returns,Phone,Medium,AGT-128,Resolved,
TKT-0007932,CUS-010509,2022-09-08 18:00:00,2022-09-13 06:00:00,Returns,Phone,Low,AGT-146,Resolved,
TKT-0007933,CUS-005983,2025-02-23 10:00:00,2025-02-23 18:00:00,Delivery,Social,Low,AGT-080,Resolved,5.0
TKT-0007934,CUS-007946,2023-09-01 10:00:00,2023-09-05 07:00:00,Account,Chat,Low,AGT-210,Resolved,3.0
TKT-0007935,CUS-006831,2021-02-28 04:00:00,2021-03-01 17:00:00,Returns,Social,Medium,AGT-268,Resolved,4.0
TKT-0007936,CUS-007722,2024-01-12 01:00:00,2024-01-15 06:00:00,Account,Social,Medium,AGT-319,Resolved,4.0
TKT-0007937,CUS-010970,2025-11-24 08:00:00,2025-11-25 23:00:00,Delivery,Chat,Low,AGT-269,Resolved,
TKT-0007938,CUS-003612,2024-01-12 06:00:00,2024-01-14 01:00:00,Payment,Email,Medium,AGT-241,Resolved,5.0
TKT-0007939,CUS-002321,2025-04-04 14:00:00,2025-04-07 02:00:00,Delivery,Social,Low,AGT-137,Resolved,
TKT-0007940,CUS-006902,2024-11-20 11:00:00,2024-11-21 17:00:00,Technical,Chat,Low,AGT-026,Resolved,
TKT-0007941,CUS-003063,2026-01-21 22:00:00,2026-01-22 21:00:00,Promotion,Chat,Medium,AGT-185,Resolved,
TKT-0007942,CUS-006405,2025-08-20 00:00:00,2025-08-20 07:00:00,Promotion,Social,Low,AGT-267,Resolved,
TKT-0007943,CUS-010925,2024-04-09 02:00:00,2024-04-09 19:00:00,Payment,Phone,Medium,AGT-299,Resolved,4.0
TKT-0007944,CUS-000709,2024-02-29 03:00:00,,Product Quality,Chat,Low,AGT-069,Open,
TKT-0007945,CUS-005648,2020-08-13 02:00:00,2020-08-17 10:00:00,Delivery,Email,Medium,AGT-046,Resolved,5.0
TKT-0007946,CUS-005189,2026-01-25 03:00:00,2026-01-28 04:00:00,Account,Email,Medium,AGT-096,Resolved,5.0
TKT-0007947,CUS-003123,2022-03-06 10:00:00,2022-03-11 08:00:00,Delivery,Email,Medium,AGT-173,Resolved,5.0
TKT-0007948,CUS-002680,2020-05-01 17:00:00,2020-05-02 22:00:00,Technical,Email,Medium,AGT-132,Resolved,
TKT-0007949,CUS-008527,2023-10-08 02:00:00,2023-10-12 15:00:00,Returns,Store,High,AGT-224,Resolved,1.0
TKT-0007950,CUS-005201,2024-08-14 20:00:00,2024-08-15 21:00:00,Payment,Store,Medium,AGT-125,Resolved,
TKT-0007951,CUS-004248,2024-01-02 19:00:00,2024-01-07 06:00:00,Product Quality,Email,Low,AGT-286,Closed,5.0
TKT-0007952,CUS-011506,2025-12-01 02:00:00,2025-12-01 18:00:00,Delivery,Email,High,AGT-205,Resolved,3.0
TKT-0007953,CUS-005640,2023-02-09 13:00:00,2023-02-13 07:00:00,Delivery,Email,Medium,AGT-253,Resolved,5.0
TKT-0007954,CUS-002615,2021-07-01 12:00:00,2021-07-02 15:00:00,Account ,Chat,Low,AGT-107,Resolved,
TKT-0007955,CUS-007974,2020-07-10 17:00:00,2020-07-13 13:00:00,Payment,Social,Low,AGT-032,Resolved,3.0
TKT-0007956,CUS-010475,2022-12-23 00:00:00,2022-12-24 15:00:00,Returns,Chat,Medium,AGT-264,Resolved,4.0
TKT-0007957,CUS-008136,2026-03-12 10:00:00,2026-03-13 12:00:00,Delivery,Email,Low,AGT-103,Resolved,3.0
TKT-0007958,CUS-006620,2020-08-18 05:00:00,2020-08-20 10:00:00,Payment,Social,Medium,AGT-082,Resolved,
TKT-0007959,CUS-003304,2026-04-19 05:00:00,2026-04-22 07:00:00,Delivery,Email,Medium,AGT-019,Resolved,
TKT-0007960,CUS-000575,2020-08-24 03:00:00,2020-08-26 01:00:00,Payment,Chat,Medium,AGT-174,Resolved,
TKT-0007961,CUS-011021,2025-06-01 18:00:00,2025-06-06 05:00:00,Promotion,Phone,Low,AGT-238,Resolved,
TKT-0007962,CUS-006082,2020-01-09 00:00:00,2020-01-11 22:00:00,Returns,Phone,Medium,AGT-221,Resolved,
TKT-0007963,CUS-011405,2025-02-02 23:00:00,2025-02-04 20:00:00,Returns,Chat,High,AGT-231,Resolved,1.0
TKT-0007964,CUS-006869,2020-10-28 01:00:00,2020-10-29 08:00:00,delivery,Store,Low,AGT-324,Resolved,3.0
TKT-0007965,CUS-003359,2020-03-10 00:00:00,2020-03-11 07:00:00,Technical,Social,Low,AGT-331,Resolved,
TKT-0007966,CUS-006692,2025-06-01 14:00:00,,Delivery,Email,Medium,AGT-252,Open,
TKT-0007967,CUS-011738,2025-03-18 14:00:00,2025-03-22 20:00:00,Payment,Store,Medium,AGT-072,Resolved,
TKT-0007968,CUS-008398,2024-03-09 16:00:00,2024-03-10 07:00:00,Delivery,Store,Medium,AGT-239,Resolved,
TKT-0007969,CUS-008566,2024-08-18 07:00:00,2024-08-20 12:00:00,Promotion,Store,Low,AGT-279,Closed,5.0
TKT-0007970,CUS-007378,2026-06-12 01:00:00,2026-06-16 10:00:00,Product Quality,Chat,Low,AGT-207,Resolved,3.0
TKT-0007971,CUS-002667,2023-02-06 04:00:00,,Account,Chat,Medium,AGT-169,Open,
TKT-0007972,CUS-001315,2023-06-14 18:00:00,2023-06-18 03:00:00,Product Quality,Social,Low,AGT-037,Resolved,
TKT-0007973,CUS-002625,2024-07-25 17:00:00,2024-07-28 00:00:00,Delivery,Social,Medium,AGT-076,Resolved,4.0
TKT-0007974,CUS-010068,2025-09-12 02:00:00,2025-09-15 10:00:00,Delivery,Chat,Low,AGT-036,Resolved,
TKT-0007975,CUS-011875,2025-12-08 19:00:00,2025-12-12 21:00:00,Payment,Social,Medium,AGT-104,Closed,
TKT-0007976,CUS-011829,2024-05-22 17:00:00,2024-05-24 06:00:00,Payment,Social,Low,AGT-332,Resolved,
TKT-0007977,CUS-005008,2025-09-27 17:00:00,2025-10-02 00:00:00,Payment,Phone,Medium,AGT-020,Closed,
TKT-0007978,CUS-003490,2024-03-13 23:00:00,2024-03-14 19:00:00,Delivery,Phone,Critical,AGT-115,Closed,
TKT-0007979,CUS-004193,2023-03-10 03:00:00,2023-03-10 12:00:00,Promotion,Social,Low,AGT-225,Closed,3.0
TKT-0007980,CUS-000856,2020-12-14 16:00:00,2020-12-17 20:00:00,Delivery,Email,Medium,AGT-052,Resolved,4.0
TKT-0007981,CUS-011315,2025-08-28 17:00:00,,Delivery,Social,Low,AGT-236,Open,
TKT-0007982,CUS-001967,2020-07-28 20:00:00,2020-07-31 08:00:00,Promotion,Social,Medium,AGT-001,Closed,5.0
TKT-0007983,CUS-008022,2023-12-01 23:00:00,2023-12-06 16:00:00,Returns,Email,Low,AGT-077,Resolved,
TKT-0007984,CUS-005739,2023-04-15 17:00:00,2023-04-19 05:00:00,Returns,Chat,Medium,AGT-227,Resolved,
TKT-0007985,CUS-010256,2020-02-27 08:00:00,2020-03-01 14:00:00,Product Quality,Social,Medium,AGT-038,Resolved,4.0
TKT-0007986,CUS-010302,2022-02-21 13:00:00,2022-02-26 01:00:00,Delivery,Store,Low,AGT-231,Closed,3.0
TKT-0007987,CUS-006152,2021-02-25 01:00:00,2021-02-27 10:00:00,Account,Email,Medium,AGT-113,Resolved,5.0
TKT-0007988,CUS-000029,2025-08-07 10:00:00,2025-08-10 00:00:00,Product Quality,Phone,Medium,AGT-094,Closed,
TKT-0007989,CUS-001783,2023-09-29 08:00:00,,Delivery,Store,High,AGT-325,Open,
TKT-0007990,CUS-009580,2024-07-17 23:00:00,,Account,Social,Low,AGT-046,Open,
TKT-0007991,CUS-004882,2024-03-30 14:00:00,2024-03-31 01:00:00,Account,Social,Medium,AGT-257,Resolved,
TKT-0007992,CUS-000706,2026-07-07 00:00:00,2026-07-08 22:00:00,Delivery,Email,Medium,AGT-070,Resolved,2.0
TKT-0007993,CUS-004641,2024-10-16 03:00:00,2024-10-20 02:00:00,Delivery,Phone,Critical,AGT-063,Resolved,4.0
TKT-0007994,CUS-007854,2024-11-05 04:00:00,2024-11-07 16:00:00,Payment,Chat,Medium,AGT-205,Resolved,
TKT-0007995,CUS-010796,2023-07-28 13:00:00,2023-07-29 19:00:00,Product Quality,Store,Low,AGT-322,Resolved,4.0
TKT-0007996,CUS-004008,2022-09-16 22:00:00,2022-09-21 15:00:00,Returns,Social,Medium,AGT-290,Resolved,
TKT-0007997,CUS-009655,2020-05-31 04:00:00,2020-06-01 09:00:00,Delivery,Store,High,AGT-020,Closed,
TKT-0007998,CUS-000043,2023-05-05 00:00:00,2023-05-08 19:00:00,Promotion,Chat,Low,AGT-182,Resolved,
TKT-0007999,CUS-010525,2022-04-11 11:00:00,2022-04-12 09:00:00,Delivery,Store,Medium,AGT-318,Resolved,3.0
TKT-0008000,CUS-009563,2026-02-22 00:00:00,2026-02-23 15:00:00,Returns,Store,High,AGT-030,Closed,
TKT-0008001,CUS-006093,2020-12-28 15:00:00,2021-01-01 14:00:00,Product Quality,Social,Medium,AGT-125,Resolved,2.0
TKT-0008002,CUS-009334,2021-11-24 01:00:00,,Delivery,Store,High,AGT-176,Open,
TKT-0008003,CUS-002095,2022-11-01 23:00:00,2022-11-02 08:00:00,Returns,Phone,Medium,AGT-320,Resolved,3.0
TKT-0008004,CUS-002274,2024-04-03 19:00:00,2024-04-05 21:00:00,Promotion,Email,Low,AGT-144,Resolved,4.0
TKT-0008005,CUS-003607,2023-04-13 18:00:00,2023-04-13 23:00:00,Delivery,Store,Medium,AGT-327,Closed,1.0
TKT-0008006,CUS-006876,2022-01-05 02:00:00,2022-01-05 22:00:00,Promotion,Store,Low,AGT-346,Resolved,
TKT-0008007,CUS-004604,2025-10-19 16:00:00,2025-10-20 14:00:00,Returns,Social,Critical,AGT-020,Resolved,
TKT-0008008,CUS-000836,2022-07-16 21:00:00,2022-07-19 21:00:00,Promotion,Store,Low,AGT-068,Resolved,4.0
TKT-0008009,CUS-003351,2021-08-22 17:00:00,2021-08-25 06:00:00,Product Quality,Phone,High,AGT-281,Resolved,4.0
TKT-0008010,CUS-010974,2025-01-11 21:00:00,2025-01-14 14:00:00,Product Quality,Chat,Critical,AGT-019,Closed,5.0
TKT-0008011,CUS-011048,2024-08-12 18:00:00,,Returns,Chat,High,AGT-189,Open,
TKT-0008012,CUS-009444,2022-07-30 23:00:00,2022-07-31 06:00:00,Product Quality,Social,Medium,AGT-089,Resolved,1.0
TKT-0008013,CUS-008530,2024-01-08 10:00:00,2024-01-09 20:00:00,Returns,Social,High,AGT-120,Closed,5.0
TKT-0008014,CUS-003703,2022-10-18 18:00:00,2022-10-22 10:00:00,Product Quality,Chat,High,AGT-230,Resolved,5.0
TKT-0008015,CUS-001815,2023-03-04 07:00:00,2023-03-06 05:00:00,Delivery,Phone,Medium,AGT-030,Resolved,
TKT-0008016,CUS-005254,2025-08-16 05:00:00,2025-08-18 21:00:00,Account,Email,High,AGT-334,Resolved,1.0
TKT-0008017,CUS-007215,2021-04-15 18:00:00,2021-04-16 17:00:00,Returns,Social,High,AGT-032,Closed,4.0
TKT-0008018,CUS-006760,2021-01-12 05:00:00,2021-01-14 20:00:00,Delivery,Phone,Medium,AGT-207,Resolved,
TKT-0008019,CUS-003705,2025-12-03 14:00:00,2025-12-08 11:00:00,Product Quality,Chat,Medium,AGT-139,Resolved,2.0
TKT-0008020,CUS-006510,2025-04-30 17:00:00,2025-05-04 17:00:00,Returns,Chat,Low,AGT-001,Resolved,
TKT-0008021,CUS-010380,2022-03-06 16:00:00,2022-03-09 21:00:00,Delivery,Phone,Medium,AGT-020,Resolved,5.0
TKT-0008022,CUS-001907,2021-11-30 05:00:00,2021-12-04 23:00:00,Returns,Store,Low,AGT-123,Resolved,5.0
TKT-0008023,CUS-001081,2021-12-31 13:00:00,2022-01-04 01:00:00,Returns,Store,Low,AGT-064,Resolved,
TKT-0008024,CUS-010063,2024-06-04 21:00:00,2024-06-05 18:00:00,Delivery,Social,Low,AGT-011,Resolved,3.0
TKT-0008025,CUS-001587,2024-04-25 02:00:00,2024-04-29 23:00:00,Delivery,Store,Medium,AGT-017,Resolved,5.0
TKT-0008026,CUS-007209,2026-05-28 00:00:00,2026-05-28 13:00:00,Returns,Store,Medium,AGT-125,Resolved,2.0
TKT-0008027,CUS-009420,2023-07-09 12:00:00,2023-07-14 10:00:00,Delivery,Store,High,AGT-029,Resolved,4.0
TKT-0008028,CUS-004503,2022-06-21 07:00:00,2022-06-22 01:00:00,Delivery,Chat,Low,AGT-173,Resolved,
TKT-0008029,CUS-004741,2021-07-21 18:00:00,2021-07-25 05:00:00,Delivery,Chat,Low,AGT-282,Closed,
TKT-0008030,CUS-007994,2021-02-13 19:00:00,2021-02-16 04:00:00,Promotion,Store,Medium,AGT-312,Resolved,
TKT-0008031,CUS-004015,2023-02-05 03:00:00,2023-02-08 15:00:00,Promotion,Chat,High,AGT-227,Resolved,3.0
TKT-0008032,CUS-002447,2021-09-17 17:00:00,2021-09-21 03:00:00,Promotion,Chat,Medium,AGT-280,Resolved,
TKT-0008033,CUS-011624,2022-12-30 04:00:00,2023-01-01 17:00:00,Delivery,Store,Low,AGT-056,Resolved,4.0
TKT-0008034,CUS-006913,2020-11-21 09:00:00,2020-11-25 04:00:00,Delivery,Phone,High,AGT-011,Resolved,
TKT-0008035,CUS-010883,2026-08-17 09:00:00,2026-08-18 14:00:00,Returns,Email,Medium,AGT-199,Resolved,
TKT-0008036,CUS-005314,2022-09-04 08:00:00,,Delivery,Chat,Low,AGT-272,Open,
TKT-0008037,CUS-006687,2024-02-19 08:00:00,2024-02-19 14:00:00,Returns,Phone,Low,AGT-209,Resolved,2.0
TKT-0008038,CUS-006869,2025-12-30 18:00:00,2026-01-01 02:00:00,Delivery,Chat,Medium,AGT-114,Resolved,3.0
TKT-0008039,CUS-005535,2022-05-24 12:00:00,2022-05-28 13:00:00,Promotion,Phone,Medium,AGT-137,Resolved,3.0
TKT-0008040,CUS-009083,2022-11-09 09:00:00,,Account,Phone,High,AGT-063,Open,
TKT-0008041,CUS-001487,2021-05-06 23:00:00,2021-05-07 11:00:00,Product Quality,Social,Medium,AGT-293,Resolved,3.0
TKT-0008042,CUS-000558,2021-11-23 04:00:00,2021-11-24 17:00:00,Promotion,Phone,Low,AGT-157,Resolved,3.0
TKT-0008043,CUS-006953,2021-08-19 07:00:00,2021-08-23 20:00:00,Returns,Chat,Medium,AGT-050,Resolved,5.0
TKT-0008044,CUS-005495,2026-07-21 10:00:00,2026-07-22 23:00:00,Delivery,Phone,Medium,AGT-139,Resolved,4.0
TKT-0008045,CUS-003231,2026-06-18 21:00:00,2026-06-19 14:00:00,Product Quality,Social,Low,AGT-070,Closed,5.0
TKT-0008046,CUS-009057,2026-03-15 11:00:00,2026-03-19 12:00:00,Promotion,Email,Medium,AGT-196,Resolved,1.0
TKT-0008047,CUS-009231,2025-04-18 07:00:00,2025-04-22 18:00:00,Product Quality,Email,Low,AGT-087,Resolved,
TKT-0008048,CUS-003638,2024-11-06 04:00:00,,Returns,Social,High,AGT-188,Open,
TKT-0008049,CUS-002764,2020-04-10 09:00:00,2020-04-11 17:00:00,Product Quality,Email,Medium,AGT-074,Resolved,
TKT-0008050,CUS-003884,2025-02-17 06:00:00,2025-02-19 08:00:00,Product Quality,Store,Low,AGT-108,Resolved,
TKT-0008051,CUS-007815,2020-01-19 19:00:00,2020-01-24 11:00:00,Product Quality,Store,High,AGT-119,Resolved,4.0
TKT-0008052,CUS-011081,2020-11-30 17:00:00,2020-12-05 03:00:00,Delivery,Social,High,AGT-213,Resolved,5.0
TKT-0008053,CUS-006094,2026-01-08 05:00:00,2026-01-12 15:00:00,Delivery,Email,Medium,AGT-285,Resolved,
TKT-0008054,CUS-006824,2024-02-27 03:00:00,2024-02-28 04:00:00,Product Quality,Social,Medium,AGT-244,Resolved,1.0
TKT-0008055,CUS-002085,2024-03-21 01:00:00,2024-03-24 05:00:00,Returns,Store,Medium,AGT-194,Resolved,
TKT-0008056,CUS-004923,2022-01-20 16:00:00,2022-01-23 20:00:00,Delivery,Chat,Medium,AGT-092,Resolved,
TKT-0008057,CUS-007345,2021-09-16 06:00:00,2021-09-19 13:00:00,Product Quality,Store,Medium,AGT-283,Resolved,2.0
TKT-0008058,CUS-004861,2024-01-18 00:00:00,2024-01-19 21:00:00,Account,Store,Low,AGT-045,Resolved,4.0
TKT-0008059,CUS-007613,2023-08-15 13:00:00,2023-08-20 12:00:00,Returns,Phone,Medium,AGT-064,Resolved,4.0
TKT-0008060,CUS-004613,2020-11-02 17:00:00,2020-11-03 03:00:00,Returns,Social,Medium,AGT-081,Resolved,3.0
TKT-0008061,CUS-006166,2022-02-18 20:00:00,2022-02-22 11:00:00,Delivery,Phone,High,AGT-298,Resolved,
TKT-0008062,CUS-009693,2021-05-17 23:00:00,2021-05-20 01:00:00,Delivery,Phone,High,AGT-338,Closed,
TKT-0008063,CUS-004518,2023-06-06 08:00:00,2023-06-06 20:00:00,Delivery,Social,Medium,AGT-284,Resolved,2.0
TKT-0008064,CUS-004176,2021-05-05 08:00:00,2021-05-08 10:00:00,Promotion,Social,High,AGT-338,Resolved,
TKT-0008065,CUS-007601,2023-07-09 14:00:00,2023-07-11 02:00:00,Product Quality,Chat,Medium,AGT-025,Resolved,
TKT-0008066,CUS-004390,2023-10-15 07:00:00,2023-10-17 12:00:00,Product Quality,Social,Medium,AGT-292,Closed,1.0
TKT-0008067,CUS-002460,2023-10-06 14:00:00,2023-10-09 04:00:00,Payment,Chat,Low,AGT-018,Closed,4.0
TKT-0008068,CUS-007853,2024-12-13 12:00:00,2024-12-16 15:00:00,Account,Social,Medium,AGT-182,Resolved,4.0
TKT-0008069,CUS-008487,2020-03-23 22:00:00,2020-03-26 20:00:00,Delivery,Email,Low,AGT-228,Resolved,
TKT-0008070,CUS-002222,2023-03-29 15:00:00,2023-04-02 15:00:00,returns,Chat,Low,AGT-192,Resolved,
TKT-0008071,CUS-001718,2025-12-21 17:00:00,2025-12-26 05:00:00,Returns,Phone,Medium,AGT-061,Closed,5.0
TKT-0008072,CUS-009278,2023-10-25 01:00:00,2023-10-25 17:00:00,Delivery,Email,Low,AGT-299,Resolved,
TKT-0008073,CUS-004684,2024-08-15 04:00:00,2024-08-19 22:00:00,Delivery,Social,Low,AGT-142,Resolved,
TKT-0008074,CUS-002860,2021-03-23 11:00:00,2021-03-24 19:00:00,Product Quality,Phone,Low,AGT-005,Resolved,
TKT-0008075,CUS-007567,2025-11-22 00:00:00,2025-11-26 18:00:00,Account,Social,Low,AGT-162,Resolved,
TKT-0008076,CUS-003597,2020-11-29 08:00:00,2020-12-03 09:00:00,Returns,Social,Medium,AGT-309,Resolved,1.0
TKT-0008077,CUS-003218,2024-11-09 23:00:00,2024-11-10 11:00:00,Delivery,Social,Medium,AGT-310,Resolved,4.0
TKT-0008078,CUS-008151,2020-09-16 20:00:00,,Product Quality,Store,Medium,AGT-147,Open,
TKT-0008079,CUS-009432,2025-10-23 15:00:00,2025-10-25 03:00:00,Payment,Social,Medium,AGT-188,Resolved,3.0
TKT-0008080,CUS-005383,2022-05-04 07:00:00,2022-05-09 06:00:00,Returns,Social,Medium,AGT-257,Resolved,5.0
TKT-0008081,CUS-000457,2021-03-29 16:00:00,2021-04-02 22:00:00,Returns,Email,High,AGT-182,Resolved,
TKT-0008082,CUS-003871,2026-05-25 12:00:00,2026-05-28 19:00:00,Promotion,Store,Low,AGT-275,Closed,5.0
TKT-0008083,CUS-010725,2026-02-20 01:00:00,2026-02-20 07:00:00,Technical,Social,Low,AGT-184,Resolved,5.0
TKT-0008084,CUS-007347,2025-07-11 11:00:00,2025-07-13 02:00:00,Payment,Chat,High,AGT-265,Closed,5.0
TKT-0008085,CUS-009824,2024-10-28 10:00:00,2024-10-28 18:00:00,Delivery,Chat,Medium,AGT-321,Resolved,
TKT-0008086,CUS-003868,2026-01-16 03:00:00,2026-01-17 03:00:00,Payment,Phone,Low,AGT-264,Resolved,5.0
TKT-0008087,CUS-006180,2024-09-01 03:00:00,2024-09-03 17:00:00,Returns,Chat,Low,AGT-199,Closed,
TKT-0008088,CUS-007244,2022-01-06 11:00:00,2022-01-07 16:00:00,Returns,Chat,Low,AGT-064,Resolved,3.0
TKT-0008089,CUS-000846,2023-07-19 19:00:00,2023-07-21 12:00:00,Payment,Phone,Medium,AGT-108,Closed,
TKT-0008090,CUS-007161,2024-08-28 18:00:00,2024-09-02 05:00:00,Payment,Store,High,AGT-169,Closed,3.0
TKT-0008091,CUS-004983,2025-06-18 02:00:00,2025-06-21 19:00:00,Account,Phone,Low,AGT-003,Resolved,
TKT-0008092,CUS-006083,2020-03-31 04:00:00,2020-04-04 17:00:00,Payment,Email,Low,AGT-265,Closed,
TKT-0008093,CUS-009777,2023-12-03 01:00:00,2023-12-06 09:00:00,Delivery,Email,Medium,AGT-015,Resolved,4.0
TKT-0008094,CUS-008188,2022-08-15 00:00:00,2022-08-17 08:00:00,Delivery,Store,High,AGT-282,Resolved,
TKT-0008095,CUS-004099,2025-06-09 07:00:00,2025-06-11 10:00:00,Delivery,Phone,Medium,AGT-069,Resolved,
TKT-0008096,CUS-006364,2024-09-26 14:00:00,2024-09-27 11:00:00,Technical,Store,Low,AGT-119,Resolved,4.0
TKT-0008097,CUS-011580,2026-06-13 11:00:00,2026-06-16 19:00:00,Technical,Chat,Medium,AGT-175,Resolved,4.0
TKT-0008098,CUS-001765,2021-01-26 19:00:00,,Delivery,Email,Low,AGT-250,Open,
TKT-0008099,CUS-004981,2023-06-19 11:00:00,2023-06-21 07:00:00,Returns,Social,Medium,AGT-335,Resolved,5.0
TKT-0008100,CUS-007035,2026-04-02 07:00:00,2026-04-04 18:00:00,Delivery,Email,Low,AGT-122,Resolved,1.0
TKT-0008101,CUS-006062,2023-01-23 07:00:00,2023-01-26 19:00:00,Technical,Chat,Low,AGT-316,Resolved,5.0
TKT-0008102,CUS-010455,2020-04-17 07:00:00,2020-04-20 22:00:00,Delivery,Phone,Critical,AGT-153,Closed,
TKT-0008103,CUS-004827,2026-06-02 08:00:00,2026-06-05 18:00:00,Account,Store,Low,AGT-261,Resolved,5.0
TKT-0008104,CUS-007952,2026-01-22 01:00:00,2026-01-24 09:00:00,Payment,Social,Critical,AGT-031,Resolved,5.0
TKT-0008105,CUS-008929,2023-04-09 17:00:00,2023-04-13 01:00:00,Delivery,Chat,Low,AGT-293,Resolved,5.0
TKT-0008106,CUS-005326,2025-07-29 20:00:00,2025-07-30 12:00:00,Delivery,Chat,Medium,AGT-240,Resolved,
TKT-0008107,CUS-009637,2025-06-08 06:00:00,2025-06-09 18:00:00,Delivery,Phone,High,AGT-044,Resolved,5.0
TKT-0008108,CUS-003767,2023-12-30 04:00:00,2023-12-30 15:00:00,Technical,Email,High,AGT-223,Resolved,5.0
TKT-0008109,CUS-002283,2023-05-01 16:00:00,2023-05-02 05:00:00,Delivery,Chat,Low,AGT-026,Resolved,5.0
TKT-0008110,CUS-002788,2024-07-26 13:00:00,2024-07-26 21:00:00,Returns,Store,Medium,AGT-092,Resolved,
TKT-0008111,CUS-005579,2025-05-15 17:00:00,2025-05-17 08:00:00,Promotion,Chat,High,AGT-279,Resolved,4.0
TKT-0008112,CUS-006904,2020-10-26 00:00:00,2020-10-26 06:00:00,Returns,Email,Medium,AGT-285,Resolved,
TKT-0008113,CUS-006279,2021-03-17 01:00:00,2021-03-17 11:00:00,Payment,Phone,High,AGT-139,Resolved,
TKT-0008114,CUS-000877,2022-10-08 18:00:00,,Promotion,Social,Medium,AGT-265,Open,
TKT-0008115,CUS-006943,2026-02-15 15:00:00,2026-02-19 04:00:00,Product Quality,Email,Medium,AGT-266,Resolved,3.0
TKT-0008116,CUS-005336,2024-07-17 22:00:00,2024-07-19 15:00:00,Payment,Phone,Medium,AGT-239,Resolved,
TKT-0008117,CUS-001463,2023-09-16 04:00:00,,Promotion,Social,Medium,AGT-185,Open,
TKT-0008118,CUS-010567,2024-02-02 18:00:00,2024-02-07 05:00:00,Payment,Social,Medium,AGT-065,Resolved,4.0
TKT-0008119,CUS-006491,2023-09-21 20:00:00,2023-09-25 19:00:00,Promotion,Social,Medium,AGT-235,Resolved,1.0
TKT-0008120,CUS-002934,2021-07-04 12:00:00,2021-07-05 21:00:00,Delivery,Store,Low,AGT-278,Resolved,4.0
TKT-0008121,CUS-010982,2022-08-22 22:00:00,2022-08-25 13:00:00,Returns,Social,High,AGT-264,Resolved,
TKT-0008122,CUS-005393,2020-05-06 15:00:00,2020-05-10 15:00:00,Payment,Social,High,AGT-032,Resolved,5.0
TKT-0008123,CUS-008501,2021-12-31 21:00:00,2022-01-04 18:00:00,Product Quality,Social,Low,AGT-085,Closed,5.0
TKT-0008124,CUS-005633,2022-06-14 07:00:00,2022-06-17 05:00:00,Delivery,Store,High,AGT-185,Resolved,
TKT-0008125,CUS-008836,2025-03-30 17:00:00,2025-03-31 10:00:00,Payment,Chat,Medium,AGT-221,Resolved,
TKT-0008126,CUS-004266,2022-03-09 13:00:00,2022-03-13 20:00:00,Account,Store,Medium,AGT-101,Resolved,2.0
TKT-0008127,CUS-006943,2022-04-08 19:00:00,2022-04-13 18:00:00,Account,Email,Medium,AGT-004,Resolved,5.0
TKT-0008128,CUS-003841,2026-01-31 19:00:00,2026-02-05 02:00:00,Delivery,Store,High,AGT-216,Resolved,
TKT-0008129,CUS-009289,2026-01-07 16:00:00,2026-01-10 17:00:00,Product Quality,Store,High,AGT-076,Resolved,
TKT-0008130,CUS-002914,2020-02-18 11:00:00,2020-02-23 07:00:00,Technical,Social,Medium,AGT-099,Resolved,5.0
TKT-0008131,CUS-004482,2024-02-16 21:00:00,,Returns,Chat,Medium,AGT-097,Open,
TKT-0008132,CUS-009346,2020-07-02 16:00:00,2020-07-06 11:00:00,Account,Social,Medium,AGT-147,Resolved,4.0
TKT-0008133,CUS-006408,2020-03-08 09:00:00,,Account,Store,Medium,AGT-217,Open,
TKT-0008134,CUS-011213,2021-03-11 05:00:00,2021-03-12 21:00:00,Delivery,Email,High,AGT-234,Resolved,2.0
TKT-0008135,CUS-006917,2020-08-22 05:00:00,2020-08-25 02:00:00,Returns,Chat,Medium,AGT-210,Resolved,
TKT-0008136,CUS-000280,2023-08-25 10:00:00,,Account,Store,Medium,AGT-207,Open,
TKT-0008137,CUS-011043,2025-05-27 01:00:00,2025-05-28 00:00:00,Product Quality,Chat,Low,AGT-122,Resolved,
TKT-0008138,CUS-004545,2024-07-08 18:00:00,2024-07-11 11:00:00,Product Quality,Phone,Medium,AGT-212,Resolved,2.0
TKT-0008139,CUS-008571,2024-07-03 15:00:00,2024-07-08 11:00:00,Delivery,Chat,High,AGT-210,Resolved,3.0
TKT-0008140,CUS-007116,2024-02-16 09:00:00,2024-02-18 04:00:00,Promotion,Email,Medium,AGT-254,Resolved,
TKT-0008141,CUS-001807,2020-09-19 01:00:00,2020-09-20 14:00:00,Payment,Phone,Low,AGT-321,Resolved,
TKT-0008142,CUS-007478,2020-09-06 06:00:00,2020-09-07 11:00:00,Returns,Store,Medium,AGT-219,Resolved,
TKT-0008143,CUS-006556,2020-10-13 00:00:00,,Promotion,Chat,Low,AGT-185,Open,
TKT-0008144,CUS-009828,2023-05-16 04:00:00,2023-05-17 12:00:00,Returns,Social,Medium,AGT-310,Closed,
TKT-0008145,CUS-002989,2026-01-20 03:00:00,2026-01-21 05:00:00,Account,Phone,Medium,AGT-007,Resolved,
TKT-0008146,CUS-000833,2023-08-30 16:00:00,2023-09-01 22:00:00,Returns,Store,Medium,AGT-116,Closed,
TKT-0008147,CUS-010631,2026-08-04 10:00:00,2026-08-05 06:00:00,Promotion,Store,Low,AGT-295,Resolved,5.0
TKT-0008148,CUS-006854,2021-03-23 06:00:00,2021-03-26 13:00:00,Delivery,Phone,High,AGT-282,Resolved,4.0
TKT-0008149,CUS-009419,2020-04-08 17:00:00,2020-04-09 01:00:00,Delivery,Chat,Medium,AGT-071,Resolved,5.0
TKT-0008150,CUS-007756,2023-09-04 05:00:00,2023-09-06 05:00:00,Delivery,Email,Low,AGT-083,Closed,5.0
TKT-0008151,CUS-006590,2020-05-10 01:00:00,2020-05-13 03:00:00,Account,Store,High,AGT-023,Resolved,
TKT-0008152,CUS-009993,2025-02-07 10:00:00,2025-02-11 00:00:00,Delivery,Phone,Low,AGT-181,Resolved,3.0
TKT-0008153,CUS-008994,2022-10-17 09:00:00,2022-10-21 08:00:00,Delivery,Social,Medium,AGT-029,Resolved,4.0
TKT-0008154,CUS-004434,2025-05-01 01:00:00,2025-05-03 02:00:00,payment,Store,Medium,AGT-013,Resolved,5.0
TKT-0008155,CUS-007444,2022-10-27 16:00:00,2022-10-30 06:00:00,Delivery,Phone,High,AGT-297,Resolved,
TKT-0008156,CUS-003709,2022-05-30 21:00:00,2022-06-03 07:00:00,Delivery,Store,Medium,AGT-331,Resolved,
TKT-0008157,CUS-009637,2026-03-21 05:00:00,,Delivery,Email,High,AGT-263,Open,
TKT-0008158,CUS-006235,2021-06-20 16:00:00,,Delivery,Chat,Medium,AGT-134,Open,
TKT-0008159,CUS-000441,2025-01-29 22:00:00,2025-01-30 22:00:00,Account,Email,Medium,AGT-221,Resolved,5.0
TKT-0008160,CUS-011276,2020-01-19 17:00:00,2020-01-23 03:00:00,Product Quality,Chat,Low,AGT-286,Resolved,
TKT-0008161,CUS-002089,2024-11-23 05:00:00,2024-11-25 01:00:00,Delivery,Email,Low,AGT-272,Resolved,
TKT-0008162,CUS-002037,2021-08-07 16:00:00,2021-08-07 23:00:00,Payment,Phone,Medium,AGT-303,Resolved,5.0
TKT-0008163,CUS-009731,2022-08-02 22:00:00,2022-08-03 04:00:00,Product Quality,Email,Low,AGT-097,Resolved,
TKT-0008164,CUS-007491,2026-02-24 01:00:00,2026-02-24 08:00:00,Payment,Phone,Low,AGT-126,Resolved,4.0
TKT-0008165,CUS-007153,2022-12-29 06:00:00,2022-12-29 22:00:00,Delivery,Phone,Medium,AGT-206,Closed,
TKT-0008166,CUS-006425,2024-08-24 06:00:00,2024-08-27 13:00:00,Account,Social,High,AGT-341,Resolved,1.0
TKT-0008167,CUS-004449,2020-08-27 08:00:00,2020-08-31 06:00:00,Account,Chat,High,AGT-114,Resolved,
TKT-0008168,CUS-006085,2023-09-09 18:00:00,2023-09-12 17:00:00,Promotion,Email,Low,AGT-111,Resolved,4.0
TKT-0008169,CUS-009173,2021-05-08 15:00:00,2021-05-11 11:00:00,Returns,Chat,High,AGT-008,Resolved,
TKT-0008170,CUS-004116,2024-09-11 22:00:00,2024-09-14 14:00:00,Product Quality,Social,Medium,AGT-336,Resolved,4.0
TKT-0008171,CUS-010015,2024-11-27 02:00:00,2024-11-29 08:00:00,Technical,Phone,Low,AGT-023,Resolved,1.0
TKT-0008172,CUS-008339,2026-08-30 23:00:00,2026-09-03 18:00:00,Returns,Phone,Medium,AGT-307,Resolved,4.0
TKT-0008173,CUS-007894,2025-10-25 08:00:00,2025-10-30 06:00:00,Payment,Email,Medium,AGT-006,Resolved,4.0
TKT-0008174,CUS-006030,2021-04-25 16:00:00,2021-04-27 03:00:00,Delivery,Chat,High,AGT-109,Closed,5.0
TKT-0008175,CUS-011038,2021-02-25 10:00:00,2021-02-27 16:00:00,Returns,Social,Medium,AGT-151,Resolved,4.0
TKT-0008176,CUS-003820,2024-02-19 08:00:00,2024-02-19 15:00:00,Payment,Email,High,AGT-263,Resolved,4.0
TKT-0008177,CUS-002960,2021-07-31 06:00:00,2021-08-03 12:00:00,Technical,Chat,Medium,AGT-250,Resolved,
TKT-0008178,CUS-000731,2025-01-16 18:00:00,2025-01-18 09:00:00,Technical,Email,Medium,AGT-200,Closed,
TKT-0008179,CUS-009292,2026-08-23 11:00:00,2026-08-24 14:00:00,Returns,Store,High,AGT-004,Resolved,
TKT-0008180,CUS-007544,2022-01-21 21:00:00,2022-01-26 15:00:00,Product Quality,Phone,Low,AGT-262,Resolved,5.0
TKT-0008181,CUS-004471,2021-11-20 04:00:00,2021-11-24 22:00:00,Account,Email,Low,AGT-083,Resolved,4.0
TKT-0008182,CUS-010765,2024-08-19 08:00:00,2024-08-20 02:00:00,Account,Social,Medium,AGT-061,Resolved,
TKT-0008183,CUS-008571,2022-02-19 10:00:00,2022-02-21 00:00:00,Returns,Email,Medium,AGT-127,Resolved,
TKT-0008184,CUS-002377,2025-01-08 17:00:00,2025-01-12 08:00:00,Payment,Chat,Medium,AGT-196,Resolved,
TKT-0008185,CUS-007407,2024-09-27 21:00:00,2024-09-29 07:00:00,Account,Email,Low,AGT-304,Resolved,
TKT-0008186,CUS-002206,2021-04-30 07:00:00,2021-05-02 08:00:00,Payment,Social,High,AGT-121,Resolved,
TKT-0008187,CUS-003784,2021-11-21 12:00:00,2021-11-24 11:00:00,Returns,Social,Low,AGT-080,Resolved,5.0
TKT-0008188,CUS-005828,2025-03-07 05:00:00,2025-03-08 14:00:00,Technical,Email,Critical,AGT-162,Resolved,
TKT-0008189,CUS-000715,2022-02-01 20:00:00,2022-02-05 15:00:00,Returns,Chat,Medium,AGT-145,Resolved,5.0
TKT-0008190,CUS-004782,2021-11-22 23:00:00,,Returns,Store,Medium,AGT-100,Open,
TKT-0008191,CUS-005176,2020-08-07 21:00:00,,Product Quality,Phone,Low,AGT-248,Open,
TKT-0008192,CUS-000868,2024-12-02 02:00:00,2024-12-03 18:00:00,Returns,Chat,Low,AGT-028,Closed,4.0
TKT-0008193,CUS-002598,2021-05-10 20:00:00,2021-05-11 04:00:00,Promotion,Chat,High,AGT-155,Resolved,5.0
TKT-0008194,CUS-009964,2026-02-28 22:00:00,2026-03-04 12:00:00,Payment,Chat,Medium,AGT-131,Resolved,4.0
TKT-0008195,CUS-003809,2022-07-20 19:00:00,,Account,Social,Medium,AGT-185,Open,
TKT-0008196,CUS-008900,2023-09-04 11:00:00,2023-09-08 18:00:00,Returns,Social,Low,AGT-340,Closed,
TKT-0008197,CUS-011922,2026-04-10 21:00:00,2026-04-14 23:00:00,Returns,Social,High,AGT-273,Resolved,
TKT-0008198,CUS-008936,2025-09-07 10:00:00,2025-09-09 12:00:00,Delivery,Chat,Medium,AGT-303,Resolved,
TKT-0008199,CUS-003661,2025-01-06 01:00:00,2025-01-06 02:00:00,Account,Chat,High,AGT-305,Resolved,
TKT-0008200,CUS-004664,2022-03-25 16:00:00,2022-03-25 20:00:00,Payment,Store,Medium,AGT-149,Resolved,4.0
TKT-0008201,CUS-007325,2021-10-06 08:00:00,2021-10-07 07:00:00,Returns,Store,Medium,AGT-278,Resolved,
TKT-0008202,CUS-005254,2020-03-07 02:00:00,2020-03-09 21:00:00,Payment,Phone,High,AGT-165,Resolved,
TKT-0008203,CUS-001299,2026-07-20 02:00:00,2026-07-20 08:00:00,Delivery,Chat,Medium,AGT-338,Resolved,
TKT-0008204,CUS-002105,2020-12-31 07:00:00,2020-12-31 15:00:00,Delivery,Phone,Low,AGT-132,Resolved,4.0
TKT-0008205,CUS-000558,2024-07-26 13:00:00,2024-07-29 17:00:00,Payment,Store,Low,AGT-138,Resolved,5.0
TKT-0008206,CUS-007198,2023-08-16 11:00:00,2023-08-16 22:00:00,Delivery,Store,Low,AGT-052,Closed,
TKT-0008207,CUS-003261,2026-06-06 17:00:00,2026-06-08 12:00:00,Returns,Social,High,AGT-159,Resolved,4.0
TKT-0008208,CUS-009659,2020-03-08 04:00:00,2020-03-11 16:00:00,Account,Social,Low,AGT-098,Resolved,3.0
TKT-0008209,CUS-007815,2021-11-08 19:00:00,2021-11-12 03:00:00,Returns,Phone,Low,AGT-233,Resolved,5.0
TKT-0008210,CUS-001710,2022-03-07 01:00:00,2022-03-07 04:00:00,Product Quality,Phone,Low,AGT-242,Resolved,
TKT-0008211,CUS-010205,2022-05-08 00:00:00,2022-05-12 23:00:00,Delivery,Phone,Medium,AGT-324,Resolved,5.0
TKT-0008212,CUS-008974,2023-12-18 11:00:00,2023-12-21 22:00:00,Account,Social,High,AGT-241,Resolved,3.0
TKT-0008213,CUS-003641,2021-01-27 10:00:00,2021-02-01 08:00:00,Payment,Store,Medium,AGT-312,Resolved,5.0
TKT-0008214,CUS-009596,2025-04-30 13:00:00,2025-05-01 07:00:00,Delivery,Phone,Medium,AGT-025,Resolved,
TKT-0008215,CUS-010942,2025-03-22 20:00:00,2025-03-24 10:00:00,Returns,Chat,High,AGT-093,Resolved,
TKT-0008216,CUS-000909,2026-05-12 07:00:00,2026-05-17 05:00:00,Account,Phone,Low,AGT-237,Resolved,3.0
TKT-0008217,CUS-005880,2021-12-02 11:00:00,2021-12-04 16:00:00,Technical,Chat,Medium,AGT-053,Resolved,
TKT-0008218,CUS-004822,2023-04-28 16:00:00,2023-05-01 11:00:00,Product Quality,Chat,Low,AGT-131,Closed,
TKT-0008219,CUS-005022,2026-06-07 06:00:00,2026-06-11 09:00:00,Returns,Chat,Low,AGT-089,Resolved,5.0
TKT-0008220,CUS-003649,2020-04-13 07:00:00,2020-04-16 16:00:00,Delivery,Social,Medium,AGT-016,Closed,
TKT-0008221,CUS-003630,2020-03-19 02:00:00,,Returns,Phone,Critical,AGT-307,Open,
TKT-0008222,CUS-004978,2023-08-10 03:00:00,2023-08-10 20:00:00,Technical,Phone,Low,AGT-234,Resolved,4.0
TKT-0008223,CUS-000587,2020-10-21 07:00:00,2020-10-22 14:00:00,Payment,Social,Medium,AGT-323,Resolved,
TKT-0008224,CUS-009345,2021-09-25 19:00:00,2021-09-28 16:00:00,Technical,Store,Low,AGT-189,Resolved,
TKT-0008225,CUS-003735,2021-02-12 01:00:00,2021-02-12 19:00:00,Product Quality,Email,Medium,AGT-160,Resolved,5.0
TKT-0008226,CUS-000610,2022-05-30 04:00:00,,Technical,Phone,High,AGT-210,Open,
TKT-0008227,CUS-002601,2022-03-03 07:00:00,2022-03-04 12:00:00,Product Quality,Social,Medium,AGT-246,Resolved,
TKT-0008228,CUS-006098,2022-07-05 02:00:00,2022-07-09 16:00:00,Delivery,Chat,Low,AGT-044,Resolved,4.0
TKT-0008229,CUS-010876,2025-03-24 07:00:00,2025-03-26 19:00:00,Delivery,Email,High,AGT-272,Resolved,
TKT-0008230,CUS-001913,2026-08-03 11:00:00,2026-08-05 20:00:00,Returns,Social,Medium,AGT-040,Closed,4.0
TKT-0008231,CUS-005663,2023-05-29 07:00:00,2023-05-29 20:00:00,Product Quality,Store,High,AGT-273,Resolved,4.0
TKT-0008232,CUS-007542,2021-08-19 01:00:00,2021-08-24 00:00:00,Product Quality,Store,Medium,AGT-207,Resolved,
TKT-0008233,CUS-009536,2024-01-03 06:00:00,2024-01-04 10:00:00,Returns,Store,Low,AGT-087,Resolved,5.0
TKT-0008234,CUS-006065,2023-01-18 05:00:00,2023-01-21 18:00:00,Product Quality,Phone,Medium,AGT-159,Resolved,4.0
TKT-0008235,CUS-010175,2021-01-19 01:00:00,2021-01-20 16:00:00,Product Quality,Phone,High,AGT-133,Resolved,5.0
TKT-0008236,CUS-006393,2021-01-09 22:00:00,2021-01-13 09:00:00,Delivery,Social,Low,AGT-029,Resolved,
TKT-0008237,CUS-005609,2022-11-05 10:00:00,2022-11-08 08:00:00,Delivery,Chat,Low,AGT-149,Resolved,
TKT-0008238,CUS-000845,2020-12-20 18:00:00,2020-12-22 14:00:00,Delivery,Store,Medium,AGT-123,Resolved,
TKT-0008239,CUS-006685,2022-08-03 19:00:00,2022-08-07 04:00:00,Account,Chat,High,AGT-032,Resolved,3.0
TKT-0008240,CUS-000385,2024-10-20 08:00:00,2024-10-23 11:00:00,Delivery,Phone,Medium,AGT-273,Resolved,
TKT-0008241,CUS-006936,2021-12-24 11:00:00,2021-12-24 15:00:00,Product Quality,Store,Low,AGT-224,Resolved,
TKT-0008242,CUS-008336,2024-06-01 23:00:00,,Account,Email,Medium,AGT-303,Open,
TKT-0008243,CUS-011230,2026-04-13 12:00:00,2026-04-14 11:00:00,Delivery,Store,Low,AGT-273,Resolved,
TKT-0008244,CUS-004634,2022-12-13 22:00:00,2022-12-17 18:00:00,Account,Chat,Low,AGT-215,Resolved,3.0
TKT-0008245,CUS-010936,2025-03-08 11:00:00,,Product Quality,Phone,Low,AGT-161,Open,
TKT-0008246,CUS-000369,2021-09-17 10:00:00,2021-09-20 07:00:00,Product Quality,Store,Medium,AGT-330,Closed,5.0
TKT-0008247,CUS-010488,2024-05-21 05:00:00,2024-05-23 17:00:00,Delivery,Email,Low,AGT-127,Closed,
TKT-0008248,CUS-011886,2026-08-03 14:00:00,2026-08-06 04:00:00,Payment,Store,Medium,AGT-155,Resolved,3.0
TKT-0008249,CUS-004868,2021-11-06 04:00:00,,Delivery,Email,High,AGT-018,Open,
TKT-0008250,CUS-006631,2020-02-04 11:00:00,2020-02-07 14:00:00,Delivery,Store,High,AGT-111,Resolved,3.0
TKT-0008251,CUS-010947,2025-09-23 06:00:00,2025-09-25 17:00:00,Product Quality,Store,Medium,AGT-329,Closed,
TKT-0008252,CUS-008253,2024-06-02 11:00:00,2024-06-04 02:00:00,Promotion,Chat,High,AGT-201,Resolved,3.0
TKT-0008253,CUS-001762,2020-06-09 13:00:00,2020-06-14 08:00:00,Delivery,Chat,Low,AGT-132,Resolved,3.0
TKT-0008254,CUS-009970,2024-05-27 14:00:00,2024-05-28 11:00:00,Product Quality,Chat,Medium,AGT-195,Resolved,
TKT-0008255,CUS-000707,2025-01-26 15:00:00,2025-01-28 12:00:00,Payment,Email,High,AGT-130,Resolved,3.0
TKT-0008256,CUS-001867,2023-02-09 18:00:00,2023-02-11 05:00:00,Product Quality,Chat,High,AGT-147,Closed,
TKT-0008257,CUS-001234,2020-08-10 04:00:00,2020-08-13 20:00:00,Product Quality,Social,Low,AGT-325,Closed,
TKT-0008258,CUS-001672,2021-04-03 01:00:00,2021-04-03 07:00:00,Returns,Store,High,AGT-137,Resolved,3.0
TKT-0008259,CUS-010806,2024-03-04 06:00:00,2024-03-06 13:00:00,Payment,Phone,Medium,AGT-146,Closed,5.0
TKT-0008260,CUS-004170,2024-07-24 01:00:00,,Returns,Social,Low,AGT-034,Open,
TKT-0008261,CUS-008435,2020-11-13 16:00:00,2020-11-14 04:00:00,Returns,Store,Low,AGT-268,Resolved,5.0
TKT-0008262,CUS-009298,2021-03-27 19:00:00,2021-03-28 05:00:00,Product Quality,Email,Low,AGT-022,Resolved,
TKT-0008263,CUS-011107,2020-11-26 21:00:00,2020-11-30 13:00:00,Account,Phone,High,AGT-266,Resolved,3.0
TKT-0008264,CUS-008964,2025-09-07 19:00:00,2025-09-08 05:00:00,Account,Social,Medium,AGT-191,Resolved,4.0
TKT-0008265,CUS-011552,2022-07-20 02:00:00,2022-07-24 12:00:00,Payment,Chat,Medium,AGT-347,Resolved,5.0
TKT-0008266,CUS-007454,2026-08-19 00:00:00,2026-08-20 13:00:00,Payment,Chat,Low,AGT-101,Resolved,3.0
TKT-0008267,CUS-001593,2020-01-15 21:00:00,2020-01-18 05:00:00,Technical,Social,High,AGT-306,Resolved,3.0
TKT-0008268,CUS-004991,2020-08-29 08:00:00,2020-09-01 15:00:00,Payment,Email,Medium,AGT-180,Closed,4.0
TKT-0008269,CUS-010114,2025-03-07 23:00:00,2025-03-08 15:00:00,Account,Email,Low,AGT-131,Resolved,
TKT-0008270,CUS-003329,2025-09-14 02:00:00,2025-09-17 12:00:00,Account,Phone,Medium,AGT-086,Resolved,1.0
TKT-0008271,CUS-009488,2021-01-09 05:00:00,2021-01-10 03:00:00,Product Quality,Store,Low,AGT-181,Resolved,3.0
TKT-0008272,CUS-011577,2022-06-16 09:00:00,2022-06-17 13:00:00,Promotion,Social,Medium,AGT-277,Closed,
TKT-0008273,CUS-006885,2021-01-10 13:00:00,2021-01-15 02:00:00,Payment,Chat,Low,AGT-250,Resolved,4.0
TKT-0008274,CUS-010343,2023-04-01 16:00:00,2023-04-01 21:00:00,Delivery,Chat,Low,AGT-099,Resolved,5.0
TKT-0008275,CUS-003838,2024-11-19 03:00:00,2024-11-23 08:00:00,Delivery,Phone,Medium,AGT-196,Closed,
TKT-0008276,CUS-009267,2026-04-04 00:00:00,2026-04-04 16:00:00,Delivery,Social,Low,AGT-191,Resolved,
TKT-0008277,CUS-006453,2022-02-14 18:00:00,2022-02-17 06:00:00,Delivery,Email,Low,AGT-247,Closed,
TKT-0008278,CUS-001517,2025-09-24 21:00:00,2025-09-29 19:00:00,Delivery,Chat,Low,AGT-186,Resolved,5.0
TKT-0008279,CUS-001104,2023-12-01 22:00:00,2023-12-03 17:00:00,Product Quality,Chat,Medium,AGT-136,Resolved,
TKT-0008280,CUS-002663,2025-11-02 05:00:00,2025-11-05 22:00:00,Returns,Social,Low,AGT-298,Resolved,3.0
TKT-0008281,CUS-004908,2021-09-12 05:00:00,2021-09-15 22:00:00,Payment,Phone,Low,AGT-024,Resolved,
TKT-0008282,CUS-005085,2025-09-04 21:00:00,2025-09-08 07:00:00,Product Quality,Chat,Medium,AGT-305,Resolved,
TKT-0008283,CUS-001582,2025-06-29 06:00:00,2025-07-02 23:00:00,Returns,Email,Low,AGT-266,Resolved,4.0
TKT-0008284,CUS-010616,2022-10-28 17:00:00,2022-10-31 21:00:00,Product Quality,Social,Low,AGT-079,Resolved,
TKT-0008285,CUS-011910,2022-02-01 01:00:00,2022-02-05 16:00:00,Delivery,Email,Medium,AGT-312,Closed,4.0
TKT-0008286,CUS-004764,2023-01-21 14:00:00,2023-01-22 18:00:00,Delivery,Chat,Medium,AGT-272,Resolved,
TKT-0008287,CUS-001661,2020-09-09 04:00:00,2020-09-12 12:00:00,Product Quality,Store,Medium,AGT-102,Resolved,4.0
TKT-0008288,CUS-004614,2023-08-15 13:00:00,2023-08-18 01:00:00,Account,Social,Low,AGT-270,Resolved,5.0
TKT-0008289,CUS-007676,2022-04-30 09:00:00,2022-05-04 01:00:00,Returns,Phone,Medium,AGT-303,Resolved,2.0
TKT-0008290,CUS-008377,2023-11-15 12:00:00,2023-11-19 07:00:00,Delivery,Phone,Medium,AGT-347,Resolved,
TKT-0008291,CUS-010437,2025-01-22 02:00:00,2025-01-26 21:00:00,Product Quality,Email,Medium,AGT-348,Closed,5.0
TKT-0008292,CUS-011685,2022-05-15 00:00:00,2022-05-18 08:00:00,Returns,Social,Low,AGT-186,Closed,4.0
TKT-0008293,CUS-006398,2020-10-14 16:00:00,2020-10-18 18:00:00,Delivery,Store,Medium,AGT-240,Resolved,4.0
TKT-0008294,CUS-003236,2022-07-24 19:00:00,2022-07-25 15:00:00,Promotion,Phone,High,AGT-336,Resolved,
TKT-0008295,CUS-011613,2025-01-24 13:00:00,2025-01-27 05:00:00,Returns,Social,Medium,AGT-045,Resolved,
TKT-0008296,CUS-005862,2025-03-18 09:00:00,,Returns,Chat,Medium,AGT-056,Open,
TKT-0008297,CUS-003185,2025-01-26 01:00:00,2025-01-28 00:00:00,Returns,Chat,Medium,AGT-345,Resolved,
TKT-0008298,CUS-006336,2025-12-08 21:00:00,,Payment,Chat,Low,AGT-189,Open,
TKT-0008299,CUS-008021,2022-05-25 17:00:00,2022-05-27 02:00:00,Returns,Store,High,AGT-310,Resolved,2.0
TKT-0008300,CUS-003099,2021-11-07 20:00:00,2021-11-10 07:00:00,Returns,Chat,Low,AGT-299,Resolved,1.0
TKT-0008301,CUS-011233,2023-07-01 05:00:00,2023-07-05 12:00:00,Product Quality,Store,Medium,AGT-018,Resolved,4.0
TKT-0008302,CUS-011082,2022-05-15 18:00:00,2022-05-18 10:00:00,Returns,Email,Low,AGT-124,Resolved,
TKT-0008303,CUS-007424,2023-06-27 17:00:00,2023-07-02 11:00:00,Delivery,Chat,Medium,AGT-017,Closed,5.0
TKT-0008304,CUS-004938,2025-08-30 04:00:00,2025-08-30 20:00:00,Delivery,Social,High,AGT-080,Resolved,
TKT-0008305,CUS-000441,2023-07-08 16:00:00,2023-07-10 00:00:00,Promotion,Phone,Medium,AGT-144,Resolved,3.0
TKT-0008306,CUS-008397,2022-08-05 19:00:00,2022-08-05 22:00:00,Technical,Chat,High,AGT-125,Closed,5.0
TKT-0008307,CUS-001575,2025-06-15 17:00:00,2025-06-19 06:00:00,Delivery,Email,Medium,AGT-131,Resolved,
TKT-0008308,CUS-003826,2023-10-19 08:00:00,2023-10-19 14:00:00,Delivery,Chat,High,AGT-112,Resolved,
TKT-0008309,CUS-011930,2022-03-29 20:00:00,2022-04-01 19:00:00,Product Quality,Phone,Medium,AGT-233,Resolved,
TKT-0008310,CUS-007280,2020-06-26 17:00:00,2020-06-30 22:00:00,Product Quality,Email,Medium,AGT-027,Resolved,1.0
TKT-0008311,CUS-000458,2020-11-30 03:00:00,2020-12-03 06:00:00,Returns,Store,Medium,AGT-081,Resolved,
TKT-0008312,CUS-010784,2024-02-24 03:00:00,,Returns,Phone,Low,AGT-157,Open,
TKT-0008313,CUS-003333,2020-10-09 14:00:00,2020-10-12 19:00:00,Delivery,Email,Medium,AGT-191,Resolved,
TKT-0008314,CUS-002246,2020-04-18 04:00:00,2020-04-21 08:00:00,Technical,Email,Medium,AGT-101,Resolved,
TKT-0008315,CUS-008252,2024-10-30 06:00:00,2024-11-03 21:00:00,Returns,Phone,Medium,AGT-312,Resolved,
TKT-0008316,CUS-000884,2025-11-21 08:00:00,2025-11-22 21:00:00,Product Quality,Email,Low,AGT-114,Resolved,
TKT-0008317,CUS-011242,2024-06-01 02:00:00,2024-06-06 01:00:00,Delivery,Social,Medium,AGT-288,Resolved,5.0
TKT-0008318,CUS-004635,2023-07-12 05:00:00,2023-07-13 10:00:00,Returns,Social,Low,AGT-129,Resolved,
TKT-0008319,CUS-003828,2024-10-30 09:00:00,2024-11-02 13:00:00,Account,Phone,High,AGT-267,Resolved,
TKT-0008320,CUS-007318,2024-03-14 07:00:00,2024-03-14 22:00:00,Payment,Email,Medium,AGT-019,Resolved,
TKT-0008321,CUS-010231,2025-12-03 09:00:00,2025-12-07 11:00:00,Technical,Chat,Medium,AGT-116,Resolved,3.0
TKT-0008322,CUS-003468,2020-01-26 16:00:00,2020-01-28 07:00:00,Delivery,Chat,High,AGT-191,Resolved,4.0
TKT-0008323,CUS-003296,2024-10-10 22:00:00,2024-10-15 18:00:00,Payment,Social,Medium,AGT-207,Resolved,5.0
TKT-0008324,CUS-010227,2025-08-03 03:00:00,2025-08-06 09:00:00,Promotion,Social,Low,AGT-222,Resolved,2.0
TKT-0008325,CUS-005430,2025-11-27 13:00:00,2025-11-29 13:00:00,Payment,Email,High,AGT-272,Resolved,
TKT-0008326,CUS-009132,2022-02-15 04:00:00,2022-02-15 19:00:00,Promotion,Store,Medium,AGT-107,Resolved,5.0
TKT-0008327,CUS-004435,2021-02-28 16:00:00,2021-03-04 14:00:00,Promotion,Chat,Medium,AGT-172,Resolved,5.0
TKT-0008328,CUS-011654,2024-12-01 13:00:00,,Returns,Chat,Low,AGT-303,Open,
TKT-0008329,CUS-011801,2023-12-17 23:00:00,2023-12-21 02:00:00,Account,Social,Low,AGT-276,Resolved,3.0
TKT-0008330,CUS-009874,2025-03-09 15:00:00,2025-03-13 06:00:00,Delivery,Store,Medium,AGT-130,Resolved,
TKT-0008331,CUS-002597,2023-05-24 16:00:00,2023-05-28 23:00:00,Account,Store,Medium,AGT-304,Resolved,5.0
TKT-0008332,CUS-002561,2025-11-16 23:00:00,2025-11-21 20:00:00,Delivery,Phone,Low,AGT-343,Resolved,2.0
TKT-0008333,CUS-006959,2024-06-09 22:00:00,2024-06-13 08:00:00,Product Quality,Store,Medium,AGT-137,Resolved,5.0
TKT-0008334,CUS-011229,2024-02-16 12:00:00,,Account,Social,High,AGT-231,Open,
TKT-0008335,CUS-005083,2020-10-06 05:00:00,2020-10-08 18:00:00,Delivery,Phone,Low,AGT-157,Resolved,5.0
TKT-0008336,CUS-011798,2025-10-07 02:00:00,2025-10-10 19:00:00,Product Quality,Email,Low,AGT-319,Resolved,
TKT-0008337,CUS-000311,2023-08-16 23:00:00,2023-08-19 07:00:00,Delivery,Social,High,AGT-081,Resolved,5.0
TKT-0008338,CUS-007062,2025-05-08 21:00:00,2025-05-09 12:00:00,Promotion,Social,Low,AGT-027,Resolved,4.0
TKT-0008339,CUS-000746,2021-07-22 08:00:00,2021-07-24 03:00:00,Technical,Email,Medium,AGT-036,Resolved,
TKT-0008340,CUS-010242,2024-05-21 08:00:00,2024-05-22 08:00:00,Account,Phone,Medium,AGT-314,Resolved,
TKT-0008341,CUS-011489,2020-11-01 14:00:00,2020-11-02 04:00:00,Product Quality,Store,Medium,AGT-043,Resolved,
TKT-0008342,CUS-003098,2023-02-12 21:00:00,2023-02-16 23:00:00,Returns,Social,Medium,AGT-210,Resolved,
TKT-0008343,CUS-004913,2024-12-06 02:00:00,2024-12-07 19:00:00,Payment,Chat,High,AGT-274,Resolved,4.0
TKT-0008344,CUS-003174,2026-02-18 15:00:00,2026-02-21 03:00:00,Product Quality,Phone,Low,AGT-172,Resolved,
TKT-0008345,CUS-009222,2021-10-08 06:00:00,2021-10-11 05:00:00,Delivery,Chat,Critical,AGT-224,Resolved,4.0
TKT-0008346,CUS-001965,2022-05-22 03:00:00,2022-05-24 07:00:00,Payment,Social,Medium,AGT-206,Resolved,3.0
TKT-0008347,CUS-000885,2024-12-29 03:00:00,,Returns,Chat,High,AGT-206,Open,
TKT-0008348,CUS-008504,2021-06-18 03:00:00,2021-06-22 07:00:00,Returns,Store,Low,AGT-314,Resolved,
TKT-0008349,CUS-011199,2025-07-26 21:00:00,2025-07-29 20:00:00,Delivery,Phone,Medium,AGT-087,Resolved,
TKT-0008350,CUS-000880,2026-02-20 18:00:00,2026-02-23 00:00:00,Delivery,Email,Low,AGT-346,Resolved,
TKT-0008351,CUS-007709,2025-09-29 18:00:00,2025-10-02 15:00:00,Payment,Store,Medium,AGT-231,Resolved,
TKT-0008352,CUS-007661,2022-09-11 06:00:00,2022-09-12 02:00:00,Account,Email,Low,AGT-006,Closed,5.0
TKT-0008353,CUS-008020,2020-08-15 05:00:00,2020-08-17 13:00:00,Returns,Store,Medium,AGT-236,Resolved,3.0
TKT-0008354,CUS-011802,2025-03-26 02:00:00,2025-03-29 08:00:00,Payment,Phone,Low,AGT-059,Resolved,
TKT-0008355,CUS-003705,2023-01-30 10:00:00,2023-02-02 13:00:00,Delivery,Phone,Critical,AGT-129,Closed,
TKT-0008356,CUS-009153,2025-09-09 07:00:00,2025-09-10 19:00:00,Delivery,Chat,Medium,AGT-050,Resolved,
TKT-0008357,CUS-000829,2024-10-10 18:00:00,2024-10-15 16:00:00,Technical,Store,High,AGT-281,Resolved,5.0
TKT-0008358,CUS-004580,2025-11-30 02:00:00,2025-12-01 22:00:00,Account,Phone,Low,AGT-253,Resolved,3.0
TKT-0008359,CUS-005432,2022-07-10 19:00:00,2022-07-12 05:00:00,Delivery,Phone,Medium,AGT-102,Resolved,
TKT-0008360,CUS-011949,2022-07-02 23:00:00,2022-07-05 22:00:00,Returns,Email,Medium,AGT-220,Resolved,
TKT-0008361,CUS-001198,2023-09-12 08:00:00,2023-09-13 08:00:00,Payment,Chat,Medium,AGT-105,Resolved,
TKT-0008362,CUS-006862,2026-03-12 05:00:00,2026-03-13 23:00:00,Product Quality,Social,Low,AGT-090,Resolved,
TKT-0008363,CUS-001058,2026-01-29 03:00:00,2026-01-31 09:00:00,Delivery,Social,Critical,AGT-214,Resolved,3.0
TKT-0008364,CUS-011266,2026-04-11 01:00:00,2026-04-12 06:00:00,Returns,Social,Medium,AGT-114,Resolved,5.0
TKT-0008365,CUS-007338,2025-01-07 06:00:00,2025-01-08 12:00:00,Returns,Social,Medium,AGT-084,Closed,
TKT-0008366,CUS-011768,2020-08-23 20:00:00,2020-08-25 20:00:00,Product Quality,Social,High,AGT-161,Resolved,
TKT-0008367,CUS-008436,2021-12-23 15:00:00,2021-12-26 21:00:00,Technical,Phone,Medium,AGT-345,Resolved,
TKT-0008368,CUS-008972,2022-06-26 17:00:00,,Account,Phone,Low,AGT-085,Open,
TKT-0008369,CUS-006695,2020-02-22 16:00:00,2020-02-23 20:00:00,Returns,Email,Medium,AGT-237,Resolved,5.0
TKT-0008370,CUS-011655,2022-12-20 23:00:00,2022-12-24 15:00:00,Returns,Phone,High,AGT-113,Resolved,5.0
TKT-0008371,CUS-004778,2026-05-01 22:00:00,2026-05-05 19:00:00,Delivery,Social,Low,AGT-009,Closed,3.0
TKT-0008372,CUS-001590,2026-08-29 08:00:00,2026-08-29 23:00:00,Returns,Chat,Low,AGT-153,Resolved,4.0
TKT-0008373,CUS-009349,2025-01-13 07:00:00,2025-01-17 20:00:00,Product Quality,Phone,Medium,AGT-184,Resolved,3.0
TKT-0008374,CUS-010821,2025-06-26 04:00:00,2025-06-29 06:00:00,Product Quality,Chat,Low,AGT-009,Resolved,
TKT-0008375,CUS-007026,2026-01-14 22:00:00,2026-01-18 08:00:00,Product Quality,Email,Low,AGT-132,Resolved,5.0
TKT-0008376,CUS-006426,2022-03-02 14:00:00,2022-03-07 06:00:00,Payment,Chat,Low,AGT-096,Closed,
TKT-0008377,CUS-009428,2024-01-09 09:00:00,2024-01-12 13:00:00,Returns,Phone,Medium,AGT-250,Resolved,4.0
TKT-0008378,CUS-001108,2020-02-20 16:00:00,,Product Quality,Email,Low,AGT-154,Open,
TKT-0008379,CUS-004763,2024-05-28 16:00:00,2024-05-29 09:00:00,Payment,Store,Low,AGT-053,Resolved,
TKT-0008380,CUS-001189,2020-07-20 07:00:00,2020-07-23 23:00:00,Product Quality,Email,Medium,AGT-253,Resolved,3.0
TKT-0008381,CUS-003501,2026-08-01 01:00:00,2026-08-02 22:00:00,Delivery,Email,High,AGT-219,Resolved,2.0
TKT-0008382,CUS-006996,2023-08-08 09:00:00,2023-08-12 09:00:00,Delivery,Social,Medium,AGT-017,Closed,4.0
TKT-0008383,CUS-007523,2022-10-03 11:00:00,2022-10-04 14:00:00,Delivery,Store,Medium,AGT-222,Resolved,5.0
TKT-0008384,CUS-003919,2022-01-23 22:00:00,2022-01-24 09:00:00,Returns,Chat,Low,AGT-072,Resolved,4.0
TKT-0008385,CUS-004065,2025-01-01 12:00:00,2025-01-04 07:00:00,Delivery,Social,Medium,AGT-140,Resolved,4.0
TKT-0008386,CUS-007909,2025-04-27 22:00:00,2025-05-01 07:00:00,Account,Email,High,AGT-347,Resolved,5.0
TKT-0008387,CUS-004564,2025-12-25 03:00:00,2025-12-27 18:00:00,Technical,Email,Low,AGT-131,Resolved,
TKT-0008388,CUS-007607,2022-07-19 03:00:00,2022-07-21 09:00:00,Delivery,Social,Critical,AGT-083,Resolved,5.0
TKT-0008389,CUS-007808,2020-01-25 06:00:00,2020-01-26 13:00:00,Product Quality,Store,High,AGT-005,Resolved,
TKT-0008390,CUS-002887,2022-07-24 13:00:00,2022-07-25 12:00:00,Payment,Email,Medium,AGT-059,Resolved,5.0
TKT-0008391,CUS-000219,2021-09-08 12:00:00,2021-09-10 23:00:00,Product Quality,Phone,Low,AGT-244,Resolved,5.0
TKT-0008392,CUS-008313,2022-07-31 02:00:00,2022-08-01 07:00:00,Product Quality,Chat,Low,AGT-153,Closed,3.0
TKT-0008393,CUS-002465,2021-03-08 06:00:00,2021-03-08 21:00:00,Payment,Email,Medium,AGT-070,Closed,
TKT-0008394,CUS-003429,2021-05-16 16:00:00,,Product Quality,Social,Medium,AGT-304,Open,
TKT-0008395,CUS-007699,2021-10-08 20:00:00,2021-10-09 07:00:00,Delivery,Social,High,AGT-008,Resolved,
TKT-0008396,CUS-003248,2023-06-01 21:00:00,2023-06-03 07:00:00,Promotion,Phone,High,AGT-182,Resolved,
TKT-0008397,CUS-002198,2023-09-03 11:00:00,2023-09-03 13:00:00,Technical,Email,Medium,AGT-030,Resolved,5.0
TKT-0008398,CUS-001664,2021-06-17 13:00:00,2021-06-20 23:00:00,Technical,Social,Medium,AGT-120,Closed,4.0
TKT-0008399,CUS-005903,2026-05-30 20:00:00,2026-06-03 07:00:00,Delivery,Phone,High,AGT-050,Resolved,
TKT-0008400,CUS-005949,2022-04-19 22:00:00,2022-04-19 23:00:00,Product Quality,Social,Low,AGT-074,Resolved,5.0
TKT-0008401,CUS-011880,2024-12-01 06:00:00,2024-12-03 10:00:00,Technical,Store,Low,AGT-262,Resolved,
TKT-0008402,CUS-004151,2022-06-24 04:00:00,2022-06-25 08:00:00,Returns,Chat,Medium,AGT-288,Resolved,
TKT-0008403,CUS-009793,2025-11-27 15:00:00,2025-11-30 11:00:00,Returns,Store,Low,AGT-203,Resolved,
TKT-0008404,CUS-008009,2022-12-28 12:00:00,2022-12-30 03:00:00,Promotion,Phone,Medium,AGT-065,Resolved,5.0
TKT-0008405,CUS-006435,2023-08-09 17:00:00,,Delivery,Chat,Medium,AGT-258,Open,
TKT-0008406,CUS-009402,2022-07-24 21:00:00,2022-07-25 21:00:00,Delivery,Chat,Low,AGT-216,Resolved,5.0
TKT-0008407,CUS-011577,2020-07-08 16:00:00,2020-07-10 16:00:00,Returns,Social,Low,AGT-288,Resolved,4.0
TKT-0008408,CUS-002584,2023-05-27 09:00:00,2023-05-31 12:00:00,Product Quality,Phone,Medium,AGT-204,Resolved,5.0
TKT-0008409,CUS-005078,2024-09-12 10:00:00,2024-09-16 12:00:00,Delivery,Social,Medium,AGT-081,Resolved,5.0
TKT-0008410,CUS-003407,2026-03-20 22:00:00,2026-03-23 19:00:00,Product Quality,Chat,Medium,AGT-062,Resolved,
TKT-0008411,CUS-006103,2024-09-07 04:00:00,2024-09-10 22:00:00,Account,Chat,Low,AGT-227,Resolved,5.0
TKT-0008412,CUS-003433,2023-08-16 05:00:00,,Payment,Social,High,AGT-337,Open,
TKT-0008413,CUS-004997,2024-09-25 04:00:00,2024-09-27 12:00:00,Returns,Email,High,AGT-329,Resolved,
TKT-0008414,CUS-009326,2025-01-12 19:00:00,,Payment,Email,High,AGT-034,Open,
TKT-0008415,CUS-011986,2020-04-03 09:00:00,2020-04-07 10:00:00,Product Quality,Social,Low,AGT-153,Resolved,4.0
TKT-0008416,CUS-011276,2020-07-16 17:00:00,2020-07-18 16:00:00,Delivery,Store,Low,AGT-183,Resolved,5.0
TKT-0008417,CUS-002649,2020-12-04 04:00:00,,Product Quality,Phone,Medium,AGT-272,Open,
TKT-0008418,CUS-011396,2021-05-10 09:00:00,2021-05-12 14:00:00,Delivery,Email,Low,AGT-208,Resolved,
TKT-0008419,CUS-007241,2022-01-25 16:00:00,2022-01-27 19:00:00,Promotion,Phone,Low,AGT-169,Resolved,
TKT-0008420,CUS-003963,2024-11-04 01:00:00,,Product Quality,Chat,Medium,AGT-280,Open,
TKT-0008421,CUS-002997,2020-09-05 08:00:00,2020-09-05 09:00:00,Delivery,Store,Low,AGT-001,Resolved,
TKT-0008422,CUS-001065,2023-03-12 01:00:00,2023-03-12 08:00:00,Delivery,Phone,High,AGT-099,Resolved,
TKT-0008423,CUS-010386,2021-05-18 09:00:00,2021-05-20 22:00:00,Promotion,Chat,Medium,AGT-132,Resolved,
TKT-0008424,CUS-004428,2022-07-07 20:00:00,2022-07-11 18:00:00,Returns,Phone,Low,AGT-139,Resolved,4.0
TKT-0008425,CUS-001451,2024-02-26 01:00:00,2024-02-26 21:00:00,Delivery,Store,Medium,AGT-183,Resolved,
TKT-0008426,CUS-000976,2020-12-22 06:00:00,2020-12-22 09:00:00,Payment,Email,Low,AGT-022,Resolved,
TKT-0008427,CUS-008656,2021-07-11 07:00:00,2021-07-12 08:00:00,Account,Chat,Low,AGT-322,Resolved,4.0
TKT-0008428,CUS-005471,2026-06-28 00:00:00,2026-06-29 10:00:00,Product Quality,Email,Medium,AGT-297,Resolved,5.0
TKT-0008429,CUS-009993,2022-11-23 05:00:00,2022-11-24 23:00:00,promotion,Email,Medium,AGT-237,Resolved,2.0
TKT-0008430,CUS-000260,2021-05-06 04:00:00,2021-05-07 14:00:00,Delivery,Store,Low,AGT-108,Resolved,4.0
TKT-0008431,CUS-011024,2026-03-28 17:00:00,2026-04-01 06:00:00,Delivery,Phone,Low,AGT-325,Resolved,5.0
TKT-0008432,CUS-002144,2023-03-05 11:00:00,2023-03-06 01:00:00,Delivery,Chat,Medium,AGT-201,Resolved,3.0
TKT-0008433,CUS-005150,2023-08-14 03:00:00,2023-08-14 22:00:00,Payment,Chat,Low,AGT-092,Closed,
TKT-0008434,CUS-008271,2025-10-05 05:00:00,2025-10-05 20:00:00,Technical,Store,High,AGT-238,Resolved,
TKT-0008435,CUS-000622,2024-04-15 00:00:00,,Promotion,Chat,Low,AGT-046,Open,
TKT-0008436,CUS-003420,2022-10-08 10:00:00,2022-10-10 14:00:00,Delivery,Phone,High,AGT-068,Closed,3.0
TKT-0008437,CUS-005244,2024-07-29 10:00:00,2024-08-03 09:00:00,Returns,Email,Medium,AGT-041,Closed,
TKT-0008438,CUS-001740,2021-07-09 21:00:00,2021-07-13 01:00:00,Product Quality,Email,Low,AGT-268,Closed,
TKT-0008439,CUS-007925,2024-02-11 21:00:00,2024-02-14 02:00:00,Product Quality,Chat,Medium,AGT-002,Resolved,4.0
TKT-0008440,CUS-009904,2020-06-10 06:00:00,2020-06-14 13:00:00,Returns,Chat,High,AGT-094,Resolved,2.0
TKT-0008441,CUS-001285,2025-05-30 07:00:00,2025-06-02 02:00:00,Promotion,Phone,Critical,AGT-234,Resolved,5.0
TKT-0008442,CUS-001919,2023-10-19 15:00:00,2023-10-22 11:00:00,Delivery,Email,High,AGT-008,Closed,
TKT-0008443,CUS-005479,2021-07-23 13:00:00,2021-07-26 23:00:00,Delivery,Store,High,AGT-337,Resolved,5.0
TKT-0008444,CUS-010426,2024-08-05 09:00:00,2024-08-05 19:00:00,Payment,Phone,High,AGT-133,Resolved,4.0
TKT-0008445,CUS-005448,2020-03-26 07:00:00,2020-03-30 23:00:00,Product Quality,Chat,Low,AGT-090,Resolved,1.0
TKT-0008446,CUS-003452,2021-08-07 09:00:00,2021-08-11 22:00:00,Delivery,Phone,Medium,AGT-212,Resolved,
TKT-0008447,CUS-009690,2023-12-25 14:00:00,2023-12-28 23:00:00,Account,Chat,High,AGT-231,Resolved,4.0
TKT-0008448,CUS-008693,2026-05-08 10:00:00,2026-05-09 23:00:00,Delivery,Email,High,AGT-073,Resolved,5.0
TKT-0008449,CUS-005097,2022-12-04 09:00:00,2022-12-06 13:00:00,Promotion,Store,Medium,AGT-232,Resolved,5.0
TKT-0008450,CUS-002006,2021-04-03 05:00:00,2021-04-04 21:00:00,Payment,Phone,Low,AGT-015,Resolved,
TKT-0008451,CUS-003572,2026-04-19 22:00:00,2026-04-21 14:00:00,Returns,Store,Medium,AGT-278,Resolved,
TKT-0008452,CUS-008331,2022-06-02 18:00:00,2022-06-04 02:00:00,Delivery,Phone,Medium,AGT-073,Resolved,
TKT-0008453,CUS-005609,2023-01-22 18:00:00,2023-01-23 23:00:00,Product Quality,Social,High,AGT-170,Resolved,4.0
TKT-0008454,CUS-009788,2025-03-02 01:00:00,2025-03-04 03:00:00,Payment,Email,Low,AGT-326,Resolved,5.0
TKT-0008455,CUS-000421,2022-09-26 17:00:00,,Delivery,Social,Medium,AGT-084,Open,
TKT-0008456,CUS-001422,2020-10-20 14:00:00,2020-10-22 18:00:00,Delivery,Social,Low,AGT-256,Resolved,5.0
TKT-0008457,CUS-011302,2021-10-22 14:00:00,2021-10-26 05:00:00,Returns,Chat,High,AGT-244,Resolved,2.0
TKT-0008458,CUS-010465,2024-10-01 04:00:00,2024-10-04 00:00:00,Delivery,Email,Medium,AGT-168,Resolved,
TKT-0008459,CUS-005666,2020-04-26 12:00:00,2020-04-29 06:00:00,Delivery,Chat,High,AGT-153,Closed,5.0
TKT-0008460,CUS-003353,2026-02-18 05:00:00,2026-02-22 15:00:00,Delivery,Phone,Medium,AGT-026,Closed,5.0
TKT-0008461,CUS-006844,2025-07-08 16:00:00,2025-07-12 14:00:00,Product Quality,Store,High,AGT-311,Resolved,5.0
TKT-0008462,CUS-001438,2026-06-24 21:00:00,2026-06-29 05:00:00,Returns,Phone,Low,AGT-287,Resolved,
TKT-0008463,CUS-007786,2026-02-05 00:00:00,2026-02-07 18:00:00,Delivery,Store,Medium,AGT-076,Resolved,
TKT-0008464,CUS-011992,2026-06-23 11:00:00,2026-06-24 15:00:00,Payment,Social,Medium,AGT-217,Resolved,4.0
TKT-0008465,CUS-001291,2023-10-16 16:00:00,2023-10-21 04:00:00,Delivery,Social,Low,AGT-272,Resolved,
TKT-0008466,CUS-011412,2024-07-27 02:00:00,2024-07-31 07:00:00,Returns,Store,Medium,AGT-192,Resolved,5.0
TKT-0008467,CUS-005518,2020-08-15 16:00:00,2020-08-19 23:00:00,Payment,Phone,Low,AGT-120,Resolved,
TKT-0008468,CUS-007109,2025-07-16 01:00:00,2025-07-18 16:00:00,Returns,Email,High,AGT-219,Closed,5.0
TKT-0008469,CUS-005322,2026-05-08 15:00:00,2026-05-10 12:00:00,Returns,Email,Low,AGT-049,Resolved,5.0
TKT-0008470,CUS-005085,2023-01-14 02:00:00,2023-01-15 06:00:00,Technical,Social,Medium,AGT-214,Resolved,
TKT-0008471,CUS-005018,2025-12-27 09:00:00,2025-12-30 13:00:00,Promotion,Store,Medium,AGT-050,Resolved,2.0
TKT-0008472,CUS-004768,2022-05-12 20:00:00,2022-05-15 13:00:00,Delivery,Store,Medium,AGT-106,Resolved,2.0
TKT-0008473,CUS-008090,2024-05-01 03:00:00,2024-05-02 00:00:00,Delivery,Store,Low,AGT-284,Resolved,3.0
TKT-0008474,CUS-004093,2022-11-06 04:00:00,2022-11-06 20:00:00,Returns,Social,Medium,AGT-275,Resolved,
TKT-0008475,CUS-002091,2022-12-21 02:00:00,2022-12-22 16:00:00,Account,Email,Low,AGT-027,Resolved,5.0
TKT-0008476,CUS-009928,2022-08-27 19:00:00,2022-08-29 08:00:00,Returns,Store,Medium,AGT-185,Resolved,
TKT-0008477,CUS-004074,2021-10-20 17:00:00,2021-10-22 17:00:00,Promotion,Social,High,AGT-007,Resolved,
TKT-0008478,CUS-002752,2025-03-07 10:00:00,2025-03-10 10:00:00,Product Quality,Phone,Medium,AGT-104,Resolved,
TKT-0008479,CUS-006865,2022-07-31 09:00:00,2022-08-03 15:00:00,Delivery,Store,Low,AGT-171,Resolved,
TKT-0008480,CUS-003440,2022-05-19 00:00:00,2022-05-21 10:00:00,Delivery,Store,Medium,AGT-015,Resolved,5.0
TKT-0008481,CUS-001814,2022-05-10 08:00:00,2022-05-11 11:00:00,Returns,Store,Medium,AGT-074,Resolved,3.0
TKT-0008482,CUS-006156,2025-08-07 02:00:00,2025-08-11 22:00:00,Product Quality,Store,Low,AGT-147,Resolved,
TKT-0008483,CUS-004741,2026-07-16 16:00:00,2026-07-17 06:00:00,Returns,Email,Medium,AGT-252,Resolved,5.0
TKT-0008484,CUS-000192,2025-03-11 17:00:00,2025-03-14 09:00:00,Delivery,Social,High,AGT-253,Resolved,
TKT-0008485,CUS-002644,2020-06-26 21:00:00,2020-07-01 04:00:00,Returns,Store,Medium,AGT-228,Resolved,4.0
TKT-0008486,CUS-010333,2024-07-19 21:00:00,2024-07-22 02:00:00,Product Quality,Social,Medium,AGT-148,Resolved,
TKT-0008487,CUS-007839,2020-12-27 13:00:00,,Account,Phone,Medium,AGT-080,Open,
TKT-0008488,CUS-001439,2023-04-27 22:00:00,2023-04-29 07:00:00,Payment,Phone,Medium,AGT-152,Resolved,
TKT-0008489,CUS-007117,2023-05-23 20:00:00,2023-05-28 17:00:00,Delivery,Social,Medium,AGT-296,Resolved,5.0
TKT-0008490,CUS-001133,2023-12-11 11:00:00,2023-12-15 12:00:00,Technical,Chat,High,AGT-195,Resolved,
TKT-0008491,CUS-009839,2022-07-27 18:00:00,2022-08-01 04:00:00,Technical,Social,High,AGT-310,Resolved,3.0
TKT-0008492,CUS-008069,2021-02-13 11:00:00,2021-02-16 01:00:00,Payment,Store,Low,AGT-209,Resolved,
TKT-0008493,CUS-011662,2024-08-06 00:00:00,2024-08-07 11:00:00,Payment,Store,Medium,AGT-025,Resolved,
TKT-0008494,CUS-010046,2026-06-26 14:00:00,2026-06-30 10:00:00,Delivery,Chat,Medium,AGT-093,Resolved,4.0
TKT-0008495,CUS-001483,2023-02-28 21:00:00,,Product Quality,Email,High,AGT-286,Open,
TKT-0008496,CUS-004843,2024-12-08 02:00:00,2024-12-12 07:00:00,Technical,Email,Medium,AGT-221,Resolved,
TKT-0008497,CUS-002561,2024-08-11 01:00:00,2024-08-12 08:00:00,Product Quality,Chat,Medium,AGT-029,Closed,1.0
TKT-0008498,CUS-009197,2023-07-16 06:00:00,2023-07-18 11:00:00,Promotion,Social,Low,AGT-083,Resolved,4.0
TKT-0008499,CUS-002909,2022-09-29 21:00:00,2022-10-04 07:00:00,Payment,Phone,Medium,AGT-014,Resolved,
TKT-0008500,CUS-009666,2025-10-15 03:00:00,2025-10-19 19:00:00,Payment,Chat,Low,AGT-022,Closed,
TKT-0008501,CUS-006704,2024-01-02 06:00:00,2024-01-05 05:00:00,Product Quality,Store,High,AGT-230,Resolved,5.0
TKT-0008502,CUS-002011,2026-03-16 11:00:00,2026-03-16 20:00:00,Returns,Store,Critical,AGT-219,Closed,5.0
TKT-0008503,CUS-000362,2020-02-05 00:00:00,2020-02-07 07:00:00,Delivery,Phone,Medium,AGT-313,Closed,4.0
TKT-0008504,CUS-002077,2024-01-03 16:00:00,2024-01-06 19:00:00,Product Quality,Social,Medium,AGT-201,Resolved,2.0
TKT-0008505,CUS-003166,2026-03-01 05:00:00,2026-03-02 05:00:00,Delivery,Store,Medium,AGT-159,Resolved,5.0
TKT-0008506,CUS-007830,2023-10-30 01:00:00,2023-11-01 13:00:00,Delivery,Social,Low,AGT-047,Resolved,2.0
TKT-0008507,CUS-007239,2025-03-09 20:00:00,2025-03-13 08:00:00,Delivery,Email,High,AGT-342,Resolved,5.0
TKT-0008508,CUS-001168,2021-04-05 03:00:00,2021-04-09 09:00:00,Promotion,Phone,Medium,AGT-002,Resolved,5.0
TKT-0008509,CUS-001890,2026-03-10 07:00:00,,Payment,Store,Medium,AGT-020,Open,
TKT-0008510,CUS-009510,2024-06-15 09:00:00,2024-06-15 17:00:00,Returns,Chat,Medium,AGT-294,Resolved,5.0
TKT-0008511,CUS-007611,2022-03-08 15:00:00,2022-03-12 18:00:00,Product Quality,Phone,Low,AGT-087,Resolved,
TKT-0008512,CUS-011910,2021-04-08 19:00:00,2021-04-08 22:00:00,Returns,Chat,Low,AGT-264,Resolved,4.0
TKT-0008513,CUS-003852,2021-06-18 14:00:00,2021-06-20 05:00:00,Technical,Email,Medium,AGT-002,Closed,
TKT-0008514,CUS-011774,2020-05-07 01:00:00,2020-05-11 18:00:00,Delivery,Social,Low,AGT-089,Resolved,4.0
TKT-0008515,CUS-008904,2025-08-09 21:00:00,,Delivery,Social,Medium,AGT-316,Open,
TKT-0008516,CUS-009973,2023-05-06 13:00:00,2023-05-10 17:00:00,Payment,Email,Medium,AGT-170,Closed,5.0
TKT-0008517,CUS-002207,2025-07-15 18:00:00,2025-07-20 12:00:00,Returns,Email,Medium,AGT-251,Resolved,2.0
TKT-0008518,CUS-011623,2025-01-22 03:00:00,2025-01-26 13:00:00,Product Quality,Phone,Low,AGT-327,Closed,4.0
TKT-0008519,CUS-011207,2022-03-26 00:00:00,2022-03-28 11:00:00,Returns,Email,Low,AGT-182,Resolved,
TKT-0008520,CUS-011849,2021-01-23 14:00:00,2021-01-26 12:00:00,Delivery,Store,Medium,AGT-002,Closed,
TKT-0008521,CUS-006187,2024-06-24 12:00:00,2024-06-28 12:00:00,Account,Chat,Low,AGT-308,Resolved,2.0
TKT-0008522,CUS-010011,2024-01-20 22:00:00,2024-01-21 12:00:00,Returns,Social,Medium,AGT-184,Resolved,5.0
TKT-0008523,CUS-000179,2025-08-16 00:00:00,2025-08-18 01:00:00,Product Quality,Phone,High,AGT-289,Resolved,
TKT-0008524,CUS-008340,2021-10-13 19:00:00,2021-10-14 12:00:00,Product Quality,Phone,Medium,AGT-200,Resolved,3.0
TKT-0008525,CUS-011158,2025-06-19 14:00:00,,Payment,Email,High,AGT-177,Open,
TKT-0008526,CUS-010503,2021-11-06 17:00:00,2021-11-09 20:00:00,Delivery,Email,Low,AGT-258,Resolved,
TKT-0008527,CUS-011312,2021-09-09 21:00:00,2021-09-10 17:00:00,Technical,Email,Medium,AGT-116,Closed,5.0
TKT-0008528,CUS-006643,2022-05-21 09:00:00,2022-05-21 14:00:00,Returns,Social,Medium,AGT-125,Resolved,
TKT-0008529,CUS-004547,2023-06-23 04:00:00,,Delivery,Store,Medium,AGT-052,Open,
TKT-0008530,CUS-003384,2023-01-29 01:00:00,2023-01-30 12:00:00,Delivery,Phone,Medium,AGT-162,Resolved,4.0
TKT-0008531,CUS-001390,2022-02-27 21:00:00,2022-02-28 17:00:00,Product Quality,Social,Medium,AGT-132,Resolved,
TKT-0008532,CUS-003670,2024-03-13 00:00:00,2024-03-16 23:00:00,Promotion,Phone,Medium,AGT-171,Resolved,
TKT-0008533,CUS-002644,2024-03-17 17:00:00,,Delivery,Chat,Low,AGT-257,Open,
TKT-0008534,CUS-011858,2022-09-03 09:00:00,2022-09-04 22:00:00,Delivery,Social,Low,AGT-041,Resolved,4.0
TKT-0008535,CUS-005465,2020-10-02 09:00:00,2020-10-06 16:00:00,Delivery,Social,Medium,AGT-146,Resolved,4.0
TKT-0008536,CUS-004499,2023-05-04 20:00:00,2023-05-09 06:00:00,Product Quality,Email,Low,AGT-188,Resolved,5.0
TKT-0008537,CUS-008181,2020-01-15 01:00:00,2020-01-17 02:00:00,Delivery,Store,Low,AGT-033,Resolved,4.0
TKT-0008538,CUS-004012,2024-11-01 02:00:00,2024-11-02 16:00:00,Returns,Phone,Critical,AGT-123,Resolved,4.0
TKT-0008539,CUS-010904,2025-05-05 21:00:00,2025-05-10 02:00:00,Payment,Store,Low,AGT-298,Resolved,
TKT-0008540,CUS-005906,2025-02-05 07:00:00,2025-02-07 14:00:00,Delivery,Social,High,AGT-211,Resolved,4.0
TKT-0008541,CUS-011034,2023-02-22 02:00:00,2023-02-22 10:00:00,Product Quality,Store,Low,AGT-287,Resolved,4.0
TKT-0008542,CUS-007033,2025-09-02 11:00:00,2025-09-05 10:00:00,Delivery,Chat,Medium,AGT-097,Resolved,5.0
TKT-0008543,CUS-011927,2020-09-20 22:00:00,2020-09-21 02:00:00,Account,Chat,Low,AGT-222,Resolved,2.0
TKT-0008544,CUS-002861,2022-05-26 01:00:00,2022-05-27 03:00:00,Product Quality,Store,Medium,AGT-044,Resolved,5.0
TKT-0008545,CUS-008103,2021-10-20 15:00:00,2021-10-21 00:00:00,Account,Chat,Medium,AGT-009,Resolved,5.0
TKT-0008546,CUS-003059,2025-04-02 00:00:00,2025-04-05 01:00:00,Delivery,Phone,High,AGT-064,Resolved,
TKT-0008547,CUS-002077,2020-11-30 11:00:00,2020-12-04 09:00:00,Returns,Email,Medium,AGT-328,Resolved,5.0
TKT-0008548,CUS-003799,2021-02-27 10:00:00,2021-02-27 23:00:00,Promotion,Email,Low,AGT-165,Resolved,4.0
TKT-0008549,CUS-006243,2023-02-11 13:00:00,2023-02-14 03:00:00,Technical,Chat,Low,AGT-157,Resolved,4.0
TKT-0008550,CUS-008685,2025-06-06 09:00:00,2025-06-10 14:00:00,Returns,Social,Medium,AGT-042,Closed,4.0
TKT-0008551,CUS-009139,2025-08-02 01:00:00,2025-08-06 05:00:00,Promotion,Social,Low,AGT-213,Closed,1.0
TKT-0008552,CUS-007773,2022-12-01 23:00:00,2022-12-04 19:00:00,Returns,Email,Medium,AGT-149,Resolved,
TKT-0008553,CUS-000302,2024-02-04 14:00:00,2024-02-08 06:00:00,Account,Chat,Low,AGT-024,Resolved,5.0
TKT-0008554,CUS-011383,2025-11-23 01:00:00,2025-11-23 13:00:00,Returns,Email,Low,AGT-192,Resolved,
TKT-0008555,CUS-005142,2024-12-25 00:00:00,2024-12-25 19:00:00,Account,Store,Medium,AGT-263,Resolved,1.0
TKT-0008556,CUS-001713,2020-04-25 16:00:00,2020-04-29 00:00:00,Product Quality,Phone,Medium,AGT-323,Resolved,
TKT-0008557,CUS-005176,2020-08-23 13:00:00,2020-08-23 14:00:00,Promotion,Phone,Medium,AGT-239,Resolved,
TKT-0008558,CUS-007658,2023-01-02 17:00:00,,Returns,Email,Medium,AGT-035,Open,
TKT-0008559,CUS-011256,2020-03-13 06:00:00,2020-03-16 20:00:00,Payment,Social,Medium,AGT-283,Resolved,
TKT-0008560,CUS-002055,2023-12-08 06:00:00,2023-12-12 18:00:00,Promotion,Store,Medium,AGT-087,Resolved,
TKT-0008561,CUS-006903,2020-06-01 14:00:00,2020-06-04 22:00:00,Returns,Store,Medium,AGT-256,Closed,4.0
TKT-0008562,CUS-007689,2020-08-10 21:00:00,2020-08-15 19:00:00,Product Quality,Social,Medium,AGT-185,Resolved,4.0
TKT-0008563,CUS-003138,2021-04-12 02:00:00,,Payment,Store,Low,AGT-082,Open,
TKT-0008564,CUS-003431,2025-02-08 14:00:00,2025-02-10 06:00:00,Product Quality,Store,Medium,AGT-253,Resolved,
TKT-0008565,CUS-001660,2021-05-19 21:00:00,,Delivery,Chat,High,AGT-338,Open,
TKT-0008566,CUS-007861,2020-10-09 14:00:00,2020-10-13 22:00:00,Payment,Email,Medium,AGT-166,Resolved,
TKT-0008567,CUS-004966,2021-07-29 02:00:00,2021-07-29 10:00:00,Delivery,Phone,Medium,AGT-326,Resolved,
TKT-0008568,CUS-001070,2026-02-20 23:00:00,2026-02-25 21:00:00,Returns,Chat,Low,AGT-197,Resolved,3.0
TKT-0008569,CUS-002554,2020-03-28 06:00:00,2020-04-01 04:00:00,Promotion,Email,Low,AGT-088,Resolved,
TKT-0008570,CUS-003597,2024-08-21 01:00:00,,Returns,Store,Low,AGT-061,Open,
TKT-0008571,CUS-000107,2025-12-27 09:00:00,2025-12-29 04:00:00,Delivery,Social,Medium,AGT-158,Resolved,4.0
TKT-0008572,CUS-010399,2020-09-05 22:00:00,2020-09-07 06:00:00,Account,Store,Low,AGT-109,Resolved,2.0
TKT-0008573,CUS-009384,2020-03-22 20:00:00,2020-03-23 18:00:00,Delivery,Social,Low,AGT-278,Resolved,4.0
TKT-0008574,CUS-008340,2024-03-24 20:00:00,2024-03-28 03:00:00,Delivery,Social,High,AGT-093,Resolved,
TKT-0008575,CUS-002326,2022-05-31 14:00:00,2022-06-01 21:00:00,Account,Email,Medium,AGT-061,Resolved,2.0
TKT-0008576,CUS-007346,2023-01-11 05:00:00,,Delivery,Email,Low,AGT-229,Open,
TKT-0008577,CUS-007688,2024-06-03 03:00:00,2024-06-05 15:00:00,Promotion,Chat,Medium,AGT-226,Closed,
TKT-0008578,CUS-004092,2024-08-09 04:00:00,2024-08-09 10:00:00,Returns,Email,Low,AGT-161,Resolved,5.0
TKT-0008579,CUS-007109,2022-08-13 14:00:00,2022-08-15 02:00:00,Delivery,Store,Medium,AGT-043,Resolved,5.0
TKT-0008580,CUS-001902,2022-03-15 08:00:00,2022-03-17 23:00:00,Returns,Store,High,AGT-183,Resolved,1.0
TKT-0008581,CUS-001989,2020-01-09 13:00:00,2020-01-12 14:00:00,Product Quality,Chat,Medium,AGT-043,Resolved,
TKT-0008582,CUS-004714,2021-11-16 09:00:00,2021-11-19 00:00:00,Delivery,Store,Medium,AGT-069,Closed,4.0
TKT-0008583,CUS-008741,2022-09-29 16:00:00,2022-10-01 09:00:00,Product Quality,Email,Medium,AGT-325,Resolved,
TKT-0008584,CUS-011030,2022-09-16 09:00:00,2022-09-20 06:00:00,Delivery,Phone,High,AGT-305,Closed,
TKT-0008585,CUS-007440,2022-11-13 03:00:00,2022-11-17 17:00:00,Product Quality,Social,Medium,AGT-151,Resolved,2.0
TKT-0008586,CUS-003885,2021-09-12 17:00:00,2021-09-15 05:00:00,Returns,Store,Low,AGT-304,Resolved,
TKT-0008587,CUS-007214,2024-02-28 13:00:00,2024-03-02 19:00:00,Technical,Email,Low,AGT-077,Resolved,1.0
TKT-0008588,CUS-003657,2025-06-20 04:00:00,2025-06-23 14:00:00,Delivery,Chat,Medium,AGT-159,Resolved,
TKT-0008589,CUS-005768,2022-09-22 08:00:00,,Product Quality,Email,High,AGT-203,Open,
TKT-0008590,CUS-007643,2022-08-09 01:00:00,2022-08-12 19:00:00,Payment,Phone,Low,AGT-126,Resolved,4.0
TKT-0008591,CUS-003628,2021-03-04 04:00:00,,Returns,Email,Low,AGT-297,Open,
TKT-0008592,CUS-001415,2021-02-14 15:00:00,2021-02-17 15:00:00,Product Quality,Chat,Medium,AGT-237,Resolved,
TKT-0008593,CUS-005232,2025-06-07 23:00:00,2025-06-12 12:00:00,Payment,Store,Low,AGT-187,Resolved,
TKT-0008594,CUS-009836,2021-10-11 13:00:00,2021-10-14 17:00:00,Promotion,Store,High,AGT-248,Resolved,
TKT-0008595,CUS-000938,2021-10-07 02:00:00,2021-10-11 14:00:00,Returns,Social,Medium,AGT-011,Resolved,5.0
TKT-0008596,CUS-010682,2021-12-16 23:00:00,2021-12-18 04:00:00,Product Quality,Phone,Medium,AGT-069,Resolved,
TKT-0008597,CUS-007321,2025-06-11 15:00:00,2025-06-12 09:00:00,Payment,Store,Low,AGT-157,Resolved,
TKT-0008598,CUS-001360,2023-02-20 23:00:00,2023-02-25 09:00:00,Technical,Store,Medium,AGT-205,Resolved,
TKT-0008599,CUS-006733,2020-10-20 04:00:00,,Payment,Social,Low,AGT-143,Open,
TKT-0008600,CUS-001525,2022-08-17 21:00:00,2022-08-21 13:00:00,Payment,Chat,Low,AGT-046,Resolved,
TKT-0008601,CUS-011128,2026-08-10 09:00:00,2026-08-13 16:00:00,Delivery,Chat,Low,AGT-136,Resolved,4.0
TKT-0008602,CUS-007033,2020-12-16 08:00:00,,Returns,Chat,Medium,AGT-315,Open,
TKT-0008603,CUS-005647,2024-04-22 06:00:00,2024-04-25 11:00:00,Delivery,Email,Medium,AGT-195,Resolved,
TKT-0008604,CUS-001117,2022-08-25 20:00:00,2022-08-30 14:00:00,Payment,Chat,High,AGT-090,Resolved,1.0
TKT-0008605,CUS-003246,2020-02-18 04:00:00,2020-02-22 06:00:00,Product Quality,Social,High,AGT-228,Resolved,4.0
TKT-0008606,CUS-011016,2024-07-24 07:00:00,2024-07-27 21:00:00,Promotion,Store,Medium,AGT-319,Resolved,5.0
TKT-0008607,CUS-011067,2022-03-12 14:00:00,2022-03-16 19:00:00,Payment,Email,Medium,AGT-245,Closed,3.0
TKT-0008608,CUS-008214,2025-09-24 16:00:00,2025-09-27 10:00:00,Payment,Social,Critical,AGT-200,Resolved,
TKT-0008609,CUS-010926,2022-02-27 08:00:00,2022-03-02 13:00:00,Delivery,Social,Low,AGT-100,Closed,4.0
TKT-0008610,CUS-009500,2023-08-31 11:00:00,2023-08-31 23:00:00,Delivery,Social,Medium,AGT-043,Resolved,
TKT-0008611,CUS-002751,2020-10-29 14:00:00,2020-10-31 14:00:00,Delivery,Chat,Low,AGT-314,Resolved,5.0
TKT-0008612,CUS-009714,2025-01-07 16:00:00,2025-01-09 15:00:00,Returns,Email,Low,AGT-093,Closed,5.0
TKT-0008613,CUS-001413,2021-12-20 21:00:00,2021-12-25 06:00:00,Account,Email,Low,AGT-139,Resolved,5.0
TKT-0008614,CUS-004896,2023-12-31 00:00:00,2024-01-02 09:00:00,Account,Email,Low,AGT-307,Closed,4.0
TKT-0008615,CUS-006508,2020-03-29 22:00:00,2020-03-30 23:00:00,Product Quality,Email,Low,AGT-234,Resolved,
TKT-0008616,CUS-006474,2023-02-02 01:00:00,2023-02-06 11:00:00,Account,Store,High,AGT-182,Resolved,
TKT-0008617,CUS-008552,2024-12-26 09:00:00,2024-12-27 18:00:00,Returns,Social,Medium,AGT-328,Resolved,5.0
TKT-0008618,CUS-001532,2023-10-08 13:00:00,2023-10-13 09:00:00,Delivery,Store,Medium,AGT-324,Resolved,3.0
TKT-0008619,CUS-004916,2023-07-07 22:00:00,2023-07-12 19:00:00,Product Quality,Store,Low,AGT-133,Closed,
TKT-0008620,CUS-003245,2022-09-28 07:00:00,,Payment,Chat,Medium,AGT-131,Open,
TKT-0008621,CUS-002473,2026-01-25 03:00:00,2026-01-28 21:00:00,Delivery,Store,Medium,AGT-182,Resolved,
TKT-0008622,CUS-007501,2025-10-21 21:00:00,2025-10-25 17:00:00,Returns,Email,Medium,AGT-329,Resolved,4.0
TKT-0008623,CUS-011160,2025-03-24 16:00:00,2025-03-26 02:00:00,Product Quality,Phone,High,AGT-241,Resolved,
TKT-0008624,CUS-001819,2022-10-22 21:00:00,2022-10-27 11:00:00,Account,Store,Low,AGT-056,Closed,2.0
TKT-0008625,CUS-003396,2020-11-16 06:00:00,2020-11-19 16:00:00,Promotion,Social,High,AGT-110,Resolved,4.0
TKT-0008626,CUS-001265,2020-03-17 21:00:00,2020-03-19 13:00:00,Payment,Phone,Medium,AGT-109,Resolved,5.0
TKT-0008627,CUS-009603,2024-08-15 10:00:00,2024-08-17 19:00:00,Product Quality,Email,Medium,AGT-242,Resolved,2.0
TKT-0008628,CUS-002970,2023-04-29 01:00:00,2023-05-02 00:00:00,Payment,Store,Critical,AGT-112,Resolved,
TKT-0008629,CUS-003007,2024-01-06 07:00:00,2024-01-09 17:00:00,Delivery,Store,Low,AGT-122,Resolved,
TKT-0008630,CUS-007815,2020-12-11 20:00:00,2020-12-11 22:00:00,Promotion,Store,Medium,AGT-152,Resolved,2.0
TKT-0008631,CUS-009042,2023-05-11 14:00:00,2023-05-15 08:00:00,Technical,Store,Low,AGT-031,Resolved,
TKT-0008632,CUS-003462,2020-02-19 12:00:00,2020-02-22 00:00:00,Technical,Email,Medium,AGT-255,Resolved,
TKT-0008633,CUS-006611,2020-01-25 08:00:00,2020-01-25 21:00:00,Technical,Email,Low,AGT-268,Resolved,
TKT-0008634,CUS-002127,2021-01-20 09:00:00,2021-01-22 12:00:00,Delivery,Social,High,AGT-092,Resolved,
TKT-0008635,CUS-006494,2025-07-02 08:00:00,2025-07-04 11:00:00,Delivery,Email,Medium,AGT-001,Resolved,4.0
TKT-0008636,CUS-000935,2024-08-21 06:00:00,2024-08-24 03:00:00,Promotion,Social,Low,AGT-090,Closed,
TKT-0008637,CUS-006789,2021-01-02 06:00:00,2021-01-02 22:00:00,Returns,Chat,Low,AGT-314,Resolved,
TKT-0008638,CUS-009255,2024-02-03 02:00:00,2024-02-08 01:00:00,Payment,Store,Low,AGT-007,Resolved,
TKT-0008639,CUS-003414,2022-12-20 20:00:00,2022-12-21 13:00:00,Product Quality,Email,Low,AGT-033,Resolved,1.0
TKT-0008640,CUS-004043,2022-11-04 14:00:00,2022-11-05 16:00:00,Delivery,Social,Medium,AGT-214,Closed,
TKT-0008641,CUS-008089,2021-08-04 02:00:00,,Account,Phone,Low,AGT-002,Open,
TKT-0008642,CUS-003186,2020-08-29 00:00:00,2020-09-02 21:00:00,Product Quality,Phone,Low,AGT-220,Resolved,
TKT-0008643,CUS-003813,2024-08-11 09:00:00,,Returns,Store,Critical,AGT-201,Open,
TKT-0008644,CUS-010030,2023-08-24 18:00:00,2023-08-26 05:00:00,Returns,Social,High,AGT-118,Resolved,4.0
TKT-0008645,CUS-004870,2024-10-01 13:00:00,2024-10-02 23:00:00,Account,Social,Low,AGT-204,Resolved,
TKT-0008646,CUS-006693,2020-08-17 11:00:00,2020-08-20 16:00:00,Product Quality,Chat,Low,AGT-192,Resolved,4.0
TKT-0008647,CUS-007759,2024-08-24 07:00:00,2024-08-26 07:00:00,Payment,Email,Low,AGT-115,Resolved,5.0
TKT-0008648,CUS-003076,2021-03-21 01:00:00,2021-03-23 19:00:00,Returns,Email,Medium,AGT-249,Resolved,
TKT-0008649,CUS-010411,2021-08-26 14:00:00,,Returns,Chat,High,AGT-201,Open,
TKT-0008650,CUS-010947,2021-02-26 13:00:00,2021-03-03 09:00:00,Delivery,Store,Medium,AGT-206,Resolved,
TKT-0008651,CUS-005474,2025-09-25 14:00:00,2025-09-28 15:00:00,Delivery,Store,Medium,AGT-045,Resolved,
TKT-0008652,CUS-011932,2022-06-07 06:00:00,2022-06-09 21:00:00,Payment,Store,Low,AGT-207,Resolved,5.0
TKT-0008653,CUS-004195,2020-11-12 09:00:00,2020-11-15 00:00:00,Payment,Store,Low,AGT-022,Resolved,
TKT-0008654,CUS-007220,2024-08-20 18:00:00,2024-08-21 11:00:00,Delivery,Social,Medium,AGT-242,Resolved,
TKT-0008655,CUS-006743,2021-03-02 20:00:00,2021-03-07 04:00:00,Returns,Chat,High,AGT-136,Resolved,
TKT-0008656,CUS-005747,2023-06-05 22:00:00,,Delivery,Social,Medium,AGT-029,Open,
TKT-0008657,CUS-004821,2023-03-11 06:00:00,2023-03-15 10:00:00,Account,Social,Medium,AGT-227,Resolved,4.0
TKT-0008658,CUS-002893,2020-07-16 12:00:00,2020-07-19 03:00:00,Returns,Chat,Medium,AGT-190,Resolved,4.0
TKT-0008659,CUS-009353,2021-09-29 14:00:00,2021-10-01 11:00:00,Promotion,Email,Medium,AGT-038,Resolved,
TKT-0008660,CUS-007134,2021-06-22 08:00:00,2021-06-25 03:00:00,Returns,Phone,Low,AGT-182,Resolved,4.0
TKT-0008661,CUS-005562,2026-04-24 00:00:00,2026-04-28 22:00:00,Delivery,Chat,Medium,AGT-179,Resolved,
TKT-0008662,CUS-003908,2025-06-20 02:00:00,2025-06-24 14:00:00,Returns,Email,Medium,AGT-309,Resolved,
TKT-0008663,CUS-000247,2024-08-11 19:00:00,2024-08-16 08:00:00,Product Quality,Social,Medium,AGT-057,Resolved,
TKT-0008664,CUS-007865,2020-09-24 16:00:00,2020-09-26 03:00:00,Delivery,Store,High,AGT-093,Closed,2.0
TKT-0008665,CUS-000838,2026-04-22 08:00:00,2026-04-25 02:00:00,Delivery,Phone,Medium,AGT-125,Resolved,
TKT-0008666,CUS-009087,2024-08-27 03:00:00,,Payment,Store,High,AGT-183,Open,
TKT-0008667,CUS-010150,2025-02-17 13:00:00,2025-02-19 12:00:00,Technical,Store,Medium,AGT-134,Resolved,5.0
TKT-0008668,CUS-008766,2022-04-15 17:00:00,2022-04-15 22:00:00,Delivery,Social,Low,AGT-175,Resolved,
TKT-0008669,CUS-010113,2021-04-14 03:00:00,2021-04-18 08:00:00,Technical,Social,Medium,AGT-318,Resolved,4.0
TKT-0008670,CUS-008013,2022-06-14 16:00:00,2022-06-16 17:00:00,Product Quality,Store,Medium,AGT-341,Resolved,4.0
TKT-0008671,CUS-010907,2020-04-02 06:00:00,2020-04-06 22:00:00,Product Quality,Social,Medium,AGT-281,Resolved,
TKT-0008672,CUS-002652,2026-08-11 00:00:00,2026-08-15 01:00:00,Delivery,Store,Medium,AGT-222,Resolved,
TKT-0008673,CUS-001261,2026-07-22 22:00:00,2026-07-27 03:00:00,Delivery,Store,Low,AGT-292,Resolved,
TKT-0008674,CUS-000277,2023-04-21 09:00:00,2023-04-22 00:00:00,Returns,Social,Medium,AGT-086,Resolved,
TKT-0008675,CUS-010967,2025-04-23 01:00:00,2025-04-25 14:00:00,Payment,Store,Medium,AGT-135,Resolved,5.0
TKT-0008676,CUS-007154,2023-11-12 17:00:00,2023-11-15 12:00:00,Delivery,Chat,High,AGT-032,Resolved,2.0
TKT-0008677,CUS-011840,2026-06-20 11:00:00,2026-06-21 23:00:00,Returns,Social,Medium,AGT-008,Resolved,
TKT-0008678,CUS-001303,2024-09-06 19:00:00,2024-09-08 10:00:00,Delivery,Email,High,AGT-025,Closed,
TKT-0008679,CUS-005397,2022-12-13 01:00:00,2022-12-15 18:00:00,Promotion,Store,Medium,AGT-299,Resolved,
TKT-0008680,CUS-000589,2021-01-28 17:00:00,2021-01-31 02:00:00,Delivery,Phone,High,AGT-329,Resolved,3.0
TKT-0008681,CUS-002031,2020-01-13 23:00:00,2020-01-16 05:00:00,Delivery,Chat,Medium,AGT-108,Resolved,3.0
TKT-0008682,CUS-002768,2024-10-23 23:00:00,2024-10-26 09:00:00,Product Quality,Email,High,AGT-008,Resolved,1.0
TKT-0008683,CUS-004199,2026-05-20 03:00:00,2026-05-24 04:00:00,Promotion,Social,Low,AGT-085,Resolved,5.0
TKT-0008684,CUS-007370,2024-03-02 11:00:00,2024-03-06 22:00:00,Account,Email,Low,AGT-109,Resolved,
TKT-0008685,CUS-004013,2024-02-17 21:00:00,2024-02-21 23:00:00,Technical,Store,Low,AGT-064,Resolved,1.0
TKT-0008686,CUS-005401,2020-04-26 13:00:00,2020-04-30 00:00:00,Payment,Phone,Low,AGT-285,Closed,2.0
TKT-0008687,CUS-005866,2021-10-07 01:00:00,2021-10-07 20:00:00,Account,Phone,High,AGT-269,Resolved,
TKT-0008688,CUS-009786,2026-08-09 16:00:00,,Product Quality,Email,Low,AGT-105,Open,
TKT-0008689,CUS-008964,2022-10-11 03:00:00,2022-10-15 09:00:00,Product Quality,Email,Medium,AGT-255,Resolved,1.0
TKT-0008690,CUS-009904,2025-03-09 15:00:00,2025-03-14 00:00:00,Payment,Social,Low,AGT-319,Resolved,
TKT-0008691,CUS-006616,2023-11-25 02:00:00,2023-11-29 00:00:00,Delivery,Chat,High,AGT-323,Resolved,
TKT-0008692,CUS-011334,2023-08-20 09:00:00,2023-08-24 12:00:00,Product Quality,Store,Medium,AGT-046,Resolved,
TKT-0008693,CUS-010913,2022-01-22 14:00:00,2022-01-27 01:00:00,Promotion,Phone,High,AGT-284,Resolved,3.0
TKT-0008694,CUS-007858,2021-09-25 13:00:00,2021-09-28 23:00:00,Delivery,Store,Medium,AGT-024,Closed,
TKT-0008695,CUS-009801,2025-04-15 18:00:00,2025-04-16 15:00:00,Payment,Phone,High,AGT-038,Resolved,
TKT-0008696,CUS-010517,2020-08-23 07:00:00,2020-08-25 14:00:00,Product Quality,Chat,Medium,AGT-008,Resolved,
TKT-0008697,CUS-011601,2021-02-02 19:00:00,2021-02-05 03:00:00,Product Quality,Store,Medium,AGT-295,Resolved,3.0
TKT-0008698,CUS-003083,2026-07-06 22:00:00,2026-07-11 16:00:00,Returns,Store,High,AGT-288,Resolved,5.0
TKT-0008699,CUS-001904,2025-09-24 02:00:00,,Payment,Store,Medium,AGT-018,Open,
TKT-0008700,CUS-009132,2025-02-26 01:00:00,2025-02-26 07:00:00,Product Quality,Social,Medium,AGT-126,Resolved,
TKT-0008701,CUS-004154,2022-12-05 14:00:00,2022-12-06 07:00:00,Delivery,Store,Medium,AGT-084,Resolved,5.0
TKT-0008702,CUS-000030,2023-02-07 12:00:00,2023-02-08 16:00:00,Delivery,Email,Low,AGT-326,Closed,
TKT-0008703,CUS-003231,2020-10-20 06:00:00,2020-10-21 21:00:00,Returns,Phone,Medium,AGT-106,Resolved,3.0
TKT-0008704,CUS-000560,2022-05-17 23:00:00,2022-05-20 08:00:00,Returns,Social,Low,AGT-095,Closed,4.0
TKT-0008705,CUS-005969,2024-05-04 05:00:00,2024-05-05 01:00:00,Product Quality,Chat,Medium,AGT-038,Closed,3.0
TKT-0008706,CUS-009154,2024-04-10 13:00:00,2024-04-11 10:00:00,Promotion,Store,Medium,AGT-105,Resolved,4.0
TKT-0008707,CUS-000619,2021-07-12 19:00:00,2021-07-14 14:00:00,Delivery,Store,High,AGT-092,Resolved,2.0
TKT-0008708,CUS-010059,2026-04-28 09:00:00,2026-04-29 18:00:00,Account,Chat,Low,AGT-253,Resolved,5.0
TKT-0008709,CUS-005511,2022-10-26 11:00:00,2022-10-28 23:00:00,Product Quality,Phone,Low,AGT-327,Resolved,
TKT-0008710,CUS-005989,2025-03-30 00:00:00,,Delivery,Chat,Medium,AGT-237,Open,
TKT-0008711,CUS-006784,2023-10-14 10:00:00,2023-10-15 15:00:00,Delivery,Store,Medium,AGT-056,Resolved,3.0
TKT-0008712,CUS-004886,2025-07-08 16:00:00,2025-07-09 01:00:00,Product Quality,Email,Low,AGT-313,Resolved,4.0
TKT-0008713,CUS-006620,2021-10-30 22:00:00,2021-11-02 09:00:00,Product Quality,Email,Medium,AGT-068,Resolved,3.0
TKT-0008714,CUS-003396,2024-06-05 14:00:00,2024-06-06 05:00:00,Delivery,Chat,Medium,AGT-091,Closed,4.0
TKT-0008715,CUS-000324,2025-11-11 03:00:00,2025-11-13 01:00:00,Product Quality,Chat,Low,AGT-241,Resolved,2.0
TKT-0008716,CUS-011739,2020-08-04 05:00:00,2020-08-05 17:00:00,Product Quality,Phone,Medium,AGT-094,Resolved,
TKT-0008717,CUS-008087,2020-02-22 16:00:00,2020-02-23 11:00:00,Delivery,Phone,Medium,AGT-272,Resolved,2.0
TKT-0008718,CUS-003582,2021-05-12 01:00:00,2021-05-12 12:00:00,Payment,Email,Medium,AGT-336,Resolved,4.0
TKT-0008719,CUS-001271,2024-11-10 22:00:00,,Promotion,Phone,Medium,AGT-261,Open,
TKT-0008720,CUS-000214,2026-05-13 01:00:00,2026-05-16 05:00:00,Returns,Chat,High,AGT-109,Resolved,1.0
TKT-0008721,CUS-007481,2020-08-08 12:00:00,2020-08-08 23:00:00,Payment,Phone,Medium,AGT-338,Closed,
TKT-0008722,CUS-002786,2023-05-18 20:00:00,2023-05-21 14:00:00,Technical,Store,Medium,AGT-270,Closed,
TKT-0008723,CUS-010796,2023-01-09 05:00:00,2023-01-10 16:00:00,Returns,Chat,Medium,AGT-133,Resolved,
TKT-0008724,CUS-003649,2025-05-16 13:00:00,2025-05-20 22:00:00,Payment,Email,Low,AGT-272,Resolved,3.0
TKT-0008725,CUS-006271,2021-08-23 04:00:00,2021-08-23 07:00:00,Account,Store,Low,AGT-299,Resolved,
TKT-0008726,CUS-005864,2021-11-09 16:00:00,,Technical,Social,High,AGT-146,Open,
TKT-0008727,CUS-000292,2025-10-11 07:00:00,2025-10-12 19:00:00,Delivery,Chat,Medium,AGT-285,Resolved,5.0
TKT-0008728,CUS-000998,2024-03-28 16:00:00,2024-04-01 06:00:00,Payment,Store,High,AGT-032,Resolved,4.0
TKT-0008729,CUS-006395,2025-12-22 19:00:00,2025-12-24 22:00:00,Returns,Social,Low,AGT-324,Resolved,
TKT-0008730,CUS-010337,2024-10-29 08:00:00,2024-10-29 16:00:00,Returns,Chat,Low,AGT-057,Resolved,5.0
TKT-0008731,CUS-010129,2026-03-22 03:00:00,,Delivery,Store,Medium,AGT-198,Open,
TKT-0008732,CUS-001055,2026-02-20 00:00:00,2026-02-20 09:00:00,Product Quality,Chat,Low,AGT-231,Resolved,
TKT-0008733,CUS-007961,2025-08-08 18:00:00,2025-08-10 18:00:00,Delivery,Store,Medium,AGT-079,Closed,5.0
TKT-0008734,CUS-007106,2023-01-09 12:00:00,2023-01-13 18:00:00,Delivery,Chat,Low,AGT-280,Resolved,
TKT-0008735,CUS-009240,2021-08-27 15:00:00,2021-08-31 11:00:00,Technical,Social,Low,AGT-184,Resolved,5.0
TKT-0008736,CUS-003780,2024-04-02 17:00:00,2024-04-06 12:00:00,Product Quality,Social,Medium,AGT-225,Resolved,
TKT-0008737,CUS-008050,2020-10-07 05:00:00,2020-10-11 06:00:00,Payment,Store,Low,AGT-335,Closed,4.0
TKT-0008738,CUS-004830,2023-01-02 18:00:00,2023-01-04 23:00:00,Promotion,Store,Critical,AGT-125,Resolved,
TKT-0008739,CUS-002452,2024-11-13 02:00:00,2024-11-17 02:00:00,Delivery,Social,Low,AGT-317,Resolved,5.0
TKT-0008740,CUS-003711,2022-10-31 21:00:00,2022-11-02 13:00:00,Delivery,Social,Medium,AGT-207,Closed,
TKT-0008741,CUS-010305,2025-02-18 02:00:00,2025-02-21 14:00:00,Delivery,Social,Low,AGT-140,Resolved,5.0
TKT-0008742,CUS-005448,2022-12-14 01:00:00,2022-12-15 22:00:00,Payment,Social,Medium,AGT-141,Closed,2.0
TKT-0008743,CUS-009782,2025-05-31 03:00:00,2025-06-02 01:00:00,Delivery,Phone,Medium,AGT-124,Closed,
TKT-0008744,CUS-008735,2022-11-12 10:00:00,2022-11-13 10:00:00,Returns,Phone,Low,AGT-040,Resolved,
TKT-0008745,CUS-004542,2024-12-10 13:00:00,2024-12-14 05:00:00,Delivery,Store,High,AGT-289,Resolved,
TKT-0008746,CUS-010459,2021-05-27 11:00:00,2021-05-31 01:00:00,Product Quality,Chat,Medium,AGT-187,Resolved,3.0
TKT-0008747,CUS-004571,2026-02-01 10:00:00,,Returns,Chat,Medium,AGT-003,Open,
TKT-0008748,CUS-005283,2025-10-24 15:00:00,2025-10-24 23:00:00,Delivery,Store,Low,AGT-279,Resolved,3.0
TKT-0008749,CUS-001204,2025-07-08 07:00:00,2025-07-11 17:00:00,Product Quality,Email,Medium,AGT-218,Closed,5.0
TKT-0008750,CUS-000968,2020-07-04 01:00:00,2020-07-07 06:00:00,Returns,Social,Low,AGT-030,Resolved,4.0
TKT-0008751,CUS-009268,2020-02-08 03:00:00,2020-02-10 06:00:00,Product Quality,Social,Medium,AGT-180,Closed,5.0
TKT-0008752,CUS-009402,2020-01-15 03:00:00,2020-01-16 20:00:00,Product Quality,Email,Low,AGT-261,Closed,
TKT-0008753,CUS-003667,2021-03-20 02:00:00,2021-03-21 16:00:00,Account,Email,Critical,AGT-205,Resolved,1.0
TKT-0008754,CUS-000806,2025-04-11 07:00:00,2025-04-12 16:00:00,Product Quality,Phone,High,AGT-061,Resolved,5.0
TKT-0008755,CUS-009499,2026-08-24 05:00:00,2026-08-25 08:00:00,Technical,Phone,Low,AGT-048,Resolved,5.0
TKT-0008756,CUS-007516,2022-12-31 05:00:00,2023-01-04 00:00:00,Returns,Phone,Medium,AGT-030,Resolved,5.0
TKT-0008757,CUS-005023,2021-01-06 08:00:00,2021-01-09 04:00:00,Account,Social,Medium,AGT-267,Resolved,4.0
TKT-0008758,CUS-007254,2020-10-26 10:00:00,2020-10-31 06:00:00,Returns,Chat,Medium,AGT-011,Resolved,
TKT-0008759,CUS-009415,2020-04-09 19:00:00,2020-04-11 19:00:00,Payment,Email,Low,AGT-317,Closed,3.0
TKT-0008760,CUS-007272,2025-10-28 05:00:00,2025-10-29 01:00:00,Returns,Email,Medium,AGT-323,Resolved,3.0
TKT-0008761,CUS-010368,2023-10-08 09:00:00,2023-10-12 14:00:00,Returns,Chat,Medium,AGT-235,Resolved,3.0
TKT-0008762,CUS-007311,2024-02-09 22:00:00,2024-02-12 15:00:00,Returns,Phone,Medium,AGT-134,Resolved,
TKT-0008763,CUS-011108,2025-01-13 09:00:00,2025-01-14 16:00:00,Delivery,Email,Medium,AGT-146,Resolved,4.0
TKT-0008764,CUS-010493,2023-01-07 00:00:00,2023-01-11 09:00:00,Product Quality,Chat,Low,AGT-297,Resolved,3.0
TKT-0008765,CUS-004552,2023-01-25 14:00:00,2023-01-27 16:00:00,Promotion,Phone,Critical,AGT-099,Resolved,5.0
TKT-0008766,CUS-011975,2020-12-19 09:00:00,,Product Quality,Chat,Medium,AGT-137,Open,
TKT-0008767,CUS-008658,2020-05-19 17:00:00,2020-05-23 04:00:00,Delivery,Social,High,AGT-099,Resolved,
TKT-0008768,CUS-004630,2020-04-30 02:00:00,2020-05-01 03:00:00,Returns,Store,Medium,AGT-293,Resolved,
TKT-0008769,CUS-003592,2020-08-15 01:00:00,2020-08-17 23:00:00,Returns,Store,Low,AGT-306,Resolved,
TKT-0008770,CUS-005156,2025-06-01 03:00:00,2025-06-05 08:00:00,Delivery,Chat,High,AGT-220,Resolved,
TKT-0008771,CUS-010067,2024-11-25 05:00:00,2024-11-26 08:00:00,Delivery,Social,Critical,AGT-120,Resolved,
TKT-0008772,CUS-006383,2023-03-08 08:00:00,2023-03-08 22:00:00,Account,Phone,Low,AGT-037,Resolved,5.0
TKT-0008773,CUS-005611,2020-06-06 05:00:00,2020-06-08 14:00:00,Payment,Store,Medium,AGT-301,Resolved,3.0
TKT-0008774,CUS-008536,2020-01-15 18:00:00,,Account,Social,Low,AGT-107,Open,
TKT-0008775,CUS-004910,2020-08-22 19:00:00,2020-08-23 05:00:00,Returns,Email,Medium,AGT-086,Resolved,
TKT-0008776,CUS-011227,2025-01-11 03:00:00,2025-01-12 06:00:00,Payment,Phone,High,AGT-020,Closed,
TKT-0008777,CUS-009355,2020-01-04 06:00:00,,Delivery,Chat,Medium,AGT-201,Open,
TKT-0008778,CUS-004782,2020-06-10 00:00:00,2020-06-11 13:00:00,Returns,Phone,Medium,AGT-251,Resolved,4.0
TKT-0008779,CUS-007790,2020-06-03 00:00:00,2020-06-04 04:00:00,Product Quality,Social,Medium,AGT-246,Resolved,
TKT-0008780,CUS-006085,2021-05-17 08:00:00,2021-05-21 18:00:00,Product Quality,Chat,Medium,AGT-165,Closed,
TKT-0008781,CUS-001783,2020-06-23 01:00:00,2020-06-24 00:00:00,Account,Chat,Low,AGT-161,Resolved,
TKT-0008782,CUS-007342,2022-07-27 11:00:00,2022-07-30 18:00:00,Payment,Phone,Medium,AGT-074,Resolved,1.0
TKT-0008783,CUS-001756,2023-07-12 21:00:00,2023-07-13 09:00:00,Returns,Social,Medium,AGT-229,Resolved,
TKT-0008784,CUS-000187,2023-01-24 07:00:00,2023-01-29 01:00:00,Returns,Social,High,AGT-184,Resolved,
TKT-0008785,CUS-011498,2025-09-27 17:00:00,2025-09-28 01:00:00,Returns,Email,Low,AGT-253,Resolved,
TKT-0008786,CUS-011218,2022-01-25 05:00:00,2022-01-26 00:00:00,Returns,Chat,Medium,AGT-120,Resolved,
TKT-0008787,CUS-008244,2020-08-16 09:00:00,2020-08-20 19:00:00,Payment,Social,Medium,AGT-336,Resolved,5.0
TKT-0008788,CUS-008781,2025-05-19 04:00:00,2025-05-21 20:00:00,Returns,Social,Medium,AGT-032,Resolved,4.0
TKT-0008789,CUS-010813,2025-04-28 06:00:00,,Product Quality,Phone,Medium,AGT-333,Open,
TKT-0008790,CUS-000654,2020-07-06 03:00:00,,Payment,Chat,Medium,AGT-008,Open,
TKT-0008791,CUS-005922,2022-06-02 06:00:00,2022-06-05 18:00:00,Payment,Store,Low,AGT-122,Resolved,4.0
TKT-0008792,CUS-006506,2021-03-25 05:00:00,2021-03-27 17:00:00,Account ,Email,Medium,AGT-084,Resolved,
TKT-0008793,CUS-006490,2023-08-18 14:00:00,,Account,Phone,Medium,AGT-324,Open,
TKT-0008794,CUS-008627,2025-12-30 21:00:00,2026-01-03 01:00:00,Technical,Chat,Low,AGT-264,Resolved,
TKT-0008795,CUS-005170,2021-04-01 05:00:00,2021-04-03 13:00:00,Delivery,Social,Medium,AGT-270,Resolved,5.0
TKT-0008796,CUS-007911,2023-12-01 07:00:00,2023-12-02 23:00:00,Payment,Phone,Low,AGT-338,Closed,3.0
TKT-0008797,CUS-010577,2026-01-16 07:00:00,2026-01-17 00:00:00,Delivery,Social,Medium,AGT-342,Resolved,5.0
TKT-0008798,CUS-001195,2025-10-08 04:00:00,2025-10-11 15:00:00,Product Quality,Email,Critical,AGT-177,Closed,4.0
TKT-0008799,CUS-005373,2025-06-29 12:00:00,2025-07-04 05:00:00,Payment,Store,Low,AGT-265,Resolved,
TKT-0008800,CUS-009143,2025-01-21 13:00:00,2025-01-25 04:00:00,Delivery,Chat,Medium,AGT-188,Resolved,3.0
TKT-0008801,CUS-000591,2020-01-30 08:00:00,2020-02-02 05:00:00,Payment,Phone,Low,AGT-097,Resolved,4.0
TKT-0008802,CUS-010695,2024-06-09 07:00:00,2024-06-10 07:00:00,Delivery,Social,Low,AGT-130,Resolved,5.0
TKT-0008803,CUS-002328,2023-02-28 01:00:00,2023-03-02 17:00:00,Technical,Chat,High,AGT-121,Closed,
TKT-0008804,CUS-011202,2020-01-11 23:00:00,2020-01-14 03:00:00,Product Quality,Phone,Low,AGT-254,Resolved,3.0
TKT-0008805,CUS-004095,2025-04-23 07:00:00,2025-04-24 14:00:00,Account,Chat,Low,AGT-101,Closed,
TKT-0008806,CUS-007171,2024-07-08 18:00:00,2024-07-09 13:00:00,Account,Store,High,AGT-313,Resolved,3.0
TKT-0008807,CUS-011268,2021-08-28 16:00:00,2021-08-29 20:00:00,Account,Chat,Medium,AGT-114,Resolved,4.0
TKT-0008808,CUS-007011,2026-08-11 22:00:00,2026-08-12 02:00:00,Promotion,Phone,Medium,AGT-189,Resolved,
TKT-0008809,CUS-002238,2022-06-05 21:00:00,2022-06-09 22:00:00,Delivery,Email,Medium,AGT-295,Resolved,5.0
TKT-0008810,CUS-002868,2026-02-12 21:00:00,2026-02-14 14:00:00,Technical,Phone,Critical,AGT-094,Resolved,5.0
TKT-0008811,CUS-000876,2022-06-29 10:00:00,2022-07-04 06:00:00,Returns,Email,Low,AGT-299,Resolved,2.0
TKT-0008812,CUS-003148,2020-07-30 13:00:00,2020-07-31 08:00:00,Delivery,Store,Medium,AGT-335,Resolved,
TKT-0008813,CUS-002593,2026-08-18 14:00:00,2026-08-19 16:00:00,Returns,Social,High,AGT-301,Closed,
TKT-0008814,CUS-001650,2022-06-17 03:00:00,2022-06-18 17:00:00,Product Quality,Social,Low,AGT-099,Resolved,5.0
TKT-0008815,CUS-003368,2022-12-26 14:00:00,2022-12-28 00:00:00,Product Quality,Email,High,AGT-204,Closed,4.0
TKT-0008816,CUS-006512,2023-07-14 04:00:00,2023-07-17 19:00:00,Payment,Store,Low,AGT-026,Resolved,
TKT-0008817,CUS-005884,2023-10-19 04:00:00,2023-10-21 21:00:00,Account,Email,Low,AGT-136,Resolved,
TKT-0008818,CUS-000809,2023-06-22 16:00:00,2023-06-22 23:00:00,Technical,Social,Medium,AGT-121,Resolved,5.0
TKT-0008819,CUS-011446,2022-11-12 09:00:00,2022-11-13 20:00:00,Returns,Email,Medium,AGT-139,Closed,
TKT-0008820,CUS-010918,2021-12-13 00:00:00,,Product Quality,Chat,Medium,AGT-018,Open,
TKT-0008821,CUS-010504,2025-05-22 16:00:00,2025-05-26 22:00:00,Delivery,Store,High,AGT-169,Resolved,
TKT-0008822,CUS-007023,2021-05-13 12:00:00,2021-05-14 01:00:00,Payment,Chat,Low,AGT-083,Resolved,
TKT-0008823,CUS-004392,2021-05-30 13:00:00,2021-06-03 22:00:00,Product Quality,Email,Medium,AGT-223,Resolved,2.0
TKT-0008824,CUS-008020,2025-03-12 00:00:00,2025-03-15 16:00:00,delivery,Email,High,AGT-301,Resolved,4.0
TKT-0008825,CUS-008708,2026-08-30 10:00:00,2026-09-01 04:00:00,Promotion,Store,Medium,AGT-227,Resolved,5.0
TKT-0008826,CUS-000840,2026-07-09 07:00:00,2026-07-10 02:00:00,Product Quality,Email,Low,AGT-198,Resolved,4.0
TKT-0008827,CUS-008160,2023-08-30 08:00:00,2023-09-02 22:00:00,Delivery,Social,Medium,AGT-169,Closed,
TKT-0008828,CUS-002060,2023-01-14 13:00:00,,Returns,Social,Medium,AGT-025,Open,
TKT-0008829,CUS-006058,2022-02-04 19:00:00,2022-02-05 23:00:00,Returns,Social,Medium,AGT-037,Resolved,5.0
TKT-0008830,CUS-009110,2023-01-26 02:00:00,2023-01-28 10:00:00,Technical,Email,Low,AGT-286,Resolved,3.0
TKT-0008831,CUS-000663,2021-04-21 13:00:00,2021-04-21 20:00:00,Delivery,Email,Low,AGT-198,Resolved,
TKT-0008832,CUS-000706,2023-10-26 15:00:00,2023-10-29 09:00:00,Delivery,Email,Medium,AGT-082,Resolved,3.0
TKT-0008833,CUS-004170,2020-09-07 13:00:00,2020-09-08 14:00:00,Delivery,Phone,Low,AGT-224,Resolved,3.0
TKT-0008834,CUS-003230,2020-07-23 11:00:00,2020-07-25 10:00:00,Product Quality,Phone,Medium,AGT-196,Closed,
TKT-0008835,CUS-011810,2020-11-26 19:00:00,,Delivery,Phone,Medium,AGT-097,Open,
TKT-0008836,CUS-001640,2024-05-11 15:00:00,2024-05-14 09:00:00,Product Quality,Social,Medium,AGT-002,Resolved,
TKT-0008837,CUS-007670,2025-06-11 09:00:00,2025-06-15 09:00:00,Returns,Email,Medium,AGT-197,Resolved,
TKT-0008838,CUS-008325,2024-02-07 17:00:00,2024-02-11 20:00:00,Promotion,Email,Low,AGT-042,Resolved,
TKT-0008839,CUS-010569,2021-01-14 02:00:00,2021-01-16 17:00:00,Product Quality,Phone,Medium,AGT-300,Resolved,5.0
TKT-0008840,CUS-000645,2025-03-06 07:00:00,2025-03-09 16:00:00,Account,Phone,High,AGT-349,Resolved,3.0
TKT-0008841,CUS-011735,2024-11-08 06:00:00,2024-11-13 01:00:00,Payment,Email,Medium,AGT-273,Closed,4.0
TKT-0008842,CUS-010715,2024-08-14 01:00:00,2024-08-14 14:00:00,Technical,Phone,Medium,AGT-057,Resolved,5.0
TKT-0008843,CUS-009533,2023-02-24 22:00:00,2023-02-25 02:00:00,Promotion,Chat,Medium,AGT-077,Resolved,4.0
TKT-0008844,CUS-009184,2022-09-17 23:00:00,2022-09-20 02:00:00,Promotion,Social,Medium,AGT-165,Resolved,
TKT-0008845,CUS-008993,2024-06-22 20:00:00,2024-06-26 19:00:00,Product Quality,Chat,Low,AGT-112,Resolved,3.0
TKT-0008846,CUS-002762,2020-08-14 23:00:00,,Account,Email,Medium,AGT-131,Open,
TKT-0008847,CUS-010705,2022-02-11 18:00:00,2022-02-14 10:00:00,Returns,Email,Low,AGT-056,Resolved,5.0
TKT-0008848,CUS-010778,2021-12-02 17:00:00,2021-12-04 13:00:00,Account,Store,High,AGT-103,Resolved,
TKT-0008849,CUS-007314,2022-03-13 12:00:00,2022-03-17 23:00:00,Account,Email,Medium,AGT-267,Closed,2.0
TKT-0008850,CUS-009550,2022-12-01 23:00:00,2022-12-05 01:00:00,Technical,Chat,Medium,AGT-078,Closed,
TKT-0008851,CUS-000325,2023-09-12 15:00:00,2023-09-17 11:00:00,Delivery,Chat,Low,AGT-015,Resolved,3.0
TKT-0008852,CUS-000145,2023-06-11 14:00:00,2023-06-15 23:00:00,Product Quality,Email,Low,AGT-042,Resolved,
TKT-0008853,CUS-004108,2021-12-27 21:00:00,2021-12-31 15:00:00,Returns,Chat,Low,AGT-247,Closed,3.0
TKT-0008854,CUS-006385,2022-09-11 04:00:00,2022-09-14 17:00:00,Returns,Phone,Medium,AGT-143,Closed,1.0
TKT-0008855,CUS-010442,2024-10-29 03:00:00,2024-10-29 21:00:00,Returns,Store,Low,AGT-096,Closed,
TKT-0008856,CUS-003885,2021-05-02 13:00:00,2021-05-04 19:00:00,Account,Social,Medium,AGT-039,Resolved,
TKT-0008857,CUS-002318,2022-12-28 06:00:00,2022-12-29 05:00:00,Account,Phone,Medium,AGT-093,Resolved,
TKT-0008858,CUS-005498,2023-04-20 09:00:00,2023-04-23 23:00:00,Payment,Chat,Low,AGT-118,Resolved,5.0
TKT-0008859,CUS-011658,2021-07-04 09:00:00,2021-07-07 13:00:00,Delivery,Chat,Low,AGT-013,Resolved,5.0
TKT-0008860,CUS-009032,2021-12-17 00:00:00,2021-12-21 22:00:00,Delivery,Phone,Medium,AGT-228,Closed,1.0
TKT-0008861,CUS-011877,2020-01-22 12:00:00,2020-01-26 08:00:00,Technical,Store,High,AGT-221,Resolved,5.0
TKT-0008862,CUS-008585,2022-01-13 17:00:00,2022-01-16 06:00:00,Technical,Email,Low,AGT-069,Resolved,5.0
TKT-0008863,CUS-002419,2026-08-20 07:00:00,2026-08-21 11:00:00,Product Quality,Store,Medium,AGT-122,Resolved,
TKT-0008864,CUS-009663,2021-05-27 14:00:00,2021-05-31 19:00:00,Product Quality,Phone,High,AGT-200,Resolved,2.0
TKT-0008865,CUS-007590,2020-08-04 13:00:00,2020-08-09 06:00:00,Delivery,Phone,Medium,AGT-041,Resolved,5.0
TKT-0008866,CUS-010587,2026-05-15 01:00:00,2026-05-15 12:00:00,Product Quality,Email,Low,AGT-294,Resolved,
TKT-0008867,CUS-004126,2021-06-05 01:00:00,2021-06-07 11:00:00,Promotion,Chat,Low,AGT-320,Closed,3.0
TKT-0008868,CUS-007464,2020-09-04 18:00:00,2020-09-08 16:00:00,Delivery,Social,Medium,AGT-286,Resolved,4.0
TKT-0008869,CUS-005797,2021-01-11 00:00:00,2021-01-13 04:00:00,Returns,Email,Low,AGT-322,Resolved,5.0
TKT-0008870,CUS-001412,2025-11-20 21:00:00,2025-11-23 07:00:00,Returns,Social,Medium,AGT-304,Closed,4.0
TKT-0008871,CUS-007650,2025-03-18 23:00:00,2025-03-19 11:00:00,Product Quality,Phone,High,AGT-205,Resolved,5.0
TKT-0008872,CUS-001551,2020-08-22 08:00:00,2020-08-26 15:00:00,Account,Email,Low,AGT-324,Resolved,
TKT-0008873,CUS-008263,2025-06-23 13:00:00,2025-06-24 02:00:00,Product Quality,Phone,Medium,AGT-055,Resolved,
TKT-0008874,CUS-000893,2020-10-12 18:00:00,2020-10-17 10:00:00,Delivery,Email,High,AGT-309,Resolved,5.0
TKT-0008875,CUS-007045,2022-08-22 08:00:00,2022-08-23 04:00:00,Product Quality,Store,Medium,AGT-139,Resolved,4.0
TKT-0008876,CUS-005198,2020-09-18 23:00:00,2020-09-20 15:00:00,Account,Chat,Medium,AGT-248,Resolved,4.0
TKT-0008877,CUS-006811,2022-04-29 21:00:00,2022-05-03 04:00:00,Product Quality,Social,High,AGT-239,Resolved,
TKT-0008878,CUS-011779,2024-03-02 06:00:00,2024-03-05 15:00:00,Returns,Social,Low,AGT-153,Resolved,
TKT-0008879,CUS-006670,2023-03-24 15:00:00,,Account,Store,Medium,AGT-122,Open,
TKT-0008880,CUS-000694,2025-10-12 01:00:00,,Returns,Social,Medium,AGT-105,Open,
TKT-0008881,CUS-003012,2022-09-23 03:00:00,2022-09-25 09:00:00,Promotion,Phone,Low,AGT-190,Resolved,2.0
TKT-0008882,CUS-007816,2026-02-13 04:00:00,2026-02-14 06:00:00,Product Quality,Phone,Medium,AGT-254,Resolved,
TKT-0008883,CUS-004000,2026-06-14 07:00:00,2026-06-14 16:00:00,Returns,Phone,Medium,AGT-099,Resolved,4.0
TKT-0008884,CUS-001864,2024-01-27 00:00:00,,Returns,Store,High,AGT-147,Open,
TKT-0008885,CUS-009527,2020-10-15 01:00:00,,Product Quality,Chat,Medium,AGT-140,Open,
TKT-0008886,CUS-010654,2026-01-18 07:00:00,2026-01-19 21:00:00,Returns,Email,Medium,AGT-157,Closed,
TKT-0008887,CUS-007174,2020-08-23 03:00:00,2020-08-23 22:00:00,Returns,Store,Medium,AGT-270,Resolved,
TKT-0008888,CUS-006248,2021-11-29 22:00:00,,Technical,Store,Medium,AGT-316,Open,
TKT-0008889,CUS-002587,2022-01-26 23:00:00,2022-01-28 12:00:00,Payment,Email,Low,AGT-308,Closed,5.0
TKT-0008890,CUS-000090,2025-04-03 00:00:00,2025-04-03 14:00:00,Returns,Chat,Medium,AGT-190,Resolved,
TKT-0008891,CUS-008314,2025-10-24 10:00:00,2025-10-25 17:00:00,Delivery,Phone,High,AGT-057,Resolved,5.0
TKT-0008892,CUS-002039,2020-12-08 06:00:00,2020-12-12 18:00:00,Returns,Phone,Medium,AGT-329,Resolved,
TKT-0008893,CUS-004791,2022-05-14 20:00:00,2022-05-18 21:00:00,Delivery,Social,Low,AGT-022,Resolved,
TKT-0008894,CUS-004003,2023-04-30 05:00:00,2023-04-30 09:00:00,Payment,Phone,Low,AGT-146,Resolved,3.0
TKT-0008895,CUS-010860,2024-05-28 22:00:00,2024-06-02 17:00:00,Delivery,Phone,Low,AGT-316,Resolved,3.0
TKT-0008896,CUS-006482,2026-08-05 12:00:00,2026-08-08 17:00:00,Payment,Phone,Low,AGT-062,Resolved,5.0
TKT-0008897,CUS-008470,2021-12-07 22:00:00,2021-12-09 19:00:00,Account,Chat,Medium,AGT-330,Resolved,4.0
TKT-0008898,CUS-002585,2025-01-29 00:00:00,2025-01-30 02:00:00,Promotion,Phone,Low,AGT-295,Closed,
TKT-0008899,CUS-000025,2026-08-01 21:00:00,2026-08-02 10:00:00,Payment,Chat,Low,AGT-119,Resolved,
TKT-0008900,CUS-009798,2024-07-09 12:00:00,2024-07-11 03:00:00,Delivery,Social,Medium,AGT-225,Resolved,
TKT-0008901,CUS-003783,2023-12-21 07:00:00,2023-12-22 14:00:00,Returns,Store,High,AGT-277,Resolved,
TKT-0008902,CUS-011894,2025-08-12 09:00:00,2025-08-13 10:00:00,Payment,Store,Low,AGT-283,Resolved,4.0
TKT-0008903,CUS-011639,2021-01-28 08:00:00,2021-01-29 02:00:00,Technical,Store,Medium,AGT-222,Resolved,5.0
TKT-0008904,CUS-006481,2023-12-26 15:00:00,2023-12-30 20:00:00,Returns,Store,Medium,AGT-132,Resolved,
TKT-0008905,CUS-001385,2021-03-03 19:00:00,,Product Quality,Chat,Medium,AGT-115,Open,
TKT-0008906,CUS-004126,2020-01-31 12:00:00,2020-02-02 07:00:00,Payment,Phone,Low,AGT-309,Resolved,3.0
TKT-0008907,CUS-005549,2021-01-09 09:00:00,,Payment,Phone,Medium,AGT-285,Open,
TKT-0008908,CUS-007172,2021-03-13 17:00:00,2021-03-17 22:00:00,Returns,Email,Medium,AGT-069,Resolved,4.0
TKT-0008909,CUS-007819,2026-07-21 00:00:00,2026-07-24 00:00:00,Product Quality,Chat,Low,AGT-032,Resolved,
TKT-0008910,CUS-004772,2022-06-27 01:00:00,2022-06-27 06:00:00,Returns,Email,Low,AGT-021,Resolved,
TKT-0008911,CUS-007523,2020-01-18 21:00:00,2020-01-22 17:00:00,Account,Store,Medium,AGT-185,Resolved,
TKT-0008912,CUS-001275,2021-07-22 19:00:00,,Payment,Phone,Medium,AGT-035,Open,
TKT-0008913,CUS-006388,2022-07-10 21:00:00,,Product Quality,Chat,Medium,AGT-077,Open,
TKT-0008914,CUS-010323,2025-03-06 16:00:00,2025-03-08 18:00:00,Delivery,Email,Medium,AGT-296,Resolved,4.0
TKT-0008915,CUS-004552,2026-06-08 13:00:00,2026-06-09 20:00:00,Payment,Email,Medium,AGT-053,Closed,2.0
TKT-0008916,CUS-002809,2026-02-07 10:00:00,2026-02-08 22:00:00,Returns,Store,Low,AGT-092,Resolved,
TKT-0008917,CUS-003275,2020-01-31 12:00:00,2020-02-05 03:00:00,Payment,Email,Low,AGT-187,Resolved,
TKT-0008918,CUS-001012,2023-01-19 17:00:00,2023-01-24 11:00:00,Payment,Email,Low,AGT-127,Closed,2.0
TKT-0008919,CUS-010297,2023-01-07 01:00:00,,Account,Email,High,AGT-341,Open,
TKT-0008920,CUS-001590,2020-01-06 14:00:00,2020-01-06 23:00:00,Product Quality,Social,High,AGT-151,Resolved,5.0
TKT-0008921,CUS-002719,2022-07-14 07:00:00,2022-07-15 18:00:00,Promotion,Chat,Low,AGT-159,Resolved,5.0
TKT-0008922,CUS-001276,2025-10-04 23:00:00,2025-10-07 02:00:00,Delivery,Social,High,AGT-208,Closed,5.0
TKT-0008923,CUS-000061,2020-07-31 03:00:00,,Technical,Phone,High,AGT-128,Open,
TKT-0008924,CUS-011783,2020-07-07 15:00:00,2020-07-08 05:00:00,Delivery,Chat,Medium,AGT-232,Resolved,
TKT-0008925,CUS-005542,2021-01-26 13:00:00,2021-01-30 06:00:00,Product Quality,Store,Low,AGT-180,Closed,5.0
TKT-0008926,CUS-005066,2021-03-30 00:00:00,2021-04-01 08:00:00,Returns,Store,High,AGT-001,Closed,
TKT-0008927,CUS-009756,2025-01-30 05:00:00,2025-02-01 13:00:00,Returns,Chat,High,AGT-191,Resolved,
TKT-0008928,CUS-002177,2022-06-20 16:00:00,2022-06-23 04:00:00,Delivery,Phone,High,AGT-154,Closed,
TKT-0008929,CUS-002780,2022-03-02 14:00:00,2022-03-05 06:00:00,Technical,Email,Medium,AGT-157,Resolved,5.0
TKT-0008930,CUS-001360,2021-09-01 18:00:00,2021-09-03 05:00:00,Delivery,Social,Low,AGT-347,Resolved,4.0
TKT-0008931,CUS-004075,2022-04-11 20:00:00,2022-04-15 02:00:00,Account,Email,Medium,AGT-082,Resolved,1.0
TKT-0008932,CUS-011295,2024-01-15 10:00:00,2024-01-16 16:00:00,Delivery,Phone,Low,AGT-261,Resolved,5.0
TKT-0008933,CUS-006205,2025-03-21 03:00:00,2025-03-25 22:00:00,Delivery,Phone,Medium,AGT-211,Closed,3.0
TKT-0008934,CUS-000312,2021-10-26 06:00:00,2021-10-27 03:00:00,Product Quality,Phone,Medium,AGT-118,Resolved,5.0
TKT-0008935,CUS-011166,2021-12-08 21:00:00,2021-12-09 23:00:00,Promotion,Social,Low,AGT-252,Closed,4.0
TKT-0008936,CUS-007704,2023-07-29 16:00:00,2023-07-30 19:00:00,Delivery,Chat,Medium,AGT-237,Resolved,
TKT-0008937,CUS-001249,2025-08-24 23:00:00,2025-08-25 11:00:00,Account,Email,Medium,AGT-022,Resolved,4.0
TKT-0008938,CUS-009398,2024-12-25 18:00:00,2024-12-30 03:00:00,Product Quality,Social,Medium,AGT-233,Resolved,
TKT-0008939,CUS-002472,2020-04-30 02:00:00,2020-05-04 20:00:00,Technical,Social,Low,AGT-182,Closed,5.0
TKT-0008940,CUS-010760,2020-11-08 11:00:00,2020-11-11 10:00:00,Payment,Store,Medium,AGT-158,Closed,
TKT-0008941,CUS-005025,2024-04-24 20:00:00,2024-04-24 21:00:00,Product Quality,Store,Low,AGT-005,Resolved,
TKT-0008942,CUS-009395,2026-04-01 11:00:00,2026-04-02 21:00:00,Returns,Phone,Low,AGT-082,Resolved,5.0
TKT-0008943,CUS-003058,2021-08-07 03:00:00,2021-08-08 08:00:00,Returns,Phone,Low,AGT-243,Resolved,2.0
TKT-0008944,CUS-010779,2020-01-31 10:00:00,2020-02-05 08:00:00,Technical,Chat,Medium,AGT-222,Resolved,5.0
TKT-0008945,CUS-003925,2021-04-15 09:00:00,2021-04-16 10:00:00,promotion,Social,Low,AGT-047,Resolved,
TKT-0008946,CUS-000175,2020-10-13 20:00:00,2020-10-14 13:00:00,Returns,Email,Low,AGT-169,Resolved,
TKT-0008947,CUS-001848,2023-01-21 04:00:00,2023-01-21 11:00:00,Payment,Store,Medium,AGT-265,Resolved,
TKT-0008948,CUS-000674,2024-02-26 12:00:00,2024-03-01 06:00:00,Delivery,Email,Low,AGT-044,Closed,2.0
TKT-0008949,CUS-010302,2026-01-27 11:00:00,2026-01-31 19:00:00,Delivery,Email,Medium,AGT-245,Resolved,5.0
TKT-0008950,CUS-004619,2021-01-21 06:00:00,2021-01-21 23:00:00,Promotion,Chat,Low,AGT-244,Resolved,5.0
TKT-0008951,CUS-005602,2025-07-26 11:00:00,2025-07-26 22:00:00,Returns,Chat,Medium,AGT-284,Resolved,
TKT-0008952,CUS-007848,2020-05-28 16:00:00,2020-05-30 09:00:00,Product Quality,Phone,Low,AGT-071,Resolved,
TKT-0008953,CUS-010039,2023-03-20 00:00:00,2023-03-21 05:00:00,Returns,Email,Medium,AGT-076,Resolved,
TKT-0008954,CUS-007567,2025-04-03 23:00:00,2025-04-05 20:00:00,Product Quality,Email,Low,AGT-142,Resolved,4.0
TKT-0008955,CUS-011268,2023-05-04 13:00:00,2023-05-06 10:00:00,Delivery,Social,Medium,AGT-177,Resolved,
TKT-0008956,CUS-002917,2020-10-29 14:00:00,2020-11-01 14:00:00,Delivery,Social,Low,AGT-344,Resolved,2.0
TKT-0008957,CUS-000358,2020-04-21 01:00:00,2020-04-24 09:00:00,Technical,Chat,Low,AGT-017,Resolved,3.0
TKT-0008958,CUS-008191,2021-07-24 22:00:00,2021-07-26 02:00:00,Payment,Store,Medium,AGT-316,Closed,
TKT-0008959,CUS-001592,2021-09-30 11:00:00,2021-10-01 04:00:00,Delivery,Store,Medium,AGT-344,Resolved,
TKT-0008960,CUS-002895,2024-04-24 14:00:00,2024-04-26 11:00:00,Delivery,Store,Low,AGT-288,Resolved,
TKT-0008961,CUS-007938,2024-09-07 19:00:00,2024-09-11 09:00:00,Returns,Email,Medium,AGT-123,Resolved,
TKT-0008962,CUS-004872,2023-06-24 08:00:00,2023-06-28 01:00:00,Delivery,Social,High,AGT-213,Resolved,3.0
TKT-0008963,CUS-001893,2020-04-29 13:00:00,2020-04-30 00:00:00,Returns,Phone,High,AGT-088,Resolved,
TKT-0008964,CUS-004900,2025-10-17 01:00:00,,Delivery,Store,Low,AGT-117,Open,
TKT-0008965,CUS-008193,2026-07-25 15:00:00,2026-07-30 14:00:00,Delivery,Phone,Critical,AGT-033,Closed,1.0
TKT-0008966,CUS-005026,2023-01-18 13:00:00,2023-01-23 03:00:00,Returns,Social,Critical,AGT-176,Closed,
TKT-0008967,CUS-003419,2021-05-16 01:00:00,2021-05-19 04:00:00,Delivery,Chat,High,AGT-084,Closed,5.0
TKT-0008968,CUS-006704,2021-02-27 08:00:00,2021-02-28 18:00:00,Delivery,Store,Medium,AGT-242,Resolved,5.0
TKT-0008969,CUS-006610,2023-12-25 14:00:00,2023-12-27 13:00:00,Payment,Social,Low,AGT-293,Closed,4.0
TKT-0008970,CUS-010734,2022-04-30 10:00:00,2022-05-02 18:00:00,Payment,Chat,High,AGT-123,Closed,2.0
TKT-0008971,CUS-005868,2023-11-07 08:00:00,2023-11-11 18:00:00,Promotion,Email,High,AGT-222,Resolved,
TKT-0008972,CUS-004907,2020-05-17 12:00:00,2020-05-20 18:00:00,Account,Chat,Medium,AGT-068,Resolved,
TKT-0008973,CUS-001707,2021-05-22 01:00:00,2021-05-23 18:00:00,Technical,Email,High,AGT-121,Resolved,
TKT-0008974,CUS-007294,2024-06-07 13:00:00,2024-06-08 21:00:00,Product Quality,Store,Critical,AGT-186,Closed,
TKT-0008975,CUS-004934,2025-03-06 01:00:00,2025-03-08 12:00:00,Delivery,Social,Low,AGT-001,Resolved,
TKT-0008976,CUS-002970,2025-03-28 02:00:00,2025-03-31 09:00:00,Promotion,Store,Medium,AGT-095,Resolved,4.0
TKT-0008977,CUS-007222,2023-05-21 03:00:00,2023-05-24 20:00:00,Returns,Email,Medium,AGT-074,Resolved,4.0
TKT-0008978,CUS-011980,2023-08-13 03:00:00,,Delivery,Chat,Low,AGT-266,Open,
TKT-0008979,CUS-010465,2021-06-22 11:00:00,2021-06-26 06:00:00,Product Quality,Chat,Low,AGT-124,Resolved,
TKT-0008980,CUS-009191,2020-10-09 01:00:00,2020-10-13 18:00:00,Returns,Social,Low,AGT-114,Resolved,3.0
TKT-0008981,CUS-009867,2020-07-30 18:00:00,2020-08-04 03:00:00,Delivery,Social,Medium,AGT-187,Resolved,
TKT-0008982,CUS-008649,2020-10-23 20:00:00,2020-10-24 22:00:00,Returns,Phone,Medium,AGT-321,Resolved,
TKT-0008983,CUS-004888,2024-03-04 17:00:00,2024-03-07 05:00:00,Product Quality,Phone,Low,AGT-170,Resolved,
TKT-0008984,CUS-011334,2025-04-02 03:00:00,2025-04-02 09:00:00,Technical,Store,Medium,AGT-303,Resolved,
TKT-0008985,CUS-000089,2020-05-19 23:00:00,,Product Quality,Chat,Low,AGT-094,Open,
TKT-0008986,CUS-001823,2023-05-05 08:00:00,2023-05-06 19:00:00,Technical,Social,Medium,AGT-057,Resolved,
TKT-0008987,CUS-005425,2022-10-25 00:00:00,,Delivery,Store,High,AGT-313,Open,
TKT-0008988,CUS-011510,2026-05-13 00:00:00,2026-05-15 18:00:00,Technical,Chat,High,AGT-098,Closed,
TKT-0008989,CUS-008252,2022-03-21 11:00:00,2022-03-22 20:00:00,Returns,Chat,Low,AGT-135,Resolved,
TKT-0008990,CUS-003749,2020-12-15 18:00:00,2020-12-18 19:00:00,Product Quality,Phone,High,AGT-292,Resolved,3.0
TKT-0008991,CUS-010526,2025-04-24 23:00:00,2025-04-29 06:00:00,Delivery,Email,Low,AGT-277,Resolved,
TKT-0008992,CUS-006841,2020-01-05 10:00:00,2020-01-05 19:00:00,Promotion,Phone,High,AGT-207,Resolved,1.0
TKT-0008993,CUS-011743,2023-10-06 03:00:00,2023-10-06 22:00:00,Promotion,Store,Low,AGT-257,Resolved,5.0
TKT-0008994,CUS-001137,2020-04-05 14:00:00,2020-04-07 17:00:00,Delivery,Store,Low,AGT-045,Resolved,
TKT-0008995,CUS-001024,2020-04-28 20:00:00,2020-04-30 14:00:00,Delivery,Chat,Low,AGT-205,Resolved,4.0
TKT-0008996,CUS-005663,2023-02-08 01:00:00,2023-02-11 18:00:00,Technical,Chat,Medium,AGT-078,Closed,4.0
TKT-0008997,CUS-000818,2023-04-11 07:00:00,2023-04-15 18:00:00,Technical,Chat,Low,AGT-224,Resolved,5.0
TKT-0008998,CUS-006309,2020-08-13 20:00:00,2020-08-17 20:00:00,Returns,Store,Medium,AGT-266,Closed,
TKT-0008999,CUS-005891,2025-11-01 09:00:00,2025-11-03 16:00:00,Account,Chat,Low,AGT-094,Resolved,5.0
TKT-0009000,CUS-008319,2024-01-08 22:00:00,2024-01-13 21:00:00,Promotion,Chat,Low,AGT-238,Resolved,
